ISO-10303-21;
HEADER;
FILE_DESCRIPTION(('Open CASCADE Model'),'2;1');
FILE_NAME('Open CASCADE Shape Model','2026-09-29T09:31:41',('Author'),(
    'Open CASCADE'),'Open CASCADE STEP processor 7.8','Open CASCADE 7.8'
  ,'Unknown');
FILE_SCHEMA(('AUTOMOTIVE_DESIGN { 1 0 10303 214 1 1 1 1 }'));
ENDSEC;
DATA;
#1 = APPLICATION_PROTOCOL_DEFINITION('international standard',
  'automotive_design',2000,#2);
#2 = APPLICATION_CONTEXT(
  'core data for automotive mechanical design processes');
#3 = SHAPE_DEFINITION_REPRESENTATION(#4,#10);
#4 = PRODUCT_DEFINITION_SHAPE('','',#5);
#5 = PRODUCT_DEFINITION('design','',#6,#9);
#6 = PRODUCT_DEFINITION_FORMATION('','',#7);
#7 = PRODUCT('Open CASCADE STEP translator 7.8 13',
  'Open CASCADE STEP translator 7.8 13','',(#8));
#8 = PRODUCT_CONTEXT('',#2,'mechanical');
#9 = PRODUCT_DEFINITION_CONTEXT('part definition',#2,'design');
#10 = ADVANCED_BREP_SHAPE_REPRESENTATION('',(#11,#15),#8644);
#11 = AXIS2_PLACEMENT_3D('',#12,#13,#14);
#12 = CARTESIAN_POINT('',(0.,0.,0.));
#13 = DIRECTION('',(0.,0.,1.));
#14 = DIRECTION('',(1.,0.,-0.));
#15 = MANIFOLD_SOLID_BREP('',#16);
#16 = CLOSED_SHELL('',(#17,#152,#3078,#3147,#5578,#5603,#5630,#5657,
    #5701,#5746,#5789,#5832,#5875,#5918,#5961,#6004,#6066,#6128,#6173,
    #6218,#6263,#6308,#6351,#6394,#6418,#6445,#6472,#6499,#6526,#6553,
    #6580,#6607,#6634,#6681,#6706,#6733,#6758,#6785,#6810,#6835,#6860,
    #6885,#6910,#6935,#6942,#6989,#7016,#7043,#7050,#7076,#7103,#7129,
    #7613,#7969,#7993,#8020,#8046,#8052,#8096,#8121,#8128,#8155,#8182,
    #8209,#8256,#8283,#8310,#8317,#8344,#8371,#8398,#8425,#8452,#8479,
    #8503,#8527,#8551,#8575,#8582,#8589,#8613,#8637));
#17 = ADVANCED_FACE('',(#18),#32,.F.);
#18 = FACE_BOUND('',#19,.F.);
#19 = EDGE_LOOP('',(#20,#55,#81,#109,#134));
#20 = ORIENTED_EDGE('',*,*,#21,.F.);
#21 = EDGE_CURVE('',#22,#24,#26,.T.);
#22 = VERTEX_POINT('',#23);
#23 = CARTESIAN_POINT('',(-4.9,208.,134.38989221983));
#24 = VERTEX_POINT('',#25);
#25 = CARTESIAN_POINT('',(46.586605785827,208.,134.38989221983));
#26 = SURFACE_CURVE('',#27,(#31,#43),.PCURVE_S1.);
#27 = LINE('',#28,#29);
#28 = CARTESIAN_POINT('',(-10.,208.,134.38989221983));
#29 = VECTOR('',#30,1.);
#30 = DIRECTION('',(1.,0.,0.));
#31 = PCURVE('',#32,#37);
#32 = PLANE('',#33);
#33 = AXIS2_PLACEMENT_3D('',#34,#35,#36);
#34 = CARTESIAN_POINT('',(-10.,208.,134.38989221983));
#35 = DIRECTION('',(0.,0.,1.));
#36 = DIRECTION('',(0.,-1.,0.));
#37 = DEFINITIONAL_REPRESENTATION('',(#38),#42);
#38 = LINE('',#39,#40);
#39 = CARTESIAN_POINT('',(0.,0.));
#40 = VECTOR('',#41,1.);
#41 = DIRECTION('',(0.,1.));
#42 = ( GEOMETRIC_REPRESENTATION_CONTEXT(2) 
PARAMETRIC_REPRESENTATION_CONTEXT() REPRESENTATION_CONTEXT('2D SPACE',''
  ) );
#43 = PCURVE('',#44,#49);
#44 = PLANE('',#45);
#45 = AXIS2_PLACEMENT_3D('',#46,#47,#48);
#46 = CARTESIAN_POINT('',(-10.,208.,134.38989221983));
#47 = DIRECTION('',(0.,-1.,0.));
#48 = DIRECTION('',(1.,0.,0.));
#49 = DEFINITIONAL_REPRESENTATION('',(#50),#54);
#50 = LINE('',#51,#52);
#51 = CARTESIAN_POINT('',(0.,0.));
#52 = VECTOR('',#53,1.);
#53 = DIRECTION('',(1.,0.));
#54 = ( GEOMETRIC_REPRESENTATION_CONTEXT(2) 
PARAMETRIC_REPRESENTATION_CONTEXT() REPRESENTATION_CONTEXT('2D SPACE',''
  ) );
#55 = ORIENTED_EDGE('',*,*,#56,.F.);
#56 = EDGE_CURVE('',#57,#22,#59,.T.);
#57 = VERTEX_POINT('',#58);
#58 = CARTESIAN_POINT('',(-4.9,203.,134.38989221983));
#59 = SURFACE_CURVE('',#60,(#64,#70),.PCURVE_S1.);
#60 = LINE('',#61,#62);
#61 = CARTESIAN_POINT('',(-4.9,94.,134.38989221983));
#62 = VECTOR('',#63,1.);
#63 = DIRECTION('',(-0.,1.,0.));
#64 = PCURVE('',#32,#65);
#65 = DEFINITIONAL_REPRESENTATION('',(#66),#69);
#66 = B_SPLINE_CURVE_WITH_KNOTS('',1,(#67,#68),.UNSPECIFIED.,.F.,.F.,(2,
    2),(109.,114.),.PIECEWISE_BEZIER_KNOTS.);
#67 = CARTESIAN_POINT('',(5.,5.1));
#68 = CARTESIAN_POINT('',(0.,5.1));
#69 = ( GEOMETRIC_REPRESENTATION_CONTEXT(2) 
PARAMETRIC_REPRESENTATION_CONTEXT() REPRESENTATION_CONTEXT('2D SPACE',''
  ) );
#70 = PCURVE('',#71,#76);
#71 = PLANE('',#72);
#72 = AXIS2_PLACEMENT_3D('',#73,#74,#75);
#73 = CARTESIAN_POINT('',(-4.9,-20.,129.38989221983));
#74 = DIRECTION('',(1.,0.,-0.));
#75 = DIRECTION('',(0.,0.,1.));
#76 = DEFINITIONAL_REPRESENTATION('',(#77),#80);
#77 = B_SPLINE_CURVE_WITH_KNOTS('',1,(#78,#79),.UNSPECIFIED.,.F.,.F.,(2,
    2),(109.,114.),.PIECEWISE_BEZIER_KNOTS.);
#78 = CARTESIAN_POINT('',(5.,-223.));
#79 = CARTESIAN_POINT('',(5.,-228.));
#80 = ( GEOMETRIC_REPRESENTATION_CONTEXT(2) 
PARAMETRIC_REPRESENTATION_CONTEXT() REPRESENTATION_CONTEXT('2D SPACE',''
  ) );
#81 = ORIENTED_EDGE('',*,*,#82,.T.);
#82 = EDGE_CURVE('',#57,#83,#85,.T.);
#83 = VERTEX_POINT('',#84);
#84 = CARTESIAN_POINT('',(46.586605785827,203.,134.38989221983));
#85 = SURFACE_CURVE('',#86,(#90,#97),.PCURVE_S1.);
#86 = LINE('',#87,#88);
#87 = CARTESIAN_POINT('',(-10.,203.,134.38989221983));
#88 = VECTOR('',#89,1.);
#89 = DIRECTION('',(1.,0.,0.));
#90 = PCURVE('',#32,#91);
#91 = DEFINITIONAL_REPRESENTATION('',(#92),#96);
#92 = LINE('',#93,#94);
#93 = CARTESIAN_POINT('',(5.,0.));
#94 = VECTOR('',#95,1.);
#95 = DIRECTION('',(0.,1.));
#96 = ( GEOMETRIC_REPRESENTATION_CONTEXT(2) 
PARAMETRIC_REPRESENTATION_CONTEXT() REPRESENTATION_CONTEXT('2D SPACE',''
  ) );
#97 = PCURVE('',#98,#103);
#98 = PLANE('',#99);
#99 = AXIS2_PLACEMENT_3D('',#100,#101,#102);
#100 = CARTESIAN_POINT('',(-10.,203.,134.38989221983));
#101 = DIRECTION('',(0.,-1.,0.));
#102 = DIRECTION('',(1.,0.,0.));
#103 = DEFINITIONAL_REPRESENTATION('',(#104),#108);
#104 = LINE('',#105,#106);
#105 = CARTESIAN_POINT('',(0.,0.));
#106 = VECTOR('',#107,1.);
#107 = DIRECTION('',(1.,0.));
#108 = ( GEOMETRIC_REPRESENTATION_CONTEXT(2) 
PARAMETRIC_REPRESENTATION_CONTEXT() REPRESENTATION_CONTEXT('2D SPACE',''
  ) );
#109 = ORIENTED_EDGE('',*,*,#110,.T.);
#110 = EDGE_CURVE('',#83,#111,#113,.T.);
#111 = VERTEX_POINT('',#112);
#112 = CARTESIAN_POINT('',(46.586605785827,206.43011325446,
    134.38989221983));
#113 = SURFACE_CURVE('',#114,(#117,#123),.PCURVE_S1.);
#114 = B_SPLINE_CURVE_WITH_KNOTS('',1,(#115,#116),.UNSPECIFIED.,.F.,.F.,
  (2,2),(0.,45.),.PIECEWISE_BEZIER_KNOTS.);
#115 = CARTESIAN_POINT('',(46.586605785827,168.43011325446,
    134.38989221983));
#116 = CARTESIAN_POINT('',(46.586605785827,213.43011325446,
    134.38989221983));
#117 = PCURVE('',#32,#118);
#118 = DEFINITIONAL_REPRESENTATION('',(#119),#122);
#119 = B_SPLINE_CURVE_WITH_KNOTS('',1,(#120,#121),.UNSPECIFIED.,.F.,.F.,
  (2,2),(0.,45.),.PIECEWISE_BEZIER_KNOTS.);
#120 = CARTESIAN_POINT('',(39.569886745531,56.586605785827));
#121 = CARTESIAN_POINT('',(-5.430113254469,56.586605785827));
#122 = ( GEOMETRIC_REPRESENTATION_CONTEXT(2) 
PARAMETRIC_REPRESENTATION_CONTEXT() REPRESENTATION_CONTEXT('2D SPACE',''
  ) );
#123 = PCURVE('',#124,#129);
#124 = B_SPLINE_SURFACE_WITH_KNOTS('',1,1,(
    (#125,#126)
    ,(#127,#128
    )),.UNSPECIFIED.,.F.,.F.,.F.,(2,2),(2,2),(0.,5.),(-45.,0.),
  .PIECEWISE_BEZIER_KNOTS.);
#125 = CARTESIAN_POINT('',(46.586605785827,213.43011325446,
    134.38989221983));
#126 = CARTESIAN_POINT('',(46.586605785827,168.43011325446,
    134.38989221983));
#127 = CARTESIAN_POINT('',(46.586605785827,213.43011325446,
    139.38989221983));
#128 = CARTESIAN_POINT('',(46.586605785827,168.43011325446,
    139.38989221983));
#129 = DEFINITIONAL_REPRESENTATION('',(#130),#133);
#130 = B_SPLINE_CURVE_WITH_KNOTS('',1,(#131,#132),.UNSPECIFIED.,.F.,.F.,
  (2,2),(0.,45.),.PIECEWISE_BEZIER_KNOTS.);
#131 = CARTESIAN_POINT('',(0.,0.));
#132 = CARTESIAN_POINT('',(0.,-45.));
#133 = ( GEOMETRIC_REPRESENTATION_CONTEXT(2) 
PARAMETRIC_REPRESENTATION_CONTEXT() REPRESENTATION_CONTEXT('2D SPACE',''
  ) );
#134 = ORIENTED_EDGE('',*,*,#135,.T.);
#135 = EDGE_CURVE('',#111,#24,#136,.T.);
#136 = SURFACE_CURVE('',#137,(#140,#146),.PCURVE_S1.);
#137 = B_SPLINE_CURVE_WITH_KNOTS('',1,(#138,#139),.UNSPECIFIED.,.F.,.F.,
  (2,2),(0.,45.),.PIECEWISE_BEZIER_KNOTS.);
#138 = CARTESIAN_POINT('',(46.586605785827,168.43011325446,
    134.38989221983));
#139 = CARTESIAN_POINT('',(46.586605785827,213.43011325446,
    134.38989221983));
#140 = PCURVE('',#32,#141);
#141 = DEFINITIONAL_REPRESENTATION('',(#142),#145);
#142 = B_SPLINE_CURVE_WITH_KNOTS('',1,(#143,#144),.UNSPECIFIED.,.F.,.F.,
  (2,2),(0.,45.),.PIECEWISE_BEZIER_KNOTS.);
#143 = CARTESIAN_POINT('',(39.569886745531,56.586605785827));
#144 = CARTESIAN_POINT('',(-5.430113254469,56.586605785827));
#145 = ( GEOMETRIC_REPRESENTATION_CONTEXT(2) 
PARAMETRIC_REPRESENTATION_CONTEXT() REPRESENTATION_CONTEXT('2D SPACE',''
  ) );
#146 = PCURVE('',#124,#147);
#147 = DEFINITIONAL_REPRESENTATION('',(#148),#151);
#148 = B_SPLINE_CURVE_WITH_KNOTS('',1,(#149,#150),.UNSPECIFIED.,.F.,.F.,
  (2,2),(0.,45.),.PIECEWISE_BEZIER_KNOTS.);
#149 = CARTESIAN_POINT('',(0.,0.));
#150 = CARTESIAN_POINT('',(0.,-45.));
#151 = ( GEOMETRIC_REPRESENTATION_CONTEXT(2) 
PARAMETRIC_REPRESENTATION_CONTEXT() REPRESENTATION_CONTEXT('2D SPACE',''
  ) );
#152 = ADVANCED_FACE('',(#153,#685,#720,#755,#790,#825,#860,#895,#930,
    #965,#1307,#1427,#1485,#1520,#1578,#2542,#2643,#2678,#2713,#2748,
    #2868,#2903,#2938,#2973,#3008,#3043),#44,.F.);
#153 = FACE_BOUND('',#154,.F.);
#154 = EDGE_LOOP('',(#155,#185,#204,#205,#225,#250,#275,#300,#325,#353,
    #378,#403,#428,#453,#478,#506,#531,#556,#581,#606,#631,#659));
#155 = ORIENTED_EDGE('',*,*,#156,.F.);
#156 = EDGE_CURVE('',#157,#159,#161,.T.);
#157 = VERTEX_POINT('',#158);
#158 = CARTESIAN_POINT('',(-4.9,208.,254.38989221983));
#159 = VERTEX_POINT('',#160);
#160 = CARTESIAN_POINT('',(290.,208.,254.38989221983));
#161 = SURFACE_CURVE('',#162,(#166,#173),.PCURVE_S1.);
#162 = LINE('',#163,#164);
#163 = CARTESIAN_POINT('',(-10.,208.,254.38989221983));
#164 = VECTOR('',#165,1.);
#165 = DIRECTION('',(1.,0.,0.));
#166 = PCURVE('',#44,#167);
#167 = DEFINITIONAL_REPRESENTATION('',(#168),#172);
#168 = LINE('',#169,#170);
#169 = CARTESIAN_POINT('',(0.,120.));
#170 = VECTOR('',#171,1.);
#171 = DIRECTION('',(1.,0.));
#172 = ( GEOMETRIC_REPRESENTATION_CONTEXT(2) 
PARAMETRIC_REPRESENTATION_CONTEXT() REPRESENTATION_CONTEXT('2D SPACE',''
  ) );
#173 = PCURVE('',#174,#179);
#174 = PLANE('',#175);
#175 = AXIS2_PLACEMENT_3D('',#176,#177,#178);
#176 = CARTESIAN_POINT('',(-10.,208.,254.38989221983));
#177 = DIRECTION('',(0.,0.,1.));
#178 = DIRECTION('',(0.,-1.,0.));
#179 = DEFINITIONAL_REPRESENTATION('',(#180),#184);
#180 = LINE('',#181,#182);
#181 = CARTESIAN_POINT('',(0.,0.));
#182 = VECTOR('',#183,1.);
#183 = DIRECTION('',(0.,1.));
#184 = ( GEOMETRIC_REPRESENTATION_CONTEXT(2) 
PARAMETRIC_REPRESENTATION_CONTEXT() REPRESENTATION_CONTEXT('2D SPACE',''
  ) );
#185 = ORIENTED_EDGE('',*,*,#186,.F.);
#186 = EDGE_CURVE('',#22,#157,#187,.T.);
#187 = SURFACE_CURVE('',#188,(#192,#198),.PCURVE_S1.);
#188 = LINE('',#189,#190);
#189 = CARTESIAN_POINT('',(-4.9,208.,131.88989221983));
#190 = VECTOR('',#191,1.);
#191 = DIRECTION('',(0.,0.,1.));
#192 = PCURVE('',#44,#193);
#193 = DEFINITIONAL_REPRESENTATION('',(#194),#197);
#194 = B_SPLINE_CURVE_WITH_KNOTS('',1,(#195,#196),.UNSPECIFIED.,.F.,.F.,
  (2,2),(2.5,122.5),.PIECEWISE_BEZIER_KNOTS.);
#195 = CARTESIAN_POINT('',(5.1,0.));
#196 = CARTESIAN_POINT('',(5.1,120.));
#197 = ( GEOMETRIC_REPRESENTATION_CONTEXT(2) 
PARAMETRIC_REPRESENTATION_CONTEXT() REPRESENTATION_CONTEXT('2D SPACE',''
  ) );
#198 = PCURVE('',#71,#199);
#199 = DEFINITIONAL_REPRESENTATION('',(#200),#203);
#200 = B_SPLINE_CURVE_WITH_KNOTS('',1,(#201,#202),.UNSPECIFIED.,.F.,.F.,
  (2,2),(2.5,122.5),.PIECEWISE_BEZIER_KNOTS.);
#201 = CARTESIAN_POINT('',(5.,-228.));
#202 = CARTESIAN_POINT('',(125.,-228.));
#203 = ( GEOMETRIC_REPRESENTATION_CONTEXT(2) 
PARAMETRIC_REPRESENTATION_CONTEXT() REPRESENTATION_CONTEXT('2D SPACE',''
  ) );
#204 = ORIENTED_EDGE('',*,*,#21,.T.);
#205 = ORIENTED_EDGE('',*,*,#206,.F.);
#206 = EDGE_CURVE('',#207,#24,#209,.T.);
#207 = VERTEX_POINT('',#208);
#208 = CARTESIAN_POINT('',(46.586605785827,208.,139.38989221983));
#209 = SURFACE_CURVE('',#210,(#213,#219),.PCURVE_S1.);
#210 = B_SPLINE_CURVE_WITH_KNOTS('',1,(#211,#212),.UNSPECIFIED.,.F.,.F.,
  (2,2),(0.,1.),.PIECEWISE_BEZIER_KNOTS.);
#211 = CARTESIAN_POINT('',(46.586605785827,208.,139.38989221983));
#212 = CARTESIAN_POINT('',(46.586605785827,208.,134.38989221983));
#213 = PCURVE('',#44,#214);
#214 = DEFINITIONAL_REPRESENTATION('',(#215),#218);
#215 = B_SPLINE_CURVE_WITH_KNOTS('',1,(#216,#217),.UNSPECIFIED.,.F.,.F.,
  (2,2),(0.,1.),.PIECEWISE_BEZIER_KNOTS.);
#216 = CARTESIAN_POINT('',(56.586605785827,5.));
#217 = CARTESIAN_POINT('',(56.586605785827,2.84217094304E-13));
#218 = ( GEOMETRIC_REPRESENTATION_CONTEXT(2) 
PARAMETRIC_REPRESENTATION_CONTEXT() REPRESENTATION_CONTEXT('2D SPACE',''
  ) );
#219 = PCURVE('',#124,#220);
#220 = DEFINITIONAL_REPRESENTATION('',(#221),#224);
#221 = B_SPLINE_CURVE_WITH_KNOTS('',1,(#222,#223),.UNSPECIFIED.,.F.,.F.,
  (2,2),(0.,1.),.PIECEWISE_BEZIER_KNOTS.);
#222 = CARTESIAN_POINT('',(5.,-39.56988674553));
#223 = CARTESIAN_POINT('',(0.,-39.56988674553));
#224 = ( GEOMETRIC_REPRESENTATION_CONTEXT(2) 
PARAMETRIC_REPRESENTATION_CONTEXT() REPRESENTATION_CONTEXT('2D SPACE',''
  ) );
#225 = ORIENTED_EDGE('',*,*,#226,.F.);
#226 = EDGE_CURVE('',#227,#207,#229,.T.);
#227 = VERTEX_POINT('',#228);
#228 = CARTESIAN_POINT('',(46.586605785827,208.,141.38989221983));
#229 = SURFACE_CURVE('',#230,(#233,#239),.PCURVE_S1.);
#230 = B_SPLINE_CURVE_WITH_KNOTS('',1,(#231,#232),.UNSPECIFIED.,.F.,.F.,
  (2,2),(0.,1.),.PIECEWISE_BEZIER_KNOTS.);
#231 = CARTESIAN_POINT('',(46.586605785827,208.,141.38989221983));
#232 = CARTESIAN_POINT('',(46.586605785827,208.,139.38989221983));
#233 = PCURVE('',#44,#234);
#234 = DEFINITIONAL_REPRESENTATION('',(#235),#238);
#235 = B_SPLINE_CURVE_WITH_KNOTS('',1,(#236,#237),.UNSPECIFIED.,.F.,.F.,
  (2,2),(0.,1.),.PIECEWISE_BEZIER_KNOTS.);
#236 = CARTESIAN_POINT('',(56.586605785827,7.));
#237 = CARTESIAN_POINT('',(56.586605785827,5.));
#238 = ( GEOMETRIC_REPRESENTATION_CONTEXT(2) 
PARAMETRIC_REPRESENTATION_CONTEXT() REPRESENTATION_CONTEXT('2D SPACE',''
  ) );
#239 = PCURVE('',#240,#245);
#240 = B_SPLINE_SURFACE_WITH_KNOTS('',1,1,(
    (#241,#242)
    ,(#243,#244
    )),.UNSPECIFIED.,.F.,.F.,.F.,(2,2),(2,2),(0.,2.),(-25.,-23.),
  .PIECEWISE_BEZIER_KNOTS.);
#241 = CARTESIAN_POINT('',(46.586605785827,208.43011325446,
    139.38989221983));
#242 = CARTESIAN_POINT('',(46.586605785827,206.43011325446,
    139.38989221983));
#243 = CARTESIAN_POINT('',(46.586605785827,208.43011325446,
    141.38989221983));
#244 = CARTESIAN_POINT('',(46.586605785827,206.43011325446,
    141.38989221983));
#245 = DEFINITIONAL_REPRESENTATION('',(#246),#249);
#246 = B_SPLINE_CURVE_WITH_KNOTS('',1,(#247,#248),.UNSPECIFIED.,.F.,.F.,
  (2,2),(0.,1.),.PIECEWISE_BEZIER_KNOTS.);
#247 = CARTESIAN_POINT('',(2.,-24.56988674553));
#248 = CARTESIAN_POINT('',(0.,-24.56988674553));
#249 = ( GEOMETRIC_REPRESENTATION_CONTEXT(2) 
PARAMETRIC_REPRESENTATION_CONTEXT() REPRESENTATION_CONTEXT('2D SPACE',''
  ) );
#250 = ORIENTED_EDGE('',*,*,#251,.T.);
#251 = EDGE_CURVE('',#227,#252,#254,.T.);
#252 = VERTEX_POINT('',#253);
#253 = CARTESIAN_POINT('',(76.586605785827,208.,141.38989221983));
#254 = SURFACE_CURVE('',#255,(#258,#264),.PCURVE_S1.);
#255 = B_SPLINE_CURVE_WITH_KNOTS('',1,(#256,#257),.UNSPECIFIED.,.F.,.F.,
  (2,2),(0.,1.),.PIECEWISE_BEZIER_KNOTS.);
#256 = CARTESIAN_POINT('',(46.586605785827,208.,141.38989221983));
#257 = CARTESIAN_POINT('',(76.586605785827,208.,141.38989221983));
#258 = PCURVE('',#44,#259);
#259 = DEFINITIONAL_REPRESENTATION('',(#260),#263);
#260 = B_SPLINE_CURVE_WITH_KNOTS('',1,(#261,#262),.UNSPECIFIED.,.F.,.F.,
  (2,2),(0.,1.),.PIECEWISE_BEZIER_KNOTS.);
#261 = CARTESIAN_POINT('',(56.586605785827,7.));
#262 = CARTESIAN_POINT('',(86.586605785827,7.));
#263 = ( GEOMETRIC_REPRESENTATION_CONTEXT(2) 
PARAMETRIC_REPRESENTATION_CONTEXT() REPRESENTATION_CONTEXT('2D SPACE',''
  ) );
#264 = PCURVE('',#265,#270);
#265 = B_SPLINE_SURFACE_WITH_KNOTS('',1,1,(
    (#266,#267)
    ,(#268,#269
  )),.UNSPECIFIED.,.F.,.F.,.F.,(2,2),(2,2),(0.,30.),(0.,2.),
  .PIECEWISE_BEZIER_KNOTS.);
#266 = CARTESIAN_POINT('',(76.586605785827,206.43011325446,
    141.38989221983));
#267 = CARTESIAN_POINT('',(76.586605785827,208.43011325446,
    141.38989221983));
#268 = CARTESIAN_POINT('',(46.586605785827,206.43011325446,
    141.38989221983));
#269 = CARTESIAN_POINT('',(46.586605785827,208.43011325446,
    141.38989221983));
#270 = DEFINITIONAL_REPRESENTATION('',(#271),#274);
#271 = B_SPLINE_CURVE_WITH_KNOTS('',1,(#272,#273),.UNSPECIFIED.,.F.,.F.,
  (2,2),(0.,1.),.PIECEWISE_BEZIER_KNOTS.);
#272 = CARTESIAN_POINT('',(30.,1.569886745531));
#273 = CARTESIAN_POINT('',(0.,1.569886745531));
#274 = ( GEOMETRIC_REPRESENTATION_CONTEXT(2) 
PARAMETRIC_REPRESENTATION_CONTEXT() REPRESENTATION_CONTEXT('2D SPACE',''
  ) );
#275 = ORIENTED_EDGE('',*,*,#276,.T.);
#276 = EDGE_CURVE('',#252,#277,#279,.T.);
#277 = VERTEX_POINT('',#278);
#278 = CARTESIAN_POINT('',(76.586605785827,208.,139.38989221983));
#279 = SURFACE_CURVE('',#280,(#283,#289),.PCURVE_S1.);
#280 = B_SPLINE_CURVE_WITH_KNOTS('',1,(#281,#282),.UNSPECIFIED.,.F.,.F.,
  (2,2),(0.,1.),.PIECEWISE_BEZIER_KNOTS.);
#281 = CARTESIAN_POINT('',(76.586605785827,208.,141.38989221983));
#282 = CARTESIAN_POINT('',(76.586605785827,208.,139.38989221983));
#283 = PCURVE('',#44,#284);
#284 = DEFINITIONAL_REPRESENTATION('',(#285),#288);
#285 = B_SPLINE_CURVE_WITH_KNOTS('',1,(#286,#287),.UNSPECIFIED.,.F.,.F.,
  (2,2),(0.,1.),.PIECEWISE_BEZIER_KNOTS.);
#286 = CARTESIAN_POINT('',(86.586605785827,7.));
#287 = CARTESIAN_POINT('',(86.586605785827,5.));
#288 = ( GEOMETRIC_REPRESENTATION_CONTEXT(2) 
PARAMETRIC_REPRESENTATION_CONTEXT() REPRESENTATION_CONTEXT('2D SPACE',''
  ) );
#289 = PCURVE('',#290,#295);
#290 = B_SPLINE_SURFACE_WITH_KNOTS('',1,1,(
    (#291,#292)
    ,(#293,#294
    )),.UNSPECIFIED.,.F.,.F.,.F.,(2,2),(2,2),(0.,2.),(-25.,-23.),
  .PIECEWISE_BEZIER_KNOTS.);
#291 = CARTESIAN_POINT('',(76.586605785827,208.43011325446,
    139.38989221983));
#292 = CARTESIAN_POINT('',(76.586605785827,206.43011325446,
    139.38989221983));
#293 = CARTESIAN_POINT('',(76.586605785827,208.43011325446,
    141.38989221983));
#294 = CARTESIAN_POINT('',(76.586605785827,206.43011325446,
    141.38989221983));
#295 = DEFINITIONAL_REPRESENTATION('',(#296),#299);
#296 = B_SPLINE_CURVE_WITH_KNOTS('',1,(#297,#298),.UNSPECIFIED.,.F.,.F.,
  (2,2),(0.,1.),.PIECEWISE_BEZIER_KNOTS.);
#297 = CARTESIAN_POINT('',(2.,-24.56988674553));
#298 = CARTESIAN_POINT('',(0.,-24.56988674553));
#299 = ( GEOMETRIC_REPRESENTATION_CONTEXT(2) 
PARAMETRIC_REPRESENTATION_CONTEXT() REPRESENTATION_CONTEXT('2D SPACE',''
  ) );
#300 = ORIENTED_EDGE('',*,*,#301,.T.);
#301 = EDGE_CURVE('',#277,#302,#304,.T.);
#302 = VERTEX_POINT('',#303);
#303 = CARTESIAN_POINT('',(76.586605785827,208.,134.38989221983));
#304 = SURFACE_CURVE('',#305,(#308,#314),.PCURVE_S1.);
#305 = B_SPLINE_CURVE_WITH_KNOTS('',1,(#306,#307),.UNSPECIFIED.,.F.,.F.,
  (2,2),(0.,1.),.PIECEWISE_BEZIER_KNOTS.);
#306 = CARTESIAN_POINT('',(76.586605785827,208.,139.38989221983));
#307 = CARTESIAN_POINT('',(76.586605785827,208.,134.38989221983));
#308 = PCURVE('',#44,#309);
#309 = DEFINITIONAL_REPRESENTATION('',(#310),#313);
#310 = B_SPLINE_CURVE_WITH_KNOTS('',1,(#311,#312),.UNSPECIFIED.,.F.,.F.,
  (2,2),(0.,1.),.PIECEWISE_BEZIER_KNOTS.);
#311 = CARTESIAN_POINT('',(86.586605785827,5.));
#312 = CARTESIAN_POINT('',(86.586605785827,2.84217094304E-13));
#313 = ( GEOMETRIC_REPRESENTATION_CONTEXT(2) 
PARAMETRIC_REPRESENTATION_CONTEXT() REPRESENTATION_CONTEXT('2D SPACE',''
  ) );
#314 = PCURVE('',#315,#320);
#315 = B_SPLINE_SURFACE_WITH_KNOTS('',1,1,(
    (#316,#317)
    ,(#318,#319
    )),.UNSPECIFIED.,.F.,.F.,.F.,(2,2),(2,2),(0.,5.),(-45.,0.),
  .PIECEWISE_BEZIER_KNOTS.);
#316 = CARTESIAN_POINT('',(76.586605785827,213.43011325446,
    134.38989221983));
#317 = CARTESIAN_POINT('',(76.586605785827,168.43011325446,
    134.38989221983));
#318 = CARTESIAN_POINT('',(76.586605785827,213.43011325446,
    139.38989221983));
#319 = CARTESIAN_POINT('',(76.586605785827,168.43011325446,
    139.38989221983));
#320 = DEFINITIONAL_REPRESENTATION('',(#321),#324);
#321 = B_SPLINE_CURVE_WITH_KNOTS('',1,(#322,#323),.UNSPECIFIED.,.F.,.F.,
  (2,2),(0.,1.),.PIECEWISE_BEZIER_KNOTS.);
#322 = CARTESIAN_POINT('',(5.,-39.56988674553));
#323 = CARTESIAN_POINT('',(0.,-39.56988674553));
#324 = ( GEOMETRIC_REPRESENTATION_CONTEXT(2) 
PARAMETRIC_REPRESENTATION_CONTEXT() REPRESENTATION_CONTEXT('2D SPACE',''
  ) );
#325 = ORIENTED_EDGE('',*,*,#326,.T.);
#326 = EDGE_CURVE('',#302,#327,#329,.T.);
#327 = VERTEX_POINT('',#328);
#328 = CARTESIAN_POINT('',(117.96955860415,208.,134.38989221983));
#329 = SURFACE_CURVE('',#330,(#334,#341),.PCURVE_S1.);
#330 = LINE('',#331,#332);
#331 = CARTESIAN_POINT('',(-10.,208.,134.38989221983));
#332 = VECTOR('',#333,1.);
#333 = DIRECTION('',(1.,0.,0.));
#334 = PCURVE('',#44,#335);
#335 = DEFINITIONAL_REPRESENTATION('',(#336),#340);
#336 = LINE('',#337,#338);
#337 = CARTESIAN_POINT('',(0.,0.));
#338 = VECTOR('',#339,1.);
#339 = DIRECTION('',(1.,0.));
#340 = ( GEOMETRIC_REPRESENTATION_CONTEXT(2) 
PARAMETRIC_REPRESENTATION_CONTEXT() REPRESENTATION_CONTEXT('2D SPACE',''
  ) );
#341 = PCURVE('',#342,#347);
#342 = PLANE('',#343);
#343 = AXIS2_PLACEMENT_3D('',#344,#345,#346);
#344 = CARTESIAN_POINT('',(-10.,208.,134.38989221983));
#345 = DIRECTION('',(0.,0.,1.));
#346 = DIRECTION('',(0.,-1.,0.));
#347 = DEFINITIONAL_REPRESENTATION('',(#348),#352);
#348 = LINE('',#349,#350);
#349 = CARTESIAN_POINT('',(0.,0.));
#350 = VECTOR('',#351,1.);
#351 = DIRECTION('',(0.,1.));
#352 = ( GEOMETRIC_REPRESENTATION_CONTEXT(2) 
PARAMETRIC_REPRESENTATION_CONTEXT() REPRESENTATION_CONTEXT('2D SPACE',''
  ) );
#353 = ORIENTED_EDGE('',*,*,#354,.F.);
#354 = EDGE_CURVE('',#355,#327,#357,.T.);
#355 = VERTEX_POINT('',#356);
#356 = CARTESIAN_POINT('',(117.96955860415,208.,139.38989221983));
#357 = SURFACE_CURVE('',#358,(#361,#367),.PCURVE_S1.);
#358 = B_SPLINE_CURVE_WITH_KNOTS('',1,(#359,#360),.UNSPECIFIED.,.F.,.F.,
  (2,2),(0.,1.),.PIECEWISE_BEZIER_KNOTS.);
#359 = CARTESIAN_POINT('',(117.96955860415,208.,139.38989221983));
#360 = CARTESIAN_POINT('',(117.96955860415,208.,134.38989221983));
#361 = PCURVE('',#44,#362);
#362 = DEFINITIONAL_REPRESENTATION('',(#363),#366);
#363 = B_SPLINE_CURVE_WITH_KNOTS('',1,(#364,#365),.UNSPECIFIED.,.F.,.F.,
  (2,2),(0.,1.),.PIECEWISE_BEZIER_KNOTS.);
#364 = CARTESIAN_POINT('',(127.96955860415,5.));
#365 = CARTESIAN_POINT('',(127.96955860415,2.84217094304E-13));
#366 = ( GEOMETRIC_REPRESENTATION_CONTEXT(2) 
PARAMETRIC_REPRESENTATION_CONTEXT() REPRESENTATION_CONTEXT('2D SPACE',''
  ) );
#367 = PCURVE('',#368,#373);
#368 = B_SPLINE_SURFACE_WITH_KNOTS('',1,1,(
    (#369,#370)
    ,(#371,#372
    )),.UNSPECIFIED.,.F.,.F.,.F.,(2,2),(2,2),(0.,5.),(-42.,0.),
  .PIECEWISE_BEZIER_KNOTS.);
#369 = CARTESIAN_POINT('',(117.96955860415,213.43011325446,
    134.38989221983));
#370 = CARTESIAN_POINT('',(117.96955860415,171.43011325446,
    134.38989221983));
#371 = CARTESIAN_POINT('',(117.96955860415,213.43011325446,
    139.38989221983));
#372 = CARTESIAN_POINT('',(117.96955860415,171.43011325446,
    139.38989221983));
#373 = DEFINITIONAL_REPRESENTATION('',(#374),#377);
#374 = B_SPLINE_CURVE_WITH_KNOTS('',1,(#375,#376),.UNSPECIFIED.,.F.,.F.,
  (2,2),(0.,1.),.PIECEWISE_BEZIER_KNOTS.);
#375 = CARTESIAN_POINT('',(5.,-36.56988674553));
#376 = CARTESIAN_POINT('',(0.,-36.56988674553));
#377 = ( GEOMETRIC_REPRESENTATION_CONTEXT(2) 
PARAMETRIC_REPRESENTATION_CONTEXT() REPRESENTATION_CONTEXT('2D SPACE',''
  ) );
#378 = ORIENTED_EDGE('',*,*,#379,.F.);
#379 = EDGE_CURVE('',#380,#355,#382,.T.);
#380 = VERTEX_POINT('',#381);
#381 = CARTESIAN_POINT('',(117.96955860415,208.,141.38989221983));
#382 = SURFACE_CURVE('',#383,(#386,#392),.PCURVE_S1.);
#383 = B_SPLINE_CURVE_WITH_KNOTS('',1,(#384,#385),.UNSPECIFIED.,.F.,.F.,
  (2,2),(0.,1.),.PIECEWISE_BEZIER_KNOTS.);
#384 = CARTESIAN_POINT('',(117.96955860415,208.,141.38989221983));
#385 = CARTESIAN_POINT('',(117.96955860415,208.,139.38989221983));
#386 = PCURVE('',#44,#387);
#387 = DEFINITIONAL_REPRESENTATION('',(#388),#391);
#388 = B_SPLINE_CURVE_WITH_KNOTS('',1,(#389,#390),.UNSPECIFIED.,.F.,.F.,
  (2,2),(0.,1.),.PIECEWISE_BEZIER_KNOTS.);
#389 = CARTESIAN_POINT('',(127.96955860415,7.));
#390 = CARTESIAN_POINT('',(127.96955860415,5.));
#391 = ( GEOMETRIC_REPRESENTATION_CONTEXT(2) 
PARAMETRIC_REPRESENTATION_CONTEXT() REPRESENTATION_CONTEXT('2D SPACE',''
  ) );
#392 = PCURVE('',#393,#398);
#393 = B_SPLINE_SURFACE_WITH_KNOTS('',1,1,(
    (#394,#395)
    ,(#396,#397
    )),.UNSPECIFIED.,.F.,.F.,.F.,(2,2),(2,2),(0.,2.),(-23.,-21.),
  .PIECEWISE_BEZIER_KNOTS.);
#394 = CARTESIAN_POINT('',(117.96955860415,208.43011325446,
    139.38989221983));
#395 = CARTESIAN_POINT('',(117.96955860415,206.43011325446,
    139.38989221983));
#396 = CARTESIAN_POINT('',(117.96955860415,208.43011325446,
    141.38989221983));
#397 = CARTESIAN_POINT('',(117.96955860415,206.43011325446,
    141.38989221983));
#398 = DEFINITIONAL_REPRESENTATION('',(#399),#402);
#399 = B_SPLINE_CURVE_WITH_KNOTS('',1,(#400,#401),.UNSPECIFIED.,.F.,.F.,
  (2,2),(0.,1.),.PIECEWISE_BEZIER_KNOTS.);
#400 = CARTESIAN_POINT('',(2.,-22.56988674553));
#401 = CARTESIAN_POINT('',(0.,-22.56988674553));
#402 = ( GEOMETRIC_REPRESENTATION_CONTEXT(2) 
PARAMETRIC_REPRESENTATION_CONTEXT() REPRESENTATION_CONTEXT('2D SPACE',''
  ) );
#403 = ORIENTED_EDGE('',*,*,#404,.T.);
#404 = EDGE_CURVE('',#380,#405,#407,.T.);
#405 = VERTEX_POINT('',#406);
#406 = CARTESIAN_POINT('',(161.96955860415,208.,141.38989221983));
#407 = SURFACE_CURVE('',#408,(#411,#417),.PCURVE_S1.);
#408 = B_SPLINE_CURVE_WITH_KNOTS('',1,(#409,#410),.UNSPECIFIED.,.F.,.F.,
  (2,2),(0.,1.),.PIECEWISE_BEZIER_KNOTS.);
#409 = CARTESIAN_POINT('',(117.96955860415,208.,141.38989221983));
#410 = CARTESIAN_POINT('',(161.96955860415,208.,141.38989221983));
#411 = PCURVE('',#44,#412);
#412 = DEFINITIONAL_REPRESENTATION('',(#413),#416);
#413 = B_SPLINE_CURVE_WITH_KNOTS('',1,(#414,#415),.UNSPECIFIED.,.F.,.F.,
  (2,2),(0.,1.),.PIECEWISE_BEZIER_KNOTS.);
#414 = CARTESIAN_POINT('',(127.96955860415,7.));
#415 = CARTESIAN_POINT('',(171.96955860415,7.));
#416 = ( GEOMETRIC_REPRESENTATION_CONTEXT(2) 
PARAMETRIC_REPRESENTATION_CONTEXT() REPRESENTATION_CONTEXT('2D SPACE',''
  ) );
#417 = PCURVE('',#418,#423);
#418 = B_SPLINE_SURFACE_WITH_KNOTS('',1,1,(
    (#419,#420)
    ,(#421,#422
  )),.UNSPECIFIED.,.F.,.F.,.F.,(2,2),(2,2),(0.,44.),(0.,2.),
  .PIECEWISE_BEZIER_KNOTS.);
#419 = CARTESIAN_POINT('',(161.96955860415,206.43011325446,
    141.38989221983));
#420 = CARTESIAN_POINT('',(161.96955860415,208.43011325446,
    141.38989221983));
#421 = CARTESIAN_POINT('',(117.96955860415,206.43011325446,
    141.38989221983));
#422 = CARTESIAN_POINT('',(117.96955860415,208.43011325446,
    141.38989221983));
#423 = DEFINITIONAL_REPRESENTATION('',(#424),#427);
#424 = B_SPLINE_CURVE_WITH_KNOTS('',1,(#425,#426),.UNSPECIFIED.,.F.,.F.,
  (2,2),(0.,1.),.PIECEWISE_BEZIER_KNOTS.);
#425 = CARTESIAN_POINT('',(44.,1.569886745531));
#426 = CARTESIAN_POINT('',(0.,1.569886745531));
#427 = ( GEOMETRIC_REPRESENTATION_CONTEXT(2) 
PARAMETRIC_REPRESENTATION_CONTEXT() REPRESENTATION_CONTEXT('2D SPACE',''
  ) );
#428 = ORIENTED_EDGE('',*,*,#429,.T.);
#429 = EDGE_CURVE('',#405,#430,#432,.T.);
#430 = VERTEX_POINT('',#431);
#431 = CARTESIAN_POINT('',(161.96955860415,208.,139.38989221983));
#432 = SURFACE_CURVE('',#433,(#436,#442),.PCURVE_S1.);
#433 = B_SPLINE_CURVE_WITH_KNOTS('',1,(#434,#435),.UNSPECIFIED.,.F.,.F.,
  (2,2),(0.,1.),.PIECEWISE_BEZIER_KNOTS.);
#434 = CARTESIAN_POINT('',(161.96955860415,208.,141.38989221983));
#435 = CARTESIAN_POINT('',(161.96955860415,208.,139.38989221983));
#436 = PCURVE('',#44,#437);
#437 = DEFINITIONAL_REPRESENTATION('',(#438),#441);
#438 = B_SPLINE_CURVE_WITH_KNOTS('',1,(#439,#440),.UNSPECIFIED.,.F.,.F.,
  (2,2),(0.,1.),.PIECEWISE_BEZIER_KNOTS.);
#439 = CARTESIAN_POINT('',(171.96955860415,7.));
#440 = CARTESIAN_POINT('',(171.96955860415,5.));
#441 = ( GEOMETRIC_REPRESENTATION_CONTEXT(2) 
PARAMETRIC_REPRESENTATION_CONTEXT() REPRESENTATION_CONTEXT('2D SPACE',''
  ) );
#442 = PCURVE('',#443,#448);
#443 = B_SPLINE_SURFACE_WITH_KNOTS('',1,1,(
    (#444,#445)
    ,(#446,#447
    )),.UNSPECIFIED.,.F.,.F.,.F.,(2,2),(2,2),(0.,2.),(-23.,-21.),
  .PIECEWISE_BEZIER_KNOTS.);
#444 = CARTESIAN_POINT('',(161.96955860415,208.43011325446,
    139.38989221983));
#445 = CARTESIAN_POINT('',(161.96955860415,206.43011325446,
    139.38989221983));
#446 = CARTESIAN_POINT('',(161.96955860415,208.43011325446,
    141.38989221983));
#447 = CARTESIAN_POINT('',(161.96955860415,206.43011325446,
    141.38989221983));
#448 = DEFINITIONAL_REPRESENTATION('',(#449),#452);
#449 = B_SPLINE_CURVE_WITH_KNOTS('',1,(#450,#451),.UNSPECIFIED.,.F.,.F.,
  (2,2),(0.,1.),.PIECEWISE_BEZIER_KNOTS.);
#450 = CARTESIAN_POINT('',(2.,-22.56988674553));
#451 = CARTESIAN_POINT('',(0.,-22.56988674553));
#452 = ( GEOMETRIC_REPRESENTATION_CONTEXT(2) 
PARAMETRIC_REPRESENTATION_CONTEXT() REPRESENTATION_CONTEXT('2D SPACE',''
  ) );
#453 = ORIENTED_EDGE('',*,*,#454,.T.);
#454 = EDGE_CURVE('',#430,#455,#457,.T.);
#455 = VERTEX_POINT('',#456);
#456 = CARTESIAN_POINT('',(161.96955860415,208.,134.38989221983));
#457 = SURFACE_CURVE('',#458,(#461,#467),.PCURVE_S1.);
#458 = B_SPLINE_CURVE_WITH_KNOTS('',1,(#459,#460),.UNSPECIFIED.,.F.,.F.,
  (2,2),(0.,1.),.PIECEWISE_BEZIER_KNOTS.);
#459 = CARTESIAN_POINT('',(161.96955860415,208.,139.38989221983));
#460 = CARTESIAN_POINT('',(161.96955860415,208.,134.38989221983));
#461 = PCURVE('',#44,#462);
#462 = DEFINITIONAL_REPRESENTATION('',(#463),#466);
#463 = B_SPLINE_CURVE_WITH_KNOTS('',1,(#464,#465),.UNSPECIFIED.,.F.,.F.,
  (2,2),(0.,1.),.PIECEWISE_BEZIER_KNOTS.);
#464 = CARTESIAN_POINT('',(171.96955860415,5.));
#465 = CARTESIAN_POINT('',(171.96955860415,2.84217094304E-13));
#466 = ( GEOMETRIC_REPRESENTATION_CONTEXT(2) 
PARAMETRIC_REPRESENTATION_CONTEXT() REPRESENTATION_CONTEXT('2D SPACE',''
  ) );
#467 = PCURVE('',#468,#473);
#468 = B_SPLINE_SURFACE_WITH_KNOTS('',1,1,(
    (#469,#470)
    ,(#471,#472
    )),.UNSPECIFIED.,.F.,.F.,.F.,(2,2),(2,2),(0.,5.),(-42.,0.),
  .PIECEWISE_BEZIER_KNOTS.);
#469 = CARTESIAN_POINT('',(161.96955860415,213.43011325446,
    134.38989221983));
#470 = CARTESIAN_POINT('',(161.96955860415,171.43011325446,
    134.38989221983));
#471 = CARTESIAN_POINT('',(161.96955860415,213.43011325446,
    139.38989221983));
#472 = CARTESIAN_POINT('',(161.96955860415,171.43011325446,
    139.38989221983));
#473 = DEFINITIONAL_REPRESENTATION('',(#474),#477);
#474 = B_SPLINE_CURVE_WITH_KNOTS('',1,(#475,#476),.UNSPECIFIED.,.F.,.F.,
  (2,2),(0.,1.),.PIECEWISE_BEZIER_KNOTS.);
#475 = CARTESIAN_POINT('',(5.,-36.56988674553));
#476 = CARTESIAN_POINT('',(0.,-36.56988674553));
#477 = ( GEOMETRIC_REPRESENTATION_CONTEXT(2) 
PARAMETRIC_REPRESENTATION_CONTEXT() REPRESENTATION_CONTEXT('2D SPACE',''
  ) );
#478 = ORIENTED_EDGE('',*,*,#479,.T.);
#479 = EDGE_CURVE('',#455,#480,#482,.T.);
#480 = VERTEX_POINT('',#481);
#481 = CARTESIAN_POINT('',(203.35251142247,208.,134.38989221983));
#482 = SURFACE_CURVE('',#483,(#487,#494),.PCURVE_S1.);
#483 = LINE('',#484,#485);
#484 = CARTESIAN_POINT('',(-10.,208.,134.38989221983));
#485 = VECTOR('',#486,1.);
#486 = DIRECTION('',(1.,0.,0.));
#487 = PCURVE('',#44,#488);
#488 = DEFINITIONAL_REPRESENTATION('',(#489),#493);
#489 = LINE('',#490,#491);
#490 = CARTESIAN_POINT('',(0.,0.));
#491 = VECTOR('',#492,1.);
#492 = DIRECTION('',(1.,0.));
#493 = ( GEOMETRIC_REPRESENTATION_CONTEXT(2) 
PARAMETRIC_REPRESENTATION_CONTEXT() REPRESENTATION_CONTEXT('2D SPACE',''
  ) );
#494 = PCURVE('',#495,#500);
#495 = PLANE('',#496);
#496 = AXIS2_PLACEMENT_3D('',#497,#498,#499);
#497 = CARTESIAN_POINT('',(-10.,208.,134.38989221983));
#498 = DIRECTION('',(0.,0.,1.));
#499 = DIRECTION('',(0.,-1.,0.));
#500 = DEFINITIONAL_REPRESENTATION('',(#501),#505);
#501 = LINE('',#502,#503);
#502 = CARTESIAN_POINT('',(0.,0.));
#503 = VECTOR('',#504,1.);
#504 = DIRECTION('',(0.,1.));
#505 = ( GEOMETRIC_REPRESENTATION_CONTEXT(2) 
PARAMETRIC_REPRESENTATION_CONTEXT() REPRESENTATION_CONTEXT('2D SPACE',''
  ) );
#506 = ORIENTED_EDGE('',*,*,#507,.F.);
#507 = EDGE_CURVE('',#508,#480,#510,.T.);
#508 = VERTEX_POINT('',#509);
#509 = CARTESIAN_POINT('',(203.35251142247,208.,139.38989221983));
#510 = SURFACE_CURVE('',#511,(#514,#520),.PCURVE_S1.);
#511 = B_SPLINE_CURVE_WITH_KNOTS('',1,(#512,#513),.UNSPECIFIED.,.F.,.F.,
  (2,2),(0.,1.),.PIECEWISE_BEZIER_KNOTS.);
#512 = CARTESIAN_POINT('',(203.35251142247,208.,139.38989221983));
#513 = CARTESIAN_POINT('',(203.35251142247,208.,134.38989221983));
#514 = PCURVE('',#44,#515);
#515 = DEFINITIONAL_REPRESENTATION('',(#516),#519);
#516 = B_SPLINE_CURVE_WITH_KNOTS('',1,(#517,#518),.UNSPECIFIED.,.F.,.F.,
  (2,2),(0.,1.),.PIECEWISE_BEZIER_KNOTS.);
#517 = CARTESIAN_POINT('',(213.35251142247,5.));
#518 = CARTESIAN_POINT('',(213.35251142247,2.84217094304E-13));
#519 = ( GEOMETRIC_REPRESENTATION_CONTEXT(2) 
PARAMETRIC_REPRESENTATION_CONTEXT() REPRESENTATION_CONTEXT('2D SPACE',''
  ) );
#520 = PCURVE('',#521,#526);
#521 = B_SPLINE_SURFACE_WITH_KNOTS('',1,1,(
    (#522,#523)
    ,(#524,#525
    )),.UNSPECIFIED.,.F.,.F.,.F.,(2,2),(2,2),(0.,5.),(-45.,0.),
  .PIECEWISE_BEZIER_KNOTS.);
#522 = CARTESIAN_POINT('',(203.35251142247,213.43011325446,
    134.38989221983));
#523 = CARTESIAN_POINT('',(203.35251142247,168.43011325446,
    134.38989221983));
#524 = CARTESIAN_POINT('',(203.35251142247,213.43011325446,
    139.38989221983));
#525 = CARTESIAN_POINT('',(203.35251142247,168.43011325446,
    139.38989221983));
#526 = DEFINITIONAL_REPRESENTATION('',(#527),#530);
#527 = B_SPLINE_CURVE_WITH_KNOTS('',1,(#528,#529),.UNSPECIFIED.,.F.,.F.,
  (2,2),(0.,1.),.PIECEWISE_BEZIER_KNOTS.);
#528 = CARTESIAN_POINT('',(5.,-39.56988674553));
#529 = CARTESIAN_POINT('',(0.,-39.56988674553));
#530 = ( GEOMETRIC_REPRESENTATION_CONTEXT(2) 
PARAMETRIC_REPRESENTATION_CONTEXT() REPRESENTATION_CONTEXT('2D SPACE',''
  ) );
#531 = ORIENTED_EDGE('',*,*,#532,.F.);
#532 = EDGE_CURVE('',#533,#508,#535,.T.);
#533 = VERTEX_POINT('',#534);
#534 = CARTESIAN_POINT('',(203.35251142247,208.,141.38989221983));
#535 = SURFACE_CURVE('',#536,(#539,#545),.PCURVE_S1.);
#536 = B_SPLINE_CURVE_WITH_KNOTS('',1,(#537,#538),.UNSPECIFIED.,.F.,.F.,
  (2,2),(0.,1.),.PIECEWISE_BEZIER_KNOTS.);
#537 = CARTESIAN_POINT('',(203.35251142247,208.,141.38989221983));
#538 = CARTESIAN_POINT('',(203.35251142247,208.,139.38989221983));
#539 = PCURVE('',#44,#540);
#540 = DEFINITIONAL_REPRESENTATION('',(#541),#544);
#541 = B_SPLINE_CURVE_WITH_KNOTS('',1,(#542,#543),.UNSPECIFIED.,.F.,.F.,
  (2,2),(0.,1.),.PIECEWISE_BEZIER_KNOTS.);
#542 = CARTESIAN_POINT('',(213.35251142247,7.));
#543 = CARTESIAN_POINT('',(213.35251142247,5.));
#544 = ( GEOMETRIC_REPRESENTATION_CONTEXT(2) 
PARAMETRIC_REPRESENTATION_CONTEXT() REPRESENTATION_CONTEXT('2D SPACE',''
  ) );
#545 = PCURVE('',#546,#551);
#546 = B_SPLINE_SURFACE_WITH_KNOTS('',1,1,(
    (#547,#548)
    ,(#549,#550
    )),.UNSPECIFIED.,.F.,.F.,.F.,(2,2),(2,2),(0.,2.),(-25.,-23.),
  .PIECEWISE_BEZIER_KNOTS.);
#547 = CARTESIAN_POINT('',(203.35251142247,208.43011325446,
    139.38989221983));
#548 = CARTESIAN_POINT('',(203.35251142247,206.43011325446,
    139.38989221983));
#549 = CARTESIAN_POINT('',(203.35251142247,208.43011325446,
    141.38989221983));
#550 = CARTESIAN_POINT('',(203.35251142247,206.43011325446,
    141.38989221983));
#551 = DEFINITIONAL_REPRESENTATION('',(#552),#555);
#552 = B_SPLINE_CURVE_WITH_KNOTS('',1,(#553,#554),.UNSPECIFIED.,.F.,.F.,
  (2,2),(0.,1.),.PIECEWISE_BEZIER_KNOTS.);
#553 = CARTESIAN_POINT('',(2.,-24.56988674553));
#554 = CARTESIAN_POINT('',(0.,-24.56988674553));
#555 = ( GEOMETRIC_REPRESENTATION_CONTEXT(2) 
PARAMETRIC_REPRESENTATION_CONTEXT() REPRESENTATION_CONTEXT('2D SPACE',''
  ) );
#556 = ORIENTED_EDGE('',*,*,#557,.T.);
#557 = EDGE_CURVE('',#533,#558,#560,.T.);
#558 = VERTEX_POINT('',#559);
#559 = CARTESIAN_POINT('',(233.35251142247,208.,141.38989221983));
#560 = SURFACE_CURVE('',#561,(#564,#570),.PCURVE_S1.);
#561 = B_SPLINE_CURVE_WITH_KNOTS('',1,(#562,#563),.UNSPECIFIED.,.F.,.F.,
  (2,2),(0.,1.),.PIECEWISE_BEZIER_KNOTS.);
#562 = CARTESIAN_POINT('',(203.35251142247,208.,141.38989221983));
#563 = CARTESIAN_POINT('',(233.35251142247,208.,141.38989221983));
#564 = PCURVE('',#44,#565);
#565 = DEFINITIONAL_REPRESENTATION('',(#566),#569);
#566 = B_SPLINE_CURVE_WITH_KNOTS('',1,(#567,#568),.UNSPECIFIED.,.F.,.F.,
  (2,2),(0.,1.),.PIECEWISE_BEZIER_KNOTS.);
#567 = CARTESIAN_POINT('',(213.35251142247,7.));
#568 = CARTESIAN_POINT('',(243.35251142247,7.));
#569 = ( GEOMETRIC_REPRESENTATION_CONTEXT(2) 
PARAMETRIC_REPRESENTATION_CONTEXT() REPRESENTATION_CONTEXT('2D SPACE',''
  ) );
#570 = PCURVE('',#571,#576);
#571 = B_SPLINE_SURFACE_WITH_KNOTS('',1,1,(
    (#572,#573)
    ,(#574,#575
  )),.UNSPECIFIED.,.F.,.F.,.F.,(2,2),(2,2),(0.,30.),(0.,2.),
  .PIECEWISE_BEZIER_KNOTS.);
#572 = CARTESIAN_POINT('',(233.35251142247,206.43011325446,
    141.38989221983));
#573 = CARTESIAN_POINT('',(233.35251142247,208.43011325446,
    141.38989221983));
#574 = CARTESIAN_POINT('',(203.35251142247,206.43011325446,
    141.38989221983));
#575 = CARTESIAN_POINT('',(203.35251142247,208.43011325446,
    141.38989221983));
#576 = DEFINITIONAL_REPRESENTATION('',(#577),#580);
#577 = B_SPLINE_CURVE_WITH_KNOTS('',1,(#578,#579),.UNSPECIFIED.,.F.,.F.,
  (2,2),(0.,1.),.PIECEWISE_BEZIER_KNOTS.);
#578 = CARTESIAN_POINT('',(30.,1.569886745531));
#579 = CARTESIAN_POINT('',(0.,1.569886745531));
#580 = ( GEOMETRIC_REPRESENTATION_CONTEXT(2) 
PARAMETRIC_REPRESENTATION_CONTEXT() REPRESENTATION_CONTEXT('2D SPACE',''
  ) );
#581 = ORIENTED_EDGE('',*,*,#582,.T.);
#582 = EDGE_CURVE('',#558,#583,#585,.T.);
#583 = VERTEX_POINT('',#584);
#584 = CARTESIAN_POINT('',(233.35251142247,208.,139.38989221983));
#585 = SURFACE_CURVE('',#586,(#589,#595),.PCURVE_S1.);
#586 = B_SPLINE_CURVE_WITH_KNOTS('',1,(#587,#588),.UNSPECIFIED.,.F.,.F.,
  (2,2),(0.,1.),.PIECEWISE_BEZIER_KNOTS.);
#587 = CARTESIAN_POINT('',(233.35251142247,208.,141.38989221983));
#588 = CARTESIAN_POINT('',(233.35251142247,208.,139.38989221983));
#589 = PCURVE('',#44,#590);
#590 = DEFINITIONAL_REPRESENTATION('',(#591),#594);
#591 = B_SPLINE_CURVE_WITH_KNOTS('',1,(#592,#593),.UNSPECIFIED.,.F.,.F.,
  (2,2),(0.,1.),.PIECEWISE_BEZIER_KNOTS.);
#592 = CARTESIAN_POINT('',(243.35251142247,7.));
#593 = CARTESIAN_POINT('',(243.35251142247,5.));
#594 = ( GEOMETRIC_REPRESENTATION_CONTEXT(2) 
PARAMETRIC_REPRESENTATION_CONTEXT() REPRESENTATION_CONTEXT('2D SPACE',''
  ) );
#595 = PCURVE('',#596,#601);
#596 = B_SPLINE_SURFACE_WITH_KNOTS('',1,1,(
    (#597,#598)
    ,(#599,#600
    )),.UNSPECIFIED.,.F.,.F.,.F.,(2,2),(2,2),(0.,2.),(-25.,-23.),
  .PIECEWISE_BEZIER_KNOTS.);
#597 = CARTESIAN_POINT('',(233.35251142247,208.43011325446,
    139.38989221983));
#598 = CARTESIAN_POINT('',(233.35251142247,206.43011325446,
    139.38989221983));
#599 = CARTESIAN_POINT('',(233.35251142247,208.43011325446,
    141.38989221983));
#600 = CARTESIAN_POINT('',(233.35251142247,206.43011325446,
    141.38989221983));
#601 = DEFINITIONAL_REPRESENTATION('',(#602),#605);
#602 = B_SPLINE_CURVE_WITH_KNOTS('',1,(#603,#604),.UNSPECIFIED.,.F.,.F.,
  (2,2),(0.,1.),.PIECEWISE_BEZIER_KNOTS.);
#603 = CARTESIAN_POINT('',(2.,-24.56988674553));
#604 = CARTESIAN_POINT('',(0.,-24.56988674553));
#605 = ( GEOMETRIC_REPRESENTATION_CONTEXT(2) 
PARAMETRIC_REPRESENTATION_CONTEXT() REPRESENTATION_CONTEXT('2D SPACE',''
  ) );
#606 = ORIENTED_EDGE('',*,*,#607,.T.);
#607 = EDGE_CURVE('',#583,#608,#610,.T.);
#608 = VERTEX_POINT('',#609);
#609 = CARTESIAN_POINT('',(233.35251142247,208.,134.38989221983));
#610 = SURFACE_CURVE('',#611,(#614,#620),.PCURVE_S1.);
#611 = B_SPLINE_CURVE_WITH_KNOTS('',1,(#612,#613),.UNSPECIFIED.,.F.,.F.,
  (2,2),(0.,1.),.PIECEWISE_BEZIER_KNOTS.);
#612 = CARTESIAN_POINT('',(233.35251142247,208.,139.38989221983));
#613 = CARTESIAN_POINT('',(233.35251142247,208.,134.38989221983));
#614 = PCURVE('',#44,#615);
#615 = DEFINITIONAL_REPRESENTATION('',(#616),#619);
#616 = B_SPLINE_CURVE_WITH_KNOTS('',1,(#617,#618),.UNSPECIFIED.,.F.,.F.,
  (2,2),(0.,1.),.PIECEWISE_BEZIER_KNOTS.);
#617 = CARTESIAN_POINT('',(243.35251142247,5.));
#618 = CARTESIAN_POINT('',(243.35251142247,2.84217094304E-13));
#619 = ( GEOMETRIC_REPRESENTATION_CONTEXT(2) 
PARAMETRIC_REPRESENTATION_CONTEXT() REPRESENTATION_CONTEXT('2D SPACE',''
  ) );
#620 = PCURVE('',#621,#626);
#621 = B_SPLINE_SURFACE_WITH_KNOTS('',1,1,(
    (#622,#623)
    ,(#624,#625
    )),.UNSPECIFIED.,.F.,.F.,.F.,(2,2),(2,2),(0.,5.),(-45.,0.),
  .PIECEWISE_BEZIER_KNOTS.);
#622 = CARTESIAN_POINT('',(233.35251142247,213.43011325446,
    134.38989221983));
#623 = CARTESIAN_POINT('',(233.35251142247,168.43011325446,
    134.38989221983));
#624 = CARTESIAN_POINT('',(233.35251142247,213.43011325446,
    139.38989221983));
#625 = CARTESIAN_POINT('',(233.35251142247,168.43011325446,
    139.38989221983));
#626 = DEFINITIONAL_REPRESENTATION('',(#627),#630);
#627 = B_SPLINE_CURVE_WITH_KNOTS('',1,(#628,#629),.UNSPECIFIED.,.F.,.F.,
  (2,2),(0.,1.),.PIECEWISE_BEZIER_KNOTS.);
#628 = CARTESIAN_POINT('',(5.,-39.56988674553));
#629 = CARTESIAN_POINT('',(0.,-39.56988674553));
#630 = ( GEOMETRIC_REPRESENTATION_CONTEXT(2) 
PARAMETRIC_REPRESENTATION_CONTEXT() REPRESENTATION_CONTEXT('2D SPACE',''
  ) );
#631 = ORIENTED_EDGE('',*,*,#632,.T.);
#632 = EDGE_CURVE('',#608,#633,#635,.T.);
#633 = VERTEX_POINT('',#634);
#634 = CARTESIAN_POINT('',(290.,208.,134.38989221983));
#635 = SURFACE_CURVE('',#636,(#640,#647),.PCURVE_S1.);
#636 = LINE('',#637,#638);
#637 = CARTESIAN_POINT('',(-10.,208.,134.38989221983));
#638 = VECTOR('',#639,1.);
#639 = DIRECTION('',(1.,0.,0.));
#640 = PCURVE('',#44,#641);
#641 = DEFINITIONAL_REPRESENTATION('',(#642),#646);
#642 = LINE('',#643,#644);
#643 = CARTESIAN_POINT('',(0.,0.));
#644 = VECTOR('',#645,1.);
#645 = DIRECTION('',(1.,0.));
#646 = ( GEOMETRIC_REPRESENTATION_CONTEXT(2) 
PARAMETRIC_REPRESENTATION_CONTEXT() REPRESENTATION_CONTEXT('2D SPACE',''
  ) );
#647 = PCURVE('',#648,#653);
#648 = PLANE('',#649);
#649 = AXIS2_PLACEMENT_3D('',#650,#651,#652);
#650 = CARTESIAN_POINT('',(-10.,208.,134.38989221983));
#651 = DIRECTION('',(0.,0.,1.));
#652 = DIRECTION('',(0.,-1.,0.));
#653 = DEFINITIONAL_REPRESENTATION('',(#654),#658);
#654 = LINE('',#655,#656);
#655 = CARTESIAN_POINT('',(0.,0.));
#656 = VECTOR('',#657,1.);
#657 = DIRECTION('',(0.,1.));
#658 = ( GEOMETRIC_REPRESENTATION_CONTEXT(2) 
PARAMETRIC_REPRESENTATION_CONTEXT() REPRESENTATION_CONTEXT('2D SPACE',''
  ) );
#659 = ORIENTED_EDGE('',*,*,#660,.T.);
#660 = EDGE_CURVE('',#633,#159,#661,.T.);
#661 = SURFACE_CURVE('',#662,(#666,#673),.PCURVE_S1.);
#662 = LINE('',#663,#664);
#663 = CARTESIAN_POINT('',(290.,208.,134.38989221983));
#664 = VECTOR('',#665,1.);
#665 = DIRECTION('',(0.,0.,1.));
#666 = PCURVE('',#44,#667);
#667 = DEFINITIONAL_REPRESENTATION('',(#668),#672);
#668 = LINE('',#669,#670);
#669 = CARTESIAN_POINT('',(300.,0.));
#670 = VECTOR('',#671,1.);
#671 = DIRECTION('',(0.,1.));
#672 = ( GEOMETRIC_REPRESENTATION_CONTEXT(2) 
PARAMETRIC_REPRESENTATION_CONTEXT() REPRESENTATION_CONTEXT('2D SPACE',''
  ) );
#673 = PCURVE('',#674,#679);
#674 = PLANE('',#675);
#675 = AXIS2_PLACEMENT_3D('',#676,#677,#678);
#676 = CARTESIAN_POINT('',(290.,208.,134.38989221983));
#677 = DIRECTION('',(1.,0.,0.));
#678 = DIRECTION('',(0.,-1.,0.));
#679 = DEFINITIONAL_REPRESENTATION('',(#680),#684);
#680 = LINE('',#681,#682);
#681 = CARTESIAN_POINT('',(0.,0.));
#682 = VECTOR('',#683,1.);
#683 = DIRECTION('',(0.,-1.));
#684 = ( GEOMETRIC_REPRESENTATION_CONTEXT(2) 
PARAMETRIC_REPRESENTATION_CONTEXT() REPRESENTATION_CONTEXT('2D SPACE',''
  ) );
#685 = FACE_BOUND('',#686,.F.);
#686 = EDGE_LOOP('',(#687));
#687 = ORIENTED_EDGE('',*,*,#688,.T.);
#688 = EDGE_CURVE('',#689,#689,#691,.T.);
#689 = VERTEX_POINT('',#690);
#690 = CARTESIAN_POINT('',(31.,208.,144.63989221983));
#691 = SURFACE_CURVE('',#692,(#697,#708),.PCURVE_S1.);
#692 = CIRCLE('',#693,2.25);
#693 = AXIS2_PLACEMENT_3D('',#694,#695,#696);
#694 = CARTESIAN_POINT('',(31.,208.,142.38989221983));
#695 = DIRECTION('',(0.,1.,0.));
#696 = DIRECTION('',(0.,-0.,1.));
#697 = PCURVE('',#44,#698);
#698 = DEFINITIONAL_REPRESENTATION('',(#699),#707);
#699 = ( BOUNDED_CURVE() B_SPLINE_CURVE(2,(#700,#701,#702,#703,#704,#705
,#706),.UNSPECIFIED.,.T.,.F.) B_SPLINE_CURVE_WITH_KNOTS((1,2,2,2,2,1),(
    -2.094395102393,0.,2.094395102393,4.188790204786,6.28318530718,
8.377580409573),.UNSPECIFIED.) CURVE() GEOMETRIC_REPRESENTATION_ITEM() 
RATIONAL_B_SPLINE_CURVE((1.,0.5,1.,0.5,1.,0.5,1.)) REPRESENTATION_ITEM(
  '') );
#700 = CARTESIAN_POINT('',(41.,10.25));
#701 = CARTESIAN_POINT('',(44.89711431703,10.25));
#702 = CARTESIAN_POINT('',(42.948557158515,6.875));
#703 = CARTESIAN_POINT('',(41.,3.5));
#704 = CARTESIAN_POINT('',(39.051442841485,6.875));
#705 = CARTESIAN_POINT('',(37.10288568297,10.25));
#706 = CARTESIAN_POINT('',(41.,10.25));
#707 = ( GEOMETRIC_REPRESENTATION_CONTEXT(2) 
PARAMETRIC_REPRESENTATION_CONTEXT() REPRESENTATION_CONTEXT('2D SPACE',''
  ) );
#708 = PCURVE('',#709,#714);
#709 = CYLINDRICAL_SURFACE('',#710,2.25);
#710 = AXIS2_PLACEMENT_3D('',#711,#712,#713);
#711 = CARTESIAN_POINT('',(31.,143.,142.38989221983));
#712 = DIRECTION('',(0.,1.,0.));
#713 = DIRECTION('',(0.,-0.,1.));
#714 = DEFINITIONAL_REPRESENTATION('',(#715),#719);
#715 = LINE('',#716,#717);
#716 = CARTESIAN_POINT('',(0.,65.));
#717 = VECTOR('',#718,1.);
#718 = DIRECTION('',(1.,0.));
#719 = ( GEOMETRIC_REPRESENTATION_CONTEXT(2) 
PARAMETRIC_REPRESENTATION_CONTEXT() REPRESENTATION_CONTEXT('2D SPACE',''
  ) );
#720 = FACE_BOUND('',#721,.F.);
#721 = EDGE_LOOP('',(#722));
#722 = ORIENTED_EDGE('',*,*,#723,.T.);
#723 = EDGE_CURVE('',#724,#724,#726,.T.);
#724 = VERTEX_POINT('',#725);
#725 = CARTESIAN_POINT('',(31.,208.,158.63989221983));
#726 = SURFACE_CURVE('',#727,(#732,#743),.PCURVE_S1.);
#727 = CIRCLE('',#728,2.25);
#728 = AXIS2_PLACEMENT_3D('',#729,#730,#731);
#729 = CARTESIAN_POINT('',(31.,208.,156.38989221983));
#730 = DIRECTION('',(0.,1.,0.));
#731 = DIRECTION('',(0.,-0.,1.));
#732 = PCURVE('',#44,#733);
#733 = DEFINITIONAL_REPRESENTATION('',(#734),#742);
#734 = ( BOUNDED_CURVE() B_SPLINE_CURVE(2,(#735,#736,#737,#738,#739,#740
,#741),.UNSPECIFIED.,.T.,.F.) B_SPLINE_CURVE_WITH_KNOTS((1,2,2,2,2,1),(
    -2.094395102393,0.,2.094395102393,4.188790204786,6.28318530718,
8.377580409573),.UNSPECIFIED.) CURVE() GEOMETRIC_REPRESENTATION_ITEM() 
RATIONAL_B_SPLINE_CURVE((1.,0.5,1.,0.5,1.,0.5,1.)) REPRESENTATION_ITEM(
  '') );
#735 = CARTESIAN_POINT('',(41.,24.25));
#736 = CARTESIAN_POINT('',(44.89711431703,24.25));
#737 = CARTESIAN_POINT('',(42.948557158515,20.875));
#738 = CARTESIAN_POINT('',(41.,17.5));
#739 = CARTESIAN_POINT('',(39.051442841485,20.875));
#740 = CARTESIAN_POINT('',(37.10288568297,24.25));
#741 = CARTESIAN_POINT('',(41.,24.25));
#742 = ( GEOMETRIC_REPRESENTATION_CONTEXT(2) 
PARAMETRIC_REPRESENTATION_CONTEXT() REPRESENTATION_CONTEXT('2D SPACE',''
  ) );
#743 = PCURVE('',#744,#749);
#744 = CYLINDRICAL_SURFACE('',#745,2.25);
#745 = AXIS2_PLACEMENT_3D('',#746,#747,#748);
#746 = CARTESIAN_POINT('',(31.,143.,156.38989221983));
#747 = DIRECTION('',(0.,1.,0.));
#748 = DIRECTION('',(0.,-0.,1.));
#749 = DEFINITIONAL_REPRESENTATION('',(#750),#754);
#750 = LINE('',#751,#752);
#751 = CARTESIAN_POINT('',(0.,65.));
#752 = VECTOR('',#753,1.);
#753 = DIRECTION('',(1.,0.));
#754 = ( GEOMETRIC_REPRESENTATION_CONTEXT(2) 
PARAMETRIC_REPRESENTATION_CONTEXT() REPRESENTATION_CONTEXT('2D SPACE',''
  ) );
#755 = FACE_BOUND('',#756,.F.);
#756 = EDGE_LOOP('',(#757));
#757 = ORIENTED_EDGE('',*,*,#758,.T.);
#758 = EDGE_CURVE('',#759,#759,#761,.T.);
#759 = VERTEX_POINT('',#760);
#760 = CARTESIAN_POINT('',(73.,208.,146.63989221983));
#761 = SURFACE_CURVE('',#762,(#767,#778),.PCURVE_S1.);
#762 = CIRCLE('',#763,2.25);
#763 = AXIS2_PLACEMENT_3D('',#764,#765,#766);
#764 = CARTESIAN_POINT('',(73.,208.,144.38989221983));
#765 = DIRECTION('',(0.,1.,0.));
#766 = DIRECTION('',(0.,-0.,1.));
#767 = PCURVE('',#44,#768);
#768 = DEFINITIONAL_REPRESENTATION('',(#769),#777);
#769 = ( BOUNDED_CURVE() B_SPLINE_CURVE(2,(#770,#771,#772,#773,#774,#775
,#776),.UNSPECIFIED.,.T.,.F.) B_SPLINE_CURVE_WITH_KNOTS((1,2,2,2,2,1),(
    -2.094395102393,0.,2.094395102393,4.188790204786,6.28318530718,
8.377580409573),.UNSPECIFIED.) CURVE() GEOMETRIC_REPRESENTATION_ITEM() 
RATIONAL_B_SPLINE_CURVE((1.,0.5,1.,0.5,1.,0.5,1.)) REPRESENTATION_ITEM(
  '') );
#770 = CARTESIAN_POINT('',(83.,12.25));
#771 = CARTESIAN_POINT('',(86.89711431703,12.25));
#772 = CARTESIAN_POINT('',(84.948557158515,8.875));
#773 = CARTESIAN_POINT('',(83.,5.5));
#774 = CARTESIAN_POINT('',(81.051442841485,8.875));
#775 = CARTESIAN_POINT('',(79.10288568297,12.25));
#776 = CARTESIAN_POINT('',(83.,12.25));
#777 = ( GEOMETRIC_REPRESENTATION_CONTEXT(2) 
PARAMETRIC_REPRESENTATION_CONTEXT() REPRESENTATION_CONTEXT('2D SPACE',''
  ) );
#778 = PCURVE('',#779,#784);
#779 = CYLINDRICAL_SURFACE('',#780,2.25);
#780 = AXIS2_PLACEMENT_3D('',#781,#782,#783);
#781 = CARTESIAN_POINT('',(73.,143.,144.38989221983));
#782 = DIRECTION('',(0.,1.,0.));
#783 = DIRECTION('',(0.,-0.,1.));
#784 = DEFINITIONAL_REPRESENTATION('',(#785),#789);
#785 = LINE('',#786,#787);
#786 = CARTESIAN_POINT('',(0.,65.));
#787 = VECTOR('',#788,1.);
#788 = DIRECTION('',(1.,0.));
#789 = ( GEOMETRIC_REPRESENTATION_CONTEXT(2) 
PARAMETRIC_REPRESENTATION_CONTEXT() REPRESENTATION_CONTEXT('2D SPACE',''
  ) );
#790 = FACE_BOUND('',#791,.F.);
#791 = EDGE_LOOP('',(#792));
#792 = ORIENTED_EDGE('',*,*,#793,.T.);
#793 = EDGE_CURVE('',#794,#794,#796,.T.);
#794 = VERTEX_POINT('',#795);
#795 = CARTESIAN_POINT('',(87.,208.,146.63989221983));
#796 = SURFACE_CURVE('',#797,(#802,#813),.PCURVE_S1.);
#797 = CIRCLE('',#798,2.25);
#798 = AXIS2_PLACEMENT_3D('',#799,#800,#801);
#799 = CARTESIAN_POINT('',(87.,208.,144.38989221983));
#800 = DIRECTION('',(0.,1.,0.));
#801 = DIRECTION('',(0.,-0.,1.));
#802 = PCURVE('',#44,#803);
#803 = DEFINITIONAL_REPRESENTATION('',(#804),#812);
#804 = ( BOUNDED_CURVE() B_SPLINE_CURVE(2,(#805,#806,#807,#808,#809,#810
,#811),.UNSPECIFIED.,.T.,.F.) B_SPLINE_CURVE_WITH_KNOTS((1,2,2,2,2,1),(
    -2.094395102393,0.,2.094395102393,4.188790204786,6.28318530718,
8.377580409573),.UNSPECIFIED.) CURVE() GEOMETRIC_REPRESENTATION_ITEM() 
RATIONAL_B_SPLINE_CURVE((1.,0.5,1.,0.5,1.,0.5,1.)) REPRESENTATION_ITEM(
  '') );
#805 = CARTESIAN_POINT('',(97.,12.25));
#806 = CARTESIAN_POINT('',(100.89711431703,12.25));
#807 = CARTESIAN_POINT('',(98.948557158515,8.875));
#808 = CARTESIAN_POINT('',(97.,5.5));
#809 = CARTESIAN_POINT('',(95.051442841485,8.875));
#810 = CARTESIAN_POINT('',(93.10288568297,12.25));
#811 = CARTESIAN_POINT('',(97.,12.25));
#812 = ( GEOMETRIC_REPRESENTATION_CONTEXT(2) 
PARAMETRIC_REPRESENTATION_CONTEXT() REPRESENTATION_CONTEXT('2D SPACE',''
  ) );
#813 = PCURVE('',#814,#819);
#814 = CYLINDRICAL_SURFACE('',#815,2.25);
#815 = AXIS2_PLACEMENT_3D('',#816,#817,#818);
#816 = CARTESIAN_POINT('',(87.,143.,144.38989221983));
#817 = DIRECTION('',(0.,1.,0.));
#818 = DIRECTION('',(0.,-0.,1.));
#819 = DEFINITIONAL_REPRESENTATION('',(#820),#824);
#820 = LINE('',#821,#822);
#821 = CARTESIAN_POINT('',(0.,65.));
#822 = VECTOR('',#823,1.);
#823 = DIRECTION('',(1.,0.));
#824 = ( GEOMETRIC_REPRESENTATION_CONTEXT(2) 
PARAMETRIC_REPRESENTATION_CONTEXT() REPRESENTATION_CONTEXT('2D SPACE',''
  ) );
#825 = FACE_BOUND('',#826,.F.);
#826 = EDGE_LOOP('',(#827));
#827 = ORIENTED_EDGE('',*,*,#828,.T.);
#828 = EDGE_CURVE('',#829,#829,#831,.T.);
#829 = VERTEX_POINT('',#830);
#830 = CARTESIAN_POINT('',(203.,208.,146.63989221983));
#831 = SURFACE_CURVE('',#832,(#837,#848),.PCURVE_S1.);
#832 = CIRCLE('',#833,2.25);
#833 = AXIS2_PLACEMENT_3D('',#834,#835,#836);
#834 = CARTESIAN_POINT('',(203.,208.,144.38989221983));
#835 = DIRECTION('',(0.,1.,0.));
#836 = DIRECTION('',(0.,-0.,1.));
#837 = PCURVE('',#44,#838);
#838 = DEFINITIONAL_REPRESENTATION('',(#839),#847);
#839 = ( BOUNDED_CURVE() B_SPLINE_CURVE(2,(#840,#841,#842,#843,#844,#845
,#846),.UNSPECIFIED.,.T.,.F.) B_SPLINE_CURVE_WITH_KNOTS((1,2,2,2,2,1),(
    -2.094395102393,0.,2.094395102393,4.188790204786,6.28318530718,
8.377580409573),.UNSPECIFIED.) CURVE() GEOMETRIC_REPRESENTATION_ITEM() 
RATIONAL_B_SPLINE_CURVE((1.,0.5,1.,0.5,1.,0.5,1.)) REPRESENTATION_ITEM(
  '') );
#840 = CARTESIAN_POINT('',(213.,12.25));
#841 = CARTESIAN_POINT('',(216.89711431703,12.25));
#842 = CARTESIAN_POINT('',(214.94855715851,8.875));
#843 = CARTESIAN_POINT('',(213.,5.5));
#844 = CARTESIAN_POINT('',(211.05144284148,8.875));
#845 = CARTESIAN_POINT('',(209.10288568297,12.25));
#846 = CARTESIAN_POINT('',(213.,12.25));
#847 = ( GEOMETRIC_REPRESENTATION_CONTEXT(2) 
PARAMETRIC_REPRESENTATION_CONTEXT() REPRESENTATION_CONTEXT('2D SPACE',''
  ) );
#848 = PCURVE('',#849,#854);
#849 = CYLINDRICAL_SURFACE('',#850,2.25);
#850 = AXIS2_PLACEMENT_3D('',#851,#852,#853);
#851 = CARTESIAN_POINT('',(203.,143.,144.38989221983));
#852 = DIRECTION('',(0.,1.,0.));
#853 = DIRECTION('',(0.,-0.,1.));
#854 = DEFINITIONAL_REPRESENTATION('',(#855),#859);
#855 = LINE('',#856,#857);
#856 = CARTESIAN_POINT('',(0.,65.));
#857 = VECTOR('',#858,1.);
#858 = DIRECTION('',(1.,0.));
#859 = ( GEOMETRIC_REPRESENTATION_CONTEXT(2) 
PARAMETRIC_REPRESENTATION_CONTEXT() REPRESENTATION_CONTEXT('2D SPACE',''
  ) );
#860 = FACE_BOUND('',#861,.F.);
#861 = EDGE_LOOP('',(#862));
#862 = ORIENTED_EDGE('',*,*,#863,.T.);
#863 = EDGE_CURVE('',#864,#864,#866,.T.);
#864 = VERTEX_POINT('',#865);
#865 = CARTESIAN_POINT('',(217.,208.,146.63989221983));
#866 = SURFACE_CURVE('',#867,(#872,#883),.PCURVE_S1.);
#867 = CIRCLE('',#868,2.25);
#868 = AXIS2_PLACEMENT_3D('',#869,#870,#871);
#869 = CARTESIAN_POINT('',(217.,208.,144.38989221983));
#870 = DIRECTION('',(0.,1.,0.));
#871 = DIRECTION('',(0.,-0.,1.));
#872 = PCURVE('',#44,#873);
#873 = DEFINITIONAL_REPRESENTATION('',(#874),#882);
#874 = ( BOUNDED_CURVE() B_SPLINE_CURVE(2,(#875,#876,#877,#878,#879,#880
,#881),.UNSPECIFIED.,.T.,.F.) B_SPLINE_CURVE_WITH_KNOTS((1,2,2,2,2,1),(
    -2.094395102393,0.,2.094395102393,4.188790204786,6.28318530718,
8.377580409573),.UNSPECIFIED.) CURVE() GEOMETRIC_REPRESENTATION_ITEM() 
RATIONAL_B_SPLINE_CURVE((1.,0.5,1.,0.5,1.,0.5,1.)) REPRESENTATION_ITEM(
  '') );
#875 = CARTESIAN_POINT('',(227.,12.25));
#876 = CARTESIAN_POINT('',(230.89711431703,12.25));
#877 = CARTESIAN_POINT('',(228.94855715851,8.875));
#878 = CARTESIAN_POINT('',(227.,5.5));
#879 = CARTESIAN_POINT('',(225.05144284148,8.875));
#880 = CARTESIAN_POINT('',(223.10288568297,12.25));
#881 = CARTESIAN_POINT('',(227.,12.25));
#882 = ( GEOMETRIC_REPRESENTATION_CONTEXT(2) 
PARAMETRIC_REPRESENTATION_CONTEXT() REPRESENTATION_CONTEXT('2D SPACE',''
  ) );
#883 = PCURVE('',#884,#889);
#884 = CYLINDRICAL_SURFACE('',#885,2.25);
#885 = AXIS2_PLACEMENT_3D('',#886,#887,#888);
#886 = CARTESIAN_POINT('',(217.,143.,144.38989221983));
#887 = DIRECTION('',(0.,1.,0.));
#888 = DIRECTION('',(0.,-0.,1.));
#889 = DEFINITIONAL_REPRESENTATION('',(#890),#894);
#890 = LINE('',#891,#892);
#891 = CARTESIAN_POINT('',(0.,65.));
#892 = VECTOR('',#893,1.);
#893 = DIRECTION('',(1.,0.));
#894 = ( GEOMETRIC_REPRESENTATION_CONTEXT(2) 
PARAMETRIC_REPRESENTATION_CONTEXT() REPRESENTATION_CONTEXT('2D SPACE',''
  ) );
#895 = FACE_BOUND('',#896,.F.);
#896 = EDGE_LOOP('',(#897));
#897 = ORIENTED_EDGE('',*,*,#898,.T.);
#898 = EDGE_CURVE('',#899,#899,#901,.T.);
#899 = VERTEX_POINT('',#900);
#900 = CARTESIAN_POINT('',(253.,208.,144.63989221983));
#901 = SURFACE_CURVE('',#902,(#907,#918),.PCURVE_S1.);
#902 = CIRCLE('',#903,2.25);
#903 = AXIS2_PLACEMENT_3D('',#904,#905,#906);
#904 = CARTESIAN_POINT('',(253.,208.,142.38989221983));
#905 = DIRECTION('',(0.,1.,0.));
#906 = DIRECTION('',(0.,-0.,1.));
#907 = PCURVE('',#44,#908);
#908 = DEFINITIONAL_REPRESENTATION('',(#909),#917);
#909 = ( BOUNDED_CURVE() B_SPLINE_CURVE(2,(#910,#911,#912,#913,#914,#915
,#916),.UNSPECIFIED.,.T.,.F.) B_SPLINE_CURVE_WITH_KNOTS((1,2,2,2,2,1),(
    -2.094395102393,0.,2.094395102393,4.188790204786,6.28318530718,
8.377580409573),.UNSPECIFIED.) CURVE() GEOMETRIC_REPRESENTATION_ITEM() 
RATIONAL_B_SPLINE_CURVE((1.,0.5,1.,0.5,1.,0.5,1.)) REPRESENTATION_ITEM(
  '') );
#910 = CARTESIAN_POINT('',(263.,10.25));
#911 = CARTESIAN_POINT('',(266.89711431703,10.25));
#912 = CARTESIAN_POINT('',(264.94855715851,6.875));
#913 = CARTESIAN_POINT('',(263.,3.5));
#914 = CARTESIAN_POINT('',(261.05144284148,6.875));
#915 = CARTESIAN_POINT('',(259.10288568297,10.25));
#916 = CARTESIAN_POINT('',(263.,10.25));
#917 = ( GEOMETRIC_REPRESENTATION_CONTEXT(2) 
PARAMETRIC_REPRESENTATION_CONTEXT() REPRESENTATION_CONTEXT('2D SPACE',''
  ) );
#918 = PCURVE('',#919,#924);
#919 = CYLINDRICAL_SURFACE('',#920,2.25);
#920 = AXIS2_PLACEMENT_3D('',#921,#922,#923);
#921 = CARTESIAN_POINT('',(253.,143.,142.38989221983));
#922 = DIRECTION('',(0.,1.,0.));
#923 = DIRECTION('',(0.,-0.,1.));
#924 = DEFINITIONAL_REPRESENTATION('',(#925),#929);
#925 = LINE('',#926,#927);
#926 = CARTESIAN_POINT('',(0.,65.));
#927 = VECTOR('',#928,1.);
#928 = DIRECTION('',(1.,0.));
#929 = ( GEOMETRIC_REPRESENTATION_CONTEXT(2) 
PARAMETRIC_REPRESENTATION_CONTEXT() REPRESENTATION_CONTEXT('2D SPACE',''
  ) );
#930 = FACE_BOUND('',#931,.F.);
#931 = EDGE_LOOP('',(#932));
#932 = ORIENTED_EDGE('',*,*,#933,.T.);
#933 = EDGE_CURVE('',#934,#934,#936,.T.);
#934 = VERTEX_POINT('',#935);
#935 = CARTESIAN_POINT('',(253.,208.,158.63989221983));
#936 = SURFACE_CURVE('',#937,(#942,#953),.PCURVE_S1.);
#937 = CIRCLE('',#938,2.25);
#938 = AXIS2_PLACEMENT_3D('',#939,#940,#941);
#939 = CARTESIAN_POINT('',(253.,208.,156.38989221983));
#940 = DIRECTION('',(0.,1.,0.));
#941 = DIRECTION('',(0.,-0.,1.));
#942 = PCURVE('',#44,#943);
#943 = DEFINITIONAL_REPRESENTATION('',(#944),#952);
#944 = ( BOUNDED_CURVE() B_SPLINE_CURVE(2,(#945,#946,#947,#948,#949,#950
,#951),.UNSPECIFIED.,.T.,.F.) B_SPLINE_CURVE_WITH_KNOTS((1,2,2,2,2,1),(
    -2.094395102393,0.,2.094395102393,4.188790204786,6.28318530718,
8.377580409573),.UNSPECIFIED.) CURVE() GEOMETRIC_REPRESENTATION_ITEM() 
RATIONAL_B_SPLINE_CURVE((1.,0.5,1.,0.5,1.,0.5,1.)) REPRESENTATION_ITEM(
  '') );
#945 = CARTESIAN_POINT('',(263.,24.25));
#946 = CARTESIAN_POINT('',(266.89711431703,24.25));
#947 = CARTESIAN_POINT('',(264.94855715851,20.875));
#948 = CARTESIAN_POINT('',(263.,17.5));
#949 = CARTESIAN_POINT('',(261.05144284148,20.875));
#950 = CARTESIAN_POINT('',(259.10288568297,24.25));
#951 = CARTESIAN_POINT('',(263.,24.25));
#952 = ( GEOMETRIC_REPRESENTATION_CONTEXT(2) 
PARAMETRIC_REPRESENTATION_CONTEXT() REPRESENTATION_CONTEXT('2D SPACE',''
  ) );
#953 = PCURVE('',#954,#959);
#954 = CYLINDRICAL_SURFACE('',#955,2.25);
#955 = AXIS2_PLACEMENT_3D('',#956,#957,#958);
#956 = CARTESIAN_POINT('',(253.,143.,156.38989221983));
#957 = DIRECTION('',(0.,1.,0.));
#958 = DIRECTION('',(0.,-0.,1.));
#959 = DEFINITIONAL_REPRESENTATION('',(#960),#964);
#960 = LINE('',#961,#962);
#961 = CARTESIAN_POINT('',(0.,65.));
#962 = VECTOR('',#963,1.);
#963 = DIRECTION('',(1.,0.));
#964 = ( GEOMETRIC_REPRESENTATION_CONTEXT(2) 
PARAMETRIC_REPRESENTATION_CONTEXT() REPRESENTATION_CONTEXT('2D SPACE',''
  ) );
#965 = FACE_BOUND('',#966,.F.);
#966 = EDGE_LOOP('',(#967,#995,#1021,#1054,#1080,#1113,#1139,#1172,#1198
    ,#1231,#1257,#1283));
#967 = ORIENTED_EDGE('',*,*,#968,.F.);
#968 = EDGE_CURVE('',#969,#971,#973,.T.);
#969 = VERTEX_POINT('',#970);
#970 = CARTESIAN_POINT('',(225.,208.,162.38989221983));
#971 = VERTEX_POINT('',#972);
#972 = CARTESIAN_POINT('',(225.,208.,224.38989221983));
#973 = SURFACE_CURVE('',#974,(#978,#984),.PCURVE_S1.);
#974 = LINE('',#975,#976);
#975 = CARTESIAN_POINT('',(225.,208.,148.38989221983));
#976 = VECTOR('',#977,1.);
#977 = DIRECTION('',(0.,0.,1.));
#978 = PCURVE('',#44,#979);
#979 = DEFINITIONAL_REPRESENTATION('',(#980),#983);
#980 = B_SPLINE_CURVE_WITH_KNOTS('',1,(#981,#982),.UNSPECIFIED.,.F.,.F.,
  (2,2),(14.,76.),.PIECEWISE_BEZIER_KNOTS.);
#981 = CARTESIAN_POINT('',(235.,28.));
#982 = CARTESIAN_POINT('',(235.,90.));
#983 = ( GEOMETRIC_REPRESENTATION_CONTEXT(2) 
PARAMETRIC_REPRESENTATION_CONTEXT() REPRESENTATION_CONTEXT('2D SPACE',''
  ) );
#984 = PCURVE('',#985,#990);
#985 = PLANE('',#986);
#986 = AXIS2_PLACEMENT_3D('',#987,#988,#989);
#987 = CARTESIAN_POINT('',(225.,208.1,162.38989221983));
#988 = DIRECTION('',(1.,0.,0.));
#989 = DIRECTION('',(0.,-1.,0.));
#990 = DEFINITIONAL_REPRESENTATION('',(#991),#994);
#991 = B_SPLINE_CURVE_WITH_KNOTS('',1,(#992,#993),.UNSPECIFIED.,.F.,.F.,
  (2,2),(14.,76.),.PIECEWISE_BEZIER_KNOTS.);
#992 = CARTESIAN_POINT('',(0.1,0.));
#993 = CARTESIAN_POINT('',(0.1,-62.));
#994 = ( GEOMETRIC_REPRESENTATION_CONTEXT(2) 
PARAMETRIC_REPRESENTATION_CONTEXT() REPRESENTATION_CONTEXT('2D SPACE',''
  ) );
#995 = ORIENTED_EDGE('',*,*,#996,.T.);
#996 = EDGE_CURVE('',#969,#997,#999,.T.);
#997 = VERTEX_POINT('',#998);
#998 = CARTESIAN_POINT('',(218.0307764064,208.,162.38989221983));
#999 = SURFACE_CURVE('',#1000,(#1004,#1010),.PCURVE_S1.);
#1000 = LINE('',#1001,#1002);
#1001 = CARTESIAN_POINT('',(21.5,208.,162.38989221983));
#1002 = VECTOR('',#1003,1.);
#1003 = DIRECTION('',(-1.,-0.,0.));
#1004 = PCURVE('',#44,#1005);
#1005 = DEFINITIONAL_REPRESENTATION('',(#1006),#1009);
#1006 = B_SPLINE_CURVE_WITH_KNOTS('',1,(#1007,#1008),.UNSPECIFIED.,.F.,
  .F.,(2,2),(-203.5,-31.5),.PIECEWISE_BEZIER_KNOTS.);
#1007 = CARTESIAN_POINT('',(235.,28.));
#1008 = CARTESIAN_POINT('',(63.,28.));
#1009 = ( GEOMETRIC_REPRESENTATION_CONTEXT(2) 
PARAMETRIC_REPRESENTATION_CONTEXT() REPRESENTATION_CONTEXT('2D SPACE',''
  ) );
#1010 = PCURVE('',#1011,#1016);
#1011 = PLANE('',#1012);
#1012 = AXIS2_PLACEMENT_3D('',#1013,#1014,#1015);
#1013 = CARTESIAN_POINT('',(53.,208.1,162.38989221983));
#1014 = DIRECTION('',(0.,0.,1.));
#1015 = DIRECTION('',(0.,-1.,0.));
#1016 = DEFINITIONAL_REPRESENTATION('',(#1017),#1020);
#1017 = B_SPLINE_CURVE_WITH_KNOTS('',1,(#1018,#1019),.UNSPECIFIED.,.F.,
  .F.,(2,2),(-203.5,-31.5),.PIECEWISE_BEZIER_KNOTS.);
#1018 = CARTESIAN_POINT('',(0.1,172.));
#1019 = CARTESIAN_POINT('',(0.1,0.));
#1020 = ( GEOMETRIC_REPRESENTATION_CONTEXT(2) 
PARAMETRIC_REPRESENTATION_CONTEXT() REPRESENTATION_CONTEXT('2D SPACE',''
  ) );
#1021 = ORIENTED_EDGE('',*,*,#1022,.T.);
#1022 = EDGE_CURVE('',#997,#1023,#1025,.T.);
#1023 = VERTEX_POINT('',#1024);
#1024 = CARTESIAN_POINT('',(215.96922359359,208.,162.38989221983));
#1025 = SURFACE_CURVE('',#1026,(#1031,#1042),.PCURVE_S1.);
#1026 = CIRCLE('',#1027,2.25);
#1027 = AXIS2_PLACEMENT_3D('',#1028,#1029,#1030);
#1028 = CARTESIAN_POINT('',(217.,208.,164.38989221983));
#1029 = DIRECTION('',(0.,1.,0.));
#1030 = DIRECTION('',(0.,-0.,1.));
#1031 = PCURVE('',#44,#1032);
#1032 = DEFINITIONAL_REPRESENTATION('',(#1033),#1041);
#1033 = ( BOUNDED_CURVE() B_SPLINE_CURVE(2,(#1034,#1035,#1036,#1037,
#1038,#1039,#1040),.UNSPECIFIED.,.T.,.F.) B_SPLINE_CURVE_WITH_KNOTS((1,2
    ,2,2,2,1),(-2.094395102393,0.,2.094395102393,4.188790204786,
6.28318530718,8.377580409573),.UNSPECIFIED.) CURVE() 
GEOMETRIC_REPRESENTATION_ITEM() RATIONAL_B_SPLINE_CURVE((1.,0.5,1.,0.5,
1.,0.5,1.)) REPRESENTATION_ITEM('') );
#1034 = CARTESIAN_POINT('',(227.,32.25));
#1035 = CARTESIAN_POINT('',(230.89711431703,32.25));
#1036 = CARTESIAN_POINT('',(228.94855715851,28.875));
#1037 = CARTESIAN_POINT('',(227.,25.5));
#1038 = CARTESIAN_POINT('',(225.05144284148,28.875));
#1039 = CARTESIAN_POINT('',(223.10288568297,32.25));
#1040 = CARTESIAN_POINT('',(227.,32.25));
#1041 = ( GEOMETRIC_REPRESENTATION_CONTEXT(2) 
PARAMETRIC_REPRESENTATION_CONTEXT() REPRESENTATION_CONTEXT('2D SPACE',''
  ) );
#1042 = PCURVE('',#1043,#1048);
#1043 = CYLINDRICAL_SURFACE('',#1044,2.25);
#1044 = AXIS2_PLACEMENT_3D('',#1045,#1046,#1047);
#1045 = CARTESIAN_POINT('',(217.,143.,164.38989221983));
#1046 = DIRECTION('',(0.,1.,0.));
#1047 = DIRECTION('',(0.,-0.,1.));
#1048 = DEFINITIONAL_REPRESENTATION('',(#1049),#1053);
#1049 = LINE('',#1050,#1051);
#1050 = CARTESIAN_POINT('',(0.,65.));
#1051 = VECTOR('',#1052,1.);
#1052 = DIRECTION('',(1.,0.));
#1053 = ( GEOMETRIC_REPRESENTATION_CONTEXT(2) 
PARAMETRIC_REPRESENTATION_CONTEXT() REPRESENTATION_CONTEXT('2D SPACE',''
  ) );
#1054 = ORIENTED_EDGE('',*,*,#1055,.T.);
#1055 = EDGE_CURVE('',#1023,#1056,#1058,.T.);
#1056 = VERTEX_POINT('',#1057);
#1057 = CARTESIAN_POINT('',(204.0307764064,208.,162.38989221983));
#1058 = SURFACE_CURVE('',#1059,(#1063,#1069),.PCURVE_S1.);
#1059 = LINE('',#1060,#1061);
#1060 = CARTESIAN_POINT('',(21.5,208.,162.38989221983));
#1061 = VECTOR('',#1062,1.);
#1062 = DIRECTION('',(-1.,-0.,0.));
#1063 = PCURVE('',#44,#1064);
#1064 = DEFINITIONAL_REPRESENTATION('',(#1065),#1068);
#1065 = B_SPLINE_CURVE_WITH_KNOTS('',1,(#1066,#1067),.UNSPECIFIED.,.F.,
  .F.,(2,2),(-203.5,-31.5),.PIECEWISE_BEZIER_KNOTS.);
#1066 = CARTESIAN_POINT('',(235.,28.));
#1067 = CARTESIAN_POINT('',(63.,28.));
#1068 = ( GEOMETRIC_REPRESENTATION_CONTEXT(2) 
PARAMETRIC_REPRESENTATION_CONTEXT() REPRESENTATION_CONTEXT('2D SPACE',''
  ) );
#1069 = PCURVE('',#1070,#1075);
#1070 = PLANE('',#1071);
#1071 = AXIS2_PLACEMENT_3D('',#1072,#1073,#1074);
#1072 = CARTESIAN_POINT('',(53.,208.1,162.38989221983));
#1073 = DIRECTION('',(0.,0.,1.));
#1074 = DIRECTION('',(0.,-1.,0.));
#1075 = DEFINITIONAL_REPRESENTATION('',(#1076),#1079);
#1076 = B_SPLINE_CURVE_WITH_KNOTS('',1,(#1077,#1078),.UNSPECIFIED.,.F.,
  .F.,(2,2),(-203.5,-31.5),.PIECEWISE_BEZIER_KNOTS.);
#1077 = CARTESIAN_POINT('',(0.1,172.));
#1078 = CARTESIAN_POINT('',(0.1,0.));
#1079 = ( GEOMETRIC_REPRESENTATION_CONTEXT(2) 
PARAMETRIC_REPRESENTATION_CONTEXT() REPRESENTATION_CONTEXT('2D SPACE',''
  ) );
#1080 = ORIENTED_EDGE('',*,*,#1081,.T.);
#1081 = EDGE_CURVE('',#1056,#1082,#1084,.T.);
#1082 = VERTEX_POINT('',#1083);
#1083 = CARTESIAN_POINT('',(201.96922359359,208.,162.38989221983));
#1084 = SURFACE_CURVE('',#1085,(#1090,#1101),.PCURVE_S1.);
#1085 = CIRCLE('',#1086,2.25);
#1086 = AXIS2_PLACEMENT_3D('',#1087,#1088,#1089);
#1087 = CARTESIAN_POINT('',(203.,208.,164.38989221983));
#1088 = DIRECTION('',(0.,1.,0.));
#1089 = DIRECTION('',(0.,-0.,1.));
#1090 = PCURVE('',#44,#1091);
#1091 = DEFINITIONAL_REPRESENTATION('',(#1092),#1100);
#1092 = ( BOUNDED_CURVE() B_SPLINE_CURVE(2,(#1093,#1094,#1095,#1096,
#1097,#1098,#1099),.UNSPECIFIED.,.T.,.F.) B_SPLINE_CURVE_WITH_KNOTS((1,2
    ,2,2,2,1),(-2.094395102393,0.,2.094395102393,4.188790204786,
6.28318530718,8.377580409573),.UNSPECIFIED.) CURVE() 
GEOMETRIC_REPRESENTATION_ITEM() RATIONAL_B_SPLINE_CURVE((1.,0.5,1.,0.5,
1.,0.5,1.)) REPRESENTATION_ITEM('') );
#1093 = CARTESIAN_POINT('',(213.,32.25));
#1094 = CARTESIAN_POINT('',(216.89711431703,32.25));
#1095 = CARTESIAN_POINT('',(214.94855715851,28.875));
#1096 = CARTESIAN_POINT('',(213.,25.5));
#1097 = CARTESIAN_POINT('',(211.05144284148,28.875));
#1098 = CARTESIAN_POINT('',(209.10288568297,32.25));
#1099 = CARTESIAN_POINT('',(213.,32.25));
#1100 = ( GEOMETRIC_REPRESENTATION_CONTEXT(2) 
PARAMETRIC_REPRESENTATION_CONTEXT() REPRESENTATION_CONTEXT('2D SPACE',''
  ) );
#1101 = PCURVE('',#1102,#1107);
#1102 = CYLINDRICAL_SURFACE('',#1103,2.25);
#1103 = AXIS2_PLACEMENT_3D('',#1104,#1105,#1106);
#1104 = CARTESIAN_POINT('',(203.,143.,164.38989221983));
#1105 = DIRECTION('',(0.,1.,0.));
#1106 = DIRECTION('',(0.,-0.,1.));
#1107 = DEFINITIONAL_REPRESENTATION('',(#1108),#1112);
#1108 = LINE('',#1109,#1110);
#1109 = CARTESIAN_POINT('',(0.,65.));
#1110 = VECTOR('',#1111,1.);
#1111 = DIRECTION('',(1.,0.));
#1112 = ( GEOMETRIC_REPRESENTATION_CONTEXT(2) 
PARAMETRIC_REPRESENTATION_CONTEXT() REPRESENTATION_CONTEXT('2D SPACE',''
  ) );
#1113 = ORIENTED_EDGE('',*,*,#1114,.T.);
#1114 = EDGE_CURVE('',#1082,#1115,#1117,.T.);
#1115 = VERTEX_POINT('',#1116);
#1116 = CARTESIAN_POINT('',(88.030776406404,208.,162.38989221983));
#1117 = SURFACE_CURVE('',#1118,(#1122,#1128),.PCURVE_S1.);
#1118 = LINE('',#1119,#1120);
#1119 = CARTESIAN_POINT('',(21.5,208.,162.38989221983));
#1120 = VECTOR('',#1121,1.);
#1121 = DIRECTION('',(-1.,-0.,0.));
#1122 = PCURVE('',#44,#1123);
#1123 = DEFINITIONAL_REPRESENTATION('',(#1124),#1127);
#1124 = B_SPLINE_CURVE_WITH_KNOTS('',1,(#1125,#1126),.UNSPECIFIED.,.F.,
  .F.,(2,2),(-203.5,-31.5),.PIECEWISE_BEZIER_KNOTS.);
#1125 = CARTESIAN_POINT('',(235.,28.));
#1126 = CARTESIAN_POINT('',(63.,28.));
#1127 = ( GEOMETRIC_REPRESENTATION_CONTEXT(2) 
PARAMETRIC_REPRESENTATION_CONTEXT() REPRESENTATION_CONTEXT('2D SPACE',''
  ) );
#1128 = PCURVE('',#1129,#1134);
#1129 = PLANE('',#1130);
#1130 = AXIS2_PLACEMENT_3D('',#1131,#1132,#1133);
#1131 = CARTESIAN_POINT('',(53.,208.1,162.38989221983));
#1132 = DIRECTION('',(0.,0.,1.));
#1133 = DIRECTION('',(0.,-1.,0.));
#1134 = DEFINITIONAL_REPRESENTATION('',(#1135),#1138);
#1135 = B_SPLINE_CURVE_WITH_KNOTS('',1,(#1136,#1137),.UNSPECIFIED.,.F.,
  .F.,(2,2),(-203.5,-31.5),.PIECEWISE_BEZIER_KNOTS.);
#1136 = CARTESIAN_POINT('',(0.1,172.));
#1137 = CARTESIAN_POINT('',(0.1,0.));
#1138 = ( GEOMETRIC_REPRESENTATION_CONTEXT(2) 
PARAMETRIC_REPRESENTATION_CONTEXT() REPRESENTATION_CONTEXT('2D SPACE',''
  ) );
#1139 = ORIENTED_EDGE('',*,*,#1140,.T.);
#1140 = EDGE_CURVE('',#1115,#1141,#1143,.T.);
#1141 = VERTEX_POINT('',#1142);
#1142 = CARTESIAN_POINT('',(85.969223593596,208.,162.38989221983));
#1143 = SURFACE_CURVE('',#1144,(#1149,#1160),.PCURVE_S1.);
#1144 = CIRCLE('',#1145,2.25);
#1145 = AXIS2_PLACEMENT_3D('',#1146,#1147,#1148);
#1146 = CARTESIAN_POINT('',(87.,208.,164.38989221983));
#1147 = DIRECTION('',(0.,1.,0.));
#1148 = DIRECTION('',(0.,-0.,1.));
#1149 = PCURVE('',#44,#1150);
#1150 = DEFINITIONAL_REPRESENTATION('',(#1151),#1159);
#1151 = ( BOUNDED_CURVE() B_SPLINE_CURVE(2,(#1152,#1153,#1154,#1155,
#1156,#1157,#1158),.UNSPECIFIED.,.T.,.F.) B_SPLINE_CURVE_WITH_KNOTS((1,2
    ,2,2,2,1),(-2.094395102393,0.,2.094395102393,4.188790204786,
6.28318530718,8.377580409573),.UNSPECIFIED.) CURVE() 
GEOMETRIC_REPRESENTATION_ITEM() RATIONAL_B_SPLINE_CURVE((1.,0.5,1.,0.5,
1.,0.5,1.)) REPRESENTATION_ITEM('') );
#1152 = CARTESIAN_POINT('',(97.,32.25));
#1153 = CARTESIAN_POINT('',(100.89711431703,32.25));
#1154 = CARTESIAN_POINT('',(98.948557158515,28.875));
#1155 = CARTESIAN_POINT('',(97.,25.5));
#1156 = CARTESIAN_POINT('',(95.051442841485,28.875));
#1157 = CARTESIAN_POINT('',(93.10288568297,32.25));
#1158 = CARTESIAN_POINT('',(97.,32.25));
#1159 = ( GEOMETRIC_REPRESENTATION_CONTEXT(2) 
PARAMETRIC_REPRESENTATION_CONTEXT() REPRESENTATION_CONTEXT('2D SPACE',''
  ) );
#1160 = PCURVE('',#1161,#1166);
#1161 = CYLINDRICAL_SURFACE('',#1162,2.25);
#1162 = AXIS2_PLACEMENT_3D('',#1163,#1164,#1165);
#1163 = CARTESIAN_POINT('',(87.,143.,164.38989221983));
#1164 = DIRECTION('',(0.,1.,0.));
#1165 = DIRECTION('',(0.,-0.,1.));
#1166 = DEFINITIONAL_REPRESENTATION('',(#1167),#1171);
#1167 = LINE('',#1168,#1169);
#1168 = CARTESIAN_POINT('',(0.,65.));
#1169 = VECTOR('',#1170,1.);
#1170 = DIRECTION('',(1.,0.));
#1171 = ( GEOMETRIC_REPRESENTATION_CONTEXT(2) 
PARAMETRIC_REPRESENTATION_CONTEXT() REPRESENTATION_CONTEXT('2D SPACE',''
  ) );
#1172 = ORIENTED_EDGE('',*,*,#1173,.T.);
#1173 = EDGE_CURVE('',#1141,#1174,#1176,.T.);
#1174 = VERTEX_POINT('',#1175);
#1175 = CARTESIAN_POINT('',(74.030776406404,208.,162.38989221983));
#1176 = SURFACE_CURVE('',#1177,(#1181,#1187),.PCURVE_S1.);
#1177 = LINE('',#1178,#1179);
#1178 = CARTESIAN_POINT('',(21.5,208.,162.38989221983));
#1179 = VECTOR('',#1180,1.);
#1180 = DIRECTION('',(-1.,-0.,0.));
#1181 = PCURVE('',#44,#1182);
#1182 = DEFINITIONAL_REPRESENTATION('',(#1183),#1186);
#1183 = B_SPLINE_CURVE_WITH_KNOTS('',1,(#1184,#1185),.UNSPECIFIED.,.F.,
  .F.,(2,2),(-203.5,-31.5),.PIECEWISE_BEZIER_KNOTS.);
#1184 = CARTESIAN_POINT('',(235.,28.));
#1185 = CARTESIAN_POINT('',(63.,28.));
#1186 = ( GEOMETRIC_REPRESENTATION_CONTEXT(2) 
PARAMETRIC_REPRESENTATION_CONTEXT() REPRESENTATION_CONTEXT('2D SPACE',''
  ) );
#1187 = PCURVE('',#1188,#1193);
#1188 = PLANE('',#1189);
#1189 = AXIS2_PLACEMENT_3D('',#1190,#1191,#1192);
#1190 = CARTESIAN_POINT('',(53.,208.1,162.38989221983));
#1191 = DIRECTION('',(0.,0.,1.));
#1192 = DIRECTION('',(0.,-1.,0.));
#1193 = DEFINITIONAL_REPRESENTATION('',(#1194),#1197);
#1194 = B_SPLINE_CURVE_WITH_KNOTS('',1,(#1195,#1196),.UNSPECIFIED.,.F.,
  .F.,(2,2),(-203.5,-31.5),.PIECEWISE_BEZIER_KNOTS.);
#1195 = CARTESIAN_POINT('',(0.1,172.));
#1196 = CARTESIAN_POINT('',(0.1,0.));
#1197 = ( GEOMETRIC_REPRESENTATION_CONTEXT(2) 
PARAMETRIC_REPRESENTATION_CONTEXT() REPRESENTATION_CONTEXT('2D SPACE',''
  ) );
#1198 = ORIENTED_EDGE('',*,*,#1199,.T.);
#1199 = EDGE_CURVE('',#1174,#1200,#1202,.T.);
#1200 = VERTEX_POINT('',#1201);
#1201 = CARTESIAN_POINT('',(71.969223593596,208.,162.38989221983));
#1202 = SURFACE_CURVE('',#1203,(#1208,#1219),.PCURVE_S1.);
#1203 = CIRCLE('',#1204,2.25);
#1204 = AXIS2_PLACEMENT_3D('',#1205,#1206,#1207);
#1205 = CARTESIAN_POINT('',(73.,208.,164.38989221983));
#1206 = DIRECTION('',(0.,1.,0.));
#1207 = DIRECTION('',(0.,-0.,1.));
#1208 = PCURVE('',#44,#1209);
#1209 = DEFINITIONAL_REPRESENTATION('',(#1210),#1218);
#1210 = ( BOUNDED_CURVE() B_SPLINE_CURVE(2,(#1211,#1212,#1213,#1214,
#1215,#1216,#1217),.UNSPECIFIED.,.T.,.F.) B_SPLINE_CURVE_WITH_KNOTS((1,2
    ,2,2,2,1),(-2.094395102393,0.,2.094395102393,4.188790204786,
6.28318530718,8.377580409573),.UNSPECIFIED.) CURVE() 
GEOMETRIC_REPRESENTATION_ITEM() RATIONAL_B_SPLINE_CURVE((1.,0.5,1.,0.5,
1.,0.5,1.)) REPRESENTATION_ITEM('') );
#1211 = CARTESIAN_POINT('',(83.,32.25));
#1212 = CARTESIAN_POINT('',(86.89711431703,32.25));
#1213 = CARTESIAN_POINT('',(84.948557158515,28.875));
#1214 = CARTESIAN_POINT('',(83.,25.5));
#1215 = CARTESIAN_POINT('',(81.051442841485,28.875));
#1216 = CARTESIAN_POINT('',(79.10288568297,32.25));
#1217 = CARTESIAN_POINT('',(83.,32.25));
#1218 = ( GEOMETRIC_REPRESENTATION_CONTEXT(2) 
PARAMETRIC_REPRESENTATION_CONTEXT() REPRESENTATION_CONTEXT('2D SPACE',''
  ) );
#1219 = PCURVE('',#1220,#1225);
#1220 = CYLINDRICAL_SURFACE('',#1221,2.25);
#1221 = AXIS2_PLACEMENT_3D('',#1222,#1223,#1224);
#1222 = CARTESIAN_POINT('',(73.,143.,164.38989221983));
#1223 = DIRECTION('',(0.,1.,0.));
#1224 = DIRECTION('',(0.,-0.,1.));
#1225 = DEFINITIONAL_REPRESENTATION('',(#1226),#1230);
#1226 = LINE('',#1227,#1228);
#1227 = CARTESIAN_POINT('',(0.,65.));
#1228 = VECTOR('',#1229,1.);
#1229 = DIRECTION('',(1.,0.));
#1230 = ( GEOMETRIC_REPRESENTATION_CONTEXT(2) 
PARAMETRIC_REPRESENTATION_CONTEXT() REPRESENTATION_CONTEXT('2D SPACE',''
  ) );
#1231 = ORIENTED_EDGE('',*,*,#1232,.T.);
#1232 = EDGE_CURVE('',#1200,#1233,#1235,.T.);
#1233 = VERTEX_POINT('',#1234);
#1234 = CARTESIAN_POINT('',(53.,208.,162.38989221983));
#1235 = SURFACE_CURVE('',#1236,(#1240,#1246),.PCURVE_S1.);
#1236 = LINE('',#1237,#1238);
#1237 = CARTESIAN_POINT('',(21.5,208.,162.38989221983));
#1238 = VECTOR('',#1239,1.);
#1239 = DIRECTION('',(-1.,-0.,0.));
#1240 = PCURVE('',#44,#1241);
#1241 = DEFINITIONAL_REPRESENTATION('',(#1242),#1245);
#1242 = B_SPLINE_CURVE_WITH_KNOTS('',1,(#1243,#1244),.UNSPECIFIED.,.F.,
  .F.,(2,2),(-203.5,-31.5),.PIECEWISE_BEZIER_KNOTS.);
#1243 = CARTESIAN_POINT('',(235.,28.));
#1244 = CARTESIAN_POINT('',(63.,28.));
#1245 = ( GEOMETRIC_REPRESENTATION_CONTEXT(2) 
PARAMETRIC_REPRESENTATION_CONTEXT() REPRESENTATION_CONTEXT('2D SPACE',''
  ) );
#1246 = PCURVE('',#1247,#1252);
#1247 = PLANE('',#1248);
#1248 = AXIS2_PLACEMENT_3D('',#1249,#1250,#1251);
#1249 = CARTESIAN_POINT('',(53.,208.1,162.38989221983));
#1250 = DIRECTION('',(0.,0.,1.));
#1251 = DIRECTION('',(0.,-1.,0.));
#1252 = DEFINITIONAL_REPRESENTATION('',(#1253),#1256);
#1253 = B_SPLINE_CURVE_WITH_KNOTS('',1,(#1254,#1255),.UNSPECIFIED.,.F.,
  .F.,(2,2),(-203.5,-31.5),.PIECEWISE_BEZIER_KNOTS.);
#1254 = CARTESIAN_POINT('',(0.1,172.));
#1255 = CARTESIAN_POINT('',(0.1,0.));
#1256 = ( GEOMETRIC_REPRESENTATION_CONTEXT(2) 
PARAMETRIC_REPRESENTATION_CONTEXT() REPRESENTATION_CONTEXT('2D SPACE',''
  ) );
#1257 = ORIENTED_EDGE('',*,*,#1258,.T.);
#1258 = EDGE_CURVE('',#1233,#1259,#1261,.T.);
#1259 = VERTEX_POINT('',#1260);
#1260 = CARTESIAN_POINT('',(53.,208.,224.38989221983));
#1261 = SURFACE_CURVE('',#1262,(#1266,#1272),.PCURVE_S1.);
#1262 = LINE('',#1263,#1264);
#1263 = CARTESIAN_POINT('',(53.,208.,148.38989221983));
#1264 = VECTOR('',#1265,1.);
#1265 = DIRECTION('',(0.,0.,1.));
#1266 = PCURVE('',#44,#1267);
#1267 = DEFINITIONAL_REPRESENTATION('',(#1268),#1271);
#1268 = B_SPLINE_CURVE_WITH_KNOTS('',1,(#1269,#1270),.UNSPECIFIED.,.F.,
  .F.,(2,2),(14.,76.),.PIECEWISE_BEZIER_KNOTS.);
#1269 = CARTESIAN_POINT('',(63.,28.));
#1270 = CARTESIAN_POINT('',(63.,90.));
#1271 = ( GEOMETRIC_REPRESENTATION_CONTEXT(2) 
PARAMETRIC_REPRESENTATION_CONTEXT() REPRESENTATION_CONTEXT('2D SPACE',''
  ) );
#1272 = PCURVE('',#1273,#1278);
#1273 = PLANE('',#1274);
#1274 = AXIS2_PLACEMENT_3D('',#1275,#1276,#1277);
#1275 = CARTESIAN_POINT('',(53.,208.1,162.38989221983));
#1276 = DIRECTION('',(1.,0.,0.));
#1277 = DIRECTION('',(0.,-1.,0.));
#1278 = DEFINITIONAL_REPRESENTATION('',(#1279),#1282);
#1279 = B_SPLINE_CURVE_WITH_KNOTS('',1,(#1280,#1281),.UNSPECIFIED.,.F.,
  .F.,(2,2),(14.,76.),.PIECEWISE_BEZIER_KNOTS.);
#1280 = CARTESIAN_POINT('',(0.1,0.));
#1281 = CARTESIAN_POINT('',(0.1,-62.));
#1282 = ( GEOMETRIC_REPRESENTATION_CONTEXT(2) 
PARAMETRIC_REPRESENTATION_CONTEXT() REPRESENTATION_CONTEXT('2D SPACE',''
  ) );
#1283 = ORIENTED_EDGE('',*,*,#1284,.F.);
#1284 = EDGE_CURVE('',#971,#1259,#1285,.T.);
#1285 = SURFACE_CURVE('',#1286,(#1290,#1296),.PCURVE_S1.);
#1286 = LINE('',#1287,#1288);
#1287 = CARTESIAN_POINT('',(21.5,208.,224.38989221983));
#1288 = VECTOR('',#1289,1.);
#1289 = DIRECTION('',(-1.,-0.,0.));
#1290 = PCURVE('',#44,#1291);
#1291 = DEFINITIONAL_REPRESENTATION('',(#1292),#1295);
#1292 = B_SPLINE_CURVE_WITH_KNOTS('',1,(#1293,#1294),.UNSPECIFIED.,.F.,
  .F.,(2,2),(-203.5,-31.5),.PIECEWISE_BEZIER_KNOTS.);
#1293 = CARTESIAN_POINT('',(235.,90.));
#1294 = CARTESIAN_POINT('',(63.,90.));
#1295 = ( GEOMETRIC_REPRESENTATION_CONTEXT(2) 
PARAMETRIC_REPRESENTATION_CONTEXT() REPRESENTATION_CONTEXT('2D SPACE',''
  ) );
#1296 = PCURVE('',#1297,#1302);
#1297 = PLANE('',#1298);
#1298 = AXIS2_PLACEMENT_3D('',#1299,#1300,#1301);
#1299 = CARTESIAN_POINT('',(53.,208.1,224.38989221983));
#1300 = DIRECTION('',(0.,0.,1.));
#1301 = DIRECTION('',(0.,-1.,0.));
#1302 = DEFINITIONAL_REPRESENTATION('',(#1303),#1306);
#1303 = B_SPLINE_CURVE_WITH_KNOTS('',1,(#1304,#1305),.UNSPECIFIED.,.F.,
  .F.,(2,2),(-203.5,-31.5),.PIECEWISE_BEZIER_KNOTS.);
#1304 = CARTESIAN_POINT('',(0.1,172.));
#1305 = CARTESIAN_POINT('',(0.1,0.));
#1306 = ( GEOMETRIC_REPRESENTATION_CONTEXT(2) 
PARAMETRIC_REPRESENTATION_CONTEXT() REPRESENTATION_CONTEXT('2D SPACE',''
  ) );
#1307 = FACE_BOUND('',#1308,.F.);
#1308 = EDGE_LOOP('',(#1309,#1337,#1370,#1396));
#1309 = ORIENTED_EDGE('',*,*,#1310,.F.);
#1310 = EDGE_CURVE('',#1311,#1313,#1315,.T.);
#1311 = VERTEX_POINT('',#1312);
#1312 = CARTESIAN_POINT('',(15.,208.,216.38989221983));
#1313 = VERTEX_POINT('',#1314);
#1314 = CARTESIAN_POINT('',(15.,208.,184.38989221983));
#1315 = SURFACE_CURVE('',#1316,(#1320,#1326),.PCURVE_S1.);
#1316 = LINE('',#1317,#1318);
#1317 = CARTESIAN_POINT('',(15.,208.,159.38989221983));
#1318 = VECTOR('',#1319,1.);
#1319 = DIRECTION('',(-1.110223024625E-16,-0.,-1.));
#1320 = PCURVE('',#44,#1321);
#1321 = DEFINITIONAL_REPRESENTATION('',(#1322),#1325);
#1322 = B_SPLINE_CURVE_WITH_KNOTS('',1,(#1323,#1324),.UNSPECIFIED.,.F.,
  .F.,(2,2),(-57.,-25.),.PIECEWISE_BEZIER_KNOTS.);
#1323 = CARTESIAN_POINT('',(25.,82.));
#1324 = CARTESIAN_POINT('',(25.,50.));
#1325 = ( GEOMETRIC_REPRESENTATION_CONTEXT(2) 
PARAMETRIC_REPRESENTATION_CONTEXT() REPRESENTATION_CONTEXT('2D SPACE',''
  ) );
#1326 = PCURVE('',#1327,#1332);
#1327 = PLANE('',#1328);
#1328 = AXIS2_PLACEMENT_3D('',#1329,#1330,#1331);
#1329 = CARTESIAN_POINT('',(15.,208.1,184.38989221983));
#1330 = DIRECTION('',(-1.,0.,1.110223024625E-16));
#1331 = DIRECTION('',(1.110223024625E-16,0.,1.));
#1332 = DEFINITIONAL_REPRESENTATION('',(#1333),#1336);
#1333 = B_SPLINE_CURVE_WITH_KNOTS('',1,(#1334,#1335),.UNSPECIFIED.,.F.,
  .F.,(2,2),(-57.,-25.),.PIECEWISE_BEZIER_KNOTS.);
#1334 = CARTESIAN_POINT('',(32.,-0.1));
#1335 = CARTESIAN_POINT('',(0.,-0.1));
#1336 = ( GEOMETRIC_REPRESENTATION_CONTEXT(2) 
PARAMETRIC_REPRESENTATION_CONTEXT() REPRESENTATION_CONTEXT('2D SPACE',''
  ) );
#1337 = ORIENTED_EDGE('',*,*,#1338,.T.);
#1338 = EDGE_CURVE('',#1311,#1339,#1341,.T.);
#1339 = VERTEX_POINT('',#1340);
#1340 = CARTESIAN_POINT('',(27.,208.,216.38989221983));
#1341 = SURFACE_CURVE('',#1342,(#1347,#1358),.PCURVE_S1.);
#1342 = CIRCLE('',#1343,6.);
#1343 = AXIS2_PLACEMENT_3D('',#1344,#1345,#1346);
#1344 = CARTESIAN_POINT('',(21.,208.,216.38989221983));
#1345 = DIRECTION('',(0.,1.,-0.));
#1346 = DIRECTION('',(-1.,0.,1.110223024625E-16));
#1347 = PCURVE('',#44,#1348);
#1348 = DEFINITIONAL_REPRESENTATION('',(#1349),#1357);
#1349 = ( BOUNDED_CURVE() B_SPLINE_CURVE(2,(#1350,#1351,#1352,#1353,
#1354,#1355,#1356),.UNSPECIFIED.,.T.,.F.) B_SPLINE_CURVE_WITH_KNOTS((1,2
    ,2,2,2,1),(-2.094395102393,0.,2.094395102393,4.188790204786,
6.28318530718,8.377580409573),.UNSPECIFIED.) CURVE() 
GEOMETRIC_REPRESENTATION_ITEM() RATIONAL_B_SPLINE_CURVE((1.,0.5,1.,0.5,
1.,0.5,1.)) REPRESENTATION_ITEM('') );
#1350 = CARTESIAN_POINT('',(25.,82.));
#1351 = CARTESIAN_POINT('',(25.,92.392304845413));
#1352 = CARTESIAN_POINT('',(34.,87.196152422707));
#1353 = CARTESIAN_POINT('',(43.,82.));
#1354 = CARTESIAN_POINT('',(34.,76.803847577293));
#1355 = CARTESIAN_POINT('',(25.,71.607695154587));
#1356 = CARTESIAN_POINT('',(25.,82.));
#1357 = ( GEOMETRIC_REPRESENTATION_CONTEXT(2) 
PARAMETRIC_REPRESENTATION_CONTEXT() REPRESENTATION_CONTEXT('2D SPACE',''
  ) );
#1358 = PCURVE('',#1359,#1364);
#1359 = CYLINDRICAL_SURFACE('',#1360,6.);
#1360 = AXIS2_PLACEMENT_3D('',#1361,#1362,#1363);
#1361 = CARTESIAN_POINT('',(21.,208.1,216.38989221983));
#1362 = DIRECTION('',(0.,1.,0.));
#1363 = DIRECTION('',(-1.,0.,1.110223024625E-16));
#1364 = DEFINITIONAL_REPRESENTATION('',(#1365),#1369);
#1365 = LINE('',#1366,#1367);
#1366 = CARTESIAN_POINT('',(0.,-0.1));
#1367 = VECTOR('',#1368,1.);
#1368 = DIRECTION('',(1.,0.));
#1369 = ( GEOMETRIC_REPRESENTATION_CONTEXT(2) 
PARAMETRIC_REPRESENTATION_CONTEXT() REPRESENTATION_CONTEXT('2D SPACE',''
  ) );
#1370 = ORIENTED_EDGE('',*,*,#1371,.F.);
#1371 = EDGE_CURVE('',#1372,#1339,#1374,.T.);
#1372 = VERTEX_POINT('',#1373);
#1373 = CARTESIAN_POINT('',(27.,208.,184.38989221983));
#1374 = SURFACE_CURVE('',#1375,(#1379,#1385),.PCURVE_S1.);
#1375 = LINE('',#1376,#1377);
#1376 = CARTESIAN_POINT('',(27.,208.,175.38989221983));
#1377 = VECTOR('',#1378,1.);
#1378 = DIRECTION('',(1.110223024625E-16,0.,1.));
#1379 = PCURVE('',#44,#1380);
#1380 = DEFINITIONAL_REPRESENTATION('',(#1381),#1384);
#1381 = B_SPLINE_CURVE_WITH_KNOTS('',1,(#1382,#1383),.UNSPECIFIED.,.F.,
  .F.,(2,2),(9.,41.),.PIECEWISE_BEZIER_KNOTS.);
#1382 = CARTESIAN_POINT('',(37.,50.));
#1383 = CARTESIAN_POINT('',(37.,82.));
#1384 = ( GEOMETRIC_REPRESENTATION_CONTEXT(2) 
PARAMETRIC_REPRESENTATION_CONTEXT() REPRESENTATION_CONTEXT('2D SPACE',''
  ) );
#1385 = PCURVE('',#1386,#1391);
#1386 = PLANE('',#1387);
#1387 = AXIS2_PLACEMENT_3D('',#1388,#1389,#1390);
#1388 = CARTESIAN_POINT('',(27.,208.1,216.38989221983));
#1389 = DIRECTION('',(1.,0.,-1.110223024625E-16));
#1390 = DIRECTION('',(-1.110223024625E-16,-0.,-1.));
#1391 = DEFINITIONAL_REPRESENTATION('',(#1392),#1395);
#1392 = B_SPLINE_CURVE_WITH_KNOTS('',1,(#1393,#1394),.UNSPECIFIED.,.F.,
  .F.,(2,2),(9.,41.),.PIECEWISE_BEZIER_KNOTS.);
#1393 = CARTESIAN_POINT('',(32.,-0.1));
#1394 = CARTESIAN_POINT('',(0.,-0.1));
#1395 = ( GEOMETRIC_REPRESENTATION_CONTEXT(2) 
PARAMETRIC_REPRESENTATION_CONTEXT() REPRESENTATION_CONTEXT('2D SPACE',''
  ) );
#1396 = ORIENTED_EDGE('',*,*,#1397,.T.);
#1397 = EDGE_CURVE('',#1372,#1313,#1398,.T.);
#1398 = SURFACE_CURVE('',#1399,(#1404,#1415),.PCURVE_S1.);
#1399 = CIRCLE('',#1400,6.);
#1400 = AXIS2_PLACEMENT_3D('',#1401,#1402,#1403);
#1401 = CARTESIAN_POINT('',(21.,208.,184.38989221983));
#1402 = DIRECTION('',(-0.,1.,0.));
#1403 = DIRECTION('',(1.,0.,-1.110223024625E-16));
#1404 = PCURVE('',#44,#1405);
#1405 = DEFINITIONAL_REPRESENTATION('',(#1406),#1414);
#1406 = ( BOUNDED_CURVE() B_SPLINE_CURVE(2,(#1407,#1408,#1409,#1410,
#1411,#1412,#1413),.UNSPECIFIED.,.T.,.F.) B_SPLINE_CURVE_WITH_KNOTS((1,2
    ,2,2,2,1),(-2.094395102393,0.,2.094395102393,4.188790204786,
6.28318530718,8.377580409573),.UNSPECIFIED.) CURVE() 
GEOMETRIC_REPRESENTATION_ITEM() RATIONAL_B_SPLINE_CURVE((1.,0.5,1.,0.5,
1.,0.5,1.)) REPRESENTATION_ITEM('') );
#1407 = CARTESIAN_POINT('',(37.,50.));
#1408 = CARTESIAN_POINT('',(37.,39.607695154587));
#1409 = CARTESIAN_POINT('',(28.,44.803847577293));
#1410 = CARTESIAN_POINT('',(19.,50.));
#1411 = CARTESIAN_POINT('',(28.,55.196152422707));
#1412 = CARTESIAN_POINT('',(37.,60.392304845413));
#1413 = CARTESIAN_POINT('',(37.,50.));
#1414 = ( GEOMETRIC_REPRESENTATION_CONTEXT(2) 
PARAMETRIC_REPRESENTATION_CONTEXT() REPRESENTATION_CONTEXT('2D SPACE',''
  ) );
#1415 = PCURVE('',#1416,#1421);
#1416 = CYLINDRICAL_SURFACE('',#1417,6.);
#1417 = AXIS2_PLACEMENT_3D('',#1418,#1419,#1420);
#1418 = CARTESIAN_POINT('',(21.,208.1,184.38989221983));
#1419 = DIRECTION('',(0.,1.,0.));
#1420 = DIRECTION('',(1.,0.,-1.110223024625E-16));
#1421 = DEFINITIONAL_REPRESENTATION('',(#1422),#1426);
#1422 = LINE('',#1423,#1424);
#1423 = CARTESIAN_POINT('',(0.,-0.1));
#1424 = VECTOR('',#1425,1.);
#1425 = DIRECTION('',(1.,0.));
#1426 = ( GEOMETRIC_REPRESENTATION_CONTEXT(2) 
PARAMETRIC_REPRESENTATION_CONTEXT() REPRESENTATION_CONTEXT('2D SPACE',''
  ) );
#1427 = FACE_BOUND('',#1428,.F.);
#1428 = EDGE_LOOP('',(#1429));
#1429 = ORIENTED_EDGE('',*,*,#1430,.F.);
#1430 = EDGE_CURVE('',#1431,#1431,#1433,.T.);
#1431 = VERTEX_POINT('',#1432);
#1432 = CARTESIAN_POINT('',(9.895110651488,208.,230.06249999999));
#1433 = SURFACE_CURVE('',#1434,(#1439,#1446),.PCURVE_S1.);
#1434 = ELLIPSE('',#1435,4.173981209903,2.25);
#1435 = AXIS2_PLACEMENT_3D('',#1436,#1437,#1438);
#1436 = CARTESIAN_POINT('',(8.,208.,227.81249999999));
#1437 = DIRECTION('',(0.,-1.,0.));
#1438 = DIRECTION('',(0.,0.,1.));
#1439 = PCURVE('',#44,#1440);
#1440 = DEFINITIONAL_REPRESENTATION('',(#1441),#1445);
#1441 = ELLIPSE('',#1442,4.173981209903,2.25);
#1442 = AXIS2_PLACEMENT_2D('',#1443,#1444);
#1443 = CARTESIAN_POINT('',(18.,93.422607780163));
#1444 = DIRECTION('',(0.,1.));
#1445 = ( GEOMETRIC_REPRESENTATION_CONTEXT(2) 
PARAMETRIC_REPRESENTATION_CONTEXT() REPRESENTATION_CONTEXT('2D SPACE',''
  ) );
#1446 = PCURVE('',#1447,#1452);
#1447 = CYLINDRICAL_SURFACE('',#1448,2.25);
#1448 = AXIS2_PLACEMENT_3D('',#1449,#1450,#1451);
#1449 = CARTESIAN_POINT('',(8.,161.73817120529,155.52839250826));
#1450 = DIRECTION('',(0.,0.539053696423,0.842271400662));
#1451 = DIRECTION('',(0.842271400662,-0.454029511918,0.290578887628));
#1452 = DEFINITIONAL_REPRESENTATION('',(#1453),#1484);
#1453 = B_SPLINE_CURVE_WITH_KNOTS('',8,(#1454,#1455,#1456,#1457,#1458,
    #1459,#1460,#1461,#1462,#1463,#1464,#1465,#1466,#1467,#1468,#1469,
    #1470,#1471,#1472,#1473,#1474,#1475,#1476,#1477,#1478,#1479,#1480,
    #1481,#1482,#1483),.UNSPECIFIED.,.F.,.F.,(9,7,7,7,9),(5.281702171485
    ,6.85249849828,8.030595743376,9.797741611021,11.564887478665),
  .UNSPECIFIED.);
#1454 = CARTESIAN_POINT('',(6.28318530718,87.715556929208));
#1455 = CARTESIAN_POINT('',(6.08683576633,88.296969595268));
#1456 = CARTESIAN_POINT('',(5.890486225481,88.794882353497));
#1457 = CARTESIAN_POINT('',(5.694136684634,89.175138020481));
#1458 = CARTESIAN_POINT('',(5.497787143783,89.410450179828));
#1459 = CARTESIAN_POINT('',(5.301437602937,89.484602846438));
#1460 = CARTESIAN_POINT('',(5.105088062084,89.395296149873));
#1461 = CARTESIAN_POINT('',(4.908738521234,89.153660776948));
#1462 = CARTESIAN_POINT('',(4.565126824748,88.502478590961));
#1463 = CARTESIAN_POINT('',(4.417864669111,88.150011707532));
#1464 = CARTESIAN_POINT('',(4.270602513474,87.733379440944));
#1465 = CARTESIAN_POINT('',(4.123340357836,87.265195804426));
#1466 = CARTESIAN_POINT('',(3.976078202199,86.760840033374));
#1467 = CARTESIAN_POINT('',(3.828816046563,86.23739893202));
#1468 = CARTESIAN_POINT('',(3.681553890926,85.712425227779));
#1469 = CARTESIAN_POINT('',(3.313398501833,84.43826271771));
#1470 = CARTESIAN_POINT('',(3.092505268381,83.708209741788));
#1471 = CARTESIAN_POINT('',(2.871612034923,83.069446761481));
#1472 = CARTESIAN_POINT('',(2.650718801491,82.575216337107));
#1473 = CARTESIAN_POINT('',(2.429825568009,82.266357779095));
#1474 = CARTESIAN_POINT('',(2.208932334562,82.16314996811));
#1475 = CARTESIAN_POINT('',(1.9880391011,82.263548016694));
#1476 = CARTESIAN_POINT('',(1.546252634189,82.829482070125));
#1477 = CARTESIAN_POINT('',(1.32535940074,83.295018388046));
#1478 = CARTESIAN_POINT('',(1.104466167267,83.922079385724));
#1479 = CARTESIAN_POINT('',(0.883572933849,84.670644149242));
#1480 = CARTESIAN_POINT('',(0.662679700351,85.484887148312));
#1481 = CARTESIAN_POINT('',(0.441786466916,86.301698172494));
#1482 = CARTESIAN_POINT('',(0.220893233456,87.06146767989));
#1483 = CARTESIAN_POINT('',(1.86517468137E-14,87.715556929208));
#1484 = ( GEOMETRIC_REPRESENTATION_CONTEXT(2) 
PARAMETRIC_REPRESENTATION_CONTEXT() REPRESENTATION_CONTEXT('2D SPACE',''
  ) );
#1485 = FACE_BOUND('',#1486,.F.);
#1486 = EDGE_LOOP('',(#1487));
#1487 = ORIENTED_EDGE('',*,*,#1488,.T.);
#1488 = EDGE_CURVE('',#1489,#1489,#1491,.T.);
#1489 = VERTEX_POINT('',#1490);
#1490 = CARTESIAN_POINT('',(31.,208.,235.25));
#1491 = SURFACE_CURVE('',#1492,(#1497,#1508),.PCURVE_S1.);
#1492 = CIRCLE('',#1493,2.25);
#1493 = AXIS2_PLACEMENT_3D('',#1494,#1495,#1496);
#1494 = CARTESIAN_POINT('',(31.,208.,233.));
#1495 = DIRECTION('',(0.,1.,0.));
#1496 = DIRECTION('',(0.,-0.,1.));
#1497 = PCURVE('',#44,#1498);
#1498 = DEFINITIONAL_REPRESENTATION('',(#1499),#1507);
#1499 = ( BOUNDED_CURVE() B_SPLINE_CURVE(2,(#1500,#1501,#1502,#1503,
#1504,#1505,#1506),.UNSPECIFIED.,.T.,.F.) B_SPLINE_CURVE_WITH_KNOTS((1,2
    ,2,2,2,1),(-2.094395102393,0.,2.094395102393,4.188790204786,
6.28318530718,8.377580409573),.UNSPECIFIED.) CURVE() 
GEOMETRIC_REPRESENTATION_ITEM() RATIONAL_B_SPLINE_CURVE((1.,0.5,1.,0.5,
1.,0.5,1.)) REPRESENTATION_ITEM('') );
#1500 = CARTESIAN_POINT('',(41.,100.86010778016));
#1501 = CARTESIAN_POINT('',(44.89711431703,100.86010778016));
#1502 = CARTESIAN_POINT('',(42.948557158515,97.485107780164));
#1503 = CARTESIAN_POINT('',(41.,94.110107780164));
#1504 = CARTESIAN_POINT('',(39.051442841485,97.485107780164));
#1505 = CARTESIAN_POINT('',(37.10288568297,100.86010778016));
#1506 = CARTESIAN_POINT('',(41.,100.86010778016));
#1507 = ( GEOMETRIC_REPRESENTATION_CONTEXT(2) 
PARAMETRIC_REPRESENTATION_CONTEXT() REPRESENTATION_CONTEXT('2D SPACE',''
  ) );
#1508 = PCURVE('',#1509,#1514);
#1509 = CYLINDRICAL_SURFACE('',#1510,2.25);
#1510 = AXIS2_PLACEMENT_3D('',#1511,#1512,#1513);
#1511 = CARTESIAN_POINT('',(31.,143.,233.));
#1512 = DIRECTION('',(0.,1.,0.));
#1513 = DIRECTION('',(0.,-0.,1.));
#1514 = DEFINITIONAL_REPRESENTATION('',(#1515),#1519);
#1515 = LINE('',#1516,#1517);
#1516 = CARTESIAN_POINT('',(0.,65.));
#1517 = VECTOR('',#1518,1.);
#1518 = DIRECTION('',(1.,0.));
#1519 = ( GEOMETRIC_REPRESENTATION_CONTEXT(2) 
PARAMETRIC_REPRESENTATION_CONTEXT() REPRESENTATION_CONTEXT('2D SPACE',''
  ) );
#1520 = FACE_BOUND('',#1521,.F.);
#1521 = EDGE_LOOP('',(#1522));
#1522 = ORIENTED_EDGE('',*,*,#1523,.F.);
#1523 = EDGE_CURVE('',#1524,#1524,#1526,.T.);
#1524 = VERTEX_POINT('',#1525);
#1525 = CARTESIAN_POINT('',(9.088074397989,208.,241.1726519337));
#1526 = SURFACE_CURVE('',#1527,(#1532,#1539),.PCURVE_S1.);
#1527 = ELLIPSE('',#1528,2.570560736597,2.25);
#1528 = AXIS2_PLACEMENT_3D('',#1529,#1530,#1531);
#1529 = CARTESIAN_POINT('',(8.,208.,238.9226519337));
#1530 = DIRECTION('',(0.,-1.,0.));
#1531 = DIRECTION('',(0.,0.,1.));
#1532 = PCURVE('',#44,#1533);
#1533 = DEFINITIONAL_REPRESENTATION('',(#1534),#1538);
#1534 = ELLIPSE('',#1535,2.570560736597,2.25);
#1535 = AXIS2_PLACEMENT_2D('',#1536,#1537);
#1536 = CARTESIAN_POINT('',(18.,104.53275971386));
#1537 = DIRECTION('',(0.,1.));
#1538 = ( GEOMETRIC_REPRESENTATION_CONTEXT(2) 
PARAMETRIC_REPRESENTATION_CONTEXT() REPRESENTATION_CONTEXT('2D SPACE',''
  ) );
#1539 = PCURVE('',#1540,#1545);
#1540 = CYLINDRICAL_SURFACE('',#1541,2.25);
#1541 = AXIS2_PLACEMENT_3D('',#1542,#1543,#1544);
#1542 = CARTESIAN_POINT('',(8.,48.941192557556,151.0448577666));
#1543 = DIRECTION('',(0.,0.875295404604,0.483588621328));
#1544 = DIRECTION('',(0.483588621328,-0.423282897968,0.766142045322));
#1545 = DEFINITIONAL_REPRESENTATION('',(#1546),#1577);
#1546 = B_SPLINE_CURVE_WITH_KNOTS('',8,(#1547,#1548,#1549,#1550,#1551,
    #1552,#1553,#1554,#1555,#1556,#1557,#1558,#1559,#1560,#1561,#1562,
    #1563,#1564,#1565,#1566,#1567,#1568,#1569,#1570,#1571,#1572,#1573,
    #1574,#1575,#1576),.UNSPECIFIED.,.F.,.F.,(9,7,7,7,9),(5.778435318902
    ,7.349231645697,8.527328890793,10.294474758437,12.061620626081),
  .UNSPECIFIED.);
#1547 = CARTESIAN_POINT('',(6.28318530718,182.80821894087));
#1548 = CARTESIAN_POINT('',(6.08683576633,182.92625369692));
#1549 = CARTESIAN_POINT('',(5.890486225482,182.99634707853));
#1550 = CARTESIAN_POINT('',(5.694136684627,183.01156497199));
#1551 = CARTESIAN_POINT('',(5.497787143791,182.96891555993));
#1552 = CARTESIAN_POINT('',(5.301437602928,182.87020735011));
#1553 = CARTESIAN_POINT('',(5.105088062085,182.72208952388));
#1554 = CARTESIAN_POINT('',(4.908738521234,182.53493352757));
#1555 = CARTESIAN_POINT('',(4.565126824748,182.16105843778));
#1556 = CARTESIAN_POINT('',(4.41786466911,181.98592735928));
#1557 = CARTESIAN_POINT('',(4.270602513474,181.80119232323));
#1558 = CARTESIAN_POINT('',(4.123340357836,181.61283755763));
#1559 = CARTESIAN_POINT('',(3.976078202199,181.42716943259));
#1560 = CARTESIAN_POINT('',(3.828816046563,181.25036749069));
#1561 = CARTESIAN_POINT('',(3.681553890926,181.0880491431));
#1562 = CARTESIAN_POINT('',(3.313398501833,180.73028508669));
#1563 = CARTESIAN_POINT('',(3.09250526838,180.55885523062));
#1564 = CARTESIAN_POINT('',(2.871612034917,180.44661452167));
#1565 = CARTESIAN_POINT('',(2.650718801483,180.4050225109));
#1566 = CARTESIAN_POINT('',(2.429825568007,180.43855202687));
#1567 = CARTESIAN_POINT('',(2.208932334558,180.54334382861));
#1568 = CARTESIAN_POINT('',(1.9880391011,180.70845235628));
#1569 = CARTESIAN_POINT('',(1.546252634189,181.12810071423));
#1570 = CARTESIAN_POINT('',(1.325359400732,181.38264017949));
#1571 = CARTESIAN_POINT('',(1.104466167278,181.66629601624));
#1572 = CARTESIAN_POINT('',(0.883572933821,181.95880948237));
#1573 = CARTESIAN_POINT('',(0.662679700365,182.23770105718));
#1574 = CARTESIAN_POINT('',(0.441786466912,182.48196415285));
#1575 = CARTESIAN_POINT('',(0.220893233456,182.67542984031));
#1576 = CARTESIAN_POINT('',(1.33226762955E-14,182.80821894087));
#1577 = ( GEOMETRIC_REPRESENTATION_CONTEXT(2) 
PARAMETRIC_REPRESENTATION_CONTEXT() REPRESENTATION_CONTEXT('2D SPACE',''
  ) );
#1578 = FACE_BOUND('',#1579,.F.);
#1579 = EDGE_LOOP('',(#1580,#1997,#2030,#2063,#2096,#2129));
#1580 = ORIENTED_EDGE('',*,*,#1581,.F.);
#1581 = EDGE_CURVE('',#1582,#1584,#1586,.T.);
#1582 = VERTEX_POINT('',#1583);
#1583 = CARTESIAN_POINT('',(18.736194882888,208.,244.2084182019));
#1584 = VERTEX_POINT('',#1585);
#1585 = CARTESIAN_POINT('',(21.368910902404,208.,246.52477255576));
#1586 = SURFACE_CURVE('',#1587,(#1720,#1856),.PCURVE_S1.);
#1587 = B_SPLINE_CURVE_WITH_KNOTS('',6,(#1588,#1589,#1590,#1591,#1592,
    #1593,#1594,#1595,#1596,#1597,#1598,#1599,#1600,#1601,#1602,#1603,
    #1604,#1605,#1606,#1607,#1608,#1609,#1610,#1611,#1612,#1613,#1614,
    #1615,#1616,#1617,#1618,#1619,#1620,#1621,#1622,#1623,#1624,#1625,
    #1626,#1627,#1628,#1629,#1630,#1631,#1632,#1633,#1634,#1635,#1636,
    #1637,#1638,#1639,#1640,#1641,#1642,#1643,#1644,#1645,#1646,#1647,
    #1648,#1649,#1650,#1651,#1652,#1653,#1654,#1655,#1656,#1657,#1658,
    #1659,#1660,#1661,#1662,#1663,#1664,#1665,#1666,#1667,#1668,#1669,
    #1670,#1671,#1672,#1673,#1674,#1675,#1676,#1677,#1678,#1679,#1680,
    #1681,#1682,#1683,#1684,#1685,#1686,#1687,#1688,#1689,#1690,#1691,
    #1692,#1693,#1694,#1695,#1696,#1697,#1698,#1699,#1700,#1701,#1702,
    #1703,#1704,#1705,#1706,#1707,#1708,#1709,#1710,#1711,#1712,#1713,
    #1714,#1715,#1716,#1717,#1718,#1719),.UNSPECIFIED.,.T.,.F.,(7,5,5,5,
    5,5,5,5,5,5,5,5,5,5,5,5,5,5,5,5,5,5,5,5,5,5,7),(0.,
    7.655142843322E-02,0.123974425248,0.171295013701,0.200378040173,
    0.219608719075,0.262614868733,0.30740723164,0.326642745049,
    0.355735647104,0.403076428009,0.452562696316,0.482373017712,
    0.546954610223,0.593900792148,0.612525690898,0.638137013785,
    0.674345899322,0.705805389704,0.72419654589,0.763437675849,
    0.80151749257,0.81990419123,0.852347974953,0.888569770051,
    0.979777041994,1.),.UNSPECIFIED.);
#1588 = CARTESIAN_POINT('',(21.368910902404,208.,246.52477255576));
#1589 = CARTESIAN_POINT('',(21.164465578503,208.,246.52292772449));
#1590 = CARTESIAN_POINT('',(20.960233973741,208.,246.50416765958));
#1591 = CARTESIAN_POINT('',(20.757983995811,208.,246.46838745522));
#1592 = CARTESIAN_POINT('',(20.559586362395,208.,246.41558119494));
#1593 = CARTESIAN_POINT('',(20.366997307999,208.,246.34593365547));
#1594 = CARTESIAN_POINT('',(20.067786052937,208.,246.2066221906));
#1595 = CARTESIAN_POINT('',(19.956339185557,208.,246.14704948554));
#1596 = CARTESIAN_POINT('',(19.848385035635,208.,246.08130791627));
#1597 = CARTESIAN_POINT('',(19.744418355717,208.,246.00955485943));
#1598 = CARTESIAN_POINT('',(19.644936425656,208.,245.93200200349));
#1599 = CARTESIAN_POINT('',(19.456129845569,208.,245.7660300022));
#1600 = CARTESIAN_POINT('',(19.366781291127,208.,245.67763236489));
#1601 = CARTESIAN_POINT('',(19.282875481336,208.,245.5840109441));
#1602 = CARTESIAN_POINT('',(19.204888666697,208.,245.48550123603));
#1603 = CARTESIAN_POINT('',(19.133270389022,208.,245.3825054635));
#1604 = CARTESIAN_POINT('',(19.028580267689,208.,245.20973715432));
#1605 = CARTESIAN_POINT('',(18.991289162784,208.,245.14245777369));
#1606 = CARTESIAN_POINT('',(18.956652569629,208.,245.07377333666));
#1607 = CARTESIAN_POINT('',(18.924757368432,208.,245.00380264513));
#1608 = CARTESIAN_POINT('',(18.89568192781,208.,244.93267318203));
#1609 = CARTESIAN_POINT('',(18.852181075109,208.,244.81281169561));
#1610 = CARTESIAN_POINT('',(18.836129179556,208.,244.76465497909));
#1611 = CARTESIAN_POINT('',(18.821360409314,208.,244.716090267));
#1612 = CARTESIAN_POINT('',(18.807892586924,208.,244.66715812568));
#1613 = CARTESIAN_POINT('',(18.795741366287,208.,244.61790038258));
#1614 = CARTESIAN_POINT('',(18.760720494253,208.,244.45757171208));
#1615 = CARTESIAN_POINT('',(18.743171948679,208.,244.34536588875));
#1616 = CARTESIAN_POINT('',(18.732425727063,208.,244.23223189044));
#1617 = CARTESIAN_POINT('',(18.728570932844,208.,244.11867186663));
#1618 = CARTESIAN_POINT('',(18.731631244886,208.,244.00519892976));
#1619 = CARTESIAN_POINT('',(18.751904079372,208.,243.77478379066));
#1620 = CARTESIAN_POINT('',(18.769700019959,208.,243.65788341324));
#1621 = CARTESIAN_POINT('',(18.794897559422,208.,243.54222467014));
#1622 = CARTESIAN_POINT('',(18.827366941155,208.,243.4283732922));
#1623 = CARTESIAN_POINT('',(18.866905005968,208.,243.31686850758));
#1624 = CARTESIAN_POINT('',(18.93313757636,208.,243.16156429235));
#1625 = CARTESIAN_POINT('',(18.954289171371,208.,243.11543320079));
#1626 = CARTESIAN_POINT('',(18.976673181484,208.,243.06986789668));
#1627 = CARTESIAN_POINT('',(19.000266354429,208.,243.02490649401));
#1628 = CARTESIAN_POINT('',(19.025043552416,208.,242.98058545723));
#1629 = CARTESIAN_POINT('',(19.090202007588,208.,242.87092710887));
#1630 = CARTESIAN_POINT('',(19.13207367747,208.,242.80645882552));
#1631 = CARTESIAN_POINT('',(19.176498531138,208.,242.74365527293));
#1632 = CARTESIAN_POINT('',(19.223375649481,208.,242.6826268492));
#1633 = CARTESIAN_POINT('',(19.272597424914,208.,242.6234738288));
#1634 = CARTESIAN_POINT('',(19.407774074346,208.,242.47322927136));
#1635 = CARTESIAN_POINT('',(19.497408102549,208.,242.38537446829));
#1636 = CARTESIAN_POINT('',(19.592459646517,208.,242.30311388125));
#1637 = CARTESIAN_POINT('',(19.692412064351,208.,242.22675799223));
#1638 = CARTESIAN_POINT('',(19.796735192237,208.,242.15654691687));
#1639 = CARTESIAN_POINT('',(20.017959437727,208.,242.02588073061));
#1640 = CARTESIAN_POINT('',(20.135219444376,208.,241.96600999852));
#1641 = CARTESIAN_POINT('',(20.256069867986,208.,241.91325344769));
#1642 = CARTESIAN_POINT('',(20.379912566233,208.,241.86773853801));
#1643 = CARTESIAN_POINT('',(20.506164723749,208.,241.82953104857));
#1644 = CARTESIAN_POINT('',(20.711433141641,208.,241.78004744542));
#1645 = CARTESIAN_POINT('',(20.789271684186,208.,241.76410364504));
#1646 = CARTESIAN_POINT('',(20.86765889258,208.,241.750822063));
#1647 = CARTESIAN_POINT('',(20.946475329879,208.,241.74020085539));
#1648 = CARTESIAN_POINT('',(21.025604561742,208.,241.73223296715));
#1649 = CARTESIAN_POINT('',(21.276791856997,208.,241.71536623331));
#1650 = CARTESIAN_POINT('',(21.449580044714,208.,241.71622326923));
#1651 = CARTESIAN_POINT('',(21.622156136394,208.,241.72935738998));
#1652 = CARTESIAN_POINT('',(21.793427382772,208.,241.75456063544));
#1653 = CARTESIAN_POINT('',(21.962343944124,208.,241.79156655637));
#1654 = CARTESIAN_POINT('',(22.248235631636,208.,241.87534565021));
#1655 = CARTESIAN_POINT('',(22.366792261214,208.,241.91669073998));
#1656 = CARTESIAN_POINT('',(22.483173188808,208.,241.96400077986));
#1657 = CARTESIAN_POINT('',(22.596982433596,208.,242.01714923439));
#1658 = CARTESIAN_POINT('',(22.707817699736,208.,242.07599735749));
#1659 = CARTESIAN_POINT('',(22.857899739238,208.,242.16594219996));
#1660 = CARTESIAN_POINT('',(22.899996261535,208.,242.19236332428));
#1661 = CARTESIAN_POINT('',(22.941534115847,208.,242.21964802579));
#1662 = CARTESIAN_POINT('',(22.982487025322,208.,242.24778623572));
#1663 = CARTESIAN_POINT('',(23.022828263668,208.,242.27676735612));
#1664 = CARTESIAN_POINT('',(23.117125870075,208.,242.34757638043));
#1665 = CARTESIAN_POINT('',(23.170512997994,208.,242.39014504213));
#1666 = CARTESIAN_POINT('',(23.222621348668,208.,242.43425763077));
#1667 = CARTESIAN_POINT('',(23.273378236732,208.,242.47988245762));
#1668 = CARTESIAN_POINT('',(23.322708981705,208.,242.52698475942));
#1669 = CARTESIAN_POINT('',(23.438155340565,208.,242.64415447193));
#1670 = CARTESIAN_POINT('',(23.502769289212,208.,242.71565869672));
#1671 = CARTESIAN_POINT('',(23.564163726065,208.,242.78993196039));
#1672 = CARTESIAN_POINT('',(23.622112616135,208.,242.86684919173));
#1673 = CARTESIAN_POINT('',(23.676385048209,208.,242.94626306335));
#1674 = CARTESIAN_POINT('',(23.770511353869,208.,243.09901466859));
#1675 = CARTESIAN_POINT('',(23.811322542448,208.,243.17178281489));
#1676 = CARTESIAN_POINT('',(23.849034192561,208.,243.24618840664));
#1677 = CARTESIAN_POINT('',(23.883495971656,208.,243.32209977287));
#1678 = CARTESIAN_POINT('',(23.914564224535,208.,243.39936641486));
#1679 = CARTESIAN_POINT('',(23.958210388401,208.,243.52367813892));
#1680 = CARTESIAN_POINT('',(23.9731083585,208.,243.56994443195));
#1681 = CARTESIAN_POINT('',(23.986775769904,208.,243.61658103779));
#1682 = CARTESIAN_POINT('',(23.99918847661,208.,243.66355151063));
#1683 = CARTESIAN_POINT('',(24.010324571323,208.,243.71081722278));
#1684 = CARTESIAN_POINT('',(24.041159720816,208.,243.85973094005));
#1685 = CARTESIAN_POINT('',(24.05625542646,208.,243.96228985393));
#1686 = CARTESIAN_POINT('',(24.065260726263,208.,244.06560514933));
#1687 = CARTESIAN_POINT('',(24.068050409861,208.,244.16924652708));
#1688 = CARTESIAN_POINT('',(24.064578149931,208.,244.272764004));
#1689 = CARTESIAN_POINT('',(24.045488315325,208.,244.47556914459));
#1690 = CARTESIAN_POINT('',(24.030231994225,208.,244.57490475331));
#1691 = CARTESIAN_POINT('',(24.009161590108,208.,244.67326952203));
#1692 = CARTESIAN_POINT('',(23.982395013066,208.,244.77026732798));
#1693 = CARTESIAN_POINT('',(23.950115684267,208.,244.86553209359));
#1694 = CARTESIAN_POINT('',(23.894427745803,208.,245.00372592253));
#1695 = CARTESIAN_POINT('',(23.875064051632,208.,245.04824353455));
#1696 = CARTESIAN_POINT('',(23.854496335515,208.,245.09224320153));
#1697 = CARTESIAN_POINT('',(23.832752976495,208.,245.13569075517));
#1698 = CARTESIAN_POINT('',(23.809864185507,208.,245.1785545726));
#1699 = CARTESIAN_POINT('',(23.743509506811,208.,245.29535851055));
#1700 = CARTESIAN_POINT('',(23.697689536018,208.,245.36800378989));
#1701 = CARTESIAN_POINT('',(23.648576806897,208.,245.43858091872));
#1702 = CARTESIAN_POINT('',(23.596356217182,208.,245.50695597015));
#1703 = CARTESIAN_POINT('',(23.541216210337,208.,245.57301730245));
#1704 = CARTESIAN_POINT('',(23.41872881026,208.,245.7077376114));
#1705 = CARTESIAN_POINT('',(23.350707911649,208.,245.775802963));
#1706 = CARTESIAN_POINT('',(23.279536868852,208.,245.84073880847));
#1707 = CARTESIAN_POINT('',(23.205469284226,208.,245.90244301312));
#1708 = CARTESIAN_POINT('',(23.128749821167,208.,245.96083424114));
#1709 = CARTESIAN_POINT('',(22.850330974806,208.,246.15436823498));
#1710 = CARTESIAN_POINT('',(22.635778934462,208.,246.27141103214));
#1711 = CARTESIAN_POINT('',(22.409521527907,208.,246.3660510571));
#1712 = CARTESIAN_POINT('',(22.174876455021,208.,246.43762333885));
#1713 = CARTESIAN_POINT('',(21.934930652922,208.,246.48572273328));
#1714 = CARTESIAN_POINT('',(21.63876544865,208.,246.51542629535));
#1715 = CARTESIAN_POINT('',(21.584898343133,208.,246.51964723122));
#1716 = CARTESIAN_POINT('',(21.530946449948,208.,246.52269500532));
#1717 = CARTESIAN_POINT('',(21.47694258623,208.,246.52456671156));
#1718 = CARTESIAN_POINT('',(21.422919706448,208.,246.52525989578));
#1719 = CARTESIAN_POINT('',(21.368910902404,208.,246.52477255576));
#1720 = PCURVE('',#44,#1721);
#1721 = DEFINITIONAL_REPRESENTATION('',(#1722),#1855);
#1722 = B_SPLINE_CURVE_WITH_KNOTS('',6,(#1723,#1724,#1725,#1726,#1727,
    #1728,#1729,#1730,#1731,#1732,#1733,#1734,#1735,#1736,#1737,#1738,
    #1739,#1740,#1741,#1742,#1743,#1744,#1745,#1746,#1747,#1748,#1749,
    #1750,#1751,#1752,#1753,#1754,#1755,#1756,#1757,#1758,#1759,#1760,
    #1761,#1762,#1763,#1764,#1765,#1766,#1767,#1768,#1769,#1770,#1771,
    #1772,#1773,#1774,#1775,#1776,#1777,#1778,#1779,#1780,#1781,#1782,
    #1783,#1784,#1785,#1786,#1787,#1788,#1789,#1790,#1791,#1792,#1793,
    #1794,#1795,#1796,#1797,#1798,#1799,#1800,#1801,#1802,#1803,#1804,
    #1805,#1806,#1807,#1808,#1809,#1810,#1811,#1812,#1813,#1814,#1815,
    #1816,#1817,#1818,#1819,#1820,#1821,#1822,#1823,#1824,#1825,#1826,
    #1827,#1828,#1829,#1830,#1831,#1832,#1833,#1834,#1835,#1836,#1837,
    #1838,#1839,#1840,#1841,#1842,#1843,#1844,#1845,#1846,#1847,#1848,
    #1849,#1850,#1851,#1852,#1853,#1854),.UNSPECIFIED.,.F.,.F.,(7,5,5,5,
    5,5,5,5,5,5,5,5,5,5,5,5,5,5,5,5,5,5,5,5,5,5,7),(0.,
    7.655142843322E-02,0.123974425248,0.171295013701,0.200378040173,
    0.219608719075,0.262614868733,0.30740723164,0.326642745049,
    0.355735647104,0.403076428009,0.452562696316,0.482373017712,
    0.546954610223,0.593900792148,0.612525690898,0.638137013785,
    0.674345899322,0.705805389704,0.72419654589,0.763437675849,
    0.80151749257,0.81990419123,0.852347974953,0.888569770051,
    0.979777041994,1.),.UNSPECIFIED.);
#1723 = CARTESIAN_POINT('',(31.368910902404,112.13488033592));
#1724 = CARTESIAN_POINT('',(31.164465578503,112.13303550466));
#1725 = CARTESIAN_POINT('',(30.960233973741,112.11427543974));
#1726 = CARTESIAN_POINT('',(30.757983995811,112.07849523539));
#1727 = CARTESIAN_POINT('',(30.559586362395,112.0256889751));
#1728 = CARTESIAN_POINT('',(30.366997307999,111.95604143563));
#1729 = CARTESIAN_POINT('',(30.067786052937,111.81672997076));
#1730 = CARTESIAN_POINT('',(29.956339185557,111.7571572657));
#1731 = CARTESIAN_POINT('',(29.848385035635,111.69141569644));
#1732 = CARTESIAN_POINT('',(29.744418355717,111.61966263959));
#1733 = CARTESIAN_POINT('',(29.644936425656,111.54210978365));
#1734 = CARTESIAN_POINT('',(29.456129845569,111.37613778236));
#1735 = CARTESIAN_POINT('',(29.366781291127,111.28774014506));
#1736 = CARTESIAN_POINT('',(29.282875481336,111.19411872426));
#1737 = CARTESIAN_POINT('',(29.204888666697,111.0956090162));
#1738 = CARTESIAN_POINT('',(29.133270389022,110.99261324367));
#1739 = CARTESIAN_POINT('',(29.028580267689,110.81984493448));
#1740 = CARTESIAN_POINT('',(28.991289162784,110.75256555385));
#1741 = CARTESIAN_POINT('',(28.956652569629,110.68388111682));
#1742 = CARTESIAN_POINT('',(28.924757368432,110.61391042529));
#1743 = CARTESIAN_POINT('',(28.89568192781,110.54278096219));
#1744 = CARTESIAN_POINT('',(28.852181075109,110.42291947578));
#1745 = CARTESIAN_POINT('',(28.836129179556,110.37476275925));
#1746 = CARTESIAN_POINT('',(28.821360409314,110.32619804716));
#1747 = CARTESIAN_POINT('',(28.807892586924,110.27726590585));
#1748 = CARTESIAN_POINT('',(28.795741366287,110.22800816274));
#1749 = CARTESIAN_POINT('',(28.760720494253,110.06767949225));
#1750 = CARTESIAN_POINT('',(28.743171948679,109.95547366891));
#1751 = CARTESIAN_POINT('',(28.732425727063,109.8423396706));
#1752 = CARTESIAN_POINT('',(28.728570932844,109.7287796468));
#1753 = CARTESIAN_POINT('',(28.731631244886,109.61530670992));
#1754 = CARTESIAN_POINT('',(28.751904079372,109.38489157083));
#1755 = CARTESIAN_POINT('',(28.769700019959,109.26799119341));
#1756 = CARTESIAN_POINT('',(28.794897559422,109.15233245031));
#1757 = CARTESIAN_POINT('',(28.827366941155,109.03848107236));
#1758 = CARTESIAN_POINT('',(28.866905005968,108.92697628774));
#1759 = CARTESIAN_POINT('',(28.93313757636,108.77167207251));
#1760 = CARTESIAN_POINT('',(28.954289171371,108.72554098095));
#1761 = CARTESIAN_POINT('',(28.976673181484,108.67997567684));
#1762 = CARTESIAN_POINT('',(29.000266354429,108.63501427417));
#1763 = CARTESIAN_POINT('',(29.025043552416,108.5906932374));
#1764 = CARTESIAN_POINT('',(29.090202007588,108.48103488903));
#1765 = CARTESIAN_POINT('',(29.13207367747,108.41656660568));
#1766 = CARTESIAN_POINT('',(29.176498531138,108.35376305309));
#1767 = CARTESIAN_POINT('',(29.223375649481,108.29273462936));
#1768 = CARTESIAN_POINT('',(29.272597424914,108.23358160896));
#1769 = CARTESIAN_POINT('',(29.407774074346,108.08333705152));
#1770 = CARTESIAN_POINT('',(29.497408102549,107.99548224845));
#1771 = CARTESIAN_POINT('',(29.592459646517,107.91322166142));
#1772 = CARTESIAN_POINT('',(29.692412064351,107.83686577239));
#1773 = CARTESIAN_POINT('',(29.796735192237,107.76665469703));
#1774 = CARTESIAN_POINT('',(30.017959437727,107.63598851078));
#1775 = CARTESIAN_POINT('',(30.135219444376,107.57611777868));
#1776 = CARTESIAN_POINT('',(30.256069867986,107.52336122786));
#1777 = CARTESIAN_POINT('',(30.379912566233,107.47784631818));
#1778 = CARTESIAN_POINT('',(30.506164723749,107.43963882874));
#1779 = CARTESIAN_POINT('',(30.711433141641,107.39015522558));
#1780 = CARTESIAN_POINT('',(30.789271684186,107.3742114252));
#1781 = CARTESIAN_POINT('',(30.86765889258,107.36092984316));
#1782 = CARTESIAN_POINT('',(30.946475329879,107.35030863555));
#1783 = CARTESIAN_POINT('',(31.025604561742,107.34234074732));
#1784 = CARTESIAN_POINT('',(31.276791856997,107.32547401347));
#1785 = CARTESIAN_POINT('',(31.449580044714,107.3263310494));
#1786 = CARTESIAN_POINT('',(31.622156136394,107.33946517014));
#1787 = CARTESIAN_POINT('',(31.793427382772,107.36466841561));
#1788 = CARTESIAN_POINT('',(31.962343944124,107.40167433653));
#1789 = CARTESIAN_POINT('',(32.248235631636,107.48545343037));
#1790 = CARTESIAN_POINT('',(32.366792261214,107.52679852014));
#1791 = CARTESIAN_POINT('',(32.483173188808,107.57410856002));
#1792 = CARTESIAN_POINT('',(32.596982433596,107.62725701456));
#1793 = CARTESIAN_POINT('',(32.707817699736,107.68610513765));
#1794 = CARTESIAN_POINT('',(32.857899739238,107.77604998012));
#1795 = CARTESIAN_POINT('',(32.899996261535,107.80247110444));
#1796 = CARTESIAN_POINT('',(32.941534115847,107.82975580595));
#1797 = CARTESIAN_POINT('',(32.982487025322,107.85789401588));
#1798 = CARTESIAN_POINT('',(33.022828263668,107.88687513629));
#1799 = CARTESIAN_POINT('',(33.117125870075,107.9576841606));
#1800 = CARTESIAN_POINT('',(33.170512997994,108.0002528223));
#1801 = CARTESIAN_POINT('',(33.222621348668,108.04436541094));
#1802 = CARTESIAN_POINT('',(33.273378236732,108.08999023779));
#1803 = CARTESIAN_POINT('',(33.322708981705,108.13709253958));
#1804 = CARTESIAN_POINT('',(33.438155340565,108.25426225209));
#1805 = CARTESIAN_POINT('',(33.502769289212,108.32576647689));
#1806 = CARTESIAN_POINT('',(33.564163726065,108.40003974055));
#1807 = CARTESIAN_POINT('',(33.622112616135,108.47695697189));
#1808 = CARTESIAN_POINT('',(33.676385048209,108.55637084351));
#1809 = CARTESIAN_POINT('',(33.770511353869,108.70912244875));
#1810 = CARTESIAN_POINT('',(33.811322542448,108.78189059506));
#1811 = CARTESIAN_POINT('',(33.849034192561,108.8562961868));
#1812 = CARTESIAN_POINT('',(33.883495971656,108.93220755304));
#1813 = CARTESIAN_POINT('',(33.914564224535,109.00947419502));
#1814 = CARTESIAN_POINT('',(33.958210388401,109.13378591909));
#1815 = CARTESIAN_POINT('',(33.9731083585,109.18005221212));
#1816 = CARTESIAN_POINT('',(33.986775769904,109.22668881796));
#1817 = CARTESIAN_POINT('',(33.99918847661,109.27365929079));
#1818 = CARTESIAN_POINT('',(34.010324571323,109.32092500295));
#1819 = CARTESIAN_POINT('',(34.041159720816,109.46983872021));
#1820 = CARTESIAN_POINT('',(34.05625542646,109.57239763409));
#1821 = CARTESIAN_POINT('',(34.065260726263,109.67571292949));
#1822 = CARTESIAN_POINT('',(34.068050409861,109.77935430725));
#1823 = CARTESIAN_POINT('',(34.064578149931,109.88287178416));
#1824 = CARTESIAN_POINT('',(34.045488315325,110.08567692475));
#1825 = CARTESIAN_POINT('',(34.030231994225,110.18501253348));
#1826 = CARTESIAN_POINT('',(34.009161590108,110.28337730219));
#1827 = CARTESIAN_POINT('',(33.982395013066,110.38037510815));
#1828 = CARTESIAN_POINT('',(33.950115684267,110.47563987376));
#1829 = CARTESIAN_POINT('',(33.894427745803,110.6138337027));
#1830 = CARTESIAN_POINT('',(33.875064051632,110.65835131472));
#1831 = CARTESIAN_POINT('',(33.854496335515,110.70235098169));
#1832 = CARTESIAN_POINT('',(33.832752976495,110.74579853533));
#1833 = CARTESIAN_POINT('',(33.809864185507,110.78866235276));
#1834 = CARTESIAN_POINT('',(33.743509506811,110.90546629071));
#1835 = CARTESIAN_POINT('',(33.697689536018,110.97811157005));
#1836 = CARTESIAN_POINT('',(33.648576806897,111.04868869888));
#1837 = CARTESIAN_POINT('',(33.596356217182,111.11706375032));
#1838 = CARTESIAN_POINT('',(33.541216210337,111.18312508261));
#1839 = CARTESIAN_POINT('',(33.41872881026,111.31784539156));
#1840 = CARTESIAN_POINT('',(33.350707911649,111.38591074316));
#1841 = CARTESIAN_POINT('',(33.279536868852,111.45084658864));
#1842 = CARTESIAN_POINT('',(33.205469284226,111.51255079328));
#1843 = CARTESIAN_POINT('',(33.128749821167,111.57094202131));
#1844 = CARTESIAN_POINT('',(32.850330974806,111.76447601514));
#1845 = CARTESIAN_POINT('',(32.635778934462,111.88151881231));
#1846 = CARTESIAN_POINT('',(32.409521527907,111.97615883726));
#1847 = CARTESIAN_POINT('',(32.174876455021,112.04773111902));
#1848 = CARTESIAN_POINT('',(31.934930652922,112.09583051344));
#1849 = CARTESIAN_POINT('',(31.63876544865,112.12553407552));
#1850 = CARTESIAN_POINT('',(31.584898343133,112.12975501139));
#1851 = CARTESIAN_POINT('',(31.530946449948,112.13280278548));
#1852 = CARTESIAN_POINT('',(31.47694258623,112.13467449172));
#1853 = CARTESIAN_POINT('',(31.422919706448,112.13536767595));
#1854 = CARTESIAN_POINT('',(31.368910902404,112.13488033592));
#1855 = ( GEOMETRIC_REPRESENTATION_CONTEXT(2) 
PARAMETRIC_REPRESENTATION_CONTEXT() REPRESENTATION_CONTEXT('2D SPACE',''
  ) );
#1856 = PCURVE('',#1857,#1862);
#1857 = TOROIDAL_SURFACE('',#1858,14.,2.4);
#1858 = AXIS2_PLACEMENT_3D('',#1859,#1860,#1861);
#1859 = CARTESIAN_POINT('',(33.94220503136,202.,245.27079457959));
#1860 = DIRECTION('',(9.07710413995E-02,2.595256685802E-15,
    -0.995871787954));
#1861 = DIRECTION('',(-0.995871787954,2.030122102172E-15,
    -9.07710413995E-02));
#1862 = DEFINITIONAL_REPRESENTATION('',(#1863),#1996);
#1863 = B_SPLINE_CURVE_WITH_KNOTS('',6,(#1864,#1865,#1866,#1867,#1868,
    #1869,#1870,#1871,#1872,#1873,#1874,#1875,#1876,#1877,#1878,#1879,
    #1880,#1881,#1882,#1883,#1884,#1885,#1886,#1887,#1888,#1889,#1890,
    #1891,#1892,#1893,#1894,#1895,#1896,#1897,#1898,#1899,#1900,#1901,
    #1902,#1903,#1904,#1905,#1906,#1907,#1908,#1909,#1910,#1911,#1912,
    #1913,#1914,#1915,#1916,#1917,#1918,#1919,#1920,#1921,#1922,#1923,
    #1924,#1925,#1926,#1927,#1928,#1929,#1930,#1931,#1932,#1933,#1934,
    #1935,#1936,#1937,#1938,#1939,#1940,#1941,#1942,#1943,#1944,#1945,
    #1946,#1947,#1948,#1949,#1950,#1951,#1952,#1953,#1954,#1955,#1956,
    #1957,#1958,#1959,#1960,#1961,#1962,#1963,#1964,#1965,#1966,#1967,
    #1968,#1969,#1970,#1971,#1972,#1973,#1974,#1975,#1976,#1977,#1978,
    #1979,#1980,#1981,#1982,#1983,#1984,#1985,#1986,#1987,#1988,#1989,
    #1990,#1991,#1992,#1993,#1994,#1995),.UNSPECIFIED.,.F.,.F.,(7,5,5,5,
    5,5,5,5,5,5,5,5,5,5,5,5,5,5,5,5,5,5,5,5,5,5,7),(0.,
    7.655142843322E-02,0.123974425248,0.171295013701,0.200378040173,
    0.219608719075,0.262614868733,0.30740723164,0.326642745049,
    0.355735647104,0.403076428009,0.452562696316,0.482373017712,
    0.546954610223,0.593900792148,0.612525690898,0.638137013785,
    0.674345899322,0.705805389704,0.72419654589,0.763437675849,
    0.80151749257,0.81990419123,0.852347974953,0.888569770051,
    0.979777041994,1.),.UNSPECIFIED.);
#1864 = CARTESIAN_POINT('',(0.450422278414,4.621492824993));
#1865 = CARTESIAN_POINT('',(0.443985708761,4.698245125074));
#1866 = CARTESIAN_POINT('',(0.437712936608,4.775139009904));
#1867 = CARTESIAN_POINT('',(0.431653063303,4.852310574292));
#1868 = CARTESIAN_POINT('',(0.425846868085,4.92986627578));
#1869 = CARTESIAN_POINT('',(0.42032883284,5.007890423608));
#1870 = CARTESIAN_POINT('',(0.411908010011,5.135121348293));
#1871 = CARTESIAN_POINT('',(0.408809108966,5.183995285268));
#1872 = CARTESIAN_POINT('',(0.405839766148,5.233088324275));
#1873 = CARTESIAN_POINT('',(0.403006675592,5.282411207499));
#1874 = CARTESIAN_POINT('',(0.400316050543,5.331970104816));
#1875 = CARTESIAN_POINT('',(0.395236938269,5.431452654242));
#1876 = CARTESIAN_POINT('',(0.392847746783,5.481376663496));
#1877 = CARTESIAN_POINT('',(0.390612048765,5.531535537881));
#1878 = CARTESIAN_POINT('',(0.388535146699,5.58192615339));
#1879 = CARTESIAN_POINT('',(0.386621871642,5.632540163882));
#1880 = CARTESIAN_POINT('',(0.383804094656,5.714594081596));
#1881 = CARTESIAN_POINT('',(0.38279497687,5.745906162909));
#1882 = CARTESIAN_POINT('',(0.381850345113,5.777293011783));
#1883 = CARTESIAN_POINT('',(0.380971128441,5.808750436986));
#1884 = CARTESIAN_POINT('',(0.380158167983,5.840273556304));
#1885 = CARTESIAN_POINT('',(0.378918968574,5.892740701164));
#1886 = CARTESIAN_POINT('',(0.378455017108,5.913650904152));
#1887 = CARTESIAN_POINT('',(0.378020579295,5.934585797264));
#1888 = CARTESIAN_POINT('',(0.377615851876,5.955543666675));
#1889 = CARTESIAN_POINT('',(0.377241011573,5.976522692967));
#1890 = CARTESIAN_POINT('',(0.376125133484,6.04447999178));
#1891 = CARTESIAN_POINT('',(0.375504288627,6.091537022211));
#1892 = CARTESIAN_POINT('',(0.375035465146,6.138666768534));
#1893 = CARTESIAN_POINT('',(0.374719853106,6.185847558359));
#1894 = CARTESIAN_POINT('',(0.374558061623,6.233056507077));
#1895 = CARTESIAN_POINT('',(0.374541868532,6.329433641907));
#1896 = CARTESIAN_POINT('',(0.374700513672,6.378605837074));
#1897 = CARTESIAN_POINT('',(0.375026063266,6.427748319804));
#1898 = CARTESIAN_POINT('',(0.375517842794,6.476835396031));
#1899 = CARTESIAN_POINT('',(0.376174493445,6.525842755735));
#1900 = CARTESIAN_POINT('',(0.377345864671,6.595740563014));
#1901 = CARTESIAN_POINT('',(0.377727801049,6.616719945871));
#1902 = CARTESIAN_POINT('',(0.378139607055,6.637677816296));
#1903 = CARTESIAN_POINT('',(0.378581102971,6.658612367814));
#1904 = CARTESIAN_POINT('',(0.379052089156,6.679521900942));
#1905 = CARTESIAN_POINT('',(0.380308962955,6.731989361589));
#1906 = CARTESIAN_POINT('',(0.381132541179,6.763513052863));
#1907 = CARTESIAN_POINT('',(0.382022317651,6.79497037753));
#1908 = CARTESIAN_POINT('',(0.38297744188,6.826356511645));
#1909 = CARTESIAN_POINT('',(0.383996975953,6.857667326808));
#1910 = CARTESIAN_POINT('',(0.386842048884,6.939721073957));
#1911 = CARTESIAN_POINT('',(0.388772093224,6.990335328284));
#1912 = CARTESIAN_POINT('',(0.390865533043,7.040725169847));
#1913 = CARTESIAN_POINT('',(0.393117502851,7.090882534857));
#1914 = CARTESIAN_POINT('',(0.395522667155,7.140804586551));
#1915 = CARTESIAN_POINT('',(0.400743249449,7.242427206422));
#1916 = CARTESIAN_POINT('',(0.403572391475,7.294107331835));
#1917 = CARTESIAN_POINT('',(0.406555857657,7.345530898033));
#1918 = CARTESIAN_POINT('',(0.409686539833,7.396705486133));
#1919 = CARTESIAN_POINT('',(0.412956751995,7.447644046374));
#1920 = CARTESIAN_POINT('',(0.418407011395,7.528916182593));
#1921 = CARTESIAN_POINT('',(0.420503528509,7.559389673223));
#1922 = CARTESIAN_POINT('',(0.422645799405,7.58978748475));
#1923 = CARTESIAN_POINT('',(0.42483188992,7.620114021552));
#1924 = CARTESIAN_POINT('',(0.427059754403,7.650374264709));
#1925 = CARTESIAN_POINT('',(0.434239541473,7.745998503884));
#1926 = CARTESIAN_POINT('',(0.43933756567,7.811135489233));
#1927 = CARTESIAN_POINT('',(0.444599602732,7.876046569114));
#1928 = CARTESIAN_POINT('',(0.450000550116,7.940796736448));
#1929 = CARTESIAN_POINT('',(0.455510897844,8.005460526818));
#1930 = CARTESIAN_POINT('',(0.465155512246,8.117137315129));
#1931 = CARTESIAN_POINT('',(0.469254393316,8.164146762485));
#1932 = CARTESIAN_POINT('',(0.473379050027,8.211189992668));
#1933 = CARTESIAN_POINT('',(0.477513926604,8.258301372958));
#1934 = CARTESIAN_POINT('',(0.481641222715,8.305516396587));
#1935 = CARTESIAN_POINT('',(0.487367338208,8.371658885963));
#1936 = CARTESIAN_POINT('',(0.488989410994,8.39046810255));
#1937 = CARTESIAN_POINT('',(0.490605843127,8.409301581627));
#1938 = CARTESIAN_POINT('',(0.492215294685,8.42816154471));
#1939 = CARTESIAN_POINT('',(0.493816354531,8.4470501857));
#1940 = CARTESIAN_POINT('',(0.497595597839,8.491986083241));
#1941 = CARTESIAN_POINT('',(0.499764981618,8.518060757087));
#1942 = CARTESIAN_POINT('',(0.501911833766,8.544199390006));
#1943 = CARTESIAN_POINT('',(0.504032024966,8.570407335982));
#1944 = CARTESIAN_POINT('',(0.506121154449,8.596689605398));
#1945 = CARTESIAN_POINT('',(0.511077612688,8.660319999033));
#1946 = CARTESIAN_POINT('',(0.513909218521,8.697746633073));
#1947 = CARTESIAN_POINT('',(0.516656262779,8.735344207372));
#1948 = CARTESIAN_POINT('',(0.519304405672,8.773123135627));
#1949 = CARTESIAN_POINT('',(0.521838481057,8.811090341793));
#1950 = CARTESIAN_POINT('',(0.526331952914,8.882402138175));
#1951 = CARTESIAN_POINT('',(0.528323124009,8.915699715661));
#1952 = CARTESIAN_POINT('',(0.530206211674,8.949142811919));
#1953 = CARTESIAN_POINT('',(0.531970760903,8.982730131743));
#1954 = CARTESIAN_POINT('',(0.533606523545,9.016456883429));
#1955 = CARTESIAN_POINT('',(0.535979281844,9.07010658217));
#1956 = CARTESIAN_POINT('',(0.53680737796,9.089943853235));
#1957 = CARTESIAN_POINT('',(0.537586265931,9.109823883905));
#1958 = CARTESIAN_POINT('',(0.538314138749,9.129744436842));
#1959 = CARTESIAN_POINT('',(0.538989318188,9.149702826758));
#1960 = CARTESIAN_POINT('',(0.540935151345,9.212355097172));
#1961 = CARTESIAN_POINT('',(0.54201325043,9.255175198257));
#1962 = CARTESIAN_POINT('',(0.542829507896,9.298119832826));
#1963 = CARTESIAN_POINT('',(0.543372956486,9.341152812418));
#1964 = CARTESIAN_POINT('',(0.543637733315,9.384232805818));
#1965 = CARTESIAN_POINT('',(0.54361088249,9.469108402581));
#1966 = CARTESIAN_POINT('',(0.543335486531,9.510909776879));
#1967 = CARTESIAN_POINT('',(0.542797995243,9.552665120575));
#1968 = CARTESIAN_POINT('',(0.54200389566,9.594336648203));
#1969 = CARTESIAN_POINT('',(0.540963193569,9.635891184712));
#1970 = CARTESIAN_POINT('',(0.539074536153,9.697287517122));
#1971 = CARTESIAN_POINT('',(0.53840520514,9.717245050174));
#1972 = CARTESIAN_POINT('',(0.537683065231,9.737165005735));
#1973 = CARTESIAN_POINT('',(0.536909784179,9.757044672046));
#1974 = CARTESIAN_POINT('',(0.536087160231,9.776881784112));
#1975 = CARTESIAN_POINT('',(0.533681913964,9.831599301137));
#1976 = CARTESIAN_POINT('',(0.531999024469,9.866386071547));
#1977 = CARTESIAN_POINT('',(0.530178940162,9.901024555922));
#1978 = CARTESIAN_POINT('',(0.528232908845,9.935509493647));
#1979 = CARTESIAN_POINT('',(0.526172409659,9.969839573585));
#1980 = CARTESIAN_POINT('',(0.521592872667,10.042172973567));
#1981 = CARTESIAN_POINT('',(0.519048388871,10.08013834758));
#1982 = CARTESIAN_POINT('',(0.516390753199,10.117915714781));
#1983 = CARTESIAN_POINT('',(0.513635110275,10.155512194102));
#1984 = CARTESIAN_POINT('',(0.510795766224,10.192938351552));
#1985 = CARTESIAN_POINT('',(0.50055840565,10.324052931766));
#1986 = CARTESIAN_POINT('',(0.492786024075,10.416868287587));
#1987 = CARTESIAN_POINT('',(0.484773517695,10.508937928657));
#1988 = CARTESIAN_POINT('',(0.47668907595,10.600502090736));
#1989 = CARTESIAN_POINT('',(0.468658631827,10.691797552839));
#1990 = CARTESIAN_POINT('',(0.45902873147,10.80337574227));
#1991 = CARTESIAN_POINT('',(0.457288458516,10.823625708627));
#1992 = CARTESIAN_POINT('',(0.455556678664,10.843878441506));
#1993 = CARTESIAN_POINT('',(0.453834416944,10.864136470624));
#1994 = CARTESIAN_POINT('',(0.452122644465,10.884402244844));
#1995 = CARTESIAN_POINT('',(0.450422278414,10.904678132173));
#1996 = ( GEOMETRIC_REPRESENTATION_CONTEXT(2) 
PARAMETRIC_REPRESENTATION_CONTEXT() REPRESENTATION_CONTEXT('2D SPACE',''
  ) );
#1997 = ORIENTED_EDGE('',*,*,#1998,.T.);
#1998 = EDGE_CURVE('',#1582,#1999,#2001,.T.);
#1999 = VERTEX_POINT('',#2000);
#2000 = CARTESIAN_POINT('',(18.637876239007,208.,244.31681435851));
#2001 = SURFACE_CURVE('',#2002,(#2007,#2018),.PCURVE_S1.);
#2002 = CIRCLE('',#2003,1.1);
#2003 = AXIS2_PLACEMENT_3D('',#2004,#2005,#2006);
#2004 = CARTESIAN_POINT('',(19.5,208.,245.));
#2005 = DIRECTION('',(0.,1.,0.));
#2006 = DIRECTION('',(0.,-0.,1.));
#2007 = PCURVE('',#44,#2008);
#2008 = DEFINITIONAL_REPRESENTATION('',(#2009),#2017);
#2009 = ( BOUNDED_CURVE() B_SPLINE_CURVE(2,(#2010,#2011,#2012,#2013,
#2014,#2015,#2016),.UNSPECIFIED.,.T.,.F.) B_SPLINE_CURVE_WITH_KNOTS((1,2
    ,2,2,2,1),(-2.094395102393,0.,2.094395102393,4.188790204786,
6.28318530718,8.377580409573),.UNSPECIFIED.) CURVE() 
GEOMETRIC_REPRESENTATION_ITEM() RATIONAL_B_SPLINE_CURVE((1.,0.5,1.,0.5,
1.,0.5,1.)) REPRESENTATION_ITEM('') );
#2010 = CARTESIAN_POINT('',(29.5,111.71010778016));
#2011 = CARTESIAN_POINT('',(31.405255888326,111.71010778016));
#2012 = CARTESIAN_POINT('',(30.452627944163,110.06010778016));
#2013 = CARTESIAN_POINT('',(29.5,108.41010778016));
#2014 = CARTESIAN_POINT('',(28.547372055837,110.06010778016));
#2015 = CARTESIAN_POINT('',(27.594744111674,111.71010778016));
#2016 = CARTESIAN_POINT('',(29.5,111.71010778016));
#2017 = ( GEOMETRIC_REPRESENTATION_CONTEXT(2) 
PARAMETRIC_REPRESENTATION_CONTEXT() REPRESENTATION_CONTEXT('2D SPACE',''
  ) );
#2018 = PCURVE('',#2019,#2024);
#2019 = CYLINDRICAL_SURFACE('',#2020,1.1);
#2020 = AXIS2_PLACEMENT_3D('',#2021,#2022,#2023);
#2021 = CARTESIAN_POINT('',(19.5,151.,245.));
#2022 = DIRECTION('',(0.,1.,0.));
#2023 = DIRECTION('',(0.,-0.,1.));
#2024 = DEFINITIONAL_REPRESENTATION('',(#2025),#2029);
#2025 = LINE('',#2026,#2027);
#2026 = CARTESIAN_POINT('',(0.,57.));
#2027 = VECTOR('',#2028,1.);
#2028 = DIRECTION('',(1.,0.));
#2029 = ( GEOMETRIC_REPRESENTATION_CONTEXT(2) 
PARAMETRIC_REPRESENTATION_CONTEXT() REPRESENTATION_CONTEXT('2D SPACE',''
  ) );
#2030 = ORIENTED_EDGE('',*,*,#2031,.T.);
#2031 = EDGE_CURVE('',#1999,#2032,#2034,.T.);
#2032 = VERTEX_POINT('',#2033);
#2033 = CARTESIAN_POINT('',(18.,208.,247.8));
#2034 = SURFACE_CURVE('',#2035,(#2040,#2051),.PCURVE_S1.);
#2035 = CIRCLE('',#2036,1.8);
#2036 = AXIS2_PLACEMENT_3D('',#2037,#2038,#2039);
#2037 = CARTESIAN_POINT('',(18.,208.,246.));
#2038 = DIRECTION('',(0.,1.,0.));
#2039 = DIRECTION('',(0.,-0.,1.));
#2040 = PCURVE('',#44,#2041);
#2041 = DEFINITIONAL_REPRESENTATION('',(#2042),#2050);
#2042 = ( BOUNDED_CURVE() B_SPLINE_CURVE(2,(#2043,#2044,#2045,#2046,
#2047,#2048,#2049),.UNSPECIFIED.,.T.,.F.) B_SPLINE_CURVE_WITH_KNOTS((1,2
    ,2,2,2,1),(-2.094395102393,0.,2.094395102393,4.188790204786,
6.28318530718,8.377580409573),.UNSPECIFIED.) CURVE() 
GEOMETRIC_REPRESENTATION_ITEM() RATIONAL_B_SPLINE_CURVE((1.,0.5,1.,0.5,
1.,0.5,1.)) REPRESENTATION_ITEM('') );
#2043 = CARTESIAN_POINT('',(28.,113.41010778016));
#2044 = CARTESIAN_POINT('',(31.117691453624,113.41010778016));
#2045 = CARTESIAN_POINT('',(29.558845726812,110.71010778016));
#2046 = CARTESIAN_POINT('',(28.,108.01010778016));
#2047 = CARTESIAN_POINT('',(26.441154273188,110.71010778016));
#2048 = CARTESIAN_POINT('',(24.882308546376,113.41010778016));
#2049 = CARTESIAN_POINT('',(28.,113.41010778016));
#2050 = ( GEOMETRIC_REPRESENTATION_CONTEXT(2) 
PARAMETRIC_REPRESENTATION_CONTEXT() REPRESENTATION_CONTEXT('2D SPACE',''
  ) );
#2051 = PCURVE('',#2052,#2057);
#2052 = CYLINDRICAL_SURFACE('',#2053,1.8);
#2053 = AXIS2_PLACEMENT_3D('',#2054,#2055,#2056);
#2054 = CARTESIAN_POINT('',(18.,56.,246.));
#2055 = DIRECTION('',(0.,1.,0.));
#2056 = DIRECTION('',(0.,-0.,1.));
#2057 = DEFINITIONAL_REPRESENTATION('',(#2058),#2062);
#2058 = LINE('',#2059,#2060);
#2059 = CARTESIAN_POINT('',(0.,152.));
#2060 = VECTOR('',#2061,1.);
#2061 = DIRECTION('',(1.,0.));
#2062 = ( GEOMETRIC_REPRESENTATION_CONTEXT(2) 
PARAMETRIC_REPRESENTATION_CONTEXT() REPRESENTATION_CONTEXT('2D SPACE',''
  ) );
#2063 = ORIENTED_EDGE('',*,*,#2064,.T.);
#2064 = EDGE_CURVE('',#2032,#2065,#2067,.T.);
#2065 = VERTEX_POINT('',#2066);
#2066 = CARTESIAN_POINT('',(19.799046837912,208.,246.05857025687));
#2067 = SURFACE_CURVE('',#2068,(#2073,#2084),.PCURVE_S1.);
#2068 = CIRCLE('',#2069,1.8);
#2069 = AXIS2_PLACEMENT_3D('',#2070,#2071,#2072);
#2070 = CARTESIAN_POINT('',(18.,208.,246.));
#2071 = DIRECTION('',(0.,1.,0.));
#2072 = DIRECTION('',(0.,-0.,1.));
#2073 = PCURVE('',#44,#2074);
#2074 = DEFINITIONAL_REPRESENTATION('',(#2075),#2083);
#2075 = ( BOUNDED_CURVE() B_SPLINE_CURVE(2,(#2076,#2077,#2078,#2079,
#2080,#2081,#2082),.UNSPECIFIED.,.T.,.F.) B_SPLINE_CURVE_WITH_KNOTS((1,2
    ,2,2,2,1),(-2.094395102393,0.,2.094395102393,4.188790204786,
6.28318530718,8.377580409573),.UNSPECIFIED.) CURVE() 
GEOMETRIC_REPRESENTATION_ITEM() RATIONAL_B_SPLINE_CURVE((1.,0.5,1.,0.5,
1.,0.5,1.)) REPRESENTATION_ITEM('') );
#2076 = CARTESIAN_POINT('',(28.,113.41010778016));
#2077 = CARTESIAN_POINT('',(31.117691453624,113.41010778016));
#2078 = CARTESIAN_POINT('',(29.558845726812,110.71010778016));
#2079 = CARTESIAN_POINT('',(28.,108.01010778016));
#2080 = CARTESIAN_POINT('',(26.441154273188,110.71010778016));
#2081 = CARTESIAN_POINT('',(24.882308546376,113.41010778016));
#2082 = CARTESIAN_POINT('',(28.,113.41010778016));
#2083 = ( GEOMETRIC_REPRESENTATION_CONTEXT(2) 
PARAMETRIC_REPRESENTATION_CONTEXT() REPRESENTATION_CONTEXT('2D SPACE',''
  ) );
#2084 = PCURVE('',#2085,#2090);
#2085 = CYLINDRICAL_SURFACE('',#2086,1.8);
#2086 = AXIS2_PLACEMENT_3D('',#2087,#2088,#2089);
#2087 = CARTESIAN_POINT('',(18.,56.,246.));
#2088 = DIRECTION('',(0.,1.,0.));
#2089 = DIRECTION('',(0.,-0.,1.));
#2090 = DEFINITIONAL_REPRESENTATION('',(#2091),#2095);
#2091 = LINE('',#2092,#2093);
#2092 = CARTESIAN_POINT('',(0.,152.));
#2093 = VECTOR('',#2094,1.);
#2094 = DIRECTION('',(1.,0.));
#2095 = ( GEOMETRIC_REPRESENTATION_CONTEXT(2) 
PARAMETRIC_REPRESENTATION_CONTEXT() REPRESENTATION_CONTEXT('2D SPACE',''
  ) );
#2096 = ORIENTED_EDGE('',*,*,#2097,.T.);
#2097 = EDGE_CURVE('',#2065,#2098,#2100,.T.);
#2098 = VERTEX_POINT('',#2099);
#2099 = CARTESIAN_POINT('',(19.816209609754,208.,246.05357082471));
#2100 = SURFACE_CURVE('',#2101,(#2106,#2117),.PCURVE_S1.);
#2101 = CIRCLE('',#2102,1.1);
#2102 = AXIS2_PLACEMENT_3D('',#2103,#2104,#2105);
#2103 = CARTESIAN_POINT('',(19.5,208.,245.));
#2104 = DIRECTION('',(0.,1.,0.));
#2105 = DIRECTION('',(0.,-0.,1.));
#2106 = PCURVE('',#44,#2107);
#2107 = DEFINITIONAL_REPRESENTATION('',(#2108),#2116);
#2108 = ( BOUNDED_CURVE() B_SPLINE_CURVE(2,(#2109,#2110,#2111,#2112,
#2113,#2114,#2115),.UNSPECIFIED.,.T.,.F.) B_SPLINE_CURVE_WITH_KNOTS((1,2
    ,2,2,2,1),(-2.094395102393,0.,2.094395102393,4.188790204786,
6.28318530718,8.377580409573),.UNSPECIFIED.) CURVE() 
GEOMETRIC_REPRESENTATION_ITEM() RATIONAL_B_SPLINE_CURVE((1.,0.5,1.,0.5,
1.,0.5,1.)) REPRESENTATION_ITEM('') );
#2109 = CARTESIAN_POINT('',(29.5,111.71010778016));
#2110 = CARTESIAN_POINT('',(31.405255888326,111.71010778016));
#2111 = CARTESIAN_POINT('',(30.452627944163,110.06010778016));
#2112 = CARTESIAN_POINT('',(29.5,108.41010778016));
#2113 = CARTESIAN_POINT('',(28.547372055837,110.06010778016));
#2114 = CARTESIAN_POINT('',(27.594744111674,111.71010778016));
#2115 = CARTESIAN_POINT('',(29.5,111.71010778016));
#2116 = ( GEOMETRIC_REPRESENTATION_CONTEXT(2) 
PARAMETRIC_REPRESENTATION_CONTEXT() REPRESENTATION_CONTEXT('2D SPACE',''
  ) );
#2117 = PCURVE('',#2118,#2123);
#2118 = CYLINDRICAL_SURFACE('',#2119,1.1);
#2119 = AXIS2_PLACEMENT_3D('',#2120,#2121,#2122);
#2120 = CARTESIAN_POINT('',(19.5,151.,245.));
#2121 = DIRECTION('',(0.,1.,0.));
#2122 = DIRECTION('',(0.,-0.,1.));
#2123 = DEFINITIONAL_REPRESENTATION('',(#2124),#2128);
#2124 = LINE('',#2125,#2126);
#2125 = CARTESIAN_POINT('',(0.,57.));
#2126 = VECTOR('',#2127,1.);
#2127 = DIRECTION('',(1.,0.));
#2128 = ( GEOMETRIC_REPRESENTATION_CONTEXT(2) 
PARAMETRIC_REPRESENTATION_CONTEXT() REPRESENTATION_CONTEXT('2D SPACE',''
  ) );
#2129 = ORIENTED_EDGE('',*,*,#2130,.F.);
#2130 = EDGE_CURVE('',#1584,#2098,#2131,.T.);
#2131 = SURFACE_CURVE('',#2132,(#2265,#2401),.PCURVE_S1.);
#2132 = B_SPLINE_CURVE_WITH_KNOTS('',6,(#2133,#2134,#2135,#2136,#2137,
    #2138,#2139,#2140,#2141,#2142,#2143,#2144,#2145,#2146,#2147,#2148,
    #2149,#2150,#2151,#2152,#2153,#2154,#2155,#2156,#2157,#2158,#2159,
    #2160,#2161,#2162,#2163,#2164,#2165,#2166,#2167,#2168,#2169,#2170,
    #2171,#2172,#2173,#2174,#2175,#2176,#2177,#2178,#2179,#2180,#2181,
    #2182,#2183,#2184,#2185,#2186,#2187,#2188,#2189,#2190,#2191,#2192,
    #2193,#2194,#2195,#2196,#2197,#2198,#2199,#2200,#2201,#2202,#2203,
    #2204,#2205,#2206,#2207,#2208,#2209,#2210,#2211,#2212,#2213,#2214,
    #2215,#2216,#2217,#2218,#2219,#2220,#2221,#2222,#2223,#2224,#2225,
    #2226,#2227,#2228,#2229,#2230,#2231,#2232,#2233,#2234,#2235,#2236,
    #2237,#2238,#2239,#2240,#2241,#2242,#2243,#2244,#2245,#2246,#2247,
    #2248,#2249,#2250,#2251,#2252,#2253,#2254,#2255,#2256,#2257,#2258,
    #2259,#2260,#2261,#2262,#2263,#2264),.UNSPECIFIED.,.T.,.F.,(7,5,5,5,
    5,5,5,5,5,5,5,5,5,5,5,5,5,5,5,5,5,5,5,5,5,5,7),(0.,
    7.655142843322E-02,0.123974425248,0.171295013701,0.200378040173,
    0.219608719075,0.262614868733,0.30740723164,0.326642745049,
    0.355735647104,0.403076428009,0.452562696316,0.482373017712,
    0.546954610223,0.593900792148,0.612525690898,0.638137013785,
    0.674345899322,0.705805389704,0.72419654589,0.763437675849,
    0.80151749257,0.81990419123,0.852347974953,0.888569770051,
    0.979777041994,1.),.UNSPECIFIED.);
#2133 = CARTESIAN_POINT('',(21.368910902404,208.,246.52477255576));
#2134 = CARTESIAN_POINT('',(21.164465578503,208.,246.52292772449));
#2135 = CARTESIAN_POINT('',(20.960233973741,208.,246.50416765958));
#2136 = CARTESIAN_POINT('',(20.757983995811,208.,246.46838745522));
#2137 = CARTESIAN_POINT('',(20.559586362395,208.,246.41558119494));
#2138 = CARTESIAN_POINT('',(20.366997307999,208.,246.34593365547));
#2139 = CARTESIAN_POINT('',(20.067786052937,208.,246.2066221906));
#2140 = CARTESIAN_POINT('',(19.956339185557,208.,246.14704948554));
#2141 = CARTESIAN_POINT('',(19.848385035635,208.,246.08130791627));
#2142 = CARTESIAN_POINT('',(19.744418355717,208.,246.00955485943));
#2143 = CARTESIAN_POINT('',(19.644936425656,208.,245.93200200349));
#2144 = CARTESIAN_POINT('',(19.456129845569,208.,245.7660300022));
#2145 = CARTESIAN_POINT('',(19.366781291127,208.,245.67763236489));
#2146 = CARTESIAN_POINT('',(19.282875481336,208.,245.5840109441));
#2147 = CARTESIAN_POINT('',(19.204888666697,208.,245.48550123603));
#2148 = CARTESIAN_POINT('',(19.133270389022,208.,245.3825054635));
#2149 = CARTESIAN_POINT('',(19.028580267689,208.,245.20973715432));
#2150 = CARTESIAN_POINT('',(18.991289162784,208.,245.14245777369));
#2151 = CARTESIAN_POINT('',(18.956652569629,208.,245.07377333666));
#2152 = CARTESIAN_POINT('',(18.924757368432,208.,245.00380264513));
#2153 = CARTESIAN_POINT('',(18.89568192781,208.,244.93267318203));
#2154 = CARTESIAN_POINT('',(18.852181075109,208.,244.81281169561));
#2155 = CARTESIAN_POINT('',(18.836129179556,208.,244.76465497909));
#2156 = CARTESIAN_POINT('',(18.821360409314,208.,244.716090267));
#2157 = CARTESIAN_POINT('',(18.807892586924,208.,244.66715812568));
#2158 = CARTESIAN_POINT('',(18.795741366287,208.,244.61790038258));
#2159 = CARTESIAN_POINT('',(18.760720494253,208.,244.45757171208));
#2160 = CARTESIAN_POINT('',(18.743171948679,208.,244.34536588875));
#2161 = CARTESIAN_POINT('',(18.732425727063,208.,244.23223189044));
#2162 = CARTESIAN_POINT('',(18.728570932844,208.,244.11867186663));
#2163 = CARTESIAN_POINT('',(18.731631244886,208.,244.00519892976));
#2164 = CARTESIAN_POINT('',(18.751904079372,208.,243.77478379066));
#2165 = CARTESIAN_POINT('',(18.769700019959,208.,243.65788341324));
#2166 = CARTESIAN_POINT('',(18.794897559422,208.,243.54222467014));
#2167 = CARTESIAN_POINT('',(18.827366941155,208.,243.4283732922));
#2168 = CARTESIAN_POINT('',(18.866905005968,208.,243.31686850758));
#2169 = CARTESIAN_POINT('',(18.93313757636,208.,243.16156429235));
#2170 = CARTESIAN_POINT('',(18.954289171371,208.,243.11543320079));
#2171 = CARTESIAN_POINT('',(18.976673181484,208.,243.06986789668));
#2172 = CARTESIAN_POINT('',(19.000266354429,208.,243.02490649401));
#2173 = CARTESIAN_POINT('',(19.025043552416,208.,242.98058545723));
#2174 = CARTESIAN_POINT('',(19.090202007588,208.,242.87092710887));
#2175 = CARTESIAN_POINT('',(19.13207367747,208.,242.80645882552));
#2176 = CARTESIAN_POINT('',(19.176498531138,208.,242.74365527293));
#2177 = CARTESIAN_POINT('',(19.223375649481,208.,242.6826268492));
#2178 = CARTESIAN_POINT('',(19.272597424914,208.,242.6234738288));
#2179 = CARTESIAN_POINT('',(19.407774074346,208.,242.47322927136));
#2180 = CARTESIAN_POINT('',(19.497408102549,208.,242.38537446829));
#2181 = CARTESIAN_POINT('',(19.592459646517,208.,242.30311388125));
#2182 = CARTESIAN_POINT('',(19.692412064351,208.,242.22675799223));
#2183 = CARTESIAN_POINT('',(19.796735192237,208.,242.15654691687));
#2184 = CARTESIAN_POINT('',(20.017959437727,208.,242.02588073061));
#2185 = CARTESIAN_POINT('',(20.135219444376,208.,241.96600999852));
#2186 = CARTESIAN_POINT('',(20.256069867986,208.,241.91325344769));
#2187 = CARTESIAN_POINT('',(20.379912566233,208.,241.86773853801));
#2188 = CARTESIAN_POINT('',(20.506164723749,208.,241.82953104857));
#2189 = CARTESIAN_POINT('',(20.711433141641,208.,241.78004744542));
#2190 = CARTESIAN_POINT('',(20.789271684186,208.,241.76410364504));
#2191 = CARTESIAN_POINT('',(20.86765889258,208.,241.750822063));
#2192 = CARTESIAN_POINT('',(20.946475329879,208.,241.74020085539));
#2193 = CARTESIAN_POINT('',(21.025604561742,208.,241.73223296715));
#2194 = CARTESIAN_POINT('',(21.276791856997,208.,241.71536623331));
#2195 = CARTESIAN_POINT('',(21.449580044714,208.,241.71622326923));
#2196 = CARTESIAN_POINT('',(21.622156136394,208.,241.72935738998));
#2197 = CARTESIAN_POINT('',(21.793427382772,208.,241.75456063544));
#2198 = CARTESIAN_POINT('',(21.962343944124,208.,241.79156655637));
#2199 = CARTESIAN_POINT('',(22.248235631636,208.,241.87534565021));
#2200 = CARTESIAN_POINT('',(22.366792261214,208.,241.91669073998));
#2201 = CARTESIAN_POINT('',(22.483173188808,208.,241.96400077986));
#2202 = CARTESIAN_POINT('',(22.596982433596,208.,242.01714923439));
#2203 = CARTESIAN_POINT('',(22.707817699736,208.,242.07599735749));
#2204 = CARTESIAN_POINT('',(22.857899739238,208.,242.16594219996));
#2205 = CARTESIAN_POINT('',(22.899996261535,208.,242.19236332428));
#2206 = CARTESIAN_POINT('',(22.941534115847,208.,242.21964802579));
#2207 = CARTESIAN_POINT('',(22.982487025322,208.,242.24778623572));
#2208 = CARTESIAN_POINT('',(23.022828263668,208.,242.27676735612));
#2209 = CARTESIAN_POINT('',(23.117125870075,208.,242.34757638043));
#2210 = CARTESIAN_POINT('',(23.170512997994,208.,242.39014504213));
#2211 = CARTESIAN_POINT('',(23.222621348668,208.,242.43425763077));
#2212 = CARTESIAN_POINT('',(23.273378236732,208.,242.47988245762));
#2213 = CARTESIAN_POINT('',(23.322708981705,208.,242.52698475942));
#2214 = CARTESIAN_POINT('',(23.438155340565,208.,242.64415447193));
#2215 = CARTESIAN_POINT('',(23.502769289212,208.,242.71565869672));
#2216 = CARTESIAN_POINT('',(23.564163726065,208.,242.78993196039));
#2217 = CARTESIAN_POINT('',(23.622112616135,208.,242.86684919173));
#2218 = CARTESIAN_POINT('',(23.676385048209,208.,242.94626306335));
#2219 = CARTESIAN_POINT('',(23.770511353869,208.,243.09901466859));
#2220 = CARTESIAN_POINT('',(23.811322542448,208.,243.17178281489));
#2221 = CARTESIAN_POINT('',(23.849034192561,208.,243.24618840664));
#2222 = CARTESIAN_POINT('',(23.883495971656,208.,243.32209977287));
#2223 = CARTESIAN_POINT('',(23.914564224535,208.,243.39936641486));
#2224 = CARTESIAN_POINT('',(23.958210388401,208.,243.52367813892));
#2225 = CARTESIAN_POINT('',(23.9731083585,208.,243.56994443195));
#2226 = CARTESIAN_POINT('',(23.986775769904,208.,243.61658103779));
#2227 = CARTESIAN_POINT('',(23.99918847661,208.,243.66355151063));
#2228 = CARTESIAN_POINT('',(24.010324571323,208.,243.71081722278));
#2229 = CARTESIAN_POINT('',(24.041159720816,208.,243.85973094005));
#2230 = CARTESIAN_POINT('',(24.05625542646,208.,243.96228985393));
#2231 = CARTESIAN_POINT('',(24.065260726263,208.,244.06560514933));
#2232 = CARTESIAN_POINT('',(24.068050409861,208.,244.16924652708));
#2233 = CARTESIAN_POINT('',(24.064578149931,208.,244.272764004));
#2234 = CARTESIAN_POINT('',(24.045488315325,208.,244.47556914459));
#2235 = CARTESIAN_POINT('',(24.030231994225,208.,244.57490475331));
#2236 = CARTESIAN_POINT('',(24.009161590108,208.,244.67326952203));
#2237 = CARTESIAN_POINT('',(23.982395013066,208.,244.77026732798));
#2238 = CARTESIAN_POINT('',(23.950115684267,208.,244.86553209359));
#2239 = CARTESIAN_POINT('',(23.894427745803,208.,245.00372592253));
#2240 = CARTESIAN_POINT('',(23.875064051632,208.,245.04824353455));
#2241 = CARTESIAN_POINT('',(23.854496335515,208.,245.09224320153));
#2242 = CARTESIAN_POINT('',(23.832752976495,208.,245.13569075517));
#2243 = CARTESIAN_POINT('',(23.809864185507,208.,245.1785545726));
#2244 = CARTESIAN_POINT('',(23.743509506811,208.,245.29535851055));
#2245 = CARTESIAN_POINT('',(23.697689536018,208.,245.36800378989));
#2246 = CARTESIAN_POINT('',(23.648576806897,208.,245.43858091872));
#2247 = CARTESIAN_POINT('',(23.596356217182,208.,245.50695597015));
#2248 = CARTESIAN_POINT('',(23.541216210337,208.,245.57301730245));
#2249 = CARTESIAN_POINT('',(23.41872881026,208.,245.7077376114));
#2250 = CARTESIAN_POINT('',(23.350707911649,208.,245.775802963));
#2251 = CARTESIAN_POINT('',(23.279536868852,208.,245.84073880847));
#2252 = CARTESIAN_POINT('',(23.205469284226,208.,245.90244301312));
#2253 = CARTESIAN_POINT('',(23.128749821167,208.,245.96083424114));
#2254 = CARTESIAN_POINT('',(22.850330974806,208.,246.15436823498));
#2255 = CARTESIAN_POINT('',(22.635778934462,208.,246.27141103214));
#2256 = CARTESIAN_POINT('',(22.409521527907,208.,246.3660510571));
#2257 = CARTESIAN_POINT('',(22.174876455021,208.,246.43762333885));
#2258 = CARTESIAN_POINT('',(21.934930652922,208.,246.48572273328));
#2259 = CARTESIAN_POINT('',(21.63876544865,208.,246.51542629535));
#2260 = CARTESIAN_POINT('',(21.584898343133,208.,246.51964723122));
#2261 = CARTESIAN_POINT('',(21.530946449948,208.,246.52269500532));
#2262 = CARTESIAN_POINT('',(21.47694258623,208.,246.52456671156));
#2263 = CARTESIAN_POINT('',(21.422919706448,208.,246.52525989578));
#2264 = CARTESIAN_POINT('',(21.368910902404,208.,246.52477255576));
#2265 = PCURVE('',#44,#2266);
#2266 = DEFINITIONAL_REPRESENTATION('',(#2267),#2400);
#2267 = B_SPLINE_CURVE_WITH_KNOTS('',6,(#2268,#2269,#2270,#2271,#2272,
    #2273,#2274,#2275,#2276,#2277,#2278,#2279,#2280,#2281,#2282,#2283,
    #2284,#2285,#2286,#2287,#2288,#2289,#2290,#2291,#2292,#2293,#2294,
    #2295,#2296,#2297,#2298,#2299,#2300,#2301,#2302,#2303,#2304,#2305,
    #2306,#2307,#2308,#2309,#2310,#2311,#2312,#2313,#2314,#2315,#2316,
    #2317,#2318,#2319,#2320,#2321,#2322,#2323,#2324,#2325,#2326,#2327,
    #2328,#2329,#2330,#2331,#2332,#2333,#2334,#2335,#2336,#2337,#2338,
    #2339,#2340,#2341,#2342,#2343,#2344,#2345,#2346,#2347,#2348,#2349,
    #2350,#2351,#2352,#2353,#2354,#2355,#2356,#2357,#2358,#2359,#2360,
    #2361,#2362,#2363,#2364,#2365,#2366,#2367,#2368,#2369,#2370,#2371,
    #2372,#2373,#2374,#2375,#2376,#2377,#2378,#2379,#2380,#2381,#2382,
    #2383,#2384,#2385,#2386,#2387,#2388,#2389,#2390,#2391,#2392,#2393,
    #2394,#2395,#2396,#2397,#2398,#2399),.UNSPECIFIED.,.F.,.F.,(7,5,5,5,
    5,5,5,5,5,5,5,5,5,5,5,5,5,5,5,5,5,5,5,5,5,5,7),(0.,
    7.655142843322E-02,0.123974425248,0.171295013701,0.200378040173,
    0.219608719075,0.262614868733,0.30740723164,0.326642745049,
    0.355735647104,0.403076428009,0.452562696316,0.482373017712,
    0.546954610223,0.593900792148,0.612525690898,0.638137013785,
    0.674345899322,0.705805389704,0.72419654589,0.763437675849,
    0.80151749257,0.81990419123,0.852347974953,0.888569770051,
    0.979777041994,1.),.UNSPECIFIED.);
#2268 = CARTESIAN_POINT('',(31.368910902404,112.13488033592));
#2269 = CARTESIAN_POINT('',(31.164465578503,112.13303550466));
#2270 = CARTESIAN_POINT('',(30.960233973741,112.11427543974));
#2271 = CARTESIAN_POINT('',(30.757983995811,112.07849523539));
#2272 = CARTESIAN_POINT('',(30.559586362395,112.0256889751));
#2273 = CARTESIAN_POINT('',(30.366997307999,111.95604143563));
#2274 = CARTESIAN_POINT('',(30.067786052937,111.81672997076));
#2275 = CARTESIAN_POINT('',(29.956339185557,111.7571572657));
#2276 = CARTESIAN_POINT('',(29.848385035635,111.69141569644));
#2277 = CARTESIAN_POINT('',(29.744418355717,111.61966263959));
#2278 = CARTESIAN_POINT('',(29.644936425656,111.54210978365));
#2279 = CARTESIAN_POINT('',(29.456129845569,111.37613778236));
#2280 = CARTESIAN_POINT('',(29.366781291127,111.28774014506));
#2281 = CARTESIAN_POINT('',(29.282875481336,111.19411872426));
#2282 = CARTESIAN_POINT('',(29.204888666697,111.0956090162));
#2283 = CARTESIAN_POINT('',(29.133270389022,110.99261324367));
#2284 = CARTESIAN_POINT('',(29.028580267689,110.81984493448));
#2285 = CARTESIAN_POINT('',(28.991289162784,110.75256555385));
#2286 = CARTESIAN_POINT('',(28.956652569629,110.68388111682));
#2287 = CARTESIAN_POINT('',(28.924757368432,110.61391042529));
#2288 = CARTESIAN_POINT('',(28.89568192781,110.54278096219));
#2289 = CARTESIAN_POINT('',(28.852181075109,110.42291947578));
#2290 = CARTESIAN_POINT('',(28.836129179556,110.37476275925));
#2291 = CARTESIAN_POINT('',(28.821360409314,110.32619804716));
#2292 = CARTESIAN_POINT('',(28.807892586924,110.27726590585));
#2293 = CARTESIAN_POINT('',(28.795741366287,110.22800816274));
#2294 = CARTESIAN_POINT('',(28.760720494253,110.06767949225));
#2295 = CARTESIAN_POINT('',(28.743171948679,109.95547366891));
#2296 = CARTESIAN_POINT('',(28.732425727063,109.8423396706));
#2297 = CARTESIAN_POINT('',(28.728570932844,109.7287796468));
#2298 = CARTESIAN_POINT('',(28.731631244886,109.61530670992));
#2299 = CARTESIAN_POINT('',(28.751904079372,109.38489157083));
#2300 = CARTESIAN_POINT('',(28.769700019959,109.26799119341));
#2301 = CARTESIAN_POINT('',(28.794897559422,109.15233245031));
#2302 = CARTESIAN_POINT('',(28.827366941155,109.03848107236));
#2303 = CARTESIAN_POINT('',(28.866905005968,108.92697628774));
#2304 = CARTESIAN_POINT('',(28.93313757636,108.77167207251));
#2305 = CARTESIAN_POINT('',(28.954289171371,108.72554098095));
#2306 = CARTESIAN_POINT('',(28.976673181484,108.67997567684));
#2307 = CARTESIAN_POINT('',(29.000266354429,108.63501427417));
#2308 = CARTESIAN_POINT('',(29.025043552416,108.5906932374));
#2309 = CARTESIAN_POINT('',(29.090202007588,108.48103488903));
#2310 = CARTESIAN_POINT('',(29.13207367747,108.41656660568));
#2311 = CARTESIAN_POINT('',(29.176498531138,108.35376305309));
#2312 = CARTESIAN_POINT('',(29.223375649481,108.29273462936));
#2313 = CARTESIAN_POINT('',(29.272597424914,108.23358160896));
#2314 = CARTESIAN_POINT('',(29.407774074346,108.08333705152));
#2315 = CARTESIAN_POINT('',(29.497408102549,107.99548224845));
#2316 = CARTESIAN_POINT('',(29.592459646517,107.91322166142));
#2317 = CARTESIAN_POINT('',(29.692412064351,107.83686577239));
#2318 = CARTESIAN_POINT('',(29.796735192237,107.76665469703));
#2319 = CARTESIAN_POINT('',(30.017959437727,107.63598851078));
#2320 = CARTESIAN_POINT('',(30.135219444376,107.57611777868));
#2321 = CARTESIAN_POINT('',(30.256069867986,107.52336122786));
#2322 = CARTESIAN_POINT('',(30.379912566233,107.47784631818));
#2323 = CARTESIAN_POINT('',(30.506164723749,107.43963882874));
#2324 = CARTESIAN_POINT('',(30.711433141641,107.39015522558));
#2325 = CARTESIAN_POINT('',(30.789271684186,107.3742114252));
#2326 = CARTESIAN_POINT('',(30.86765889258,107.36092984316));
#2327 = CARTESIAN_POINT('',(30.946475329879,107.35030863555));
#2328 = CARTESIAN_POINT('',(31.025604561742,107.34234074732));
#2329 = CARTESIAN_POINT('',(31.276791856997,107.32547401347));
#2330 = CARTESIAN_POINT('',(31.449580044714,107.3263310494));
#2331 = CARTESIAN_POINT('',(31.622156136394,107.33946517014));
#2332 = CARTESIAN_POINT('',(31.793427382772,107.36466841561));
#2333 = CARTESIAN_POINT('',(31.962343944124,107.40167433653));
#2334 = CARTESIAN_POINT('',(32.248235631636,107.48545343037));
#2335 = CARTESIAN_POINT('',(32.366792261214,107.52679852014));
#2336 = CARTESIAN_POINT('',(32.483173188808,107.57410856002));
#2337 = CARTESIAN_POINT('',(32.596982433596,107.62725701456));
#2338 = CARTESIAN_POINT('',(32.707817699736,107.68610513765));
#2339 = CARTESIAN_POINT('',(32.857899739238,107.77604998012));
#2340 = CARTESIAN_POINT('',(32.899996261535,107.80247110444));
#2341 = CARTESIAN_POINT('',(32.941534115847,107.82975580595));
#2342 = CARTESIAN_POINT('',(32.982487025322,107.85789401588));
#2343 = CARTESIAN_POINT('',(33.022828263668,107.88687513629));
#2344 = CARTESIAN_POINT('',(33.117125870075,107.9576841606));
#2345 = CARTESIAN_POINT('',(33.170512997994,108.0002528223));
#2346 = CARTESIAN_POINT('',(33.222621348668,108.04436541094));
#2347 = CARTESIAN_POINT('',(33.273378236732,108.08999023779));
#2348 = CARTESIAN_POINT('',(33.322708981705,108.13709253958));
#2349 = CARTESIAN_POINT('',(33.438155340565,108.25426225209));
#2350 = CARTESIAN_POINT('',(33.502769289212,108.32576647689));
#2351 = CARTESIAN_POINT('',(33.564163726065,108.40003974055));
#2352 = CARTESIAN_POINT('',(33.622112616135,108.47695697189));
#2353 = CARTESIAN_POINT('',(33.676385048209,108.55637084351));
#2354 = CARTESIAN_POINT('',(33.770511353869,108.70912244875));
#2355 = CARTESIAN_POINT('',(33.811322542448,108.78189059506));
#2356 = CARTESIAN_POINT('',(33.849034192561,108.8562961868));
#2357 = CARTESIAN_POINT('',(33.883495971656,108.93220755304));
#2358 = CARTESIAN_POINT('',(33.914564224535,109.00947419502));
#2359 = CARTESIAN_POINT('',(33.958210388401,109.13378591909));
#2360 = CARTESIAN_POINT('',(33.9731083585,109.18005221212));
#2361 = CARTESIAN_POINT('',(33.986775769904,109.22668881796));
#2362 = CARTESIAN_POINT('',(33.99918847661,109.27365929079));
#2363 = CARTESIAN_POINT('',(34.010324571323,109.32092500295));
#2364 = CARTESIAN_POINT('',(34.041159720816,109.46983872021));
#2365 = CARTESIAN_POINT('',(34.05625542646,109.57239763409));
#2366 = CARTESIAN_POINT('',(34.065260726263,109.67571292949));
#2367 = CARTESIAN_POINT('',(34.068050409861,109.77935430725));
#2368 = CARTESIAN_POINT('',(34.064578149931,109.88287178416));
#2369 = CARTESIAN_POINT('',(34.045488315325,110.08567692475));
#2370 = CARTESIAN_POINT('',(34.030231994225,110.18501253348));
#2371 = CARTESIAN_POINT('',(34.009161590108,110.28337730219));
#2372 = CARTESIAN_POINT('',(33.982395013066,110.38037510815));
#2373 = CARTESIAN_POINT('',(33.950115684267,110.47563987376));
#2374 = CARTESIAN_POINT('',(33.894427745803,110.6138337027));
#2375 = CARTESIAN_POINT('',(33.875064051632,110.65835131472));
#2376 = CARTESIAN_POINT('',(33.854496335515,110.70235098169));
#2377 = CARTESIAN_POINT('',(33.832752976495,110.74579853533));
#2378 = CARTESIAN_POINT('',(33.809864185507,110.78866235276));
#2379 = CARTESIAN_POINT('',(33.743509506811,110.90546629071));
#2380 = CARTESIAN_POINT('',(33.697689536018,110.97811157005));
#2381 = CARTESIAN_POINT('',(33.648576806897,111.04868869888));
#2382 = CARTESIAN_POINT('',(33.596356217182,111.11706375032));
#2383 = CARTESIAN_POINT('',(33.541216210337,111.18312508261));
#2384 = CARTESIAN_POINT('',(33.41872881026,111.31784539156));
#2385 = CARTESIAN_POINT('',(33.350707911649,111.38591074316));
#2386 = CARTESIAN_POINT('',(33.279536868852,111.45084658864));
#2387 = CARTESIAN_POINT('',(33.205469284226,111.51255079328));
#2388 = CARTESIAN_POINT('',(33.128749821167,111.57094202131));
#2389 = CARTESIAN_POINT('',(32.850330974806,111.76447601514));
#2390 = CARTESIAN_POINT('',(32.635778934462,111.88151881231));
#2391 = CARTESIAN_POINT('',(32.409521527907,111.97615883726));
#2392 = CARTESIAN_POINT('',(32.174876455021,112.04773111902));
#2393 = CARTESIAN_POINT('',(31.934930652922,112.09583051344));
#2394 = CARTESIAN_POINT('',(31.63876544865,112.12553407552));
#2395 = CARTESIAN_POINT('',(31.584898343133,112.12975501139));
#2396 = CARTESIAN_POINT('',(31.530946449948,112.13280278548));
#2397 = CARTESIAN_POINT('',(31.47694258623,112.13467449172));
#2398 = CARTESIAN_POINT('',(31.422919706448,112.13536767595));
#2399 = CARTESIAN_POINT('',(31.368910902404,112.13488033592));
#2400 = ( GEOMETRIC_REPRESENTATION_CONTEXT(2) 
PARAMETRIC_REPRESENTATION_CONTEXT() REPRESENTATION_CONTEXT('2D SPACE',''
  ) );
#2401 = PCURVE('',#2402,#2407);
#2402 = TOROIDAL_SURFACE('',#2403,14.,2.4);
#2403 = AXIS2_PLACEMENT_3D('',#2404,#2405,#2406);
#2404 = CARTESIAN_POINT('',(33.94220503136,202.,245.27079457959));
#2405 = DIRECTION('',(9.07710413995E-02,2.595256685802E-15,
    -0.995871787954));
#2406 = DIRECTION('',(-0.995871787954,2.030122102172E-15,
    -9.07710413995E-02));
#2407 = DEFINITIONAL_REPRESENTATION('',(#2408),#2541);
#2408 = B_SPLINE_CURVE_WITH_KNOTS('',6,(#2409,#2410,#2411,#2412,#2413,
    #2414,#2415,#2416,#2417,#2418,#2419,#2420,#2421,#2422,#2423,#2424,
    #2425,#2426,#2427,#2428,#2429,#2430,#2431,#2432,#2433,#2434,#2435,
    #2436,#2437,#2438,#2439,#2440,#2441,#2442,#2443,#2444,#2445,#2446,
    #2447,#2448,#2449,#2450,#2451,#2452,#2453,#2454,#2455,#2456,#2457,
    #2458,#2459,#2460,#2461,#2462,#2463,#2464,#2465,#2466,#2467,#2468,
    #2469,#2470,#2471,#2472,#2473,#2474,#2475,#2476,#2477,#2478,#2479,
    #2480,#2481,#2482,#2483,#2484,#2485,#2486,#2487,#2488,#2489,#2490,
    #2491,#2492,#2493,#2494,#2495,#2496,#2497,#2498,#2499,#2500,#2501,
    #2502,#2503,#2504,#2505,#2506,#2507,#2508,#2509,#2510,#2511,#2512,
    #2513,#2514,#2515,#2516,#2517,#2518,#2519,#2520,#2521,#2522,#2523,
    #2524,#2525,#2526,#2527,#2528,#2529,#2530,#2531,#2532,#2533,#2534,
    #2535,#2536,#2537,#2538,#2539,#2540),.UNSPECIFIED.,.F.,.F.,(7,5,5,5,
    5,5,5,5,5,5,5,5,5,5,5,5,5,5,5,5,5,5,5,5,5,5,7),(0.,
    7.655142843322E-02,0.123974425248,0.171295013701,0.200378040173,
    0.219608719075,0.262614868733,0.30740723164,0.326642745049,
    0.355735647104,0.403076428009,0.452562696316,0.482373017712,
    0.546954610223,0.593900792148,0.612525690898,0.638137013785,
    0.674345899322,0.705805389704,0.72419654589,0.763437675849,
    0.80151749257,0.81990419123,0.852347974953,0.888569770051,
    0.979777041994,1.),.UNSPECIFIED.);
#2409 = CARTESIAN_POINT('',(0.450422278414,4.621492824993));
#2410 = CARTESIAN_POINT('',(0.443985708761,4.698245125074));
#2411 = CARTESIAN_POINT('',(0.437712936608,4.775139009904));
#2412 = CARTESIAN_POINT('',(0.431653063303,4.852310574292));
#2413 = CARTESIAN_POINT('',(0.425846868085,4.92986627578));
#2414 = CARTESIAN_POINT('',(0.42032883284,5.007890423608));
#2415 = CARTESIAN_POINT('',(0.411908010011,5.135121348293));
#2416 = CARTESIAN_POINT('',(0.408809108966,5.183995285268));
#2417 = CARTESIAN_POINT('',(0.405839766148,5.233088324275));
#2418 = CARTESIAN_POINT('',(0.403006675592,5.282411207499));
#2419 = CARTESIAN_POINT('',(0.400316050543,5.331970104816));
#2420 = CARTESIAN_POINT('',(0.395236938269,5.431452654242));
#2421 = CARTESIAN_POINT('',(0.392847746783,5.481376663496));
#2422 = CARTESIAN_POINT('',(0.390612048765,5.531535537881));
#2423 = CARTESIAN_POINT('',(0.388535146699,5.58192615339));
#2424 = CARTESIAN_POINT('',(0.386621871642,5.632540163882));
#2425 = CARTESIAN_POINT('',(0.383804094656,5.714594081596));
#2426 = CARTESIAN_POINT('',(0.38279497687,5.745906162909));
#2427 = CARTESIAN_POINT('',(0.381850345113,5.777293011783));
#2428 = CARTESIAN_POINT('',(0.380971128441,5.808750436986));
#2429 = CARTESIAN_POINT('',(0.380158167983,5.840273556304));
#2430 = CARTESIAN_POINT('',(0.378918968574,5.892740701164));
#2431 = CARTESIAN_POINT('',(0.378455017108,5.913650904152));
#2432 = CARTESIAN_POINT('',(0.378020579295,5.934585797264));
#2433 = CARTESIAN_POINT('',(0.377615851876,5.955543666675));
#2434 = CARTESIAN_POINT('',(0.377241011573,5.976522692967));
#2435 = CARTESIAN_POINT('',(0.376125133484,6.04447999178));
#2436 = CARTESIAN_POINT('',(0.375504288627,6.091537022211));
#2437 = CARTESIAN_POINT('',(0.375035465146,6.138666768534));
#2438 = CARTESIAN_POINT('',(0.374719853106,6.185847558359));
#2439 = CARTESIAN_POINT('',(0.374558061623,6.233056507077));
#2440 = CARTESIAN_POINT('',(0.374541868532,6.329433641907));
#2441 = CARTESIAN_POINT('',(0.374700513672,6.378605837074));
#2442 = CARTESIAN_POINT('',(0.375026063266,6.427748319804));
#2443 = CARTESIAN_POINT('',(0.375517842794,6.476835396031));
#2444 = CARTESIAN_POINT('',(0.376174493445,6.525842755735));
#2445 = CARTESIAN_POINT('',(0.377345864671,6.595740563014));
#2446 = CARTESIAN_POINT('',(0.377727801049,6.616719945871));
#2447 = CARTESIAN_POINT('',(0.378139607055,6.637677816296));
#2448 = CARTESIAN_POINT('',(0.378581102971,6.658612367814));
#2449 = CARTESIAN_POINT('',(0.379052089156,6.679521900942));
#2450 = CARTESIAN_POINT('',(0.380308962955,6.731989361589));
#2451 = CARTESIAN_POINT('',(0.381132541179,6.763513052863));
#2452 = CARTESIAN_POINT('',(0.382022317651,6.79497037753));
#2453 = CARTESIAN_POINT('',(0.38297744188,6.826356511645));
#2454 = CARTESIAN_POINT('',(0.383996975953,6.857667326808));
#2455 = CARTESIAN_POINT('',(0.386842048884,6.939721073957));
#2456 = CARTESIAN_POINT('',(0.388772093224,6.990335328284));
#2457 = CARTESIAN_POINT('',(0.390865533043,7.040725169847));
#2458 = CARTESIAN_POINT('',(0.393117502851,7.090882534857));
#2459 = CARTESIAN_POINT('',(0.395522667155,7.140804586551));
#2460 = CARTESIAN_POINT('',(0.400743249449,7.242427206422));
#2461 = CARTESIAN_POINT('',(0.403572391475,7.294107331835));
#2462 = CARTESIAN_POINT('',(0.406555857657,7.345530898033));
#2463 = CARTESIAN_POINT('',(0.409686539833,7.396705486133));
#2464 = CARTESIAN_POINT('',(0.412956751995,7.447644046374));
#2465 = CARTESIAN_POINT('',(0.418407011395,7.528916182593));
#2466 = CARTESIAN_POINT('',(0.420503528509,7.559389673223));
#2467 = CARTESIAN_POINT('',(0.422645799405,7.58978748475));
#2468 = CARTESIAN_POINT('',(0.42483188992,7.620114021552));
#2469 = CARTESIAN_POINT('',(0.427059754403,7.650374264709));
#2470 = CARTESIAN_POINT('',(0.434239541473,7.745998503884));
#2471 = CARTESIAN_POINT('',(0.43933756567,7.811135489233));
#2472 = CARTESIAN_POINT('',(0.444599602732,7.876046569114));
#2473 = CARTESIAN_POINT('',(0.450000550116,7.940796736448));
#2474 = CARTESIAN_POINT('',(0.455510897844,8.005460526818));
#2475 = CARTESIAN_POINT('',(0.465155512246,8.117137315129));
#2476 = CARTESIAN_POINT('',(0.469254393316,8.164146762485));
#2477 = CARTESIAN_POINT('',(0.473379050027,8.211189992668));
#2478 = CARTESIAN_POINT('',(0.477513926604,8.258301372958));
#2479 = CARTESIAN_POINT('',(0.481641222715,8.305516396587));
#2480 = CARTESIAN_POINT('',(0.487367338208,8.371658885963));
#2481 = CARTESIAN_POINT('',(0.488989410994,8.39046810255));
#2482 = CARTESIAN_POINT('',(0.490605843127,8.409301581627));
#2483 = CARTESIAN_POINT('',(0.492215294685,8.42816154471));
#2484 = CARTESIAN_POINT('',(0.493816354531,8.4470501857));
#2485 = CARTESIAN_POINT('',(0.497595597839,8.491986083241));
#2486 = CARTESIAN_POINT('',(0.499764981618,8.518060757087));
#2487 = CARTESIAN_POINT('',(0.501911833766,8.544199390006));
#2488 = CARTESIAN_POINT('',(0.504032024966,8.570407335982));
#2489 = CARTESIAN_POINT('',(0.506121154449,8.596689605398));
#2490 = CARTESIAN_POINT('',(0.511077612688,8.660319999033));
#2491 = CARTESIAN_POINT('',(0.513909218521,8.697746633073));
#2492 = CARTESIAN_POINT('',(0.516656262779,8.735344207372));
#2493 = CARTESIAN_POINT('',(0.519304405672,8.773123135627));
#2494 = CARTESIAN_POINT('',(0.521838481057,8.811090341793));
#2495 = CARTESIAN_POINT('',(0.526331952914,8.882402138175));
#2496 = CARTESIAN_POINT('',(0.528323124009,8.915699715661));
#2497 = CARTESIAN_POINT('',(0.530206211674,8.949142811919));
#2498 = CARTESIAN_POINT('',(0.531970760903,8.982730131743));
#2499 = CARTESIAN_POINT('',(0.533606523545,9.016456883429));
#2500 = CARTESIAN_POINT('',(0.535979281844,9.07010658217));
#2501 = CARTESIAN_POINT('',(0.53680737796,9.089943853235));
#2502 = CARTESIAN_POINT('',(0.537586265931,9.109823883905));
#2503 = CARTESIAN_POINT('',(0.538314138749,9.129744436842));
#2504 = CARTESIAN_POINT('',(0.538989318188,9.149702826758));
#2505 = CARTESIAN_POINT('',(0.540935151345,9.212355097172));
#2506 = CARTESIAN_POINT('',(0.54201325043,9.255175198257));
#2507 = CARTESIAN_POINT('',(0.542829507896,9.298119832826));
#2508 = CARTESIAN_POINT('',(0.543372956486,9.341152812418));
#2509 = CARTESIAN_POINT('',(0.543637733315,9.384232805818));
#2510 = CARTESIAN_POINT('',(0.54361088249,9.469108402581));
#2511 = CARTESIAN_POINT('',(0.543335486531,9.510909776879));
#2512 = CARTESIAN_POINT('',(0.542797995243,9.552665120575));
#2513 = CARTESIAN_POINT('',(0.54200389566,9.594336648203));
#2514 = CARTESIAN_POINT('',(0.540963193569,9.635891184712));
#2515 = CARTESIAN_POINT('',(0.539074536153,9.697287517122));
#2516 = CARTESIAN_POINT('',(0.53840520514,9.717245050174));
#2517 = CARTESIAN_POINT('',(0.537683065231,9.737165005735));
#2518 = CARTESIAN_POINT('',(0.536909784179,9.757044672046));
#2519 = CARTESIAN_POINT('',(0.536087160231,9.776881784112));
#2520 = CARTESIAN_POINT('',(0.533681913964,9.831599301137));
#2521 = CARTESIAN_POINT('',(0.531999024469,9.866386071547));
#2522 = CARTESIAN_POINT('',(0.530178940162,9.901024555922));
#2523 = CARTESIAN_POINT('',(0.528232908845,9.935509493647));
#2524 = CARTESIAN_POINT('',(0.526172409659,9.969839573585));
#2525 = CARTESIAN_POINT('',(0.521592872667,10.042172973567));
#2526 = CARTESIAN_POINT('',(0.519048388871,10.08013834758));
#2527 = CARTESIAN_POINT('',(0.516390753199,10.117915714781));
#2528 = CARTESIAN_POINT('',(0.513635110275,10.155512194102));
#2529 = CARTESIAN_POINT('',(0.510795766224,10.192938351552));
#2530 = CARTESIAN_POINT('',(0.50055840565,10.324052931766));
#2531 = CARTESIAN_POINT('',(0.492786024075,10.416868287587));
#2532 = CARTESIAN_POINT('',(0.484773517695,10.508937928657));
#2533 = CARTESIAN_POINT('',(0.47668907595,10.600502090736));
#2534 = CARTESIAN_POINT('',(0.468658631827,10.691797552839));
#2535 = CARTESIAN_POINT('',(0.45902873147,10.80337574227));
#2536 = CARTESIAN_POINT('',(0.457288458516,10.823625708627));
#2537 = CARTESIAN_POINT('',(0.455556678664,10.843878441506));
#2538 = CARTESIAN_POINT('',(0.453834416944,10.864136470624));
#2539 = CARTESIAN_POINT('',(0.452122644465,10.884402244844));
#2540 = CARTESIAN_POINT('',(0.450422278414,10.904678132173));
#2541 = ( GEOMETRIC_REPRESENTATION_CONTEXT(2) 
PARAMETRIC_REPRESENTATION_CONTEXT() REPRESENTATION_CONTEXT('2D SPACE',''
  ) );
#2542 = FACE_BOUND('',#2543,.F.);
#2543 = EDGE_LOOP('',(#2544,#2579,#2612));
#2544 = ORIENTED_EDGE('',*,*,#2545,.T.);
#2545 = EDGE_CURVE('',#2546,#2548,#2550,.T.);
#2546 = VERTEX_POINT('',#2547);
#2547 = CARTESIAN_POINT('',(12.,208.,247.8));
#2548 = VERTEX_POINT('',#2549);
#2549 = CARTESIAN_POINT('',(11.362123760993,208.,244.31681435851));
#2550 = SURFACE_CURVE('',#2551,(#2556,#2567),.PCURVE_S1.);
#2551 = CIRCLE('',#2552,1.8);
#2552 = AXIS2_PLACEMENT_3D('',#2553,#2554,#2555);
#2553 = CARTESIAN_POINT('',(12.,208.,246.));
#2554 = DIRECTION('',(0.,1.,0.));
#2555 = DIRECTION('',(0.,-0.,1.));
#2556 = PCURVE('',#44,#2557);
#2557 = DEFINITIONAL_REPRESENTATION('',(#2558),#2566);
#2558 = ( BOUNDED_CURVE() B_SPLINE_CURVE(2,(#2559,#2560,#2561,#2562,
#2563,#2564,#2565),.UNSPECIFIED.,.T.,.F.) B_SPLINE_CURVE_WITH_KNOTS((1,2
    ,2,2,2,1),(-2.094395102393,0.,2.094395102393,4.188790204786,
6.28318530718,8.377580409573),.UNSPECIFIED.) CURVE() 
GEOMETRIC_REPRESENTATION_ITEM() RATIONAL_B_SPLINE_CURVE((1.,0.5,1.,0.5,
1.,0.5,1.)) REPRESENTATION_ITEM('') );
#2559 = CARTESIAN_POINT('',(22.,113.41010778016));
#2560 = CARTESIAN_POINT('',(25.117691453624,113.41010778016));
#2561 = CARTESIAN_POINT('',(23.558845726812,110.71010778016));
#2562 = CARTESIAN_POINT('',(22.,108.01010778016));
#2563 = CARTESIAN_POINT('',(20.441154273188,110.71010778016));
#2564 = CARTESIAN_POINT('',(18.882308546376,113.41010778016));
#2565 = CARTESIAN_POINT('',(22.,113.41010778016));
#2566 = ( GEOMETRIC_REPRESENTATION_CONTEXT(2) 
PARAMETRIC_REPRESENTATION_CONTEXT() REPRESENTATION_CONTEXT('2D SPACE',''
  ) );
#2567 = PCURVE('',#2568,#2573);
#2568 = CYLINDRICAL_SURFACE('',#2569,1.8);
#2569 = AXIS2_PLACEMENT_3D('',#2570,#2571,#2572);
#2570 = CARTESIAN_POINT('',(12.,53.,246.));
#2571 = DIRECTION('',(0.,1.,0.));
#2572 = DIRECTION('',(0.,-0.,1.));
#2573 = DEFINITIONAL_REPRESENTATION('',(#2574),#2578);
#2574 = LINE('',#2575,#2576);
#2575 = CARTESIAN_POINT('',(0.,155.));
#2576 = VECTOR('',#2577,1.);
#2577 = DIRECTION('',(1.,0.));
#2578 = ( GEOMETRIC_REPRESENTATION_CONTEXT(2) 
PARAMETRIC_REPRESENTATION_CONTEXT() REPRESENTATION_CONTEXT('2D SPACE',''
  ) );
#2579 = ORIENTED_EDGE('',*,*,#2580,.T.);
#2580 = EDGE_CURVE('',#2548,#2581,#2583,.T.);
#2581 = VERTEX_POINT('',#2582);
#2582 = CARTESIAN_POINT('',(10.200953162088,208.,246.05857025687));
#2583 = SURFACE_CURVE('',#2584,(#2589,#2600),.PCURVE_S1.);
#2584 = CIRCLE('',#2585,1.1);
#2585 = AXIS2_PLACEMENT_3D('',#2586,#2587,#2588);
#2586 = CARTESIAN_POINT('',(10.5,208.,245.));
#2587 = DIRECTION('',(0.,1.,0.));
#2588 = DIRECTION('',(0.,-0.,1.));
#2589 = PCURVE('',#44,#2590);
#2590 = DEFINITIONAL_REPRESENTATION('',(#2591),#2599);
#2591 = ( BOUNDED_CURVE() B_SPLINE_CURVE(2,(#2592,#2593,#2594,#2595,
#2596,#2597,#2598),.UNSPECIFIED.,.T.,.F.) B_SPLINE_CURVE_WITH_KNOTS((1,2
    ,2,2,2,1),(-2.094395102393,0.,2.094395102393,4.188790204786,
6.28318530718,8.377580409573),.UNSPECIFIED.) CURVE() 
GEOMETRIC_REPRESENTATION_ITEM() RATIONAL_B_SPLINE_CURVE((1.,0.5,1.,0.5,
1.,0.5,1.)) REPRESENTATION_ITEM('') );
#2592 = CARTESIAN_POINT('',(20.5,111.71010778016));
#2593 = CARTESIAN_POINT('',(22.405255888326,111.71010778016));
#2594 = CARTESIAN_POINT('',(21.452627944163,110.06010778016));
#2595 = CARTESIAN_POINT('',(20.5,108.41010778016));
#2596 = CARTESIAN_POINT('',(19.547372055837,110.06010778016));
#2597 = CARTESIAN_POINT('',(18.594744111674,111.71010778016));
#2598 = CARTESIAN_POINT('',(20.5,111.71010778016));
#2599 = ( GEOMETRIC_REPRESENTATION_CONTEXT(2) 
PARAMETRIC_REPRESENTATION_CONTEXT() REPRESENTATION_CONTEXT('2D SPACE',''
  ) );
#2600 = PCURVE('',#2601,#2606);
#2601 = CYLINDRICAL_SURFACE('',#2602,1.1);
#2602 = AXIS2_PLACEMENT_3D('',#2603,#2604,#2605);
#2603 = CARTESIAN_POINT('',(10.5,151.,245.));
#2604 = DIRECTION('',(0.,1.,0.));
#2605 = DIRECTION('',(0.,-0.,1.));
#2606 = DEFINITIONAL_REPRESENTATION('',(#2607),#2611);
#2607 = LINE('',#2608,#2609);
#2608 = CARTESIAN_POINT('',(0.,57.));
#2609 = VECTOR('',#2610,1.);
#2610 = DIRECTION('',(1.,0.));
#2611 = ( GEOMETRIC_REPRESENTATION_CONTEXT(2) 
PARAMETRIC_REPRESENTATION_CONTEXT() REPRESENTATION_CONTEXT('2D SPACE',''
  ) );
#2612 = ORIENTED_EDGE('',*,*,#2613,.T.);
#2613 = EDGE_CURVE('',#2581,#2546,#2614,.T.);
#2614 = SURFACE_CURVE('',#2615,(#2620,#2631),.PCURVE_S1.);
#2615 = CIRCLE('',#2616,1.8);
#2616 = AXIS2_PLACEMENT_3D('',#2617,#2618,#2619);
#2617 = CARTESIAN_POINT('',(12.,208.,246.));
#2618 = DIRECTION('',(0.,1.,0.));
#2619 = DIRECTION('',(0.,-0.,1.));
#2620 = PCURVE('',#44,#2621);
#2621 = DEFINITIONAL_REPRESENTATION('',(#2622),#2630);
#2622 = ( BOUNDED_CURVE() B_SPLINE_CURVE(2,(#2623,#2624,#2625,#2626,
#2627,#2628,#2629),.UNSPECIFIED.,.T.,.F.) B_SPLINE_CURVE_WITH_KNOTS((1,2
    ,2,2,2,1),(-2.094395102393,0.,2.094395102393,4.188790204786,
6.28318530718,8.377580409573),.UNSPECIFIED.) CURVE() 
GEOMETRIC_REPRESENTATION_ITEM() RATIONAL_B_SPLINE_CURVE((1.,0.5,1.,0.5,
1.,0.5,1.)) REPRESENTATION_ITEM('') );
#2623 = CARTESIAN_POINT('',(22.,113.41010778016));
#2624 = CARTESIAN_POINT('',(25.117691453624,113.41010778016));
#2625 = CARTESIAN_POINT('',(23.558845726812,110.71010778016));
#2626 = CARTESIAN_POINT('',(22.,108.01010778016));
#2627 = CARTESIAN_POINT('',(20.441154273188,110.71010778016));
#2628 = CARTESIAN_POINT('',(18.882308546376,113.41010778016));
#2629 = CARTESIAN_POINT('',(22.,113.41010778016));
#2630 = ( GEOMETRIC_REPRESENTATION_CONTEXT(2) 
PARAMETRIC_REPRESENTATION_CONTEXT() REPRESENTATION_CONTEXT('2D SPACE',''
  ) );
#2631 = PCURVE('',#2632,#2637);
#2632 = CYLINDRICAL_SURFACE('',#2633,1.8);
#2633 = AXIS2_PLACEMENT_3D('',#2634,#2635,#2636);
#2634 = CARTESIAN_POINT('',(12.,53.,246.));
#2635 = DIRECTION('',(0.,1.,0.));
#2636 = DIRECTION('',(0.,-0.,1.));
#2637 = DEFINITIONAL_REPRESENTATION('',(#2638),#2642);
#2638 = LINE('',#2639,#2640);
#2639 = CARTESIAN_POINT('',(0.,155.));
#2640 = VECTOR('',#2641,1.);
#2641 = DIRECTION('',(1.,0.));
#2642 = ( GEOMETRIC_REPRESENTATION_CONTEXT(2) 
PARAMETRIC_REPRESENTATION_CONTEXT() REPRESENTATION_CONTEXT('2D SPACE',''
  ) );
#2643 = FACE_BOUND('',#2644,.F.);
#2644 = EDGE_LOOP('',(#2645));
#2645 = ORIENTED_EDGE('',*,*,#2646,.T.);
#2646 = EDGE_CURVE('',#2647,#2647,#2649,.T.);
#2647 = VERTEX_POINT('',#2648);
#2648 = CARTESIAN_POINT('',(31.,208.,249.25));
#2649 = SURFACE_CURVE('',#2650,(#2655,#2666),.PCURVE_S1.);
#2650 = CIRCLE('',#2651,2.25);
#2651 = AXIS2_PLACEMENT_3D('',#2652,#2653,#2654);
#2652 = CARTESIAN_POINT('',(31.,208.,247.));
#2653 = DIRECTION('',(0.,1.,0.));
#2654 = DIRECTION('',(0.,-0.,1.));
#2655 = PCURVE('',#44,#2656);
#2656 = DEFINITIONAL_REPRESENTATION('',(#2657),#2665);
#2657 = ( BOUNDED_CURVE() B_SPLINE_CURVE(2,(#2658,#2659,#2660,#2661,
#2662,#2663,#2664),.UNSPECIFIED.,.T.,.F.) B_SPLINE_CURVE_WITH_KNOTS((1,2
    ,2,2,2,1),(-2.094395102393,0.,2.094395102393,4.188790204786,
6.28318530718,8.377580409573),.UNSPECIFIED.) CURVE() 
GEOMETRIC_REPRESENTATION_ITEM() RATIONAL_B_SPLINE_CURVE((1.,0.5,1.,0.5,
1.,0.5,1.)) REPRESENTATION_ITEM('') );
#2658 = CARTESIAN_POINT('',(41.,114.86010778016));
#2659 = CARTESIAN_POINT('',(44.89711431703,114.86010778016));
#2660 = CARTESIAN_POINT('',(42.948557158515,111.48510778016));
#2661 = CARTESIAN_POINT('',(41.,108.11010778016));
#2662 = CARTESIAN_POINT('',(39.051442841485,111.48510778016));
#2663 = CARTESIAN_POINT('',(37.10288568297,114.86010778016));
#2664 = CARTESIAN_POINT('',(41.,114.86010778016));
#2665 = ( GEOMETRIC_REPRESENTATION_CONTEXT(2) 
PARAMETRIC_REPRESENTATION_CONTEXT() REPRESENTATION_CONTEXT('2D SPACE',''
  ) );
#2666 = PCURVE('',#2667,#2672);
#2667 = CYLINDRICAL_SURFACE('',#2668,2.25);
#2668 = AXIS2_PLACEMENT_3D('',#2669,#2670,#2671);
#2669 = CARTESIAN_POINT('',(31.,143.,247.));
#2670 = DIRECTION('',(0.,1.,0.));
#2671 = DIRECTION('',(0.,-0.,1.));
#2672 = DEFINITIONAL_REPRESENTATION('',(#2673),#2677);
#2673 = LINE('',#2674,#2675);
#2674 = CARTESIAN_POINT('',(0.,65.));
#2675 = VECTOR('',#2676,1.);
#2676 = DIRECTION('',(1.,0.));
#2677 = ( GEOMETRIC_REPRESENTATION_CONTEXT(2) 
PARAMETRIC_REPRESENTATION_CONTEXT() REPRESENTATION_CONTEXT('2D SPACE',''
  ) );
#2678 = FACE_BOUND('',#2679,.F.);
#2679 = EDGE_LOOP('',(#2680));
#2680 = ORIENTED_EDGE('',*,*,#2681,.T.);
#2681 = EDGE_CURVE('',#2682,#2682,#2684,.T.);
#2682 = VERTEX_POINT('',#2683);
#2683 = CARTESIAN_POINT('',(75.5,208.,246.1));
#2684 = SURFACE_CURVE('',#2685,(#2690,#2701),.PCURVE_S1.);
#2685 = CIRCLE('',#2686,1.1);
#2686 = AXIS2_PLACEMENT_3D('',#2687,#2688,#2689);
#2687 = CARTESIAN_POINT('',(75.5,208.,245.));
#2688 = DIRECTION('',(0.,1.,0.));
#2689 = DIRECTION('',(0.,-0.,1.));
#2690 = PCURVE('',#44,#2691);
#2691 = DEFINITIONAL_REPRESENTATION('',(#2692),#2700);
#2692 = ( BOUNDED_CURVE() B_SPLINE_CURVE(2,(#2693,#2694,#2695,#2696,
#2697,#2698,#2699),.UNSPECIFIED.,.T.,.F.) B_SPLINE_CURVE_WITH_KNOTS((1,2
    ,2,2,2,1),(-2.094395102393,0.,2.094395102393,4.188790204786,
6.28318530718,8.377580409573),.UNSPECIFIED.) CURVE() 
GEOMETRIC_REPRESENTATION_ITEM() RATIONAL_B_SPLINE_CURVE((1.,0.5,1.,0.5,
1.,0.5,1.)) REPRESENTATION_ITEM('') );
#2693 = CARTESIAN_POINT('',(85.5,111.71010778016));
#2694 = CARTESIAN_POINT('',(87.405255888326,111.71010778016));
#2695 = CARTESIAN_POINT('',(86.452627944163,110.06010778016));
#2696 = CARTESIAN_POINT('',(85.5,108.41010778016));
#2697 = CARTESIAN_POINT('',(84.547372055837,110.06010778016));
#2698 = CARTESIAN_POINT('',(83.594744111674,111.71010778016));
#2699 = CARTESIAN_POINT('',(85.5,111.71010778016));
#2700 = ( GEOMETRIC_REPRESENTATION_CONTEXT(2) 
PARAMETRIC_REPRESENTATION_CONTEXT() REPRESENTATION_CONTEXT('2D SPACE',''
  ) );
#2701 = PCURVE('',#2702,#2707);
#2702 = CYLINDRICAL_SURFACE('',#2703,1.1);
#2703 = AXIS2_PLACEMENT_3D('',#2704,#2705,#2706);
#2704 = CARTESIAN_POINT('',(75.5,151.,245.));
#2705 = DIRECTION('',(0.,1.,0.));
#2706 = DIRECTION('',(0.,-0.,1.));
#2707 = DEFINITIONAL_REPRESENTATION('',(#2708),#2712);
#2708 = LINE('',#2709,#2710);
#2709 = CARTESIAN_POINT('',(0.,57.));
#2710 = VECTOR('',#2711,1.);
#2711 = DIRECTION('',(1.,0.));
#2712 = ( GEOMETRIC_REPRESENTATION_CONTEXT(2) 
PARAMETRIC_REPRESENTATION_CONTEXT() REPRESENTATION_CONTEXT('2D SPACE',''
  ) );
#2713 = FACE_BOUND('',#2714,.F.);
#2714 = EDGE_LOOP('',(#2715));
#2715 = ORIENTED_EDGE('',*,*,#2716,.T.);
#2716 = EDGE_CURVE('',#2717,#2717,#2719,.T.);
#2717 = VERTEX_POINT('',#2718);
#2718 = CARTESIAN_POINT('',(84.5,208.,246.1));
#2719 = SURFACE_CURVE('',#2720,(#2725,#2736),.PCURVE_S1.);
#2720 = CIRCLE('',#2721,1.1);
#2721 = AXIS2_PLACEMENT_3D('',#2722,#2723,#2724);
#2722 = CARTESIAN_POINT('',(84.5,208.,245.));
#2723 = DIRECTION('',(0.,1.,0.));
#2724 = DIRECTION('',(0.,-0.,1.));
#2725 = PCURVE('',#44,#2726);
#2726 = DEFINITIONAL_REPRESENTATION('',(#2727),#2735);
#2727 = ( BOUNDED_CURVE() B_SPLINE_CURVE(2,(#2728,#2729,#2730,#2731,
#2732,#2733,#2734),.UNSPECIFIED.,.T.,.F.) B_SPLINE_CURVE_WITH_KNOTS((1,2
    ,2,2,2,1),(-2.094395102393,0.,2.094395102393,4.188790204786,
6.28318530718,8.377580409573),.UNSPECIFIED.) CURVE() 
GEOMETRIC_REPRESENTATION_ITEM() RATIONAL_B_SPLINE_CURVE((1.,0.5,1.,0.5,
1.,0.5,1.)) REPRESENTATION_ITEM('') );
#2728 = CARTESIAN_POINT('',(94.5,111.71010778016));
#2729 = CARTESIAN_POINT('',(96.405255888326,111.71010778016));
#2730 = CARTESIAN_POINT('',(95.452627944163,110.06010778016));
#2731 = CARTESIAN_POINT('',(94.5,108.41010778016));
#2732 = CARTESIAN_POINT('',(93.547372055837,110.06010778016));
#2733 = CARTESIAN_POINT('',(92.594744111674,111.71010778016));
#2734 = CARTESIAN_POINT('',(94.5,111.71010778016));
#2735 = ( GEOMETRIC_REPRESENTATION_CONTEXT(2) 
PARAMETRIC_REPRESENTATION_CONTEXT() REPRESENTATION_CONTEXT('2D SPACE',''
  ) );
#2736 = PCURVE('',#2737,#2742);
#2737 = CYLINDRICAL_SURFACE('',#2738,1.1);
#2738 = AXIS2_PLACEMENT_3D('',#2739,#2740,#2741);
#2739 = CARTESIAN_POINT('',(84.5,151.,245.));
#2740 = DIRECTION('',(0.,1.,0.));
#2741 = DIRECTION('',(0.,-0.,1.));
#2742 = DEFINITIONAL_REPRESENTATION('',(#2743),#2747);
#2743 = LINE('',#2744,#2745);
#2744 = CARTESIAN_POINT('',(0.,57.));
#2745 = VECTOR('',#2746,1.);
#2746 = DIRECTION('',(1.,0.));
#2747 = ( GEOMETRIC_REPRESENTATION_CONTEXT(2) 
PARAMETRIC_REPRESENTATION_CONTEXT() REPRESENTATION_CONTEXT('2D SPACE',''
  ) );
#2748 = FACE_BOUND('',#2749,.F.);
#2749 = EDGE_LOOP('',(#2750,#2778,#2811,#2837));
#2750 = ORIENTED_EDGE('',*,*,#2751,.F.);
#2751 = EDGE_CURVE('',#2752,#2754,#2756,.T.);
#2752 = VERTEX_POINT('',#2753);
#2753 = CARTESIAN_POINT('',(247.,208.,216.38989221983));
#2754 = VERTEX_POINT('',#2755);
#2755 = CARTESIAN_POINT('',(247.,208.,184.38989221983));
#2756 = SURFACE_CURVE('',#2757,(#2761,#2767),.PCURVE_S1.);
#2757 = LINE('',#2758,#2759);
#2758 = CARTESIAN_POINT('',(247.,208.,159.38989221983));
#2759 = VECTOR('',#2760,1.);
#2760 = DIRECTION('',(-1.110223024625E-16,-0.,-1.));
#2761 = PCURVE('',#44,#2762);
#2762 = DEFINITIONAL_REPRESENTATION('',(#2763),#2766);
#2763 = B_SPLINE_CURVE_WITH_KNOTS('',1,(#2764,#2765),.UNSPECIFIED.,.F.,
  .F.,(2,2),(-57.,-25.),.PIECEWISE_BEZIER_KNOTS.);
#2764 = CARTESIAN_POINT('',(257.,82.));
#2765 = CARTESIAN_POINT('',(257.,50.));
#2766 = ( GEOMETRIC_REPRESENTATION_CONTEXT(2) 
PARAMETRIC_REPRESENTATION_CONTEXT() REPRESENTATION_CONTEXT('2D SPACE',''
  ) );
#2767 = PCURVE('',#2768,#2773);
#2768 = PLANE('',#2769);
#2769 = AXIS2_PLACEMENT_3D('',#2770,#2771,#2772);
#2770 = CARTESIAN_POINT('',(247.,208.1,184.38989221983));
#2771 = DIRECTION('',(-1.,0.,1.110223024625E-16));
#2772 = DIRECTION('',(1.110223024625E-16,0.,1.));
#2773 = DEFINITIONAL_REPRESENTATION('',(#2774),#2777);
#2774 = B_SPLINE_CURVE_WITH_KNOTS('',1,(#2775,#2776),.UNSPECIFIED.,.F.,
  .F.,(2,2),(-57.,-25.),.PIECEWISE_BEZIER_KNOTS.);
#2775 = CARTESIAN_POINT('',(32.,-0.1));
#2776 = CARTESIAN_POINT('',(0.,-0.1));
#2777 = ( GEOMETRIC_REPRESENTATION_CONTEXT(2) 
PARAMETRIC_REPRESENTATION_CONTEXT() REPRESENTATION_CONTEXT('2D SPACE',''
  ) );
#2778 = ORIENTED_EDGE('',*,*,#2779,.T.);
#2779 = EDGE_CURVE('',#2752,#2780,#2782,.T.);
#2780 = VERTEX_POINT('',#2781);
#2781 = CARTESIAN_POINT('',(259.,208.,216.38989221983));
#2782 = SURFACE_CURVE('',#2783,(#2788,#2799),.PCURVE_S1.);
#2783 = CIRCLE('',#2784,6.);
#2784 = AXIS2_PLACEMENT_3D('',#2785,#2786,#2787);
#2785 = CARTESIAN_POINT('',(253.,208.,216.38989221983));
#2786 = DIRECTION('',(0.,1.,-0.));
#2787 = DIRECTION('',(-1.,0.,1.110223024625E-16));
#2788 = PCURVE('',#44,#2789);
#2789 = DEFINITIONAL_REPRESENTATION('',(#2790),#2798);
#2790 = ( BOUNDED_CURVE() B_SPLINE_CURVE(2,(#2791,#2792,#2793,#2794,
#2795,#2796,#2797),.UNSPECIFIED.,.T.,.F.) B_SPLINE_CURVE_WITH_KNOTS((1,2
    ,2,2,2,1),(-2.094395102393,0.,2.094395102393,4.188790204786,
6.28318530718,8.377580409573),.UNSPECIFIED.) CURVE() 
GEOMETRIC_REPRESENTATION_ITEM() RATIONAL_B_SPLINE_CURVE((1.,0.5,1.,0.5,
1.,0.5,1.)) REPRESENTATION_ITEM('') );
#2791 = CARTESIAN_POINT('',(257.,82.));
#2792 = CARTESIAN_POINT('',(257.,92.392304845413));
#2793 = CARTESIAN_POINT('',(266.,87.196152422707));
#2794 = CARTESIAN_POINT('',(275.,82.));
#2795 = CARTESIAN_POINT('',(266.,76.803847577293));
#2796 = CARTESIAN_POINT('',(257.,71.607695154587));
#2797 = CARTESIAN_POINT('',(257.,82.));
#2798 = ( GEOMETRIC_REPRESENTATION_CONTEXT(2) 
PARAMETRIC_REPRESENTATION_CONTEXT() REPRESENTATION_CONTEXT('2D SPACE',''
  ) );
#2799 = PCURVE('',#2800,#2805);
#2800 = CYLINDRICAL_SURFACE('',#2801,6.);
#2801 = AXIS2_PLACEMENT_3D('',#2802,#2803,#2804);
#2802 = CARTESIAN_POINT('',(253.,208.1,216.38989221983));
#2803 = DIRECTION('',(0.,1.,0.));
#2804 = DIRECTION('',(-1.,0.,1.110223024625E-16));
#2805 = DEFINITIONAL_REPRESENTATION('',(#2806),#2810);
#2806 = LINE('',#2807,#2808);
#2807 = CARTESIAN_POINT('',(0.,-0.1));
#2808 = VECTOR('',#2809,1.);
#2809 = DIRECTION('',(1.,0.));
#2810 = ( GEOMETRIC_REPRESENTATION_CONTEXT(2) 
PARAMETRIC_REPRESENTATION_CONTEXT() REPRESENTATION_CONTEXT('2D SPACE',''
  ) );
#2811 = ORIENTED_EDGE('',*,*,#2812,.F.);
#2812 = EDGE_CURVE('',#2813,#2780,#2815,.T.);
#2813 = VERTEX_POINT('',#2814);
#2814 = CARTESIAN_POINT('',(259.,208.,184.38989221983));
#2815 = SURFACE_CURVE('',#2816,(#2820,#2826),.PCURVE_S1.);
#2816 = LINE('',#2817,#2818);
#2817 = CARTESIAN_POINT('',(259.,208.,175.38989221983));
#2818 = VECTOR('',#2819,1.);
#2819 = DIRECTION('',(1.110223024625E-16,0.,1.));
#2820 = PCURVE('',#44,#2821);
#2821 = DEFINITIONAL_REPRESENTATION('',(#2822),#2825);
#2822 = B_SPLINE_CURVE_WITH_KNOTS('',1,(#2823,#2824),.UNSPECIFIED.,.F.,
  .F.,(2,2),(9.,41.),.PIECEWISE_BEZIER_KNOTS.);
#2823 = CARTESIAN_POINT('',(269.,50.));
#2824 = CARTESIAN_POINT('',(269.,82.));
#2825 = ( GEOMETRIC_REPRESENTATION_CONTEXT(2) 
PARAMETRIC_REPRESENTATION_CONTEXT() REPRESENTATION_CONTEXT('2D SPACE',''
  ) );
#2826 = PCURVE('',#2827,#2832);
#2827 = PLANE('',#2828);
#2828 = AXIS2_PLACEMENT_3D('',#2829,#2830,#2831);
#2829 = CARTESIAN_POINT('',(259.,208.1,216.38989221983));
#2830 = DIRECTION('',(1.,0.,-1.110223024625E-16));
#2831 = DIRECTION('',(-1.110223024625E-16,-0.,-1.));
#2832 = DEFINITIONAL_REPRESENTATION('',(#2833),#2836);
#2833 = B_SPLINE_CURVE_WITH_KNOTS('',1,(#2834,#2835),.UNSPECIFIED.,.F.,
  .F.,(2,2),(9.,41.),.PIECEWISE_BEZIER_KNOTS.);
#2834 = CARTESIAN_POINT('',(32.,-0.1));
#2835 = CARTESIAN_POINT('',(0.,-0.1));
#2836 = ( GEOMETRIC_REPRESENTATION_CONTEXT(2) 
PARAMETRIC_REPRESENTATION_CONTEXT() REPRESENTATION_CONTEXT('2D SPACE',''
  ) );
#2837 = ORIENTED_EDGE('',*,*,#2838,.T.);
#2838 = EDGE_CURVE('',#2813,#2754,#2839,.T.);
#2839 = SURFACE_CURVE('',#2840,(#2845,#2856),.PCURVE_S1.);
#2840 = CIRCLE('',#2841,6.);
#2841 = AXIS2_PLACEMENT_3D('',#2842,#2843,#2844);
#2842 = CARTESIAN_POINT('',(253.,208.,184.38989221983));
#2843 = DIRECTION('',(-0.,1.,0.));
#2844 = DIRECTION('',(1.,0.,-1.110223024625E-16));
#2845 = PCURVE('',#44,#2846);
#2846 = DEFINITIONAL_REPRESENTATION('',(#2847),#2855);
#2847 = ( BOUNDED_CURVE() B_SPLINE_CURVE(2,(#2848,#2849,#2850,#2851,
#2852,#2853,#2854),.UNSPECIFIED.,.T.,.F.) B_SPLINE_CURVE_WITH_KNOTS((1,2
    ,2,2,2,1),(-2.094395102393,0.,2.094395102393,4.188790204786,
6.28318530718,8.377580409573),.UNSPECIFIED.) CURVE() 
GEOMETRIC_REPRESENTATION_ITEM() RATIONAL_B_SPLINE_CURVE((1.,0.5,1.,0.5,
1.,0.5,1.)) REPRESENTATION_ITEM('') );
#2848 = CARTESIAN_POINT('',(269.,50.));
#2849 = CARTESIAN_POINT('',(269.,39.607695154587));
#2850 = CARTESIAN_POINT('',(260.,44.803847577293));
#2851 = CARTESIAN_POINT('',(251.,50.));
#2852 = CARTESIAN_POINT('',(260.,55.196152422707));
#2853 = CARTESIAN_POINT('',(269.,60.392304845413));
#2854 = CARTESIAN_POINT('',(269.,50.));
#2855 = ( GEOMETRIC_REPRESENTATION_CONTEXT(2) 
PARAMETRIC_REPRESENTATION_CONTEXT() REPRESENTATION_CONTEXT('2D SPACE',''
  ) );
#2856 = PCURVE('',#2857,#2862);
#2857 = CYLINDRICAL_SURFACE('',#2858,6.);
#2858 = AXIS2_PLACEMENT_3D('',#2859,#2860,#2861);
#2859 = CARTESIAN_POINT('',(253.,208.1,184.38989221983));
#2860 = DIRECTION('',(0.,1.,0.));
#2861 = DIRECTION('',(1.,0.,-1.110223024625E-16));
#2862 = DEFINITIONAL_REPRESENTATION('',(#2863),#2867);
#2863 = LINE('',#2864,#2865);
#2864 = CARTESIAN_POINT('',(0.,-0.1));
#2865 = VECTOR('',#2866,1.);
#2866 = DIRECTION('',(1.,0.));
#2867 = ( GEOMETRIC_REPRESENTATION_CONTEXT(2) 
PARAMETRIC_REPRESENTATION_CONTEXT() REPRESENTATION_CONTEXT('2D SPACE',''
  ) );
#2868 = FACE_BOUND('',#2869,.F.);
#2869 = EDGE_LOOP('',(#2870));
#2870 = ORIENTED_EDGE('',*,*,#2871,.T.);
#2871 = EDGE_CURVE('',#2872,#2872,#2874,.T.);
#2872 = VERTEX_POINT('',#2873);
#2873 = CARTESIAN_POINT('',(145.5,208.,246.1));
#2874 = SURFACE_CURVE('',#2875,(#2880,#2891),.PCURVE_S1.);
#2875 = CIRCLE('',#2876,1.1);
#2876 = AXIS2_PLACEMENT_3D('',#2877,#2878,#2879);
#2877 = CARTESIAN_POINT('',(145.5,208.,245.));
#2878 = DIRECTION('',(0.,1.,0.));
#2879 = DIRECTION('',(0.,-0.,1.));
#2880 = PCURVE('',#44,#2881);
#2881 = DEFINITIONAL_REPRESENTATION('',(#2882),#2890);
#2882 = ( BOUNDED_CURVE() B_SPLINE_CURVE(2,(#2883,#2884,#2885,#2886,
#2887,#2888,#2889),.UNSPECIFIED.,.T.,.F.) B_SPLINE_CURVE_WITH_KNOTS((1,2
    ,2,2,2,1),(-2.094395102393,0.,2.094395102393,4.188790204786,
6.28318530718,8.377580409573),.UNSPECIFIED.) CURVE() 
GEOMETRIC_REPRESENTATION_ITEM() RATIONAL_B_SPLINE_CURVE((1.,0.5,1.,0.5,
1.,0.5,1.)) REPRESENTATION_ITEM('') );
#2883 = CARTESIAN_POINT('',(155.5,111.71010778016));
#2884 = CARTESIAN_POINT('',(157.40525588832,111.71010778016));
#2885 = CARTESIAN_POINT('',(156.45262794416,110.06010778016));
#2886 = CARTESIAN_POINT('',(155.5,108.41010778016));
#2887 = CARTESIAN_POINT('',(154.54737205583,110.06010778016));
#2888 = CARTESIAN_POINT('',(153.59474411167,111.71010778016));
#2889 = CARTESIAN_POINT('',(155.5,111.71010778016));
#2890 = ( GEOMETRIC_REPRESENTATION_CONTEXT(2) 
PARAMETRIC_REPRESENTATION_CONTEXT() REPRESENTATION_CONTEXT('2D SPACE',''
  ) );
#2891 = PCURVE('',#2892,#2897);
#2892 = CYLINDRICAL_SURFACE('',#2893,1.1);
#2893 = AXIS2_PLACEMENT_3D('',#2894,#2895,#2896);
#2894 = CARTESIAN_POINT('',(145.5,151.,245.));
#2895 = DIRECTION('',(0.,1.,0.));
#2896 = DIRECTION('',(0.,-0.,1.));
#2897 = DEFINITIONAL_REPRESENTATION('',(#2898),#2902);
#2898 = LINE('',#2899,#2900);
#2899 = CARTESIAN_POINT('',(0.,57.));
#2900 = VECTOR('',#2901,1.);
#2901 = DIRECTION('',(1.,0.));
#2902 = ( GEOMETRIC_REPRESENTATION_CONTEXT(2) 
PARAMETRIC_REPRESENTATION_CONTEXT() REPRESENTATION_CONTEXT('2D SPACE',''
  ) );
#2903 = FACE_BOUND('',#2904,.F.);
#2904 = EDGE_LOOP('',(#2905));
#2905 = ORIENTED_EDGE('',*,*,#2906,.T.);
#2906 = EDGE_CURVE('',#2907,#2907,#2909,.T.);
#2907 = VERTEX_POINT('',#2908);
#2908 = CARTESIAN_POINT('',(154.5,208.,246.1));
#2909 = SURFACE_CURVE('',#2910,(#2915,#2926),.PCURVE_S1.);
#2910 = CIRCLE('',#2911,1.1);
#2911 = AXIS2_PLACEMENT_3D('',#2912,#2913,#2914);
#2912 = CARTESIAN_POINT('',(154.5,208.,245.));
#2913 = DIRECTION('',(0.,1.,0.));
#2914 = DIRECTION('',(0.,-0.,1.));
#2915 = PCURVE('',#44,#2916);
#2916 = DEFINITIONAL_REPRESENTATION('',(#2917),#2925);
#2917 = ( BOUNDED_CURVE() B_SPLINE_CURVE(2,(#2918,#2919,#2920,#2921,
#2922,#2923,#2924),.UNSPECIFIED.,.T.,.F.) B_SPLINE_CURVE_WITH_KNOTS((1,2
    ,2,2,2,1),(-2.094395102393,0.,2.094395102393,4.188790204786,
6.28318530718,8.377580409573),.UNSPECIFIED.) CURVE() 
GEOMETRIC_REPRESENTATION_ITEM() RATIONAL_B_SPLINE_CURVE((1.,0.5,1.,0.5,
1.,0.5,1.)) REPRESENTATION_ITEM('') );
#2918 = CARTESIAN_POINT('',(164.5,111.71010778016));
#2919 = CARTESIAN_POINT('',(166.40525588832,111.71010778016));
#2920 = CARTESIAN_POINT('',(165.45262794416,110.06010778016));
#2921 = CARTESIAN_POINT('',(164.5,108.41010778016));
#2922 = CARTESIAN_POINT('',(163.54737205583,110.06010778016));
#2923 = CARTESIAN_POINT('',(162.59474411167,111.71010778016));
#2924 = CARTESIAN_POINT('',(164.5,111.71010778016));
#2925 = ( GEOMETRIC_REPRESENTATION_CONTEXT(2) 
PARAMETRIC_REPRESENTATION_CONTEXT() REPRESENTATION_CONTEXT('2D SPACE',''
  ) );
#2926 = PCURVE('',#2927,#2932);
#2927 = CYLINDRICAL_SURFACE('',#2928,1.1);
#2928 = AXIS2_PLACEMENT_3D('',#2929,#2930,#2931);
#2929 = CARTESIAN_POINT('',(154.5,151.,245.));
#2930 = DIRECTION('',(0.,1.,0.));
#2931 = DIRECTION('',(0.,-0.,1.));
#2932 = DEFINITIONAL_REPRESENTATION('',(#2933),#2937);
#2933 = LINE('',#2934,#2935);
#2934 = CARTESIAN_POINT('',(0.,57.));
#2935 = VECTOR('',#2936,1.);
#2936 = DIRECTION('',(1.,0.));
#2937 = ( GEOMETRIC_REPRESENTATION_CONTEXT(2) 
PARAMETRIC_REPRESENTATION_CONTEXT() REPRESENTATION_CONTEXT('2D SPACE',''
  ) );
#2938 = FACE_BOUND('',#2939,.F.);
#2939 = EDGE_LOOP('',(#2940));
#2940 = ORIENTED_EDGE('',*,*,#2941,.T.);
#2941 = EDGE_CURVE('',#2942,#2942,#2944,.T.);
#2942 = VERTEX_POINT('',#2943);
#2943 = CARTESIAN_POINT('',(253.,208.,235.25));
#2944 = SURFACE_CURVE('',#2945,(#2950,#2961),.PCURVE_S1.);
#2945 = CIRCLE('',#2946,2.25);
#2946 = AXIS2_PLACEMENT_3D('',#2947,#2948,#2949);
#2947 = CARTESIAN_POINT('',(253.,208.,233.));
#2948 = DIRECTION('',(0.,1.,0.));
#2949 = DIRECTION('',(0.,-0.,1.));
#2950 = PCURVE('',#44,#2951);
#2951 = DEFINITIONAL_REPRESENTATION('',(#2952),#2960);
#2952 = ( BOUNDED_CURVE() B_SPLINE_CURVE(2,(#2953,#2954,#2955,#2956,
#2957,#2958,#2959),.UNSPECIFIED.,.T.,.F.) B_SPLINE_CURVE_WITH_KNOTS((1,2
    ,2,2,2,1),(-2.094395102393,0.,2.094395102393,4.188790204786,
6.28318530718,8.377580409573),.UNSPECIFIED.) CURVE() 
GEOMETRIC_REPRESENTATION_ITEM() RATIONAL_B_SPLINE_CURVE((1.,0.5,1.,0.5,
1.,0.5,1.)) REPRESENTATION_ITEM('') );
#2953 = CARTESIAN_POINT('',(263.,100.86010778016));
#2954 = CARTESIAN_POINT('',(266.89711431703,100.86010778016));
#2955 = CARTESIAN_POINT('',(264.94855715851,97.485107780164));
#2956 = CARTESIAN_POINT('',(263.,94.110107780164));
#2957 = CARTESIAN_POINT('',(261.05144284148,97.485107780164));
#2958 = CARTESIAN_POINT('',(259.10288568297,100.86010778016));
#2959 = CARTESIAN_POINT('',(263.,100.86010778016));
#2960 = ( GEOMETRIC_REPRESENTATION_CONTEXT(2) 
PARAMETRIC_REPRESENTATION_CONTEXT() REPRESENTATION_CONTEXT('2D SPACE',''
  ) );
#2961 = PCURVE('',#2962,#2967);
#2962 = CYLINDRICAL_SURFACE('',#2963,2.25);
#2963 = AXIS2_PLACEMENT_3D('',#2964,#2965,#2966);
#2964 = CARTESIAN_POINT('',(253.,143.,233.));
#2965 = DIRECTION('',(0.,1.,0.));
#2966 = DIRECTION('',(0.,-0.,1.));
#2967 = DEFINITIONAL_REPRESENTATION('',(#2968),#2972);
#2968 = LINE('',#2969,#2970);
#2969 = CARTESIAN_POINT('',(0.,65.));
#2970 = VECTOR('',#2971,1.);
#2971 = DIRECTION('',(1.,0.));
#2972 = ( GEOMETRIC_REPRESENTATION_CONTEXT(2) 
PARAMETRIC_REPRESENTATION_CONTEXT() REPRESENTATION_CONTEXT('2D SPACE',''
  ) );
#2973 = FACE_BOUND('',#2974,.F.);
#2974 = EDGE_LOOP('',(#2975));
#2975 = ORIENTED_EDGE('',*,*,#2976,.T.);
#2976 = EDGE_CURVE('',#2977,#2977,#2979,.T.);
#2977 = VERTEX_POINT('',#2978);
#2978 = CARTESIAN_POINT('',(230.5,208.,246.1));
#2979 = SURFACE_CURVE('',#2980,(#2985,#2996),.PCURVE_S1.);
#2980 = CIRCLE('',#2981,1.1);
#2981 = AXIS2_PLACEMENT_3D('',#2982,#2983,#2984);
#2982 = CARTESIAN_POINT('',(230.5,208.,245.));
#2983 = DIRECTION('',(0.,1.,0.));
#2984 = DIRECTION('',(0.,-0.,1.));
#2985 = PCURVE('',#44,#2986);
#2986 = DEFINITIONAL_REPRESENTATION('',(#2987),#2995);
#2987 = ( BOUNDED_CURVE() B_SPLINE_CURVE(2,(#2988,#2989,#2990,#2991,
#2992,#2993,#2994),.UNSPECIFIED.,.T.,.F.) B_SPLINE_CURVE_WITH_KNOTS((1,2
    ,2,2,2,1),(-2.094395102393,0.,2.094395102393,4.188790204786,
6.28318530718,8.377580409573),.UNSPECIFIED.) CURVE() 
GEOMETRIC_REPRESENTATION_ITEM() RATIONAL_B_SPLINE_CURVE((1.,0.5,1.,0.5,
1.,0.5,1.)) REPRESENTATION_ITEM('') );
#2988 = CARTESIAN_POINT('',(240.5,111.71010778016));
#2989 = CARTESIAN_POINT('',(242.40525588832,111.71010778016));
#2990 = CARTESIAN_POINT('',(241.45262794416,110.06010778016));
#2991 = CARTESIAN_POINT('',(240.5,108.41010778016));
#2992 = CARTESIAN_POINT('',(239.54737205583,110.06010778016));
#2993 = CARTESIAN_POINT('',(238.59474411167,111.71010778016));
#2994 = CARTESIAN_POINT('',(240.5,111.71010778016));
#2995 = ( GEOMETRIC_REPRESENTATION_CONTEXT(2) 
PARAMETRIC_REPRESENTATION_CONTEXT() REPRESENTATION_CONTEXT('2D SPACE',''
  ) );
#2996 = PCURVE('',#2997,#3002);
#2997 = CYLINDRICAL_SURFACE('',#2998,1.1);
#2998 = AXIS2_PLACEMENT_3D('',#2999,#3000,#3001);
#2999 = CARTESIAN_POINT('',(230.5,151.,245.));
#3000 = DIRECTION('',(0.,1.,0.));
#3001 = DIRECTION('',(0.,-0.,1.));
#3002 = DEFINITIONAL_REPRESENTATION('',(#3003),#3007);
#3003 = LINE('',#3004,#3005);
#3004 = CARTESIAN_POINT('',(0.,57.));
#3005 = VECTOR('',#3006,1.);
#3006 = DIRECTION('',(1.,0.));
#3007 = ( GEOMETRIC_REPRESENTATION_CONTEXT(2) 
PARAMETRIC_REPRESENTATION_CONTEXT() REPRESENTATION_CONTEXT('2D SPACE',''
  ) );
#3008 = FACE_BOUND('',#3009,.F.);
#3009 = EDGE_LOOP('',(#3010));
#3010 = ORIENTED_EDGE('',*,*,#3011,.T.);
#3011 = EDGE_CURVE('',#3012,#3012,#3014,.T.);
#3012 = VERTEX_POINT('',#3013);
#3013 = CARTESIAN_POINT('',(239.5,208.,246.1));
#3014 = SURFACE_CURVE('',#3015,(#3020,#3031),.PCURVE_S1.);
#3015 = CIRCLE('',#3016,1.1);
#3016 = AXIS2_PLACEMENT_3D('',#3017,#3018,#3019);
#3017 = CARTESIAN_POINT('',(239.5,208.,245.));
#3018 = DIRECTION('',(0.,1.,0.));
#3019 = DIRECTION('',(0.,-0.,1.));
#3020 = PCURVE('',#44,#3021);
#3021 = DEFINITIONAL_REPRESENTATION('',(#3022),#3030);
#3022 = ( BOUNDED_CURVE() B_SPLINE_CURVE(2,(#3023,#3024,#3025,#3026,
#3027,#3028,#3029),.UNSPECIFIED.,.T.,.F.) B_SPLINE_CURVE_WITH_KNOTS((1,2
    ,2,2,2,1),(-2.094395102393,0.,2.094395102393,4.188790204786,
6.28318530718,8.377580409573),.UNSPECIFIED.) CURVE() 
GEOMETRIC_REPRESENTATION_ITEM() RATIONAL_B_SPLINE_CURVE((1.,0.5,1.,0.5,
1.,0.5,1.)) REPRESENTATION_ITEM('') );
#3023 = CARTESIAN_POINT('',(249.5,111.71010778016));
#3024 = CARTESIAN_POINT('',(251.40525588832,111.71010778016));
#3025 = CARTESIAN_POINT('',(250.45262794416,110.06010778016));
#3026 = CARTESIAN_POINT('',(249.5,108.41010778016));
#3027 = CARTESIAN_POINT('',(248.54737205583,110.06010778016));
#3028 = CARTESIAN_POINT('',(247.59474411167,111.71010778016));
#3029 = CARTESIAN_POINT('',(249.5,111.71010778016));
#3030 = ( GEOMETRIC_REPRESENTATION_CONTEXT(2) 
PARAMETRIC_REPRESENTATION_CONTEXT() REPRESENTATION_CONTEXT('2D SPACE',''
  ) );
#3031 = PCURVE('',#3032,#3037);
#3032 = CYLINDRICAL_SURFACE('',#3033,1.1);
#3033 = AXIS2_PLACEMENT_3D('',#3034,#3035,#3036);
#3034 = CARTESIAN_POINT('',(239.5,151.,245.));
#3035 = DIRECTION('',(0.,1.,0.));
#3036 = DIRECTION('',(0.,-0.,1.));
#3037 = DEFINITIONAL_REPRESENTATION('',(#3038),#3042);
#3038 = LINE('',#3039,#3040);
#3039 = CARTESIAN_POINT('',(0.,57.));
#3040 = VECTOR('',#3041,1.);
#3041 = DIRECTION('',(1.,0.));
#3042 = ( GEOMETRIC_REPRESENTATION_CONTEXT(2) 
PARAMETRIC_REPRESENTATION_CONTEXT() REPRESENTATION_CONTEXT('2D SPACE',''
  ) );
#3043 = FACE_BOUND('',#3044,.F.);
#3044 = EDGE_LOOP('',(#3045));
#3045 = ORIENTED_EDGE('',*,*,#3046,.T.);
#3046 = EDGE_CURVE('',#3047,#3047,#3049,.T.);
#3047 = VERTEX_POINT('',#3048);
#3048 = CARTESIAN_POINT('',(253.,208.,249.25));
#3049 = SURFACE_CURVE('',#3050,(#3055,#3066),.PCURVE_S1.);
#3050 = CIRCLE('',#3051,2.25);
#3051 = AXIS2_PLACEMENT_3D('',#3052,#3053,#3054);
#3052 = CARTESIAN_POINT('',(253.,208.,247.));
#3053 = DIRECTION('',(0.,1.,0.));
#3054 = DIRECTION('',(0.,-0.,1.));
#3055 = PCURVE('',#44,#3056);
#3056 = DEFINITIONAL_REPRESENTATION('',(#3057),#3065);
#3057 = ( BOUNDED_CURVE() B_SPLINE_CURVE(2,(#3058,#3059,#3060,#3061,
#3062,#3063,#3064),.UNSPECIFIED.,.T.,.F.) B_SPLINE_CURVE_WITH_KNOTS((1,2
    ,2,2,2,1),(-2.094395102393,0.,2.094395102393,4.188790204786,
6.28318530718,8.377580409573),.UNSPECIFIED.) CURVE() 
GEOMETRIC_REPRESENTATION_ITEM() RATIONAL_B_SPLINE_CURVE((1.,0.5,1.,0.5,
1.,0.5,1.)) REPRESENTATION_ITEM('') );
#3058 = CARTESIAN_POINT('',(263.,114.86010778016));
#3059 = CARTESIAN_POINT('',(266.89711431703,114.86010778016));
#3060 = CARTESIAN_POINT('',(264.94855715851,111.48510778016));
#3061 = CARTESIAN_POINT('',(263.,108.11010778016));
#3062 = CARTESIAN_POINT('',(261.05144284148,111.48510778016));
#3063 = CARTESIAN_POINT('',(259.10288568297,114.86010778016));
#3064 = CARTESIAN_POINT('',(263.,114.86010778016));
#3065 = ( GEOMETRIC_REPRESENTATION_CONTEXT(2) 
PARAMETRIC_REPRESENTATION_CONTEXT() REPRESENTATION_CONTEXT('2D SPACE',''
  ) );
#3066 = PCURVE('',#3067,#3072);
#3067 = CYLINDRICAL_SURFACE('',#3068,2.25);
#3068 = AXIS2_PLACEMENT_3D('',#3069,#3070,#3071);
#3069 = CARTESIAN_POINT('',(253.,143.,247.));
#3070 = DIRECTION('',(0.,1.,0.));
#3071 = DIRECTION('',(0.,-0.,1.));
#3072 = DEFINITIONAL_REPRESENTATION('',(#3073),#3077);
#3073 = LINE('',#3074,#3075);
#3074 = CARTESIAN_POINT('',(0.,65.));
#3075 = VECTOR('',#3076,1.);
#3076 = DIRECTION('',(1.,0.));
#3077 = ( GEOMETRIC_REPRESENTATION_CONTEXT(2) 
PARAMETRIC_REPRESENTATION_CONTEXT() REPRESENTATION_CONTEXT('2D SPACE',''
  ) );
#3078 = ADVANCED_FACE('',(#3079),#124,.T.);
#3079 = FACE_BOUND('',#3080,.T.);
#3080 = EDGE_LOOP('',(#3081,#3108,#3126,#3127,#3128,#3129));
#3081 = ORIENTED_EDGE('',*,*,#3082,.F.);
#3082 = EDGE_CURVE('',#3083,#3085,#3087,.T.);
#3083 = VERTEX_POINT('',#3084);
#3084 = CARTESIAN_POINT('',(46.586605785827,203.,139.38989221983));
#3085 = VERTEX_POINT('',#3086);
#3086 = CARTESIAN_POINT('',(46.586605785827,206.43011325446,
    139.38989221983));
#3087 = SURFACE_CURVE('',#3088,(#3091,#3097),.PCURVE_S1.);
#3088 = B_SPLINE_CURVE_WITH_KNOTS('',1,(#3089,#3090),.UNSPECIFIED.,.F.,
  .F.,(2,2),(0.,45.),.PIECEWISE_BEZIER_KNOTS.);
#3089 = CARTESIAN_POINT('',(46.586605785827,168.43011325446,
    139.38989221983));
#3090 = CARTESIAN_POINT('',(46.586605785827,213.43011325446,
    139.38989221983));
#3091 = PCURVE('',#124,#3092);
#3092 = DEFINITIONAL_REPRESENTATION('',(#3093),#3096);
#3093 = B_SPLINE_CURVE_WITH_KNOTS('',1,(#3094,#3095),.UNSPECIFIED.,.F.,
  .F.,(2,2),(0.,45.),.PIECEWISE_BEZIER_KNOTS.);
#3094 = CARTESIAN_POINT('',(5.,0.));
#3095 = CARTESIAN_POINT('',(5.,-45.));
#3096 = ( GEOMETRIC_REPRESENTATION_CONTEXT(2) 
PARAMETRIC_REPRESENTATION_CONTEXT() REPRESENTATION_CONTEXT('2D SPACE',''
  ) );
#3097 = PCURVE('',#3098,#3103);
#3098 = B_SPLINE_SURFACE_WITH_KNOTS('',1,1,(
    (#3099,#3100)
    ,(#3101,#3102
    )),.UNSPECIFIED.,.F.,.F.,.F.,(2,2),(2,2),(0.,2.),(-23.,0.),
  .PIECEWISE_BEZIER_KNOTS.);
#3099 = CARTESIAN_POINT('',(46.586605785827,206.43011325446,
    139.38989221983));
#3100 = CARTESIAN_POINT('',(46.586605785827,183.43011325446,
    139.38989221983));
#3101 = CARTESIAN_POINT('',(46.586605785827,206.43011325446,
    141.38989221983));
#3102 = CARTESIAN_POINT('',(46.586605785827,183.43011325446,
    141.38989221983));
#3103 = DEFINITIONAL_REPRESENTATION('',(#3104),#3107);
#3104 = B_SPLINE_CURVE_WITH_KNOTS('',1,(#3105,#3106),.UNSPECIFIED.,.F.,
  .F.,(2,2),(34.569886745531,38.),.PIECEWISE_BEZIER_KNOTS.);
#3105 = CARTESIAN_POINT('',(0.,-19.56988674553));
#3106 = CARTESIAN_POINT('',(0.,-23.));
#3107 = ( GEOMETRIC_REPRESENTATION_CONTEXT(2) 
PARAMETRIC_REPRESENTATION_CONTEXT() REPRESENTATION_CONTEXT('2D SPACE',''
  ) );
#3108 = ORIENTED_EDGE('',*,*,#3109,.T.);
#3109 = EDGE_CURVE('',#3083,#83,#3110,.T.);
#3110 = SURFACE_CURVE('',#3111,(#3114,#3120),.PCURVE_S1.);
#3111 = B_SPLINE_CURVE_WITH_KNOTS('',1,(#3112,#3113),.UNSPECIFIED.,.F.,
  .F.,(2,2),(0.,1.),.PIECEWISE_BEZIER_KNOTS.);
#3112 = CARTESIAN_POINT('',(46.586605785827,203.,139.38989221983));
#3113 = CARTESIAN_POINT('',(46.586605785827,203.,134.38989221983));
#3114 = PCURVE('',#124,#3115);
#3115 = DEFINITIONAL_REPRESENTATION('',(#3116),#3119);
#3116 = B_SPLINE_CURVE_WITH_KNOTS('',1,(#3117,#3118),.UNSPECIFIED.,.F.,
  .F.,(2,2),(0.,1.),.PIECEWISE_BEZIER_KNOTS.);
#3117 = CARTESIAN_POINT('',(5.,-34.56988674553));
#3118 = CARTESIAN_POINT('',(0.,-34.56988674553));
#3119 = ( GEOMETRIC_REPRESENTATION_CONTEXT(2) 
PARAMETRIC_REPRESENTATION_CONTEXT() REPRESENTATION_CONTEXT('2D SPACE',''
  ) );
#3120 = PCURVE('',#98,#3121);
#3121 = DEFINITIONAL_REPRESENTATION('',(#3122),#3125);
#3122 = B_SPLINE_CURVE_WITH_KNOTS('',1,(#3123,#3124),.UNSPECIFIED.,.F.,
  .F.,(2,2),(0.,1.),.PIECEWISE_BEZIER_KNOTS.);
#3123 = CARTESIAN_POINT('',(56.586605785827,5.));
#3124 = CARTESIAN_POINT('',(56.586605785827,2.84217094304E-13));
#3125 = ( GEOMETRIC_REPRESENTATION_CONTEXT(2) 
PARAMETRIC_REPRESENTATION_CONTEXT() REPRESENTATION_CONTEXT('2D SPACE',''
  ) );
#3126 = ORIENTED_EDGE('',*,*,#110,.T.);
#3127 = ORIENTED_EDGE('',*,*,#135,.T.);
#3128 = ORIENTED_EDGE('',*,*,#206,.F.);
#3129 = ORIENTED_EDGE('',*,*,#3130,.F.);
#3130 = EDGE_CURVE('',#3085,#207,#3131,.T.);
#3131 = SURFACE_CURVE('',#3132,(#3135,#3141),.PCURVE_S1.);
#3132 = B_SPLINE_CURVE_WITH_KNOTS('',1,(#3133,#3134),.UNSPECIFIED.,.F.,
  .F.,(2,2),(0.,45.),.PIECEWISE_BEZIER_KNOTS.);
#3133 = CARTESIAN_POINT('',(46.586605785827,168.43011325446,
    139.38989221983));
#3134 = CARTESIAN_POINT('',(46.586605785827,213.43011325446,
    139.38989221983));
#3135 = PCURVE('',#124,#3136);
#3136 = DEFINITIONAL_REPRESENTATION('',(#3137),#3140);
#3137 = B_SPLINE_CURVE_WITH_KNOTS('',1,(#3138,#3139),.UNSPECIFIED.,.F.,
  .F.,(2,2),(0.,45.),.PIECEWISE_BEZIER_KNOTS.);
#3138 = CARTESIAN_POINT('',(5.,0.));
#3139 = CARTESIAN_POINT('',(5.,-45.));
#3140 = ( GEOMETRIC_REPRESENTATION_CONTEXT(2) 
PARAMETRIC_REPRESENTATION_CONTEXT() REPRESENTATION_CONTEXT('2D SPACE',''
  ) );
#3141 = PCURVE('',#240,#3142);
#3142 = DEFINITIONAL_REPRESENTATION('',(#3143),#3146);
#3143 = B_SPLINE_CURVE_WITH_KNOTS('',1,(#3144,#3145),.UNSPECIFIED.,.F.,
  .F.,(2,2),(38.,39.569886745531),.PIECEWISE_BEZIER_KNOTS.);
#3144 = CARTESIAN_POINT('',(0.,-23.));
#3145 = CARTESIAN_POINT('',(0.,-24.56988674553));
#3146 = ( GEOMETRIC_REPRESENTATION_CONTEXT(2) 
PARAMETRIC_REPRESENTATION_CONTEXT() REPRESENTATION_CONTEXT('2D SPACE',''
  ) );
#3147 = ADVANCED_FACE('',(#3148,#3606,#3636,#3666,#3696,#3726,#3756,
    #3786,#3816,#3846,#4128,#4228,#4281,#4311,#4364,#5122,#5208,#5238,
    #5268,#5298,#5398,#5428,#5458,#5488,#5518,#5548),#98,.T.);
#3148 = FACE_BOUND('',#3149,.T.);
#3149 = EDGE_LOOP('',(#3150,#3175,#3194,#3195,#3196,#3216,#3241,#3266,
    #3286,#3309,#3329,#3354,#3379,#3404,#3424,#3447,#3467,#3492,#3517,
    #3542,#3562,#3585));
#3150 = ORIENTED_EDGE('',*,*,#3151,.F.);
#3151 = EDGE_CURVE('',#3152,#3154,#3156,.T.);
#3152 = VERTEX_POINT('',#3153);
#3153 = CARTESIAN_POINT('',(-4.9,203.,254.38989221983));
#3154 = VERTEX_POINT('',#3155);
#3155 = CARTESIAN_POINT('',(290.,203.,254.38989221983));
#3156 = SURFACE_CURVE('',#3157,(#3161,#3168),.PCURVE_S1.);
#3157 = LINE('',#3158,#3159);
#3158 = CARTESIAN_POINT('',(-10.,203.,254.38989221983));
#3159 = VECTOR('',#3160,1.);
#3160 = DIRECTION('',(1.,0.,0.));
#3161 = PCURVE('',#98,#3162);
#3162 = DEFINITIONAL_REPRESENTATION('',(#3163),#3167);
#3163 = LINE('',#3164,#3165);
#3164 = CARTESIAN_POINT('',(0.,120.));
#3165 = VECTOR('',#3166,1.);
#3166 = DIRECTION('',(1.,0.));
#3167 = ( GEOMETRIC_REPRESENTATION_CONTEXT(2) 
PARAMETRIC_REPRESENTATION_CONTEXT() REPRESENTATION_CONTEXT('2D SPACE',''
  ) );
#3168 = PCURVE('',#174,#3169);
#3169 = DEFINITIONAL_REPRESENTATION('',(#3170),#3174);
#3170 = LINE('',#3171,#3172);
#3171 = CARTESIAN_POINT('',(5.,0.));
#3172 = VECTOR('',#3173,1.);
#3173 = DIRECTION('',(0.,1.));
#3174 = ( GEOMETRIC_REPRESENTATION_CONTEXT(2) 
PARAMETRIC_REPRESENTATION_CONTEXT() REPRESENTATION_CONTEXT('2D SPACE',''
  ) );
#3175 = ORIENTED_EDGE('',*,*,#3176,.F.);
#3176 = EDGE_CURVE('',#57,#3152,#3177,.T.);
#3177 = SURFACE_CURVE('',#3178,(#3182,#3188),.PCURVE_S1.);
#3178 = LINE('',#3179,#3180);
#3179 = CARTESIAN_POINT('',(-4.9,203.,131.88989221983));
#3180 = VECTOR('',#3181,1.);
#3181 = DIRECTION('',(0.,0.,1.));
#3182 = PCURVE('',#98,#3183);
#3183 = DEFINITIONAL_REPRESENTATION('',(#3184),#3187);
#3184 = B_SPLINE_CURVE_WITH_KNOTS('',1,(#3185,#3186),.UNSPECIFIED.,.F.,
  .F.,(2,2),(2.5,122.5),.PIECEWISE_BEZIER_KNOTS.);
#3185 = CARTESIAN_POINT('',(5.1,0.));
#3186 = CARTESIAN_POINT('',(5.1,120.));
#3187 = ( GEOMETRIC_REPRESENTATION_CONTEXT(2) 
PARAMETRIC_REPRESENTATION_CONTEXT() REPRESENTATION_CONTEXT('2D SPACE',''
  ) );
#3188 = PCURVE('',#71,#3189);
#3189 = DEFINITIONAL_REPRESENTATION('',(#3190),#3193);
#3190 = B_SPLINE_CURVE_WITH_KNOTS('',1,(#3191,#3192),.UNSPECIFIED.,.F.,
  .F.,(2,2),(2.5,122.5),.PIECEWISE_BEZIER_KNOTS.);
#3191 = CARTESIAN_POINT('',(5.,-223.));
#3192 = CARTESIAN_POINT('',(125.,-223.));
#3193 = ( GEOMETRIC_REPRESENTATION_CONTEXT(2) 
PARAMETRIC_REPRESENTATION_CONTEXT() REPRESENTATION_CONTEXT('2D SPACE',''
  ) );
#3194 = ORIENTED_EDGE('',*,*,#82,.T.);
#3195 = ORIENTED_EDGE('',*,*,#3109,.F.);
#3196 = ORIENTED_EDGE('',*,*,#3197,.F.);
#3197 = EDGE_CURVE('',#3198,#3083,#3200,.T.);
#3198 = VERTEX_POINT('',#3199);
#3199 = CARTESIAN_POINT('',(46.586605785827,203.,141.38989221983));
#3200 = SURFACE_CURVE('',#3201,(#3204,#3210),.PCURVE_S1.);
#3201 = B_SPLINE_CURVE_WITH_KNOTS('',1,(#3202,#3203),.UNSPECIFIED.,.F.,
  .F.,(2,2),(0.,1.),.PIECEWISE_BEZIER_KNOTS.);
#3202 = CARTESIAN_POINT('',(46.586605785827,203.,141.38989221983));
#3203 = CARTESIAN_POINT('',(46.586605785827,203.,139.38989221983));
#3204 = PCURVE('',#98,#3205);
#3205 = DEFINITIONAL_REPRESENTATION('',(#3206),#3209);
#3206 = B_SPLINE_CURVE_WITH_KNOTS('',1,(#3207,#3208),.UNSPECIFIED.,.F.,
  .F.,(2,2),(0.,1.),.PIECEWISE_BEZIER_KNOTS.);
#3207 = CARTESIAN_POINT('',(56.586605785827,7.));
#3208 = CARTESIAN_POINT('',(56.586605785827,5.));
#3209 = ( GEOMETRIC_REPRESENTATION_CONTEXT(2) 
PARAMETRIC_REPRESENTATION_CONTEXT() REPRESENTATION_CONTEXT('2D SPACE',''
  ) );
#3210 = PCURVE('',#3098,#3211);
#3211 = DEFINITIONAL_REPRESENTATION('',(#3212),#3215);
#3212 = B_SPLINE_CURVE_WITH_KNOTS('',1,(#3213,#3214),.UNSPECIFIED.,.F.,
  .F.,(2,2),(0.,1.),.PIECEWISE_BEZIER_KNOTS.);
#3213 = CARTESIAN_POINT('',(2.,-19.56988674553));
#3214 = CARTESIAN_POINT('',(0.,-19.56988674553));
#3215 = ( GEOMETRIC_REPRESENTATION_CONTEXT(2) 
PARAMETRIC_REPRESENTATION_CONTEXT() REPRESENTATION_CONTEXT('2D SPACE',''
  ) );
#3216 = ORIENTED_EDGE('',*,*,#3217,.T.);
#3217 = EDGE_CURVE('',#3198,#3218,#3220,.T.);
#3218 = VERTEX_POINT('',#3219);
#3219 = CARTESIAN_POINT('',(76.586605785827,203.,141.38989221983));
#3220 = SURFACE_CURVE('',#3221,(#3224,#3230),.PCURVE_S1.);
#3221 = B_SPLINE_CURVE_WITH_KNOTS('',1,(#3222,#3223),.UNSPECIFIED.,.F.,
  .F.,(2,2),(0.,1.),.PIECEWISE_BEZIER_KNOTS.);
#3222 = CARTESIAN_POINT('',(46.586605785827,203.,141.38989221983));
#3223 = CARTESIAN_POINT('',(76.586605785827,203.,141.38989221983));
#3224 = PCURVE('',#98,#3225);
#3225 = DEFINITIONAL_REPRESENTATION('',(#3226),#3229);
#3226 = B_SPLINE_CURVE_WITH_KNOTS('',1,(#3227,#3228),.UNSPECIFIED.,.F.,
  .F.,(2,2),(0.,1.),.PIECEWISE_BEZIER_KNOTS.);
#3227 = CARTESIAN_POINT('',(56.586605785827,7.));
#3228 = CARTESIAN_POINT('',(86.586605785827,7.));
#3229 = ( GEOMETRIC_REPRESENTATION_CONTEXT(2) 
PARAMETRIC_REPRESENTATION_CONTEXT() REPRESENTATION_CONTEXT('2D SPACE',''
  ) );
#3230 = PCURVE('',#3231,#3236);
#3231 = B_SPLINE_SURFACE_WITH_KNOTS('',1,1,(
    (#3232,#3233)
    ,(#3234,#3235
    )),.UNSPECIFIED.,.F.,.F.,.F.,(2,2),(2,2),(0.,30.),(0.,23.),
  .PIECEWISE_BEZIER_KNOTS.);
#3232 = CARTESIAN_POINT('',(76.586605785827,183.43011325446,
    141.38989221983));
#3233 = CARTESIAN_POINT('',(76.586605785827,206.43011325446,
    141.38989221983));
#3234 = CARTESIAN_POINT('',(46.586605785827,183.43011325446,
    141.38989221983));
#3235 = CARTESIAN_POINT('',(46.586605785827,206.43011325446,
    141.38989221983));
#3236 = DEFINITIONAL_REPRESENTATION('',(#3237),#3240);
#3237 = B_SPLINE_CURVE_WITH_KNOTS('',1,(#3238,#3239),.UNSPECIFIED.,.F.,
  .F.,(2,2),(0.,1.),.PIECEWISE_BEZIER_KNOTS.);
#3238 = CARTESIAN_POINT('',(30.,19.569886745531));
#3239 = CARTESIAN_POINT('',(0.,19.569886745531));
#3240 = ( GEOMETRIC_REPRESENTATION_CONTEXT(2) 
PARAMETRIC_REPRESENTATION_CONTEXT() REPRESENTATION_CONTEXT('2D SPACE',''
  ) );
#3241 = ORIENTED_EDGE('',*,*,#3242,.T.);
#3242 = EDGE_CURVE('',#3218,#3243,#3245,.T.);
#3243 = VERTEX_POINT('',#3244);
#3244 = CARTESIAN_POINT('',(76.586605785827,203.,139.38989221983));
#3245 = SURFACE_CURVE('',#3246,(#3249,#3255),.PCURVE_S1.);
#3246 = B_SPLINE_CURVE_WITH_KNOTS('',1,(#3247,#3248),.UNSPECIFIED.,.F.,
  .F.,(2,2),(0.,1.),.PIECEWISE_BEZIER_KNOTS.);
#3247 = CARTESIAN_POINT('',(76.586605785827,203.,141.38989221983));
#3248 = CARTESIAN_POINT('',(76.586605785827,203.,139.38989221983));
#3249 = PCURVE('',#98,#3250);
#3250 = DEFINITIONAL_REPRESENTATION('',(#3251),#3254);
#3251 = B_SPLINE_CURVE_WITH_KNOTS('',1,(#3252,#3253),.UNSPECIFIED.,.F.,
  .F.,(2,2),(0.,1.),.PIECEWISE_BEZIER_KNOTS.);
#3252 = CARTESIAN_POINT('',(86.586605785827,7.));
#3253 = CARTESIAN_POINT('',(86.586605785827,5.));
#3254 = ( GEOMETRIC_REPRESENTATION_CONTEXT(2) 
PARAMETRIC_REPRESENTATION_CONTEXT() REPRESENTATION_CONTEXT('2D SPACE',''
  ) );
#3255 = PCURVE('',#3256,#3261);
#3256 = B_SPLINE_SURFACE_WITH_KNOTS('',1,1,(
    (#3257,#3258)
    ,(#3259,#3260
    )),.UNSPECIFIED.,.F.,.F.,.F.,(2,2),(2,2),(0.,2.),(-23.,0.),
  .PIECEWISE_BEZIER_KNOTS.);
#3257 = CARTESIAN_POINT('',(76.586605785827,206.43011325446,
    139.38989221983));
#3258 = CARTESIAN_POINT('',(76.586605785827,183.43011325446,
    139.38989221983));
#3259 = CARTESIAN_POINT('',(76.586605785827,206.43011325446,
    141.38989221983));
#3260 = CARTESIAN_POINT('',(76.586605785827,183.43011325446,
    141.38989221983));
#3261 = DEFINITIONAL_REPRESENTATION('',(#3262),#3265);
#3262 = B_SPLINE_CURVE_WITH_KNOTS('',1,(#3263,#3264),.UNSPECIFIED.,.F.,
  .F.,(2,2),(0.,1.),.PIECEWISE_BEZIER_KNOTS.);
#3263 = CARTESIAN_POINT('',(2.,-19.56988674553));
#3264 = CARTESIAN_POINT('',(0.,-19.56988674553));
#3265 = ( GEOMETRIC_REPRESENTATION_CONTEXT(2) 
PARAMETRIC_REPRESENTATION_CONTEXT() REPRESENTATION_CONTEXT('2D SPACE',''
  ) );
#3266 = ORIENTED_EDGE('',*,*,#3267,.T.);
#3267 = EDGE_CURVE('',#3243,#3268,#3270,.T.);
#3268 = VERTEX_POINT('',#3269);
#3269 = CARTESIAN_POINT('',(76.586605785827,203.,134.38989221983));
#3270 = SURFACE_CURVE('',#3271,(#3274,#3280),.PCURVE_S1.);
#3271 = B_SPLINE_CURVE_WITH_KNOTS('',1,(#3272,#3273),.UNSPECIFIED.,.F.,
  .F.,(2,2),(0.,1.),.PIECEWISE_BEZIER_KNOTS.);
#3272 = CARTESIAN_POINT('',(76.586605785827,203.,139.38989221983));
#3273 = CARTESIAN_POINT('',(76.586605785827,203.,134.38989221983));
#3274 = PCURVE('',#98,#3275);
#3275 = DEFINITIONAL_REPRESENTATION('',(#3276),#3279);
#3276 = B_SPLINE_CURVE_WITH_KNOTS('',1,(#3277,#3278),.UNSPECIFIED.,.F.,
  .F.,(2,2),(0.,1.),.PIECEWISE_BEZIER_KNOTS.);
#3277 = CARTESIAN_POINT('',(86.586605785827,5.));
#3278 = CARTESIAN_POINT('',(86.586605785827,2.84217094304E-13));
#3279 = ( GEOMETRIC_REPRESENTATION_CONTEXT(2) 
PARAMETRIC_REPRESENTATION_CONTEXT() REPRESENTATION_CONTEXT('2D SPACE',''
  ) );
#3280 = PCURVE('',#315,#3281);
#3281 = DEFINITIONAL_REPRESENTATION('',(#3282),#3285);
#3282 = B_SPLINE_CURVE_WITH_KNOTS('',1,(#3283,#3284),.UNSPECIFIED.,.F.,
  .F.,(2,2),(0.,1.),.PIECEWISE_BEZIER_KNOTS.);
#3283 = CARTESIAN_POINT('',(5.,-34.56988674553));
#3284 = CARTESIAN_POINT('',(0.,-34.56988674553));
#3285 = ( GEOMETRIC_REPRESENTATION_CONTEXT(2) 
PARAMETRIC_REPRESENTATION_CONTEXT() REPRESENTATION_CONTEXT('2D SPACE',''
  ) );
#3286 = ORIENTED_EDGE('',*,*,#3287,.T.);
#3287 = EDGE_CURVE('',#3268,#3288,#3290,.T.);
#3288 = VERTEX_POINT('',#3289);
#3289 = CARTESIAN_POINT('',(117.96955860415,203.,134.38989221983));
#3290 = SURFACE_CURVE('',#3291,(#3295,#3302),.PCURVE_S1.);
#3291 = LINE('',#3292,#3293);
#3292 = CARTESIAN_POINT('',(-10.,203.,134.38989221983));
#3293 = VECTOR('',#3294,1.);
#3294 = DIRECTION('',(1.,0.,0.));
#3295 = PCURVE('',#98,#3296);
#3296 = DEFINITIONAL_REPRESENTATION('',(#3297),#3301);
#3297 = LINE('',#3298,#3299);
#3298 = CARTESIAN_POINT('',(0.,0.));
#3299 = VECTOR('',#3300,1.);
#3300 = DIRECTION('',(1.,0.));
#3301 = ( GEOMETRIC_REPRESENTATION_CONTEXT(2) 
PARAMETRIC_REPRESENTATION_CONTEXT() REPRESENTATION_CONTEXT('2D SPACE',''
  ) );
#3302 = PCURVE('',#342,#3303);
#3303 = DEFINITIONAL_REPRESENTATION('',(#3304),#3308);
#3304 = LINE('',#3305,#3306);
#3305 = CARTESIAN_POINT('',(5.,0.));
#3306 = VECTOR('',#3307,1.);
#3307 = DIRECTION('',(0.,1.));
#3308 = ( GEOMETRIC_REPRESENTATION_CONTEXT(2) 
PARAMETRIC_REPRESENTATION_CONTEXT() REPRESENTATION_CONTEXT('2D SPACE',''
  ) );
#3309 = ORIENTED_EDGE('',*,*,#3310,.F.);
#3310 = EDGE_CURVE('',#3311,#3288,#3313,.T.);
#3311 = VERTEX_POINT('',#3312);
#3312 = CARTESIAN_POINT('',(117.96955860415,203.,139.38989221983));
#3313 = SURFACE_CURVE('',#3314,(#3317,#3323),.PCURVE_S1.);
#3314 = B_SPLINE_CURVE_WITH_KNOTS('',1,(#3315,#3316),.UNSPECIFIED.,.F.,
  .F.,(2,2),(0.,1.),.PIECEWISE_BEZIER_KNOTS.);
#3315 = CARTESIAN_POINT('',(117.96955860415,203.,139.38989221983));
#3316 = CARTESIAN_POINT('',(117.96955860415,203.,134.38989221983));
#3317 = PCURVE('',#98,#3318);
#3318 = DEFINITIONAL_REPRESENTATION('',(#3319),#3322);
#3319 = B_SPLINE_CURVE_WITH_KNOTS('',1,(#3320,#3321),.UNSPECIFIED.,.F.,
  .F.,(2,2),(0.,1.),.PIECEWISE_BEZIER_KNOTS.);
#3320 = CARTESIAN_POINT('',(127.96955860415,5.));
#3321 = CARTESIAN_POINT('',(127.96955860415,2.84217094304E-13));
#3322 = ( GEOMETRIC_REPRESENTATION_CONTEXT(2) 
PARAMETRIC_REPRESENTATION_CONTEXT() REPRESENTATION_CONTEXT('2D SPACE',''
  ) );
#3323 = PCURVE('',#368,#3324);
#3324 = DEFINITIONAL_REPRESENTATION('',(#3325),#3328);
#3325 = B_SPLINE_CURVE_WITH_KNOTS('',1,(#3326,#3327),.UNSPECIFIED.,.F.,
  .F.,(2,2),(0.,1.),.PIECEWISE_BEZIER_KNOTS.);
#3326 = CARTESIAN_POINT('',(5.,-31.56988674553));
#3327 = CARTESIAN_POINT('',(0.,-31.56988674553));
#3328 = ( GEOMETRIC_REPRESENTATION_CONTEXT(2) 
PARAMETRIC_REPRESENTATION_CONTEXT() REPRESENTATION_CONTEXT('2D SPACE',''
  ) );
#3329 = ORIENTED_EDGE('',*,*,#3330,.F.);
#3330 = EDGE_CURVE('',#3331,#3311,#3333,.T.);
#3331 = VERTEX_POINT('',#3332);
#3332 = CARTESIAN_POINT('',(117.96955860415,203.,141.38989221983));
#3333 = SURFACE_CURVE('',#3334,(#3337,#3343),.PCURVE_S1.);
#3334 = B_SPLINE_CURVE_WITH_KNOTS('',1,(#3335,#3336),.UNSPECIFIED.,.F.,
  .F.,(2,2),(0.,1.),.PIECEWISE_BEZIER_KNOTS.);
#3335 = CARTESIAN_POINT('',(117.96955860415,203.,141.38989221983));
#3336 = CARTESIAN_POINT('',(117.96955860415,203.,139.38989221983));
#3337 = PCURVE('',#98,#3338);
#3338 = DEFINITIONAL_REPRESENTATION('',(#3339),#3342);
#3339 = B_SPLINE_CURVE_WITH_KNOTS('',1,(#3340,#3341),.UNSPECIFIED.,.F.,
  .F.,(2,2),(0.,1.),.PIECEWISE_BEZIER_KNOTS.);
#3340 = CARTESIAN_POINT('',(127.96955860415,7.));
#3341 = CARTESIAN_POINT('',(127.96955860415,5.));
#3342 = ( GEOMETRIC_REPRESENTATION_CONTEXT(2) 
PARAMETRIC_REPRESENTATION_CONTEXT() REPRESENTATION_CONTEXT('2D SPACE',''
  ) );
#3343 = PCURVE('',#3344,#3349);
#3344 = B_SPLINE_SURFACE_WITH_KNOTS('',1,1,(
    (#3345,#3346)
    ,(#3347,#3348
    )),.UNSPECIFIED.,.F.,.F.,.F.,(2,2),(2,2),(0.,2.),(-21.,0.),
  .PIECEWISE_BEZIER_KNOTS.);
#3345 = CARTESIAN_POINT('',(117.96955860415,206.43011325446,
    139.38989221983));
#3346 = CARTESIAN_POINT('',(117.96955860415,185.43011325446,
    139.38989221983));
#3347 = CARTESIAN_POINT('',(117.96955860415,206.43011325446,
    141.38989221983));
#3348 = CARTESIAN_POINT('',(117.96955860415,185.43011325446,
    141.38989221983));
#3349 = DEFINITIONAL_REPRESENTATION('',(#3350),#3353);
#3350 = B_SPLINE_CURVE_WITH_KNOTS('',1,(#3351,#3352),.UNSPECIFIED.,.F.,
  .F.,(2,2),(0.,1.),.PIECEWISE_BEZIER_KNOTS.);
#3351 = CARTESIAN_POINT('',(2.,-17.56988674553));
#3352 = CARTESIAN_POINT('',(0.,-17.56988674553));
#3353 = ( GEOMETRIC_REPRESENTATION_CONTEXT(2) 
PARAMETRIC_REPRESENTATION_CONTEXT() REPRESENTATION_CONTEXT('2D SPACE',''
  ) );
#3354 = ORIENTED_EDGE('',*,*,#3355,.T.);
#3355 = EDGE_CURVE('',#3331,#3356,#3358,.T.);
#3356 = VERTEX_POINT('',#3357);
#3357 = CARTESIAN_POINT('',(161.96955860415,203.,141.38989221983));
#3358 = SURFACE_CURVE('',#3359,(#3362,#3368),.PCURVE_S1.);
#3359 = B_SPLINE_CURVE_WITH_KNOTS('',1,(#3360,#3361),.UNSPECIFIED.,.F.,
  .F.,(2,2),(0.,1.),.PIECEWISE_BEZIER_KNOTS.);
#3360 = CARTESIAN_POINT('',(117.96955860415,203.,141.38989221983));
#3361 = CARTESIAN_POINT('',(161.96955860415,203.,141.38989221983));
#3362 = PCURVE('',#98,#3363);
#3363 = DEFINITIONAL_REPRESENTATION('',(#3364),#3367);
#3364 = B_SPLINE_CURVE_WITH_KNOTS('',1,(#3365,#3366),.UNSPECIFIED.,.F.,
  .F.,(2,2),(0.,1.),.PIECEWISE_BEZIER_KNOTS.);
#3365 = CARTESIAN_POINT('',(127.96955860415,7.));
#3366 = CARTESIAN_POINT('',(171.96955860415,7.));
#3367 = ( GEOMETRIC_REPRESENTATION_CONTEXT(2) 
PARAMETRIC_REPRESENTATION_CONTEXT() REPRESENTATION_CONTEXT('2D SPACE',''
  ) );
#3368 = PCURVE('',#3369,#3374);
#3369 = B_SPLINE_SURFACE_WITH_KNOTS('',1,1,(
    (#3370,#3371)
    ,(#3372,#3373
    )),.UNSPECIFIED.,.F.,.F.,.F.,(2,2),(2,2),(0.,44.),(0.,21.),
  .PIECEWISE_BEZIER_KNOTS.);
#3370 = CARTESIAN_POINT('',(161.96955860415,185.43011325446,
    141.38989221983));
#3371 = CARTESIAN_POINT('',(161.96955860415,206.43011325446,
    141.38989221983));
#3372 = CARTESIAN_POINT('',(117.96955860415,185.43011325446,
    141.38989221983));
#3373 = CARTESIAN_POINT('',(117.96955860415,206.43011325446,
    141.38989221983));
#3374 = DEFINITIONAL_REPRESENTATION('',(#3375),#3378);
#3375 = B_SPLINE_CURVE_WITH_KNOTS('',1,(#3376,#3377),.UNSPECIFIED.,.F.,
  .F.,(2,2),(0.,1.),.PIECEWISE_BEZIER_KNOTS.);
#3376 = CARTESIAN_POINT('',(44.,17.569886745531));
#3377 = CARTESIAN_POINT('',(0.,17.569886745531));
#3378 = ( GEOMETRIC_REPRESENTATION_CONTEXT(2) 
PARAMETRIC_REPRESENTATION_CONTEXT() REPRESENTATION_CONTEXT('2D SPACE',''
  ) );
#3379 = ORIENTED_EDGE('',*,*,#3380,.T.);
#3380 = EDGE_CURVE('',#3356,#3381,#3383,.T.);
#3381 = VERTEX_POINT('',#3382);
#3382 = CARTESIAN_POINT('',(161.96955860415,203.,139.38989221983));
#3383 = SURFACE_CURVE('',#3384,(#3387,#3393),.PCURVE_S1.);
#3384 = B_SPLINE_CURVE_WITH_KNOTS('',1,(#3385,#3386),.UNSPECIFIED.,.F.,
  .F.,(2,2),(0.,1.),.PIECEWISE_BEZIER_KNOTS.);
#3385 = CARTESIAN_POINT('',(161.96955860415,203.,141.38989221983));
#3386 = CARTESIAN_POINT('',(161.96955860415,203.,139.38989221983));
#3387 = PCURVE('',#98,#3388);
#3388 = DEFINITIONAL_REPRESENTATION('',(#3389),#3392);
#3389 = B_SPLINE_CURVE_WITH_KNOTS('',1,(#3390,#3391),.UNSPECIFIED.,.F.,
  .F.,(2,2),(0.,1.),.PIECEWISE_BEZIER_KNOTS.);
#3390 = CARTESIAN_POINT('',(171.96955860415,7.));
#3391 = CARTESIAN_POINT('',(171.96955860415,5.));
#3392 = ( GEOMETRIC_REPRESENTATION_CONTEXT(2) 
PARAMETRIC_REPRESENTATION_CONTEXT() REPRESENTATION_CONTEXT('2D SPACE',''
  ) );
#3393 = PCURVE('',#3394,#3399);
#3394 = B_SPLINE_SURFACE_WITH_KNOTS('',1,1,(
    (#3395,#3396)
    ,(#3397,#3398
    )),.UNSPECIFIED.,.F.,.F.,.F.,(2,2),(2,2),(0.,2.),(-21.,0.),
  .PIECEWISE_BEZIER_KNOTS.);
#3395 = CARTESIAN_POINT('',(161.96955860415,206.43011325446,
    139.38989221983));
#3396 = CARTESIAN_POINT('',(161.96955860415,185.43011325446,
    139.38989221983));
#3397 = CARTESIAN_POINT('',(161.96955860415,206.43011325446,
    141.38989221983));
#3398 = CARTESIAN_POINT('',(161.96955860415,185.43011325446,
    141.38989221983));
#3399 = DEFINITIONAL_REPRESENTATION('',(#3400),#3403);
#3400 = B_SPLINE_CURVE_WITH_KNOTS('',1,(#3401,#3402),.UNSPECIFIED.,.F.,
  .F.,(2,2),(0.,1.),.PIECEWISE_BEZIER_KNOTS.);
#3401 = CARTESIAN_POINT('',(2.,-17.56988674553));
#3402 = CARTESIAN_POINT('',(0.,-17.56988674553));
#3403 = ( GEOMETRIC_REPRESENTATION_CONTEXT(2) 
PARAMETRIC_REPRESENTATION_CONTEXT() REPRESENTATION_CONTEXT('2D SPACE',''
  ) );
#3404 = ORIENTED_EDGE('',*,*,#3405,.T.);
#3405 = EDGE_CURVE('',#3381,#3406,#3408,.T.);
#3406 = VERTEX_POINT('',#3407);
#3407 = CARTESIAN_POINT('',(161.96955860415,203.,134.38989221983));
#3408 = SURFACE_CURVE('',#3409,(#3412,#3418),.PCURVE_S1.);
#3409 = B_SPLINE_CURVE_WITH_KNOTS('',1,(#3410,#3411),.UNSPECIFIED.,.F.,
  .F.,(2,2),(0.,1.),.PIECEWISE_BEZIER_KNOTS.);
#3410 = CARTESIAN_POINT('',(161.96955860415,203.,139.38989221983));
#3411 = CARTESIAN_POINT('',(161.96955860415,203.,134.38989221983));
#3412 = PCURVE('',#98,#3413);
#3413 = DEFINITIONAL_REPRESENTATION('',(#3414),#3417);
#3414 = B_SPLINE_CURVE_WITH_KNOTS('',1,(#3415,#3416),.UNSPECIFIED.,.F.,
  .F.,(2,2),(0.,1.),.PIECEWISE_BEZIER_KNOTS.);
#3415 = CARTESIAN_POINT('',(171.96955860415,5.));
#3416 = CARTESIAN_POINT('',(171.96955860415,2.84217094304E-13));
#3417 = ( GEOMETRIC_REPRESENTATION_CONTEXT(2) 
PARAMETRIC_REPRESENTATION_CONTEXT() REPRESENTATION_CONTEXT('2D SPACE',''
  ) );
#3418 = PCURVE('',#468,#3419);
#3419 = DEFINITIONAL_REPRESENTATION('',(#3420),#3423);
#3420 = B_SPLINE_CURVE_WITH_KNOTS('',1,(#3421,#3422),.UNSPECIFIED.,.F.,
  .F.,(2,2),(0.,1.),.PIECEWISE_BEZIER_KNOTS.);
#3421 = CARTESIAN_POINT('',(5.,-31.56988674553));
#3422 = CARTESIAN_POINT('',(0.,-31.56988674553));
#3423 = ( GEOMETRIC_REPRESENTATION_CONTEXT(2) 
PARAMETRIC_REPRESENTATION_CONTEXT() REPRESENTATION_CONTEXT('2D SPACE',''
  ) );
#3424 = ORIENTED_EDGE('',*,*,#3425,.T.);
#3425 = EDGE_CURVE('',#3406,#3426,#3428,.T.);
#3426 = VERTEX_POINT('',#3427);
#3427 = CARTESIAN_POINT('',(203.35251142247,203.,134.38989221983));
#3428 = SURFACE_CURVE('',#3429,(#3433,#3440),.PCURVE_S1.);
#3429 = LINE('',#3430,#3431);
#3430 = CARTESIAN_POINT('',(-10.,203.,134.38989221983));
#3431 = VECTOR('',#3432,1.);
#3432 = DIRECTION('',(1.,0.,0.));
#3433 = PCURVE('',#98,#3434);
#3434 = DEFINITIONAL_REPRESENTATION('',(#3435),#3439);
#3435 = LINE('',#3436,#3437);
#3436 = CARTESIAN_POINT('',(0.,0.));
#3437 = VECTOR('',#3438,1.);
#3438 = DIRECTION('',(1.,0.));
#3439 = ( GEOMETRIC_REPRESENTATION_CONTEXT(2) 
PARAMETRIC_REPRESENTATION_CONTEXT() REPRESENTATION_CONTEXT('2D SPACE',''
  ) );
#3440 = PCURVE('',#495,#3441);
#3441 = DEFINITIONAL_REPRESENTATION('',(#3442),#3446);
#3442 = LINE('',#3443,#3444);
#3443 = CARTESIAN_POINT('',(5.,0.));
#3444 = VECTOR('',#3445,1.);
#3445 = DIRECTION('',(0.,1.));
#3446 = ( GEOMETRIC_REPRESENTATION_CONTEXT(2) 
PARAMETRIC_REPRESENTATION_CONTEXT() REPRESENTATION_CONTEXT('2D SPACE',''
  ) );
#3447 = ORIENTED_EDGE('',*,*,#3448,.F.);
#3448 = EDGE_CURVE('',#3449,#3426,#3451,.T.);
#3449 = VERTEX_POINT('',#3450);
#3450 = CARTESIAN_POINT('',(203.35251142247,203.,139.38989221983));
#3451 = SURFACE_CURVE('',#3452,(#3455,#3461),.PCURVE_S1.);
#3452 = B_SPLINE_CURVE_WITH_KNOTS('',1,(#3453,#3454),.UNSPECIFIED.,.F.,
  .F.,(2,2),(0.,1.),.PIECEWISE_BEZIER_KNOTS.);
#3453 = CARTESIAN_POINT('',(203.35251142247,203.,139.38989221983));
#3454 = CARTESIAN_POINT('',(203.35251142247,203.,134.38989221983));
#3455 = PCURVE('',#98,#3456);
#3456 = DEFINITIONAL_REPRESENTATION('',(#3457),#3460);
#3457 = B_SPLINE_CURVE_WITH_KNOTS('',1,(#3458,#3459),.UNSPECIFIED.,.F.,
  .F.,(2,2),(0.,1.),.PIECEWISE_BEZIER_KNOTS.);
#3458 = CARTESIAN_POINT('',(213.35251142247,5.));
#3459 = CARTESIAN_POINT('',(213.35251142247,2.84217094304E-13));
#3460 = ( GEOMETRIC_REPRESENTATION_CONTEXT(2) 
PARAMETRIC_REPRESENTATION_CONTEXT() REPRESENTATION_CONTEXT('2D SPACE',''
  ) );
#3461 = PCURVE('',#521,#3462);
#3462 = DEFINITIONAL_REPRESENTATION('',(#3463),#3466);
#3463 = B_SPLINE_CURVE_WITH_KNOTS('',1,(#3464,#3465),.UNSPECIFIED.,.F.,
  .F.,(2,2),(0.,1.),.PIECEWISE_BEZIER_KNOTS.);
#3464 = CARTESIAN_POINT('',(5.,-34.56988674553));
#3465 = CARTESIAN_POINT('',(0.,-34.56988674553));
#3466 = ( GEOMETRIC_REPRESENTATION_CONTEXT(2) 
PARAMETRIC_REPRESENTATION_CONTEXT() REPRESENTATION_CONTEXT('2D SPACE',''
  ) );
#3467 = ORIENTED_EDGE('',*,*,#3468,.F.);
#3468 = EDGE_CURVE('',#3469,#3449,#3471,.T.);
#3469 = VERTEX_POINT('',#3470);
#3470 = CARTESIAN_POINT('',(203.35251142247,203.,141.38989221983));
#3471 = SURFACE_CURVE('',#3472,(#3475,#3481),.PCURVE_S1.);
#3472 = B_SPLINE_CURVE_WITH_KNOTS('',1,(#3473,#3474),.UNSPECIFIED.,.F.,
  .F.,(2,2),(0.,1.),.PIECEWISE_BEZIER_KNOTS.);
#3473 = CARTESIAN_POINT('',(203.35251142247,203.,141.38989221983));
#3474 = CARTESIAN_POINT('',(203.35251142247,203.,139.38989221983));
#3475 = PCURVE('',#98,#3476);
#3476 = DEFINITIONAL_REPRESENTATION('',(#3477),#3480);
#3477 = B_SPLINE_CURVE_WITH_KNOTS('',1,(#3478,#3479),.UNSPECIFIED.,.F.,
  .F.,(2,2),(0.,1.),.PIECEWISE_BEZIER_KNOTS.);
#3478 = CARTESIAN_POINT('',(213.35251142247,7.));
#3479 = CARTESIAN_POINT('',(213.35251142247,5.));
#3480 = ( GEOMETRIC_REPRESENTATION_CONTEXT(2) 
PARAMETRIC_REPRESENTATION_CONTEXT() REPRESENTATION_CONTEXT('2D SPACE',''
  ) );
#3481 = PCURVE('',#3482,#3487);
#3482 = B_SPLINE_SURFACE_WITH_KNOTS('',1,1,(
    (#3483,#3484)
    ,(#3485,#3486
    )),.UNSPECIFIED.,.F.,.F.,.F.,(2,2),(2,2),(0.,2.),(-23.,0.),
  .PIECEWISE_BEZIER_KNOTS.);
#3483 = CARTESIAN_POINT('',(203.35251142247,206.43011325446,
    139.38989221983));
#3484 = CARTESIAN_POINT('',(203.35251142247,183.43011325446,
    139.38989221983));
#3485 = CARTESIAN_POINT('',(203.35251142247,206.43011325446,
    141.38989221983));
#3486 = CARTESIAN_POINT('',(203.35251142247,183.43011325446,
    141.38989221983));
#3487 = DEFINITIONAL_REPRESENTATION('',(#3488),#3491);
#3488 = B_SPLINE_CURVE_WITH_KNOTS('',1,(#3489,#3490),.UNSPECIFIED.,.F.,
  .F.,(2,2),(0.,1.),.PIECEWISE_BEZIER_KNOTS.);
#3489 = CARTESIAN_POINT('',(2.,-19.56988674553));
#3490 = CARTESIAN_POINT('',(0.,-19.56988674553));
#3491 = ( GEOMETRIC_REPRESENTATION_CONTEXT(2) 
PARAMETRIC_REPRESENTATION_CONTEXT() REPRESENTATION_CONTEXT('2D SPACE',''
  ) );
#3492 = ORIENTED_EDGE('',*,*,#3493,.T.);
#3493 = EDGE_CURVE('',#3469,#3494,#3496,.T.);
#3494 = VERTEX_POINT('',#3495);
#3495 = CARTESIAN_POINT('',(233.35251142247,203.,141.38989221983));
#3496 = SURFACE_CURVE('',#3497,(#3500,#3506),.PCURVE_S1.);
#3497 = B_SPLINE_CURVE_WITH_KNOTS('',1,(#3498,#3499),.UNSPECIFIED.,.F.,
  .F.,(2,2),(0.,1.),.PIECEWISE_BEZIER_KNOTS.);
#3498 = CARTESIAN_POINT('',(203.35251142247,203.,141.38989221983));
#3499 = CARTESIAN_POINT('',(233.35251142247,203.,141.38989221983));
#3500 = PCURVE('',#98,#3501);
#3501 = DEFINITIONAL_REPRESENTATION('',(#3502),#3505);
#3502 = B_SPLINE_CURVE_WITH_KNOTS('',1,(#3503,#3504),.UNSPECIFIED.,.F.,
  .F.,(2,2),(0.,1.),.PIECEWISE_BEZIER_KNOTS.);
#3503 = CARTESIAN_POINT('',(213.35251142247,7.));
#3504 = CARTESIAN_POINT('',(243.35251142247,7.));
#3505 = ( GEOMETRIC_REPRESENTATION_CONTEXT(2) 
PARAMETRIC_REPRESENTATION_CONTEXT() REPRESENTATION_CONTEXT('2D SPACE',''
  ) );
#3506 = PCURVE('',#3507,#3512);
#3507 = B_SPLINE_SURFACE_WITH_KNOTS('',1,1,(
    (#3508,#3509)
    ,(#3510,#3511
    )),.UNSPECIFIED.,.F.,.F.,.F.,(2,2),(2,2),(0.,30.),(0.,23.),
  .PIECEWISE_BEZIER_KNOTS.);
#3508 = CARTESIAN_POINT('',(233.35251142247,183.43011325446,
    141.38989221983));
#3509 = CARTESIAN_POINT('',(233.35251142247,206.43011325446,
    141.38989221983));
#3510 = CARTESIAN_POINT('',(203.35251142247,183.43011325446,
    141.38989221983));
#3511 = CARTESIAN_POINT('',(203.35251142247,206.43011325446,
    141.38989221983));
#3512 = DEFINITIONAL_REPRESENTATION('',(#3513),#3516);
#3513 = B_SPLINE_CURVE_WITH_KNOTS('',1,(#3514,#3515),.UNSPECIFIED.,.F.,
  .F.,(2,2),(0.,1.),.PIECEWISE_BEZIER_KNOTS.);
#3514 = CARTESIAN_POINT('',(30.,19.569886745531));
#3515 = CARTESIAN_POINT('',(0.,19.569886745531));
#3516 = ( GEOMETRIC_REPRESENTATION_CONTEXT(2) 
PARAMETRIC_REPRESENTATION_CONTEXT() REPRESENTATION_CONTEXT('2D SPACE',''
  ) );
#3517 = ORIENTED_EDGE('',*,*,#3518,.T.);
#3518 = EDGE_CURVE('',#3494,#3519,#3521,.T.);
#3519 = VERTEX_POINT('',#3520);
#3520 = CARTESIAN_POINT('',(233.35251142247,203.,139.38989221983));
#3521 = SURFACE_CURVE('',#3522,(#3525,#3531),.PCURVE_S1.);
#3522 = B_SPLINE_CURVE_WITH_KNOTS('',1,(#3523,#3524),.UNSPECIFIED.,.F.,
  .F.,(2,2),(0.,1.),.PIECEWISE_BEZIER_KNOTS.);
#3523 = CARTESIAN_POINT('',(233.35251142247,203.,141.38989221983));
#3524 = CARTESIAN_POINT('',(233.35251142247,203.,139.38989221983));
#3525 = PCURVE('',#98,#3526);
#3526 = DEFINITIONAL_REPRESENTATION('',(#3527),#3530);
#3527 = B_SPLINE_CURVE_WITH_KNOTS('',1,(#3528,#3529),.UNSPECIFIED.,.F.,
  .F.,(2,2),(0.,1.),.PIECEWISE_BEZIER_KNOTS.);
#3528 = CARTESIAN_POINT('',(243.35251142247,7.));
#3529 = CARTESIAN_POINT('',(243.35251142247,5.));
#3530 = ( GEOMETRIC_REPRESENTATION_CONTEXT(2) 
PARAMETRIC_REPRESENTATION_CONTEXT() REPRESENTATION_CONTEXT('2D SPACE',''
  ) );
#3531 = PCURVE('',#3532,#3537);
#3532 = B_SPLINE_SURFACE_WITH_KNOTS('',1,1,(
    (#3533,#3534)
    ,(#3535,#3536
    )),.UNSPECIFIED.,.F.,.F.,.F.,(2,2),(2,2),(0.,2.),(-23.,0.),
  .PIECEWISE_BEZIER_KNOTS.);
#3533 = CARTESIAN_POINT('',(233.35251142247,206.43011325446,
    139.38989221983));
#3534 = CARTESIAN_POINT('',(233.35251142247,183.43011325446,
    139.38989221983));
#3535 = CARTESIAN_POINT('',(233.35251142247,206.43011325446,
    141.38989221983));
#3536 = CARTESIAN_POINT('',(233.35251142247,183.43011325446,
    141.38989221983));
#3537 = DEFINITIONAL_REPRESENTATION('',(#3538),#3541);
#3538 = B_SPLINE_CURVE_WITH_KNOTS('',1,(#3539,#3540),.UNSPECIFIED.,.F.,
  .F.,(2,2),(0.,1.),.PIECEWISE_BEZIER_KNOTS.);
#3539 = CARTESIAN_POINT('',(2.,-19.56988674553));
#3540 = CARTESIAN_POINT('',(0.,-19.56988674553));
#3541 = ( GEOMETRIC_REPRESENTATION_CONTEXT(2) 
PARAMETRIC_REPRESENTATION_CONTEXT() REPRESENTATION_CONTEXT('2D SPACE',''
  ) );
#3542 = ORIENTED_EDGE('',*,*,#3543,.T.);
#3543 = EDGE_CURVE('',#3519,#3544,#3546,.T.);
#3544 = VERTEX_POINT('',#3545);
#3545 = CARTESIAN_POINT('',(233.35251142247,203.,134.38989221983));
#3546 = SURFACE_CURVE('',#3547,(#3550,#3556),.PCURVE_S1.);
#3547 = B_SPLINE_CURVE_WITH_KNOTS('',1,(#3548,#3549),.UNSPECIFIED.,.F.,
  .F.,(2,2),(0.,1.),.PIECEWISE_BEZIER_KNOTS.);
#3548 = CARTESIAN_POINT('',(233.35251142247,203.,139.38989221983));
#3549 = CARTESIAN_POINT('',(233.35251142247,203.,134.38989221983));
#3550 = PCURVE('',#98,#3551);
#3551 = DEFINITIONAL_REPRESENTATION('',(#3552),#3555);
#3552 = B_SPLINE_CURVE_WITH_KNOTS('',1,(#3553,#3554),.UNSPECIFIED.,.F.,
  .F.,(2,2),(0.,1.),.PIECEWISE_BEZIER_KNOTS.);
#3553 = CARTESIAN_POINT('',(243.35251142247,5.));
#3554 = CARTESIAN_POINT('',(243.35251142247,2.84217094304E-13));
#3555 = ( GEOMETRIC_REPRESENTATION_CONTEXT(2) 
PARAMETRIC_REPRESENTATION_CONTEXT() REPRESENTATION_CONTEXT('2D SPACE',''
  ) );
#3556 = PCURVE('',#621,#3557);
#3557 = DEFINITIONAL_REPRESENTATION('',(#3558),#3561);
#3558 = B_SPLINE_CURVE_WITH_KNOTS('',1,(#3559,#3560),.UNSPECIFIED.,.F.,
  .F.,(2,2),(0.,1.),.PIECEWISE_BEZIER_KNOTS.);
#3559 = CARTESIAN_POINT('',(5.,-34.56988674553));
#3560 = CARTESIAN_POINT('',(0.,-34.56988674553));
#3561 = ( GEOMETRIC_REPRESENTATION_CONTEXT(2) 
PARAMETRIC_REPRESENTATION_CONTEXT() REPRESENTATION_CONTEXT('2D SPACE',''
  ) );
#3562 = ORIENTED_EDGE('',*,*,#3563,.T.);
#3563 = EDGE_CURVE('',#3544,#3564,#3566,.T.);
#3564 = VERTEX_POINT('',#3565);
#3565 = CARTESIAN_POINT('',(290.,203.,134.38989221983));
#3566 = SURFACE_CURVE('',#3567,(#3571,#3578),.PCURVE_S1.);
#3567 = LINE('',#3568,#3569);
#3568 = CARTESIAN_POINT('',(-10.,203.,134.38989221983));
#3569 = VECTOR('',#3570,1.);
#3570 = DIRECTION('',(1.,0.,0.));
#3571 = PCURVE('',#98,#3572);
#3572 = DEFINITIONAL_REPRESENTATION('',(#3573),#3577);
#3573 = LINE('',#3574,#3575);
#3574 = CARTESIAN_POINT('',(0.,0.));
#3575 = VECTOR('',#3576,1.);
#3576 = DIRECTION('',(1.,0.));
#3577 = ( GEOMETRIC_REPRESENTATION_CONTEXT(2) 
PARAMETRIC_REPRESENTATION_CONTEXT() REPRESENTATION_CONTEXT('2D SPACE',''
  ) );
#3578 = PCURVE('',#648,#3579);
#3579 = DEFINITIONAL_REPRESENTATION('',(#3580),#3584);
#3580 = LINE('',#3581,#3582);
#3581 = CARTESIAN_POINT('',(5.,0.));
#3582 = VECTOR('',#3583,1.);
#3583 = DIRECTION('',(0.,1.));
#3584 = ( GEOMETRIC_REPRESENTATION_CONTEXT(2) 
PARAMETRIC_REPRESENTATION_CONTEXT() REPRESENTATION_CONTEXT('2D SPACE',''
  ) );
#3585 = ORIENTED_EDGE('',*,*,#3586,.T.);
#3586 = EDGE_CURVE('',#3564,#3154,#3587,.T.);
#3587 = SURFACE_CURVE('',#3588,(#3592,#3599),.PCURVE_S1.);
#3588 = LINE('',#3589,#3590);
#3589 = CARTESIAN_POINT('',(290.,203.,134.38989221983));
#3590 = VECTOR('',#3591,1.);
#3591 = DIRECTION('',(0.,0.,1.));
#3592 = PCURVE('',#98,#3593);
#3593 = DEFINITIONAL_REPRESENTATION('',(#3594),#3598);
#3594 = LINE('',#3595,#3596);
#3595 = CARTESIAN_POINT('',(300.,0.));
#3596 = VECTOR('',#3597,1.);
#3597 = DIRECTION('',(0.,1.));
#3598 = ( GEOMETRIC_REPRESENTATION_CONTEXT(2) 
PARAMETRIC_REPRESENTATION_CONTEXT() REPRESENTATION_CONTEXT('2D SPACE',''
  ) );
#3599 = PCURVE('',#674,#3600);
#3600 = DEFINITIONAL_REPRESENTATION('',(#3601),#3605);
#3601 = LINE('',#3602,#3603);
#3602 = CARTESIAN_POINT('',(5.,0.));
#3603 = VECTOR('',#3604,1.);
#3604 = DIRECTION('',(0.,-1.));
#3605 = ( GEOMETRIC_REPRESENTATION_CONTEXT(2) 
PARAMETRIC_REPRESENTATION_CONTEXT() REPRESENTATION_CONTEXT('2D SPACE',''
  ) );
#3606 = FACE_BOUND('',#3607,.T.);
#3607 = EDGE_LOOP('',(#3608));
#3608 = ORIENTED_EDGE('',*,*,#3609,.T.);
#3609 = EDGE_CURVE('',#3610,#3610,#3612,.T.);
#3610 = VERTEX_POINT('',#3611);
#3611 = CARTESIAN_POINT('',(31.,203.,144.63989221983));
#3612 = SURFACE_CURVE('',#3613,(#3618,#3629),.PCURVE_S1.);
#3613 = CIRCLE('',#3614,2.25);
#3614 = AXIS2_PLACEMENT_3D('',#3615,#3616,#3617);
#3615 = CARTESIAN_POINT('',(31.,203.,142.38989221983));
#3616 = DIRECTION('',(0.,1.,0.));
#3617 = DIRECTION('',(0.,-0.,1.));
#3618 = PCURVE('',#98,#3619);
#3619 = DEFINITIONAL_REPRESENTATION('',(#3620),#3628);
#3620 = ( BOUNDED_CURVE() B_SPLINE_CURVE(2,(#3621,#3622,#3623,#3624,
#3625,#3626,#3627),.UNSPECIFIED.,.T.,.F.) B_SPLINE_CURVE_WITH_KNOTS((1,2
    ,2,2,2,1),(-2.094395102393,0.,2.094395102393,4.188790204786,
6.28318530718,8.377580409573),.UNSPECIFIED.) CURVE() 
GEOMETRIC_REPRESENTATION_ITEM() RATIONAL_B_SPLINE_CURVE((1.,0.5,1.,0.5,
1.,0.5,1.)) REPRESENTATION_ITEM('') );
#3621 = CARTESIAN_POINT('',(41.,10.25));
#3622 = CARTESIAN_POINT('',(44.89711431703,10.25));
#3623 = CARTESIAN_POINT('',(42.948557158515,6.875));
#3624 = CARTESIAN_POINT('',(41.,3.5));
#3625 = CARTESIAN_POINT('',(39.051442841485,6.875));
#3626 = CARTESIAN_POINT('',(37.10288568297,10.25));
#3627 = CARTESIAN_POINT('',(41.,10.25));
#3628 = ( GEOMETRIC_REPRESENTATION_CONTEXT(2) 
PARAMETRIC_REPRESENTATION_CONTEXT() REPRESENTATION_CONTEXT('2D SPACE',''
  ) );
#3629 = PCURVE('',#709,#3630);
#3630 = DEFINITIONAL_REPRESENTATION('',(#3631),#3635);
#3631 = LINE('',#3632,#3633);
#3632 = CARTESIAN_POINT('',(0.,60.));
#3633 = VECTOR('',#3634,1.);
#3634 = DIRECTION('',(1.,0.));
#3635 = ( GEOMETRIC_REPRESENTATION_CONTEXT(2) 
PARAMETRIC_REPRESENTATION_CONTEXT() REPRESENTATION_CONTEXT('2D SPACE',''
  ) );
#3636 = FACE_BOUND('',#3637,.T.);
#3637 = EDGE_LOOP('',(#3638));
#3638 = ORIENTED_EDGE('',*,*,#3639,.T.);
#3639 = EDGE_CURVE('',#3640,#3640,#3642,.T.);
#3640 = VERTEX_POINT('',#3641);
#3641 = CARTESIAN_POINT('',(31.,203.,158.63989221983));
#3642 = SURFACE_CURVE('',#3643,(#3648,#3659),.PCURVE_S1.);
#3643 = CIRCLE('',#3644,2.25);
#3644 = AXIS2_PLACEMENT_3D('',#3645,#3646,#3647);
#3645 = CARTESIAN_POINT('',(31.,203.,156.38989221983));
#3646 = DIRECTION('',(0.,1.,0.));
#3647 = DIRECTION('',(0.,-0.,1.));
#3648 = PCURVE('',#98,#3649);
#3649 = DEFINITIONAL_REPRESENTATION('',(#3650),#3658);
#3650 = ( BOUNDED_CURVE() B_SPLINE_CURVE(2,(#3651,#3652,#3653,#3654,
#3655,#3656,#3657),.UNSPECIFIED.,.T.,.F.) B_SPLINE_CURVE_WITH_KNOTS((1,2
    ,2,2,2,1),(-2.094395102393,0.,2.094395102393,4.188790204786,
6.28318530718,8.377580409573),.UNSPECIFIED.) CURVE() 
GEOMETRIC_REPRESENTATION_ITEM() RATIONAL_B_SPLINE_CURVE((1.,0.5,1.,0.5,
1.,0.5,1.)) REPRESENTATION_ITEM('') );
#3651 = CARTESIAN_POINT('',(41.,24.25));
#3652 = CARTESIAN_POINT('',(44.89711431703,24.25));
#3653 = CARTESIAN_POINT('',(42.948557158515,20.875));
#3654 = CARTESIAN_POINT('',(41.,17.5));
#3655 = CARTESIAN_POINT('',(39.051442841485,20.875));
#3656 = CARTESIAN_POINT('',(37.10288568297,24.25));
#3657 = CARTESIAN_POINT('',(41.,24.25));
#3658 = ( GEOMETRIC_REPRESENTATION_CONTEXT(2) 
PARAMETRIC_REPRESENTATION_CONTEXT() REPRESENTATION_CONTEXT('2D SPACE',''
  ) );
#3659 = PCURVE('',#744,#3660);
#3660 = DEFINITIONAL_REPRESENTATION('',(#3661),#3665);
#3661 = LINE('',#3662,#3663);
#3662 = CARTESIAN_POINT('',(0.,60.));
#3663 = VECTOR('',#3664,1.);
#3664 = DIRECTION('',(1.,0.));
#3665 = ( GEOMETRIC_REPRESENTATION_CONTEXT(2) 
PARAMETRIC_REPRESENTATION_CONTEXT() REPRESENTATION_CONTEXT('2D SPACE',''
  ) );
#3666 = FACE_BOUND('',#3667,.T.);
#3667 = EDGE_LOOP('',(#3668));
#3668 = ORIENTED_EDGE('',*,*,#3669,.T.);
#3669 = EDGE_CURVE('',#3670,#3670,#3672,.T.);
#3670 = VERTEX_POINT('',#3671);
#3671 = CARTESIAN_POINT('',(73.,203.,146.63989221983));
#3672 = SURFACE_CURVE('',#3673,(#3678,#3689),.PCURVE_S1.);
#3673 = CIRCLE('',#3674,2.25);
#3674 = AXIS2_PLACEMENT_3D('',#3675,#3676,#3677);
#3675 = CARTESIAN_POINT('',(73.,203.,144.38989221983));
#3676 = DIRECTION('',(0.,1.,0.));
#3677 = DIRECTION('',(0.,-0.,1.));
#3678 = PCURVE('',#98,#3679);
#3679 = DEFINITIONAL_REPRESENTATION('',(#3680),#3688);
#3680 = ( BOUNDED_CURVE() B_SPLINE_CURVE(2,(#3681,#3682,#3683,#3684,
#3685,#3686,#3687),.UNSPECIFIED.,.T.,.F.) B_SPLINE_CURVE_WITH_KNOTS((1,2
    ,2,2,2,1),(-2.094395102393,0.,2.094395102393,4.188790204786,
6.28318530718,8.377580409573),.UNSPECIFIED.) CURVE() 
GEOMETRIC_REPRESENTATION_ITEM() RATIONAL_B_SPLINE_CURVE((1.,0.5,1.,0.5,
1.,0.5,1.)) REPRESENTATION_ITEM('') );
#3681 = CARTESIAN_POINT('',(83.,12.25));
#3682 = CARTESIAN_POINT('',(86.89711431703,12.25));
#3683 = CARTESIAN_POINT('',(84.948557158515,8.875));
#3684 = CARTESIAN_POINT('',(83.,5.5));
#3685 = CARTESIAN_POINT('',(81.051442841485,8.875));
#3686 = CARTESIAN_POINT('',(79.10288568297,12.25));
#3687 = CARTESIAN_POINT('',(83.,12.25));
#3688 = ( GEOMETRIC_REPRESENTATION_CONTEXT(2) 
PARAMETRIC_REPRESENTATION_CONTEXT() REPRESENTATION_CONTEXT('2D SPACE',''
  ) );
#3689 = PCURVE('',#779,#3690);
#3690 = DEFINITIONAL_REPRESENTATION('',(#3691),#3695);
#3691 = LINE('',#3692,#3693);
#3692 = CARTESIAN_POINT('',(0.,60.));
#3693 = VECTOR('',#3694,1.);
#3694 = DIRECTION('',(1.,0.));
#3695 = ( GEOMETRIC_REPRESENTATION_CONTEXT(2) 
PARAMETRIC_REPRESENTATION_CONTEXT() REPRESENTATION_CONTEXT('2D SPACE',''
  ) );
#3696 = FACE_BOUND('',#3697,.T.);
#3697 = EDGE_LOOP('',(#3698));
#3698 = ORIENTED_EDGE('',*,*,#3699,.T.);
#3699 = EDGE_CURVE('',#3700,#3700,#3702,.T.);
#3700 = VERTEX_POINT('',#3701);
#3701 = CARTESIAN_POINT('',(87.,203.,146.63989221983));
#3702 = SURFACE_CURVE('',#3703,(#3708,#3719),.PCURVE_S1.);
#3703 = CIRCLE('',#3704,2.25);
#3704 = AXIS2_PLACEMENT_3D('',#3705,#3706,#3707);
#3705 = CARTESIAN_POINT('',(87.,203.,144.38989221983));
#3706 = DIRECTION('',(0.,1.,0.));
#3707 = DIRECTION('',(0.,-0.,1.));
#3708 = PCURVE('',#98,#3709);
#3709 = DEFINITIONAL_REPRESENTATION('',(#3710),#3718);
#3710 = ( BOUNDED_CURVE() B_SPLINE_CURVE(2,(#3711,#3712,#3713,#3714,
#3715,#3716,#3717),.UNSPECIFIED.,.T.,.F.) B_SPLINE_CURVE_WITH_KNOTS((1,2
    ,2,2,2,1),(-2.094395102393,0.,2.094395102393,4.188790204786,
6.28318530718,8.377580409573),.UNSPECIFIED.) CURVE() 
GEOMETRIC_REPRESENTATION_ITEM() RATIONAL_B_SPLINE_CURVE((1.,0.5,1.,0.5,
1.,0.5,1.)) REPRESENTATION_ITEM('') );
#3711 = CARTESIAN_POINT('',(97.,12.25));
#3712 = CARTESIAN_POINT('',(100.89711431703,12.25));
#3713 = CARTESIAN_POINT('',(98.948557158515,8.875));
#3714 = CARTESIAN_POINT('',(97.,5.5));
#3715 = CARTESIAN_POINT('',(95.051442841485,8.875));
#3716 = CARTESIAN_POINT('',(93.10288568297,12.25));
#3717 = CARTESIAN_POINT('',(97.,12.25));
#3718 = ( GEOMETRIC_REPRESENTATION_CONTEXT(2) 
PARAMETRIC_REPRESENTATION_CONTEXT() REPRESENTATION_CONTEXT('2D SPACE',''
  ) );
#3719 = PCURVE('',#814,#3720);
#3720 = DEFINITIONAL_REPRESENTATION('',(#3721),#3725);
#3721 = LINE('',#3722,#3723);
#3722 = CARTESIAN_POINT('',(0.,60.));
#3723 = VECTOR('',#3724,1.);
#3724 = DIRECTION('',(1.,0.));
#3725 = ( GEOMETRIC_REPRESENTATION_CONTEXT(2) 
PARAMETRIC_REPRESENTATION_CONTEXT() REPRESENTATION_CONTEXT('2D SPACE',''
  ) );
#3726 = FACE_BOUND('',#3727,.T.);
#3727 = EDGE_LOOP('',(#3728));
#3728 = ORIENTED_EDGE('',*,*,#3729,.T.);
#3729 = EDGE_CURVE('',#3730,#3730,#3732,.T.);
#3730 = VERTEX_POINT('',#3731);
#3731 = CARTESIAN_POINT('',(203.,203.,146.63989221983));
#3732 = SURFACE_CURVE('',#3733,(#3738,#3749),.PCURVE_S1.);
#3733 = CIRCLE('',#3734,2.25);
#3734 = AXIS2_PLACEMENT_3D('',#3735,#3736,#3737);
#3735 = CARTESIAN_POINT('',(203.,203.,144.38989221983));
#3736 = DIRECTION('',(0.,1.,0.));
#3737 = DIRECTION('',(0.,-0.,1.));
#3738 = PCURVE('',#98,#3739);
#3739 = DEFINITIONAL_REPRESENTATION('',(#3740),#3748);
#3740 = ( BOUNDED_CURVE() B_SPLINE_CURVE(2,(#3741,#3742,#3743,#3744,
#3745,#3746,#3747),.UNSPECIFIED.,.T.,.F.) B_SPLINE_CURVE_WITH_KNOTS((1,2
    ,2,2,2,1),(-2.094395102393,0.,2.094395102393,4.188790204786,
6.28318530718,8.377580409573),.UNSPECIFIED.) CURVE() 
GEOMETRIC_REPRESENTATION_ITEM() RATIONAL_B_SPLINE_CURVE((1.,0.5,1.,0.5,
1.,0.5,1.)) REPRESENTATION_ITEM('') );
#3741 = CARTESIAN_POINT('',(213.,12.25));
#3742 = CARTESIAN_POINT('',(216.89711431703,12.25));
#3743 = CARTESIAN_POINT('',(214.94855715851,8.875));
#3744 = CARTESIAN_POINT('',(213.,5.5));
#3745 = CARTESIAN_POINT('',(211.05144284148,8.875));
#3746 = CARTESIAN_POINT('',(209.10288568297,12.25));
#3747 = CARTESIAN_POINT('',(213.,12.25));
#3748 = ( GEOMETRIC_REPRESENTATION_CONTEXT(2) 
PARAMETRIC_REPRESENTATION_CONTEXT() REPRESENTATION_CONTEXT('2D SPACE',''
  ) );
#3749 = PCURVE('',#849,#3750);
#3750 = DEFINITIONAL_REPRESENTATION('',(#3751),#3755);
#3751 = LINE('',#3752,#3753);
#3752 = CARTESIAN_POINT('',(0.,60.));
#3753 = VECTOR('',#3754,1.);
#3754 = DIRECTION('',(1.,0.));
#3755 = ( GEOMETRIC_REPRESENTATION_CONTEXT(2) 
PARAMETRIC_REPRESENTATION_CONTEXT() REPRESENTATION_CONTEXT('2D SPACE',''
  ) );
#3756 = FACE_BOUND('',#3757,.T.);
#3757 = EDGE_LOOP('',(#3758));
#3758 = ORIENTED_EDGE('',*,*,#3759,.T.);
#3759 = EDGE_CURVE('',#3760,#3760,#3762,.T.);
#3760 = VERTEX_POINT('',#3761);
#3761 = CARTESIAN_POINT('',(217.,203.,146.63989221983));
#3762 = SURFACE_CURVE('',#3763,(#3768,#3779),.PCURVE_S1.);
#3763 = CIRCLE('',#3764,2.25);
#3764 = AXIS2_PLACEMENT_3D('',#3765,#3766,#3767);
#3765 = CARTESIAN_POINT('',(217.,203.,144.38989221983));
#3766 = DIRECTION('',(0.,1.,0.));
#3767 = DIRECTION('',(0.,-0.,1.));
#3768 = PCURVE('',#98,#3769);
#3769 = DEFINITIONAL_REPRESENTATION('',(#3770),#3778);
#3770 = ( BOUNDED_CURVE() B_SPLINE_CURVE(2,(#3771,#3772,#3773,#3774,
#3775,#3776,#3777),.UNSPECIFIED.,.T.,.F.) B_SPLINE_CURVE_WITH_KNOTS((1,2
    ,2,2,2,1),(-2.094395102393,0.,2.094395102393,4.188790204786,
6.28318530718,8.377580409573),.UNSPECIFIED.) CURVE() 
GEOMETRIC_REPRESENTATION_ITEM() RATIONAL_B_SPLINE_CURVE((1.,0.5,1.,0.5,
1.,0.5,1.)) REPRESENTATION_ITEM('') );
#3771 = CARTESIAN_POINT('',(227.,12.25));
#3772 = CARTESIAN_POINT('',(230.89711431703,12.25));
#3773 = CARTESIAN_POINT('',(228.94855715851,8.875));
#3774 = CARTESIAN_POINT('',(227.,5.5));
#3775 = CARTESIAN_POINT('',(225.05144284148,8.875));
#3776 = CARTESIAN_POINT('',(223.10288568297,12.25));
#3777 = CARTESIAN_POINT('',(227.,12.25));
#3778 = ( GEOMETRIC_REPRESENTATION_CONTEXT(2) 
PARAMETRIC_REPRESENTATION_CONTEXT() REPRESENTATION_CONTEXT('2D SPACE',''
  ) );
#3779 = PCURVE('',#884,#3780);
#3780 = DEFINITIONAL_REPRESENTATION('',(#3781),#3785);
#3781 = LINE('',#3782,#3783);
#3782 = CARTESIAN_POINT('',(0.,60.));
#3783 = VECTOR('',#3784,1.);
#3784 = DIRECTION('',(1.,0.));
#3785 = ( GEOMETRIC_REPRESENTATION_CONTEXT(2) 
PARAMETRIC_REPRESENTATION_CONTEXT() REPRESENTATION_CONTEXT('2D SPACE',''
  ) );
#3786 = FACE_BOUND('',#3787,.T.);
#3787 = EDGE_LOOP('',(#3788));
#3788 = ORIENTED_EDGE('',*,*,#3789,.T.);
#3789 = EDGE_CURVE('',#3790,#3790,#3792,.T.);
#3790 = VERTEX_POINT('',#3791);
#3791 = CARTESIAN_POINT('',(253.,203.,144.63989221983));
#3792 = SURFACE_CURVE('',#3793,(#3798,#3809),.PCURVE_S1.);
#3793 = CIRCLE('',#3794,2.25);
#3794 = AXIS2_PLACEMENT_3D('',#3795,#3796,#3797);
#3795 = CARTESIAN_POINT('',(253.,203.,142.38989221983));
#3796 = DIRECTION('',(0.,1.,0.));
#3797 = DIRECTION('',(0.,-0.,1.));
#3798 = PCURVE('',#98,#3799);
#3799 = DEFINITIONAL_REPRESENTATION('',(#3800),#3808);
#3800 = ( BOUNDED_CURVE() B_SPLINE_CURVE(2,(#3801,#3802,#3803,#3804,
#3805,#3806,#3807),.UNSPECIFIED.,.T.,.F.) B_SPLINE_CURVE_WITH_KNOTS((1,2
    ,2,2,2,1),(-2.094395102393,0.,2.094395102393,4.188790204786,
6.28318530718,8.377580409573),.UNSPECIFIED.) CURVE() 
GEOMETRIC_REPRESENTATION_ITEM() RATIONAL_B_SPLINE_CURVE((1.,0.5,1.,0.5,
1.,0.5,1.)) REPRESENTATION_ITEM('') );
#3801 = CARTESIAN_POINT('',(263.,10.25));
#3802 = CARTESIAN_POINT('',(266.89711431703,10.25));
#3803 = CARTESIAN_POINT('',(264.94855715851,6.875));
#3804 = CARTESIAN_POINT('',(263.,3.5));
#3805 = CARTESIAN_POINT('',(261.05144284148,6.875));
#3806 = CARTESIAN_POINT('',(259.10288568297,10.25));
#3807 = CARTESIAN_POINT('',(263.,10.25));
#3808 = ( GEOMETRIC_REPRESENTATION_CONTEXT(2) 
PARAMETRIC_REPRESENTATION_CONTEXT() REPRESENTATION_CONTEXT('2D SPACE',''
  ) );
#3809 = PCURVE('',#919,#3810);
#3810 = DEFINITIONAL_REPRESENTATION('',(#3811),#3815);
#3811 = LINE('',#3812,#3813);
#3812 = CARTESIAN_POINT('',(0.,60.));
#3813 = VECTOR('',#3814,1.);
#3814 = DIRECTION('',(1.,0.));
#3815 = ( GEOMETRIC_REPRESENTATION_CONTEXT(2) 
PARAMETRIC_REPRESENTATION_CONTEXT() REPRESENTATION_CONTEXT('2D SPACE',''
  ) );
#3816 = FACE_BOUND('',#3817,.T.);
#3817 = EDGE_LOOP('',(#3818));
#3818 = ORIENTED_EDGE('',*,*,#3819,.T.);
#3819 = EDGE_CURVE('',#3820,#3820,#3822,.T.);
#3820 = VERTEX_POINT('',#3821);
#3821 = CARTESIAN_POINT('',(253.,203.,158.63989221983));
#3822 = SURFACE_CURVE('',#3823,(#3828,#3839),.PCURVE_S1.);
#3823 = CIRCLE('',#3824,2.25);
#3824 = AXIS2_PLACEMENT_3D('',#3825,#3826,#3827);
#3825 = CARTESIAN_POINT('',(253.,203.,156.38989221983));
#3826 = DIRECTION('',(0.,1.,0.));
#3827 = DIRECTION('',(0.,-0.,1.));
#3828 = PCURVE('',#98,#3829);
#3829 = DEFINITIONAL_REPRESENTATION('',(#3830),#3838);
#3830 = ( BOUNDED_CURVE() B_SPLINE_CURVE(2,(#3831,#3832,#3833,#3834,
#3835,#3836,#3837),.UNSPECIFIED.,.T.,.F.) B_SPLINE_CURVE_WITH_KNOTS((1,2
    ,2,2,2,1),(-2.094395102393,0.,2.094395102393,4.188790204786,
6.28318530718,8.377580409573),.UNSPECIFIED.) CURVE() 
GEOMETRIC_REPRESENTATION_ITEM() RATIONAL_B_SPLINE_CURVE((1.,0.5,1.,0.5,
1.,0.5,1.)) REPRESENTATION_ITEM('') );
#3831 = CARTESIAN_POINT('',(263.,24.25));
#3832 = CARTESIAN_POINT('',(266.89711431703,24.25));
#3833 = CARTESIAN_POINT('',(264.94855715851,20.875));
#3834 = CARTESIAN_POINT('',(263.,17.5));
#3835 = CARTESIAN_POINT('',(261.05144284148,20.875));
#3836 = CARTESIAN_POINT('',(259.10288568297,24.25));
#3837 = CARTESIAN_POINT('',(263.,24.25));
#3838 = ( GEOMETRIC_REPRESENTATION_CONTEXT(2) 
PARAMETRIC_REPRESENTATION_CONTEXT() REPRESENTATION_CONTEXT('2D SPACE',''
  ) );
#3839 = PCURVE('',#954,#3840);
#3840 = DEFINITIONAL_REPRESENTATION('',(#3841),#3845);
#3841 = LINE('',#3842,#3843);
#3842 = CARTESIAN_POINT('',(0.,60.));
#3843 = VECTOR('',#3844,1.);
#3844 = DIRECTION('',(1.,0.));
#3845 = ( GEOMETRIC_REPRESENTATION_CONTEXT(2) 
PARAMETRIC_REPRESENTATION_CONTEXT() REPRESENTATION_CONTEXT('2D SPACE',''
  ) );
#3846 = FACE_BOUND('',#3847,.T.);
#3847 = EDGE_LOOP('',(#3848,#3871,#3892,#3920,#3941,#3969,#3990,#4018,
    #4039,#4067,#4088,#4109));
#3848 = ORIENTED_EDGE('',*,*,#3849,.F.);
#3849 = EDGE_CURVE('',#3850,#3852,#3854,.T.);
#3850 = VERTEX_POINT('',#3851);
#3851 = CARTESIAN_POINT('',(225.,203.,162.38989221983));
#3852 = VERTEX_POINT('',#3853);
#3853 = CARTESIAN_POINT('',(225.,203.,224.38989221983));
#3854 = SURFACE_CURVE('',#3855,(#3859,#3865),.PCURVE_S1.);
#3855 = LINE('',#3856,#3857);
#3856 = CARTESIAN_POINT('',(225.,203.,148.38989221983));
#3857 = VECTOR('',#3858,1.);
#3858 = DIRECTION('',(0.,0.,1.));
#3859 = PCURVE('',#98,#3860);
#3860 = DEFINITIONAL_REPRESENTATION('',(#3861),#3864);
#3861 = B_SPLINE_CURVE_WITH_KNOTS('',1,(#3862,#3863),.UNSPECIFIED.,.F.,
  .F.,(2,2),(14.,76.),.PIECEWISE_BEZIER_KNOTS.);
#3862 = CARTESIAN_POINT('',(235.,28.));
#3863 = CARTESIAN_POINT('',(235.,90.));
#3864 = ( GEOMETRIC_REPRESENTATION_CONTEXT(2) 
PARAMETRIC_REPRESENTATION_CONTEXT() REPRESENTATION_CONTEXT('2D SPACE',''
  ) );
#3865 = PCURVE('',#985,#3866);
#3866 = DEFINITIONAL_REPRESENTATION('',(#3867),#3870);
#3867 = B_SPLINE_CURVE_WITH_KNOTS('',1,(#3868,#3869),.UNSPECIFIED.,.F.,
  .F.,(2,2),(14.,76.),.PIECEWISE_BEZIER_KNOTS.);
#3868 = CARTESIAN_POINT('',(5.1,0.));
#3869 = CARTESIAN_POINT('',(5.1,-62.));
#3870 = ( GEOMETRIC_REPRESENTATION_CONTEXT(2) 
PARAMETRIC_REPRESENTATION_CONTEXT() REPRESENTATION_CONTEXT('2D SPACE',''
  ) );
#3871 = ORIENTED_EDGE('',*,*,#3872,.T.);
#3872 = EDGE_CURVE('',#3850,#3873,#3875,.T.);
#3873 = VERTEX_POINT('',#3874);
#3874 = CARTESIAN_POINT('',(218.0307764064,203.,162.38989221983));
#3875 = SURFACE_CURVE('',#3876,(#3880,#3886),.PCURVE_S1.);
#3876 = LINE('',#3877,#3878);
#3877 = CARTESIAN_POINT('',(21.5,203.,162.38989221983));
#3878 = VECTOR('',#3879,1.);
#3879 = DIRECTION('',(-1.,-0.,0.));
#3880 = PCURVE('',#98,#3881);
#3881 = DEFINITIONAL_REPRESENTATION('',(#3882),#3885);
#3882 = B_SPLINE_CURVE_WITH_KNOTS('',1,(#3883,#3884),.UNSPECIFIED.,.F.,
  .F.,(2,2),(-203.5,-31.5),.PIECEWISE_BEZIER_KNOTS.);
#3883 = CARTESIAN_POINT('',(235.,28.));
#3884 = CARTESIAN_POINT('',(63.,28.));
#3885 = ( GEOMETRIC_REPRESENTATION_CONTEXT(2) 
PARAMETRIC_REPRESENTATION_CONTEXT() REPRESENTATION_CONTEXT('2D SPACE',''
  ) );
#3886 = PCURVE('',#1011,#3887);
#3887 = DEFINITIONAL_REPRESENTATION('',(#3888),#3891);
#3888 = B_SPLINE_CURVE_WITH_KNOTS('',1,(#3889,#3890),.UNSPECIFIED.,.F.,
  .F.,(2,2),(-203.5,-31.5),.PIECEWISE_BEZIER_KNOTS.);
#3889 = CARTESIAN_POINT('',(5.1,172.));
#3890 = CARTESIAN_POINT('',(5.1,0.));
#3891 = ( GEOMETRIC_REPRESENTATION_CONTEXT(2) 
PARAMETRIC_REPRESENTATION_CONTEXT() REPRESENTATION_CONTEXT('2D SPACE',''
  ) );
#3892 = ORIENTED_EDGE('',*,*,#3893,.T.);
#3893 = EDGE_CURVE('',#3873,#3894,#3896,.T.);
#3894 = VERTEX_POINT('',#3895);
#3895 = CARTESIAN_POINT('',(215.96922359359,203.,162.38989221983));
#3896 = SURFACE_CURVE('',#3897,(#3902,#3913),.PCURVE_S1.);
#3897 = CIRCLE('',#3898,2.25);
#3898 = AXIS2_PLACEMENT_3D('',#3899,#3900,#3901);
#3899 = CARTESIAN_POINT('',(217.,203.,164.38989221983));
#3900 = DIRECTION('',(0.,1.,0.));
#3901 = DIRECTION('',(0.,-0.,1.));
#3902 = PCURVE('',#98,#3903);
#3903 = DEFINITIONAL_REPRESENTATION('',(#3904),#3912);
#3904 = ( BOUNDED_CURVE() B_SPLINE_CURVE(2,(#3905,#3906,#3907,#3908,
#3909,#3910,#3911),.UNSPECIFIED.,.T.,.F.) B_SPLINE_CURVE_WITH_KNOTS((1,2
    ,2,2,2,1),(-2.094395102393,0.,2.094395102393,4.188790204786,
6.28318530718,8.377580409573),.UNSPECIFIED.) CURVE() 
GEOMETRIC_REPRESENTATION_ITEM() RATIONAL_B_SPLINE_CURVE((1.,0.5,1.,0.5,
1.,0.5,1.)) REPRESENTATION_ITEM('') );
#3905 = CARTESIAN_POINT('',(227.,32.25));
#3906 = CARTESIAN_POINT('',(230.89711431703,32.25));
#3907 = CARTESIAN_POINT('',(228.94855715851,28.875));
#3908 = CARTESIAN_POINT('',(227.,25.5));
#3909 = CARTESIAN_POINT('',(225.05144284148,28.875));
#3910 = CARTESIAN_POINT('',(223.10288568297,32.25));
#3911 = CARTESIAN_POINT('',(227.,32.25));
#3912 = ( GEOMETRIC_REPRESENTATION_CONTEXT(2) 
PARAMETRIC_REPRESENTATION_CONTEXT() REPRESENTATION_CONTEXT('2D SPACE',''
  ) );
#3913 = PCURVE('',#1043,#3914);
#3914 = DEFINITIONAL_REPRESENTATION('',(#3915),#3919);
#3915 = LINE('',#3916,#3917);
#3916 = CARTESIAN_POINT('',(0.,60.));
#3917 = VECTOR('',#3918,1.);
#3918 = DIRECTION('',(1.,0.));
#3919 = ( GEOMETRIC_REPRESENTATION_CONTEXT(2) 
PARAMETRIC_REPRESENTATION_CONTEXT() REPRESENTATION_CONTEXT('2D SPACE',''
  ) );
#3920 = ORIENTED_EDGE('',*,*,#3921,.T.);
#3921 = EDGE_CURVE('',#3894,#3922,#3924,.T.);
#3922 = VERTEX_POINT('',#3923);
#3923 = CARTESIAN_POINT('',(204.0307764064,203.,162.38989221983));
#3924 = SURFACE_CURVE('',#3925,(#3929,#3935),.PCURVE_S1.);
#3925 = LINE('',#3926,#3927);
#3926 = CARTESIAN_POINT('',(21.5,203.,162.38989221983));
#3927 = VECTOR('',#3928,1.);
#3928 = DIRECTION('',(-1.,-0.,0.));
#3929 = PCURVE('',#98,#3930);
#3930 = DEFINITIONAL_REPRESENTATION('',(#3931),#3934);
#3931 = B_SPLINE_CURVE_WITH_KNOTS('',1,(#3932,#3933),.UNSPECIFIED.,.F.,
  .F.,(2,2),(-203.5,-31.5),.PIECEWISE_BEZIER_KNOTS.);
#3932 = CARTESIAN_POINT('',(235.,28.));
#3933 = CARTESIAN_POINT('',(63.,28.));
#3934 = ( GEOMETRIC_REPRESENTATION_CONTEXT(2) 
PARAMETRIC_REPRESENTATION_CONTEXT() REPRESENTATION_CONTEXT('2D SPACE',''
  ) );
#3935 = PCURVE('',#1070,#3936);
#3936 = DEFINITIONAL_REPRESENTATION('',(#3937),#3940);
#3937 = B_SPLINE_CURVE_WITH_KNOTS('',1,(#3938,#3939),.UNSPECIFIED.,.F.,
  .F.,(2,2),(-203.5,-31.5),.PIECEWISE_BEZIER_KNOTS.);
#3938 = CARTESIAN_POINT('',(5.1,172.));
#3939 = CARTESIAN_POINT('',(5.1,0.));
#3940 = ( GEOMETRIC_REPRESENTATION_CONTEXT(2) 
PARAMETRIC_REPRESENTATION_CONTEXT() REPRESENTATION_CONTEXT('2D SPACE',''
  ) );
#3941 = ORIENTED_EDGE('',*,*,#3942,.T.);
#3942 = EDGE_CURVE('',#3922,#3943,#3945,.T.);
#3943 = VERTEX_POINT('',#3944);
#3944 = CARTESIAN_POINT('',(201.96922359359,203.,162.38989221983));
#3945 = SURFACE_CURVE('',#3946,(#3951,#3962),.PCURVE_S1.);
#3946 = CIRCLE('',#3947,2.25);
#3947 = AXIS2_PLACEMENT_3D('',#3948,#3949,#3950);
#3948 = CARTESIAN_POINT('',(203.,203.,164.38989221983));
#3949 = DIRECTION('',(0.,1.,0.));
#3950 = DIRECTION('',(0.,-0.,1.));
#3951 = PCURVE('',#98,#3952);
#3952 = DEFINITIONAL_REPRESENTATION('',(#3953),#3961);
#3953 = ( BOUNDED_CURVE() B_SPLINE_CURVE(2,(#3954,#3955,#3956,#3957,
#3958,#3959,#3960),.UNSPECIFIED.,.T.,.F.) B_SPLINE_CURVE_WITH_KNOTS((1,2
    ,2,2,2,1),(-2.094395102393,0.,2.094395102393,4.188790204786,
6.28318530718,8.377580409573),.UNSPECIFIED.) CURVE() 
GEOMETRIC_REPRESENTATION_ITEM() RATIONAL_B_SPLINE_CURVE((1.,0.5,1.,0.5,
1.,0.5,1.)) REPRESENTATION_ITEM('') );
#3954 = CARTESIAN_POINT('',(213.,32.25));
#3955 = CARTESIAN_POINT('',(216.89711431703,32.25));
#3956 = CARTESIAN_POINT('',(214.94855715851,28.875));
#3957 = CARTESIAN_POINT('',(213.,25.5));
#3958 = CARTESIAN_POINT('',(211.05144284148,28.875));
#3959 = CARTESIAN_POINT('',(209.10288568297,32.25));
#3960 = CARTESIAN_POINT('',(213.,32.25));
#3961 = ( GEOMETRIC_REPRESENTATION_CONTEXT(2) 
PARAMETRIC_REPRESENTATION_CONTEXT() REPRESENTATION_CONTEXT('2D SPACE',''
  ) );
#3962 = PCURVE('',#1102,#3963);
#3963 = DEFINITIONAL_REPRESENTATION('',(#3964),#3968);
#3964 = LINE('',#3965,#3966);
#3965 = CARTESIAN_POINT('',(0.,60.));
#3966 = VECTOR('',#3967,1.);
#3967 = DIRECTION('',(1.,0.));
#3968 = ( GEOMETRIC_REPRESENTATION_CONTEXT(2) 
PARAMETRIC_REPRESENTATION_CONTEXT() REPRESENTATION_CONTEXT('2D SPACE',''
  ) );
#3969 = ORIENTED_EDGE('',*,*,#3970,.T.);
#3970 = EDGE_CURVE('',#3943,#3971,#3973,.T.);
#3971 = VERTEX_POINT('',#3972);
#3972 = CARTESIAN_POINT('',(88.030776406404,203.,162.38989221983));
#3973 = SURFACE_CURVE('',#3974,(#3978,#3984),.PCURVE_S1.);
#3974 = LINE('',#3975,#3976);
#3975 = CARTESIAN_POINT('',(21.5,203.,162.38989221983));
#3976 = VECTOR('',#3977,1.);
#3977 = DIRECTION('',(-1.,-0.,0.));
#3978 = PCURVE('',#98,#3979);
#3979 = DEFINITIONAL_REPRESENTATION('',(#3980),#3983);
#3980 = B_SPLINE_CURVE_WITH_KNOTS('',1,(#3981,#3982),.UNSPECIFIED.,.F.,
  .F.,(2,2),(-203.5,-31.5),.PIECEWISE_BEZIER_KNOTS.);
#3981 = CARTESIAN_POINT('',(235.,28.));
#3982 = CARTESIAN_POINT('',(63.,28.));
#3983 = ( GEOMETRIC_REPRESENTATION_CONTEXT(2) 
PARAMETRIC_REPRESENTATION_CONTEXT() REPRESENTATION_CONTEXT('2D SPACE',''
  ) );
#3984 = PCURVE('',#1129,#3985);
#3985 = DEFINITIONAL_REPRESENTATION('',(#3986),#3989);
#3986 = B_SPLINE_CURVE_WITH_KNOTS('',1,(#3987,#3988),.UNSPECIFIED.,.F.,
  .F.,(2,2),(-203.5,-31.5),.PIECEWISE_BEZIER_KNOTS.);
#3987 = CARTESIAN_POINT('',(5.1,172.));
#3988 = CARTESIAN_POINT('',(5.1,0.));
#3989 = ( GEOMETRIC_REPRESENTATION_CONTEXT(2) 
PARAMETRIC_REPRESENTATION_CONTEXT() REPRESENTATION_CONTEXT('2D SPACE',''
  ) );
#3990 = ORIENTED_EDGE('',*,*,#3991,.T.);
#3991 = EDGE_CURVE('',#3971,#3992,#3994,.T.);
#3992 = VERTEX_POINT('',#3993);
#3993 = CARTESIAN_POINT('',(85.969223593596,203.,162.38989221983));
#3994 = SURFACE_CURVE('',#3995,(#4000,#4011),.PCURVE_S1.);
#3995 = CIRCLE('',#3996,2.25);
#3996 = AXIS2_PLACEMENT_3D('',#3997,#3998,#3999);
#3997 = CARTESIAN_POINT('',(87.,203.,164.38989221983));
#3998 = DIRECTION('',(0.,1.,0.));
#3999 = DIRECTION('',(0.,-0.,1.));
#4000 = PCURVE('',#98,#4001);
#4001 = DEFINITIONAL_REPRESENTATION('',(#4002),#4010);
#4002 = ( BOUNDED_CURVE() B_SPLINE_CURVE(2,(#4003,#4004,#4005,#4006,
#4007,#4008,#4009),.UNSPECIFIED.,.T.,.F.) B_SPLINE_CURVE_WITH_KNOTS((1,2
    ,2,2,2,1),(-2.094395102393,0.,2.094395102393,4.188790204786,
6.28318530718,8.377580409573),.UNSPECIFIED.) CURVE() 
GEOMETRIC_REPRESENTATION_ITEM() RATIONAL_B_SPLINE_CURVE((1.,0.5,1.,0.5,
1.,0.5,1.)) REPRESENTATION_ITEM('') );
#4003 = CARTESIAN_POINT('',(97.,32.25));
#4004 = CARTESIAN_POINT('',(100.89711431703,32.25));
#4005 = CARTESIAN_POINT('',(98.948557158515,28.875));
#4006 = CARTESIAN_POINT('',(97.,25.5));
#4007 = CARTESIAN_POINT('',(95.051442841485,28.875));
#4008 = CARTESIAN_POINT('',(93.10288568297,32.25));
#4009 = CARTESIAN_POINT('',(97.,32.25));
#4010 = ( GEOMETRIC_REPRESENTATION_CONTEXT(2) 
PARAMETRIC_REPRESENTATION_CONTEXT() REPRESENTATION_CONTEXT('2D SPACE',''
  ) );
#4011 = PCURVE('',#1161,#4012);
#4012 = DEFINITIONAL_REPRESENTATION('',(#4013),#4017);
#4013 = LINE('',#4014,#4015);
#4014 = CARTESIAN_POINT('',(0.,60.));
#4015 = VECTOR('',#4016,1.);
#4016 = DIRECTION('',(1.,0.));
#4017 = ( GEOMETRIC_REPRESENTATION_CONTEXT(2) 
PARAMETRIC_REPRESENTATION_CONTEXT() REPRESENTATION_CONTEXT('2D SPACE',''
  ) );
#4018 = ORIENTED_EDGE('',*,*,#4019,.T.);
#4019 = EDGE_CURVE('',#3992,#4020,#4022,.T.);
#4020 = VERTEX_POINT('',#4021);
#4021 = CARTESIAN_POINT('',(74.030776406404,203.,162.38989221983));
#4022 = SURFACE_CURVE('',#4023,(#4027,#4033),.PCURVE_S1.);
#4023 = LINE('',#4024,#4025);
#4024 = CARTESIAN_POINT('',(21.5,203.,162.38989221983));
#4025 = VECTOR('',#4026,1.);
#4026 = DIRECTION('',(-1.,-0.,0.));
#4027 = PCURVE('',#98,#4028);
#4028 = DEFINITIONAL_REPRESENTATION('',(#4029),#4032);
#4029 = B_SPLINE_CURVE_WITH_KNOTS('',1,(#4030,#4031),.UNSPECIFIED.,.F.,
  .F.,(2,2),(-203.5,-31.5),.PIECEWISE_BEZIER_KNOTS.);
#4030 = CARTESIAN_POINT('',(235.,28.));
#4031 = CARTESIAN_POINT('',(63.,28.));
#4032 = ( GEOMETRIC_REPRESENTATION_CONTEXT(2) 
PARAMETRIC_REPRESENTATION_CONTEXT() REPRESENTATION_CONTEXT('2D SPACE',''
  ) );
#4033 = PCURVE('',#1188,#4034);
#4034 = DEFINITIONAL_REPRESENTATION('',(#4035),#4038);
#4035 = B_SPLINE_CURVE_WITH_KNOTS('',1,(#4036,#4037),.UNSPECIFIED.,.F.,
  .F.,(2,2),(-203.5,-31.5),.PIECEWISE_BEZIER_KNOTS.);
#4036 = CARTESIAN_POINT('',(5.1,172.));
#4037 = CARTESIAN_POINT('',(5.1,0.));
#4038 = ( GEOMETRIC_REPRESENTATION_CONTEXT(2) 
PARAMETRIC_REPRESENTATION_CONTEXT() REPRESENTATION_CONTEXT('2D SPACE',''
  ) );
#4039 = ORIENTED_EDGE('',*,*,#4040,.T.);
#4040 = EDGE_CURVE('',#4020,#4041,#4043,.T.);
#4041 = VERTEX_POINT('',#4042);
#4042 = CARTESIAN_POINT('',(71.969223593596,203.,162.38989221983));
#4043 = SURFACE_CURVE('',#4044,(#4049,#4060),.PCURVE_S1.);
#4044 = CIRCLE('',#4045,2.25);
#4045 = AXIS2_PLACEMENT_3D('',#4046,#4047,#4048);
#4046 = CARTESIAN_POINT('',(73.,203.,164.38989221983));
#4047 = DIRECTION('',(0.,1.,0.));
#4048 = DIRECTION('',(0.,-0.,1.));
#4049 = PCURVE('',#98,#4050);
#4050 = DEFINITIONAL_REPRESENTATION('',(#4051),#4059);
#4051 = ( BOUNDED_CURVE() B_SPLINE_CURVE(2,(#4052,#4053,#4054,#4055,
#4056,#4057,#4058),.UNSPECIFIED.,.T.,.F.) B_SPLINE_CURVE_WITH_KNOTS((1,2
    ,2,2,2,1),(-2.094395102393,0.,2.094395102393,4.188790204786,
6.28318530718,8.377580409573),.UNSPECIFIED.) CURVE() 
GEOMETRIC_REPRESENTATION_ITEM() RATIONAL_B_SPLINE_CURVE((1.,0.5,1.,0.5,
1.,0.5,1.)) REPRESENTATION_ITEM('') );
#4052 = CARTESIAN_POINT('',(83.,32.25));
#4053 = CARTESIAN_POINT('',(86.89711431703,32.25));
#4054 = CARTESIAN_POINT('',(84.948557158515,28.875));
#4055 = CARTESIAN_POINT('',(83.,25.5));
#4056 = CARTESIAN_POINT('',(81.051442841485,28.875));
#4057 = CARTESIAN_POINT('',(79.10288568297,32.25));
#4058 = CARTESIAN_POINT('',(83.,32.25));
#4059 = ( GEOMETRIC_REPRESENTATION_CONTEXT(2) 
PARAMETRIC_REPRESENTATION_CONTEXT() REPRESENTATION_CONTEXT('2D SPACE',''
  ) );
#4060 = PCURVE('',#1220,#4061);
#4061 = DEFINITIONAL_REPRESENTATION('',(#4062),#4066);
#4062 = LINE('',#4063,#4064);
#4063 = CARTESIAN_POINT('',(0.,60.));
#4064 = VECTOR('',#4065,1.);
#4065 = DIRECTION('',(1.,0.));
#4066 = ( GEOMETRIC_REPRESENTATION_CONTEXT(2) 
PARAMETRIC_REPRESENTATION_CONTEXT() REPRESENTATION_CONTEXT('2D SPACE',''
  ) );
#4067 = ORIENTED_EDGE('',*,*,#4068,.T.);
#4068 = EDGE_CURVE('',#4041,#4069,#4071,.T.);
#4069 = VERTEX_POINT('',#4070);
#4070 = CARTESIAN_POINT('',(53.,203.,162.38989221983));
#4071 = SURFACE_CURVE('',#4072,(#4076,#4082),.PCURVE_S1.);
#4072 = LINE('',#4073,#4074);
#4073 = CARTESIAN_POINT('',(21.5,203.,162.38989221983));
#4074 = VECTOR('',#4075,1.);
#4075 = DIRECTION('',(-1.,-0.,0.));
#4076 = PCURVE('',#98,#4077);
#4077 = DEFINITIONAL_REPRESENTATION('',(#4078),#4081);
#4078 = B_SPLINE_CURVE_WITH_KNOTS('',1,(#4079,#4080),.UNSPECIFIED.,.F.,
  .F.,(2,2),(-203.5,-31.5),.PIECEWISE_BEZIER_KNOTS.);
#4079 = CARTESIAN_POINT('',(235.,28.));
#4080 = CARTESIAN_POINT('',(63.,28.));
#4081 = ( GEOMETRIC_REPRESENTATION_CONTEXT(2) 
PARAMETRIC_REPRESENTATION_CONTEXT() REPRESENTATION_CONTEXT('2D SPACE',''
  ) );
#4082 = PCURVE('',#1247,#4083);
#4083 = DEFINITIONAL_REPRESENTATION('',(#4084),#4087);
#4084 = B_SPLINE_CURVE_WITH_KNOTS('',1,(#4085,#4086),.UNSPECIFIED.,.F.,
  .F.,(2,2),(-203.5,-31.5),.PIECEWISE_BEZIER_KNOTS.);
#4085 = CARTESIAN_POINT('',(5.1,172.));
#4086 = CARTESIAN_POINT('',(5.1,0.));
#4087 = ( GEOMETRIC_REPRESENTATION_CONTEXT(2) 
PARAMETRIC_REPRESENTATION_CONTEXT() REPRESENTATION_CONTEXT('2D SPACE',''
  ) );
#4088 = ORIENTED_EDGE('',*,*,#4089,.T.);
#4089 = EDGE_CURVE('',#4069,#4090,#4092,.T.);
#4090 = VERTEX_POINT('',#4091);
#4091 = CARTESIAN_POINT('',(53.,203.,224.38989221983));
#4092 = SURFACE_CURVE('',#4093,(#4097,#4103),.PCURVE_S1.);
#4093 = LINE('',#4094,#4095);
#4094 = CARTESIAN_POINT('',(53.,203.,148.38989221983));
#4095 = VECTOR('',#4096,1.);
#4096 = DIRECTION('',(0.,0.,1.));
#4097 = PCURVE('',#98,#4098);
#4098 = DEFINITIONAL_REPRESENTATION('',(#4099),#4102);
#4099 = B_SPLINE_CURVE_WITH_KNOTS('',1,(#4100,#4101),.UNSPECIFIED.,.F.,
  .F.,(2,2),(14.,76.),.PIECEWISE_BEZIER_KNOTS.);
#4100 = CARTESIAN_POINT('',(63.,28.));
#4101 = CARTESIAN_POINT('',(63.,90.));
#4102 = ( GEOMETRIC_REPRESENTATION_CONTEXT(2) 
PARAMETRIC_REPRESENTATION_CONTEXT() REPRESENTATION_CONTEXT('2D SPACE',''
  ) );
#4103 = PCURVE('',#1273,#4104);
#4104 = DEFINITIONAL_REPRESENTATION('',(#4105),#4108);
#4105 = B_SPLINE_CURVE_WITH_KNOTS('',1,(#4106,#4107),.UNSPECIFIED.,.F.,
  .F.,(2,2),(14.,76.),.PIECEWISE_BEZIER_KNOTS.);
#4106 = CARTESIAN_POINT('',(5.1,0.));
#4107 = CARTESIAN_POINT('',(5.1,-62.));
#4108 = ( GEOMETRIC_REPRESENTATION_CONTEXT(2) 
PARAMETRIC_REPRESENTATION_CONTEXT() REPRESENTATION_CONTEXT('2D SPACE',''
  ) );
#4109 = ORIENTED_EDGE('',*,*,#4110,.F.);
#4110 = EDGE_CURVE('',#3852,#4090,#4111,.T.);
#4111 = SURFACE_CURVE('',#4112,(#4116,#4122),.PCURVE_S1.);
#4112 = LINE('',#4113,#4114);
#4113 = CARTESIAN_POINT('',(21.5,203.,224.38989221983));
#4114 = VECTOR('',#4115,1.);
#4115 = DIRECTION('',(-1.,-0.,0.));
#4116 = PCURVE('',#98,#4117);
#4117 = DEFINITIONAL_REPRESENTATION('',(#4118),#4121);
#4118 = B_SPLINE_CURVE_WITH_KNOTS('',1,(#4119,#4120),.UNSPECIFIED.,.F.,
  .F.,(2,2),(-203.5,-31.5),.PIECEWISE_BEZIER_KNOTS.);
#4119 = CARTESIAN_POINT('',(235.,90.));
#4120 = CARTESIAN_POINT('',(63.,90.));
#4121 = ( GEOMETRIC_REPRESENTATION_CONTEXT(2) 
PARAMETRIC_REPRESENTATION_CONTEXT() REPRESENTATION_CONTEXT('2D SPACE',''
  ) );
#4122 = PCURVE('',#1297,#4123);
#4123 = DEFINITIONAL_REPRESENTATION('',(#4124),#4127);
#4124 = B_SPLINE_CURVE_WITH_KNOTS('',1,(#4125,#4126),.UNSPECIFIED.,.F.,
  .F.,(2,2),(-203.5,-31.5),.PIECEWISE_BEZIER_KNOTS.);
#4125 = CARTESIAN_POINT('',(5.1,172.));
#4126 = CARTESIAN_POINT('',(5.1,0.));
#4127 = ( GEOMETRIC_REPRESENTATION_CONTEXT(2) 
PARAMETRIC_REPRESENTATION_CONTEXT() REPRESENTATION_CONTEXT('2D SPACE',''
  ) );
#4128 = FACE_BOUND('',#4129,.T.);
#4129 = EDGE_LOOP('',(#4130,#4153,#4181,#4202));
#4130 = ORIENTED_EDGE('',*,*,#4131,.F.);
#4131 = EDGE_CURVE('',#4132,#4134,#4136,.T.);
#4132 = VERTEX_POINT('',#4133);
#4133 = CARTESIAN_POINT('',(15.,203.,216.38989221983));
#4134 = VERTEX_POINT('',#4135);
#4135 = CARTESIAN_POINT('',(15.,203.,184.38989221983));
#4136 = SURFACE_CURVE('',#4137,(#4141,#4147),.PCURVE_S1.);
#4137 = LINE('',#4138,#4139);
#4138 = CARTESIAN_POINT('',(15.,203.,159.38989221983));
#4139 = VECTOR('',#4140,1.);
#4140 = DIRECTION('',(-1.110223024625E-16,-0.,-1.));
#4141 = PCURVE('',#98,#4142);
#4142 = DEFINITIONAL_REPRESENTATION('',(#4143),#4146);
#4143 = B_SPLINE_CURVE_WITH_KNOTS('',1,(#4144,#4145),.UNSPECIFIED.,.F.,
  .F.,(2,2),(-57.,-25.),.PIECEWISE_BEZIER_KNOTS.);
#4144 = CARTESIAN_POINT('',(25.,82.));
#4145 = CARTESIAN_POINT('',(25.,50.));
#4146 = ( GEOMETRIC_REPRESENTATION_CONTEXT(2) 
PARAMETRIC_REPRESENTATION_CONTEXT() REPRESENTATION_CONTEXT('2D SPACE',''
  ) );
#4147 = PCURVE('',#1327,#4148);
#4148 = DEFINITIONAL_REPRESENTATION('',(#4149),#4152);
#4149 = B_SPLINE_CURVE_WITH_KNOTS('',1,(#4150,#4151),.UNSPECIFIED.,.F.,
  .F.,(2,2),(-57.,-25.),.PIECEWISE_BEZIER_KNOTS.);
#4150 = CARTESIAN_POINT('',(32.,-5.1));
#4151 = CARTESIAN_POINT('',(0.,-5.1));
#4152 = ( GEOMETRIC_REPRESENTATION_CONTEXT(2) 
PARAMETRIC_REPRESENTATION_CONTEXT() REPRESENTATION_CONTEXT('2D SPACE',''
  ) );
#4153 = ORIENTED_EDGE('',*,*,#4154,.T.);
#4154 = EDGE_CURVE('',#4132,#4155,#4157,.T.);
#4155 = VERTEX_POINT('',#4156);
#4156 = CARTESIAN_POINT('',(27.,203.,216.38989221983));
#4157 = SURFACE_CURVE('',#4158,(#4163,#4174),.PCURVE_S1.);
#4158 = CIRCLE('',#4159,6.);
#4159 = AXIS2_PLACEMENT_3D('',#4160,#4161,#4162);
#4160 = CARTESIAN_POINT('',(21.,203.,216.38989221983));
#4161 = DIRECTION('',(0.,1.,-0.));
#4162 = DIRECTION('',(-1.,0.,1.110223024625E-16));
#4163 = PCURVE('',#98,#4164);
#4164 = DEFINITIONAL_REPRESENTATION('',(#4165),#4173);
#4165 = ( BOUNDED_CURVE() B_SPLINE_CURVE(2,(#4166,#4167,#4168,#4169,
#4170,#4171,#4172),.UNSPECIFIED.,.T.,.F.) B_SPLINE_CURVE_WITH_KNOTS((1,2
    ,2,2,2,1),(-2.094395102393,0.,2.094395102393,4.188790204786,
6.28318530718,8.377580409573),.UNSPECIFIED.) CURVE() 
GEOMETRIC_REPRESENTATION_ITEM() RATIONAL_B_SPLINE_CURVE((1.,0.5,1.,0.5,
1.,0.5,1.)) REPRESENTATION_ITEM('') );
#4166 = CARTESIAN_POINT('',(25.,82.));
#4167 = CARTESIAN_POINT('',(25.,92.392304845413));
#4168 = CARTESIAN_POINT('',(34.,87.196152422707));
#4169 = CARTESIAN_POINT('',(43.,82.));
#4170 = CARTESIAN_POINT('',(34.,76.803847577293));
#4171 = CARTESIAN_POINT('',(25.,71.607695154587));
#4172 = CARTESIAN_POINT('',(25.,82.));
#4173 = ( GEOMETRIC_REPRESENTATION_CONTEXT(2) 
PARAMETRIC_REPRESENTATION_CONTEXT() REPRESENTATION_CONTEXT('2D SPACE',''
  ) );
#4174 = PCURVE('',#1359,#4175);
#4175 = DEFINITIONAL_REPRESENTATION('',(#4176),#4180);
#4176 = LINE('',#4177,#4178);
#4177 = CARTESIAN_POINT('',(0.,-5.1));
#4178 = VECTOR('',#4179,1.);
#4179 = DIRECTION('',(1.,0.));
#4180 = ( GEOMETRIC_REPRESENTATION_CONTEXT(2) 
PARAMETRIC_REPRESENTATION_CONTEXT() REPRESENTATION_CONTEXT('2D SPACE',''
  ) );
#4181 = ORIENTED_EDGE('',*,*,#4182,.F.);
#4182 = EDGE_CURVE('',#4183,#4155,#4185,.T.);
#4183 = VERTEX_POINT('',#4184);
#4184 = CARTESIAN_POINT('',(27.,203.,184.38989221983));
#4185 = SURFACE_CURVE('',#4186,(#4190,#4196),.PCURVE_S1.);
#4186 = LINE('',#4187,#4188);
#4187 = CARTESIAN_POINT('',(27.,203.,175.38989221983));
#4188 = VECTOR('',#4189,1.);
#4189 = DIRECTION('',(1.110223024625E-16,0.,1.));
#4190 = PCURVE('',#98,#4191);
#4191 = DEFINITIONAL_REPRESENTATION('',(#4192),#4195);
#4192 = B_SPLINE_CURVE_WITH_KNOTS('',1,(#4193,#4194),.UNSPECIFIED.,.F.,
  .F.,(2,2),(9.,41.),.PIECEWISE_BEZIER_KNOTS.);
#4193 = CARTESIAN_POINT('',(37.,50.));
#4194 = CARTESIAN_POINT('',(37.,82.));
#4195 = ( GEOMETRIC_REPRESENTATION_CONTEXT(2) 
PARAMETRIC_REPRESENTATION_CONTEXT() REPRESENTATION_CONTEXT('2D SPACE',''
  ) );
#4196 = PCURVE('',#1386,#4197);
#4197 = DEFINITIONAL_REPRESENTATION('',(#4198),#4201);
#4198 = B_SPLINE_CURVE_WITH_KNOTS('',1,(#4199,#4200),.UNSPECIFIED.,.F.,
  .F.,(2,2),(9.,41.),.PIECEWISE_BEZIER_KNOTS.);
#4199 = CARTESIAN_POINT('',(32.,-5.1));
#4200 = CARTESIAN_POINT('',(0.,-5.1));
#4201 = ( GEOMETRIC_REPRESENTATION_CONTEXT(2) 
PARAMETRIC_REPRESENTATION_CONTEXT() REPRESENTATION_CONTEXT('2D SPACE',''
  ) );
#4202 = ORIENTED_EDGE('',*,*,#4203,.T.);
#4203 = EDGE_CURVE('',#4183,#4134,#4204,.T.);
#4204 = SURFACE_CURVE('',#4205,(#4210,#4221),.PCURVE_S1.);
#4205 = CIRCLE('',#4206,6.);
#4206 = AXIS2_PLACEMENT_3D('',#4207,#4208,#4209);
#4207 = CARTESIAN_POINT('',(21.,203.,184.38989221983));
#4208 = DIRECTION('',(-0.,1.,0.));
#4209 = DIRECTION('',(1.,0.,-1.110223024625E-16));
#4210 = PCURVE('',#98,#4211);
#4211 = DEFINITIONAL_REPRESENTATION('',(#4212),#4220);
#4212 = ( BOUNDED_CURVE() B_SPLINE_CURVE(2,(#4213,#4214,#4215,#4216,
#4217,#4218,#4219),.UNSPECIFIED.,.T.,.F.) B_SPLINE_CURVE_WITH_KNOTS((1,2
    ,2,2,2,1),(-2.094395102393,0.,2.094395102393,4.188790204786,
6.28318530718,8.377580409573),.UNSPECIFIED.) CURVE() 
GEOMETRIC_REPRESENTATION_ITEM() RATIONAL_B_SPLINE_CURVE((1.,0.5,1.,0.5,
1.,0.5,1.)) REPRESENTATION_ITEM('') );
#4213 = CARTESIAN_POINT('',(37.,50.));
#4214 = CARTESIAN_POINT('',(37.,39.607695154587));
#4215 = CARTESIAN_POINT('',(28.,44.803847577293));
#4216 = CARTESIAN_POINT('',(19.,50.));
#4217 = CARTESIAN_POINT('',(28.,55.196152422707));
#4218 = CARTESIAN_POINT('',(37.,60.392304845413));
#4219 = CARTESIAN_POINT('',(37.,50.));
#4220 = ( GEOMETRIC_REPRESENTATION_CONTEXT(2) 
PARAMETRIC_REPRESENTATION_CONTEXT() REPRESENTATION_CONTEXT('2D SPACE',''
  ) );
#4221 = PCURVE('',#1416,#4222);
#4222 = DEFINITIONAL_REPRESENTATION('',(#4223),#4227);
#4223 = LINE('',#4224,#4225);
#4224 = CARTESIAN_POINT('',(0.,-5.1));
#4225 = VECTOR('',#4226,1.);
#4226 = DIRECTION('',(1.,0.));
#4227 = ( GEOMETRIC_REPRESENTATION_CONTEXT(2) 
PARAMETRIC_REPRESENTATION_CONTEXT() REPRESENTATION_CONTEXT('2D SPACE',''
  ) );
#4228 = FACE_BOUND('',#4229,.T.);
#4229 = EDGE_LOOP('',(#4230));
#4230 = ORIENTED_EDGE('',*,*,#4231,.F.);
#4231 = EDGE_CURVE('',#4232,#4232,#4234,.T.);
#4232 = VERTEX_POINT('',#4233);
#4233 = CARTESIAN_POINT('',(9.895110651488,203.,222.24999999999));
#4234 = SURFACE_CURVE('',#4235,(#4240,#4247),.PCURVE_S1.);
#4235 = ELLIPSE('',#4236,4.173981209903,2.25);
#4236 = AXIS2_PLACEMENT_3D('',#4237,#4238,#4239);
#4237 = CARTESIAN_POINT('',(8.,203.,219.99999999999));
#4238 = DIRECTION('',(0.,-1.,0.));
#4239 = DIRECTION('',(0.,0.,1.));
#4240 = PCURVE('',#98,#4241);
#4241 = DEFINITIONAL_REPRESENTATION('',(#4242),#4246);
#4242 = ELLIPSE('',#4243,4.173981209903,2.25);
#4243 = AXIS2_PLACEMENT_2D('',#4244,#4245);
#4244 = CARTESIAN_POINT('',(18.,85.610107780163));
#4245 = DIRECTION('',(0.,1.));
#4246 = ( GEOMETRIC_REPRESENTATION_CONTEXT(2) 
PARAMETRIC_REPRESENTATION_CONTEXT() REPRESENTATION_CONTEXT('2D SPACE',''
  ) );
#4247 = PCURVE('',#1447,#4248);
#4248 = DEFINITIONAL_REPRESENTATION('',(#4249),#4280);
#4249 = B_SPLINE_CURVE_WITH_KNOTS('',8,(#4250,#4251,#4252,#4253,#4254,
    #4255,#4256,#4257,#4258,#4259,#4260,#4261,#4262,#4263,#4264,#4265,
    #4266,#4267,#4268,#4269,#4270,#4271,#4272,#4273,#4274,#4275,#4276,
    #4277,#4278,#4279),.UNSPECIFIED.,.F.,.F.,(9,7,7,7,9),(5.281702171485
    ,6.85249849828,8.030595743376,9.797741611021,11.564887478665),
  .UNSPECIFIED.);
#4250 = CARTESIAN_POINT('',(6.28318530718,78.440043129423));
#4251 = CARTESIAN_POINT('',(6.08683576633,79.021455795483));
#4252 = CARTESIAN_POINT('',(5.890486225481,79.519368553658));
#4253 = CARTESIAN_POINT('',(5.694136684633,79.899624221231));
#4254 = CARTESIAN_POINT('',(5.497787143783,80.134936379152));
#4255 = CARTESIAN_POINT('',(5.301437602937,80.209089046984));
#4256 = CARTESIAN_POINT('',(5.105088062084,80.119782350084));
#4257 = CARTESIAN_POINT('',(4.908738521234,79.878146977164));
#4258 = CARTESIAN_POINT('',(4.565126824748,79.226964791176));
#4259 = CARTESIAN_POINT('',(4.417864669111,78.874497907725));
#4260 = CARTESIAN_POINT('',(4.270602513474,78.457865641187));
#4261 = CARTESIAN_POINT('',(4.123340357837,77.989682004631));
#4262 = CARTESIAN_POINT('',(3.9760782022,77.485326233545));
#4263 = CARTESIAN_POINT('',(3.828816046563,76.961885132251));
#4264 = CARTESIAN_POINT('',(3.681553890926,76.436911427994));
#4265 = CARTESIAN_POINT('',(3.313398501833,75.162748917925));
#4266 = CARTESIAN_POINT('',(3.092505268377,74.432695941956));
#4267 = CARTESIAN_POINT('',(2.871612034937,73.793932962173));
#4268 = CARTESIAN_POINT('',(2.65071880145,73.299702536955));
#4269 = CARTESIAN_POINT('',(2.429825568031,72.990843979846));
#4270 = CARTESIAN_POINT('',(2.208932334554,72.887636168278));
#4271 = CARTESIAN_POINT('',(1.9880391011,72.988034216909));
#4272 = CARTESIAN_POINT('',(1.546252634189,73.55396827034));
#4273 = CARTESIAN_POINT('',(1.325359400736,74.019504588439));
#4274 = CARTESIAN_POINT('',(1.104466167289,74.646565585077));
#4275 = CARTESIAN_POINT('',(0.883572933849,75.395130350196));
#4276 = CARTESIAN_POINT('',(0.662679700373,76.209373347694));
#4277 = CARTESIAN_POINT('',(0.441786466915,77.026184372939));
#4278 = CARTESIAN_POINT('',(0.220893233456,77.785953880105));
#4279 = CARTESIAN_POINT('',(1.86517468137E-14,78.440043129423));
#4280 = ( GEOMETRIC_REPRESENTATION_CONTEXT(2) 
PARAMETRIC_REPRESENTATION_CONTEXT() REPRESENTATION_CONTEXT('2D SPACE',''
  ) );
#4281 = FACE_BOUND('',#4282,.T.);
#4282 = EDGE_LOOP('',(#4283));
#4283 = ORIENTED_EDGE('',*,*,#4284,.T.);
#4284 = EDGE_CURVE('',#4285,#4285,#4287,.T.);
#4285 = VERTEX_POINT('',#4286);
#4286 = CARTESIAN_POINT('',(31.,203.,235.25));
#4287 = SURFACE_CURVE('',#4288,(#4293,#4304),.PCURVE_S1.);
#4288 = CIRCLE('',#4289,2.25);
#4289 = AXIS2_PLACEMENT_3D('',#4290,#4291,#4292);
#4290 = CARTESIAN_POINT('',(31.,203.,233.));
#4291 = DIRECTION('',(0.,1.,0.));
#4292 = DIRECTION('',(0.,-0.,1.));
#4293 = PCURVE('',#98,#4294);
#4294 = DEFINITIONAL_REPRESENTATION('',(#4295),#4303);
#4295 = ( BOUNDED_CURVE() B_SPLINE_CURVE(2,(#4296,#4297,#4298,#4299,
#4300,#4301,#4302),.UNSPECIFIED.,.T.,.F.) B_SPLINE_CURVE_WITH_KNOTS((1,2
    ,2,2,2,1),(-2.094395102393,0.,2.094395102393,4.188790204786,
6.28318530718,8.377580409573),.UNSPECIFIED.) CURVE() 
GEOMETRIC_REPRESENTATION_ITEM() RATIONAL_B_SPLINE_CURVE((1.,0.5,1.,0.5,
1.,0.5,1.)) REPRESENTATION_ITEM('') );
#4296 = CARTESIAN_POINT('',(41.,100.86010778016));
#4297 = CARTESIAN_POINT('',(44.89711431703,100.86010778016));
#4298 = CARTESIAN_POINT('',(42.948557158515,97.485107780164));
#4299 = CARTESIAN_POINT('',(41.,94.110107780164));
#4300 = CARTESIAN_POINT('',(39.051442841485,97.485107780164));
#4301 = CARTESIAN_POINT('',(37.10288568297,100.86010778016));
#4302 = CARTESIAN_POINT('',(41.,100.86010778016));
#4303 = ( GEOMETRIC_REPRESENTATION_CONTEXT(2) 
PARAMETRIC_REPRESENTATION_CONTEXT() REPRESENTATION_CONTEXT('2D SPACE',''
  ) );
#4304 = PCURVE('',#1509,#4305);
#4305 = DEFINITIONAL_REPRESENTATION('',(#4306),#4310);
#4306 = LINE('',#4307,#4308);
#4307 = CARTESIAN_POINT('',(0.,60.));
#4308 = VECTOR('',#4309,1.);
#4309 = DIRECTION('',(1.,0.));
#4310 = ( GEOMETRIC_REPRESENTATION_CONTEXT(2) 
PARAMETRIC_REPRESENTATION_CONTEXT() REPRESENTATION_CONTEXT('2D SPACE',''
  ) );
#4311 = FACE_BOUND('',#4312,.T.);
#4312 = EDGE_LOOP('',(#4313));
#4313 = ORIENTED_EDGE('',*,*,#4314,.F.);
#4314 = EDGE_CURVE('',#4315,#4315,#4317,.T.);
#4315 = VERTEX_POINT('',#4316);
#4316 = CARTESIAN_POINT('',(9.088074397989,203.,238.41022099447));
#4317 = SURFACE_CURVE('',#4318,(#4323,#4330),.PCURVE_S1.);
#4318 = ELLIPSE('',#4319,2.570560736597,2.25);
#4319 = AXIS2_PLACEMENT_3D('',#4320,#4321,#4322);
#4320 = CARTESIAN_POINT('',(8.,203.,236.16022099447));
#4321 = DIRECTION('',(0.,-1.,0.));
#4322 = DIRECTION('',(0.,0.,1.));
#4323 = PCURVE('',#98,#4324);
#4324 = DEFINITIONAL_REPRESENTATION('',(#4325),#4329);
#4325 = ELLIPSE('',#4326,2.570560736597,2.25);
#4326 = AXIS2_PLACEMENT_2D('',#4327,#4328);
#4327 = CARTESIAN_POINT('',(18.,101.77032877464));
#4328 = DIRECTION('',(0.,1.));
#4329 = ( GEOMETRIC_REPRESENTATION_CONTEXT(2) 
PARAMETRIC_REPRESENTATION_CONTEXT() REPRESENTATION_CONTEXT('2D SPACE',''
  ) );
#4330 = PCURVE('',#1540,#4331);
#4331 = DEFINITIONAL_REPRESENTATION('',(#4332),#4363);
#4332 = B_SPLINE_CURVE_WITH_KNOTS('',8,(#4333,#4334,#4335,#4336,#4337,
    #4338,#4339,#4340,#4341,#4342,#4343,#4344,#4345,#4346,#4347,#4348,
    #4349,#4350,#4351,#4352,#4353,#4354,#4355,#4356,#4357,#4358,#4359,
    #4360,#4361,#4362),.UNSPECIFIED.,.F.,.F.,(9,7,7,7,9),(5.778435318902
    ,7.349231645696,8.527328890793,10.294474758437,12.061620626081),
  .UNSPECIFIED.);
#4333 = CARTESIAN_POINT('',(6.28318530718,177.09586174843));
#4334 = CARTESIAN_POINT('',(6.08683576633,177.21389650449));
#4335 = CARTESIAN_POINT('',(5.890486225481,177.28398988617));
#4336 = CARTESIAN_POINT('',(5.694136684628,177.29920777957));
#4337 = CARTESIAN_POINT('',(5.497787143789,177.25655836763));
#4338 = CARTESIAN_POINT('',(5.30143760293,177.1578501577));
#4339 = CARTESIAN_POINT('',(5.105088062084,177.00973233173));
#4340 = CARTESIAN_POINT('',(4.908738521234,176.82257633514));
#4341 = CARTESIAN_POINT('',(4.565126824748,176.44870124534));
#4342 = CARTESIAN_POINT('',(4.417864669111,176.27357016687));
#4343 = CARTESIAN_POINT('',(4.270602513473,176.08883513082));
#4344 = CARTESIAN_POINT('',(4.123340357836,175.9004803652));
#4345 = CARTESIAN_POINT('',(3.9760782022,175.71481224015));
#4346 = CARTESIAN_POINT('',(3.828816046562,175.53801029826));
#4347 = CARTESIAN_POINT('',(3.681553890926,175.37569195066));
#4348 = CARTESIAN_POINT('',(3.313398501833,175.01792789426));
#4349 = CARTESIAN_POINT('',(3.092505268374,174.84649803806));
#4350 = CARTESIAN_POINT('',(2.871612034939,174.73425732913));
#4351 = CARTESIAN_POINT('',(2.650718801458,174.69266531802));
#4352 = CARTESIAN_POINT('',(2.429825568024,174.72619483468));
#4353 = CARTESIAN_POINT('',(2.208932334553,174.83098663628));
#4354 = CARTESIAN_POINT('',(1.9880391011,174.99609516385));
#4355 = CARTESIAN_POINT('',(1.546252634189,175.41574352179));
#4356 = CARTESIAN_POINT('',(1.325359400732,175.67028298705));
#4357 = CARTESIAN_POINT('',(1.104466167278,175.95393882384));
#4358 = CARTESIAN_POINT('',(0.883572933821,176.24645228992));
#4359 = CARTESIAN_POINT('',(0.662679700365,176.52534386469));
#4360 = CARTESIAN_POINT('',(0.441786466912,176.76960696043));
#4361 = CARTESIAN_POINT('',(0.220893233456,176.96307264787));
#4362 = CARTESIAN_POINT('',(1.33226762955E-14,177.09586174843));
#4363 = ( GEOMETRIC_REPRESENTATION_CONTEXT(2) 
PARAMETRIC_REPRESENTATION_CONTEXT() REPRESENTATION_CONTEXT('2D SPACE',''
  ) );
#4364 = FACE_BOUND('',#4365,.T.);
#4365 = EDGE_LOOP('',(#4366,#4718,#5068,#5096));
#4366 = ORIENTED_EDGE('',*,*,#4367,.F.);
#4367 = EDGE_CURVE('',#4368,#4370,#4372,.T.);
#4368 = VERTEX_POINT('',#4369);
#4369 = CARTESIAN_POINT('',(20.036176721501,203.,246.40329741109));
#4370 = VERTEX_POINT('',#4371);
#4371 = CARTESIAN_POINT('',(19.757877643406,203.,246.38712554916));
#4372 = SURFACE_CURVE('',#4373,(#4486,#4602),.PCURVE_S1.);
#4373 = B_SPLINE_CURVE_WITH_KNOTS('',6,(#4374,#4375,#4376,#4377,#4378,
    #4379,#4380,#4381,#4382,#4383,#4384,#4385,#4386,#4387,#4388,#4389,
    #4390,#4391,#4392,#4393,#4394,#4395,#4396,#4397,#4398,#4399,#4400,
    #4401,#4402,#4403,#4404,#4405,#4406,#4407,#4408,#4409,#4410,#4411,
    #4412,#4413,#4414,#4415,#4416,#4417,#4418,#4419,#4420,#4421,#4422,
    #4423,#4424,#4425,#4426,#4427,#4428,#4429,#4430,#4431,#4432,#4433,
    #4434,#4435,#4436,#4437,#4438,#4439,#4440,#4441,#4442,#4443,#4444,
    #4445,#4446,#4447,#4448,#4449,#4450,#4451,#4452,#4453,#4454,#4455,
    #4456,#4457,#4458,#4459,#4460,#4461,#4462,#4463,#4464,#4465,#4466,
    #4467,#4468,#4469,#4470,#4471,#4472,#4473,#4474,#4475,#4476,#4477,
    #4478,#4479,#4480,#4481,#4482,#4483,#4484,#4485),.UNSPECIFIED.,.T.,
  .F.,(7,5,5,5,5,5,5,5,5,5,5,5,5,5,5,5,5,5,5,5,5,5,7),(0.,
    7.006409833235E-02,0.115080127159,0.163069569051,0.263969788479,
    0.365633180143,0.413622577556,0.459639190208,0.486660151925,
    0.541718681991,0.582764181114,0.599780042583,0.62379709814,
    0.660807408211,0.695797216463,0.717781773328,0.764734335564,
    0.81160924502,0.832594489151,0.868583995879,0.905594577031,
    0.970652708231,1.),.UNSPECIFIED.);
#4374 = CARTESIAN_POINT('',(20.036176721501,203.,246.40329741109));
#4375 = CARTESIAN_POINT('',(19.859826559228,203.,246.40325539566));
#4376 = CARTESIAN_POINT('',(19.683467551829,203.,246.38774579455));
#4377 = CARTESIAN_POINT('',(19.508826491057,203.,246.35676284799));
#4378 = CARTESIAN_POINT('',(19.337583516764,203.,246.31056188188));
#4379 = CARTESIAN_POINT('',(19.171373346296,203.,246.24961369462));
#4380 = CARTESIAN_POINT('',(18.909218303114,203.,246.12648732032));
#4381 = CARTESIAN_POINT('',(18.809389890833,203.,246.07253540194));
#4382 = CARTESIAN_POINT('',(18.712693269132,203.,246.01298655064));
#4383 = CARTESIAN_POINT('',(18.619518665332,203.,245.94806830137));
#4384 = CARTESIAN_POINT('',(18.530233575377,203.,245.87804409271));
#4385 = CARTESIAN_POINT('',(18.354514204988,203.,245.72343989164));
#4386 = CARTESIAN_POINT('',(18.268654256762,203.,245.63820106467));
#4387 = CARTESIAN_POINT('',(18.188020573292,203.,245.54786069767));
#4388 = CARTESIAN_POINT('',(18.112988921917,203.,245.45281896038));
#4389 = CARTESIAN_POINT('',(18.043893183182,203.,245.35351228056));
#4390 = CARTESIAN_POINT('',(17.84884185616,203.,245.03364202648));
#4391 = CARTESIAN_POINT('',(17.744136014423,203.,244.80001936237));
#4392 = CARTESIAN_POINT('',(17.669730792327,203.,244.55405606462));
#4393 = CARTESIAN_POINT('',(17.627219426786,203.,244.30062807535));
#4394 = CARTESIAN_POINT('',(17.617368195899,203.,244.04481361702));
#4395 = CARTESIAN_POINT('',(17.662139552806,203.,243.5371266516));
#4396 = CARTESIAN_POINT('',(17.717266793966,203.,243.28511209253));
#4397 = CARTESIAN_POINT('',(17.804611929553,203.,243.04132741202));
#4398 = CARTESIAN_POINT('',(17.922483805621,203.,242.8107466848));
#4399 = CARTESIAN_POINT('',(18.068392837849,203.,242.59798848069));
#4400 = CARTESIAN_POINT('',(18.319041403959,203.,242.31695593629));
#4401 = CARTESIAN_POINT('',(18.404861836591,203.,242.23168687994));
#4402 = CARTESIAN_POINT('',(18.495754880718,203.,242.15168028303));
#4403 = CARTESIAN_POINT('',(18.591313646367,203.,242.07730545288));
#4404 = CARTESIAN_POINT('',(18.691096555243,203.,242.00888849967));
#4405 = CARTESIAN_POINT('',(18.893902147642,203.,241.88709199614));
#4406 = CARTESIAN_POINT('',(18.996626794339,203.,241.83320781343));
#4407 = CARTESIAN_POINT('',(19.102381357407,203.,241.78530819978));
#4408 = CARTESIAN_POINT('',(19.210728679846,203.,241.74359848991));
#4409 = CARTESIAN_POINT('',(19.321214371065,203.,241.70824094171));
#4410 = CARTESIAN_POINT('',(19.499223007913,203.,241.66239266321));
#4411 = CARTESIAN_POINT('',(19.56565470333,203.,241.64766171226));
#4412 = CARTESIAN_POINT('',(19.632566948488,203.,241.63518580291));
#4413 = CARTESIAN_POINT('',(19.699863959028,203.,241.62498344738));
#4414 = CARTESIAN_POINT('',(19.76744911088,203.,241.61706775068));
#4415 = CARTESIAN_POINT('',(19.973326598507,203.,241.59999212062));
#4416 = CARTESIAN_POINT('',(20.112224426523,203.,241.59806399143));
#4417 = CARTESIAN_POINT('',(20.251087833578,203.,241.60572673006));
#4418 = CARTESIAN_POINT('',(20.389092709193,203.,241.62295119188));
#4419 = CARTESIAN_POINT('',(20.525423901491,203.,241.64961513076));
#4420 = CARTESIAN_POINT('',(20.759063883337,203.,241.71225846691));
#4421 = CARTESIAN_POINT('',(20.857476405096,203.,241.74414034414));
#4422 = CARTESIAN_POINT('',(20.954183570663,203.,241.78106043963));
#4423 = CARTESIAN_POINT('',(21.04886447432,203.,241.82290294535));
#4424 = CARTESIAN_POINT('',(21.141208994799,203.,241.86952538662));
#4425 = CARTESIAN_POINT('',(21.268107671753,203.,241.94199797122));
#4426 = CARTESIAN_POINT('',(21.304844748308,203.,241.96402981577));
#4427 = CARTESIAN_POINT('',(21.341107822438,203.,241.9868421579));
#4428 = CARTESIAN_POINT('',(21.376876142317,203.,242.01042227721));
#4429 = CARTESIAN_POINT('',(21.412129406798,203.,242.03475673066));
#4430 = CARTESIAN_POINT('',(21.495851016374,203.,242.09522294482));
#4431 = CARTESIAN_POINT('',(21.54378871361,203.,242.13208915231));
#4432 = CARTESIAN_POINT('',(21.59060497692,203.,242.17039009239));
#4433 = CARTESIAN_POINT('',(21.636246063362,203.,242.21008324437));
#4434 = CARTESIAN_POINT('',(21.680660367256,203.,242.25112344962));
#4435 = CARTESIAN_POINT('',(21.790274098258,203.,242.35870796133));
#4436 = CARTESIAN_POINT('',(21.853719701757,203.,242.42703890142));
#4437 = CARTESIAN_POINT('',(21.913953633349,203.,242.49828019598));
#4438 = CARTESIAN_POINT('',(21.970809052707,203.,242.57224378575));
#4439 = CARTESIAN_POINT('',(22.024133876505,203.,242.64872908802));
#4440 = CARTESIAN_POINT('',(22.120736799992,203.,242.80201532433));
#4441 = CARTESIAN_POINT('',(22.164405147793,203.,242.87857194968));
#4442 = CARTESIAN_POINT('',(22.204679962427,203.,242.95701276004));
#4443 = CARTESIAN_POINT('',(22.241459353887,203.,243.03715040832));
#4444 = CARTESIAN_POINT('',(22.274655401557,203.,243.11879031292));
#4445 = CARTESIAN_POINT('',(22.322753781165,203.,243.25384323413));
#4446 = CARTESIAN_POINT('',(22.339869714764,203.,243.30646942613));
#4447 = CARTESIAN_POINT('',(22.355523709049,203.,243.35955931503));
#4448 = CARTESIAN_POINT('',(22.369699897596,203.,243.41306226264));
#4449 = CARTESIAN_POINT('',(22.382384793513,203.,243.46692691139));
#4450 = CARTESIAN_POINT('',(22.417449730437,203.,243.63680090899));
#4451 = CARTESIAN_POINT('',(22.434479806385,203.,243.75391557413));
#4452 = CARTESIAN_POINT('',(22.444548855038,203.,243.87193368832));
#4453 = CARTESIAN_POINT('',(22.447600395281,203.,243.99034037969));
#4454 = CARTESIAN_POINT('',(22.443630127137,203.,244.10861739588));
#4455 = CARTESIAN_POINT('',(22.421760014086,203.,244.34367429781));
#4456 = CARTESIAN_POINT('',(22.403882766367,203.,244.46046118124));
#4457 = CARTESIAN_POINT('',(22.379103166287,203.,244.57608484352));
#4458 = CARTESIAN_POINT('',(22.347520513531,203.,244.69003923727));
#4459 = CARTESIAN_POINT('',(22.309284429784,203.,244.80183117843));
#4460 = CARTESIAN_POINT('',(22.244587868706,203.,244.95984517614));
#4461 = CARTESIAN_POINT('',(22.223287270564,203.,245.00818083317));
#4462 = CARTESIAN_POINT('',(22.200710890947,203.,245.05594458526));
#4463 = CARTESIAN_POINT('',(22.176878391349,203.,245.10309464507));
#4464 = CARTESIAN_POINT('',(22.151811268118,203.,245.14959017007));
#4465 = CARTESIAN_POINT('',(22.080465701489,203.,245.27393961561));
#4466 = CARTESIAN_POINT('',(22.03183544343,203.,245.35044607905));
#4467 = CARTESIAN_POINT('',(21.979760364981,203.,245.42470878033));
#4468 = CARTESIAN_POINT('',(21.924372665491,203.,245.49653663882));
#4469 = CARTESIAN_POINT('',(21.865818456956,203.,245.56574936583));
#4470 = CARTESIAN_POINT('',(21.74095053184,203.,245.700490234));
#4471 = CARTESIAN_POINT('',(21.674462818921,203.,245.76585898644));
#4472 = CARTESIAN_POINT('',(21.60496880922,203.,245.82809952663));
#4473 = CARTESIAN_POINT('',(21.532654886093,203.,245.88704268058));
#4474 = CARTESIAN_POINT('',(21.45771963228,203.,245.94253429551));
#4475 = CARTESIAN_POINT('',(21.244413300358,203.,246.08566847386));
#4476 = CARTESIAN_POINT('',(21.100994423403,203.,246.16581140028));
#4477 = CARTESIAN_POINT('',(20.951272840443,203.,246.23410399545));
#4478 = CARTESIAN_POINT('',(20.796476636082,203.,246.28995469673));
#4479 = CARTESIAN_POINT('',(20.637900194007,203.,246.33294137228));
#4480 = CARTESIAN_POINT('',(20.404271154701,203.,246.37628698655));
#4481 = CARTESIAN_POINT('',(20.331148789319,203.,246.38709348354));
#4482 = CARTESIAN_POINT('',(20.25765404214,203.,246.39520915916));
#4483 = CARTESIAN_POINT('',(20.183910689086,203.,246.40061888273));
#4484 = CARTESIAN_POINT('',(20.11004319657,203.,246.4033150156));
#4485 = CARTESIAN_POINT('',(20.036176721501,203.,246.40329741109));
#4486 = PCURVE('',#98,#4487);
#4487 = DEFINITIONAL_REPRESENTATION('',(#4488),#4601);
#4488 = B_SPLINE_CURVE_WITH_KNOTS('',6,(#4489,#4490,#4491,#4492,#4493,
    #4494,#4495,#4496,#4497,#4498,#4499,#4500,#4501,#4502,#4503,#4504,
    #4505,#4506,#4507,#4508,#4509,#4510,#4511,#4512,#4513,#4514,#4515,
    #4516,#4517,#4518,#4519,#4520,#4521,#4522,#4523,#4524,#4525,#4526,
    #4527,#4528,#4529,#4530,#4531,#4532,#4533,#4534,#4535,#4536,#4537,
    #4538,#4539,#4540,#4541,#4542,#4543,#4544,#4545,#4546,#4547,#4548,
    #4549,#4550,#4551,#4552,#4553,#4554,#4555,#4556,#4557,#4558,#4559,
    #4560,#4561,#4562,#4563,#4564,#4565,#4566,#4567,#4568,#4569,#4570,
    #4571,#4572,#4573,#4574,#4575,#4576,#4577,#4578,#4579,#4580,#4581,
    #4582,#4583,#4584,#4585,#4586,#4587,#4588,#4589,#4590,#4591,#4592,
    #4593,#4594,#4595,#4596,#4597,#4598,#4599,#4600),.UNSPECIFIED.,.F.,
  .F.,(7,5,5,5,5,5,5,5,5,5,5,5,5,5,5,5,5,5,5,5,5,5,7),(0.,
    7.006409833235E-02,0.115080127159,0.163069569051,0.263969788479,
    0.365633180143,0.413622577556,0.459639190208,0.486660151925,
    0.541718681991,0.582764181114,0.599780042583,0.62379709814,
    0.660807408211,0.695797216463,0.717781773328,0.764734335564,
    0.81160924502,0.832594489151,0.868583995879,0.905594577031,
    0.970652708231,1.),.UNSPECIFIED.);
#4489 = CARTESIAN_POINT('',(30.036176721501,112.01340519126));
#4490 = CARTESIAN_POINT('',(29.859826559228,112.01336317583));
#4491 = CARTESIAN_POINT('',(29.683467551829,111.99785357471));
#4492 = CARTESIAN_POINT('',(29.508826491057,111.96687062816));
#4493 = CARTESIAN_POINT('',(29.337583516764,111.92066966204));
#4494 = CARTESIAN_POINT('',(29.171373346296,111.85972147479));
#4495 = CARTESIAN_POINT('',(28.909218303114,111.73659510048));
#4496 = CARTESIAN_POINT('',(28.809389890833,111.68264318211));
#4497 = CARTESIAN_POINT('',(28.712693269132,111.62309433081));
#4498 = CARTESIAN_POINT('',(28.619518665332,111.55817608153));
#4499 = CARTESIAN_POINT('',(28.530233575377,111.48815187288));
#4500 = CARTESIAN_POINT('',(28.354514204988,111.3335476718));
#4501 = CARTESIAN_POINT('',(28.268654256762,111.24830884483));
#4502 = CARTESIAN_POINT('',(28.188020573292,111.15796847784));
#4503 = CARTESIAN_POINT('',(28.112988921917,111.06292674055));
#4504 = CARTESIAN_POINT('',(28.043893183182,110.96362006072));
#4505 = CARTESIAN_POINT('',(27.84884185616,110.64374980664));
#4506 = CARTESIAN_POINT('',(27.744136014423,110.41012714253));
#4507 = CARTESIAN_POINT('',(27.669730792327,110.16416384479));
#4508 = CARTESIAN_POINT('',(27.627219426786,109.91073585552));
#4509 = CARTESIAN_POINT('',(27.617368195899,109.65492139718));
#4510 = CARTESIAN_POINT('',(27.662139552806,109.14723443177));
#4511 = CARTESIAN_POINT('',(27.717266793966,108.89521987269));
#4512 = CARTESIAN_POINT('',(27.804611929553,108.65143519218));
#4513 = CARTESIAN_POINT('',(27.922483805621,108.42085446497));
#4514 = CARTESIAN_POINT('',(28.068392837849,108.20809626085));
#4515 = CARTESIAN_POINT('',(28.319041403959,107.92706371645));
#4516 = CARTESIAN_POINT('',(28.404861836591,107.84179466011));
#4517 = CARTESIAN_POINT('',(28.495754880718,107.76178806319));
#4518 = CARTESIAN_POINT('',(28.591313646367,107.68741323304));
#4519 = CARTESIAN_POINT('',(28.691096555243,107.61899627983));
#4520 = CARTESIAN_POINT('',(28.893902147642,107.4971997763));
#4521 = CARTESIAN_POINT('',(28.996626794339,107.4433155936));
#4522 = CARTESIAN_POINT('',(29.102381357407,107.39541597995));
#4523 = CARTESIAN_POINT('',(29.210728679846,107.35370627007));
#4524 = CARTESIAN_POINT('',(29.321214371065,107.31834872187));
#4525 = CARTESIAN_POINT('',(29.499223007913,107.27250044337));
#4526 = CARTESIAN_POINT('',(29.56565470333,107.25776949242));
#4527 = CARTESIAN_POINT('',(29.632566948488,107.24529358307));
#4528 = CARTESIAN_POINT('',(29.699863959028,107.23509122755));
#4529 = CARTESIAN_POINT('',(29.76744911088,107.22717553085));
#4530 = CARTESIAN_POINT('',(29.973326598507,107.21009990078));
#4531 = CARTESIAN_POINT('',(30.112224426523,107.20817177159));
#4532 = CARTESIAN_POINT('',(30.251087833578,107.21583451022));
#4533 = CARTESIAN_POINT('',(30.389092709193,107.23305897204));
#4534 = CARTESIAN_POINT('',(30.525423901491,107.25972291093));
#4535 = CARTESIAN_POINT('',(30.759063883337,107.32236624707));
#4536 = CARTESIAN_POINT('',(30.857476405096,107.3542481243));
#4537 = CARTESIAN_POINT('',(30.954183570663,107.39116821979));
#4538 = CARTESIAN_POINT('',(31.04886447432,107.43301072552));
#4539 = CARTESIAN_POINT('',(31.141208994799,107.47963316679));
#4540 = CARTESIAN_POINT('',(31.268107671753,107.55210575139));
#4541 = CARTESIAN_POINT('',(31.304844748308,107.57413759593));
#4542 = CARTESIAN_POINT('',(31.341107822438,107.59694993807));
#4543 = CARTESIAN_POINT('',(31.376876142317,107.62053005737));
#4544 = CARTESIAN_POINT('',(31.412129406798,107.64486451082));
#4545 = CARTESIAN_POINT('',(31.495851016374,107.70533072498));
#4546 = CARTESIAN_POINT('',(31.54378871361,107.74219693247));
#4547 = CARTESIAN_POINT('',(31.59060497692,107.78049787255));
#4548 = CARTESIAN_POINT('',(31.636246063362,107.82019102454));
#4549 = CARTESIAN_POINT('',(31.680660367256,107.86123122978));
#4550 = CARTESIAN_POINT('',(31.790274098258,107.96881574149));
#4551 = CARTESIAN_POINT('',(31.853719701757,108.03714668158));
#4552 = CARTESIAN_POINT('',(31.913953633349,108.10838797614));
#4553 = CARTESIAN_POINT('',(31.970809052707,108.18235156591));
#4554 = CARTESIAN_POINT('',(32.024133876505,108.25883686819));
#4555 = CARTESIAN_POINT('',(32.120736799992,108.41212310449));
#4556 = CARTESIAN_POINT('',(32.164405147793,108.48867972984));
#4557 = CARTESIAN_POINT('',(32.204679962427,108.56712054021));
#4558 = CARTESIAN_POINT('',(32.241459353887,108.64725818848));
#4559 = CARTESIAN_POINT('',(32.274655401557,108.72889809308));
#4560 = CARTESIAN_POINT('',(32.322753781165,108.8639510143));
#4561 = CARTESIAN_POINT('',(32.339869714764,108.91657720629));
#4562 = CARTESIAN_POINT('',(32.355523709049,108.96966709519));
#4563 = CARTESIAN_POINT('',(32.369699897596,109.02317004281));
#4564 = CARTESIAN_POINT('',(32.382384793513,109.07703469155));
#4565 = CARTESIAN_POINT('',(32.417449730437,109.24690868915));
#4566 = CARTESIAN_POINT('',(32.434479806385,109.36402335429));
#4567 = CARTESIAN_POINT('',(32.444548855038,109.48204146848));
#4568 = CARTESIAN_POINT('',(32.447600395281,109.60044815986));
#4569 = CARTESIAN_POINT('',(32.443630127137,109.71872517604));
#4570 = CARTESIAN_POINT('',(32.421760014086,109.95378207797));
#4571 = CARTESIAN_POINT('',(32.403882766367,110.0705689614));
#4572 = CARTESIAN_POINT('',(32.379103166287,110.18619262369));
#4573 = CARTESIAN_POINT('',(32.347520513531,110.30014701743));
#4574 = CARTESIAN_POINT('',(32.309284429784,110.41193895859));
#4575 = CARTESIAN_POINT('',(32.244587868706,110.5699529563));
#4576 = CARTESIAN_POINT('',(32.223287270564,110.61828861333));
#4577 = CARTESIAN_POINT('',(32.200710890947,110.66605236542));
#4578 = CARTESIAN_POINT('',(32.176878391349,110.71320242524));
#4579 = CARTESIAN_POINT('',(32.151811268118,110.75969795023));
#4580 = CARTESIAN_POINT('',(32.080465701489,110.88404739578));
#4581 = CARTESIAN_POINT('',(32.03183544343,110.96055385922));
#4582 = CARTESIAN_POINT('',(31.979760364981,111.03481656049));
#4583 = CARTESIAN_POINT('',(31.924372665491,111.10664441899));
#4584 = CARTESIAN_POINT('',(31.865818456956,111.17585714599));
#4585 = CARTESIAN_POINT('',(31.74095053184,111.31059801416));
#4586 = CARTESIAN_POINT('',(31.674462818921,111.37596676661));
#4587 = CARTESIAN_POINT('',(31.60496880922,111.43820730679));
#4588 = CARTESIAN_POINT('',(31.532654886093,111.49715046075));
#4589 = CARTESIAN_POINT('',(31.45771963228,111.55264207567));
#4590 = CARTESIAN_POINT('',(31.244413300358,111.69577625403));
#4591 = CARTESIAN_POINT('',(31.100994423403,111.77591918044));
#4592 = CARTESIAN_POINT('',(30.951272840443,111.84421177561));
#4593 = CARTESIAN_POINT('',(30.796476636082,111.90006247689));
#4594 = CARTESIAN_POINT('',(30.637900194007,111.94304915245));
#4595 = CARTESIAN_POINT('',(30.404271154701,111.98639476671));
#4596 = CARTESIAN_POINT('',(30.331148789319,111.9972012637));
#4597 = CARTESIAN_POINT('',(30.25765404214,112.00531693932));
#4598 = CARTESIAN_POINT('',(30.183910689086,112.01072666289));
#4599 = CARTESIAN_POINT('',(30.11004319657,112.01342279576));
#4600 = CARTESIAN_POINT('',(30.036176721501,112.01340519126));
#4601 = ( GEOMETRIC_REPRESENTATION_CONTEXT(2) 
PARAMETRIC_REPRESENTATION_CONTEXT() REPRESENTATION_CONTEXT('2D SPACE',''
  ) );
#4602 = PCURVE('',#2402,#4603);
#4603 = DEFINITIONAL_REPRESENTATION('',(#4604),#4717);
#4604 = B_SPLINE_CURVE_WITH_KNOTS('',6,(#4605,#4606,#4607,#4608,#4609,
    #4610,#4611,#4612,#4613,#4614,#4615,#4616,#4617,#4618,#4619,#4620,
    #4621,#4622,#4623,#4624,#4625,#4626,#4627,#4628,#4629,#4630,#4631,
    #4632,#4633,#4634,#4635,#4636,#4637,#4638,#4639,#4640,#4641,#4642,
    #4643,#4644,#4645,#4646,#4647,#4648,#4649,#4650,#4651,#4652,#4653,
    #4654,#4655,#4656,#4657,#4658,#4659,#4660,#4661,#4662,#4663,#4664,
    #4665,#4666,#4667,#4668,#4669,#4670,#4671,#4672,#4673,#4674,#4675,
    #4676,#4677,#4678,#4679,#4680,#4681,#4682,#4683,#4684,#4685,#4686,
    #4687,#4688,#4689,#4690,#4691,#4692,#4693,#4694,#4695,#4696,#4697,
    #4698,#4699,#4700,#4701,#4702,#4703,#4704,#4705,#4706,#4707,#4708,
    #4709,#4710,#4711,#4712,#4713,#4714,#4715,#4716),.UNSPECIFIED.,.F.,
  .F.,(7,5,5,5,5,5,5,5,5,5,5,5,5,5,5,5,5,5,5,5,5,5,7),(0.,
    7.006409833235E-02,0.115080127159,0.163069569051,0.263969788479,
    0.365633180143,0.413622577556,0.459639190208,0.486660151925,
    0.541718681991,0.582764181114,0.599780042583,0.62379709814,
    0.660807408211,0.695797216463,0.717781773328,0.764734335564,
    0.81160924502,0.832594489151,0.868583995879,0.905594577031,
    0.970652708231,1.),.UNSPECIFIED.);
#4605 = CARTESIAN_POINT('',(7.262143832943E-02,4.621492824993));
#4606 = CARTESIAN_POINT('',(7.169683644662E-02,4.694779993586));
#4607 = CARTESIAN_POINT('',(7.079299881546E-02,4.768075044517));
#4608 = CARTESIAN_POINT('',(6.99182194287E-02,4.841369302924));
#4609 = CARTESIAN_POINT('',(6.907886598915E-02,4.914671698509));
#4610 = CARTESIAN_POINT('',(6.827988217885E-02,4.987990790248));
#4611 = CARTESIAN_POINT('',(6.704039960229E-02,5.108427088375));
#4612 = CARTESIAN_POINT('',(6.657384309178E-02,5.155543046367));
#4613 = CARTESIAN_POINT('',(6.612658424792E-02,5.202664088154));
#4614 = CARTESIAN_POINT('',(6.569946788423E-02,5.249790429427));
#4615 = CARTESIAN_POINT('',(6.529318113361E-02,5.296922167262));
#4616 = CARTESIAN_POINT('',(6.449790043896E-02,5.394309908549));
#4617 = CARTESIAN_POINT('',(6.411184406686E-02,5.444566653325));
#4618 = CARTESIAN_POINT('',(6.375072778083E-02,5.49482947962));
#4619 = CARTESIAN_POINT('',(6.34150733393E-02,5.545098227945));
#4620 = CARTESIAN_POINT('',(6.310528081042E-02,5.595372614143));
#4621 = CARTESIAN_POINT('',(6.222524222403E-02,5.751367653717));
#4622 = CARTESIAN_POINT('',(6.174425514414E-02,5.857142562296));
#4623 = CARTESIAN_POINT('',(6.138206816502E-02,5.962894620672));
#4624 = CARTESIAN_POINT('',(6.11390768344E-02,6.068660062875));
#4625 = CARTESIAN_POINT('',(6.101626842556E-02,6.174475202976));
#4626 = CARTESIAN_POINT('',(6.101070347513E-02,6.386832858811));
#4627 = CARTESIAN_POINT('',(6.112976759675E-02,6.493449478103));
#4628 = CARTESIAN_POINT('',(6.137086093456E-02,6.600014942087));
#4629 = CARTESIAN_POINT('',(6.173297307599E-02,6.706567076225));
#4630 = CARTESIAN_POINT('',(6.221573118319E-02,6.813143458816));
#4631 = CARTESIAN_POINT('',(6.309884637518E-02,6.969938101764));
#4632 = CARTESIAN_POINT('',(6.340818292493E-02,7.020212465348));
#4633 = CARTESIAN_POINT('',(6.374338640084E-02,7.070481195564));
#4634 = CARTESIAN_POINT('',(6.410405789062E-02,7.120744007004));
#4635 = CARTESIAN_POINT('',(6.448967704867E-02,7.17100073879));
#4636 = CARTESIAN_POINT('',(6.529267595048E-02,7.269436229699));
#4637 = CARTESIAN_POINT('',(6.570807675003E-02,7.317615488551));
#4638 = CARTESIAN_POINT('',(6.614524151655E-02,7.365789106665));
#4639 = CARTESIAN_POINT('',(6.660343453725E-02,7.413957189151));
#4640 = CARTESIAN_POINT('',(6.70817473647E-02,7.462119970683));
#4641 = CARTESIAN_POINT('',(6.787114203434E-02,7.538556109081));
#4642 = CARTESIAN_POINT('',(6.816974507503E-02,7.566832701061));
#4643 = CARTESIAN_POINT('',(6.847468573169E-02,7.595107666296));
#4644 = CARTESIAN_POINT('',(6.87857138859E-02,7.623381095103));
#4645 = CARTESIAN_POINT('',(6.910255150811E-02,7.651653093262));
#4646 = CARTESIAN_POINT('',(7.008170205209E-02,7.737528784513));
#4647 = CARTESIAN_POINT('',(7.076137627228E-02,7.795129982684));
#4648 = CARTESIAN_POINT('',(7.14612760594E-02,7.852724856097));
#4649 = CARTESIAN_POINT('',(7.217828619854E-02,7.910316598628));
#4650 = CARTESIAN_POINT('',(7.290869160412E-02,7.967908598618));
#4651 = CARTESIAN_POINT('',(7.419923820826E-02,8.068431838662));
#4652 = CARTESIAN_POINT('',(7.475541657677E-02,8.111364721549));
#4653 = CARTESIAN_POINT('',(7.531476419594E-02,8.154298249981));
#4654 = CARTESIAN_POINT('',(7.587526850711E-02,8.197233104949));
#4655 = CARTESIAN_POINT('',(7.643472870807E-02,8.240169966147));
#4656 = CARTESIAN_POINT('',(7.722126340995E-02,8.300910571246));
#4657 = CARTESIAN_POINT('',(7.745118210097E-02,8.318712089887));
#4658 = CARTESIAN_POINT('',(7.768034219432E-02,8.336514114854));
#4659 = CARTESIAN_POINT('',(7.790856962927E-02,8.354316691473));
#4660 = CARTESIAN_POINT('',(7.813568591607E-02,8.372119863432));
#4661 = CARTESIAN_POINT('',(7.868024485019E-02,8.415052878202));
#4662 = CARTESIAN_POINT('',(7.899640511041E-02,8.440183352306));
#4663 = CARTESIAN_POINT('',(7.930947287437E-02,8.465315214198));
#4664 = CARTESIAN_POINT('',(7.961892070119E-02,8.49044857168));
#4665 = CARTESIAN_POINT('',(7.992420975143E-02,8.515583521249));
#4666 = CARTESIAN_POINT('',(8.068797996255E-02,8.579455718869));
#4667 = CARTESIAN_POINT('',(8.114000717134E-02,8.618195265563));
#4668 = CARTESIAN_POINT('',(8.157883420368E-02,8.656939105059));
#4669 = CARTESIAN_POINT('',(8.20024376378E-02,8.69568745576));
#4670 = CARTESIAN_POINT('',(8.240880783996E-02,8.734440437591));
#4671 = CARTESIAN_POINT('',(8.316195524782E-02,8.809839813022));
#4672 = CARTESIAN_POINT('',(8.351080481975E-02,8.84648570788));
#4673 = CARTESIAN_POINT('',(8.384081091196E-02,8.883135766406));
#4674 = CARTESIAN_POINT('',(8.415039410108E-02,8.919789905763));
#4675 = CARTESIAN_POINT('',(8.443808230864E-02,8.956447950452));
#4676 = CARTESIAN_POINT('',(8.486865691097E-02,9.016144649341));
#4677 = CARTESIAN_POINT('',(8.502562773125E-02,9.039181102737));
#4678 = CARTESIAN_POINT('',(8.517308981223E-02,9.06221892547));
#4679 = CARTESIAN_POINT('',(8.531073848042E-02,9.085258037868));
#4680 = CARTESIAN_POINT('',(8.543829783841E-02,9.108298347619));
#4681 = CARTESIAN_POINT('',(8.580586674632E-02,9.180549423456));
#4682 = CARTESIAN_POINT('',(8.600910342623E-02,9.229764116531));
#4683 = CARTESIAN_POINT('',(8.6162775971E-02,9.27898274312));
#4684 = CARTESIAN_POINT('',(8.626523885973E-02,9.32820409293));
#4685 = CARTESIAN_POINT('',(8.63156558844E-02,9.377426831253));
#4686 = CARTESIAN_POINT('',(8.631236028728E-02,9.475790759471));
#4687 = CARTESIAN_POINT('',(8.625881925163E-02,9.524932023229));
#4688 = CARTESIAN_POINT('',(8.615343756126E-02,9.574071836159));
#4689 = CARTESIAN_POINT('',(8.599707757157E-02,9.623208872106));
#4690 = CARTESIAN_POINT('',(8.579140347491E-02,9.672341932843));
#4691 = CARTESIAN_POINT('',(8.542582705242E-02,9.743463876255));
#4692 = CARTESIAN_POINT('',(8.530337591821E-02,9.765456800157));
#4693 = CARTESIAN_POINT('',(8.517174463535E-02,9.787448629253));
#4694 = CARTESIAN_POINT('',(8.50311738271E-02,9.809439283516));
#4695 = CARTESIAN_POINT('',(8.488192800256E-02,9.831428693424));
#4696 = CARTESIAN_POINT('',(8.445396153307E-02,9.891126206781));
#4697 = CARTESIAN_POINT('',(8.415894083203E-02,9.928831781315));
#4698 = CARTESIAN_POINT('',(8.384071348147E-02,9.966533227648));
#4699 = CARTESIAN_POINT('',(8.35008796034E-02,10.004230353547));
#4700 = CARTESIAN_POINT('',(8.314115941401E-02,10.041923070447));
#4701 = CARTESIAN_POINT('',(8.237490907112E-02,10.118368988762));
#4702 = CARTESIAN_POINT('',(8.196730530685E-02,10.157121932104));
#4703 = CARTESIAN_POINT('',(8.154258070235E-02,10.195870249791));
#4704 = CARTESIAN_POINT('',(8.110274626332E-02,10.234614066128));
#4705 = CARTESIAN_POINT('',(8.064982522964E-02,10.273353603416));
#4706 = CARTESIAN_POINT('',(7.937026710715E-02,10.380179556929));
#4707 = CARTESIAN_POINT('',(7.852041854973E-02,10.448261367454));
#4708 = CARTESIAN_POINT('',(7.764733663655E-02,10.51632829896));
#4709 = CARTESIAN_POINT('',(7.676137117531E-02,10.584387088928));
#4710 = CARTESIAN_POINT('',(7.587193513689E-02,10.652444815566));
#4711 = CARTESIAN_POINT('',(7.458817202267E-02,10.751193708871));
#4712 = CARTESIAN_POINT('',(7.419005670204E-02,10.78189068586));
#4713 = CARTESIAN_POINT('',(7.37936517697E-02,10.812587375128));
#4714 = CARTESIAN_POINT('',(7.339965665657E-02,10.843284023606));
#4715 = CARTESIAN_POINT('',(7.300871973712E-02,10.873980867475));
#4716 = CARTESIAN_POINT('',(7.262143832943E-02,10.904678132173));
#4717 = ( GEOMETRIC_REPRESENTATION_CONTEXT(2) 
PARAMETRIC_REPRESENTATION_CONTEXT() REPRESENTATION_CONTEXT('2D SPACE',''
  ) );
#4718 = ORIENTED_EDGE('',*,*,#4719,.F.);
#4719 = EDGE_CURVE('',#4720,#4368,#4722,.T.);
#4720 = VERTEX_POINT('',#4721);
#4721 = CARTESIAN_POINT('',(17.641827381179,203.,244.23599535853));
#4722 = SURFACE_CURVE('',#4723,(#4836,#4952),.PCURVE_S1.);
#4723 = B_SPLINE_CURVE_WITH_KNOTS('',6,(#4724,#4725,#4726,#4727,#4728,
    #4729,#4730,#4731,#4732,#4733,#4734,#4735,#4736,#4737,#4738,#4739,
    #4740,#4741,#4742,#4743,#4744,#4745,#4746,#4747,#4748,#4749,#4750,
    #4751,#4752,#4753,#4754,#4755,#4756,#4757,#4758,#4759,#4760,#4761,
    #4762,#4763,#4764,#4765,#4766,#4767,#4768,#4769,#4770,#4771,#4772,
    #4773,#4774,#4775,#4776,#4777,#4778,#4779,#4780,#4781,#4782,#4783,
    #4784,#4785,#4786,#4787,#4788,#4789,#4790,#4791,#4792,#4793,#4794,
    #4795,#4796,#4797,#4798,#4799,#4800,#4801,#4802,#4803,#4804,#4805,
    #4806,#4807,#4808,#4809,#4810,#4811,#4812,#4813,#4814,#4815,#4816,
    #4817,#4818,#4819,#4820,#4821,#4822,#4823,#4824,#4825,#4826,#4827,
    #4828,#4829,#4830,#4831,#4832,#4833,#4834,#4835),.UNSPECIFIED.,.T.,
  .F.,(7,5,5,5,5,5,5,5,5,5,5,5,5,5,5,5,5,5,5,5,5,5,7),(0.,
    7.006409833235E-02,0.115080127159,0.163069569051,0.263969788479,
    0.365633180143,0.413622577556,0.459639190208,0.486660151925,
    0.541718681991,0.582764181114,0.599780042583,0.62379709814,
    0.660807408211,0.695797216463,0.717781773328,0.764734335564,
    0.81160924502,0.832594489151,0.868583995879,0.905594577031,
    0.970652708231,1.),.UNSPECIFIED.);
#4724 = CARTESIAN_POINT('',(20.036176721501,203.,246.40329741109));
#4725 = CARTESIAN_POINT('',(19.859826559228,203.,246.40325539566));
#4726 = CARTESIAN_POINT('',(19.683467551829,203.,246.38774579455));
#4727 = CARTESIAN_POINT('',(19.508826491057,203.,246.35676284799));
#4728 = CARTESIAN_POINT('',(19.337583516764,203.,246.31056188188));
#4729 = CARTESIAN_POINT('',(19.171373346296,203.,246.24961369462));
#4730 = CARTESIAN_POINT('',(18.909218303114,203.,246.12648732032));
#4731 = CARTESIAN_POINT('',(18.809389890833,203.,246.07253540194));
#4732 = CARTESIAN_POINT('',(18.712693269132,203.,246.01298655064));
#4733 = CARTESIAN_POINT('',(18.619518665332,203.,245.94806830137));
#4734 = CARTESIAN_POINT('',(18.530233575377,203.,245.87804409271));
#4735 = CARTESIAN_POINT('',(18.354514204988,203.,245.72343989164));
#4736 = CARTESIAN_POINT('',(18.268654256762,203.,245.63820106467));
#4737 = CARTESIAN_POINT('',(18.188020573292,203.,245.54786069767));
#4738 = CARTESIAN_POINT('',(18.112988921917,203.,245.45281896038));
#4739 = CARTESIAN_POINT('',(18.043893183182,203.,245.35351228056));
#4740 = CARTESIAN_POINT('',(17.84884185616,203.,245.03364202648));
#4741 = CARTESIAN_POINT('',(17.744136014423,203.,244.80001936237));
#4742 = CARTESIAN_POINT('',(17.669730792327,203.,244.55405606462));
#4743 = CARTESIAN_POINT('',(17.627219426786,203.,244.30062807535));
#4744 = CARTESIAN_POINT('',(17.617368195899,203.,244.04481361702));
#4745 = CARTESIAN_POINT('',(17.662139552806,203.,243.5371266516));
#4746 = CARTESIAN_POINT('',(17.717266793966,203.,243.28511209253));
#4747 = CARTESIAN_POINT('',(17.804611929553,203.,243.04132741202));
#4748 = CARTESIAN_POINT('',(17.922483805621,203.,242.8107466848));
#4749 = CARTESIAN_POINT('',(18.068392837849,203.,242.59798848069));
#4750 = CARTESIAN_POINT('',(18.319041403959,203.,242.31695593629));
#4751 = CARTESIAN_POINT('',(18.404861836591,203.,242.23168687994));
#4752 = CARTESIAN_POINT('',(18.495754880718,203.,242.15168028303));
#4753 = CARTESIAN_POINT('',(18.591313646367,203.,242.07730545288));
#4754 = CARTESIAN_POINT('',(18.691096555243,203.,242.00888849967));
#4755 = CARTESIAN_POINT('',(18.893902147642,203.,241.88709199614));
#4756 = CARTESIAN_POINT('',(18.996626794339,203.,241.83320781343));
#4757 = CARTESIAN_POINT('',(19.102381357407,203.,241.78530819978));
#4758 = CARTESIAN_POINT('',(19.210728679846,203.,241.74359848991));
#4759 = CARTESIAN_POINT('',(19.321214371065,203.,241.70824094171));
#4760 = CARTESIAN_POINT('',(19.499223007913,203.,241.66239266321));
#4761 = CARTESIAN_POINT('',(19.56565470333,203.,241.64766171226));
#4762 = CARTESIAN_POINT('',(19.632566948488,203.,241.63518580291));
#4763 = CARTESIAN_POINT('',(19.699863959028,203.,241.62498344738));
#4764 = CARTESIAN_POINT('',(19.76744911088,203.,241.61706775068));
#4765 = CARTESIAN_POINT('',(19.973326598507,203.,241.59999212062));
#4766 = CARTESIAN_POINT('',(20.112224426523,203.,241.59806399143));
#4767 = CARTESIAN_POINT('',(20.251087833578,203.,241.60572673006));
#4768 = CARTESIAN_POINT('',(20.389092709193,203.,241.62295119188));
#4769 = CARTESIAN_POINT('',(20.525423901491,203.,241.64961513076));
#4770 = CARTESIAN_POINT('',(20.759063883337,203.,241.71225846691));
#4771 = CARTESIAN_POINT('',(20.857476405096,203.,241.74414034414));
#4772 = CARTESIAN_POINT('',(20.954183570663,203.,241.78106043963));
#4773 = CARTESIAN_POINT('',(21.04886447432,203.,241.82290294535));
#4774 = CARTESIAN_POINT('',(21.141208994799,203.,241.86952538662));
#4775 = CARTESIAN_POINT('',(21.268107671753,203.,241.94199797122));
#4776 = CARTESIAN_POINT('',(21.304844748308,203.,241.96402981577));
#4777 = CARTESIAN_POINT('',(21.341107822438,203.,241.9868421579));
#4778 = CARTESIAN_POINT('',(21.376876142317,203.,242.01042227721));
#4779 = CARTESIAN_POINT('',(21.412129406798,203.,242.03475673066));
#4780 = CARTESIAN_POINT('',(21.495851016374,203.,242.09522294482));
#4781 = CARTESIAN_POINT('',(21.54378871361,203.,242.13208915231));
#4782 = CARTESIAN_POINT('',(21.59060497692,203.,242.17039009239));
#4783 = CARTESIAN_POINT('',(21.636246063362,203.,242.21008324437));
#4784 = CARTESIAN_POINT('',(21.680660367256,203.,242.25112344962));
#4785 = CARTESIAN_POINT('',(21.790274098258,203.,242.35870796133));
#4786 = CARTESIAN_POINT('',(21.853719701757,203.,242.42703890142));
#4787 = CARTESIAN_POINT('',(21.913953633349,203.,242.49828019598));
#4788 = CARTESIAN_POINT('',(21.970809052707,203.,242.57224378575));
#4789 = CARTESIAN_POINT('',(22.024133876505,203.,242.64872908802));
#4790 = CARTESIAN_POINT('',(22.120736799992,203.,242.80201532433));
#4791 = CARTESIAN_POINT('',(22.164405147793,203.,242.87857194968));
#4792 = CARTESIAN_POINT('',(22.204679962427,203.,242.95701276004));
#4793 = CARTESIAN_POINT('',(22.241459353887,203.,243.03715040832));
#4794 = CARTESIAN_POINT('',(22.274655401557,203.,243.11879031292));
#4795 = CARTESIAN_POINT('',(22.322753781165,203.,243.25384323413));
#4796 = CARTESIAN_POINT('',(22.339869714764,203.,243.30646942613));
#4797 = CARTESIAN_POINT('',(22.355523709049,203.,243.35955931503));
#4798 = CARTESIAN_POINT('',(22.369699897596,203.,243.41306226264));
#4799 = CARTESIAN_POINT('',(22.382384793513,203.,243.46692691139));
#4800 = CARTESIAN_POINT('',(22.417449730437,203.,243.63680090899));
#4801 = CARTESIAN_POINT('',(22.434479806385,203.,243.75391557413));
#4802 = CARTESIAN_POINT('',(22.444548855038,203.,243.87193368832));
#4803 = CARTESIAN_POINT('',(22.447600395281,203.,243.99034037969));
#4804 = CARTESIAN_POINT('',(22.443630127137,203.,244.10861739588));
#4805 = CARTESIAN_POINT('',(22.421760014086,203.,244.34367429781));
#4806 = CARTESIAN_POINT('',(22.403882766367,203.,244.46046118124));
#4807 = CARTESIAN_POINT('',(22.379103166287,203.,244.57608484352));
#4808 = CARTESIAN_POINT('',(22.347520513531,203.,244.69003923727));
#4809 = CARTESIAN_POINT('',(22.309284429784,203.,244.80183117843));
#4810 = CARTESIAN_POINT('',(22.244587868706,203.,244.95984517614));
#4811 = CARTESIAN_POINT('',(22.223287270564,203.,245.00818083317));
#4812 = CARTESIAN_POINT('',(22.200710890947,203.,245.05594458526));
#4813 = CARTESIAN_POINT('',(22.176878391349,203.,245.10309464507));
#4814 = CARTESIAN_POINT('',(22.151811268118,203.,245.14959017007));
#4815 = CARTESIAN_POINT('',(22.080465701489,203.,245.27393961561));
#4816 = CARTESIAN_POINT('',(22.03183544343,203.,245.35044607905));
#4817 = CARTESIAN_POINT('',(21.979760364981,203.,245.42470878033));
#4818 = CARTESIAN_POINT('',(21.924372665491,203.,245.49653663882));
#4819 = CARTESIAN_POINT('',(21.865818456956,203.,245.56574936583));
#4820 = CARTESIAN_POINT('',(21.74095053184,203.,245.700490234));
#4821 = CARTESIAN_POINT('',(21.674462818921,203.,245.76585898644));
#4822 = CARTESIAN_POINT('',(21.60496880922,203.,245.82809952663));
#4823 = CARTESIAN_POINT('',(21.532654886093,203.,245.88704268058));
#4824 = CARTESIAN_POINT('',(21.45771963228,203.,245.94253429551));
#4825 = CARTESIAN_POINT('',(21.244413300358,203.,246.08566847386));
#4826 = CARTESIAN_POINT('',(21.100994423403,203.,246.16581140028));
#4827 = CARTESIAN_POINT('',(20.951272840443,203.,246.23410399545));
#4828 = CARTESIAN_POINT('',(20.796476636082,203.,246.28995469673));
#4829 = CARTESIAN_POINT('',(20.637900194007,203.,246.33294137228));
#4830 = CARTESIAN_POINT('',(20.404271154701,203.,246.37628698655));
#4831 = CARTESIAN_POINT('',(20.331148789319,203.,246.38709348354));
#4832 = CARTESIAN_POINT('',(20.25765404214,203.,246.39520915916));
#4833 = CARTESIAN_POINT('',(20.183910689086,203.,246.40061888273));
#4834 = CARTESIAN_POINT('',(20.11004319657,203.,246.4033150156));
#4835 = CARTESIAN_POINT('',(20.036176721501,203.,246.40329741109));
#4836 = PCURVE('',#98,#4837);
#4837 = DEFINITIONAL_REPRESENTATION('',(#4838),#4951);
#4838 = B_SPLINE_CURVE_WITH_KNOTS('',6,(#4839,#4840,#4841,#4842,#4843,
    #4844,#4845,#4846,#4847,#4848,#4849,#4850,#4851,#4852,#4853,#4854,
    #4855,#4856,#4857,#4858,#4859,#4860,#4861,#4862,#4863,#4864,#4865,
    #4866,#4867,#4868,#4869,#4870,#4871,#4872,#4873,#4874,#4875,#4876,
    #4877,#4878,#4879,#4880,#4881,#4882,#4883,#4884,#4885,#4886,#4887,
    #4888,#4889,#4890,#4891,#4892,#4893,#4894,#4895,#4896,#4897,#4898,
    #4899,#4900,#4901,#4902,#4903,#4904,#4905,#4906,#4907,#4908,#4909,
    #4910,#4911,#4912,#4913,#4914,#4915,#4916,#4917,#4918,#4919,#4920,
    #4921,#4922,#4923,#4924,#4925,#4926,#4927,#4928,#4929,#4930,#4931,
    #4932,#4933,#4934,#4935,#4936,#4937,#4938,#4939,#4940,#4941,#4942,
    #4943,#4944,#4945,#4946,#4947,#4948,#4949,#4950),.UNSPECIFIED.,.F.,
  .F.,(7,5,5,5,5,5,5,5,5,5,5,5,5,5,5,5,5,5,5,5,5,5,7),(0.,
    7.006409833235E-02,0.115080127159,0.163069569051,0.263969788479,
    0.365633180143,0.413622577556,0.459639190208,0.486660151925,
    0.541718681991,0.582764181114,0.599780042583,0.62379709814,
    0.660807408211,0.695797216463,0.717781773328,0.764734335564,
    0.81160924502,0.832594489151,0.868583995879,0.905594577031,
    0.970652708231,1.),.UNSPECIFIED.);
#4839 = CARTESIAN_POINT('',(30.036176721501,112.01340519126));
#4840 = CARTESIAN_POINT('',(29.859826559228,112.01336317583));
#4841 = CARTESIAN_POINT('',(29.683467551829,111.99785357471));
#4842 = CARTESIAN_POINT('',(29.508826491057,111.96687062816));
#4843 = CARTESIAN_POINT('',(29.337583516764,111.92066966204));
#4844 = CARTESIAN_POINT('',(29.171373346296,111.85972147479));
#4845 = CARTESIAN_POINT('',(28.909218303114,111.73659510048));
#4846 = CARTESIAN_POINT('',(28.809389890833,111.68264318211));
#4847 = CARTESIAN_POINT('',(28.712693269132,111.62309433081));
#4848 = CARTESIAN_POINT('',(28.619518665332,111.55817608153));
#4849 = CARTESIAN_POINT('',(28.530233575377,111.48815187288));
#4850 = CARTESIAN_POINT('',(28.354514204988,111.3335476718));
#4851 = CARTESIAN_POINT('',(28.268654256762,111.24830884483));
#4852 = CARTESIAN_POINT('',(28.188020573292,111.15796847784));
#4853 = CARTESIAN_POINT('',(28.112988921917,111.06292674055));
#4854 = CARTESIAN_POINT('',(28.043893183182,110.96362006072));
#4855 = CARTESIAN_POINT('',(27.84884185616,110.64374980664));
#4856 = CARTESIAN_POINT('',(27.744136014423,110.41012714253));
#4857 = CARTESIAN_POINT('',(27.669730792327,110.16416384479));
#4858 = CARTESIAN_POINT('',(27.627219426786,109.91073585552));
#4859 = CARTESIAN_POINT('',(27.617368195899,109.65492139718));
#4860 = CARTESIAN_POINT('',(27.662139552806,109.14723443177));
#4861 = CARTESIAN_POINT('',(27.717266793966,108.89521987269));
#4862 = CARTESIAN_POINT('',(27.804611929553,108.65143519218));
#4863 = CARTESIAN_POINT('',(27.922483805621,108.42085446497));
#4864 = CARTESIAN_POINT('',(28.068392837849,108.20809626085));
#4865 = CARTESIAN_POINT('',(28.319041403959,107.92706371645));
#4866 = CARTESIAN_POINT('',(28.404861836591,107.84179466011));
#4867 = CARTESIAN_POINT('',(28.495754880718,107.76178806319));
#4868 = CARTESIAN_POINT('',(28.591313646367,107.68741323304));
#4869 = CARTESIAN_POINT('',(28.691096555243,107.61899627983));
#4870 = CARTESIAN_POINT('',(28.893902147642,107.4971997763));
#4871 = CARTESIAN_POINT('',(28.996626794339,107.4433155936));
#4872 = CARTESIAN_POINT('',(29.102381357407,107.39541597995));
#4873 = CARTESIAN_POINT('',(29.210728679846,107.35370627007));
#4874 = CARTESIAN_POINT('',(29.321214371065,107.31834872187));
#4875 = CARTESIAN_POINT('',(29.499223007913,107.27250044337));
#4876 = CARTESIAN_POINT('',(29.56565470333,107.25776949242));
#4877 = CARTESIAN_POINT('',(29.632566948488,107.24529358307));
#4878 = CARTESIAN_POINT('',(29.699863959028,107.23509122755));
#4879 = CARTESIAN_POINT('',(29.76744911088,107.22717553085));
#4880 = CARTESIAN_POINT('',(29.973326598507,107.21009990078));
#4881 = CARTESIAN_POINT('',(30.112224426523,107.20817177159));
#4882 = CARTESIAN_POINT('',(30.251087833578,107.21583451022));
#4883 = CARTESIAN_POINT('',(30.389092709193,107.23305897204));
#4884 = CARTESIAN_POINT('',(30.525423901491,107.25972291093));
#4885 = CARTESIAN_POINT('',(30.759063883337,107.32236624707));
#4886 = CARTESIAN_POINT('',(30.857476405096,107.3542481243));
#4887 = CARTESIAN_POINT('',(30.954183570663,107.39116821979));
#4888 = CARTESIAN_POINT('',(31.04886447432,107.43301072552));
#4889 = CARTESIAN_POINT('',(31.141208994799,107.47963316679));
#4890 = CARTESIAN_POINT('',(31.268107671753,107.55210575139));
#4891 = CARTESIAN_POINT('',(31.304844748308,107.57413759593));
#4892 = CARTESIAN_POINT('',(31.341107822438,107.59694993807));
#4893 = CARTESIAN_POINT('',(31.376876142317,107.62053005737));
#4894 = CARTESIAN_POINT('',(31.412129406798,107.64486451082));
#4895 = CARTESIAN_POINT('',(31.495851016374,107.70533072498));
#4896 = CARTESIAN_POINT('',(31.54378871361,107.74219693247));
#4897 = CARTESIAN_POINT('',(31.59060497692,107.78049787255));
#4898 = CARTESIAN_POINT('',(31.636246063362,107.82019102454));
#4899 = CARTESIAN_POINT('',(31.680660367256,107.86123122978));
#4900 = CARTESIAN_POINT('',(31.790274098258,107.96881574149));
#4901 = CARTESIAN_POINT('',(31.853719701757,108.03714668158));
#4902 = CARTESIAN_POINT('',(31.913953633349,108.10838797614));
#4903 = CARTESIAN_POINT('',(31.970809052707,108.18235156591));
#4904 = CARTESIAN_POINT('',(32.024133876505,108.25883686819));
#4905 = CARTESIAN_POINT('',(32.120736799992,108.41212310449));
#4906 = CARTESIAN_POINT('',(32.164405147793,108.48867972984));
#4907 = CARTESIAN_POINT('',(32.204679962427,108.56712054021));
#4908 = CARTESIAN_POINT('',(32.241459353887,108.64725818848));
#4909 = CARTESIAN_POINT('',(32.274655401557,108.72889809308));
#4910 = CARTESIAN_POINT('',(32.322753781165,108.8639510143));
#4911 = CARTESIAN_POINT('',(32.339869714764,108.91657720629));
#4912 = CARTESIAN_POINT('',(32.355523709049,108.96966709519));
#4913 = CARTESIAN_POINT('',(32.369699897596,109.02317004281));
#4914 = CARTESIAN_POINT('',(32.382384793513,109.07703469155));
#4915 = CARTESIAN_POINT('',(32.417449730437,109.24690868915));
#4916 = CARTESIAN_POINT('',(32.434479806385,109.36402335429));
#4917 = CARTESIAN_POINT('',(32.444548855038,109.48204146848));
#4918 = CARTESIAN_POINT('',(32.447600395281,109.60044815986));
#4919 = CARTESIAN_POINT('',(32.443630127137,109.71872517604));
#4920 = CARTESIAN_POINT('',(32.421760014086,109.95378207797));
#4921 = CARTESIAN_POINT('',(32.403882766367,110.0705689614));
#4922 = CARTESIAN_POINT('',(32.379103166287,110.18619262369));
#4923 = CARTESIAN_POINT('',(32.347520513531,110.30014701743));
#4924 = CARTESIAN_POINT('',(32.309284429784,110.41193895859));
#4925 = CARTESIAN_POINT('',(32.244587868706,110.5699529563));
#4926 = CARTESIAN_POINT('',(32.223287270564,110.61828861333));
#4927 = CARTESIAN_POINT('',(32.200710890947,110.66605236542));
#4928 = CARTESIAN_POINT('',(32.176878391349,110.71320242524));
#4929 = CARTESIAN_POINT('',(32.151811268118,110.75969795023));
#4930 = CARTESIAN_POINT('',(32.080465701489,110.88404739578));
#4931 = CARTESIAN_POINT('',(32.03183544343,110.96055385922));
#4932 = CARTESIAN_POINT('',(31.979760364981,111.03481656049));
#4933 = CARTESIAN_POINT('',(31.924372665491,111.10664441899));
#4934 = CARTESIAN_POINT('',(31.865818456956,111.17585714599));
#4935 = CARTESIAN_POINT('',(31.74095053184,111.31059801416));
#4936 = CARTESIAN_POINT('',(31.674462818921,111.37596676661));
#4937 = CARTESIAN_POINT('',(31.60496880922,111.43820730679));
#4938 = CARTESIAN_POINT('',(31.532654886093,111.49715046075));
#4939 = CARTESIAN_POINT('',(31.45771963228,111.55264207567));
#4940 = CARTESIAN_POINT('',(31.244413300358,111.69577625403));
#4941 = CARTESIAN_POINT('',(31.100994423403,111.77591918044));
#4942 = CARTESIAN_POINT('',(30.951272840443,111.84421177561));
#4943 = CARTESIAN_POINT('',(30.796476636082,111.90006247689));
#4944 = CARTESIAN_POINT('',(30.637900194007,111.94304915245));
#4945 = CARTESIAN_POINT('',(30.404271154701,111.98639476671));
#4946 = CARTESIAN_POINT('',(30.331148789319,111.9972012637));
#4947 = CARTESIAN_POINT('',(30.25765404214,112.00531693932));
#4948 = CARTESIAN_POINT('',(30.183910689086,112.01072666289));
#4949 = CARTESIAN_POINT('',(30.11004319657,112.01342279576));
#4950 = CARTESIAN_POINT('',(30.036176721501,112.01340519126));
#4951 = ( GEOMETRIC_REPRESENTATION_CONTEXT(2) 
PARAMETRIC_REPRESENTATION_CONTEXT() REPRESENTATION_CONTEXT('2D SPACE',''
  ) );
#4952 = PCURVE('',#1857,#4953);
#4953 = DEFINITIONAL_REPRESENTATION('',(#4954),#5067);
#4954 = B_SPLINE_CURVE_WITH_KNOTS('',6,(#4955,#4956,#4957,#4958,#4959,
    #4960,#4961,#4962,#4963,#4964,#4965,#4966,#4967,#4968,#4969,#4970,
    #4971,#4972,#4973,#4974,#4975,#4976,#4977,#4978,#4979,#4980,#4981,
    #4982,#4983,#4984,#4985,#4986,#4987,#4988,#4989,#4990,#4991,#4992,
    #4993,#4994,#4995,#4996,#4997,#4998,#4999,#5000,#5001,#5002,#5003,
    #5004,#5005,#5006,#5007,#5008,#5009,#5010,#5011,#5012,#5013,#5014,
    #5015,#5016,#5017,#5018,#5019,#5020,#5021,#5022,#5023,#5024,#5025,
    #5026,#5027,#5028,#5029,#5030,#5031,#5032,#5033,#5034,#5035,#5036,
    #5037,#5038,#5039,#5040,#5041,#5042,#5043,#5044,#5045,#5046,#5047,
    #5048,#5049,#5050,#5051,#5052,#5053,#5054,#5055,#5056,#5057,#5058,
    #5059,#5060,#5061,#5062,#5063,#5064,#5065,#5066),.UNSPECIFIED.,.F.,
  .F.,(7,5,5,5,5,5,5,5,5,5,5,5,5,5,5,5,5,5,5,5,5,5,7),(0.,
    7.006409833235E-02,0.115080127159,0.163069569051,0.263969788479,
    0.365633180143,0.413622577556,0.459639190208,0.486660151925,
    0.541718681991,0.582764181114,0.599780042583,0.62379709814,
    0.660807408211,0.695797216463,0.717781773328,0.764734335564,
    0.81160924502,0.832594489151,0.868583995879,0.905594577031,
    0.970652708231,1.),.UNSPECIFIED.);
#4955 = CARTESIAN_POINT('',(7.262143832943E-02,4.621492824993));
#4956 = CARTESIAN_POINT('',(7.169683644662E-02,4.694779993586));
#4957 = CARTESIAN_POINT('',(7.079299881546E-02,4.768075044517));
#4958 = CARTESIAN_POINT('',(6.99182194287E-02,4.841369302924));
#4959 = CARTESIAN_POINT('',(6.907886598915E-02,4.914671698509));
#4960 = CARTESIAN_POINT('',(6.827988217885E-02,4.987990790248));
#4961 = CARTESIAN_POINT('',(6.704039960229E-02,5.108427088375));
#4962 = CARTESIAN_POINT('',(6.657384309178E-02,5.155543046367));
#4963 = CARTESIAN_POINT('',(6.612658424792E-02,5.202664088154));
#4964 = CARTESIAN_POINT('',(6.569946788423E-02,5.249790429427));
#4965 = CARTESIAN_POINT('',(6.529318113361E-02,5.296922167262));
#4966 = CARTESIAN_POINT('',(6.449790043896E-02,5.394309908549));
#4967 = CARTESIAN_POINT('',(6.411184406686E-02,5.444566653325));
#4968 = CARTESIAN_POINT('',(6.375072778083E-02,5.49482947962));
#4969 = CARTESIAN_POINT('',(6.34150733393E-02,5.545098227945));
#4970 = CARTESIAN_POINT('',(6.310528081042E-02,5.595372614143));
#4971 = CARTESIAN_POINT('',(6.222524222403E-02,5.751367653717));
#4972 = CARTESIAN_POINT('',(6.174425514414E-02,5.857142562296));
#4973 = CARTESIAN_POINT('',(6.138206816502E-02,5.962894620672));
#4974 = CARTESIAN_POINT('',(6.11390768344E-02,6.068660062875));
#4975 = CARTESIAN_POINT('',(6.101626842556E-02,6.174475202976));
#4976 = CARTESIAN_POINT('',(6.101070347513E-02,6.386832858811));
#4977 = CARTESIAN_POINT('',(6.112976759675E-02,6.493449478103));
#4978 = CARTESIAN_POINT('',(6.137086093456E-02,6.600014942087));
#4979 = CARTESIAN_POINT('',(6.173297307599E-02,6.706567076225));
#4980 = CARTESIAN_POINT('',(6.221573118319E-02,6.813143458816));
#4981 = CARTESIAN_POINT('',(6.309884637518E-02,6.969938101764));
#4982 = CARTESIAN_POINT('',(6.340818292493E-02,7.020212465348));
#4983 = CARTESIAN_POINT('',(6.374338640084E-02,7.070481195564));
#4984 = CARTESIAN_POINT('',(6.410405789062E-02,7.120744007004));
#4985 = CARTESIAN_POINT('',(6.448967704867E-02,7.17100073879));
#4986 = CARTESIAN_POINT('',(6.529267595048E-02,7.269436229699));
#4987 = CARTESIAN_POINT('',(6.570807675003E-02,7.317615488551));
#4988 = CARTESIAN_POINT('',(6.614524151655E-02,7.365789106665));
#4989 = CARTESIAN_POINT('',(6.660343453725E-02,7.413957189151));
#4990 = CARTESIAN_POINT('',(6.70817473647E-02,7.462119970683));
#4991 = CARTESIAN_POINT('',(6.787114203434E-02,7.538556109081));
#4992 = CARTESIAN_POINT('',(6.816974507503E-02,7.566832701061));
#4993 = CARTESIAN_POINT('',(6.847468573169E-02,7.595107666296));
#4994 = CARTESIAN_POINT('',(6.87857138859E-02,7.623381095103));
#4995 = CARTESIAN_POINT('',(6.910255150811E-02,7.651653093262));
#4996 = CARTESIAN_POINT('',(7.008170205209E-02,7.737528784513));
#4997 = CARTESIAN_POINT('',(7.076137627228E-02,7.795129982684));
#4998 = CARTESIAN_POINT('',(7.14612760594E-02,7.852724856097));
#4999 = CARTESIAN_POINT('',(7.217828619854E-02,7.910316598628));
#5000 = CARTESIAN_POINT('',(7.290869160412E-02,7.967908598618));
#5001 = CARTESIAN_POINT('',(7.419923820826E-02,8.068431838662));
#5002 = CARTESIAN_POINT('',(7.475541657677E-02,8.111364721549));
#5003 = CARTESIAN_POINT('',(7.531476419594E-02,8.154298249981));
#5004 = CARTESIAN_POINT('',(7.587526850711E-02,8.197233104949));
#5005 = CARTESIAN_POINT('',(7.643472870807E-02,8.240169966147));
#5006 = CARTESIAN_POINT('',(7.722126340995E-02,8.300910571246));
#5007 = CARTESIAN_POINT('',(7.745118210097E-02,8.318712089887));
#5008 = CARTESIAN_POINT('',(7.768034219432E-02,8.336514114854));
#5009 = CARTESIAN_POINT('',(7.790856962927E-02,8.354316691473));
#5010 = CARTESIAN_POINT('',(7.813568591607E-02,8.372119863432));
#5011 = CARTESIAN_POINT('',(7.868024485019E-02,8.415052878202));
#5012 = CARTESIAN_POINT('',(7.899640511041E-02,8.440183352306));
#5013 = CARTESIAN_POINT('',(7.930947287437E-02,8.465315214198));
#5014 = CARTESIAN_POINT('',(7.961892070119E-02,8.49044857168));
#5015 = CARTESIAN_POINT('',(7.992420975143E-02,8.515583521249));
#5016 = CARTESIAN_POINT('',(8.068797996255E-02,8.579455718869));
#5017 = CARTESIAN_POINT('',(8.114000717134E-02,8.618195265563));
#5018 = CARTESIAN_POINT('',(8.157883420368E-02,8.656939105059));
#5019 = CARTESIAN_POINT('',(8.20024376378E-02,8.69568745576));
#5020 = CARTESIAN_POINT('',(8.240880783996E-02,8.734440437591));
#5021 = CARTESIAN_POINT('',(8.316195524782E-02,8.809839813022));
#5022 = CARTESIAN_POINT('',(8.351080481975E-02,8.84648570788));
#5023 = CARTESIAN_POINT('',(8.384081091196E-02,8.883135766406));
#5024 = CARTESIAN_POINT('',(8.415039410108E-02,8.919789905763));
#5025 = CARTESIAN_POINT('',(8.443808230864E-02,8.956447950452));
#5026 = CARTESIAN_POINT('',(8.486865691097E-02,9.016144649341));
#5027 = CARTESIAN_POINT('',(8.502562773125E-02,9.039181102737));
#5028 = CARTESIAN_POINT('',(8.517308981223E-02,9.06221892547));
#5029 = CARTESIAN_POINT('',(8.531073848042E-02,9.085258037868));
#5030 = CARTESIAN_POINT('',(8.543829783841E-02,9.108298347619));
#5031 = CARTESIAN_POINT('',(8.580586674632E-02,9.180549423456));
#5032 = CARTESIAN_POINT('',(8.600910342623E-02,9.229764116531));
#5033 = CARTESIAN_POINT('',(8.6162775971E-02,9.27898274312));
#5034 = CARTESIAN_POINT('',(8.626523885973E-02,9.32820409293));
#5035 = CARTESIAN_POINT('',(8.63156558844E-02,9.377426831253));
#5036 = CARTESIAN_POINT('',(8.631236028728E-02,9.475790759471));
#5037 = CARTESIAN_POINT('',(8.625881925163E-02,9.524932023229));
#5038 = CARTESIAN_POINT('',(8.615343756126E-02,9.574071836159));
#5039 = CARTESIAN_POINT('',(8.599707757157E-02,9.623208872106));
#5040 = CARTESIAN_POINT('',(8.579140347491E-02,9.672341932843));
#5041 = CARTESIAN_POINT('',(8.542582705242E-02,9.743463876255));
#5042 = CARTESIAN_POINT('',(8.530337591821E-02,9.765456800157));
#5043 = CARTESIAN_POINT('',(8.517174463535E-02,9.787448629253));
#5044 = CARTESIAN_POINT('',(8.50311738271E-02,9.809439283516));
#5045 = CARTESIAN_POINT('',(8.488192800256E-02,9.831428693424));
#5046 = CARTESIAN_POINT('',(8.445396153307E-02,9.891126206781));
#5047 = CARTESIAN_POINT('',(8.415894083203E-02,9.928831781315));
#5048 = CARTESIAN_POINT('',(8.384071348147E-02,9.966533227648));
#5049 = CARTESIAN_POINT('',(8.35008796034E-02,10.004230353547));
#5050 = CARTESIAN_POINT('',(8.314115941401E-02,10.041923070447));
#5051 = CARTESIAN_POINT('',(8.237490907112E-02,10.118368988762));
#5052 = CARTESIAN_POINT('',(8.196730530685E-02,10.157121932104));
#5053 = CARTESIAN_POINT('',(8.154258070235E-02,10.195870249791));
#5054 = CARTESIAN_POINT('',(8.110274626332E-02,10.234614066128));
#5055 = CARTESIAN_POINT('',(8.064982522964E-02,10.273353603416));
#5056 = CARTESIAN_POINT('',(7.937026710715E-02,10.380179556929));
#5057 = CARTESIAN_POINT('',(7.852041854973E-02,10.448261367454));
#5058 = CARTESIAN_POINT('',(7.764733663655E-02,10.51632829896));
#5059 = CARTESIAN_POINT('',(7.676137117531E-02,10.584387088928));
#5060 = CARTESIAN_POINT('',(7.587193513689E-02,10.652444815566));
#5061 = CARTESIAN_POINT('',(7.458817202267E-02,10.751193708871));
#5062 = CARTESIAN_POINT('',(7.419005670204E-02,10.78189068586));
#5063 = CARTESIAN_POINT('',(7.37936517697E-02,10.812587375128));
#5064 = CARTESIAN_POINT('',(7.339965665657E-02,10.843284023606));
#5065 = CARTESIAN_POINT('',(7.300871973712E-02,10.873980867475));
#5066 = CARTESIAN_POINT('',(7.262143832943E-02,10.904678132173));
#5067 = ( GEOMETRIC_REPRESENTATION_CONTEXT(2) 
PARAMETRIC_REPRESENTATION_CONTEXT() REPRESENTATION_CONTEXT('2D SPACE',''
  ) );
#5068 = ORIENTED_EDGE('',*,*,#5069,.T.);
#5069 = EDGE_CURVE('',#4720,#5070,#5072,.T.);
#5070 = VERTEX_POINT('',#5071);
#5071 = CARTESIAN_POINT('',(18.,203.,247.8));
#5072 = SURFACE_CURVE('',#5073,(#5078,#5089),.PCURVE_S1.);
#5073 = CIRCLE('',#5074,1.8);
#5074 = AXIS2_PLACEMENT_3D('',#5075,#5076,#5077);
#5075 = CARTESIAN_POINT('',(18.,203.,246.));
#5076 = DIRECTION('',(0.,1.,0.));
#5077 = DIRECTION('',(0.,-0.,1.));
#5078 = PCURVE('',#98,#5079);
#5079 = DEFINITIONAL_REPRESENTATION('',(#5080),#5088);
#5080 = ( BOUNDED_CURVE() B_SPLINE_CURVE(2,(#5081,#5082,#5083,#5084,
#5085,#5086,#5087),.UNSPECIFIED.,.T.,.F.) B_SPLINE_CURVE_WITH_KNOTS((1,2
    ,2,2,2,1),(-2.094395102393,0.,2.094395102393,4.188790204786,
6.28318530718,8.377580409573),.UNSPECIFIED.) CURVE() 
GEOMETRIC_REPRESENTATION_ITEM() RATIONAL_B_SPLINE_CURVE((1.,0.5,1.,0.5,
1.,0.5,1.)) REPRESENTATION_ITEM('') );
#5081 = CARTESIAN_POINT('',(28.,113.41010778016));
#5082 = CARTESIAN_POINT('',(31.117691453624,113.41010778016));
#5083 = CARTESIAN_POINT('',(29.558845726812,110.71010778016));
#5084 = CARTESIAN_POINT('',(28.,108.01010778016));
#5085 = CARTESIAN_POINT('',(26.441154273188,110.71010778016));
#5086 = CARTESIAN_POINT('',(24.882308546376,113.41010778016));
#5087 = CARTESIAN_POINT('',(28.,113.41010778016));
#5088 = ( GEOMETRIC_REPRESENTATION_CONTEXT(2) 
PARAMETRIC_REPRESENTATION_CONTEXT() REPRESENTATION_CONTEXT('2D SPACE',''
  ) );
#5089 = PCURVE('',#2052,#5090);
#5090 = DEFINITIONAL_REPRESENTATION('',(#5091),#5095);
#5091 = LINE('',#5092,#5093);
#5092 = CARTESIAN_POINT('',(0.,147.));
#5093 = VECTOR('',#5094,1.);
#5094 = DIRECTION('',(1.,0.));
#5095 = ( GEOMETRIC_REPRESENTATION_CONTEXT(2) 
PARAMETRIC_REPRESENTATION_CONTEXT() REPRESENTATION_CONTEXT('2D SPACE',''
  ) );
#5096 = ORIENTED_EDGE('',*,*,#5097,.T.);
#5097 = EDGE_CURVE('',#5070,#4370,#5098,.T.);
#5098 = SURFACE_CURVE('',#5099,(#5104,#5115),.PCURVE_S1.);
#5099 = CIRCLE('',#5100,1.8);
#5100 = AXIS2_PLACEMENT_3D('',#5101,#5102,#5103);
#5101 = CARTESIAN_POINT('',(18.,203.,246.));
#5102 = DIRECTION('',(0.,1.,0.));
#5103 = DIRECTION('',(0.,-0.,1.));
#5104 = PCURVE('',#98,#5105);
#5105 = DEFINITIONAL_REPRESENTATION('',(#5106),#5114);
#5106 = ( BOUNDED_CURVE() B_SPLINE_CURVE(2,(#5107,#5108,#5109,#5110,
#5111,#5112,#5113),.UNSPECIFIED.,.T.,.F.) B_SPLINE_CURVE_WITH_KNOTS((1,2
    ,2,2,2,1),(-2.094395102393,0.,2.094395102393,4.188790204786,
6.28318530718,8.377580409573),.UNSPECIFIED.) CURVE() 
GEOMETRIC_REPRESENTATION_ITEM() RATIONAL_B_SPLINE_CURVE((1.,0.5,1.,0.5,
1.,0.5,1.)) REPRESENTATION_ITEM('') );
#5107 = CARTESIAN_POINT('',(28.,113.41010778016));
#5108 = CARTESIAN_POINT('',(31.117691453624,113.41010778016));
#5109 = CARTESIAN_POINT('',(29.558845726812,110.71010778016));
#5110 = CARTESIAN_POINT('',(28.,108.01010778016));
#5111 = CARTESIAN_POINT('',(26.441154273188,110.71010778016));
#5112 = CARTESIAN_POINT('',(24.882308546376,113.41010778016));
#5113 = CARTESIAN_POINT('',(28.,113.41010778016));
#5114 = ( GEOMETRIC_REPRESENTATION_CONTEXT(2) 
PARAMETRIC_REPRESENTATION_CONTEXT() REPRESENTATION_CONTEXT('2D SPACE',''
  ) );
#5115 = PCURVE('',#2085,#5116);
#5116 = DEFINITIONAL_REPRESENTATION('',(#5117),#5121);
#5117 = LINE('',#5118,#5119);
#5118 = CARTESIAN_POINT('',(0.,147.));
#5119 = VECTOR('',#5120,1.);
#5120 = DIRECTION('',(1.,0.));
#5121 = ( GEOMETRIC_REPRESENTATION_CONTEXT(2) 
PARAMETRIC_REPRESENTATION_CONTEXT() REPRESENTATION_CONTEXT('2D SPACE',''
  ) );
#5122 = FACE_BOUND('',#5123,.T.);
#5123 = EDGE_LOOP('',(#5124,#5154,#5182));
#5124 = ORIENTED_EDGE('',*,*,#5125,.T.);
#5125 = EDGE_CURVE('',#5126,#5128,#5130,.T.);
#5126 = VERTEX_POINT('',#5127);
#5127 = CARTESIAN_POINT('',(12.,203.,247.8));
#5128 = VERTEX_POINT('',#5129);
#5129 = CARTESIAN_POINT('',(11.362123760993,203.,244.31681435851));
#5130 = SURFACE_CURVE('',#5131,(#5136,#5147),.PCURVE_S1.);
#5131 = CIRCLE('',#5132,1.8);
#5132 = AXIS2_PLACEMENT_3D('',#5133,#5134,#5135);
#5133 = CARTESIAN_POINT('',(12.,203.,246.));
#5134 = DIRECTION('',(0.,1.,0.));
#5135 = DIRECTION('',(0.,-0.,1.));
#5136 = PCURVE('',#98,#5137);
#5137 = DEFINITIONAL_REPRESENTATION('',(#5138),#5146);
#5138 = ( BOUNDED_CURVE() B_SPLINE_CURVE(2,(#5139,#5140,#5141,#5142,
#5143,#5144,#5145),.UNSPECIFIED.,.T.,.F.) B_SPLINE_CURVE_WITH_KNOTS((1,2
    ,2,2,2,1),(-2.094395102393,0.,2.094395102393,4.188790204786,
6.28318530718,8.377580409573),.UNSPECIFIED.) CURVE() 
GEOMETRIC_REPRESENTATION_ITEM() RATIONAL_B_SPLINE_CURVE((1.,0.5,1.,0.5,
1.,0.5,1.)) REPRESENTATION_ITEM('') );
#5139 = CARTESIAN_POINT('',(22.,113.41010778016));
#5140 = CARTESIAN_POINT('',(25.117691453624,113.41010778016));
#5141 = CARTESIAN_POINT('',(23.558845726812,110.71010778016));
#5142 = CARTESIAN_POINT('',(22.,108.01010778016));
#5143 = CARTESIAN_POINT('',(20.441154273188,110.71010778016));
#5144 = CARTESIAN_POINT('',(18.882308546376,113.41010778016));
#5145 = CARTESIAN_POINT('',(22.,113.41010778016));
#5146 = ( GEOMETRIC_REPRESENTATION_CONTEXT(2) 
PARAMETRIC_REPRESENTATION_CONTEXT() REPRESENTATION_CONTEXT('2D SPACE',''
  ) );
#5147 = PCURVE('',#2568,#5148);
#5148 = DEFINITIONAL_REPRESENTATION('',(#5149),#5153);
#5149 = LINE('',#5150,#5151);
#5150 = CARTESIAN_POINT('',(0.,150.));
#5151 = VECTOR('',#5152,1.);
#5152 = DIRECTION('',(1.,0.));
#5153 = ( GEOMETRIC_REPRESENTATION_CONTEXT(2) 
PARAMETRIC_REPRESENTATION_CONTEXT() REPRESENTATION_CONTEXT('2D SPACE',''
  ) );
#5154 = ORIENTED_EDGE('',*,*,#5155,.T.);
#5155 = EDGE_CURVE('',#5128,#5156,#5158,.T.);
#5156 = VERTEX_POINT('',#5157);
#5157 = CARTESIAN_POINT('',(10.200953162088,203.,246.05857025687));
#5158 = SURFACE_CURVE('',#5159,(#5164,#5175),.PCURVE_S1.);
#5159 = CIRCLE('',#5160,1.1);
#5160 = AXIS2_PLACEMENT_3D('',#5161,#5162,#5163);
#5161 = CARTESIAN_POINT('',(10.5,203.,245.));
#5162 = DIRECTION('',(0.,1.,0.));
#5163 = DIRECTION('',(0.,-0.,1.));
#5164 = PCURVE('',#98,#5165);
#5165 = DEFINITIONAL_REPRESENTATION('',(#5166),#5174);
#5166 = ( BOUNDED_CURVE() B_SPLINE_CURVE(2,(#5167,#5168,#5169,#5170,
#5171,#5172,#5173),.UNSPECIFIED.,.T.,.F.) B_SPLINE_CURVE_WITH_KNOTS((1,2
    ,2,2,2,1),(-2.094395102393,0.,2.094395102393,4.188790204786,
6.28318530718,8.377580409573),.UNSPECIFIED.) CURVE() 
GEOMETRIC_REPRESENTATION_ITEM() RATIONAL_B_SPLINE_CURVE((1.,0.5,1.,0.5,
1.,0.5,1.)) REPRESENTATION_ITEM('') );
#5167 = CARTESIAN_POINT('',(20.5,111.71010778016));
#5168 = CARTESIAN_POINT('',(22.405255888326,111.71010778016));
#5169 = CARTESIAN_POINT('',(21.452627944163,110.06010778016));
#5170 = CARTESIAN_POINT('',(20.5,108.41010778016));
#5171 = CARTESIAN_POINT('',(19.547372055837,110.06010778016));
#5172 = CARTESIAN_POINT('',(18.594744111674,111.71010778016));
#5173 = CARTESIAN_POINT('',(20.5,111.71010778016));
#5174 = ( GEOMETRIC_REPRESENTATION_CONTEXT(2) 
PARAMETRIC_REPRESENTATION_CONTEXT() REPRESENTATION_CONTEXT('2D SPACE',''
  ) );
#5175 = PCURVE('',#2601,#5176);
#5176 = DEFINITIONAL_REPRESENTATION('',(#5177),#5181);
#5177 = LINE('',#5178,#5179);
#5178 = CARTESIAN_POINT('',(0.,52.));
#5179 = VECTOR('',#5180,1.);
#5180 = DIRECTION('',(1.,0.));
#5181 = ( GEOMETRIC_REPRESENTATION_CONTEXT(2) 
PARAMETRIC_REPRESENTATION_CONTEXT() REPRESENTATION_CONTEXT('2D SPACE',''
  ) );
#5182 = ORIENTED_EDGE('',*,*,#5183,.T.);
#5183 = EDGE_CURVE('',#5156,#5126,#5184,.T.);
#5184 = SURFACE_CURVE('',#5185,(#5190,#5201),.PCURVE_S1.);
#5185 = CIRCLE('',#5186,1.8);
#5186 = AXIS2_PLACEMENT_3D('',#5187,#5188,#5189);
#5187 = CARTESIAN_POINT('',(12.,203.,246.));
#5188 = DIRECTION('',(0.,1.,0.));
#5189 = DIRECTION('',(0.,-0.,1.));
#5190 = PCURVE('',#98,#5191);
#5191 = DEFINITIONAL_REPRESENTATION('',(#5192),#5200);
#5192 = ( BOUNDED_CURVE() B_SPLINE_CURVE(2,(#5193,#5194,#5195,#5196,
#5197,#5198,#5199),.UNSPECIFIED.,.T.,.F.) B_SPLINE_CURVE_WITH_KNOTS((1,2
    ,2,2,2,1),(-2.094395102393,0.,2.094395102393,4.188790204786,
6.28318530718,8.377580409573),.UNSPECIFIED.) CURVE() 
GEOMETRIC_REPRESENTATION_ITEM() RATIONAL_B_SPLINE_CURVE((1.,0.5,1.,0.5,
1.,0.5,1.)) REPRESENTATION_ITEM('') );
#5193 = CARTESIAN_POINT('',(22.,113.41010778016));
#5194 = CARTESIAN_POINT('',(25.117691453624,113.41010778016));
#5195 = CARTESIAN_POINT('',(23.558845726812,110.71010778016));
#5196 = CARTESIAN_POINT('',(22.,108.01010778016));
#5197 = CARTESIAN_POINT('',(20.441154273188,110.71010778016));
#5198 = CARTESIAN_POINT('',(18.882308546376,113.41010778016));
#5199 = CARTESIAN_POINT('',(22.,113.41010778016));
#5200 = ( GEOMETRIC_REPRESENTATION_CONTEXT(2) 
PARAMETRIC_REPRESENTATION_CONTEXT() REPRESENTATION_CONTEXT('2D SPACE',''
  ) );
#5201 = PCURVE('',#2632,#5202);
#5202 = DEFINITIONAL_REPRESENTATION('',(#5203),#5207);
#5203 = LINE('',#5204,#5205);
#5204 = CARTESIAN_POINT('',(0.,150.));
#5205 = VECTOR('',#5206,1.);
#5206 = DIRECTION('',(1.,0.));
#5207 = ( GEOMETRIC_REPRESENTATION_CONTEXT(2) 
PARAMETRIC_REPRESENTATION_CONTEXT() REPRESENTATION_CONTEXT('2D SPACE',''
  ) );
#5208 = FACE_BOUND('',#5209,.T.);
#5209 = EDGE_LOOP('',(#5210));
#5210 = ORIENTED_EDGE('',*,*,#5211,.T.);
#5211 = EDGE_CURVE('',#5212,#5212,#5214,.T.);
#5212 = VERTEX_POINT('',#5213);
#5213 = CARTESIAN_POINT('',(31.,203.,249.25));
#5214 = SURFACE_CURVE('',#5215,(#5220,#5231),.PCURVE_S1.);
#5215 = CIRCLE('',#5216,2.25);
#5216 = AXIS2_PLACEMENT_3D('',#5217,#5218,#5219);
#5217 = CARTESIAN_POINT('',(31.,203.,247.));
#5218 = DIRECTION('',(0.,1.,0.));
#5219 = DIRECTION('',(0.,-0.,1.));
#5220 = PCURVE('',#98,#5221);
#5221 = DEFINITIONAL_REPRESENTATION('',(#5222),#5230);
#5222 = ( BOUNDED_CURVE() B_SPLINE_CURVE(2,(#5223,#5224,#5225,#5226,
#5227,#5228,#5229),.UNSPECIFIED.,.T.,.F.) B_SPLINE_CURVE_WITH_KNOTS((1,2
    ,2,2,2,1),(-2.094395102393,0.,2.094395102393,4.188790204786,
6.28318530718,8.377580409573),.UNSPECIFIED.) CURVE() 
GEOMETRIC_REPRESENTATION_ITEM() RATIONAL_B_SPLINE_CURVE((1.,0.5,1.,0.5,
1.,0.5,1.)) REPRESENTATION_ITEM('') );
#5223 = CARTESIAN_POINT('',(41.,114.86010778016));
#5224 = CARTESIAN_POINT('',(44.89711431703,114.86010778016));
#5225 = CARTESIAN_POINT('',(42.948557158515,111.48510778016));
#5226 = CARTESIAN_POINT('',(41.,108.11010778016));
#5227 = CARTESIAN_POINT('',(39.051442841485,111.48510778016));
#5228 = CARTESIAN_POINT('',(37.10288568297,114.86010778016));
#5229 = CARTESIAN_POINT('',(41.,114.86010778016));
#5230 = ( GEOMETRIC_REPRESENTATION_CONTEXT(2) 
PARAMETRIC_REPRESENTATION_CONTEXT() REPRESENTATION_CONTEXT('2D SPACE',''
  ) );
#5231 = PCURVE('',#2667,#5232);
#5232 = DEFINITIONAL_REPRESENTATION('',(#5233),#5237);
#5233 = LINE('',#5234,#5235);
#5234 = CARTESIAN_POINT('',(0.,60.));
#5235 = VECTOR('',#5236,1.);
#5236 = DIRECTION('',(1.,0.));
#5237 = ( GEOMETRIC_REPRESENTATION_CONTEXT(2) 
PARAMETRIC_REPRESENTATION_CONTEXT() REPRESENTATION_CONTEXT('2D SPACE',''
  ) );
#5238 = FACE_BOUND('',#5239,.T.);
#5239 = EDGE_LOOP('',(#5240));
#5240 = ORIENTED_EDGE('',*,*,#5241,.T.);
#5241 = EDGE_CURVE('',#5242,#5242,#5244,.T.);
#5242 = VERTEX_POINT('',#5243);
#5243 = CARTESIAN_POINT('',(75.5,203.,246.1));
#5244 = SURFACE_CURVE('',#5245,(#5250,#5261),.PCURVE_S1.);
#5245 = CIRCLE('',#5246,1.1);
#5246 = AXIS2_PLACEMENT_3D('',#5247,#5248,#5249);
#5247 = CARTESIAN_POINT('',(75.5,203.,245.));
#5248 = DIRECTION('',(0.,1.,0.));
#5249 = DIRECTION('',(0.,-0.,1.));
#5250 = PCURVE('',#98,#5251);
#5251 = DEFINITIONAL_REPRESENTATION('',(#5252),#5260);
#5252 = ( BOUNDED_CURVE() B_SPLINE_CURVE(2,(#5253,#5254,#5255,#5256,
#5257,#5258,#5259),.UNSPECIFIED.,.T.,.F.) B_SPLINE_CURVE_WITH_KNOTS((1,2
    ,2,2,2,1),(-2.094395102393,0.,2.094395102393,4.188790204786,
6.28318530718,8.377580409573),.UNSPECIFIED.) CURVE() 
GEOMETRIC_REPRESENTATION_ITEM() RATIONAL_B_SPLINE_CURVE((1.,0.5,1.,0.5,
1.,0.5,1.)) REPRESENTATION_ITEM('') );
#5253 = CARTESIAN_POINT('',(85.5,111.71010778016));
#5254 = CARTESIAN_POINT('',(87.405255888326,111.71010778016));
#5255 = CARTESIAN_POINT('',(86.452627944163,110.06010778016));
#5256 = CARTESIAN_POINT('',(85.5,108.41010778016));
#5257 = CARTESIAN_POINT('',(84.547372055837,110.06010778016));
#5258 = CARTESIAN_POINT('',(83.594744111674,111.71010778016));
#5259 = CARTESIAN_POINT('',(85.5,111.71010778016));
#5260 = ( GEOMETRIC_REPRESENTATION_CONTEXT(2) 
PARAMETRIC_REPRESENTATION_CONTEXT() REPRESENTATION_CONTEXT('2D SPACE',''
  ) );
#5261 = PCURVE('',#2702,#5262);
#5262 = DEFINITIONAL_REPRESENTATION('',(#5263),#5267);
#5263 = LINE('',#5264,#5265);
#5264 = CARTESIAN_POINT('',(0.,52.));
#5265 = VECTOR('',#5266,1.);
#5266 = DIRECTION('',(1.,0.));
#5267 = ( GEOMETRIC_REPRESENTATION_CONTEXT(2) 
PARAMETRIC_REPRESENTATION_CONTEXT() REPRESENTATION_CONTEXT('2D SPACE',''
  ) );
#5268 = FACE_BOUND('',#5269,.T.);
#5269 = EDGE_LOOP('',(#5270));
#5270 = ORIENTED_EDGE('',*,*,#5271,.T.);
#5271 = EDGE_CURVE('',#5272,#5272,#5274,.T.);
#5272 = VERTEX_POINT('',#5273);
#5273 = CARTESIAN_POINT('',(84.5,203.,246.1));
#5274 = SURFACE_CURVE('',#5275,(#5280,#5291),.PCURVE_S1.);
#5275 = CIRCLE('',#5276,1.1);
#5276 = AXIS2_PLACEMENT_3D('',#5277,#5278,#5279);
#5277 = CARTESIAN_POINT('',(84.5,203.,245.));
#5278 = DIRECTION('',(0.,1.,0.));
#5279 = DIRECTION('',(0.,-0.,1.));
#5280 = PCURVE('',#98,#5281);
#5281 = DEFINITIONAL_REPRESENTATION('',(#5282),#5290);
#5282 = ( BOUNDED_CURVE() B_SPLINE_CURVE(2,(#5283,#5284,#5285,#5286,
#5287,#5288,#5289),.UNSPECIFIED.,.T.,.F.) B_SPLINE_CURVE_WITH_KNOTS((1,2
    ,2,2,2,1),(-2.094395102393,0.,2.094395102393,4.188790204786,
6.28318530718,8.377580409573),.UNSPECIFIED.) CURVE() 
GEOMETRIC_REPRESENTATION_ITEM() RATIONAL_B_SPLINE_CURVE((1.,0.5,1.,0.5,
1.,0.5,1.)) REPRESENTATION_ITEM('') );
#5283 = CARTESIAN_POINT('',(94.5,111.71010778016));
#5284 = CARTESIAN_POINT('',(96.405255888326,111.71010778016));
#5285 = CARTESIAN_POINT('',(95.452627944163,110.06010778016));
#5286 = CARTESIAN_POINT('',(94.5,108.41010778016));
#5287 = CARTESIAN_POINT('',(93.547372055837,110.06010778016));
#5288 = CARTESIAN_POINT('',(92.594744111674,111.71010778016));
#5289 = CARTESIAN_POINT('',(94.5,111.71010778016));
#5290 = ( GEOMETRIC_REPRESENTATION_CONTEXT(2) 
PARAMETRIC_REPRESENTATION_CONTEXT() REPRESENTATION_CONTEXT('2D SPACE',''
  ) );
#5291 = PCURVE('',#2737,#5292);
#5292 = DEFINITIONAL_REPRESENTATION('',(#5293),#5297);
#5293 = LINE('',#5294,#5295);
#5294 = CARTESIAN_POINT('',(0.,52.));
#5295 = VECTOR('',#5296,1.);
#5296 = DIRECTION('',(1.,0.));
#5297 = ( GEOMETRIC_REPRESENTATION_CONTEXT(2) 
PARAMETRIC_REPRESENTATION_CONTEXT() REPRESENTATION_CONTEXT('2D SPACE',''
  ) );
#5298 = FACE_BOUND('',#5299,.T.);
#5299 = EDGE_LOOP('',(#5300,#5323,#5351,#5372));
#5300 = ORIENTED_EDGE('',*,*,#5301,.F.);
#5301 = EDGE_CURVE('',#5302,#5304,#5306,.T.);
#5302 = VERTEX_POINT('',#5303);
#5303 = CARTESIAN_POINT('',(247.,203.,216.38989221983));
#5304 = VERTEX_POINT('',#5305);
#5305 = CARTESIAN_POINT('',(247.,203.,184.38989221983));
#5306 = SURFACE_CURVE('',#5307,(#5311,#5317),.PCURVE_S1.);
#5307 = LINE('',#5308,#5309);
#5308 = CARTESIAN_POINT('',(247.,203.,159.38989221983));
#5309 = VECTOR('',#5310,1.);
#5310 = DIRECTION('',(-1.110223024625E-16,-0.,-1.));
#5311 = PCURVE('',#98,#5312);
#5312 = DEFINITIONAL_REPRESENTATION('',(#5313),#5316);
#5313 = B_SPLINE_CURVE_WITH_KNOTS('',1,(#5314,#5315),.UNSPECIFIED.,.F.,
  .F.,(2,2),(-57.,-25.),.PIECEWISE_BEZIER_KNOTS.);
#5314 = CARTESIAN_POINT('',(257.,82.));
#5315 = CARTESIAN_POINT('',(257.,50.));
#5316 = ( GEOMETRIC_REPRESENTATION_CONTEXT(2) 
PARAMETRIC_REPRESENTATION_CONTEXT() REPRESENTATION_CONTEXT('2D SPACE',''
  ) );
#5317 = PCURVE('',#2768,#5318);
#5318 = DEFINITIONAL_REPRESENTATION('',(#5319),#5322);
#5319 = B_SPLINE_CURVE_WITH_KNOTS('',1,(#5320,#5321),.UNSPECIFIED.,.F.,
  .F.,(2,2),(-57.,-25.),.PIECEWISE_BEZIER_KNOTS.);
#5320 = CARTESIAN_POINT('',(32.,-5.1));
#5321 = CARTESIAN_POINT('',(0.,-5.1));
#5322 = ( GEOMETRIC_REPRESENTATION_CONTEXT(2) 
PARAMETRIC_REPRESENTATION_CONTEXT() REPRESENTATION_CONTEXT('2D SPACE',''
  ) );
#5323 = ORIENTED_EDGE('',*,*,#5324,.T.);
#5324 = EDGE_CURVE('',#5302,#5325,#5327,.T.);
#5325 = VERTEX_POINT('',#5326);
#5326 = CARTESIAN_POINT('',(259.,203.,216.38989221983));
#5327 = SURFACE_CURVE('',#5328,(#5333,#5344),.PCURVE_S1.);
#5328 = CIRCLE('',#5329,6.);
#5329 = AXIS2_PLACEMENT_3D('',#5330,#5331,#5332);
#5330 = CARTESIAN_POINT('',(253.,203.,216.38989221983));
#5331 = DIRECTION('',(0.,1.,-0.));
#5332 = DIRECTION('',(-1.,0.,1.110223024625E-16));
#5333 = PCURVE('',#98,#5334);
#5334 = DEFINITIONAL_REPRESENTATION('',(#5335),#5343);
#5335 = ( BOUNDED_CURVE() B_SPLINE_CURVE(2,(#5336,#5337,#5338,#5339,
#5340,#5341,#5342),.UNSPECIFIED.,.T.,.F.) B_SPLINE_CURVE_WITH_KNOTS((1,2
    ,2,2,2,1),(-2.094395102393,0.,2.094395102393,4.188790204786,
6.28318530718,8.377580409573),.UNSPECIFIED.) CURVE() 
GEOMETRIC_REPRESENTATION_ITEM() RATIONAL_B_SPLINE_CURVE((1.,0.5,1.,0.5,
1.,0.5,1.)) REPRESENTATION_ITEM('') );
#5336 = CARTESIAN_POINT('',(257.,82.));
#5337 = CARTESIAN_POINT('',(257.,92.392304845413));
#5338 = CARTESIAN_POINT('',(266.,87.196152422707));
#5339 = CARTESIAN_POINT('',(275.,82.));
#5340 = CARTESIAN_POINT('',(266.,76.803847577293));
#5341 = CARTESIAN_POINT('',(257.,71.607695154587));
#5342 = CARTESIAN_POINT('',(257.,82.));
#5343 = ( GEOMETRIC_REPRESENTATION_CONTEXT(2) 
PARAMETRIC_REPRESENTATION_CONTEXT() REPRESENTATION_CONTEXT('2D SPACE',''
  ) );
#5344 = PCURVE('',#2800,#5345);
#5345 = DEFINITIONAL_REPRESENTATION('',(#5346),#5350);
#5346 = LINE('',#5347,#5348);
#5347 = CARTESIAN_POINT('',(0.,-5.1));
#5348 = VECTOR('',#5349,1.);
#5349 = DIRECTION('',(1.,0.));
#5350 = ( GEOMETRIC_REPRESENTATION_CONTEXT(2) 
PARAMETRIC_REPRESENTATION_CONTEXT() REPRESENTATION_CONTEXT('2D SPACE',''
  ) );
#5351 = ORIENTED_EDGE('',*,*,#5352,.F.);
#5352 = EDGE_CURVE('',#5353,#5325,#5355,.T.);
#5353 = VERTEX_POINT('',#5354);
#5354 = CARTESIAN_POINT('',(259.,203.,184.38989221983));
#5355 = SURFACE_CURVE('',#5356,(#5360,#5366),.PCURVE_S1.);
#5356 = LINE('',#5357,#5358);
#5357 = CARTESIAN_POINT('',(259.,203.,175.38989221983));
#5358 = VECTOR('',#5359,1.);
#5359 = DIRECTION('',(1.110223024625E-16,0.,1.));
#5360 = PCURVE('',#98,#5361);
#5361 = DEFINITIONAL_REPRESENTATION('',(#5362),#5365);
#5362 = B_SPLINE_CURVE_WITH_KNOTS('',1,(#5363,#5364),.UNSPECIFIED.,.F.,
  .F.,(2,2),(9.,41.),.PIECEWISE_BEZIER_KNOTS.);
#5363 = CARTESIAN_POINT('',(269.,50.));
#5364 = CARTESIAN_POINT('',(269.,82.));
#5365 = ( GEOMETRIC_REPRESENTATION_CONTEXT(2) 
PARAMETRIC_REPRESENTATION_CONTEXT() REPRESENTATION_CONTEXT('2D SPACE',''
  ) );
#5366 = PCURVE('',#2827,#5367);
#5367 = DEFINITIONAL_REPRESENTATION('',(#5368),#5371);
#5368 = B_SPLINE_CURVE_WITH_KNOTS('',1,(#5369,#5370),.UNSPECIFIED.,.F.,
  .F.,(2,2),(9.,41.),.PIECEWISE_BEZIER_KNOTS.);
#5369 = CARTESIAN_POINT('',(32.,-5.1));
#5370 = CARTESIAN_POINT('',(0.,-5.1));
#5371 = ( GEOMETRIC_REPRESENTATION_CONTEXT(2) 
PARAMETRIC_REPRESENTATION_CONTEXT() REPRESENTATION_CONTEXT('2D SPACE',''
  ) );
#5372 = ORIENTED_EDGE('',*,*,#5373,.T.);
#5373 = EDGE_CURVE('',#5353,#5304,#5374,.T.);
#5374 = SURFACE_CURVE('',#5375,(#5380,#5391),.PCURVE_S1.);
#5375 = CIRCLE('',#5376,6.);
#5376 = AXIS2_PLACEMENT_3D('',#5377,#5378,#5379);
#5377 = CARTESIAN_POINT('',(253.,203.,184.38989221983));
#5378 = DIRECTION('',(-0.,1.,0.));
#5379 = DIRECTION('',(1.,0.,-1.110223024625E-16));
#5380 = PCURVE('',#98,#5381);
#5381 = DEFINITIONAL_REPRESENTATION('',(#5382),#5390);
#5382 = ( BOUNDED_CURVE() B_SPLINE_CURVE(2,(#5383,#5384,#5385,#5386,
#5387,#5388,#5389),.UNSPECIFIED.,.T.,.F.) B_SPLINE_CURVE_WITH_KNOTS((1,2
    ,2,2,2,1),(-2.094395102393,0.,2.094395102393,4.188790204786,
6.28318530718,8.377580409573),.UNSPECIFIED.) CURVE() 
GEOMETRIC_REPRESENTATION_ITEM() RATIONAL_B_SPLINE_CURVE((1.,0.5,1.,0.5,
1.,0.5,1.)) REPRESENTATION_ITEM('') );
#5383 = CARTESIAN_POINT('',(269.,50.));
#5384 = CARTESIAN_POINT('',(269.,39.607695154587));
#5385 = CARTESIAN_POINT('',(260.,44.803847577293));
#5386 = CARTESIAN_POINT('',(251.,50.));
#5387 = CARTESIAN_POINT('',(260.,55.196152422707));
#5388 = CARTESIAN_POINT('',(269.,60.392304845413));
#5389 = CARTESIAN_POINT('',(269.,50.));
#5390 = ( GEOMETRIC_REPRESENTATION_CONTEXT(2) 
PARAMETRIC_REPRESENTATION_CONTEXT() REPRESENTATION_CONTEXT('2D SPACE',''
  ) );
#5391 = PCURVE('',#2857,#5392);
#5392 = DEFINITIONAL_REPRESENTATION('',(#5393),#5397);
#5393 = LINE('',#5394,#5395);
#5394 = CARTESIAN_POINT('',(0.,-5.1));
#5395 = VECTOR('',#5396,1.);
#5396 = DIRECTION('',(1.,0.));
#5397 = ( GEOMETRIC_REPRESENTATION_CONTEXT(2) 
PARAMETRIC_REPRESENTATION_CONTEXT() REPRESENTATION_CONTEXT('2D SPACE',''
  ) );
#5398 = FACE_BOUND('',#5399,.T.);
#5399 = EDGE_LOOP('',(#5400));
#5400 = ORIENTED_EDGE('',*,*,#5401,.T.);
#5401 = EDGE_CURVE('',#5402,#5402,#5404,.T.);
#5402 = VERTEX_POINT('',#5403);
#5403 = CARTESIAN_POINT('',(145.5,203.,246.1));
#5404 = SURFACE_CURVE('',#5405,(#5410,#5421),.PCURVE_S1.);
#5405 = CIRCLE('',#5406,1.1);
#5406 = AXIS2_PLACEMENT_3D('',#5407,#5408,#5409);
#5407 = CARTESIAN_POINT('',(145.5,203.,245.));
#5408 = DIRECTION('',(0.,1.,0.));
#5409 = DIRECTION('',(0.,-0.,1.));
#5410 = PCURVE('',#98,#5411);
#5411 = DEFINITIONAL_REPRESENTATION('',(#5412),#5420);
#5412 = ( BOUNDED_CURVE() B_SPLINE_CURVE(2,(#5413,#5414,#5415,#5416,
#5417,#5418,#5419),.UNSPECIFIED.,.T.,.F.) B_SPLINE_CURVE_WITH_KNOTS((1,2
    ,2,2,2,1),(-2.094395102393,0.,2.094395102393,4.188790204786,
6.28318530718,8.377580409573),.UNSPECIFIED.) CURVE() 
GEOMETRIC_REPRESENTATION_ITEM() RATIONAL_B_SPLINE_CURVE((1.,0.5,1.,0.5,
1.,0.5,1.)) REPRESENTATION_ITEM('') );
#5413 = CARTESIAN_POINT('',(155.5,111.71010778016));
#5414 = CARTESIAN_POINT('',(157.40525588832,111.71010778016));
#5415 = CARTESIAN_POINT('',(156.45262794416,110.06010778016));
#5416 = CARTESIAN_POINT('',(155.5,108.41010778016));
#5417 = CARTESIAN_POINT('',(154.54737205583,110.06010778016));
#5418 = CARTESIAN_POINT('',(153.59474411167,111.71010778016));
#5419 = CARTESIAN_POINT('',(155.5,111.71010778016));
#5420 = ( GEOMETRIC_REPRESENTATION_CONTEXT(2) 
PARAMETRIC_REPRESENTATION_CONTEXT() REPRESENTATION_CONTEXT('2D SPACE',''
  ) );
#5421 = PCURVE('',#2892,#5422);
#5422 = DEFINITIONAL_REPRESENTATION('',(#5423),#5427);
#5423 = LINE('',#5424,#5425);
#5424 = CARTESIAN_POINT('',(0.,52.));
#5425 = VECTOR('',#5426,1.);
#5426 = DIRECTION('',(1.,0.));
#5427 = ( GEOMETRIC_REPRESENTATION_CONTEXT(2) 
PARAMETRIC_REPRESENTATION_CONTEXT() REPRESENTATION_CONTEXT('2D SPACE',''
  ) );
#5428 = FACE_BOUND('',#5429,.T.);
#5429 = EDGE_LOOP('',(#5430));
#5430 = ORIENTED_EDGE('',*,*,#5431,.T.);
#5431 = EDGE_CURVE('',#5432,#5432,#5434,.T.);
#5432 = VERTEX_POINT('',#5433);
#5433 = CARTESIAN_POINT('',(154.5,203.,246.1));
#5434 = SURFACE_CURVE('',#5435,(#5440,#5451),.PCURVE_S1.);
#5435 = CIRCLE('',#5436,1.1);
#5436 = AXIS2_PLACEMENT_3D('',#5437,#5438,#5439);
#5437 = CARTESIAN_POINT('',(154.5,203.,245.));
#5438 = DIRECTION('',(0.,1.,0.));
#5439 = DIRECTION('',(0.,-0.,1.));
#5440 = PCURVE('',#98,#5441);
#5441 = DEFINITIONAL_REPRESENTATION('',(#5442),#5450);
#5442 = ( BOUNDED_CURVE() B_SPLINE_CURVE(2,(#5443,#5444,#5445,#5446,
#5447,#5448,#5449),.UNSPECIFIED.,.T.,.F.) B_SPLINE_CURVE_WITH_KNOTS((1,2
    ,2,2,2,1),(-2.094395102393,0.,2.094395102393,4.188790204786,
6.28318530718,8.377580409573),.UNSPECIFIED.) CURVE() 
GEOMETRIC_REPRESENTATION_ITEM() RATIONAL_B_SPLINE_CURVE((1.,0.5,1.,0.5,
1.,0.5,1.)) REPRESENTATION_ITEM('') );
#5443 = CARTESIAN_POINT('',(164.5,111.71010778016));
#5444 = CARTESIAN_POINT('',(166.40525588832,111.71010778016));
#5445 = CARTESIAN_POINT('',(165.45262794416,110.06010778016));
#5446 = CARTESIAN_POINT('',(164.5,108.41010778016));
#5447 = CARTESIAN_POINT('',(163.54737205583,110.06010778016));
#5448 = CARTESIAN_POINT('',(162.59474411167,111.71010778016));
#5449 = CARTESIAN_POINT('',(164.5,111.71010778016));
#5450 = ( GEOMETRIC_REPRESENTATION_CONTEXT(2) 
PARAMETRIC_REPRESENTATION_CONTEXT() REPRESENTATION_CONTEXT('2D SPACE',''
  ) );
#5451 = PCURVE('',#2927,#5452);
#5452 = DEFINITIONAL_REPRESENTATION('',(#5453),#5457);
#5453 = LINE('',#5454,#5455);
#5454 = CARTESIAN_POINT('',(0.,52.));
#5455 = VECTOR('',#5456,1.);
#5456 = DIRECTION('',(1.,0.));
#5457 = ( GEOMETRIC_REPRESENTATION_CONTEXT(2) 
PARAMETRIC_REPRESENTATION_CONTEXT() REPRESENTATION_CONTEXT('2D SPACE',''
  ) );
#5458 = FACE_BOUND('',#5459,.T.);
#5459 = EDGE_LOOP('',(#5460));
#5460 = ORIENTED_EDGE('',*,*,#5461,.T.);
#5461 = EDGE_CURVE('',#5462,#5462,#5464,.T.);
#5462 = VERTEX_POINT('',#5463);
#5463 = CARTESIAN_POINT('',(253.,203.,235.25));
#5464 = SURFACE_CURVE('',#5465,(#5470,#5481),.PCURVE_S1.);
#5465 = CIRCLE('',#5466,2.25);
#5466 = AXIS2_PLACEMENT_3D('',#5467,#5468,#5469);
#5467 = CARTESIAN_POINT('',(253.,203.,233.));
#5468 = DIRECTION('',(0.,1.,0.));
#5469 = DIRECTION('',(0.,-0.,1.));
#5470 = PCURVE('',#98,#5471);
#5471 = DEFINITIONAL_REPRESENTATION('',(#5472),#5480);
#5472 = ( BOUNDED_CURVE() B_SPLINE_CURVE(2,(#5473,#5474,#5475,#5476,
#5477,#5478,#5479),.UNSPECIFIED.,.T.,.F.) B_SPLINE_CURVE_WITH_KNOTS((1,2
    ,2,2,2,1),(-2.094395102393,0.,2.094395102393,4.188790204786,
6.28318530718,8.377580409573),.UNSPECIFIED.) CURVE() 
GEOMETRIC_REPRESENTATION_ITEM() RATIONAL_B_SPLINE_CURVE((1.,0.5,1.,0.5,
1.,0.5,1.)) REPRESENTATION_ITEM('') );
#5473 = CARTESIAN_POINT('',(263.,100.86010778016));
#5474 = CARTESIAN_POINT('',(266.89711431703,100.86010778016));
#5475 = CARTESIAN_POINT('',(264.94855715851,97.485107780164));
#5476 = CARTESIAN_POINT('',(263.,94.110107780164));
#5477 = CARTESIAN_POINT('',(261.05144284148,97.485107780164));
#5478 = CARTESIAN_POINT('',(259.10288568297,100.86010778016));
#5479 = CARTESIAN_POINT('',(263.,100.86010778016));
#5480 = ( GEOMETRIC_REPRESENTATION_CONTEXT(2) 
PARAMETRIC_REPRESENTATION_CONTEXT() REPRESENTATION_CONTEXT('2D SPACE',''
  ) );
#5481 = PCURVE('',#2962,#5482);
#5482 = DEFINITIONAL_REPRESENTATION('',(#5483),#5487);
#5483 = LINE('',#5484,#5485);
#5484 = CARTESIAN_POINT('',(0.,60.));
#5485 = VECTOR('',#5486,1.);
#5486 = DIRECTION('',(1.,0.));
#5487 = ( GEOMETRIC_REPRESENTATION_CONTEXT(2) 
PARAMETRIC_REPRESENTATION_CONTEXT() REPRESENTATION_CONTEXT('2D SPACE',''
  ) );
#5488 = FACE_BOUND('',#5489,.T.);
#5489 = EDGE_LOOP('',(#5490));
#5490 = ORIENTED_EDGE('',*,*,#5491,.T.);
#5491 = EDGE_CURVE('',#5492,#5492,#5494,.T.);
#5492 = VERTEX_POINT('',#5493);
#5493 = CARTESIAN_POINT('',(230.5,203.,246.1));
#5494 = SURFACE_CURVE('',#5495,(#5500,#5511),.PCURVE_S1.);
#5495 = CIRCLE('',#5496,1.1);
#5496 = AXIS2_PLACEMENT_3D('',#5497,#5498,#5499);
#5497 = CARTESIAN_POINT('',(230.5,203.,245.));
#5498 = DIRECTION('',(0.,1.,0.));
#5499 = DIRECTION('',(0.,-0.,1.));
#5500 = PCURVE('',#98,#5501);
#5501 = DEFINITIONAL_REPRESENTATION('',(#5502),#5510);
#5502 = ( BOUNDED_CURVE() B_SPLINE_CURVE(2,(#5503,#5504,#5505,#5506,
#5507,#5508,#5509),.UNSPECIFIED.,.T.,.F.) B_SPLINE_CURVE_WITH_KNOTS((1,2
    ,2,2,2,1),(-2.094395102393,0.,2.094395102393,4.188790204786,
6.28318530718,8.377580409573),.UNSPECIFIED.) CURVE() 
GEOMETRIC_REPRESENTATION_ITEM() RATIONAL_B_SPLINE_CURVE((1.,0.5,1.,0.5,
1.,0.5,1.)) REPRESENTATION_ITEM('') );
#5503 = CARTESIAN_POINT('',(240.5,111.71010778016));
#5504 = CARTESIAN_POINT('',(242.40525588832,111.71010778016));
#5505 = CARTESIAN_POINT('',(241.45262794416,110.06010778016));
#5506 = CARTESIAN_POINT('',(240.5,108.41010778016));
#5507 = CARTESIAN_POINT('',(239.54737205583,110.06010778016));
#5508 = CARTESIAN_POINT('',(238.59474411167,111.71010778016));
#5509 = CARTESIAN_POINT('',(240.5,111.71010778016));
#5510 = ( GEOMETRIC_REPRESENTATION_CONTEXT(2) 
PARAMETRIC_REPRESENTATION_CONTEXT() REPRESENTATION_CONTEXT('2D SPACE',''
  ) );
#5511 = PCURVE('',#2997,#5512);
#5512 = DEFINITIONAL_REPRESENTATION('',(#5513),#5517);
#5513 = LINE('',#5514,#5515);
#5514 = CARTESIAN_POINT('',(0.,52.));
#5515 = VECTOR('',#5516,1.);
#5516 = DIRECTION('',(1.,0.));
#5517 = ( GEOMETRIC_REPRESENTATION_CONTEXT(2) 
PARAMETRIC_REPRESENTATION_CONTEXT() REPRESENTATION_CONTEXT('2D SPACE',''
  ) );
#5518 = FACE_BOUND('',#5519,.T.);
#5519 = EDGE_LOOP('',(#5520));
#5520 = ORIENTED_EDGE('',*,*,#5521,.T.);
#5521 = EDGE_CURVE('',#5522,#5522,#5524,.T.);
#5522 = VERTEX_POINT('',#5523);
#5523 = CARTESIAN_POINT('',(239.5,203.,246.1));
#5524 = SURFACE_CURVE('',#5525,(#5530,#5541),.PCURVE_S1.);
#5525 = CIRCLE('',#5526,1.1);
#5526 = AXIS2_PLACEMENT_3D('',#5527,#5528,#5529);
#5527 = CARTESIAN_POINT('',(239.5,203.,245.));
#5528 = DIRECTION('',(0.,1.,0.));
#5529 = DIRECTION('',(0.,-0.,1.));
#5530 = PCURVE('',#98,#5531);
#5531 = DEFINITIONAL_REPRESENTATION('',(#5532),#5540);
#5532 = ( BOUNDED_CURVE() B_SPLINE_CURVE(2,(#5533,#5534,#5535,#5536,
#5537,#5538,#5539),.UNSPECIFIED.,.T.,.F.) B_SPLINE_CURVE_WITH_KNOTS((1,2
    ,2,2,2,1),(-2.094395102393,0.,2.094395102393,4.188790204786,
6.28318530718,8.377580409573),.UNSPECIFIED.) CURVE() 
GEOMETRIC_REPRESENTATION_ITEM() RATIONAL_B_SPLINE_CURVE((1.,0.5,1.,0.5,
1.,0.5,1.)) REPRESENTATION_ITEM('') );
#5533 = CARTESIAN_POINT('',(249.5,111.71010778016));
#5534 = CARTESIAN_POINT('',(251.40525588832,111.71010778016));
#5535 = CARTESIAN_POINT('',(250.45262794416,110.06010778016));
#5536 = CARTESIAN_POINT('',(249.5,108.41010778016));
#5537 = CARTESIAN_POINT('',(248.54737205583,110.06010778016));
#5538 = CARTESIAN_POINT('',(247.59474411167,111.71010778016));
#5539 = CARTESIAN_POINT('',(249.5,111.71010778016));
#5540 = ( GEOMETRIC_REPRESENTATION_CONTEXT(2) 
PARAMETRIC_REPRESENTATION_CONTEXT() REPRESENTATION_CONTEXT('2D SPACE',''
  ) );
#5541 = PCURVE('',#3032,#5542);
#5542 = DEFINITIONAL_REPRESENTATION('',(#5543),#5547);
#5543 = LINE('',#5544,#5545);
#5544 = CARTESIAN_POINT('',(0.,52.));
#5545 = VECTOR('',#5546,1.);
#5546 = DIRECTION('',(1.,0.));
#5547 = ( GEOMETRIC_REPRESENTATION_CONTEXT(2) 
PARAMETRIC_REPRESENTATION_CONTEXT() REPRESENTATION_CONTEXT('2D SPACE',''
  ) );
#5548 = FACE_BOUND('',#5549,.T.);
#5549 = EDGE_LOOP('',(#5550));
#5550 = ORIENTED_EDGE('',*,*,#5551,.T.);
#5551 = EDGE_CURVE('',#5552,#5552,#5554,.T.);
#5552 = VERTEX_POINT('',#5553);
#5553 = CARTESIAN_POINT('',(253.,203.,249.25));
#5554 = SURFACE_CURVE('',#5555,(#5560,#5571),.PCURVE_S1.);
#5555 = CIRCLE('',#5556,2.25);
#5556 = AXIS2_PLACEMENT_3D('',#5557,#5558,#5559);
#5557 = CARTESIAN_POINT('',(253.,203.,247.));
#5558 = DIRECTION('',(0.,1.,0.));
#5559 = DIRECTION('',(0.,-0.,1.));
#5560 = PCURVE('',#98,#5561);
#5561 = DEFINITIONAL_REPRESENTATION('',(#5562),#5570);
#5562 = ( BOUNDED_CURVE() B_SPLINE_CURVE(2,(#5563,#5564,#5565,#5566,
#5567,#5568,#5569),.UNSPECIFIED.,.T.,.F.) B_SPLINE_CURVE_WITH_KNOTS((1,2
    ,2,2,2,1),(-2.094395102393,0.,2.094395102393,4.188790204786,
6.28318530718,8.377580409573),.UNSPECIFIED.) CURVE() 
GEOMETRIC_REPRESENTATION_ITEM() RATIONAL_B_SPLINE_CURVE((1.,0.5,1.,0.5,
1.,0.5,1.)) REPRESENTATION_ITEM('') );
#5563 = CARTESIAN_POINT('',(263.,114.86010778016));
#5564 = CARTESIAN_POINT('',(266.89711431703,114.86010778016));
#5565 = CARTESIAN_POINT('',(264.94855715851,111.48510778016));
#5566 = CARTESIAN_POINT('',(263.,108.11010778016));
#5567 = CARTESIAN_POINT('',(261.05144284148,111.48510778016));
#5568 = CARTESIAN_POINT('',(259.10288568297,114.86010778016));
#5569 = CARTESIAN_POINT('',(263.,114.86010778016));
#5570 = ( GEOMETRIC_REPRESENTATION_CONTEXT(2) 
PARAMETRIC_REPRESENTATION_CONTEXT() REPRESENTATION_CONTEXT('2D SPACE',''
  ) );
#5571 = PCURVE('',#3067,#5572);
#5572 = DEFINITIONAL_REPRESENTATION('',(#5573),#5577);
#5573 = LINE('',#5574,#5575);
#5574 = CARTESIAN_POINT('',(0.,60.));
#5575 = VECTOR('',#5576,1.);
#5576 = DIRECTION('',(1.,0.));
#5577 = ( GEOMETRIC_REPRESENTATION_CONTEXT(2) 
PARAMETRIC_REPRESENTATION_CONTEXT() REPRESENTATION_CONTEXT('2D SPACE',''
  ) );
#5578 = ADVANCED_FACE('',(#5579),#71,.F.);
#5579 = FACE_BOUND('',#5580,.F.);
#5580 = EDGE_LOOP('',(#5581,#5582,#5583,#5584));
#5581 = ORIENTED_EDGE('',*,*,#3176,.F.);
#5582 = ORIENTED_EDGE('',*,*,#56,.T.);
#5583 = ORIENTED_EDGE('',*,*,#186,.T.);
#5584 = ORIENTED_EDGE('',*,*,#5585,.F.);
#5585 = EDGE_CURVE('',#3152,#157,#5586,.T.);
#5586 = SURFACE_CURVE('',#5587,(#5591,#5597),.PCURVE_S1.);
#5587 = LINE('',#5588,#5589);
#5588 = CARTESIAN_POINT('',(-4.9,94.,254.38989221983));
#5589 = VECTOR('',#5590,1.);
#5590 = DIRECTION('',(-0.,1.,0.));
#5591 = PCURVE('',#71,#5592);
#5592 = DEFINITIONAL_REPRESENTATION('',(#5593),#5596);
#5593 = B_SPLINE_CURVE_WITH_KNOTS('',1,(#5594,#5595),.UNSPECIFIED.,.F.,
  .F.,(2,2),(109.,114.),.PIECEWISE_BEZIER_KNOTS.);
#5594 = CARTESIAN_POINT('',(125.,-223.));
#5595 = CARTESIAN_POINT('',(125.,-228.));
#5596 = ( GEOMETRIC_REPRESENTATION_CONTEXT(2) 
PARAMETRIC_REPRESENTATION_CONTEXT() REPRESENTATION_CONTEXT('2D SPACE',''
  ) );
#5597 = PCURVE('',#174,#5598);
#5598 = DEFINITIONAL_REPRESENTATION('',(#5599),#5602);
#5599 = B_SPLINE_CURVE_WITH_KNOTS('',1,(#5600,#5601),.UNSPECIFIED.,.F.,
  .F.,(2,2),(109.,114.),.PIECEWISE_BEZIER_KNOTS.);
#5600 = CARTESIAN_POINT('',(5.,5.1));
#5601 = CARTESIAN_POINT('',(0.,5.1));
#5602 = ( GEOMETRIC_REPRESENTATION_CONTEXT(2) 
PARAMETRIC_REPRESENTATION_CONTEXT() REPRESENTATION_CONTEXT('2D SPACE',''
  ) );
#5603 = ADVANCED_FACE('',(#5604),#174,.T.);
#5604 = FACE_BOUND('',#5605,.T.);
#5605 = EDGE_LOOP('',(#5606,#5607,#5608,#5609));
#5606 = ORIENTED_EDGE('',*,*,#156,.F.);
#5607 = ORIENTED_EDGE('',*,*,#5585,.F.);
#5608 = ORIENTED_EDGE('',*,*,#3151,.T.);
#5609 = ORIENTED_EDGE('',*,*,#5610,.F.);
#5610 = EDGE_CURVE('',#159,#3154,#5611,.T.);
#5611 = SURFACE_CURVE('',#5612,(#5616,#5623),.PCURVE_S1.);
#5612 = LINE('',#5613,#5614);
#5613 = CARTESIAN_POINT('',(290.,208.,254.38989221983));
#5614 = VECTOR('',#5615,1.);
#5615 = DIRECTION('',(0.,-1.,0.));
#5616 = PCURVE('',#174,#5617);
#5617 = DEFINITIONAL_REPRESENTATION('',(#5618),#5622);
#5618 = LINE('',#5619,#5620);
#5619 = CARTESIAN_POINT('',(0.,300.));
#5620 = VECTOR('',#5621,1.);
#5621 = DIRECTION('',(1.,0.));
#5622 = ( GEOMETRIC_REPRESENTATION_CONTEXT(2) 
PARAMETRIC_REPRESENTATION_CONTEXT() REPRESENTATION_CONTEXT('2D SPACE',''
  ) );
#5623 = PCURVE('',#674,#5624);
#5624 = DEFINITIONAL_REPRESENTATION('',(#5625),#5629);
#5625 = LINE('',#5626,#5627);
#5626 = CARTESIAN_POINT('',(0.,-120.));
#5627 = VECTOR('',#5628,1.);
#5628 = DIRECTION('',(1.,0.));
#5629 = ( GEOMETRIC_REPRESENTATION_CONTEXT(2) 
PARAMETRIC_REPRESENTATION_CONTEXT() REPRESENTATION_CONTEXT('2D SPACE',''
  ) );
#5630 = ADVANCED_FACE('',(#5631),#674,.T.);
#5631 = FACE_BOUND('',#5632,.T.);
#5632 = EDGE_LOOP('',(#5633,#5654,#5655,#5656));
#5633 = ORIENTED_EDGE('',*,*,#5634,.F.);
#5634 = EDGE_CURVE('',#633,#3564,#5635,.T.);
#5635 = SURFACE_CURVE('',#5636,(#5640,#5647),.PCURVE_S1.);
#5636 = LINE('',#5637,#5638);
#5637 = CARTESIAN_POINT('',(290.,208.,134.38989221983));
#5638 = VECTOR('',#5639,1.);
#5639 = DIRECTION('',(0.,-1.,0.));
#5640 = PCURVE('',#674,#5641);
#5641 = DEFINITIONAL_REPRESENTATION('',(#5642),#5646);
#5642 = LINE('',#5643,#5644);
#5643 = CARTESIAN_POINT('',(0.,0.));
#5644 = VECTOR('',#5645,1.);
#5645 = DIRECTION('',(1.,0.));
#5646 = ( GEOMETRIC_REPRESENTATION_CONTEXT(2) 
PARAMETRIC_REPRESENTATION_CONTEXT() REPRESENTATION_CONTEXT('2D SPACE',''
  ) );
#5647 = PCURVE('',#648,#5648);
#5648 = DEFINITIONAL_REPRESENTATION('',(#5649),#5653);
#5649 = LINE('',#5650,#5651);
#5650 = CARTESIAN_POINT('',(0.,300.));
#5651 = VECTOR('',#5652,1.);
#5652 = DIRECTION('',(1.,0.));
#5653 = ( GEOMETRIC_REPRESENTATION_CONTEXT(2) 
PARAMETRIC_REPRESENTATION_CONTEXT() REPRESENTATION_CONTEXT('2D SPACE',''
  ) );
#5654 = ORIENTED_EDGE('',*,*,#660,.T.);
#5655 = ORIENTED_EDGE('',*,*,#5610,.T.);
#5656 = ORIENTED_EDGE('',*,*,#3586,.F.);
#5657 = ADVANCED_FACE('',(#5658),#648,.F.);
#5658 = FACE_BOUND('',#5659,.F.);
#5659 = EDGE_LOOP('',(#5660,#5661,#5681,#5699,#5700));
#5660 = ORIENTED_EDGE('',*,*,#632,.F.);
#5661 = ORIENTED_EDGE('',*,*,#5662,.F.);
#5662 = EDGE_CURVE('',#5663,#608,#5665,.T.);
#5663 = VERTEX_POINT('',#5664);
#5664 = CARTESIAN_POINT('',(233.35251142247,206.43011325446,
    134.38989221983));
#5665 = SURFACE_CURVE('',#5666,(#5669,#5675),.PCURVE_S1.);
#5666 = B_SPLINE_CURVE_WITH_KNOTS('',1,(#5667,#5668),.UNSPECIFIED.,.F.,
  .F.,(2,2),(0.,45.),.PIECEWISE_BEZIER_KNOTS.);
#5667 = CARTESIAN_POINT('',(233.35251142247,168.43011325446,
    134.38989221983));
#5668 = CARTESIAN_POINT('',(233.35251142247,213.43011325446,
    134.38989221983));
#5669 = PCURVE('',#648,#5670);
#5670 = DEFINITIONAL_REPRESENTATION('',(#5671),#5674);
#5671 = B_SPLINE_CURVE_WITH_KNOTS('',1,(#5672,#5673),.UNSPECIFIED.,.F.,
  .F.,(2,2),(0.,45.),.PIECEWISE_BEZIER_KNOTS.);
#5672 = CARTESIAN_POINT('',(39.569886745531,243.35251142247));
#5673 = CARTESIAN_POINT('',(-5.430113254469,243.35251142247));
#5674 = ( GEOMETRIC_REPRESENTATION_CONTEXT(2) 
PARAMETRIC_REPRESENTATION_CONTEXT() REPRESENTATION_CONTEXT('2D SPACE',''
  ) );
#5675 = PCURVE('',#621,#5676);
#5676 = DEFINITIONAL_REPRESENTATION('',(#5677),#5680);
#5677 = B_SPLINE_CURVE_WITH_KNOTS('',1,(#5678,#5679),.UNSPECIFIED.,.F.,
  .F.,(2,2),(0.,45.),.PIECEWISE_BEZIER_KNOTS.);
#5678 = CARTESIAN_POINT('',(0.,0.));
#5679 = CARTESIAN_POINT('',(0.,-45.));
#5680 = ( GEOMETRIC_REPRESENTATION_CONTEXT(2) 
PARAMETRIC_REPRESENTATION_CONTEXT() REPRESENTATION_CONTEXT('2D SPACE',''
  ) );
#5681 = ORIENTED_EDGE('',*,*,#5682,.F.);
#5682 = EDGE_CURVE('',#3544,#5663,#5683,.T.);
#5683 = SURFACE_CURVE('',#5684,(#5687,#5693),.PCURVE_S1.);
#5684 = B_SPLINE_CURVE_WITH_KNOTS('',1,(#5685,#5686),.UNSPECIFIED.,.F.,
  .F.,(2,2),(0.,45.),.PIECEWISE_BEZIER_KNOTS.);
#5685 = CARTESIAN_POINT('',(233.35251142247,168.43011325446,
    134.38989221983));
#5686 = CARTESIAN_POINT('',(233.35251142247,213.43011325446,
    134.38989221983));
#5687 = PCURVE('',#648,#5688);
#5688 = DEFINITIONAL_REPRESENTATION('',(#5689),#5692);
#5689 = B_SPLINE_CURVE_WITH_KNOTS('',1,(#5690,#5691),.UNSPECIFIED.,.F.,
  .F.,(2,2),(0.,45.),.PIECEWISE_BEZIER_KNOTS.);
#5690 = CARTESIAN_POINT('',(39.569886745531,243.35251142247));
#5691 = CARTESIAN_POINT('',(-5.430113254469,243.35251142247));
#5692 = ( GEOMETRIC_REPRESENTATION_CONTEXT(2) 
PARAMETRIC_REPRESENTATION_CONTEXT() REPRESENTATION_CONTEXT('2D SPACE',''
  ) );
#5693 = PCURVE('',#621,#5694);
#5694 = DEFINITIONAL_REPRESENTATION('',(#5695),#5698);
#5695 = B_SPLINE_CURVE_WITH_KNOTS('',1,(#5696,#5697),.UNSPECIFIED.,.F.,
  .F.,(2,2),(0.,45.),.PIECEWISE_BEZIER_KNOTS.);
#5696 = CARTESIAN_POINT('',(0.,0.));
#5697 = CARTESIAN_POINT('',(0.,-45.));
#5698 = ( GEOMETRIC_REPRESENTATION_CONTEXT(2) 
PARAMETRIC_REPRESENTATION_CONTEXT() REPRESENTATION_CONTEXT('2D SPACE',''
  ) );
#5699 = ORIENTED_EDGE('',*,*,#3563,.T.);
#5700 = ORIENTED_EDGE('',*,*,#5634,.F.);
#5701 = ADVANCED_FACE('',(#5702),#621,.F.);
#5702 = FACE_BOUND('',#5703,.F.);
#5703 = EDGE_LOOP('',(#5704,#5724,#5725,#5726,#5727,#5728));
#5704 = ORIENTED_EDGE('',*,*,#5705,.F.);
#5705 = EDGE_CURVE('',#3519,#5706,#5708,.T.);
#5706 = VERTEX_POINT('',#5707);
#5707 = CARTESIAN_POINT('',(233.35251142247,206.43011325446,
    139.38989221983));
#5708 = SURFACE_CURVE('',#5709,(#5712,#5718),.PCURVE_S1.);
#5709 = B_SPLINE_CURVE_WITH_KNOTS('',1,(#5710,#5711),.UNSPECIFIED.,.F.,
  .F.,(2,2),(0.,45.),.PIECEWISE_BEZIER_KNOTS.);
#5710 = CARTESIAN_POINT('',(233.35251142247,168.43011325446,
    139.38989221983));
#5711 = CARTESIAN_POINT('',(233.35251142247,213.43011325446,
    139.38989221983));
#5712 = PCURVE('',#621,#5713);
#5713 = DEFINITIONAL_REPRESENTATION('',(#5714),#5717);
#5714 = B_SPLINE_CURVE_WITH_KNOTS('',1,(#5715,#5716),.UNSPECIFIED.,.F.,
  .F.,(2,2),(0.,45.),.PIECEWISE_BEZIER_KNOTS.);
#5715 = CARTESIAN_POINT('',(5.,0.));
#5716 = CARTESIAN_POINT('',(5.,-45.));
#5717 = ( GEOMETRIC_REPRESENTATION_CONTEXT(2) 
PARAMETRIC_REPRESENTATION_CONTEXT() REPRESENTATION_CONTEXT('2D SPACE',''
  ) );
#5718 = PCURVE('',#3532,#5719);
#5719 = DEFINITIONAL_REPRESENTATION('',(#5720),#5723);
#5720 = B_SPLINE_CURVE_WITH_KNOTS('',1,(#5721,#5722),.UNSPECIFIED.,.F.,
  .F.,(2,2),(34.569886745531,38.),.PIECEWISE_BEZIER_KNOTS.);
#5721 = CARTESIAN_POINT('',(0.,-19.56988674553));
#5722 = CARTESIAN_POINT('',(0.,-23.));
#5723 = ( GEOMETRIC_REPRESENTATION_CONTEXT(2) 
PARAMETRIC_REPRESENTATION_CONTEXT() REPRESENTATION_CONTEXT('2D SPACE',''
  ) );
#5724 = ORIENTED_EDGE('',*,*,#3543,.T.);
#5725 = ORIENTED_EDGE('',*,*,#5682,.T.);
#5726 = ORIENTED_EDGE('',*,*,#5662,.T.);
#5727 = ORIENTED_EDGE('',*,*,#607,.F.);
#5728 = ORIENTED_EDGE('',*,*,#5729,.F.);
#5729 = EDGE_CURVE('',#5706,#583,#5730,.T.);
#5730 = SURFACE_CURVE('',#5731,(#5734,#5740),.PCURVE_S1.);
#5731 = B_SPLINE_CURVE_WITH_KNOTS('',1,(#5732,#5733),.UNSPECIFIED.,.F.,
  .F.,(2,2),(0.,45.),.PIECEWISE_BEZIER_KNOTS.);
#5732 = CARTESIAN_POINT('',(233.35251142247,168.43011325446,
    139.38989221983));
#5733 = CARTESIAN_POINT('',(233.35251142247,213.43011325446,
    139.38989221983));
#5734 = PCURVE('',#621,#5735);
#5735 = DEFINITIONAL_REPRESENTATION('',(#5736),#5739);
#5736 = B_SPLINE_CURVE_WITH_KNOTS('',1,(#5737,#5738),.UNSPECIFIED.,.F.,
  .F.,(2,2),(0.,45.),.PIECEWISE_BEZIER_KNOTS.);
#5737 = CARTESIAN_POINT('',(5.,0.));
#5738 = CARTESIAN_POINT('',(5.,-45.));
#5739 = ( GEOMETRIC_REPRESENTATION_CONTEXT(2) 
PARAMETRIC_REPRESENTATION_CONTEXT() REPRESENTATION_CONTEXT('2D SPACE',''
  ) );
#5740 = PCURVE('',#596,#5741);
#5741 = DEFINITIONAL_REPRESENTATION('',(#5742),#5745);
#5742 = B_SPLINE_CURVE_WITH_KNOTS('',1,(#5743,#5744),.UNSPECIFIED.,.F.,
  .F.,(2,2),(38.,39.569886745531),.PIECEWISE_BEZIER_KNOTS.);
#5743 = CARTESIAN_POINT('',(0.,-23.));
#5744 = CARTESIAN_POINT('',(0.,-24.56988674553));
#5745 = ( GEOMETRIC_REPRESENTATION_CONTEXT(2) 
PARAMETRIC_REPRESENTATION_CONTEXT() REPRESENTATION_CONTEXT('2D SPACE',''
  ) );
#5746 = ADVANCED_FACE('',(#5747),#240,.T.);
#5747 = FACE_BOUND('',#5748,.T.);
#5748 = EDGE_LOOP('',(#5749,#5769,#5787,#5788));
#5749 = ORIENTED_EDGE('',*,*,#5750,.F.);
#5750 = EDGE_CURVE('',#5751,#227,#5753,.T.);
#5751 = VERTEX_POINT('',#5752);
#5752 = CARTESIAN_POINT('',(46.586605785827,206.43011325446,
    141.38989221983));
#5753 = SURFACE_CURVE('',#5754,(#5757,#5763),.PCURVE_S1.);
#5754 = B_SPLINE_CURVE_WITH_KNOTS('',1,(#5755,#5756),.UNSPECIFIED.,.F.,
  .F.,(2,2),(0.,2.),.PIECEWISE_BEZIER_KNOTS.);
#5755 = CARTESIAN_POINT('',(46.586605785827,206.43011325446,
    141.38989221983));
#5756 = CARTESIAN_POINT('',(46.586605785827,208.43011325446,
    141.38989221983));
#5757 = PCURVE('',#240,#5758);
#5758 = DEFINITIONAL_REPRESENTATION('',(#5759),#5762);
#5759 = B_SPLINE_CURVE_WITH_KNOTS('',1,(#5760,#5761),.UNSPECIFIED.,.F.,
  .F.,(2,2),(0.,2.),.PIECEWISE_BEZIER_KNOTS.);
#5760 = CARTESIAN_POINT('',(2.,-23.));
#5761 = CARTESIAN_POINT('',(2.,-25.));
#5762 = ( GEOMETRIC_REPRESENTATION_CONTEXT(2) 
PARAMETRIC_REPRESENTATION_CONTEXT() REPRESENTATION_CONTEXT('2D SPACE',''
  ) );
#5763 = PCURVE('',#265,#5764);
#5764 = DEFINITIONAL_REPRESENTATION('',(#5765),#5768);
#5765 = B_SPLINE_CURVE_WITH_KNOTS('',1,(#5766,#5767),.UNSPECIFIED.,.F.,
  .F.,(2,2),(0.,2.),.PIECEWISE_BEZIER_KNOTS.);
#5766 = CARTESIAN_POINT('',(30.,0.));
#5767 = CARTESIAN_POINT('',(30.,2.));
#5768 = ( GEOMETRIC_REPRESENTATION_CONTEXT(2) 
PARAMETRIC_REPRESENTATION_CONTEXT() REPRESENTATION_CONTEXT('2D SPACE',''
  ) );
#5769 = ORIENTED_EDGE('',*,*,#5770,.F.);
#5770 = EDGE_CURVE('',#3085,#5751,#5771,.T.);
#5771 = SURFACE_CURVE('',#5772,(#5775,#5781),.PCURVE_S1.);
#5772 = B_SPLINE_CURVE_WITH_KNOTS('',1,(#5773,#5774),.UNSPECIFIED.,.F.,
  .F.,(2,2),(28.,30.),.PIECEWISE_BEZIER_KNOTS.);
#5773 = CARTESIAN_POINT('',(46.586605785827,206.43011325446,
    139.38989221983));
#5774 = CARTESIAN_POINT('',(46.586605785827,206.43011325446,
    141.38989221983));
#5775 = PCURVE('',#240,#5776);
#5776 = DEFINITIONAL_REPRESENTATION('',(#5777),#5780);
#5777 = B_SPLINE_CURVE_WITH_KNOTS('',1,(#5778,#5779),.UNSPECIFIED.,.F.,
  .F.,(2,2),(28.,30.),.PIECEWISE_BEZIER_KNOTS.);
#5778 = CARTESIAN_POINT('',(0.,-23.));
#5779 = CARTESIAN_POINT('',(2.,-23.));
#5780 = ( GEOMETRIC_REPRESENTATION_CONTEXT(2) 
PARAMETRIC_REPRESENTATION_CONTEXT() REPRESENTATION_CONTEXT('2D SPACE',''
  ) );
#5781 = PCURVE('',#3098,#5782);
#5782 = DEFINITIONAL_REPRESENTATION('',(#5783),#5786);
#5783 = B_SPLINE_CURVE_WITH_KNOTS('',1,(#5784,#5785),.UNSPECIFIED.,.F.,
  .F.,(2,2),(28.,30.),.PIECEWISE_BEZIER_KNOTS.);
#5784 = CARTESIAN_POINT('',(0.,-23.));
#5785 = CARTESIAN_POINT('',(2.,-23.));
#5786 = ( GEOMETRIC_REPRESENTATION_CONTEXT(2) 
PARAMETRIC_REPRESENTATION_CONTEXT() REPRESENTATION_CONTEXT('2D SPACE',''
  ) );
#5787 = ORIENTED_EDGE('',*,*,#3130,.T.);
#5788 = ORIENTED_EDGE('',*,*,#226,.F.);
#5789 = ADVANCED_FACE('',(#5790),#596,.F.);
#5790 = FACE_BOUND('',#5791,.F.);
#5791 = EDGE_LOOP('',(#5792,#5812,#5830,#5831));
#5792 = ORIENTED_EDGE('',*,*,#5793,.F.);
#5793 = EDGE_CURVE('',#5794,#558,#5796,.T.);
#5794 = VERTEX_POINT('',#5795);
#5795 = CARTESIAN_POINT('',(233.35251142247,206.43011325446,
    141.38989221983));
#5796 = SURFACE_CURVE('',#5797,(#5800,#5806),.PCURVE_S1.);
#5797 = B_SPLINE_CURVE_WITH_KNOTS('',1,(#5798,#5799),.UNSPECIFIED.,.F.,
  .F.,(2,2),(0.,2.),.PIECEWISE_BEZIER_KNOTS.);
#5798 = CARTESIAN_POINT('',(233.35251142247,206.43011325446,
    141.38989221983));
#5799 = CARTESIAN_POINT('',(233.35251142247,208.43011325446,
    141.38989221983));
#5800 = PCURVE('',#596,#5801);
#5801 = DEFINITIONAL_REPRESENTATION('',(#5802),#5805);
#5802 = B_SPLINE_CURVE_WITH_KNOTS('',1,(#5803,#5804),.UNSPECIFIED.,.F.,
  .F.,(2,2),(0.,2.),.PIECEWISE_BEZIER_KNOTS.);
#5803 = CARTESIAN_POINT('',(2.,-23.));
#5804 = CARTESIAN_POINT('',(2.,-25.));
#5805 = ( GEOMETRIC_REPRESENTATION_CONTEXT(2) 
PARAMETRIC_REPRESENTATION_CONTEXT() REPRESENTATION_CONTEXT('2D SPACE',''
  ) );
#5806 = PCURVE('',#571,#5807);
#5807 = DEFINITIONAL_REPRESENTATION('',(#5808),#5811);
#5808 = B_SPLINE_CURVE_WITH_KNOTS('',1,(#5809,#5810),.UNSPECIFIED.,.F.,
  .F.,(2,2),(0.,2.),.PIECEWISE_BEZIER_KNOTS.);
#5809 = CARTESIAN_POINT('',(0.,0.));
#5810 = CARTESIAN_POINT('',(0.,2.));
#5811 = ( GEOMETRIC_REPRESENTATION_CONTEXT(2) 
PARAMETRIC_REPRESENTATION_CONTEXT() REPRESENTATION_CONTEXT('2D SPACE',''
  ) );
#5812 = ORIENTED_EDGE('',*,*,#5813,.F.);
#5813 = EDGE_CURVE('',#5706,#5794,#5814,.T.);
#5814 = SURFACE_CURVE('',#5815,(#5818,#5824),.PCURVE_S1.);
#5815 = B_SPLINE_CURVE_WITH_KNOTS('',1,(#5816,#5817),.UNSPECIFIED.,.F.,
  .F.,(2,2),(28.,30.),.PIECEWISE_BEZIER_KNOTS.);
#5816 = CARTESIAN_POINT('',(233.35251142247,206.43011325446,
    139.38989221983));
#5817 = CARTESIAN_POINT('',(233.35251142247,206.43011325446,
    141.38989221983));
#5818 = PCURVE('',#596,#5819);
#5819 = DEFINITIONAL_REPRESENTATION('',(#5820),#5823);
#5820 = B_SPLINE_CURVE_WITH_KNOTS('',1,(#5821,#5822),.UNSPECIFIED.,.F.,
  .F.,(2,2),(28.,30.),.PIECEWISE_BEZIER_KNOTS.);
#5821 = CARTESIAN_POINT('',(0.,-23.));
#5822 = CARTESIAN_POINT('',(2.,-23.));
#5823 = ( GEOMETRIC_REPRESENTATION_CONTEXT(2) 
PARAMETRIC_REPRESENTATION_CONTEXT() REPRESENTATION_CONTEXT('2D SPACE',''
  ) );
#5824 = PCURVE('',#3532,#5825);
#5825 = DEFINITIONAL_REPRESENTATION('',(#5826),#5829);
#5826 = B_SPLINE_CURVE_WITH_KNOTS('',1,(#5827,#5828),.UNSPECIFIED.,.F.,
  .F.,(2,2),(28.,30.),.PIECEWISE_BEZIER_KNOTS.);
#5827 = CARTESIAN_POINT('',(0.,-23.));
#5828 = CARTESIAN_POINT('',(2.,-23.));
#5829 = ( GEOMETRIC_REPRESENTATION_CONTEXT(2) 
PARAMETRIC_REPRESENTATION_CONTEXT() REPRESENTATION_CONTEXT('2D SPACE',''
  ) );
#5830 = ORIENTED_EDGE('',*,*,#5729,.T.);
#5831 = ORIENTED_EDGE('',*,*,#582,.F.);
#5832 = ADVANCED_FACE('',(#5833),#265,.T.);
#5833 = FACE_BOUND('',#5834,.T.);
#5834 = EDGE_LOOP('',(#5835,#5855,#5873,#5874));
#5835 = ORIENTED_EDGE('',*,*,#5836,.F.);
#5836 = EDGE_CURVE('',#5837,#252,#5839,.T.);
#5837 = VERTEX_POINT('',#5838);
#5838 = CARTESIAN_POINT('',(76.586605785827,206.43011325446,
    141.38989221983));
#5839 = SURFACE_CURVE('',#5840,(#5843,#5849),.PCURVE_S1.);
#5840 = B_SPLINE_CURVE_WITH_KNOTS('',1,(#5841,#5842),.UNSPECIFIED.,.F.,
  .F.,(2,2),(0.,2.),.PIECEWISE_BEZIER_KNOTS.);
#5841 = CARTESIAN_POINT('',(76.586605785827,206.43011325446,
    141.38989221983));
#5842 = CARTESIAN_POINT('',(76.586605785827,208.43011325446,
    141.38989221983));
#5843 = PCURVE('',#265,#5844);
#5844 = DEFINITIONAL_REPRESENTATION('',(#5845),#5848);
#5845 = B_SPLINE_CURVE_WITH_KNOTS('',1,(#5846,#5847),.UNSPECIFIED.,.F.,
  .F.,(2,2),(0.,2.),.PIECEWISE_BEZIER_KNOTS.);
#5846 = CARTESIAN_POINT('',(0.,0.));
#5847 = CARTESIAN_POINT('',(0.,2.));
#5848 = ( GEOMETRIC_REPRESENTATION_CONTEXT(2) 
PARAMETRIC_REPRESENTATION_CONTEXT() REPRESENTATION_CONTEXT('2D SPACE',''
  ) );
#5849 = PCURVE('',#290,#5850);
#5850 = DEFINITIONAL_REPRESENTATION('',(#5851),#5854);
#5851 = B_SPLINE_CURVE_WITH_KNOTS('',1,(#5852,#5853),.UNSPECIFIED.,.F.,
  .F.,(2,2),(0.,2.),.PIECEWISE_BEZIER_KNOTS.);
#5852 = CARTESIAN_POINT('',(2.,-23.));
#5853 = CARTESIAN_POINT('',(2.,-25.));
#5854 = ( GEOMETRIC_REPRESENTATION_CONTEXT(2) 
PARAMETRIC_REPRESENTATION_CONTEXT() REPRESENTATION_CONTEXT('2D SPACE',''
  ) );
#5855 = ORIENTED_EDGE('',*,*,#5856,.T.);
#5856 = EDGE_CURVE('',#5837,#5751,#5857,.T.);
#5857 = SURFACE_CURVE('',#5858,(#5861,#5867),.PCURVE_S1.);
#5858 = B_SPLINE_CURVE_WITH_KNOTS('',1,(#5859,#5860),.UNSPECIFIED.,.F.,
  .F.,(2,2),(0.,30.),.PIECEWISE_BEZIER_KNOTS.);
#5859 = CARTESIAN_POINT('',(76.586605785827,206.43011325446,
    141.38989221983));
#5860 = CARTESIAN_POINT('',(46.586605785827,206.43011325446,
    141.38989221983));
#5861 = PCURVE('',#265,#5862);
#5862 = DEFINITIONAL_REPRESENTATION('',(#5863),#5866);
#5863 = B_SPLINE_CURVE_WITH_KNOTS('',1,(#5864,#5865),.UNSPECIFIED.,.F.,
  .F.,(2,2),(0.,30.),.PIECEWISE_BEZIER_KNOTS.);
#5864 = CARTESIAN_POINT('',(0.,0.));
#5865 = CARTESIAN_POINT('',(30.,0.));
#5866 = ( GEOMETRIC_REPRESENTATION_CONTEXT(2) 
PARAMETRIC_REPRESENTATION_CONTEXT() REPRESENTATION_CONTEXT('2D SPACE',''
  ) );
#5867 = PCURVE('',#3231,#5868);
#5868 = DEFINITIONAL_REPRESENTATION('',(#5869),#5872);
#5869 = B_SPLINE_CURVE_WITH_KNOTS('',1,(#5870,#5871),.UNSPECIFIED.,.F.,
  .F.,(2,2),(0.,30.),.PIECEWISE_BEZIER_KNOTS.);
#5870 = CARTESIAN_POINT('',(0.,23.));
#5871 = CARTESIAN_POINT('',(30.,23.));
#5872 = ( GEOMETRIC_REPRESENTATION_CONTEXT(2) 
PARAMETRIC_REPRESENTATION_CONTEXT() REPRESENTATION_CONTEXT('2D SPACE',''
  ) );
#5873 = ORIENTED_EDGE('',*,*,#5750,.T.);
#5874 = ORIENTED_EDGE('',*,*,#251,.T.);
#5875 = ADVANCED_FACE('',(#5876),#571,.T.);
#5876 = FACE_BOUND('',#5877,.T.);
#5877 = EDGE_LOOP('',(#5878,#5879,#5899,#5917));
#5878 = ORIENTED_EDGE('',*,*,#5793,.F.);
#5879 = ORIENTED_EDGE('',*,*,#5880,.T.);
#5880 = EDGE_CURVE('',#5794,#5881,#5883,.T.);
#5881 = VERTEX_POINT('',#5882);
#5882 = CARTESIAN_POINT('',(203.35251142247,206.43011325446,
    141.38989221983));
#5883 = SURFACE_CURVE('',#5884,(#5887,#5893),.PCURVE_S1.);
#5884 = B_SPLINE_CURVE_WITH_KNOTS('',1,(#5885,#5886),.UNSPECIFIED.,.F.,
  .F.,(2,2),(0.,30.),.PIECEWISE_BEZIER_KNOTS.);
#5885 = CARTESIAN_POINT('',(233.35251142247,206.43011325446,
    141.38989221983));
#5886 = CARTESIAN_POINT('',(203.35251142247,206.43011325446,
    141.38989221983));
#5887 = PCURVE('',#571,#5888);
#5888 = DEFINITIONAL_REPRESENTATION('',(#5889),#5892);
#5889 = B_SPLINE_CURVE_WITH_KNOTS('',1,(#5890,#5891),.UNSPECIFIED.,.F.,
  .F.,(2,2),(0.,30.),.PIECEWISE_BEZIER_KNOTS.);
#5890 = CARTESIAN_POINT('',(0.,0.));
#5891 = CARTESIAN_POINT('',(30.,0.));
#5892 = ( GEOMETRIC_REPRESENTATION_CONTEXT(2) 
PARAMETRIC_REPRESENTATION_CONTEXT() REPRESENTATION_CONTEXT('2D SPACE',''
  ) );
#5893 = PCURVE('',#3507,#5894);
#5894 = DEFINITIONAL_REPRESENTATION('',(#5895),#5898);
#5895 = B_SPLINE_CURVE_WITH_KNOTS('',1,(#5896,#5897),.UNSPECIFIED.,.F.,
  .F.,(2,2),(0.,30.),.PIECEWISE_BEZIER_KNOTS.);
#5896 = CARTESIAN_POINT('',(0.,23.));
#5897 = CARTESIAN_POINT('',(30.,23.));
#5898 = ( GEOMETRIC_REPRESENTATION_CONTEXT(2) 
PARAMETRIC_REPRESENTATION_CONTEXT() REPRESENTATION_CONTEXT('2D SPACE',''
  ) );
#5899 = ORIENTED_EDGE('',*,*,#5900,.T.);
#5900 = EDGE_CURVE('',#5881,#533,#5901,.T.);
#5901 = SURFACE_CURVE('',#5902,(#5905,#5911),.PCURVE_S1.);
#5902 = B_SPLINE_CURVE_WITH_KNOTS('',1,(#5903,#5904),.UNSPECIFIED.,.F.,
  .F.,(2,2),(0.,2.),.PIECEWISE_BEZIER_KNOTS.);
#5903 = CARTESIAN_POINT('',(203.35251142247,206.43011325446,
    141.38989221983));
#5904 = CARTESIAN_POINT('',(203.35251142247,208.43011325446,
    141.38989221983));
#5905 = PCURVE('',#571,#5906);
#5906 = DEFINITIONAL_REPRESENTATION('',(#5907),#5910);
#5907 = B_SPLINE_CURVE_WITH_KNOTS('',1,(#5908,#5909),.UNSPECIFIED.,.F.,
  .F.,(2,2),(0.,2.),.PIECEWISE_BEZIER_KNOTS.);
#5908 = CARTESIAN_POINT('',(30.,0.));
#5909 = CARTESIAN_POINT('',(30.,2.));
#5910 = ( GEOMETRIC_REPRESENTATION_CONTEXT(2) 
PARAMETRIC_REPRESENTATION_CONTEXT() REPRESENTATION_CONTEXT('2D SPACE',''
  ) );
#5911 = PCURVE('',#546,#5912);
#5912 = DEFINITIONAL_REPRESENTATION('',(#5913),#5916);
#5913 = B_SPLINE_CURVE_WITH_KNOTS('',1,(#5914,#5915),.UNSPECIFIED.,.F.,
  .F.,(2,2),(0.,2.),.PIECEWISE_BEZIER_KNOTS.);
#5914 = CARTESIAN_POINT('',(2.,-23.));
#5915 = CARTESIAN_POINT('',(2.,-25.));
#5916 = ( GEOMETRIC_REPRESENTATION_CONTEXT(2) 
PARAMETRIC_REPRESENTATION_CONTEXT() REPRESENTATION_CONTEXT('2D SPACE',''
  ) );
#5917 = ORIENTED_EDGE('',*,*,#557,.T.);
#5918 = ADVANCED_FACE('',(#5919),#290,.F.);
#5919 = FACE_BOUND('',#5920,.F.);
#5920 = EDGE_LOOP('',(#5921,#5922,#5942,#5960));
#5921 = ORIENTED_EDGE('',*,*,#5836,.F.);
#5922 = ORIENTED_EDGE('',*,*,#5923,.F.);
#5923 = EDGE_CURVE('',#5924,#5837,#5926,.T.);
#5924 = VERTEX_POINT('',#5925);
#5925 = CARTESIAN_POINT('',(76.586605785827,206.43011325446,
    139.38989221983));
#5926 = SURFACE_CURVE('',#5927,(#5930,#5936),.PCURVE_S1.);
#5927 = B_SPLINE_CURVE_WITH_KNOTS('',1,(#5928,#5929),.UNSPECIFIED.,.F.,
  .F.,(2,2),(28.,30.),.PIECEWISE_BEZIER_KNOTS.);
#5928 = CARTESIAN_POINT('',(76.586605785827,206.43011325446,
    139.38989221983));
#5929 = CARTESIAN_POINT('',(76.586605785827,206.43011325446,
    141.38989221983));
#5930 = PCURVE('',#290,#5931);
#5931 = DEFINITIONAL_REPRESENTATION('',(#5932),#5935);
#5932 = B_SPLINE_CURVE_WITH_KNOTS('',1,(#5933,#5934),.UNSPECIFIED.,.F.,
  .F.,(2,2),(28.,30.),.PIECEWISE_BEZIER_KNOTS.);
#5933 = CARTESIAN_POINT('',(0.,-23.));
#5934 = CARTESIAN_POINT('',(2.,-23.));
#5935 = ( GEOMETRIC_REPRESENTATION_CONTEXT(2) 
PARAMETRIC_REPRESENTATION_CONTEXT() REPRESENTATION_CONTEXT('2D SPACE',''
  ) );
#5936 = PCURVE('',#3256,#5937);
#5937 = DEFINITIONAL_REPRESENTATION('',(#5938),#5941);
#5938 = B_SPLINE_CURVE_WITH_KNOTS('',1,(#5939,#5940),.UNSPECIFIED.,.F.,
  .F.,(2,2),(28.,30.),.PIECEWISE_BEZIER_KNOTS.);
#5939 = CARTESIAN_POINT('',(0.,-23.));
#5940 = CARTESIAN_POINT('',(2.,-23.));
#5941 = ( GEOMETRIC_REPRESENTATION_CONTEXT(2) 
PARAMETRIC_REPRESENTATION_CONTEXT() REPRESENTATION_CONTEXT('2D SPACE',''
  ) );
#5942 = ORIENTED_EDGE('',*,*,#5943,.T.);
#5943 = EDGE_CURVE('',#5924,#277,#5944,.T.);
#5944 = SURFACE_CURVE('',#5945,(#5948,#5954),.PCURVE_S1.);
#5945 = B_SPLINE_CURVE_WITH_KNOTS('',1,(#5946,#5947),.UNSPECIFIED.,.F.,
  .F.,(2,2),(0.,45.),.PIECEWISE_BEZIER_KNOTS.);
#5946 = CARTESIAN_POINT('',(76.586605785827,168.43011325446,
    139.38989221983));
#5947 = CARTESIAN_POINT('',(76.586605785827,213.43011325446,
    139.38989221983));
#5948 = PCURVE('',#290,#5949);
#5949 = DEFINITIONAL_REPRESENTATION('',(#5950),#5953);
#5950 = B_SPLINE_CURVE_WITH_KNOTS('',1,(#5951,#5952),.UNSPECIFIED.,.F.,
  .F.,(2,2),(38.,39.569886745531),.PIECEWISE_BEZIER_KNOTS.);
#5951 = CARTESIAN_POINT('',(0.,-23.));
#5952 = CARTESIAN_POINT('',(0.,-24.56988674553));
#5953 = ( GEOMETRIC_REPRESENTATION_CONTEXT(2) 
PARAMETRIC_REPRESENTATION_CONTEXT() REPRESENTATION_CONTEXT('2D SPACE',''
  ) );
#5954 = PCURVE('',#315,#5955);
#5955 = DEFINITIONAL_REPRESENTATION('',(#5956),#5959);
#5956 = B_SPLINE_CURVE_WITH_KNOTS('',1,(#5957,#5958),.UNSPECIFIED.,.F.,
  .F.,(2,2),(0.,45.),.PIECEWISE_BEZIER_KNOTS.);
#5957 = CARTESIAN_POINT('',(5.,0.));
#5958 = CARTESIAN_POINT('',(5.,-45.));
#5959 = ( GEOMETRIC_REPRESENTATION_CONTEXT(2) 
PARAMETRIC_REPRESENTATION_CONTEXT() REPRESENTATION_CONTEXT('2D SPACE',''
  ) );
#5960 = ORIENTED_EDGE('',*,*,#276,.F.);
#5961 = ADVANCED_FACE('',(#5962),#546,.T.);
#5962 = FACE_BOUND('',#5963,.T.);
#5963 = EDGE_LOOP('',(#5964,#5965,#5985,#6003));
#5964 = ORIENTED_EDGE('',*,*,#5900,.F.);
#5965 = ORIENTED_EDGE('',*,*,#5966,.F.);
#5966 = EDGE_CURVE('',#5967,#5881,#5969,.T.);
#5967 = VERTEX_POINT('',#5968);
#5968 = CARTESIAN_POINT('',(203.35251142247,206.43011325446,
    139.38989221983));
#5969 = SURFACE_CURVE('',#5970,(#5973,#5979),.PCURVE_S1.);
#5970 = B_SPLINE_CURVE_WITH_KNOTS('',1,(#5971,#5972),.UNSPECIFIED.,.F.,
  .F.,(2,2),(28.,30.),.PIECEWISE_BEZIER_KNOTS.);
#5971 = CARTESIAN_POINT('',(203.35251142247,206.43011325446,
    139.38989221983));
#5972 = CARTESIAN_POINT('',(203.35251142247,206.43011325446,
    141.38989221983));
#5973 = PCURVE('',#546,#5974);
#5974 = DEFINITIONAL_REPRESENTATION('',(#5975),#5978);
#5975 = B_SPLINE_CURVE_WITH_KNOTS('',1,(#5976,#5977),.UNSPECIFIED.,.F.,
  .F.,(2,2),(28.,30.),.PIECEWISE_BEZIER_KNOTS.);
#5976 = CARTESIAN_POINT('',(0.,-23.));
#5977 = CARTESIAN_POINT('',(2.,-23.));
#5978 = ( GEOMETRIC_REPRESENTATION_CONTEXT(2) 
PARAMETRIC_REPRESENTATION_CONTEXT() REPRESENTATION_CONTEXT('2D SPACE',''
  ) );
#5979 = PCURVE('',#3482,#5980);
#5980 = DEFINITIONAL_REPRESENTATION('',(#5981),#5984);
#5981 = B_SPLINE_CURVE_WITH_KNOTS('',1,(#5982,#5983),.UNSPECIFIED.,.F.,
  .F.,(2,2),(28.,30.),.PIECEWISE_BEZIER_KNOTS.);
#5982 = CARTESIAN_POINT('',(0.,-23.));
#5983 = CARTESIAN_POINT('',(2.,-23.));
#5984 = ( GEOMETRIC_REPRESENTATION_CONTEXT(2) 
PARAMETRIC_REPRESENTATION_CONTEXT() REPRESENTATION_CONTEXT('2D SPACE',''
  ) );
#5985 = ORIENTED_EDGE('',*,*,#5986,.T.);
#5986 = EDGE_CURVE('',#5967,#508,#5987,.T.);
#5987 = SURFACE_CURVE('',#5988,(#5991,#5997),.PCURVE_S1.);
#5988 = B_SPLINE_CURVE_WITH_KNOTS('',1,(#5989,#5990),.UNSPECIFIED.,.F.,
  .F.,(2,2),(0.,45.),.PIECEWISE_BEZIER_KNOTS.);
#5989 = CARTESIAN_POINT('',(203.35251142247,168.43011325446,
    139.38989221983));
#5990 = CARTESIAN_POINT('',(203.35251142247,213.43011325446,
    139.38989221983));
#5991 = PCURVE('',#546,#5992);
#5992 = DEFINITIONAL_REPRESENTATION('',(#5993),#5996);
#5993 = B_SPLINE_CURVE_WITH_KNOTS('',1,(#5994,#5995),.UNSPECIFIED.,.F.,
  .F.,(2,2),(38.,39.569886745531),.PIECEWISE_BEZIER_KNOTS.);
#5994 = CARTESIAN_POINT('',(0.,-23.));
#5995 = CARTESIAN_POINT('',(0.,-24.56988674553));
#5996 = ( GEOMETRIC_REPRESENTATION_CONTEXT(2) 
PARAMETRIC_REPRESENTATION_CONTEXT() REPRESENTATION_CONTEXT('2D SPACE',''
  ) );
#5997 = PCURVE('',#521,#5998);
#5998 = DEFINITIONAL_REPRESENTATION('',(#5999),#6002);
#5999 = B_SPLINE_CURVE_WITH_KNOTS('',1,(#6000,#6001),.UNSPECIFIED.,.F.,
  .F.,(2,2),(0.,45.),.PIECEWISE_BEZIER_KNOTS.);
#6000 = CARTESIAN_POINT('',(5.,0.));
#6001 = CARTESIAN_POINT('',(5.,-45.));
#6002 = ( GEOMETRIC_REPRESENTATION_CONTEXT(2) 
PARAMETRIC_REPRESENTATION_CONTEXT() REPRESENTATION_CONTEXT('2D SPACE',''
  ) );
#6003 = ORIENTED_EDGE('',*,*,#532,.F.);
#6004 = ADVANCED_FACE('',(#6005),#315,.F.);
#6005 = FACE_BOUND('',#6006,.F.);
#6006 = EDGE_LOOP('',(#6007,#6025,#6026,#6046,#6064,#6065));
#6007 = ORIENTED_EDGE('',*,*,#6008,.F.);
#6008 = EDGE_CURVE('',#3243,#5924,#6009,.T.);
#6009 = SURFACE_CURVE('',#6010,(#6013,#6019),.PCURVE_S1.);
#6010 = B_SPLINE_CURVE_WITH_KNOTS('',1,(#6011,#6012),.UNSPECIFIED.,.F.,
  .F.,(2,2),(0.,45.),.PIECEWISE_BEZIER_KNOTS.);
#6011 = CARTESIAN_POINT('',(76.586605785827,168.43011325446,
    139.38989221983));
#6012 = CARTESIAN_POINT('',(76.586605785827,213.43011325446,
    139.38989221983));
#6013 = PCURVE('',#315,#6014);
#6014 = DEFINITIONAL_REPRESENTATION('',(#6015),#6018);
#6015 = B_SPLINE_CURVE_WITH_KNOTS('',1,(#6016,#6017),.UNSPECIFIED.,.F.,
  .F.,(2,2),(0.,45.),.PIECEWISE_BEZIER_KNOTS.);
#6016 = CARTESIAN_POINT('',(5.,0.));
#6017 = CARTESIAN_POINT('',(5.,-45.));
#6018 = ( GEOMETRIC_REPRESENTATION_CONTEXT(2) 
PARAMETRIC_REPRESENTATION_CONTEXT() REPRESENTATION_CONTEXT('2D SPACE',''
  ) );
#6019 = PCURVE('',#3256,#6020);
#6020 = DEFINITIONAL_REPRESENTATION('',(#6021),#6024);
#6021 = B_SPLINE_CURVE_WITH_KNOTS('',1,(#6022,#6023),.UNSPECIFIED.,.F.,
  .F.,(2,2),(34.569886745531,38.),.PIECEWISE_BEZIER_KNOTS.);
#6022 = CARTESIAN_POINT('',(0.,-19.56988674553));
#6023 = CARTESIAN_POINT('',(0.,-23.));
#6024 = ( GEOMETRIC_REPRESENTATION_CONTEXT(2) 
PARAMETRIC_REPRESENTATION_CONTEXT() REPRESENTATION_CONTEXT('2D SPACE',''
  ) );
#6025 = ORIENTED_EDGE('',*,*,#3267,.T.);
#6026 = ORIENTED_EDGE('',*,*,#6027,.T.);
#6027 = EDGE_CURVE('',#3268,#6028,#6030,.T.);
#6028 = VERTEX_POINT('',#6029);
#6029 = CARTESIAN_POINT('',(76.586605785827,206.43011325446,
    134.38989221983));
#6030 = SURFACE_CURVE('',#6031,(#6034,#6040),.PCURVE_S1.);
#6031 = B_SPLINE_CURVE_WITH_KNOTS('',1,(#6032,#6033),.UNSPECIFIED.,.F.,
  .F.,(2,2),(0.,45.),.PIECEWISE_BEZIER_KNOTS.);
#6032 = CARTESIAN_POINT('',(76.586605785827,168.43011325446,
    134.38989221983));
#6033 = CARTESIAN_POINT('',(76.586605785827,213.43011325446,
    134.38989221983));
#6034 = PCURVE('',#315,#6035);
#6035 = DEFINITIONAL_REPRESENTATION('',(#6036),#6039);
#6036 = B_SPLINE_CURVE_WITH_KNOTS('',1,(#6037,#6038),.UNSPECIFIED.,.F.,
  .F.,(2,2),(0.,45.),.PIECEWISE_BEZIER_KNOTS.);
#6037 = CARTESIAN_POINT('',(0.,0.));
#6038 = CARTESIAN_POINT('',(0.,-45.));
#6039 = ( GEOMETRIC_REPRESENTATION_CONTEXT(2) 
PARAMETRIC_REPRESENTATION_CONTEXT() REPRESENTATION_CONTEXT('2D SPACE',''
  ) );
#6040 = PCURVE('',#342,#6041);
#6041 = DEFINITIONAL_REPRESENTATION('',(#6042),#6045);
#6042 = B_SPLINE_CURVE_WITH_KNOTS('',1,(#6043,#6044),.UNSPECIFIED.,.F.,
  .F.,(2,2),(0.,45.),.PIECEWISE_BEZIER_KNOTS.);
#6043 = CARTESIAN_POINT('',(39.569886745531,86.586605785827));
#6044 = CARTESIAN_POINT('',(-5.430113254469,86.586605785827));
#6045 = ( GEOMETRIC_REPRESENTATION_CONTEXT(2) 
PARAMETRIC_REPRESENTATION_CONTEXT() REPRESENTATION_CONTEXT('2D SPACE',''
  ) );
#6046 = ORIENTED_EDGE('',*,*,#6047,.T.);
#6047 = EDGE_CURVE('',#6028,#302,#6048,.T.);
#6048 = SURFACE_CURVE('',#6049,(#6052,#6058),.PCURVE_S1.);
#6049 = B_SPLINE_CURVE_WITH_KNOTS('',1,(#6050,#6051),.UNSPECIFIED.,.F.,
  .F.,(2,2),(0.,45.),.PIECEWISE_BEZIER_KNOTS.);
#6050 = CARTESIAN_POINT('',(76.586605785827,168.43011325446,
    134.38989221983));
#6051 = CARTESIAN_POINT('',(76.586605785827,213.43011325446,
    134.38989221983));
#6052 = PCURVE('',#315,#6053);
#6053 = DEFINITIONAL_REPRESENTATION('',(#6054),#6057);
#6054 = B_SPLINE_CURVE_WITH_KNOTS('',1,(#6055,#6056),.UNSPECIFIED.,.F.,
  .F.,(2,2),(0.,45.),.PIECEWISE_BEZIER_KNOTS.);
#6055 = CARTESIAN_POINT('',(0.,0.));
#6056 = CARTESIAN_POINT('',(0.,-45.));
#6057 = ( GEOMETRIC_REPRESENTATION_CONTEXT(2) 
PARAMETRIC_REPRESENTATION_CONTEXT() REPRESENTATION_CONTEXT('2D SPACE',''
  ) );
#6058 = PCURVE('',#342,#6059);
#6059 = DEFINITIONAL_REPRESENTATION('',(#6060),#6063);
#6060 = B_SPLINE_CURVE_WITH_KNOTS('',1,(#6061,#6062),.UNSPECIFIED.,.F.,
  .F.,(2,2),(0.,45.),.PIECEWISE_BEZIER_KNOTS.);
#6061 = CARTESIAN_POINT('',(39.569886745531,86.586605785827));
#6062 = CARTESIAN_POINT('',(-5.430113254469,86.586605785827));
#6063 = ( GEOMETRIC_REPRESENTATION_CONTEXT(2) 
PARAMETRIC_REPRESENTATION_CONTEXT() REPRESENTATION_CONTEXT('2D SPACE',''
  ) );
#6064 = ORIENTED_EDGE('',*,*,#301,.F.);
#6065 = ORIENTED_EDGE('',*,*,#5943,.F.);
#6066 = ADVANCED_FACE('',(#6067),#521,.T.);
#6067 = FACE_BOUND('',#6068,.T.);
#6068 = EDGE_LOOP('',(#6069,#6087,#6088,#6108,#6126,#6127));
#6069 = ORIENTED_EDGE('',*,*,#6070,.F.);
#6070 = EDGE_CURVE('',#3449,#5967,#6071,.T.);
#6071 = SURFACE_CURVE('',#6072,(#6075,#6081),.PCURVE_S1.);
#6072 = B_SPLINE_CURVE_WITH_KNOTS('',1,(#6073,#6074),.UNSPECIFIED.,.F.,
  .F.,(2,2),(0.,45.),.PIECEWISE_BEZIER_KNOTS.);
#6073 = CARTESIAN_POINT('',(203.35251142247,168.43011325446,
    139.38989221983));
#6074 = CARTESIAN_POINT('',(203.35251142247,213.43011325446,
    139.38989221983));
#6075 = PCURVE('',#521,#6076);
#6076 = DEFINITIONAL_REPRESENTATION('',(#6077),#6080);
#6077 = B_SPLINE_CURVE_WITH_KNOTS('',1,(#6078,#6079),.UNSPECIFIED.,.F.,
  .F.,(2,2),(0.,45.),.PIECEWISE_BEZIER_KNOTS.);
#6078 = CARTESIAN_POINT('',(5.,0.));
#6079 = CARTESIAN_POINT('',(5.,-45.));
#6080 = ( GEOMETRIC_REPRESENTATION_CONTEXT(2) 
PARAMETRIC_REPRESENTATION_CONTEXT() REPRESENTATION_CONTEXT('2D SPACE',''
  ) );
#6081 = PCURVE('',#3482,#6082);
#6082 = DEFINITIONAL_REPRESENTATION('',(#6083),#6086);
#6083 = B_SPLINE_CURVE_WITH_KNOTS('',1,(#6084,#6085),.UNSPECIFIED.,.F.,
  .F.,(2,2),(34.569886745531,38.),.PIECEWISE_BEZIER_KNOTS.);
#6084 = CARTESIAN_POINT('',(0.,-19.56988674553));
#6085 = CARTESIAN_POINT('',(0.,-23.));
#6086 = ( GEOMETRIC_REPRESENTATION_CONTEXT(2) 
PARAMETRIC_REPRESENTATION_CONTEXT() REPRESENTATION_CONTEXT('2D SPACE',''
  ) );
#6087 = ORIENTED_EDGE('',*,*,#3448,.T.);
#6088 = ORIENTED_EDGE('',*,*,#6089,.T.);
#6089 = EDGE_CURVE('',#3426,#6090,#6092,.T.);
#6090 = VERTEX_POINT('',#6091);
#6091 = CARTESIAN_POINT('',(203.35251142247,206.43011325446,
    134.38989221983));
#6092 = SURFACE_CURVE('',#6093,(#6096,#6102),.PCURVE_S1.);
#6093 = B_SPLINE_CURVE_WITH_KNOTS('',1,(#6094,#6095),.UNSPECIFIED.,.F.,
  .F.,(2,2),(0.,45.),.PIECEWISE_BEZIER_KNOTS.);
#6094 = CARTESIAN_POINT('',(203.35251142247,168.43011325446,
    134.38989221983));
#6095 = CARTESIAN_POINT('',(203.35251142247,213.43011325446,
    134.38989221983));
#6096 = PCURVE('',#521,#6097);
#6097 = DEFINITIONAL_REPRESENTATION('',(#6098),#6101);
#6098 = B_SPLINE_CURVE_WITH_KNOTS('',1,(#6099,#6100),.UNSPECIFIED.,.F.,
  .F.,(2,2),(0.,45.),.PIECEWISE_BEZIER_KNOTS.);
#6099 = CARTESIAN_POINT('',(0.,0.));
#6100 = CARTESIAN_POINT('',(0.,-45.));
#6101 = ( GEOMETRIC_REPRESENTATION_CONTEXT(2) 
PARAMETRIC_REPRESENTATION_CONTEXT() REPRESENTATION_CONTEXT('2D SPACE',''
  ) );
#6102 = PCURVE('',#495,#6103);
#6103 = DEFINITIONAL_REPRESENTATION('',(#6104),#6107);
#6104 = B_SPLINE_CURVE_WITH_KNOTS('',1,(#6105,#6106),.UNSPECIFIED.,.F.,
  .F.,(2,2),(0.,45.),.PIECEWISE_BEZIER_KNOTS.);
#6105 = CARTESIAN_POINT('',(39.569886745531,213.35251142247));
#6106 = CARTESIAN_POINT('',(-5.430113254469,213.35251142247));
#6107 = ( GEOMETRIC_REPRESENTATION_CONTEXT(2) 
PARAMETRIC_REPRESENTATION_CONTEXT() REPRESENTATION_CONTEXT('2D SPACE',''
  ) );
#6108 = ORIENTED_EDGE('',*,*,#6109,.T.);
#6109 = EDGE_CURVE('',#6090,#480,#6110,.T.);
#6110 = SURFACE_CURVE('',#6111,(#6114,#6120),.PCURVE_S1.);
#6111 = B_SPLINE_CURVE_WITH_KNOTS('',1,(#6112,#6113),.UNSPECIFIED.,.F.,
  .F.,(2,2),(0.,45.),.PIECEWISE_BEZIER_KNOTS.);
#6112 = CARTESIAN_POINT('',(203.35251142247,168.43011325446,
    134.38989221983));
#6113 = CARTESIAN_POINT('',(203.35251142247,213.43011325446,
    134.38989221983));
#6114 = PCURVE('',#521,#6115);
#6115 = DEFINITIONAL_REPRESENTATION('',(#6116),#6119);
#6116 = B_SPLINE_CURVE_WITH_KNOTS('',1,(#6117,#6118),.UNSPECIFIED.,.F.,
  .F.,(2,2),(0.,45.),.PIECEWISE_BEZIER_KNOTS.);
#6117 = CARTESIAN_POINT('',(0.,0.));
#6118 = CARTESIAN_POINT('',(0.,-45.));
#6119 = ( GEOMETRIC_REPRESENTATION_CONTEXT(2) 
PARAMETRIC_REPRESENTATION_CONTEXT() REPRESENTATION_CONTEXT('2D SPACE',''
  ) );
#6120 = PCURVE('',#495,#6121);
#6121 = DEFINITIONAL_REPRESENTATION('',(#6122),#6125);
#6122 = B_SPLINE_CURVE_WITH_KNOTS('',1,(#6123,#6124),.UNSPECIFIED.,.F.,
  .F.,(2,2),(0.,45.),.PIECEWISE_BEZIER_KNOTS.);
#6123 = CARTESIAN_POINT('',(39.569886745531,213.35251142247));
#6124 = CARTESIAN_POINT('',(-5.430113254469,213.35251142247));
#6125 = ( GEOMETRIC_REPRESENTATION_CONTEXT(2) 
PARAMETRIC_REPRESENTATION_CONTEXT() REPRESENTATION_CONTEXT('2D SPACE',''
  ) );
#6126 = ORIENTED_EDGE('',*,*,#507,.F.);
#6127 = ORIENTED_EDGE('',*,*,#5986,.F.);
#6128 = ADVANCED_FACE('',(#6129),#342,.F.);
#6129 = FACE_BOUND('',#6130,.F.);
#6130 = EDGE_LOOP('',(#6131,#6132,#6133,#6134,#6135,#6155));
#6131 = ORIENTED_EDGE('',*,*,#326,.F.);
#6132 = ORIENTED_EDGE('',*,*,#6047,.F.);
#6133 = ORIENTED_EDGE('',*,*,#6027,.F.);
#6134 = ORIENTED_EDGE('',*,*,#3287,.T.);
#6135 = ORIENTED_EDGE('',*,*,#6136,.T.);
#6136 = EDGE_CURVE('',#3288,#6137,#6139,.T.);
#6137 = VERTEX_POINT('',#6138);
#6138 = CARTESIAN_POINT('',(117.96955860415,206.43011325446,
    134.38989221983));
#6139 = SURFACE_CURVE('',#6140,(#6143,#6149),.PCURVE_S1.);
#6140 = B_SPLINE_CURVE_WITH_KNOTS('',1,(#6141,#6142),.UNSPECIFIED.,.F.,
  .F.,(2,2),(0.,42.),.PIECEWISE_BEZIER_KNOTS.);
#6141 = CARTESIAN_POINT('',(117.96955860415,171.43011325446,
    134.38989221983));
#6142 = CARTESIAN_POINT('',(117.96955860415,213.43011325446,
    134.38989221983));
#6143 = PCURVE('',#342,#6144);
#6144 = DEFINITIONAL_REPRESENTATION('',(#6145),#6148);
#6145 = B_SPLINE_CURVE_WITH_KNOTS('',1,(#6146,#6147),.UNSPECIFIED.,.F.,
  .F.,(2,2),(0.,42.),.PIECEWISE_BEZIER_KNOTS.);
#6146 = CARTESIAN_POINT('',(36.569886745531,127.96955860415));
#6147 = CARTESIAN_POINT('',(-5.430113254469,127.96955860415));
#6148 = ( GEOMETRIC_REPRESENTATION_CONTEXT(2) 
PARAMETRIC_REPRESENTATION_CONTEXT() REPRESENTATION_CONTEXT('2D SPACE',''
  ) );
#6149 = PCURVE('',#368,#6150);
#6150 = DEFINITIONAL_REPRESENTATION('',(#6151),#6154);
#6151 = B_SPLINE_CURVE_WITH_KNOTS('',1,(#6152,#6153),.UNSPECIFIED.,.F.,
  .F.,(2,2),(0.,42.),.PIECEWISE_BEZIER_KNOTS.);
#6152 = CARTESIAN_POINT('',(0.,0.));
#6153 = CARTESIAN_POINT('',(0.,-42.));
#6154 = ( GEOMETRIC_REPRESENTATION_CONTEXT(2) 
PARAMETRIC_REPRESENTATION_CONTEXT() REPRESENTATION_CONTEXT('2D SPACE',''
  ) );
#6155 = ORIENTED_EDGE('',*,*,#6156,.T.);
#6156 = EDGE_CURVE('',#6137,#327,#6157,.T.);
#6157 = SURFACE_CURVE('',#6158,(#6161,#6167),.PCURVE_S1.);
#6158 = B_SPLINE_CURVE_WITH_KNOTS('',1,(#6159,#6160),.UNSPECIFIED.,.F.,
  .F.,(2,2),(0.,42.),.PIECEWISE_BEZIER_KNOTS.);
#6159 = CARTESIAN_POINT('',(117.96955860415,171.43011325446,
    134.38989221983));
#6160 = CARTESIAN_POINT('',(117.96955860415,213.43011325446,
    134.38989221983));
#6161 = PCURVE('',#342,#6162);
#6162 = DEFINITIONAL_REPRESENTATION('',(#6163),#6166);
#6163 = B_SPLINE_CURVE_WITH_KNOTS('',1,(#6164,#6165),.UNSPECIFIED.,.F.,
  .F.,(2,2),(0.,42.),.PIECEWISE_BEZIER_KNOTS.);
#6164 = CARTESIAN_POINT('',(36.569886745531,127.96955860415));
#6165 = CARTESIAN_POINT('',(-5.430113254469,127.96955860415));
#6166 = ( GEOMETRIC_REPRESENTATION_CONTEXT(2) 
PARAMETRIC_REPRESENTATION_CONTEXT() REPRESENTATION_CONTEXT('2D SPACE',''
  ) );
#6167 = PCURVE('',#368,#6168);
#6168 = DEFINITIONAL_REPRESENTATION('',(#6169),#6172);
#6169 = B_SPLINE_CURVE_WITH_KNOTS('',1,(#6170,#6171),.UNSPECIFIED.,.F.,
  .F.,(2,2),(0.,42.),.PIECEWISE_BEZIER_KNOTS.);
#6170 = CARTESIAN_POINT('',(0.,0.));
#6171 = CARTESIAN_POINT('',(0.,-42.));
#6172 = ( GEOMETRIC_REPRESENTATION_CONTEXT(2) 
PARAMETRIC_REPRESENTATION_CONTEXT() REPRESENTATION_CONTEXT('2D SPACE',''
  ) );
#6173 = ADVANCED_FACE('',(#6174),#495,.F.);
#6174 = FACE_BOUND('',#6175,.F.);
#6175 = EDGE_LOOP('',(#6176,#6177,#6197,#6215,#6216,#6217));
#6176 = ORIENTED_EDGE('',*,*,#479,.F.);
#6177 = ORIENTED_EDGE('',*,*,#6178,.F.);
#6178 = EDGE_CURVE('',#6179,#455,#6181,.T.);
#6179 = VERTEX_POINT('',#6180);
#6180 = CARTESIAN_POINT('',(161.96955860415,206.43011325446,
    134.38989221983));
#6181 = SURFACE_CURVE('',#6182,(#6185,#6191),.PCURVE_S1.);
#6182 = B_SPLINE_CURVE_WITH_KNOTS('',1,(#6183,#6184),.UNSPECIFIED.,.F.,
  .F.,(2,2),(0.,42.),.PIECEWISE_BEZIER_KNOTS.);
#6183 = CARTESIAN_POINT('',(161.96955860415,171.43011325446,
    134.38989221983));
#6184 = CARTESIAN_POINT('',(161.96955860415,213.43011325446,
    134.38989221983));
#6185 = PCURVE('',#495,#6186);
#6186 = DEFINITIONAL_REPRESENTATION('',(#6187),#6190);
#6187 = B_SPLINE_CURVE_WITH_KNOTS('',1,(#6188,#6189),.UNSPECIFIED.,.F.,
  .F.,(2,2),(0.,42.),.PIECEWISE_BEZIER_KNOTS.);
#6188 = CARTESIAN_POINT('',(36.569886745531,171.96955860415));
#6189 = CARTESIAN_POINT('',(-5.430113254469,171.96955860415));
#6190 = ( GEOMETRIC_REPRESENTATION_CONTEXT(2) 
PARAMETRIC_REPRESENTATION_CONTEXT() REPRESENTATION_CONTEXT('2D SPACE',''
  ) );
#6191 = PCURVE('',#468,#6192);
#6192 = DEFINITIONAL_REPRESENTATION('',(#6193),#6196);
#6193 = B_SPLINE_CURVE_WITH_KNOTS('',1,(#6194,#6195),.UNSPECIFIED.,.F.,
  .F.,(2,2),(0.,42.),.PIECEWISE_BEZIER_KNOTS.);
#6194 = CARTESIAN_POINT('',(0.,0.));
#6195 = CARTESIAN_POINT('',(0.,-42.));
#6196 = ( GEOMETRIC_REPRESENTATION_CONTEXT(2) 
PARAMETRIC_REPRESENTATION_CONTEXT() REPRESENTATION_CONTEXT('2D SPACE',''
  ) );
#6197 = ORIENTED_EDGE('',*,*,#6198,.F.);
#6198 = EDGE_CURVE('',#3406,#6179,#6199,.T.);
#6199 = SURFACE_CURVE('',#6200,(#6203,#6209),.PCURVE_S1.);
#6200 = B_SPLINE_CURVE_WITH_KNOTS('',1,(#6201,#6202),.UNSPECIFIED.,.F.,
  .F.,(2,2),(0.,42.),.PIECEWISE_BEZIER_KNOTS.);
#6201 = CARTESIAN_POINT('',(161.96955860415,171.43011325446,
    134.38989221983));
#6202 = CARTESIAN_POINT('',(161.96955860415,213.43011325446,
    134.38989221983));
#6203 = PCURVE('',#495,#6204);
#6204 = DEFINITIONAL_REPRESENTATION('',(#6205),#6208);
#6205 = B_SPLINE_CURVE_WITH_KNOTS('',1,(#6206,#6207),.UNSPECIFIED.,.F.,
  .F.,(2,2),(0.,42.),.PIECEWISE_BEZIER_KNOTS.);
#6206 = CARTESIAN_POINT('',(36.569886745531,171.96955860415));
#6207 = CARTESIAN_POINT('',(-5.430113254469,171.96955860415));
#6208 = ( GEOMETRIC_REPRESENTATION_CONTEXT(2) 
PARAMETRIC_REPRESENTATION_CONTEXT() REPRESENTATION_CONTEXT('2D SPACE',''
  ) );
#6209 = PCURVE('',#468,#6210);
#6210 = DEFINITIONAL_REPRESENTATION('',(#6211),#6214);
#6211 = B_SPLINE_CURVE_WITH_KNOTS('',1,(#6212,#6213),.UNSPECIFIED.,.F.,
  .F.,(2,2),(0.,42.),.PIECEWISE_BEZIER_KNOTS.);
#6212 = CARTESIAN_POINT('',(0.,0.));
#6213 = CARTESIAN_POINT('',(0.,-42.));
#6214 = ( GEOMETRIC_REPRESENTATION_CONTEXT(2) 
PARAMETRIC_REPRESENTATION_CONTEXT() REPRESENTATION_CONTEXT('2D SPACE',''
  ) );
#6215 = ORIENTED_EDGE('',*,*,#3425,.T.);
#6216 = ORIENTED_EDGE('',*,*,#6089,.T.);
#6217 = ORIENTED_EDGE('',*,*,#6109,.T.);
#6218 = ADVANCED_FACE('',(#6219),#368,.T.);
#6219 = FACE_BOUND('',#6220,.T.);
#6220 = EDGE_LOOP('',(#6221,#6241,#6242,#6243,#6244,#6245));
#6221 = ORIENTED_EDGE('',*,*,#6222,.F.);
#6222 = EDGE_CURVE('',#3311,#6223,#6225,.T.);
#6223 = VERTEX_POINT('',#6224);
#6224 = CARTESIAN_POINT('',(117.96955860415,206.43011325446,
    139.38989221983));
#6225 = SURFACE_CURVE('',#6226,(#6229,#6235),.PCURVE_S1.);
#6226 = B_SPLINE_CURVE_WITH_KNOTS('',1,(#6227,#6228),.UNSPECIFIED.,.F.,
  .F.,(2,2),(0.,42.),.PIECEWISE_BEZIER_KNOTS.);
#6227 = CARTESIAN_POINT('',(117.96955860415,171.43011325446,
    139.38989221983));
#6228 = CARTESIAN_POINT('',(117.96955860415,213.43011325446,
    139.38989221983));
#6229 = PCURVE('',#368,#6230);
#6230 = DEFINITIONAL_REPRESENTATION('',(#6231),#6234);
#6231 = B_SPLINE_CURVE_WITH_KNOTS('',1,(#6232,#6233),.UNSPECIFIED.,.F.,
  .F.,(2,2),(0.,42.),.PIECEWISE_BEZIER_KNOTS.);
#6232 = CARTESIAN_POINT('',(5.,0.));
#6233 = CARTESIAN_POINT('',(5.,-42.));
#6234 = ( GEOMETRIC_REPRESENTATION_CONTEXT(2) 
PARAMETRIC_REPRESENTATION_CONTEXT() REPRESENTATION_CONTEXT('2D SPACE',''
  ) );
#6235 = PCURVE('',#3344,#6236);
#6236 = DEFINITIONAL_REPRESENTATION('',(#6237),#6240);
#6237 = B_SPLINE_CURVE_WITH_KNOTS('',1,(#6238,#6239),.UNSPECIFIED.,.F.,
  .F.,(2,2),(31.569886745531,35.),.PIECEWISE_BEZIER_KNOTS.);
#6238 = CARTESIAN_POINT('',(0.,-17.56988674553));
#6239 = CARTESIAN_POINT('',(0.,-21.));
#6240 = ( GEOMETRIC_REPRESENTATION_CONTEXT(2) 
PARAMETRIC_REPRESENTATION_CONTEXT() REPRESENTATION_CONTEXT('2D SPACE',''
  ) );
#6241 = ORIENTED_EDGE('',*,*,#3310,.T.);
#6242 = ORIENTED_EDGE('',*,*,#6136,.T.);
#6243 = ORIENTED_EDGE('',*,*,#6156,.T.);
#6244 = ORIENTED_EDGE('',*,*,#354,.F.);
#6245 = ORIENTED_EDGE('',*,*,#6246,.F.);
#6246 = EDGE_CURVE('',#6223,#355,#6247,.T.);
#6247 = SURFACE_CURVE('',#6248,(#6251,#6257),.PCURVE_S1.);
#6248 = B_SPLINE_CURVE_WITH_KNOTS('',1,(#6249,#6250),.UNSPECIFIED.,.F.,
  .F.,(2,2),(0.,42.),.PIECEWISE_BEZIER_KNOTS.);
#6249 = CARTESIAN_POINT('',(117.96955860415,171.43011325446,
    139.38989221983));
#6250 = CARTESIAN_POINT('',(117.96955860415,213.43011325446,
    139.38989221983));
#6251 = PCURVE('',#368,#6252);
#6252 = DEFINITIONAL_REPRESENTATION('',(#6253),#6256);
#6253 = B_SPLINE_CURVE_WITH_KNOTS('',1,(#6254,#6255),.UNSPECIFIED.,.F.,
  .F.,(2,2),(0.,42.),.PIECEWISE_BEZIER_KNOTS.);
#6254 = CARTESIAN_POINT('',(5.,0.));
#6255 = CARTESIAN_POINT('',(5.,-42.));
#6256 = ( GEOMETRIC_REPRESENTATION_CONTEXT(2) 
PARAMETRIC_REPRESENTATION_CONTEXT() REPRESENTATION_CONTEXT('2D SPACE',''
  ) );
#6257 = PCURVE('',#393,#6258);
#6258 = DEFINITIONAL_REPRESENTATION('',(#6259),#6262);
#6259 = B_SPLINE_CURVE_WITH_KNOTS('',1,(#6260,#6261),.UNSPECIFIED.,.F.,
  .F.,(2,2),(35.,36.569886745531),.PIECEWISE_BEZIER_KNOTS.);
#6260 = CARTESIAN_POINT('',(0.,-21.));
#6261 = CARTESIAN_POINT('',(0.,-22.56988674553));
#6262 = ( GEOMETRIC_REPRESENTATION_CONTEXT(2) 
PARAMETRIC_REPRESENTATION_CONTEXT() REPRESENTATION_CONTEXT('2D SPACE',''
  ) );
#6263 = ADVANCED_FACE('',(#6264),#468,.F.);
#6264 = FACE_BOUND('',#6265,.F.);
#6265 = EDGE_LOOP('',(#6266,#6286,#6287,#6288,#6289,#6290));
#6266 = ORIENTED_EDGE('',*,*,#6267,.F.);
#6267 = EDGE_CURVE('',#3381,#6268,#6270,.T.);
#6268 = VERTEX_POINT('',#6269);
#6269 = CARTESIAN_POINT('',(161.96955860415,206.43011325446,
    139.38989221983));
#6270 = SURFACE_CURVE('',#6271,(#6274,#6280),.PCURVE_S1.);
#6271 = B_SPLINE_CURVE_WITH_KNOTS('',1,(#6272,#6273),.UNSPECIFIED.,.F.,
  .F.,(2,2),(0.,42.),.PIECEWISE_BEZIER_KNOTS.);
#6272 = CARTESIAN_POINT('',(161.96955860415,171.43011325446,
    139.38989221983));
#6273 = CARTESIAN_POINT('',(161.96955860415,213.43011325446,
    139.38989221983));
#6274 = PCURVE('',#468,#6275);
#6275 = DEFINITIONAL_REPRESENTATION('',(#6276),#6279);
#6276 = B_SPLINE_CURVE_WITH_KNOTS('',1,(#6277,#6278),.UNSPECIFIED.,.F.,
  .F.,(2,2),(0.,42.),.PIECEWISE_BEZIER_KNOTS.);
#6277 = CARTESIAN_POINT('',(5.,0.));
#6278 = CARTESIAN_POINT('',(5.,-42.));
#6279 = ( GEOMETRIC_REPRESENTATION_CONTEXT(2) 
PARAMETRIC_REPRESENTATION_CONTEXT() REPRESENTATION_CONTEXT('2D SPACE',''
  ) );
#6280 = PCURVE('',#3394,#6281);
#6281 = DEFINITIONAL_REPRESENTATION('',(#6282),#6285);
#6282 = B_SPLINE_CURVE_WITH_KNOTS('',1,(#6283,#6284),.UNSPECIFIED.,.F.,
  .F.,(2,2),(31.569886745531,35.),.PIECEWISE_BEZIER_KNOTS.);
#6283 = CARTESIAN_POINT('',(0.,-17.56988674553));
#6284 = CARTESIAN_POINT('',(0.,-21.));
#6285 = ( GEOMETRIC_REPRESENTATION_CONTEXT(2) 
PARAMETRIC_REPRESENTATION_CONTEXT() REPRESENTATION_CONTEXT('2D SPACE',''
  ) );
#6286 = ORIENTED_EDGE('',*,*,#3405,.T.);
#6287 = ORIENTED_EDGE('',*,*,#6198,.T.);
#6288 = ORIENTED_EDGE('',*,*,#6178,.T.);
#6289 = ORIENTED_EDGE('',*,*,#454,.F.);
#6290 = ORIENTED_EDGE('',*,*,#6291,.F.);
#6291 = EDGE_CURVE('',#6268,#430,#6292,.T.);
#6292 = SURFACE_CURVE('',#6293,(#6296,#6302),.PCURVE_S1.);
#6293 = B_SPLINE_CURVE_WITH_KNOTS('',1,(#6294,#6295),.UNSPECIFIED.,.F.,
  .F.,(2,2),(0.,42.),.PIECEWISE_BEZIER_KNOTS.);
#6294 = CARTESIAN_POINT('',(161.96955860415,171.43011325446,
    139.38989221983));
#6295 = CARTESIAN_POINT('',(161.96955860415,213.43011325446,
    139.38989221983));
#6296 = PCURVE('',#468,#6297);
#6297 = DEFINITIONAL_REPRESENTATION('',(#6298),#6301);
#6298 = B_SPLINE_CURVE_WITH_KNOTS('',1,(#6299,#6300),.UNSPECIFIED.,.F.,
  .F.,(2,2),(0.,42.),.PIECEWISE_BEZIER_KNOTS.);
#6299 = CARTESIAN_POINT('',(5.,0.));
#6300 = CARTESIAN_POINT('',(5.,-42.));
#6301 = ( GEOMETRIC_REPRESENTATION_CONTEXT(2) 
PARAMETRIC_REPRESENTATION_CONTEXT() REPRESENTATION_CONTEXT('2D SPACE',''
  ) );
#6302 = PCURVE('',#443,#6303);
#6303 = DEFINITIONAL_REPRESENTATION('',(#6304),#6307);
#6304 = B_SPLINE_CURVE_WITH_KNOTS('',1,(#6305,#6306),.UNSPECIFIED.,.F.,
  .F.,(2,2),(35.,36.569886745531),.PIECEWISE_BEZIER_KNOTS.);
#6305 = CARTESIAN_POINT('',(0.,-21.));
#6306 = CARTESIAN_POINT('',(0.,-22.56988674553));
#6307 = ( GEOMETRIC_REPRESENTATION_CONTEXT(2) 
PARAMETRIC_REPRESENTATION_CONTEXT() REPRESENTATION_CONTEXT('2D SPACE',''
  ) );
#6308 = ADVANCED_FACE('',(#6309),#393,.T.);
#6309 = FACE_BOUND('',#6310,.T.);
#6310 = EDGE_LOOP('',(#6311,#6331,#6349,#6350));
#6311 = ORIENTED_EDGE('',*,*,#6312,.F.);
#6312 = EDGE_CURVE('',#6313,#380,#6315,.T.);
#6313 = VERTEX_POINT('',#6314);
#6314 = CARTESIAN_POINT('',(117.96955860415,206.43011325446,
    141.38989221983));
#6315 = SURFACE_CURVE('',#6316,(#6319,#6325),.PCURVE_S1.);
#6316 = B_SPLINE_CURVE_WITH_KNOTS('',1,(#6317,#6318),.UNSPECIFIED.,.F.,
  .F.,(2,2),(0.,2.),.PIECEWISE_BEZIER_KNOTS.);
#6317 = CARTESIAN_POINT('',(117.96955860415,206.43011325446,
    141.38989221983));
#6318 = CARTESIAN_POINT('',(117.96955860415,208.43011325446,
    141.38989221983));
#6319 = PCURVE('',#393,#6320);
#6320 = DEFINITIONAL_REPRESENTATION('',(#6321),#6324);
#6321 = B_SPLINE_CURVE_WITH_KNOTS('',1,(#6322,#6323),.UNSPECIFIED.,.F.,
  .F.,(2,2),(0.,2.),.PIECEWISE_BEZIER_KNOTS.);
#6322 = CARTESIAN_POINT('',(2.,-21.));
#6323 = CARTESIAN_POINT('',(2.,-23.));
#6324 = ( GEOMETRIC_REPRESENTATION_CONTEXT(2) 
PARAMETRIC_REPRESENTATION_CONTEXT() REPRESENTATION_CONTEXT('2D SPACE',''
  ) );
#6325 = PCURVE('',#418,#6326);
#6326 = DEFINITIONAL_REPRESENTATION('',(#6327),#6330);
#6327 = B_SPLINE_CURVE_WITH_KNOTS('',1,(#6328,#6329),.UNSPECIFIED.,.F.,
  .F.,(2,2),(0.,2.),.PIECEWISE_BEZIER_KNOTS.);
#6328 = CARTESIAN_POINT('',(44.,0.));
#6329 = CARTESIAN_POINT('',(44.,2.));
#6330 = ( GEOMETRIC_REPRESENTATION_CONTEXT(2) 
PARAMETRIC_REPRESENTATION_CONTEXT() REPRESENTATION_CONTEXT('2D SPACE',''
  ) );
#6331 = ORIENTED_EDGE('',*,*,#6332,.F.);
#6332 = EDGE_CURVE('',#6223,#6313,#6333,.T.);
#6333 = SURFACE_CURVE('',#6334,(#6337,#6343),.PCURVE_S1.);
#6334 = B_SPLINE_CURVE_WITH_KNOTS('',1,(#6335,#6336),.UNSPECIFIED.,.F.,
  .F.,(2,2),(22.,24.),.PIECEWISE_BEZIER_KNOTS.);
#6335 = CARTESIAN_POINT('',(117.96955860415,206.43011325446,
    139.38989221983));
#6336 = CARTESIAN_POINT('',(117.96955860415,206.43011325446,
    141.38989221983));
#6337 = PCURVE('',#393,#6338);
#6338 = DEFINITIONAL_REPRESENTATION('',(#6339),#6342);
#6339 = B_SPLINE_CURVE_WITH_KNOTS('',1,(#6340,#6341),.UNSPECIFIED.,.F.,
  .F.,(2,2),(22.,24.),.PIECEWISE_BEZIER_KNOTS.);
#6340 = CARTESIAN_POINT('',(0.,-21.));
#6341 = CARTESIAN_POINT('',(2.,-21.));
#6342 = ( GEOMETRIC_REPRESENTATION_CONTEXT(2) 
PARAMETRIC_REPRESENTATION_CONTEXT() REPRESENTATION_CONTEXT('2D SPACE',''
  ) );
#6343 = PCURVE('',#3344,#6344);
#6344 = DEFINITIONAL_REPRESENTATION('',(#6345),#6348);
#6345 = B_SPLINE_CURVE_WITH_KNOTS('',1,(#6346,#6347),.UNSPECIFIED.,.F.,
  .F.,(2,2),(22.,24.),.PIECEWISE_BEZIER_KNOTS.);
#6346 = CARTESIAN_POINT('',(0.,-21.));
#6347 = CARTESIAN_POINT('',(2.,-21.));
#6348 = ( GEOMETRIC_REPRESENTATION_CONTEXT(2) 
PARAMETRIC_REPRESENTATION_CONTEXT() REPRESENTATION_CONTEXT('2D SPACE',''
  ) );
#6349 = ORIENTED_EDGE('',*,*,#6246,.T.);
#6350 = ORIENTED_EDGE('',*,*,#379,.F.);
#6351 = ADVANCED_FACE('',(#6352),#443,.F.);
#6352 = FACE_BOUND('',#6353,.F.);
#6353 = EDGE_LOOP('',(#6354,#6374,#6392,#6393));
#6354 = ORIENTED_EDGE('',*,*,#6355,.F.);
#6355 = EDGE_CURVE('',#6356,#405,#6358,.T.);
#6356 = VERTEX_POINT('',#6357);
#6357 = CARTESIAN_POINT('',(161.96955860415,206.43011325446,
    141.38989221983));
#6358 = SURFACE_CURVE('',#6359,(#6362,#6368),.PCURVE_S1.);
#6359 = B_SPLINE_CURVE_WITH_KNOTS('',1,(#6360,#6361),.UNSPECIFIED.,.F.,
  .F.,(2,2),(0.,2.),.PIECEWISE_BEZIER_KNOTS.);
#6360 = CARTESIAN_POINT('',(161.96955860415,206.43011325446,
    141.38989221983));
#6361 = CARTESIAN_POINT('',(161.96955860415,208.43011325446,
    141.38989221983));
#6362 = PCURVE('',#443,#6363);
#6363 = DEFINITIONAL_REPRESENTATION('',(#6364),#6367);
#6364 = B_SPLINE_CURVE_WITH_KNOTS('',1,(#6365,#6366),.UNSPECIFIED.,.F.,
  .F.,(2,2),(0.,2.),.PIECEWISE_BEZIER_KNOTS.);
#6365 = CARTESIAN_POINT('',(2.,-21.));
#6366 = CARTESIAN_POINT('',(2.,-23.));
#6367 = ( GEOMETRIC_REPRESENTATION_CONTEXT(2) 
PARAMETRIC_REPRESENTATION_CONTEXT() REPRESENTATION_CONTEXT('2D SPACE',''
  ) );
#6368 = PCURVE('',#418,#6369);
#6369 = DEFINITIONAL_REPRESENTATION('',(#6370),#6373);
#6370 = B_SPLINE_CURVE_WITH_KNOTS('',1,(#6371,#6372),.UNSPECIFIED.,.F.,
  .F.,(2,2),(0.,2.),.PIECEWISE_BEZIER_KNOTS.);
#6371 = CARTESIAN_POINT('',(0.,0.));
#6372 = CARTESIAN_POINT('',(0.,2.));
#6373 = ( GEOMETRIC_REPRESENTATION_CONTEXT(2) 
PARAMETRIC_REPRESENTATION_CONTEXT() REPRESENTATION_CONTEXT('2D SPACE',''
  ) );
#6374 = ORIENTED_EDGE('',*,*,#6375,.F.);
#6375 = EDGE_CURVE('',#6268,#6356,#6376,.T.);
#6376 = SURFACE_CURVE('',#6377,(#6380,#6386),.PCURVE_S1.);
#6377 = B_SPLINE_CURVE_WITH_KNOTS('',1,(#6378,#6379),.UNSPECIFIED.,.F.,
  .F.,(2,2),(22.,24.),.PIECEWISE_BEZIER_KNOTS.);
#6378 = CARTESIAN_POINT('',(161.96955860415,206.43011325446,
    139.38989221983));
#6379 = CARTESIAN_POINT('',(161.96955860415,206.43011325446,
    141.38989221983));
#6380 = PCURVE('',#443,#6381);
#6381 = DEFINITIONAL_REPRESENTATION('',(#6382),#6385);
#6382 = B_SPLINE_CURVE_WITH_KNOTS('',1,(#6383,#6384),.UNSPECIFIED.,.F.,
  .F.,(2,2),(22.,24.),.PIECEWISE_BEZIER_KNOTS.);
#6383 = CARTESIAN_POINT('',(0.,-21.));
#6384 = CARTESIAN_POINT('',(2.,-21.));
#6385 = ( GEOMETRIC_REPRESENTATION_CONTEXT(2) 
PARAMETRIC_REPRESENTATION_CONTEXT() REPRESENTATION_CONTEXT('2D SPACE',''
  ) );
#6386 = PCURVE('',#3394,#6387);
#6387 = DEFINITIONAL_REPRESENTATION('',(#6388),#6391);
#6388 = B_SPLINE_CURVE_WITH_KNOTS('',1,(#6389,#6390),.UNSPECIFIED.,.F.,
  .F.,(2,2),(22.,24.),.PIECEWISE_BEZIER_KNOTS.);
#6389 = CARTESIAN_POINT('',(0.,-21.));
#6390 = CARTESIAN_POINT('',(2.,-21.));
#6391 = ( GEOMETRIC_REPRESENTATION_CONTEXT(2) 
PARAMETRIC_REPRESENTATION_CONTEXT() REPRESENTATION_CONTEXT('2D SPACE',''
  ) );
#6392 = ORIENTED_EDGE('',*,*,#6291,.T.);
#6393 = ORIENTED_EDGE('',*,*,#429,.F.);
#6394 = ADVANCED_FACE('',(#6395),#418,.T.);
#6395 = FACE_BOUND('',#6396,.T.);
#6396 = EDGE_LOOP('',(#6397,#6398,#6416,#6417));
#6397 = ORIENTED_EDGE('',*,*,#6355,.F.);
#6398 = ORIENTED_EDGE('',*,*,#6399,.T.);
#6399 = EDGE_CURVE('',#6356,#6313,#6400,.T.);
#6400 = SURFACE_CURVE('',#6401,(#6404,#6410),.PCURVE_S1.);
#6401 = B_SPLINE_CURVE_WITH_KNOTS('',1,(#6402,#6403),.UNSPECIFIED.,.F.,
  .F.,(2,2),(0.,44.),.PIECEWISE_BEZIER_KNOTS.);
#6402 = CARTESIAN_POINT('',(161.96955860415,206.43011325446,
    141.38989221983));
#6403 = CARTESIAN_POINT('',(117.96955860415,206.43011325446,
    141.38989221983));
#6404 = PCURVE('',#418,#6405);
#6405 = DEFINITIONAL_REPRESENTATION('',(#6406),#6409);
#6406 = B_SPLINE_CURVE_WITH_KNOTS('',1,(#6407,#6408),.UNSPECIFIED.,.F.,
  .F.,(2,2),(0.,44.),.PIECEWISE_BEZIER_KNOTS.);
#6407 = CARTESIAN_POINT('',(0.,0.));
#6408 = CARTESIAN_POINT('',(44.,0.));
#6409 = ( GEOMETRIC_REPRESENTATION_CONTEXT(2) 
PARAMETRIC_REPRESENTATION_CONTEXT() REPRESENTATION_CONTEXT('2D SPACE',''
  ) );
#6410 = PCURVE('',#3369,#6411);
#6411 = DEFINITIONAL_REPRESENTATION('',(#6412),#6415);
#6412 = B_SPLINE_CURVE_WITH_KNOTS('',1,(#6413,#6414),.UNSPECIFIED.,.F.,
  .F.,(2,2),(0.,44.),.PIECEWISE_BEZIER_KNOTS.);
#6413 = CARTESIAN_POINT('',(0.,21.));
#6414 = CARTESIAN_POINT('',(44.,21.));
#6415 = ( GEOMETRIC_REPRESENTATION_CONTEXT(2) 
PARAMETRIC_REPRESENTATION_CONTEXT() REPRESENTATION_CONTEXT('2D SPACE',''
  ) );
#6416 = ORIENTED_EDGE('',*,*,#6312,.T.);
#6417 = ORIENTED_EDGE('',*,*,#404,.T.);
#6418 = ADVANCED_FACE('',(#6419),#709,.F.);
#6419 = FACE_BOUND('',#6420,.F.);
#6420 = EDGE_LOOP('',(#6421,#6422,#6443,#6444));
#6421 = ORIENTED_EDGE('',*,*,#688,.F.);
#6422 = ORIENTED_EDGE('',*,*,#6423,.F.);
#6423 = EDGE_CURVE('',#3610,#689,#6424,.T.);
#6424 = SEAM_CURVE('',#6425,(#6429,#6436),.PCURVE_S1.);
#6425 = LINE('',#6426,#6427);
#6426 = CARTESIAN_POINT('',(31.,143.,144.63989221983));
#6427 = VECTOR('',#6428,1.);
#6428 = DIRECTION('',(0.,1.,0.));
#6429 = PCURVE('',#709,#6430);
#6430 = DEFINITIONAL_REPRESENTATION('',(#6431),#6435);
#6431 = LINE('',#6432,#6433);
#6432 = CARTESIAN_POINT('',(6.28318530718,-0.));
#6433 = VECTOR('',#6434,1.);
#6434 = DIRECTION('',(0.,1.));
#6435 = ( GEOMETRIC_REPRESENTATION_CONTEXT(2) 
PARAMETRIC_REPRESENTATION_CONTEXT() REPRESENTATION_CONTEXT('2D SPACE',''
  ) );
#6436 = PCURVE('',#709,#6437);
#6437 = DEFINITIONAL_REPRESENTATION('',(#6438),#6442);
#6438 = LINE('',#6439,#6440);
#6439 = CARTESIAN_POINT('',(0.,-0.));
#6440 = VECTOR('',#6441,1.);
#6441 = DIRECTION('',(0.,1.));
#6442 = ( GEOMETRIC_REPRESENTATION_CONTEXT(2) 
PARAMETRIC_REPRESENTATION_CONTEXT() REPRESENTATION_CONTEXT('2D SPACE',''
  ) );
#6443 = ORIENTED_EDGE('',*,*,#3609,.T.);
#6444 = ORIENTED_EDGE('',*,*,#6423,.T.);
#6445 = ADVANCED_FACE('',(#6446),#744,.F.);
#6446 = FACE_BOUND('',#6447,.F.);
#6447 = EDGE_LOOP('',(#6448,#6449,#6470,#6471));
#6448 = ORIENTED_EDGE('',*,*,#723,.F.);
#6449 = ORIENTED_EDGE('',*,*,#6450,.F.);
#6450 = EDGE_CURVE('',#3640,#724,#6451,.T.);
#6451 = SEAM_CURVE('',#6452,(#6456,#6463),.PCURVE_S1.);
#6452 = LINE('',#6453,#6454);
#6453 = CARTESIAN_POINT('',(31.,143.,158.63989221983));
#6454 = VECTOR('',#6455,1.);
#6455 = DIRECTION('',(0.,1.,0.));
#6456 = PCURVE('',#744,#6457);
#6457 = DEFINITIONAL_REPRESENTATION('',(#6458),#6462);
#6458 = LINE('',#6459,#6460);
#6459 = CARTESIAN_POINT('',(6.28318530718,-0.));
#6460 = VECTOR('',#6461,1.);
#6461 = DIRECTION('',(0.,1.));
#6462 = ( GEOMETRIC_REPRESENTATION_CONTEXT(2) 
PARAMETRIC_REPRESENTATION_CONTEXT() REPRESENTATION_CONTEXT('2D SPACE',''
  ) );
#6463 = PCURVE('',#744,#6464);
#6464 = DEFINITIONAL_REPRESENTATION('',(#6465),#6469);
#6465 = LINE('',#6466,#6467);
#6466 = CARTESIAN_POINT('',(0.,-0.));
#6467 = VECTOR('',#6468,1.);
#6468 = DIRECTION('',(0.,1.));
#6469 = ( GEOMETRIC_REPRESENTATION_CONTEXT(2) 
PARAMETRIC_REPRESENTATION_CONTEXT() REPRESENTATION_CONTEXT('2D SPACE',''
  ) );
#6470 = ORIENTED_EDGE('',*,*,#3639,.T.);
#6471 = ORIENTED_EDGE('',*,*,#6450,.T.);
#6472 = ADVANCED_FACE('',(#6473),#779,.F.);
#6473 = FACE_BOUND('',#6474,.F.);
#6474 = EDGE_LOOP('',(#6475,#6476,#6497,#6498));
#6475 = ORIENTED_EDGE('',*,*,#758,.F.);
#6476 = ORIENTED_EDGE('',*,*,#6477,.F.);
#6477 = EDGE_CURVE('',#3670,#759,#6478,.T.);
#6478 = SEAM_CURVE('',#6479,(#6483,#6490),.PCURVE_S1.);
#6479 = LINE('',#6480,#6481);
#6480 = CARTESIAN_POINT('',(73.,143.,146.63989221983));
#6481 = VECTOR('',#6482,1.);
#6482 = DIRECTION('',(0.,1.,0.));
#6483 = PCURVE('',#779,#6484);
#6484 = DEFINITIONAL_REPRESENTATION('',(#6485),#6489);
#6485 = LINE('',#6486,#6487);
#6486 = CARTESIAN_POINT('',(6.28318530718,-0.));
#6487 = VECTOR('',#6488,1.);
#6488 = DIRECTION('',(0.,1.));
#6489 = ( GEOMETRIC_REPRESENTATION_CONTEXT(2) 
PARAMETRIC_REPRESENTATION_CONTEXT() REPRESENTATION_CONTEXT('2D SPACE',''
  ) );
#6490 = PCURVE('',#779,#6491);
#6491 = DEFINITIONAL_REPRESENTATION('',(#6492),#6496);
#6492 = LINE('',#6493,#6494);
#6493 = CARTESIAN_POINT('',(0.,-0.));
#6494 = VECTOR('',#6495,1.);
#6495 = DIRECTION('',(0.,1.));
#6496 = ( GEOMETRIC_REPRESENTATION_CONTEXT(2) 
PARAMETRIC_REPRESENTATION_CONTEXT() REPRESENTATION_CONTEXT('2D SPACE',''
  ) );
#6497 = ORIENTED_EDGE('',*,*,#3669,.T.);
#6498 = ORIENTED_EDGE('',*,*,#6477,.T.);
#6499 = ADVANCED_FACE('',(#6500),#814,.F.);
#6500 = FACE_BOUND('',#6501,.F.);
#6501 = EDGE_LOOP('',(#6502,#6503,#6524,#6525));
#6502 = ORIENTED_EDGE('',*,*,#793,.F.);
#6503 = ORIENTED_EDGE('',*,*,#6504,.F.);
#6504 = EDGE_CURVE('',#3700,#794,#6505,.T.);
#6505 = SEAM_CURVE('',#6506,(#6510,#6517),.PCURVE_S1.);
#6506 = LINE('',#6507,#6508);
#6507 = CARTESIAN_POINT('',(87.,143.,146.63989221983));
#6508 = VECTOR('',#6509,1.);
#6509 = DIRECTION('',(0.,1.,0.));
#6510 = PCURVE('',#814,#6511);
#6511 = DEFINITIONAL_REPRESENTATION('',(#6512),#6516);
#6512 = LINE('',#6513,#6514);
#6513 = CARTESIAN_POINT('',(6.28318530718,-0.));
#6514 = VECTOR('',#6515,1.);
#6515 = DIRECTION('',(0.,1.));
#6516 = ( GEOMETRIC_REPRESENTATION_CONTEXT(2) 
PARAMETRIC_REPRESENTATION_CONTEXT() REPRESENTATION_CONTEXT('2D SPACE',''
  ) );
#6517 = PCURVE('',#814,#6518);
#6518 = DEFINITIONAL_REPRESENTATION('',(#6519),#6523);
#6519 = LINE('',#6520,#6521);
#6520 = CARTESIAN_POINT('',(0.,-0.));
#6521 = VECTOR('',#6522,1.);
#6522 = DIRECTION('',(0.,1.));
#6523 = ( GEOMETRIC_REPRESENTATION_CONTEXT(2) 
PARAMETRIC_REPRESENTATION_CONTEXT() REPRESENTATION_CONTEXT('2D SPACE',''
  ) );
#6524 = ORIENTED_EDGE('',*,*,#3699,.T.);
#6525 = ORIENTED_EDGE('',*,*,#6504,.T.);
#6526 = ADVANCED_FACE('',(#6527),#849,.F.);
#6527 = FACE_BOUND('',#6528,.F.);
#6528 = EDGE_LOOP('',(#6529,#6530,#6551,#6552));
#6529 = ORIENTED_EDGE('',*,*,#828,.F.);
#6530 = ORIENTED_EDGE('',*,*,#6531,.F.);
#6531 = EDGE_CURVE('',#3730,#829,#6532,.T.);
#6532 = SEAM_CURVE('',#6533,(#6537,#6544),.PCURVE_S1.);
#6533 = LINE('',#6534,#6535);
#6534 = CARTESIAN_POINT('',(203.,143.,146.63989221983));
#6535 = VECTOR('',#6536,1.);
#6536 = DIRECTION('',(0.,1.,0.));
#6537 = PCURVE('',#849,#6538);
#6538 = DEFINITIONAL_REPRESENTATION('',(#6539),#6543);
#6539 = LINE('',#6540,#6541);
#6540 = CARTESIAN_POINT('',(6.28318530718,-0.));
#6541 = VECTOR('',#6542,1.);
#6542 = DIRECTION('',(0.,1.));
#6543 = ( GEOMETRIC_REPRESENTATION_CONTEXT(2) 
PARAMETRIC_REPRESENTATION_CONTEXT() REPRESENTATION_CONTEXT('2D SPACE',''
  ) );
#6544 = PCURVE('',#849,#6545);
#6545 = DEFINITIONAL_REPRESENTATION('',(#6546),#6550);
#6546 = LINE('',#6547,#6548);
#6547 = CARTESIAN_POINT('',(0.,-0.));
#6548 = VECTOR('',#6549,1.);
#6549 = DIRECTION('',(0.,1.));
#6550 = ( GEOMETRIC_REPRESENTATION_CONTEXT(2) 
PARAMETRIC_REPRESENTATION_CONTEXT() REPRESENTATION_CONTEXT('2D SPACE',''
  ) );
#6551 = ORIENTED_EDGE('',*,*,#3729,.T.);
#6552 = ORIENTED_EDGE('',*,*,#6531,.T.);
#6553 = ADVANCED_FACE('',(#6554),#884,.F.);
#6554 = FACE_BOUND('',#6555,.F.);
#6555 = EDGE_LOOP('',(#6556,#6557,#6578,#6579));
#6556 = ORIENTED_EDGE('',*,*,#863,.F.);
#6557 = ORIENTED_EDGE('',*,*,#6558,.F.);
#6558 = EDGE_CURVE('',#3760,#864,#6559,.T.);
#6559 = SEAM_CURVE('',#6560,(#6564,#6571),.PCURVE_S1.);
#6560 = LINE('',#6561,#6562);
#6561 = CARTESIAN_POINT('',(217.,143.,146.63989221983));
#6562 = VECTOR('',#6563,1.);
#6563 = DIRECTION('',(0.,1.,0.));
#6564 = PCURVE('',#884,#6565);
#6565 = DEFINITIONAL_REPRESENTATION('',(#6566),#6570);
#6566 = LINE('',#6567,#6568);
#6567 = CARTESIAN_POINT('',(6.28318530718,-0.));
#6568 = VECTOR('',#6569,1.);
#6569 = DIRECTION('',(0.,1.));
#6570 = ( GEOMETRIC_REPRESENTATION_CONTEXT(2) 
PARAMETRIC_REPRESENTATION_CONTEXT() REPRESENTATION_CONTEXT('2D SPACE',''
  ) );
#6571 = PCURVE('',#884,#6572);
#6572 = DEFINITIONAL_REPRESENTATION('',(#6573),#6577);
#6573 = LINE('',#6574,#6575);
#6574 = CARTESIAN_POINT('',(0.,-0.));
#6575 = VECTOR('',#6576,1.);
#6576 = DIRECTION('',(0.,1.));
#6577 = ( GEOMETRIC_REPRESENTATION_CONTEXT(2) 
PARAMETRIC_REPRESENTATION_CONTEXT() REPRESENTATION_CONTEXT('2D SPACE',''
  ) );
#6578 = ORIENTED_EDGE('',*,*,#3759,.T.);
#6579 = ORIENTED_EDGE('',*,*,#6558,.T.);
#6580 = ADVANCED_FACE('',(#6581),#919,.F.);
#6581 = FACE_BOUND('',#6582,.F.);
#6582 = EDGE_LOOP('',(#6583,#6584,#6605,#6606));
#6583 = ORIENTED_EDGE('',*,*,#898,.F.);
#6584 = ORIENTED_EDGE('',*,*,#6585,.F.);
#6585 = EDGE_CURVE('',#3790,#899,#6586,.T.);
#6586 = SEAM_CURVE('',#6587,(#6591,#6598),.PCURVE_S1.);
#6587 = LINE('',#6588,#6589);
#6588 = CARTESIAN_POINT('',(253.,143.,144.63989221983));
#6589 = VECTOR('',#6590,1.);
#6590 = DIRECTION('',(0.,1.,0.));
#6591 = PCURVE('',#919,#6592);
#6592 = DEFINITIONAL_REPRESENTATION('',(#6593),#6597);
#6593 = LINE('',#6594,#6595);
#6594 = CARTESIAN_POINT('',(6.28318530718,-0.));
#6595 = VECTOR('',#6596,1.);
#6596 = DIRECTION('',(0.,1.));
#6597 = ( GEOMETRIC_REPRESENTATION_CONTEXT(2) 
PARAMETRIC_REPRESENTATION_CONTEXT() REPRESENTATION_CONTEXT('2D SPACE',''
  ) );
#6598 = PCURVE('',#919,#6599);
#6599 = DEFINITIONAL_REPRESENTATION('',(#6600),#6604);
#6600 = LINE('',#6601,#6602);
#6601 = CARTESIAN_POINT('',(0.,-0.));
#6602 = VECTOR('',#6603,1.);
#6603 = DIRECTION('',(0.,1.));
#6604 = ( GEOMETRIC_REPRESENTATION_CONTEXT(2) 
PARAMETRIC_REPRESENTATION_CONTEXT() REPRESENTATION_CONTEXT('2D SPACE',''
  ) );
#6605 = ORIENTED_EDGE('',*,*,#3789,.T.);
#6606 = ORIENTED_EDGE('',*,*,#6585,.T.);
#6607 = ADVANCED_FACE('',(#6608),#954,.F.);
#6608 = FACE_BOUND('',#6609,.F.);
#6609 = EDGE_LOOP('',(#6610,#6611,#6632,#6633));
#6610 = ORIENTED_EDGE('',*,*,#933,.F.);
#6611 = ORIENTED_EDGE('',*,*,#6612,.F.);
#6612 = EDGE_CURVE('',#3820,#934,#6613,.T.);
#6613 = SEAM_CURVE('',#6614,(#6618,#6625),.PCURVE_S1.);
#6614 = LINE('',#6615,#6616);
#6615 = CARTESIAN_POINT('',(253.,143.,158.63989221983));
#6616 = VECTOR('',#6617,1.);
#6617 = DIRECTION('',(0.,1.,0.));
#6618 = PCURVE('',#954,#6619);
#6619 = DEFINITIONAL_REPRESENTATION('',(#6620),#6624);
#6620 = LINE('',#6621,#6622);
#6621 = CARTESIAN_POINT('',(6.28318530718,-0.));
#6622 = VECTOR('',#6623,1.);
#6623 = DIRECTION('',(0.,1.));
#6624 = ( GEOMETRIC_REPRESENTATION_CONTEXT(2) 
PARAMETRIC_REPRESENTATION_CONTEXT() REPRESENTATION_CONTEXT('2D SPACE',''
  ) );
#6625 = PCURVE('',#954,#6626);
#6626 = DEFINITIONAL_REPRESENTATION('',(#6627),#6631);
#6627 = LINE('',#6628,#6629);
#6628 = CARTESIAN_POINT('',(0.,-0.));
#6629 = VECTOR('',#6630,1.);
#6630 = DIRECTION('',(0.,1.));
#6631 = ( GEOMETRIC_REPRESENTATION_CONTEXT(2) 
PARAMETRIC_REPRESENTATION_CONTEXT() REPRESENTATION_CONTEXT('2D SPACE',''
  ) );
#6632 = ORIENTED_EDGE('',*,*,#3819,.T.);
#6633 = ORIENTED_EDGE('',*,*,#6612,.T.);
#6634 = ADVANCED_FACE('',(#6635),#985,.F.);
#6635 = FACE_BOUND('',#6636,.F.);
#6636 = EDGE_LOOP('',(#6637,#6658,#6659,#6680));
#6637 = ORIENTED_EDGE('',*,*,#6638,.F.);
#6638 = EDGE_CURVE('',#969,#3850,#6639,.T.);
#6639 = SURFACE_CURVE('',#6640,(#6644,#6651),.PCURVE_S1.);
#6640 = LINE('',#6641,#6642);
#6641 = CARTESIAN_POINT('',(225.,208.1,162.38989221983));
#6642 = VECTOR('',#6643,1.);
#6643 = DIRECTION('',(0.,-1.,0.));
#6644 = PCURVE('',#985,#6645);
#6645 = DEFINITIONAL_REPRESENTATION('',(#6646),#6650);
#6646 = LINE('',#6647,#6648);
#6647 = CARTESIAN_POINT('',(0.,0.));
#6648 = VECTOR('',#6649,1.);
#6649 = DIRECTION('',(1.,0.));
#6650 = ( GEOMETRIC_REPRESENTATION_CONTEXT(2) 
PARAMETRIC_REPRESENTATION_CONTEXT() REPRESENTATION_CONTEXT('2D SPACE',''
  ) );
#6651 = PCURVE('',#1011,#6652);
#6652 = DEFINITIONAL_REPRESENTATION('',(#6653),#6657);
#6653 = LINE('',#6654,#6655);
#6654 = CARTESIAN_POINT('',(0.,172.));
#6655 = VECTOR('',#6656,1.);
#6656 = DIRECTION('',(1.,0.));
#6657 = ( GEOMETRIC_REPRESENTATION_CONTEXT(2) 
PARAMETRIC_REPRESENTATION_CONTEXT() REPRESENTATION_CONTEXT('2D SPACE',''
  ) );
#6658 = ORIENTED_EDGE('',*,*,#968,.T.);
#6659 = ORIENTED_EDGE('',*,*,#6660,.T.);
#6660 = EDGE_CURVE('',#971,#3852,#6661,.T.);
#6661 = SURFACE_CURVE('',#6662,(#6666,#6673),.PCURVE_S1.);
#6662 = LINE('',#6663,#6664);
#6663 = CARTESIAN_POINT('',(225.,208.1,224.38989221983));
#6664 = VECTOR('',#6665,1.);
#6665 = DIRECTION('',(0.,-1.,0.));
#6666 = PCURVE('',#985,#6667);
#6667 = DEFINITIONAL_REPRESENTATION('',(#6668),#6672);
#6668 = LINE('',#6669,#6670);
#6669 = CARTESIAN_POINT('',(0.,-62.));
#6670 = VECTOR('',#6671,1.);
#6671 = DIRECTION('',(1.,0.));
#6672 = ( GEOMETRIC_REPRESENTATION_CONTEXT(2) 
PARAMETRIC_REPRESENTATION_CONTEXT() REPRESENTATION_CONTEXT('2D SPACE',''
  ) );
#6673 = PCURVE('',#1297,#6674);
#6674 = DEFINITIONAL_REPRESENTATION('',(#6675),#6679);
#6675 = LINE('',#6676,#6677);
#6676 = CARTESIAN_POINT('',(0.,172.));
#6677 = VECTOR('',#6678,1.);
#6678 = DIRECTION('',(1.,0.));
#6679 = ( GEOMETRIC_REPRESENTATION_CONTEXT(2) 
PARAMETRIC_REPRESENTATION_CONTEXT() REPRESENTATION_CONTEXT('2D SPACE',''
  ) );
#6680 = ORIENTED_EDGE('',*,*,#3849,.F.);
#6681 = ADVANCED_FACE('',(#6682),#1011,.T.);
#6682 = FACE_BOUND('',#6683,.T.);
#6683 = EDGE_LOOP('',(#6684,#6685,#6686,#6705));
#6684 = ORIENTED_EDGE('',*,*,#6638,.F.);
#6685 = ORIENTED_EDGE('',*,*,#996,.T.);
#6686 = ORIENTED_EDGE('',*,*,#6687,.F.);
#6687 = EDGE_CURVE('',#3873,#997,#6688,.T.);
#6688 = SURFACE_CURVE('',#6689,(#6693,#6699),.PCURVE_S1.);
#6689 = LINE('',#6690,#6691);
#6690 = CARTESIAN_POINT('',(218.0307764064,143.,162.38989221983));
#6691 = VECTOR('',#6692,1.);
#6692 = DIRECTION('',(0.,1.,0.));
#6693 = PCURVE('',#1011,#6694);
#6694 = DEFINITIONAL_REPRESENTATION('',(#6695),#6698);
#6695 = B_SPLINE_CURVE_WITH_KNOTS('',1,(#6696,#6697),.UNSPECIFIED.,.F.,
  .F.,(2,2),(59.5,65.5),.PIECEWISE_BEZIER_KNOTS.);
#6696 = CARTESIAN_POINT('',(5.6,165.0307764064));
#6697 = CARTESIAN_POINT('',(-0.4,165.0307764064));
#6698 = ( GEOMETRIC_REPRESENTATION_CONTEXT(2) 
PARAMETRIC_REPRESENTATION_CONTEXT() REPRESENTATION_CONTEXT('2D SPACE',''
  ) );
#6699 = PCURVE('',#1043,#6700);
#6700 = DEFINITIONAL_REPRESENTATION('',(#6701),#6704);
#6701 = B_SPLINE_CURVE_WITH_KNOTS('',1,(#6702,#6703),.UNSPECIFIED.,.F.,
  .F.,(2,2),(59.5,65.5),.PIECEWISE_BEZIER_KNOTS.);
#6702 = CARTESIAN_POINT('',(2.665710403929,59.5));
#6703 = CARTESIAN_POINT('',(2.665710403929,65.5));
#6704 = ( GEOMETRIC_REPRESENTATION_CONTEXT(2) 
PARAMETRIC_REPRESENTATION_CONTEXT() REPRESENTATION_CONTEXT('2D SPACE',''
  ) );
#6705 = ORIENTED_EDGE('',*,*,#3872,.F.);
#6706 = ADVANCED_FACE('',(#6707),#1297,.F.);
#6707 = FACE_BOUND('',#6708,.F.);
#6708 = EDGE_LOOP('',(#6709,#6710,#6711,#6732));
#6709 = ORIENTED_EDGE('',*,*,#6660,.F.);
#6710 = ORIENTED_EDGE('',*,*,#1284,.T.);
#6711 = ORIENTED_EDGE('',*,*,#6712,.T.);
#6712 = EDGE_CURVE('',#1259,#4090,#6713,.T.);
#6713 = SURFACE_CURVE('',#6714,(#6718,#6725),.PCURVE_S1.);
#6714 = LINE('',#6715,#6716);
#6715 = CARTESIAN_POINT('',(53.,208.1,224.38989221983));
#6716 = VECTOR('',#6717,1.);
#6717 = DIRECTION('',(0.,-1.,0.));
#6718 = PCURVE('',#1297,#6719);
#6719 = DEFINITIONAL_REPRESENTATION('',(#6720),#6724);
#6720 = LINE('',#6721,#6722);
#6721 = CARTESIAN_POINT('',(0.,0.));
#6722 = VECTOR('',#6723,1.);
#6723 = DIRECTION('',(1.,0.));
#6724 = ( GEOMETRIC_REPRESENTATION_CONTEXT(2) 
PARAMETRIC_REPRESENTATION_CONTEXT() REPRESENTATION_CONTEXT('2D SPACE',''
  ) );
#6725 = PCURVE('',#1273,#6726);
#6726 = DEFINITIONAL_REPRESENTATION('',(#6727),#6731);
#6727 = LINE('',#6728,#6729);
#6728 = CARTESIAN_POINT('',(0.,-62.));
#6729 = VECTOR('',#6730,1.);
#6730 = DIRECTION('',(1.,0.));
#6731 = ( GEOMETRIC_REPRESENTATION_CONTEXT(2) 
PARAMETRIC_REPRESENTATION_CONTEXT() REPRESENTATION_CONTEXT('2D SPACE',''
  ) );
#6732 = ORIENTED_EDGE('',*,*,#4110,.F.);
#6733 = ADVANCED_FACE('',(#6734),#1043,.F.);
#6734 = FACE_BOUND('',#6735,.F.);
#6735 = EDGE_LOOP('',(#6736,#6737,#6738,#6757));
#6736 = ORIENTED_EDGE('',*,*,#6687,.F.);
#6737 = ORIENTED_EDGE('',*,*,#3893,.T.);
#6738 = ORIENTED_EDGE('',*,*,#6739,.T.);
#6739 = EDGE_CURVE('',#3894,#1023,#6740,.T.);
#6740 = SURFACE_CURVE('',#6741,(#6745,#6751),.PCURVE_S1.);
#6741 = LINE('',#6742,#6743);
#6742 = CARTESIAN_POINT('',(215.96922359359,143.,162.38989221983));
#6743 = VECTOR('',#6744,1.);
#6744 = DIRECTION('',(0.,1.,0.));
#6745 = PCURVE('',#1043,#6746);
#6746 = DEFINITIONAL_REPRESENTATION('',(#6747),#6750);
#6747 = B_SPLINE_CURVE_WITH_KNOTS('',1,(#6748,#6749),.UNSPECIFIED.,.F.,
  .F.,(2,2),(59.5,65.5),.PIECEWISE_BEZIER_KNOTS.);
#6748 = CARTESIAN_POINT('',(3.61747490325,59.5));
#6749 = CARTESIAN_POINT('',(3.61747490325,65.5));
#6750 = ( GEOMETRIC_REPRESENTATION_CONTEXT(2) 
PARAMETRIC_REPRESENTATION_CONTEXT() REPRESENTATION_CONTEXT('2D SPACE',''
  ) );
#6751 = PCURVE('',#1070,#6752);
#6752 = DEFINITIONAL_REPRESENTATION('',(#6753),#6756);
#6753 = B_SPLINE_CURVE_WITH_KNOTS('',1,(#6754,#6755),.UNSPECIFIED.,.F.,
  .F.,(2,2),(59.5,65.5),.PIECEWISE_BEZIER_KNOTS.);
#6754 = CARTESIAN_POINT('',(5.6,162.96922359359));
#6755 = CARTESIAN_POINT('',(-0.4,162.96922359359));
#6756 = ( GEOMETRIC_REPRESENTATION_CONTEXT(2) 
PARAMETRIC_REPRESENTATION_CONTEXT() REPRESENTATION_CONTEXT('2D SPACE',''
  ) );
#6757 = ORIENTED_EDGE('',*,*,#1022,.F.);
#6758 = ADVANCED_FACE('',(#6759),#1273,.T.);
#6759 = FACE_BOUND('',#6760,.T.);
#6760 = EDGE_LOOP('',(#6761,#6782,#6783,#6784));
#6761 = ORIENTED_EDGE('',*,*,#6762,.F.);
#6762 = EDGE_CURVE('',#1233,#4069,#6763,.T.);
#6763 = SURFACE_CURVE('',#6764,(#6768,#6775),.PCURVE_S1.);
#6764 = LINE('',#6765,#6766);
#6765 = CARTESIAN_POINT('',(53.,208.1,162.38989221983));
#6766 = VECTOR('',#6767,1.);
#6767 = DIRECTION('',(0.,-1.,0.));
#6768 = PCURVE('',#1273,#6769);
#6769 = DEFINITIONAL_REPRESENTATION('',(#6770),#6774);
#6770 = LINE('',#6771,#6772);
#6771 = CARTESIAN_POINT('',(0.,0.));
#6772 = VECTOR('',#6773,1.);
#6773 = DIRECTION('',(1.,0.));
#6774 = ( GEOMETRIC_REPRESENTATION_CONTEXT(2) 
PARAMETRIC_REPRESENTATION_CONTEXT() REPRESENTATION_CONTEXT('2D SPACE',''
  ) );
#6775 = PCURVE('',#1247,#6776);
#6776 = DEFINITIONAL_REPRESENTATION('',(#6777),#6781);
#6777 = LINE('',#6778,#6779);
#6778 = CARTESIAN_POINT('',(0.,0.));
#6779 = VECTOR('',#6780,1.);
#6780 = DIRECTION('',(1.,0.));
#6781 = ( GEOMETRIC_REPRESENTATION_CONTEXT(2) 
PARAMETRIC_REPRESENTATION_CONTEXT() REPRESENTATION_CONTEXT('2D SPACE',''
  ) );
#6782 = ORIENTED_EDGE('',*,*,#1258,.T.);
#6783 = ORIENTED_EDGE('',*,*,#6712,.T.);
#6784 = ORIENTED_EDGE('',*,*,#4089,.F.);
#6785 = ADVANCED_FACE('',(#6786),#1070,.T.);
#6786 = FACE_BOUND('',#6787,.T.);
#6787 = EDGE_LOOP('',(#6788,#6789,#6790,#6809));
#6788 = ORIENTED_EDGE('',*,*,#6739,.T.);
#6789 = ORIENTED_EDGE('',*,*,#1055,.T.);
#6790 = ORIENTED_EDGE('',*,*,#6791,.F.);
#6791 = EDGE_CURVE('',#3922,#1056,#6792,.T.);
#6792 = SURFACE_CURVE('',#6793,(#6797,#6803),.PCURVE_S1.);
#6793 = LINE('',#6794,#6795);
#6794 = CARTESIAN_POINT('',(204.0307764064,143.,162.38989221983));
#6795 = VECTOR('',#6796,1.);
#6796 = DIRECTION('',(0.,1.,0.));
#6797 = PCURVE('',#1070,#6798);
#6798 = DEFINITIONAL_REPRESENTATION('',(#6799),#6802);
#6799 = B_SPLINE_CURVE_WITH_KNOTS('',1,(#6800,#6801),.UNSPECIFIED.,.F.,
  .F.,(2,2),(59.5,65.5),.PIECEWISE_BEZIER_KNOTS.);
#6800 = CARTESIAN_POINT('',(5.6,151.0307764064));
#6801 = CARTESIAN_POINT('',(-0.4,151.0307764064));
#6802 = ( GEOMETRIC_REPRESENTATION_CONTEXT(2) 
PARAMETRIC_REPRESENTATION_CONTEXT() REPRESENTATION_CONTEXT('2D SPACE',''
  ) );
#6803 = PCURVE('',#1102,#6804);
#6804 = DEFINITIONAL_REPRESENTATION('',(#6805),#6808);
#6805 = B_SPLINE_CURVE_WITH_KNOTS('',1,(#6806,#6807),.UNSPECIFIED.,.F.,
  .F.,(2,2),(59.5,65.5),.PIECEWISE_BEZIER_KNOTS.);
#6806 = CARTESIAN_POINT('',(2.665710403929,59.5));
#6807 = CARTESIAN_POINT('',(2.665710403929,65.5));
#6808 = ( GEOMETRIC_REPRESENTATION_CONTEXT(2) 
PARAMETRIC_REPRESENTATION_CONTEXT() REPRESENTATION_CONTEXT('2D SPACE',''
  ) );
#6809 = ORIENTED_EDGE('',*,*,#3921,.F.);
#6810 = ADVANCED_FACE('',(#6811),#1247,.T.);
#6811 = FACE_BOUND('',#6812,.T.);
#6812 = EDGE_LOOP('',(#6813,#6832,#6833,#6834));
#6813 = ORIENTED_EDGE('',*,*,#6814,.T.);
#6814 = EDGE_CURVE('',#4041,#1200,#6815,.T.);
#6815 = SURFACE_CURVE('',#6816,(#6820,#6826),.PCURVE_S1.);
#6816 = LINE('',#6817,#6818);
#6817 = CARTESIAN_POINT('',(71.969223593596,143.,162.38989221983));
#6818 = VECTOR('',#6819,1.);
#6819 = DIRECTION('',(0.,1.,0.));
#6820 = PCURVE('',#1247,#6821);
#6821 = DEFINITIONAL_REPRESENTATION('',(#6822),#6825);
#6822 = B_SPLINE_CURVE_WITH_KNOTS('',1,(#6823,#6824),.UNSPECIFIED.,.F.,
  .F.,(2,2),(59.5,65.5),.PIECEWISE_BEZIER_KNOTS.);
#6823 = CARTESIAN_POINT('',(5.6,18.969223593596));
#6824 = CARTESIAN_POINT('',(-0.4,18.969223593596));
#6825 = ( GEOMETRIC_REPRESENTATION_CONTEXT(2) 
PARAMETRIC_REPRESENTATION_CONTEXT() REPRESENTATION_CONTEXT('2D SPACE',''
  ) );
#6826 = PCURVE('',#1220,#6827);
#6827 = DEFINITIONAL_REPRESENTATION('',(#6828),#6831);
#6828 = B_SPLINE_CURVE_WITH_KNOTS('',1,(#6829,#6830),.UNSPECIFIED.,.F.,
  .F.,(2,2),(59.5,65.5),.PIECEWISE_BEZIER_KNOTS.);
#6829 = CARTESIAN_POINT('',(3.61747490325,59.5));
#6830 = CARTESIAN_POINT('',(3.61747490325,65.5));
#6831 = ( GEOMETRIC_REPRESENTATION_CONTEXT(2) 
PARAMETRIC_REPRESENTATION_CONTEXT() REPRESENTATION_CONTEXT('2D SPACE',''
  ) );
#6832 = ORIENTED_EDGE('',*,*,#1232,.T.);
#6833 = ORIENTED_EDGE('',*,*,#6762,.T.);
#6834 = ORIENTED_EDGE('',*,*,#4068,.F.);
#6835 = ADVANCED_FACE('',(#6836),#1102,.F.);
#6836 = FACE_BOUND('',#6837,.F.);
#6837 = EDGE_LOOP('',(#6838,#6839,#6840,#6859));
#6838 = ORIENTED_EDGE('',*,*,#6791,.F.);
#6839 = ORIENTED_EDGE('',*,*,#3942,.T.);
#6840 = ORIENTED_EDGE('',*,*,#6841,.T.);
#6841 = EDGE_CURVE('',#3943,#1082,#6842,.T.);
#6842 = SURFACE_CURVE('',#6843,(#6847,#6853),.PCURVE_S1.);
#6843 = LINE('',#6844,#6845);
#6844 = CARTESIAN_POINT('',(201.96922359359,143.,162.38989221983));
#6845 = VECTOR('',#6846,1.);
#6846 = DIRECTION('',(0.,1.,0.));
#6847 = PCURVE('',#1102,#6848);
#6848 = DEFINITIONAL_REPRESENTATION('',(#6849),#6852);
#6849 = B_SPLINE_CURVE_WITH_KNOTS('',1,(#6850,#6851),.UNSPECIFIED.,.F.,
  .F.,(2,2),(59.5,65.5),.PIECEWISE_BEZIER_KNOTS.);
#6850 = CARTESIAN_POINT('',(3.61747490325,59.5));
#6851 = CARTESIAN_POINT('',(3.61747490325,65.5));
#6852 = ( GEOMETRIC_REPRESENTATION_CONTEXT(2) 
PARAMETRIC_REPRESENTATION_CONTEXT() REPRESENTATION_CONTEXT('2D SPACE',''
  ) );
#6853 = PCURVE('',#1129,#6854);
#6854 = DEFINITIONAL_REPRESENTATION('',(#6855),#6858);
#6855 = B_SPLINE_CURVE_WITH_KNOTS('',1,(#6856,#6857),.UNSPECIFIED.,.F.,
  .F.,(2,2),(59.5,65.5),.PIECEWISE_BEZIER_KNOTS.);
#6856 = CARTESIAN_POINT('',(5.6,148.96922359359));
#6857 = CARTESIAN_POINT('',(-0.4,148.96922359359));
#6858 = ( GEOMETRIC_REPRESENTATION_CONTEXT(2) 
PARAMETRIC_REPRESENTATION_CONTEXT() REPRESENTATION_CONTEXT('2D SPACE',''
  ) );
#6859 = ORIENTED_EDGE('',*,*,#1081,.F.);
#6860 = ADVANCED_FACE('',(#6861),#1220,.F.);
#6861 = FACE_BOUND('',#6862,.F.);
#6862 = EDGE_LOOP('',(#6863,#6882,#6883,#6884));
#6863 = ORIENTED_EDGE('',*,*,#6864,.F.);
#6864 = EDGE_CURVE('',#4020,#1174,#6865,.T.);
#6865 = SURFACE_CURVE('',#6866,(#6870,#6876),.PCURVE_S1.);
#6866 = LINE('',#6867,#6868);
#6867 = CARTESIAN_POINT('',(74.030776406404,143.,162.38989221983));
#6868 = VECTOR('',#6869,1.);
#6869 = DIRECTION('',(0.,1.,0.));
#6870 = PCURVE('',#1220,#6871);
#6871 = DEFINITIONAL_REPRESENTATION('',(#6872),#6875);
#6872 = B_SPLINE_CURVE_WITH_KNOTS('',1,(#6873,#6874),.UNSPECIFIED.,.F.,
  .F.,(2,2),(59.5,65.5),.PIECEWISE_BEZIER_KNOTS.);
#6873 = CARTESIAN_POINT('',(2.665710403929,59.5));
#6874 = CARTESIAN_POINT('',(2.665710403929,65.5));
#6875 = ( GEOMETRIC_REPRESENTATION_CONTEXT(2) 
PARAMETRIC_REPRESENTATION_CONTEXT() REPRESENTATION_CONTEXT('2D SPACE',''
  ) );
#6876 = PCURVE('',#1188,#6877);
#6877 = DEFINITIONAL_REPRESENTATION('',(#6878),#6881);
#6878 = B_SPLINE_CURVE_WITH_KNOTS('',1,(#6879,#6880),.UNSPECIFIED.,.F.,
  .F.,(2,2),(59.5,65.5),.PIECEWISE_BEZIER_KNOTS.);
#6879 = CARTESIAN_POINT('',(5.6,21.030776406404));
#6880 = CARTESIAN_POINT('',(-0.4,21.030776406404));
#6881 = ( GEOMETRIC_REPRESENTATION_CONTEXT(2) 
PARAMETRIC_REPRESENTATION_CONTEXT() REPRESENTATION_CONTEXT('2D SPACE',''
  ) );
#6882 = ORIENTED_EDGE('',*,*,#4040,.T.);
#6883 = ORIENTED_EDGE('',*,*,#6814,.T.);
#6884 = ORIENTED_EDGE('',*,*,#1199,.F.);
#6885 = ADVANCED_FACE('',(#6886),#1129,.T.);
#6886 = FACE_BOUND('',#6887,.T.);
#6887 = EDGE_LOOP('',(#6888,#6889,#6890,#6909));
#6888 = ORIENTED_EDGE('',*,*,#6841,.T.);
#6889 = ORIENTED_EDGE('',*,*,#1114,.T.);
#6890 = ORIENTED_EDGE('',*,*,#6891,.F.);
#6891 = EDGE_CURVE('',#3971,#1115,#6892,.T.);
#6892 = SURFACE_CURVE('',#6893,(#6897,#6903),.PCURVE_S1.);
#6893 = LINE('',#6894,#6895);
#6894 = CARTESIAN_POINT('',(88.030776406404,143.,162.38989221983));
#6895 = VECTOR('',#6896,1.);
#6896 = DIRECTION('',(0.,1.,0.));
#6897 = PCURVE('',#1129,#6898);
#6898 = DEFINITIONAL_REPRESENTATION('',(#6899),#6902);
#6899 = B_SPLINE_CURVE_WITH_KNOTS('',1,(#6900,#6901),.UNSPECIFIED.,.F.,
  .F.,(2,2),(59.5,65.5),.PIECEWISE_BEZIER_KNOTS.);
#6900 = CARTESIAN_POINT('',(5.6,35.030776406404));
#6901 = CARTESIAN_POINT('',(-0.4,35.030776406404));
#6902 = ( GEOMETRIC_REPRESENTATION_CONTEXT(2) 
PARAMETRIC_REPRESENTATION_CONTEXT() REPRESENTATION_CONTEXT('2D SPACE',''
  ) );
#6903 = PCURVE('',#1161,#6904);
#6904 = DEFINITIONAL_REPRESENTATION('',(#6905),#6908);
#6905 = B_SPLINE_CURVE_WITH_KNOTS('',1,(#6906,#6907),.UNSPECIFIED.,.F.,
  .F.,(2,2),(59.5,65.5),.PIECEWISE_BEZIER_KNOTS.);
#6906 = CARTESIAN_POINT('',(2.665710403929,59.5));
#6907 = CARTESIAN_POINT('',(2.665710403929,65.5));
#6908 = ( GEOMETRIC_REPRESENTATION_CONTEXT(2) 
PARAMETRIC_REPRESENTATION_CONTEXT() REPRESENTATION_CONTEXT('2D SPACE',''
  ) );
#6909 = ORIENTED_EDGE('',*,*,#3970,.F.);
#6910 = ADVANCED_FACE('',(#6911),#1188,.T.);
#6911 = FACE_BOUND('',#6912,.T.);
#6912 = EDGE_LOOP('',(#6913,#6932,#6933,#6934));
#6913 = ORIENTED_EDGE('',*,*,#6914,.T.);
#6914 = EDGE_CURVE('',#3992,#1141,#6915,.T.);
#6915 = SURFACE_CURVE('',#6916,(#6920,#6926),.PCURVE_S1.);
#6916 = LINE('',#6917,#6918);
#6917 = CARTESIAN_POINT('',(85.969223593596,143.,162.38989221983));
#6918 = VECTOR('',#6919,1.);
#6919 = DIRECTION('',(0.,1.,0.));
#6920 = PCURVE('',#1188,#6921);
#6921 = DEFINITIONAL_REPRESENTATION('',(#6922),#6925);
#6922 = B_SPLINE_CURVE_WITH_KNOTS('',1,(#6923,#6924),.UNSPECIFIED.,.F.,
  .F.,(2,2),(59.5,65.5),.PIECEWISE_BEZIER_KNOTS.);
#6923 = CARTESIAN_POINT('',(5.6,32.969223593596));
#6924 = CARTESIAN_POINT('',(-0.4,32.969223593596));
#6925 = ( GEOMETRIC_REPRESENTATION_CONTEXT(2) 
PARAMETRIC_REPRESENTATION_CONTEXT() REPRESENTATION_CONTEXT('2D SPACE',''
  ) );
#6926 = PCURVE('',#1161,#6927);
#6927 = DEFINITIONAL_REPRESENTATION('',(#6928),#6931);
#6928 = B_SPLINE_CURVE_WITH_KNOTS('',1,(#6929,#6930),.UNSPECIFIED.,.F.,
  .F.,(2,2),(59.5,65.5),.PIECEWISE_BEZIER_KNOTS.);
#6929 = CARTESIAN_POINT('',(3.61747490325,59.5));
#6930 = CARTESIAN_POINT('',(3.61747490325,65.5));
#6931 = ( GEOMETRIC_REPRESENTATION_CONTEXT(2) 
PARAMETRIC_REPRESENTATION_CONTEXT() REPRESENTATION_CONTEXT('2D SPACE',''
  ) );
#6932 = ORIENTED_EDGE('',*,*,#1173,.T.);
#6933 = ORIENTED_EDGE('',*,*,#6864,.F.);
#6934 = ORIENTED_EDGE('',*,*,#4019,.F.);
#6935 = ADVANCED_FACE('',(#6936),#1161,.F.);
#6936 = FACE_BOUND('',#6937,.F.);
#6937 = EDGE_LOOP('',(#6938,#6939,#6940,#6941));
#6938 = ORIENTED_EDGE('',*,*,#6891,.F.);
#6939 = ORIENTED_EDGE('',*,*,#3991,.T.);
#6940 = ORIENTED_EDGE('',*,*,#6914,.T.);
#6941 = ORIENTED_EDGE('',*,*,#1140,.F.);
#6942 = ADVANCED_FACE('',(#6943),#1327,.F.);
#6943 = FACE_BOUND('',#6944,.F.);
#6944 = EDGE_LOOP('',(#6945,#6946,#6967,#6968));
#6945 = ORIENTED_EDGE('',*,*,#1310,.T.);
#6946 = ORIENTED_EDGE('',*,*,#6947,.T.);
#6947 = EDGE_CURVE('',#1313,#4134,#6948,.T.);
#6948 = SURFACE_CURVE('',#6949,(#6953,#6960),.PCURVE_S1.);
#6949 = LINE('',#6950,#6951);
#6950 = CARTESIAN_POINT('',(15.,208.1,184.38989221983));
#6951 = VECTOR('',#6952,1.);
#6952 = DIRECTION('',(0.,-1.,0.));
#6953 = PCURVE('',#1327,#6954);
#6954 = DEFINITIONAL_REPRESENTATION('',(#6955),#6959);
#6955 = LINE('',#6956,#6957);
#6956 = CARTESIAN_POINT('',(0.,0.));
#6957 = VECTOR('',#6958,1.);
#6958 = DIRECTION('',(0.,-1.));
#6959 = ( GEOMETRIC_REPRESENTATION_CONTEXT(2) 
PARAMETRIC_REPRESENTATION_CONTEXT() REPRESENTATION_CONTEXT('2D SPACE',''
  ) );
#6960 = PCURVE('',#1416,#6961);
#6961 = DEFINITIONAL_REPRESENTATION('',(#6962),#6966);
#6962 = LINE('',#6963,#6964);
#6963 = CARTESIAN_POINT('',(3.14159265359,0.));
#6964 = VECTOR('',#6965,1.);
#6965 = DIRECTION('',(0.,-1.));
#6966 = ( GEOMETRIC_REPRESENTATION_CONTEXT(2) 
PARAMETRIC_REPRESENTATION_CONTEXT() REPRESENTATION_CONTEXT('2D SPACE',''
  ) );
#6967 = ORIENTED_EDGE('',*,*,#4131,.F.);
#6968 = ORIENTED_EDGE('',*,*,#6969,.F.);
#6969 = EDGE_CURVE('',#1311,#4132,#6970,.T.);
#6970 = SURFACE_CURVE('',#6971,(#6975,#6982),.PCURVE_S1.);
#6971 = LINE('',#6972,#6973);
#6972 = CARTESIAN_POINT('',(15.,208.1,216.38989221983));
#6973 = VECTOR('',#6974,1.);
#6974 = DIRECTION('',(0.,-1.,0.));
#6975 = PCURVE('',#1327,#6976);
#6976 = DEFINITIONAL_REPRESENTATION('',(#6977),#6981);
#6977 = LINE('',#6978,#6979);
#6978 = CARTESIAN_POINT('',(32.,0.));
#6979 = VECTOR('',#6980,1.);
#6980 = DIRECTION('',(0.,-1.));
#6981 = ( GEOMETRIC_REPRESENTATION_CONTEXT(2) 
PARAMETRIC_REPRESENTATION_CONTEXT() REPRESENTATION_CONTEXT('2D SPACE',''
  ) );
#6982 = PCURVE('',#1359,#6983);
#6983 = DEFINITIONAL_REPRESENTATION('',(#6984),#6988);
#6984 = LINE('',#6985,#6986);
#6985 = CARTESIAN_POINT('',(0.,0.));
#6986 = VECTOR('',#6987,1.);
#6987 = DIRECTION('',(0.,-1.));
#6988 = ( GEOMETRIC_REPRESENTATION_CONTEXT(2) 
PARAMETRIC_REPRESENTATION_CONTEXT() REPRESENTATION_CONTEXT('2D SPACE',''
  ) );
#6989 = ADVANCED_FACE('',(#6990),#1359,.F.);
#6990 = FACE_BOUND('',#6991,.F.);
#6991 = EDGE_LOOP('',(#6992,#6993,#6994,#6995));
#6992 = ORIENTED_EDGE('',*,*,#1338,.F.);
#6993 = ORIENTED_EDGE('',*,*,#6969,.T.);
#6994 = ORIENTED_EDGE('',*,*,#4154,.T.);
#6995 = ORIENTED_EDGE('',*,*,#6996,.F.);
#6996 = EDGE_CURVE('',#1339,#4155,#6997,.T.);
#6997 = SURFACE_CURVE('',#6998,(#7002,#7009),.PCURVE_S1.);
#6998 = LINE('',#6999,#7000);
#6999 = CARTESIAN_POINT('',(27.,208.1,216.38989221983));
#7000 = VECTOR('',#7001,1.);
#7001 = DIRECTION('',(0.,-1.,0.));
#7002 = PCURVE('',#1359,#7003);
#7003 = DEFINITIONAL_REPRESENTATION('',(#7004),#7008);
#7004 = LINE('',#7005,#7006);
#7005 = CARTESIAN_POINT('',(3.14159265359,0.));
#7006 = VECTOR('',#7007,1.);
#7007 = DIRECTION('',(0.,-1.));
#7008 = ( GEOMETRIC_REPRESENTATION_CONTEXT(2) 
PARAMETRIC_REPRESENTATION_CONTEXT() REPRESENTATION_CONTEXT('2D SPACE',''
  ) );
#7009 = PCURVE('',#1386,#7010);
#7010 = DEFINITIONAL_REPRESENTATION('',(#7011),#7015);
#7011 = LINE('',#7012,#7013);
#7012 = CARTESIAN_POINT('',(0.,0.));
#7013 = VECTOR('',#7014,1.);
#7014 = DIRECTION('',(0.,-1.));
#7015 = ( GEOMETRIC_REPRESENTATION_CONTEXT(2) 
PARAMETRIC_REPRESENTATION_CONTEXT() REPRESENTATION_CONTEXT('2D SPACE',''
  ) );
#7016 = ADVANCED_FACE('',(#7017),#1416,.F.);
#7017 = FACE_BOUND('',#7018,.F.);
#7018 = EDGE_LOOP('',(#7019,#7020,#7041,#7042));
#7019 = ORIENTED_EDGE('',*,*,#1397,.F.);
#7020 = ORIENTED_EDGE('',*,*,#7021,.T.);
#7021 = EDGE_CURVE('',#1372,#4183,#7022,.T.);
#7022 = SURFACE_CURVE('',#7023,(#7027,#7034),.PCURVE_S1.);
#7023 = LINE('',#7024,#7025);
#7024 = CARTESIAN_POINT('',(27.,208.1,184.38989221983));
#7025 = VECTOR('',#7026,1.);
#7026 = DIRECTION('',(0.,-1.,0.));
#7027 = PCURVE('',#1416,#7028);
#7028 = DEFINITIONAL_REPRESENTATION('',(#7029),#7033);
#7029 = LINE('',#7030,#7031);
#7030 = CARTESIAN_POINT('',(0.,0.));
#7031 = VECTOR('',#7032,1.);
#7032 = DIRECTION('',(0.,-1.));
#7033 = ( GEOMETRIC_REPRESENTATION_CONTEXT(2) 
PARAMETRIC_REPRESENTATION_CONTEXT() REPRESENTATION_CONTEXT('2D SPACE',''
  ) );
#7034 = PCURVE('',#1386,#7035);
#7035 = DEFINITIONAL_REPRESENTATION('',(#7036),#7040);
#7036 = LINE('',#7037,#7038);
#7037 = CARTESIAN_POINT('',(32.,0.));
#7038 = VECTOR('',#7039,1.);
#7039 = DIRECTION('',(0.,-1.));
#7040 = ( GEOMETRIC_REPRESENTATION_CONTEXT(2) 
PARAMETRIC_REPRESENTATION_CONTEXT() REPRESENTATION_CONTEXT('2D SPACE',''
  ) );
#7041 = ORIENTED_EDGE('',*,*,#4203,.T.);
#7042 = ORIENTED_EDGE('',*,*,#6947,.F.);
#7043 = ADVANCED_FACE('',(#7044),#1386,.F.);
#7044 = FACE_BOUND('',#7045,.F.);
#7045 = EDGE_LOOP('',(#7046,#7047,#7048,#7049));
#7046 = ORIENTED_EDGE('',*,*,#1371,.T.);
#7047 = ORIENTED_EDGE('',*,*,#6996,.T.);
#7048 = ORIENTED_EDGE('',*,*,#4182,.F.);
#7049 = ORIENTED_EDGE('',*,*,#7021,.F.);
#7050 = ADVANCED_FACE('',(#7051),#1447,.F.);
#7051 = FACE_BOUND('',#7052,.F.);
#7052 = EDGE_LOOP('',(#7053,#7054,#7074,#7075));
#7053 = ORIENTED_EDGE('',*,*,#4231,.F.);
#7054 = ORIENTED_EDGE('',*,*,#7055,.T.);
#7055 = EDGE_CURVE('',#4232,#1431,#7056,.T.);
#7056 = SEAM_CURVE('',#7057,(#7061,#7068),.PCURVE_S1.);
#7057 = LINE('',#7058,#7059);
#7058 = CARTESIAN_POINT('',(9.895110651488,160.71660480347,
    156.18219500543));
#7059 = VECTOR('',#7060,1.);
#7060 = DIRECTION('',(0.,0.539053696423,0.842271400662));
#7061 = PCURVE('',#1447,#7062);
#7062 = DEFINITIONAL_REPRESENTATION('',(#7063),#7067);
#7063 = LINE('',#7064,#7065);
#7064 = CARTESIAN_POINT('',(0.,0.));
#7065 = VECTOR('',#7066,1.);
#7066 = DIRECTION('',(0.,1.));
#7067 = ( GEOMETRIC_REPRESENTATION_CONTEXT(2) 
PARAMETRIC_REPRESENTATION_CONTEXT() REPRESENTATION_CONTEXT('2D SPACE',''
  ) );
#7068 = PCURVE('',#1447,#7069);
#7069 = DEFINITIONAL_REPRESENTATION('',(#7070),#7073);
#7070 = B_SPLINE_CURVE_WITH_KNOTS('',1,(#7071,#7072),.UNSPECIFIED.,.F.,
  .F.,(2,2),(0.,96.065820197988),.PIECEWISE_BEZIER_KNOTS.);
#7071 = CARTESIAN_POINT('',(6.28318530718,0.));
#7072 = CARTESIAN_POINT('',(6.28318530718,96.065820197988));
#7073 = ( GEOMETRIC_REPRESENTATION_CONTEXT(2) 
PARAMETRIC_REPRESENTATION_CONTEXT() REPRESENTATION_CONTEXT('2D SPACE',''
  ) );
#7074 = ORIENTED_EDGE('',*,*,#1430,.T.);
#7075 = ORIENTED_EDGE('',*,*,#7055,.F.);
#7076 = ADVANCED_FACE('',(#7077),#1509,.F.);
#7077 = FACE_BOUND('',#7078,.F.);
#7078 = EDGE_LOOP('',(#7079,#7080,#7101,#7102));
#7079 = ORIENTED_EDGE('',*,*,#1488,.F.);
#7080 = ORIENTED_EDGE('',*,*,#7081,.F.);
#7081 = EDGE_CURVE('',#4285,#1489,#7082,.T.);
#7082 = SEAM_CURVE('',#7083,(#7087,#7094),.PCURVE_S1.);
#7083 = LINE('',#7084,#7085);
#7084 = CARTESIAN_POINT('',(31.,143.,235.25));
#7085 = VECTOR('',#7086,1.);
#7086 = DIRECTION('',(0.,1.,0.));
#7087 = PCURVE('',#1509,#7088);
#7088 = DEFINITIONAL_REPRESENTATION('',(#7089),#7093);
#7089 = LINE('',#7090,#7091);
#7090 = CARTESIAN_POINT('',(6.28318530718,-0.));
#7091 = VECTOR('',#7092,1.);
#7092 = DIRECTION('',(0.,1.));
#7093 = ( GEOMETRIC_REPRESENTATION_CONTEXT(2) 
PARAMETRIC_REPRESENTATION_CONTEXT() REPRESENTATION_CONTEXT('2D SPACE',''
  ) );
#7094 = PCURVE('',#1509,#7095);
#7095 = DEFINITIONAL_REPRESENTATION('',(#7096),#7100);
#7096 = LINE('',#7097,#7098);
#7097 = CARTESIAN_POINT('',(0.,-0.));
#7098 = VECTOR('',#7099,1.);
#7099 = DIRECTION('',(0.,1.));
#7100 = ( GEOMETRIC_REPRESENTATION_CONTEXT(2) 
PARAMETRIC_REPRESENTATION_CONTEXT() REPRESENTATION_CONTEXT('2D SPACE',''
  ) );
#7101 = ORIENTED_EDGE('',*,*,#4284,.T.);
#7102 = ORIENTED_EDGE('',*,*,#7081,.T.);
#7103 = ADVANCED_FACE('',(#7104),#1540,.F.);
#7104 = FACE_BOUND('',#7105,.F.);
#7105 = EDGE_LOOP('',(#7106,#7107,#7127,#7128));
#7106 = ORIENTED_EDGE('',*,*,#4314,.F.);
#7107 = ORIENTED_EDGE('',*,*,#7108,.T.);
#7108 = EDGE_CURVE('',#4315,#1524,#7109,.T.);
#7109 = SEAM_CURVE('',#7110,(#7114,#7121),.PCURVE_S1.);
#7110 = LINE('',#7111,#7112);
#7111 = CARTESIAN_POINT('',(9.088074397989,47.988806037128,
    152.76867736857));
#7112 = VECTOR('',#7113,1.);
#7113 = DIRECTION('',(0.,0.875295404604,0.483588621328));
#7114 = PCURVE('',#1540,#7115);
#7115 = DEFINITIONAL_REPRESENTATION('',(#7116),#7120);
#7116 = LINE('',#7117,#7118);
#7117 = CARTESIAN_POINT('',(0.,0.));
#7118 = VECTOR('',#7119,1.);
#7119 = DIRECTION('',(0.,1.));
#7120 = ( GEOMETRIC_REPRESENTATION_CONTEXT(2) 
PARAMETRIC_REPRESENTATION_CONTEXT() REPRESENTATION_CONTEXT('2D SPACE',''
  ) );
#7121 = PCURVE('',#1540,#7122);
#7122 = DEFINITIONAL_REPRESENTATION('',(#7123),#7126);
#7123 = B_SPLINE_CURVE_WITH_KNOTS('',1,(#7124,#7125),.UNSPECIFIED.,.F.,
  .F.,(2,2),(0.,183.17673848557),.PIECEWISE_BEZIER_KNOTS.);
#7124 = CARTESIAN_POINT('',(6.28318530718,0.));
#7125 = CARTESIAN_POINT('',(6.28318530718,183.17673848557));
#7126 = ( GEOMETRIC_REPRESENTATION_CONTEXT(2) 
PARAMETRIC_REPRESENTATION_CONTEXT() REPRESENTATION_CONTEXT('2D SPACE',''
  ) );
#7127 = ORIENTED_EDGE('',*,*,#1523,.T.);
#7128 = ORIENTED_EDGE('',*,*,#7108,.F.);
#7129 = ADVANCED_FACE('',(#7130),#1857,.F.);
#7130 = FACE_BOUND('',#7131,.F.);
#7131 = EDGE_LOOP('',(#7132,#7153,#7154,#7468,#7612));
#7132 = ORIENTED_EDGE('',*,*,#7133,.F.);
#7133 = EDGE_CURVE('',#4368,#1584,#7134,.T.);
#7134 = SURFACE_CURVE('',#7135,(#7140,#7147),.PCURVE_S1.);
#7135 = CIRCLE('',#7136,13.782149500641);
#7136 = AXIS2_PLACEMENT_3D('',#7137,#7138,#7139);
#7137 = CARTESIAN_POINT('',(33.725253865057,202.,247.65102006289));
#7138 = DIRECTION('',(9.07710413995E-02,2.595256685802E-15,
    -0.995871787954));
#7139 = DIRECTION('',(-0.995871787954,2.030122102172E-15,
    -9.07710413995E-02));
#7140 = PCURVE('',#1857,#7141);
#7141 = DEFINITIONAL_REPRESENTATION('',(#7142),#7146);
#7142 = LINE('',#7143,#7144);
#7143 = CARTESIAN_POINT('',(0.,10.904678132173));
#7144 = VECTOR('',#7145,1.);
#7145 = DIRECTION('',(1.,0.));
#7146 = ( GEOMETRIC_REPRESENTATION_CONTEXT(2) 
PARAMETRIC_REPRESENTATION_CONTEXT() REPRESENTATION_CONTEXT('2D SPACE',''
  ) );
#7147 = PCURVE('',#2402,#7148);
#7148 = DEFINITIONAL_REPRESENTATION('',(#7149),#7152);
#7149 = B_SPLINE_CURVE_WITH_KNOTS('',1,(#7150,#7151),.UNSPECIFIED.,.F.,
  .F.,(2,2),(0.,1.570796326795),.PIECEWISE_BEZIER_KNOTS.);
#7150 = CARTESIAN_POINT('',(0.,4.621492824993));
#7151 = CARTESIAN_POINT('',(1.570796326795,4.621492824993));
#7152 = ( GEOMETRIC_REPRESENTATION_CONTEXT(2) 
PARAMETRIC_REPRESENTATION_CONTEXT() REPRESENTATION_CONTEXT('2D SPACE',''
  ) );
#7153 = ORIENTED_EDGE('',*,*,#4719,.F.);
#7154 = ORIENTED_EDGE('',*,*,#7155,.T.);
#7155 = EDGE_CURVE('',#4720,#7156,#7158,.T.);
#7156 = VERTEX_POINT('',#7157);
#7157 = CARTESIAN_POINT('',(18.637876234444,207.71777066333,
    244.31681435678));
#7158 = SURFACE_CURVE('',#7159,(#7260,#7364),.PCURVE_S1.);
#7159 = B_SPLINE_CURVE_WITH_KNOTS('',8,(#7160,#7161,#7162,#7163,#7164,
    #7165,#7166,#7167,#7168,#7169,#7170,#7171,#7172,#7173,#7174,#7175,
    #7176,#7177,#7178,#7179,#7180,#7181,#7182,#7183,#7184,#7185,#7186,
    #7187,#7188,#7189,#7190,#7191,#7192,#7193,#7194,#7195,#7196,#7197,
    #7198,#7199,#7200,#7201,#7202,#7203,#7204,#7205,#7206,#7207,#7208,
    #7209,#7210,#7211,#7212,#7213,#7214,#7215,#7216,#7217,#7218,#7219,
    #7220,#7221,#7222,#7223,#7224,#7225,#7226,#7227,#7228,#7229,#7230,
    #7231,#7232,#7233,#7234,#7235,#7236,#7237,#7238,#7239,#7240,#7241,
    #7242,#7243,#7244,#7245,#7246,#7247,#7248,#7249,#7250,#7251,#7252,
    #7253,#7254,#7255,#7256,#7257,#7258,#7259),.UNSPECIFIED.,.F.,.F.,(9,
    7,7,7,7,7,7,7,7,7,7,7,7,7,9),(0.,2.016530260484E-02,0.200572241618,
    0.288059524122,0.376854913935,0.446194375599,0.478435388062,
    0.501936908648,0.521782253104,0.537861807317,0.559555567816,
    0.623538659424,0.763690362891,0.884272437908,1.),.UNSPECIFIED.);
#7160 = CARTESIAN_POINT('',(17.64167170836,202.99736982993,
    244.23602697429));
#7161 = CARTESIAN_POINT('',(17.643709716541,203.03184566954,
    244.23561297931));
#7162 = CARTESIAN_POINT('',(17.645828753067,203.06631823314,
    244.23518532647));
#7163 = CARTESIAN_POINT('',(17.648028878492,203.10078737064,
    244.23474439081));
#7164 = CARTESIAN_POINT('',(17.650310155809,203.13525293205,
    244.23429056814));
#7165 = CARTESIAN_POINT('',(17.652672650447,203.1697147675,
    244.23382427505));
#7166 = CARTESIAN_POINT('',(17.655116430274,203.20417272727,
    244.23334594891));
#7167 = CARTESIAN_POINT('',(17.657641565595,203.23862666172,
    244.23285604786));
#7168 = CARTESIAN_POINT('',(17.683567499154,203.58127788049,
    244.22787292926));
#7169 = CARTESIAN_POINT('',(17.713403377562,203.8891346596,
    244.22250272823));
#7170 = CARTESIAN_POINT('',(17.749808142648,204.19655269887,
    244.2165881086));
#7171 = CARTESIAN_POINT('',(17.792847797244,204.50342969082,
    244.21060294412));
#7172 = CARTESIAN_POINT('',(17.842594923297,204.80965509153,
    244.20515999483));
#7173 = CARTESIAN_POINT('',(17.899112923418,205.11511096407,
    244.20100406788));
#7174 = CARTESIAN_POINT('',(17.962452630747,205.41967125156,
    244.19902136668));
#7175 = CARTESIAN_POINT('',(18.06673986615,205.87039013855,
    244.20091520879));
#7176 = CARTESIAN_POINT('',(18.102416387291,206.01733405923,
    244.20229997631));
#7177 = CARTESIAN_POINT('',(18.139719485529,206.16401338453,
    244.20457446452));
#7178 = CARTESIAN_POINT('',(18.178657181786,206.31040776193,
    244.20787408944));
#7179 = CARTESIAN_POINT('',(18.219237886778,206.45649192325,
    244.21234655997));
#7180 = CARTESIAN_POINT('',(18.261471674001,206.60223528577,
    244.21815497383));
#7181 = CARTESIAN_POINT('',(18.305372903191,206.74760117234,
    244.22548369969));
#7182 = CARTESIAN_POINT('',(18.397237165008,207.03965733414,
    244.24374590631));
#7183 = CARTESIAN_POINT('',(18.445243645899,207.18631138389,
    244.25473004356));
#7184 = CARTESIAN_POINT('',(18.49501343005,207.33248199831,
    244.26772554638));
#7185 = CARTESIAN_POINT('',(18.546578351104,207.47811526395,
    244.28298671891));
#7186 = CARTESIAN_POINT('',(18.599980491215,207.62312377328,
    244.30081887482));
#7187 = CARTESIAN_POINT('',(18.655272783571,207.76738611594,
    244.32158212765));
#7188 = CARTESIAN_POINT('',(18.71253380876,207.9107391576,244.345727703)
  );
#7189 = CARTESIAN_POINT('',(18.818291581466,208.16400288991,
    244.39593206242));
#7190 = CARTESIAN_POINT('',(18.865894296192,208.27420103305,
    244.42038227159));
#7191 = CARTESIAN_POINT('',(18.914851337969,208.38358311804,
    244.44759498143));
#7192 = CARTESIAN_POINT('',(18.965289137283,208.49202864994,
    244.477998956));
#7193 = CARTESIAN_POINT('',(19.017302893053,208.59930354477,
    244.51204611056));
#7194 = CARTESIAN_POINT('',(19.071061208933,208.70492816253,
    244.55049296944));
#7195 = CARTESIAN_POINT('',(19.12669435615,208.80830715151,
    244.59411694742));
#7196 = CARTESIAN_POINT('',(19.211748837943,208.95470674124,
    244.6684781006));
#7197 = CARTESIAN_POINT('',(19.239195393069,209.00030078414,
    244.69355851959));
#7198 = CARTESIAN_POINT('',(19.267196858193,209.04500204426,
    244.7203465403));
#7199 = CARTESIAN_POINT('',(19.295826438973,209.08864882402,
    244.74909760602));
#7200 = CARTESIAN_POINT('',(19.325122823497,209.13095346159,
    244.78007847778));
#7201 = CARTESIAN_POINT('',(19.355110792516,209.17144238103,
    244.81363389198));
#7202 = CARTESIAN_POINT('',(19.385787154679,209.20950112283,
    244.85013274681));
#7203 = CARTESIAN_POINT('',(19.440145357153,209.2693568889,
    244.91955415082));
#7204 = CARTESIAN_POINT('',(19.463482259512,209.29277895914,
    244.95078125722));
#7205 = CARTESIAN_POINT('',(19.487229019085,209.31395344448,
    244.98419530959));
#7206 = CARTESIAN_POINT('',(19.511241908047,209.33216054611,
    245.01991457982));
#7207 = CARTESIAN_POINT('',(19.535253399533,209.34651121305,
    245.0579030205));
#7208 = CARTESIAN_POINT('',(19.558888083057,209.35599453291,
    245.09793417538));
#7209 = CARTESIAN_POINT('',(19.581679946376,209.35971827824,
    245.13947440471));
#7210 = CARTESIAN_POINT('',(19.621164148655,209.35582041298,
    245.21679711103));
#7211 = CARTESIAN_POINT('',(19.638151238117,209.3498843357,
    245.25226910092));
#7212 = CARTESIAN_POINT('',(19.653710506015,209.33983894082,
    245.2870667524));
#7213 = CARTESIAN_POINT('',(19.667775906687,209.32616240088,
    245.32073081982));
#7214 = CARTESIAN_POINT('',(19.680403074171,209.30946890334,
    245.35299083912));
#7215 = CARTESIAN_POINT('',(19.69170011822,209.29036141977,
    245.38371283985));
#7216 = CARTESIAN_POINT('',(19.701801542671,209.26936527572,
    245.41287264806));
#7217 = CARTESIAN_POINT('',(19.718176638654,209.22864445929,
    245.46294776735));
#7218 = CARTESIAN_POINT('',(19.724827401885,209.20939887877,
    245.48442164749));
#7219 = CARTESIAN_POINT('',(19.730881065657,209.18930539368,
    245.50501978205));
#7220 = CARTESIAN_POINT('',(19.736405247833,209.16850470221,
    245.52479866166));
#7221 = CARTESIAN_POINT('',(19.741457610898,209.14711060337,
    245.54381180487));
#7222 = CARTESIAN_POINT('',(19.746088502531,209.1252124994,
    245.56211223604));
#7223 = CARTESIAN_POINT('',(19.75034237594,209.10287647148,
    245.57975350593));
#7224 = CARTESIAN_POINT('',(19.759540747832,209.04947662541,
    245.61977306789));
#7225 = CARTESIAN_POINT('',(19.764203887902,209.01811229093,
    245.64163716398));
#7226 = CARTESIAN_POINT('',(19.768340955563,208.98617630811,
    245.66250224814));
#7227 = CARTESIAN_POINT('',(19.772022951714,208.95376541765,
    245.68246137897));
#7228 = CARTESIAN_POINT('',(19.77530622101,208.92095496124,
    245.70159098449));
#7229 = CARTESIAN_POINT('',(19.778237707498,208.88780292518,
    245.71995806148));
#7230 = CARTESIAN_POINT('',(19.780857577605,208.8543517845,
    245.73762355867));
#7231 = CARTESIAN_POINT('',(19.79010557005,208.72116440787,
    245.80483558782));
#7232 = CARTESIAN_POINT('',(19.794582701542,208.61947528046,
    245.84932906303));
#7233 = CARTESIAN_POINT('',(19.797501183294,208.51630540521,
    245.88953246396));
#7234 = CARTESIAN_POINT('',(19.799244468506,208.41207085881,
    245.92608545948));
#7235 = CARTESIAN_POINT('',(19.800135505677,208.3070871683,
    245.9595567696));
#7236 = CARTESIAN_POINT('',(19.800365375861,208.20152379303,
    245.99031971661));
#7237 = CARTESIAN_POINT('',(19.800094824703,208.09546241441,
    246.01871126631));
#7238 = CARTESIAN_POINT('',(19.797997444332,207.75542199276,
    246.10258168835));
#7239 = CARTESIAN_POINT('',(19.794706891628,207.52003277361,
    246.14993608657));
#7240 = CARTESIAN_POINT('',(19.790794238796,207.28341271533,
    246.18976276536));
#7241 = CARTESIAN_POINT('',(19.786680661182,207.04596243533,
    246.22328341852));
#7242 = CARTESIAN_POINT('',(19.782708146143,206.80798028746,
    246.25160665782));
#7243 = CARTESIAN_POINT('',(19.779003141668,206.56961684584,
    246.2754603466));
#7244 = CARTESIAN_POINT('',(19.775658234848,206.33092914074,
    246.29551408333));
#7245 = CARTESIAN_POINT('',(19.770154464918,205.88617979372,
    246.32675432077));
#7246 = CARTESIAN_POINT('',(19.767896740097,205.68030517268,
    246.33878259726));
#7247 = CARTESIAN_POINT('',(19.76594583741,205.4742800711,
    246.34873637037));
#7248 = CARTESIAN_POINT('',(19.764295057332,205.26813639701,
    246.3569089783));
#7249 = CARTESIAN_POINT('',(19.762922444524,205.0618987955,
    246.36355833858));
#7250 = CARTESIAN_POINT('',(19.761798524675,204.85558519765,
    246.36891683107));
#7251 = CARTESIAN_POINT('',(19.760891127092,204.64920707413,
    246.37319486738));
#7252 = CARTESIAN_POINT('',(19.759472599809,204.24464268591,
    246.37982521848));
#7253 = CARTESIAN_POINT('',(19.758947224126,204.0464654331,
    246.38224832884));
#7254 = CARTESIAN_POINT('',(19.75856170419,203.84824505949,
    246.38401182674));
#7255 = CARTESIAN_POINT('',(19.75828749973,203.64998824079,
    246.38526154672));
#7256 = CARTESIAN_POINT('',(19.75809815573,203.45170094151,
    246.38612388808));
#7257 = CARTESIAN_POINT('',(19.75797046616,203.25338845255,
    246.38670489412));
#7258 = CARTESIAN_POINT('',(19.757885637713,203.05505542884,
    246.3870893314));
#7259 = CARTESIAN_POINT('',(19.757830453529,202.85670592691,
    246.38733976899));
#7260 = PCURVE('',#1857,#7261);
#7261 = DEFINITIONAL_REPRESENTATION('',(#7262),#7363);
#7262 = B_SPLINE_CURVE_WITH_KNOTS('',8,(#7263,#7264,#7265,#7266,#7267,
    #7268,#7269,#7270,#7271,#7272,#7273,#7274,#7275,#7276,#7277,#7278,
    #7279,#7280,#7281,#7282,#7283,#7284,#7285,#7286,#7287,#7288,#7289,
    #7290,#7291,#7292,#7293,#7294,#7295,#7296,#7297,#7298,#7299,#7300,
    #7301,#7302,#7303,#7304,#7305,#7306,#7307,#7308,#7309,#7310,#7311,
    #7312,#7313,#7314,#7315,#7316,#7317,#7318,#7319,#7320,#7321,#7322,
    #7323,#7324,#7325,#7326,#7327,#7328,#7329,#7330,#7331,#7332,#7333,
    #7334,#7335,#7336,#7337,#7338,#7339,#7340,#7341,#7342,#7343,#7344,
    #7345,#7346,#7347,#7348,#7349,#7350,#7351,#7352,#7353,#7354,#7355,
    #7356,#7357,#7358,#7359,#7360,#7361,#7362),.UNSPECIFIED.,.F.,.F.,(9,
    7,7,7,7,7,7,7,7,7,7,7,7,7,9),(0.,2.016530260484E-02,0.200572241618,
    0.288059524122,0.376854913935,0.446194375599,0.478435388062,
    0.501936908648,0.521782253104,0.537861807317,0.559555567816,
    0.623538659424,0.763690362891,0.884272437908,1.),.UNSPECIFIED.);
#7263 = CARTESIAN_POINT('',(6.101070347513E-02,6.094941974258));
#7264 = CARTESIAN_POINT('',(6.312184128216E-02,6.095195315518));
#7265 = CARTESIAN_POINT('',(6.523304179322E-02,6.095457531718));
#7266 = CARTESIAN_POINT('',(6.734430855676E-02,6.095728465058));
#7267 = CARTESIAN_POINT('',(6.945564523616E-02,6.096007949055));
#7268 = CARTESIAN_POINT('',(7.156705560975E-02,6.096295808538));
#7269 = CARTESIAN_POINT('',(7.367854357082E-02,6.096591859649));
#7270 = CARTESIAN_POINT('',(7.579011312759E-02,6.096895909845));
#7271 = CARTESIAN_POINT('',(9.679348909765E-02,6.099997676496));
#7272 = CARTESIAN_POINT('',(0.11569142234,6.103411679758));
#7273 = CARTESIAN_POINT('',(0.134599337414,6.107305405799));
#7274 = CARTESIAN_POINT('',(0.153521190885,6.111480161985));
#7275 = CARTESIAN_POINT('',(0.172461558885,6.115679819341));
#7276 = CARTESIAN_POINT('',(0.1914255533,6.119593945799));
#7277 = CARTESIAN_POINT('',(0.210418754802,6.122853778831));
#7278 = CARTESIAN_POINT('',(0.238675668449,6.126052139339));
#7279 = CARTESIAN_POINT('',(0.247911680441,6.126836458605));
#7280 = CARTESIAN_POINT('',(0.257156494294,6.127309205867));
#7281 = CARTESIAN_POINT('',(0.266410681627,6.127413936502));
#7282 = CARTESIAN_POINT('',(0.27567461858,6.127089018085));
#7283 = CARTESIAN_POINT('',(0.284948508316,6.12626628662));
#7284 = CARTESIAN_POINT('',(0.294232430446,6.124868492136));
#7285 = CARTESIAN_POINT('',(0.31295936776,6.120711729837));
#7286 = CARTESIAN_POINT('',(0.322401175165,6.117933118564));
#7287 = CARTESIAN_POINT('',(0.331853174214,6.114374794125));
#7288 = CARTESIAN_POINT('',(0.341315307491,6.109929650439));
#7289 = CARTESIAN_POINT('',(0.350786172479,6.104468045498));
#7290 = CARTESIAN_POINT('',(0.360263052751,6.097836233222));
#7291 = CARTESIAN_POINT('',(0.369742076763,6.089840048135));
#7292 = CARTESIAN_POINT('',(0.386618810217,6.072654955422));
#7293 = CARTESIAN_POINT('',(0.394006978271,6.064121463987));
#7294 = CARTESIAN_POINT('',(0.401390502877,6.054450128597));
#7295 = CARTESIAN_POINT('',(0.408768519945,6.043452475481));
#7296 = CARTESIAN_POINT('',(0.416133349879,6.030928974783));
#7297 = CARTESIAN_POINT('',(0.423467166849,6.016534483065));
#7298 = CARTESIAN_POINT('',(0.430745261478,5.99991277567));
#7299 = CARTESIAN_POINT('',(0.441264561937,5.970954204228));
#7300 = CARTESIAN_POINT('',(0.444573094659,5.961107740783));
#7301 = CARTESIAN_POINT('',(0.447854071996,5.950502073504));
#7302 = CARTESIAN_POINT('',(0.451101742985,5.939016532919));
#7303 = CARTESIAN_POINT('',(0.45430264826,5.926520719129));
#7304 = CARTESIAN_POINT('',(0.457433057349,5.912839608684));
#7305 = CARTESIAN_POINT('',(0.460460902472,5.897779316065));
#7306 = CARTESIAN_POINT('',(0.465430871278,5.868709064094));
#7307 = CARTESIAN_POINT('',(0.467445962713,5.855513782002));
#7308 = CARTESIAN_POINT('',(0.469357596109,5.841254142442));
#7309 = CARTESIAN_POINT('',(0.47112276924,5.825839190369));
#7310 = CARTESIAN_POINT('',(0.472685274247,5.809236797925));
#7311 = CARTESIAN_POINT('',(0.473978034021,5.791485569459));
#7312 = CARTESIAN_POINT('',(0.474936047764,5.772758020945));
#7313 = CARTESIAN_POINT('',(0.476040488539,5.737309637122));
#7314 = CARTESIAN_POINT('',(0.476287153136,5.720822012147));
#7315 = CARTESIAN_POINT('',(0.476264509432,5.704403469708));
#7316 = CARTESIAN_POINT('',(0.475994465862,5.688274599775));
#7317 = CARTESIAN_POINT('',(0.47551065867,5.672583187184));
#7318 = CARTESIAN_POINT('',(0.474848380888,5.657419835925));
#7319 = CARTESIAN_POINT('',(0.47404001381,5.642823850315));
#7320 = CARTESIAN_POINT('',(0.472358314912,5.617415743721));
#7321 = CARTESIAN_POINT('',(0.471524949838,5.606388807571));
#7322 = CARTESIAN_POINT('',(0.470622721544,5.595687818599));
#7323 = CARTESIAN_POINT('',(0.469661377395,5.585295306702));
#7324 = CARTESIAN_POINT('',(0.468648934656,5.575193978));
#7325 = CARTESIAN_POINT('',(0.467591879756,5.565365508712));
#7326 = CARTESIAN_POINT('',(0.466495250697,5.555789967371));
#7327 = CARTESIAN_POINT('',(0.463834488335,5.533839252711));
#7328 = CARTESIAN_POINT('',(0.462242008497,5.521663559626));
#7329 = CARTESIAN_POINT('',(0.460594977316,5.509872525145));
#7330 = CARTESIAN_POINT('',(0.458901007768,5.49843102947));
#7331 = CARTESIAN_POINT('',(0.457166092498,5.487310302853));
#7332 = CARTESIAN_POINT('',(0.455394979504,5.476484770873));
#7333 = CARTESIAN_POINT('',(0.453591342595,5.465930536104));
#7334 = CARTESIAN_POINT('',(0.446349779696,5.425232042038));
#7335 = CARTESIAN_POINT('',(0.440689125039,5.397049615924));
#7336 = CARTESIAN_POINT('',(0.434845785363,5.37051102376));
#7337 = CARTESIAN_POINT('',(0.428856076552,5.345377245557));
#7338 = CARTESIAN_POINT('',(0.422748993911,5.321433149631));
#7339 = CARTESIAN_POINT('',(0.416541083853,5.298540554511));
#7340 = CARTESIAN_POINT('',(0.410242747848,5.276569299182));
#7341 = CARTESIAN_POINT('',(0.389867996792,5.209065272775));
#7342 = CARTESIAN_POINT('',(0.375491743106,5.166730611212));
#7343 = CARTESIAN_POINT('',(0.360813048448,5.127404906218));
#7344 = CARTESIAN_POINT('',(0.345874250824,5.090722229814));
#7345 = CARTESIAN_POINT('',(0.330710478485,5.056360468769));
#7346 = CARTESIAN_POINT('',(0.315341988084,5.024158643902));
#7347 = CARTESIAN_POINT('',(0.299782980548,4.993977060855));
#7348 = CARTESIAN_POINT('',(0.2704935824,4.941426732748));
#7349 = CARTESIAN_POINT('',(0.256817085506,4.918565654169));
#7350 = CARTESIAN_POINT('',(0.243018323996,4.897096765164));
#7351 = CARTESIAN_POINT('',(0.229105310729,4.876994292193));
#7352 = CARTESIAN_POINT('',(0.215085775726,4.858248000314));
#7353 = CARTESIAN_POINT('',(0.200967419863,4.840857070904));
#7354 = CARTESIAN_POINT('',(0.186758012571,4.824826332751));
#7355 = CARTESIAN_POINT('',(0.158748063357,4.796093616945));
#7356 = CARTESIAN_POINT('',(0.144954400352,4.783283734923));
#7357 = CARTESIAN_POINT('',(0.131091420132,4.771743524182));
#7358 = CARTESIAN_POINT('',(0.117166617302,4.761483826262));
#7359 = CARTESIAN_POINT('',(0.103187851288,4.752516629617));
#7360 = CARTESIAN_POINT('',(8.916329218686E-02,4.744853698718));
#7361 = CARTESIAN_POINT('',(7.510136659925E-02,4.738505203158));
#7362 = CARTESIAN_POINT('',(6.101070347513E-02,4.733478346755));
#7363 = ( GEOMETRIC_REPRESENTATION_CONTEXT(2) 
PARAMETRIC_REPRESENTATION_CONTEXT() REPRESENTATION_CONTEXT('2D SPACE',''
  ) );
#7364 = PCURVE('',#2052,#7365);
#7365 = DEFINITIONAL_REPRESENTATION('',(#7366),#7467);
#7366 = B_SPLINE_CURVE_WITH_KNOTS('',8,(#7367,#7368,#7369,#7370,#7371,
    #7372,#7373,#7374,#7375,#7376,#7377,#7378,#7379,#7380,#7381,#7382,
    #7383,#7384,#7385,#7386,#7387,#7388,#7389,#7390,#7391,#7392,#7393,
    #7394,#7395,#7396,#7397,#7398,#7399,#7400,#7401,#7402,#7403,#7404,
    #7405,#7406,#7407,#7408,#7409,#7410,#7411,#7412,#7413,#7414,#7415,
    #7416,#7417,#7418,#7419,#7420,#7421,#7422,#7423,#7424,#7425,#7426,
    #7427,#7428,#7429,#7430,#7431,#7432,#7433,#7434,#7435,#7436,#7437,
    #7438,#7439,#7440,#7441,#7442,#7443,#7444,#7445,#7446,#7447,#7448,
    #7449,#7450,#7451,#7452,#7453,#7454,#7455,#7456,#7457,#7458,#7459,
    #7460,#7461,#7462,#7463,#7464,#7465,#7466),.UNSPECIFIED.,.F.,.F.,(9,
    7,7,7,7,7,7,7,7,7,7,7,7,7,9),(0.,2.016530260484E-02,0.200572241618,
    0.288059524122,0.376854913935,0.446194375599,0.478435388062,
    0.501936908648,0.521782253104,0.537861807317,0.559555567816,
    0.623538659424,0.763690362891,0.884272437908,1.),.UNSPECIFIED.);
#7367 = CARTESIAN_POINT('',(3.342002788031,146.99736982993));
#7368 = CARTESIAN_POINT('',(3.340847436928,147.03184566954));
#7369 = CARTESIAN_POINT('',(3.339646460426,147.06631823314));
#7370 = CARTESIAN_POINT('',(3.338399864979,147.10078737064));
#7371 = CARTESIAN_POINT('',(3.337107656943,147.13525293205));
#7372 = CARTESIAN_POINT('',(3.335769842579,147.1697147675));
#7373 = CARTESIAN_POINT('',(3.334386428045,147.20417272727));
#7374 = CARTESIAN_POINT('',(3.332957419404,147.23862666172));
#7375 = CARTESIAN_POINT('',(3.318290484411,147.58127788049));
#7376 = CARTESIAN_POINT('',(3.301449861884,147.8891346596));
#7377 = CARTESIAN_POINT('',(3.280964627092,148.19655269887));
#7378 = CARTESIAN_POINT('',(3.256837569501,148.50342969082));
#7379 = CARTESIAN_POINT('',(3.229062832992,148.80965509153));
#7380 = CARTESIAN_POINT('',(3.197620712199,149.11511096407));
#7381 = CARTESIAN_POINT('',(3.162457738309,149.41967125156));
#7382 = CARTESIAN_POINT('',(3.104510832784,149.87039013855));
#7383 = CARTESIAN_POINT('',(3.084679820037,150.01733405923));
#7384 = CARTESIAN_POINT('',(3.063926076952,150.16401338453));
#7385 = CARTESIAN_POINT('',(3.04222914548,150.31040776193));
#7386 = CARTESIAN_POINT('',(3.019563225852,150.45649192325));
#7387 = CARTESIAN_POINT('',(2.99589496943,150.60223528577));
#7388 = CARTESIAN_POINT('',(2.971179617329,150.74760117234));
#7389 = CARTESIAN_POINT('',(2.919145230581,151.03965733414));
#7390 = CARTESIAN_POINT('',(2.89179706928,151.18631138389));
#7391 = CARTESIAN_POINT('',(2.863242510089,151.33248199831));
#7392 = CARTESIAN_POINT('',(2.833400046864,151.47811526395));
#7393 = CARTESIAN_POINT('',(2.802161812465,151.62312377328));
#7394 = CARTESIAN_POINT('',(2.769391090597,151.76738611594));
#7395 = CARTESIAN_POINT('',(2.734900452431,151.9107391576));
#7396 = CARTESIAN_POINT('',(2.669862039771,152.16400288991));
#7397 = CARTESIAN_POINT('',(2.640146020426,152.27420103305));
#7398 = CARTESIAN_POINT('',(2.609057668957,152.38358311804));
#7399 = CARTESIAN_POINT('',(2.576379930997,152.49202864994));
#7400 = CARTESIAN_POINT('',(2.541898782114,152.59930354477));
#7401 = CARTESIAN_POINT('',(2.505236584992,152.70492816253));
#7402 = CARTESIAN_POINT('',(2.466016298548,152.80830715151));
#7403 = CARTESIAN_POINT('',(2.403251191726,152.95470674124));
#7404 = CARTESIAN_POINT('',(2.382600689194,153.00030078414));
#7405 = CARTESIAN_POINT('',(2.361081739372,153.04500204426));
#7406 = CARTESIAN_POINT('',(2.33855414828,153.08864882402));
#7407 = CARTESIAN_POINT('',(2.314883375126,153.13095346159));
#7408 = CARTESIAN_POINT('',(2.289900104735,153.17144238103));
#7409 = CARTESIAN_POINT('',(2.263428123899,153.20950112283));
#7410 = CARTESIAN_POINT('',(2.21444417115,153.2693568889));
#7411 = CARTESIAN_POINT('',(2.192791916117,153.29277895914));
#7412 = CARTESIAN_POINT('',(2.170029409891,153.31395344448));
#7413 = CARTESIAN_POINT('',(2.14613475467,153.33216054611));
#7414 = CARTESIAN_POINT('',(2.121189159756,153.34651121305));
#7415 = CARTESIAN_POINT('',(2.09538378043,153.35599453291));
#7416 = CARTESIAN_POINT('',(2.06907204096,153.35971827824));
#7417 = CARTESIAN_POINT('',(2.020838417297,153.35582041298));
#7418 = CARTESIAN_POINT('',(1.998995722163,153.3498843357));
#7419 = CARTESIAN_POINT('',(1.977830936297,153.33983894082));
#7420 = CARTESIAN_POINT('',(1.957573306543,153.32616240088));
#7421 = CARTESIAN_POINT('',(1.938335641784,153.30946890334));
#7422 = CARTESIAN_POINT('',(1.92015614397,153.29036141977));
#7423 = CARTESIAN_POINT('',(1.903014342281,153.26936527572));
#7424 = CARTESIAN_POINT('',(1.873745150305,153.22864445929));
#7425 = CARTESIAN_POINT('',(1.86125767733,153.20939887877));
#7426 = CARTESIAN_POINT('',(1.84933232271,153.18930539368));
#7427 = CARTESIAN_POINT('',(1.837925472131,153.16850470221));
#7428 = CARTESIAN_POINT('',(1.826997648485,153.14711060337));
#7429 = CARTESIAN_POINT('',(1.816511415077,153.1252124994));
#7430 = CARTESIAN_POINT('',(1.806430378811,153.10287647148));
#7431 = CARTESIAN_POINT('',(1.783617564397,153.04947662541));
#7432 = CARTESIAN_POINT('',(1.771199195261,153.01811229093));
#7433 = CARTESIAN_POINT('',(1.759383797134,152.98617630811));
#7434 = CARTESIAN_POINT('',(1.748110157684,152.95376541765));
#7435 = CARTESIAN_POINT('',(1.737328738761,152.92095496124));
#7436 = CARTESIAN_POINT('',(1.72699674749,152.88780292518));
#7437 = CARTESIAN_POINT('',(1.717075780795,152.8543517845));
#7438 = CARTESIAN_POINT('',(1.679383957722,152.72116440787));
#7439 = CARTESIAN_POINT('',(1.654556999908,152.61947528046));
#7440 = CARTESIAN_POINT('',(1.632175486114,152.51630540521));
#7441 = CARTESIAN_POINT('',(1.611856662875,152.41207085881));
#7442 = CARTESIAN_POINT('',(1.593261602861,152.3070871683));
#7443 = CARTESIAN_POINT('',(1.576175092215,152.20152379303));
#7444 = CARTESIAN_POINT('',(1.560403139944,152.09546241441));
#7445 = CARTESIAN_POINT('',(1.513793893861,151.75542199276));
#7446 = CARTESIAN_POINT('',(1.487448307669,151.52003277361));
#7447 = CARTESIAN_POINT('',(1.465225737813,151.28341271533));
#7448 = CARTESIAN_POINT('',(1.446473435295,151.04596243533));
#7449 = CARTESIAN_POINT('',(1.430586381542,150.80798028746));
#7450 = CARTESIAN_POINT('',(1.41717750781,150.56961684584));
#7451 = CARTESIAN_POINT('',(1.405882988504,150.33092914074));
#7452 = CARTESIAN_POINT('',(1.388260017395,149.88617979372));
#7453 = CARTESIAN_POINT('',(1.381461350535,149.68030517268));
#7454 = CARTESIAN_POINT('',(1.375826520995,149.4742800711));
#7455 = CARTESIAN_POINT('',(1.371194554582,149.26813639701));
#7456 = CARTESIAN_POINT('',(1.367422607803,149.0618987955));
#7457 = CARTESIAN_POINT('',(1.364380938141,148.85558519765));
#7458 = CARTESIAN_POINT('',(1.361951366438,148.64920707413));
#7459 = CARTESIAN_POINT('',(1.35818447955,148.24464268591));
#7460 = CARTESIAN_POINT('',(1.356807031709,148.0464654331));
#7461 = CARTESIAN_POINT('',(1.355804176915,147.84824505949));
#7462 = CARTESIAN_POINT('',(1.355093372952,147.64998824079));
#7463 = CARTESIAN_POINT('',(1.354602880007,147.45170094151));
#7464 = CARTESIAN_POINT('',(1.354272394338,147.25338845255));
#7465 = CARTESIAN_POINT('',(1.354053681945,147.05505542884));
#7466 = CARTESIAN_POINT('',(1.353911212236,146.85670592691));
#7467 = ( GEOMETRIC_REPRESENTATION_CONTEXT(2) 
PARAMETRIC_REPRESENTATION_CONTEXT() REPRESENTATION_CONTEXT('2D SPACE',''
  ) );
#7468 = ORIENTED_EDGE('',*,*,#7469,.T.);
#7469 = EDGE_CURVE('',#7156,#1582,#7470,.T.);
#7470 = SURFACE_CURVE('',#7471,(#7516,#7564),.PCURVE_S1.);
#7471 = B_SPLINE_CURVE_WITH_KNOTS('',8,(#7472,#7473,#7474,#7475,#7476,
    #7477,#7478,#7479,#7480,#7481,#7482,#7483,#7484,#7485,#7486,#7487,
    #7488,#7489,#7490,#7491,#7492,#7493,#7494,#7495,#7496,#7497,#7498,
    #7499,#7500,#7501,#7502,#7503,#7504,#7505,#7506,#7507,#7508,#7509,
    #7510,#7511,#7512,#7513,#7514,#7515),.UNSPECIFIED.,.F.,.F.,(9,7,7,7,
    7,7,9),(0.,0.107097422712,0.170869132573,0.250096307269,
    0.406722985549,0.695302061967,1.),.UNSPECIFIED.);
#7472 = CARTESIAN_POINT('',(18.949835702586,205.45442561257,
    245.95253306811));
#7473 = CARTESIAN_POINT('',(18.919783345192,205.42259010499,
    245.9351754197));
#7474 = CARTESIAN_POINT('',(18.885304785582,205.39222873777,
    245.91381629126));
#7475 = CARTESIAN_POINT('',(18.848088743896,205.36845524787,
    245.88858006232));
#7476 = CARTESIAN_POINT('',(18.809727360477,205.35515666995,
    245.85968507946));
#7477 = CARTESIAN_POINT('',(18.771809313365,205.35405732172,
    245.827704499));
#7478 = CARTESIAN_POINT('',(18.735986500644,205.36403841878,
    245.79381142638));
#7479 = CARTESIAN_POINT('',(18.703664315761,205.38181024244,
    245.75998714891));
#7480 = CARTESIAN_POINT('',(18.659683613894,205.41537506818,
    245.71026904925));
#7481 = CARTESIAN_POINT('',(18.644333426981,205.42953443502,
    245.69195412425));
#7482 = CARTESIAN_POINT('',(18.629941699097,205.44498099303,
    245.67388013371));
#7483 = CARTESIAN_POINT('',(18.616424073147,205.4614525367,
    245.65604900275));
#7484 = CARTESIAN_POINT('',(18.603706532838,205.47875033213,
    245.63845742189));
#7485 = CARTESIAN_POINT('',(18.591718845356,205.4967267925,
    245.6210918952));
#7486 = CARTESIAN_POINT('',(18.580392562962,205.51528027672,
    245.6039259066));
#7487 = CARTESIAN_POINT('',(18.556334370165,205.55805710872,
    245.56579082308));
#7488 = CARTESIAN_POINT('',(18.543948547084,205.5825252867,
    245.54494281379));
#7489 = CARTESIAN_POINT('',(18.532400496852,205.60761202127,
    245.52433289605));
#7490 = CARTESIAN_POINT('',(18.521613919471,205.63320799427,
    245.503933559));
#7491 = CARTESIAN_POINT('',(18.511529612437,205.65923146671,
    245.48372446179));
#7492 = CARTESIAN_POINT('',(18.502097734168,205.68562016445,
    245.46368741662));
#7493 = CARTESIAN_POINT('',(18.493274550813,205.71232767596,
    245.44380395406));
#7494 = CARTESIAN_POINT('',(18.468712235197,205.79269495513,
    245.38501407687));
#7495 = CARTESIAN_POINT('',(18.454648362769,205.84715689883,
    245.34652762611));
#7496 = CARTESIAN_POINT('',(18.442553356295,205.902436646,
    245.30847685852));
#7497 = CARTESIAN_POINT('',(18.432260988156,205.95836258874,
    245.27081144457));
#7498 = CARTESIAN_POINT('',(18.423646755571,206.01481177783,
    245.23350400171));
#7499 = CARTESIAN_POINT('',(18.416609114142,206.07169518222,
    245.19653653148));
#7500 = CARTESIAN_POINT('',(18.411070279817,206.12895717277,
    245.15989938595));
#7501 = CARTESIAN_POINT('',(18.39939887642,206.2927051264,
    245.05667098859));
#7502 = CARTESIAN_POINT('',(18.396701857838,206.39995681623,
    244.99088696494));
#7503 = CARTESIAN_POINT('',(18.398463560794,206.50803731562,
    244.92622356644));
#7504 = CARTESIAN_POINT('',(18.404427460348,206.61677950366,
    244.86278729746));
#7505 = CARTESIAN_POINT('',(18.414376711326,206.72606817025,
    244.80071678425));
#7506 = CARTESIAN_POINT('',(18.428108369802,206.83582274625,
    244.74015843852));
#7507 = CARTESIAN_POINT('',(18.445439838398,206.94599685825,
    244.68126456601));
#7508 = CARTESIAN_POINT('',(18.488103633272,207.17330937256,
    244.56390503775));
#7509 = CARTESIAN_POINT('',(18.513824806667,207.29047111874,
    244.50565854346));
#7510 = CARTESIAN_POINT('',(18.54314107831,207.40800104329,
    244.4496196716));
#7511 = CARTESIAN_POINT('',(18.575840464143,207.52586091622,
    244.39596826019));
#7512 = CARTESIAN_POINT('',(18.611709808769,207.64401894419,
    244.34487467127));
#7513 = CARTESIAN_POINT('',(18.650534073779,207.76244645499,
    244.29649446805));
#7514 = CARTESIAN_POINT('',(18.692098708827,207.88111596072,
    244.25096701306));
#7515 = CARTESIAN_POINT('',(18.736195105438,208.0000006,244.20841798716)
  );
#7516 = PCURVE('',#1857,#7517);
#7517 = DEFINITIONAL_REPRESENTATION('',(#7518),#7563);
#7518 = B_SPLINE_CURVE_WITH_KNOTS('',8,(#7519,#7520,#7521,#7522,#7523,
    #7524,#7525,#7526,#7527,#7528,#7529,#7530,#7531,#7532,#7533,#7534,
    #7535,#7536,#7537,#7538,#7539,#7540,#7541,#7542,#7543,#7544,#7545,
    #7546,#7547,#7548,#7549,#7550,#7551,#7552,#7553,#7554,#7555,#7556,
    #7557,#7558,#7559,#7560,#7561,#7562),.UNSPECIFIED.,.F.,.F.,(9,7,7,7,
    7,7,9),(0.,0.107097422712,0.170869132573,0.250096307269,
    0.406722985549,0.695302061967,1.),.UNSPECIFIED.);
#7519 = CARTESIAN_POINT('',(0.228280501365,5.267360475831));
#7520 = CARTESIAN_POINT('',(0.225781975235,5.278872449629));
#7521 = CARTESIAN_POINT('',(0.223315574201,5.292973655458));
#7522 = CARTESIAN_POINT('',(0.221235776534,5.309496702071));
#7523 = CARTESIAN_POINT('',(0.219813561713,5.328160181577));
#7524 = CARTESIAN_POINT('',(0.219175367554,5.348403047969));
#7525 = CARTESIAN_POINT('',(0.219263482775,5.369346009038));
#7526 = CARTESIAN_POINT('',(0.21988701929,5.3898015217));
#7527 = CARTESIAN_POINT('',(0.221313789288,5.41938566029));
#7528 = CARTESIAN_POINT('',(0.22196243821,5.430167178947));
#7529 = CARTESIAN_POINT('',(0.222703571181,5.440698255808));
#7530 = CARTESIAN_POINT('',(0.223519273345,5.450986970721));
#7531 = CARTESIAN_POINT('',(0.224395903328,5.461043900341));
#7532 = CARTESIAN_POINT('',(0.225323149235,5.470884645939));
#7533 = CARTESIAN_POINT('',(0.226293618648,5.480531052056));
#7534 = CARTESIAN_POINT('',(0.228556927304,5.501788731549));
#7535 = CARTESIAN_POINT('',(0.229868788486,5.513290387578));
#7536 = CARTESIAN_POINT('',(0.231227634921,5.524550994654));
#7537 = CARTESIAN_POINT('',(0.232625568657,5.53559502888));
#7538 = CARTESIAN_POINT('',(0.234056702902,5.546441514955));
#7539 = CARTESIAN_POINT('',(0.235516516609,5.557107272781));
#7540 = CARTESIAN_POINT('',(0.237001565796,5.56760842761));
#7541 = CARTESIAN_POINT('',(0.241490735842,5.59842489403));
#7542 = CARTESIAN_POINT('',(0.244559376516,5.618291418681));
#7543 = CARTESIAN_POINT('',(0.247695073367,5.637665467981));
#7544 = CARTESIAN_POINT('',(0.250885548358,5.656605145811));
#7545 = CARTESIAN_POINT('',(0.25412219027,5.675151745057));
#7546 = CARTESIAN_POINT('',(0.257398817096,5.693338534814));
#7547 = CARTESIAN_POINT('',(0.26071163625,5.711191160398));
#7548 = CARTESIAN_POINT('',(0.270224643766,5.761054002567));
#7549 = CARTESIAN_POINT('',(0.276502464632,5.792301598161));
#7550 = CARTESIAN_POINT('',(0.282873235285,5.822598319701));
#7551 = CARTESIAN_POINT('',(0.289327701145,5.851987013161));
#7552 = CARTESIAN_POINT('',(0.295860233831,5.880483967958));
#7553 = CARTESIAN_POINT('',(0.302467285317,5.908093036034));
#7554 = CARTESIAN_POINT('',(0.309147386588,5.934805288034));
#7555 = CARTESIAN_POINT('',(0.323029893944,5.98785292957));
#7556 = CARTESIAN_POINT('',(0.33023929662,6.014078701379));
#7557 = CARTESIAN_POINT('',(0.337526494489,6.039266273074));
#7558 = CARTESIAN_POINT('',(0.344890050074,6.06338658701));
#7559 = CARTESIAN_POINT('',(0.352328434979,6.086405738823));
#7560 = CARTESIAN_POINT('',(0.359839773956,6.108288040866));
#7561 = CARTESIAN_POINT('',(0.367421751978,6.128997458341));
#7562 = CARTESIAN_POINT('',(0.375071684319,6.148497418128));
#7563 = ( GEOMETRIC_REPRESENTATION_CONTEXT(2) 
PARAMETRIC_REPRESENTATION_CONTEXT() REPRESENTATION_CONTEXT('2D SPACE',''
  ) );
#7564 = PCURVE('',#2019,#7565);
#7565 = DEFINITIONAL_REPRESENTATION('',(#7566),#7611);
#7566 = B_SPLINE_CURVE_WITH_KNOTS('',8,(#7567,#7568,#7569,#7570,#7571,
    #7572,#7573,#7574,#7575,#7576,#7577,#7578,#7579,#7580,#7581,#7582,
    #7583,#7584,#7585,#7586,#7587,#7588,#7589,#7590,#7591,#7592,#7593,
    #7594,#7595,#7596,#7597,#7598,#7599,#7600,#7601,#7602,#7603,#7604,
    #7605,#7606,#7607,#7608,#7609,#7610),.UNSPECIFIED.,.F.,.F.,(9,7,7,7,
    7,7,9),(0.,0.107097422712,0.170869132573,0.250096307269,
    0.406722985549,0.695302061967,1.),.UNSPECIFIED.);
#7567 = CARTESIAN_POINT('',(5.759414055436,54.454425612571));
#7568 = CARTESIAN_POINT('',(5.727864119376,54.42259010499));
#7569 = CARTESIAN_POINT('',(5.691010274333,54.392228737771));
#7570 = CARTESIAN_POINT('',(5.650191614163,54.368455247874));
#7571 = CARTESIAN_POINT('',(5.606641423848,54.355156669959));
#7572 = CARTESIAN_POINT('',(5.561691538069,54.354057321723));
#7573 = CARTESIAN_POINT('',(5.516954199968,54.36403841878));
#7574 = CARTESIAN_POINT('',(5.474454014072,54.381810242443));
#7575 = CARTESIAN_POINT('',(5.414109332142,54.415375068186));
#7576 = CARTESIAN_POINT('',(5.39239253864,54.429534435026));
#7577 = CARTESIAN_POINT('',(5.37139977407,54.444980993037));
#7578 = CARTESIAN_POINT('',(5.351069183348,54.461452536706));
#7579 = CARTESIAN_POINT('',(5.331345049609,54.47875033213));
#7580 = CARTESIAN_POINT('',(5.312169199085,54.496726792509));
#7581 = CARTESIAN_POINT('',(5.293476813386,54.51528027672));
#7582 = CARTESIAN_POINT('',(5.252486175106,54.558057108726));
#7583 = CARTESIAN_POINT('',(5.230448847499,54.58252528671));
#7584 = CARTESIAN_POINT('',(5.208983187799,54.607612021273));
#7585 = CARTESIAN_POINT('',(5.188017413114,54.633207994275));
#7586 = CARTESIAN_POINT('',(5.167496194395,54.659231466719));
#7587 = CARTESIAN_POINT('',(5.147372011121,54.685620164456));
#7588 = CARTESIAN_POINT('',(5.12760110248,54.712327675962));
#7589 = CARTESIAN_POINT('',(5.069678690653,54.792694955131));
#7590 = CARTESIAN_POINT('',(5.032466503926,54.84715689883));
#7591 = CARTESIAN_POINT('',(4.996223282391,54.902436646006));
#7592 = CARTESIAN_POINT('',(4.960784744019,54.958362588747));
#7593 = CARTESIAN_POINT('',(4.926030313657,55.014811777836));
#7594 = CARTESIAN_POINT('',(4.891861386454,55.071695182229));
#7595 = CARTESIAN_POINT('',(4.858200108262,55.128957172777));
#7596 = CARTESIAN_POINT('',(4.763758190837,55.292705126403));
#7597 = CARTESIAN_POINT('',(4.704057558396,55.399956816232));
#7598 = CARTESIAN_POINT('',(4.645475826998,55.508037315625));
#7599 = CARTESIAN_POINT('',(4.587803236684,55.616779503664));
#7600 = CARTESIAN_POINT('',(4.530893559297,55.726068170251));
#7601 = CARTESIAN_POINT('',(4.474630943776,55.835822746251));
#7602 = CARTESIAN_POINT('',(4.418929936262,55.94599685825));
#7603 = CARTESIAN_POINT('',(4.30540832778,56.173309372568));
#7604 = CARTESIAN_POINT('',(4.247654312629,56.290471118749));
#7605 = CARTESIAN_POINT('',(4.190368222536,56.408001043298));
#7606 = CARTESIAN_POINT('',(4.133490532665,56.525860916221));
#7607 = CARTESIAN_POINT('',(4.076973008271,56.644018944198));
#7608 = CARTESIAN_POINT('',(4.020771357028,56.762446454991));
#7609 = CARTESIAN_POINT('',(3.964840728409,56.88111596072));
#7610 = CARTESIAN_POINT('',(3.909134060121,57.0000006));
#7611 = ( GEOMETRIC_REPRESENTATION_CONTEXT(2) 
PARAMETRIC_REPRESENTATION_CONTEXT() REPRESENTATION_CONTEXT('2D SPACE',''
  ) );
#7612 = ORIENTED_EDGE('',*,*,#1581,.T.);
#7613 = ADVANCED_FACE('',(#7614),#2402,.F.);
#7614 = FACE_BOUND('',#7615,.F.);
#7615 = EDGE_LOOP('',(#7616,#7617,#7618,#7619,#7657));
#7616 = ORIENTED_EDGE('',*,*,#4367,.F.);
#7617 = ORIENTED_EDGE('',*,*,#7133,.T.);
#7618 = ORIENTED_EDGE('',*,*,#2130,.T.);
#7619 = ORIENTED_EDGE('',*,*,#7620,.T.);
#7620 = EDGE_CURVE('',#2098,#7621,#7623,.T.);
#7621 = VERTEX_POINT('',#7622);
#7622 = CARTESIAN_POINT('',(19.799046837679,207.93278265292,
    246.05857026411));
#7623 = SURFACE_CURVE('',#7624,(#7633,#7645),.PCURVE_S1.);
#7624 = B_SPLINE_CURVE_WITH_KNOTS('',7,(#7625,#7626,#7627,#7628,#7629,
    #7630,#7631,#7632),.UNSPECIFIED.,.F.,.F.,(8,8),(0.,1.),
  .PIECEWISE_BEZIER_KNOTS.);
#7625 = CARTESIAN_POINT('',(19.816209762835,208.0000006,246.05357077877)
  );
#7626 = CARTESIAN_POINT('',(19.772695554459,207.82944757231,
    246.06663076277));
#7627 = CARTESIAN_POINT('',(19.72895996615,207.65874896983,
    246.07747180257));
#7628 = CARTESIAN_POINT('',(19.684868736278,207.48796388134,
    246.08620966795));
#7629 = CARTESIAN_POINT('',(19.64024503132,207.31716607634,
    246.0929017718));
#7630 = CARTESIAN_POINT('',(19.594829666267,207.14645631225,
    246.09752707632));
#7631 = CARTESIAN_POINT('',(19.548289141451,206.97596016686,246.1));
#7632 = CARTESIAN_POINT('',(19.5,206.80588187882,246.1));
#7633 = PCURVE('',#2402,#7634);
#7634 = DEFINITIONAL_REPRESENTATION('',(#7635),#7644);
#7635 = B_SPLINE_CURVE_WITH_KNOTS('',7,(#7636,#7637,#7638,#7639,#7640,
    #7641,#7642,#7643),.UNSPECIFIED.,.F.,.F.,(8,8),(0.,1.),
  .PIECEWISE_BEZIER_KNOTS.);
#7636 = CARTESIAN_POINT('',(0.404979079382,5.249728783907));
#7637 = CARTESIAN_POINT('',(0.39359486922,5.23592606114));
#7638 = CARTESIAN_POINT('',(0.382141314807,5.223532791935));
#7639 = CARTESIAN_POINT('',(0.370624130308,5.212577969395));
#7640 = CARTESIAN_POINT('',(0.359049586491,5.203122817852));
#7641 = CARTESIAN_POINT('',(0.347425010504,5.195277938849));
#7642 = CARTESIAN_POINT('',(0.335758958277,5.189195813678));
#7643 = CARTESIAN_POINT('',(0.324062176951,5.185185170863));
#7644 = ( GEOMETRIC_REPRESENTATION_CONTEXT(2) 
PARAMETRIC_REPRESENTATION_CONTEXT() REPRESENTATION_CONTEXT('2D SPACE',''
  ) );
#7645 = PCURVE('',#2118,#7646);
#7646 = DEFINITIONAL_REPRESENTATION('',(#7647),#7656);
#7647 = B_SPLINE_CURVE_WITH_KNOTS('',7,(#7648,#7649,#7650,#7651,#7652,
    #7653,#7654,#7655),.UNSPECIFIED.,.F.,.F.,(8,8),(0.,1.),
  .PIECEWISE_BEZIER_KNOTS.);
#7648 = CARTESIAN_POINT('',(0.291577418943,57.0000006));
#7649 = CARTESIAN_POINT('',(0.25027577196,56.829447572318));
#7650 = CARTESIAN_POINT('',(0.20936133847,56.658748969833));
#7651 = CARTESIAN_POINT('',(0.168571207693,56.487963881348));
#7652 = CARTESIAN_POINT('',(0.12763333041,56.317166076346));
#7653 = CARTESIAN_POINT('',(8.620885418863E-02,56.14645631225));
#7654 = CARTESIAN_POINT('',(4.389921950049E-02,55.975960166868));
#7655 = CARTESIAN_POINT('',(0.,55.805881878823));
#7656 = ( GEOMETRIC_REPRESENTATION_CONTEXT(2) 
PARAMETRIC_REPRESENTATION_CONTEXT() REPRESENTATION_CONTEXT('2D SPACE',''
  ) );
#7657 = ORIENTED_EDGE('',*,*,#7658,.T.);
#7658 = EDGE_CURVE('',#7621,#4370,#7659,.T.);
#7659 = SURFACE_CURVE('',#7660,(#7761,#7865),.PCURVE_S1.);
#7660 = B_SPLINE_CURVE_WITH_KNOTS('',8,(#7661,#7662,#7663,#7664,#7665,
    #7666,#7667,#7668,#7669,#7670,#7671,#7672,#7673,#7674,#7675,#7676,
    #7677,#7678,#7679,#7680,#7681,#7682,#7683,#7684,#7685,#7686,#7687,
    #7688,#7689,#7690,#7691,#7692,#7693,#7694,#7695,#7696,#7697,#7698,
    #7699,#7700,#7701,#7702,#7703,#7704,#7705,#7706,#7707,#7708,#7709,
    #7710,#7711,#7712,#7713,#7714,#7715,#7716,#7717,#7718,#7719,#7720,
    #7721,#7722,#7723,#7724,#7725,#7726,#7727,#7728,#7729,#7730,#7731,
    #7732,#7733,#7734,#7735,#7736,#7737,#7738,#7739,#7740,#7741,#7742,
    #7743,#7744,#7745,#7746,#7747,#7748,#7749,#7750,#7751,#7752,#7753,
    #7754,#7755,#7756,#7757,#7758,#7759,#7760),.UNSPECIFIED.,.F.,.F.,(9,
    7,7,7,7,7,7,7,7,7,7,7,7,7,9),(0.,2.016530260484E-02,0.200572241618,
    0.288059524122,0.376854913935,0.446194375599,0.478435388062,
    0.501936908648,0.521782253104,0.537861807317,0.559555567816,
    0.623538659424,0.763690362891,0.884272437908,1.),.UNSPECIFIED.);
#7661 = CARTESIAN_POINT('',(17.64167170836,202.99736982993,
    244.23602697429));
#7662 = CARTESIAN_POINT('',(17.643709716541,203.03184566954,
    244.23561297931));
#7663 = CARTESIAN_POINT('',(17.645828753067,203.06631823314,
    244.23518532647));
#7664 = CARTESIAN_POINT('',(17.648028878492,203.10078737064,
    244.23474439081));
#7665 = CARTESIAN_POINT('',(17.650310155809,203.13525293205,
    244.23429056814));
#7666 = CARTESIAN_POINT('',(17.652672650447,203.1697147675,
    244.23382427505));
#7667 = CARTESIAN_POINT('',(17.655116430274,203.20417272727,
    244.23334594891));
#7668 = CARTESIAN_POINT('',(17.657641565595,203.23862666172,
    244.23285604786));
#7669 = CARTESIAN_POINT('',(17.683567499154,203.58127788049,
    244.22787292926));
#7670 = CARTESIAN_POINT('',(17.713403377562,203.8891346596,
    244.22250272823));
#7671 = CARTESIAN_POINT('',(17.749808142648,204.19655269887,
    244.2165881086));
#7672 = CARTESIAN_POINT('',(17.792847797244,204.50342969082,
    244.21060294412));
#7673 = CARTESIAN_POINT('',(17.842594923297,204.80965509153,
    244.20515999483));
#7674 = CARTESIAN_POINT('',(17.899112923418,205.11511096407,
    244.20100406788));
#7675 = CARTESIAN_POINT('',(17.962452630747,205.41967125156,
    244.19902136668));
#7676 = CARTESIAN_POINT('',(18.06673986615,205.87039013855,
    244.20091520879));
#7677 = CARTESIAN_POINT('',(18.102416387291,206.01733405923,
    244.20229997631));
#7678 = CARTESIAN_POINT('',(18.139719485529,206.16401338453,
    244.20457446452));
#7679 = CARTESIAN_POINT('',(18.178657181786,206.31040776193,
    244.20787408944));
#7680 = CARTESIAN_POINT('',(18.219237886778,206.45649192325,
    244.21234655997));
#7681 = CARTESIAN_POINT('',(18.261471674001,206.60223528577,
    244.21815497383));
#7682 = CARTESIAN_POINT('',(18.305372903191,206.74760117234,
    244.22548369969));
#7683 = CARTESIAN_POINT('',(18.397237165008,207.03965733414,
    244.24374590631));
#7684 = CARTESIAN_POINT('',(18.445243645899,207.18631138389,
    244.25473004356));
#7685 = CARTESIAN_POINT('',(18.49501343005,207.33248199831,
    244.26772554638));
#7686 = CARTESIAN_POINT('',(18.546578351104,207.47811526395,
    244.28298671891));
#7687 = CARTESIAN_POINT('',(18.599980491215,207.62312377328,
    244.30081887482));
#7688 = CARTESIAN_POINT('',(18.655272783571,207.76738611594,
    244.32158212765));
#7689 = CARTESIAN_POINT('',(18.71253380876,207.9107391576,244.345727703)
  );
#7690 = CARTESIAN_POINT('',(18.818291581466,208.16400288991,
    244.39593206242));
#7691 = CARTESIAN_POINT('',(18.865894296192,208.27420103305,
    244.42038227159));
#7692 = CARTESIAN_POINT('',(18.914851337969,208.38358311804,
    244.44759498143));
#7693 = CARTESIAN_POINT('',(18.965289137283,208.49202864994,
    244.477998956));
#7694 = CARTESIAN_POINT('',(19.017302893053,208.59930354477,
    244.51204611056));
#7695 = CARTESIAN_POINT('',(19.071061208933,208.70492816253,
    244.55049296944));
#7696 = CARTESIAN_POINT('',(19.12669435615,208.80830715151,
    244.59411694742));
#7697 = CARTESIAN_POINT('',(19.211748837943,208.95470674124,
    244.6684781006));
#7698 = CARTESIAN_POINT('',(19.239195393069,209.00030078414,
    244.69355851959));
#7699 = CARTESIAN_POINT('',(19.267196858193,209.04500204426,
    244.7203465403));
#7700 = CARTESIAN_POINT('',(19.295826438973,209.08864882402,
    244.74909760602));
#7701 = CARTESIAN_POINT('',(19.325122823497,209.13095346159,
    244.78007847778));
#7702 = CARTESIAN_POINT('',(19.355110792516,209.17144238103,
    244.81363389198));
#7703 = CARTESIAN_POINT('',(19.385787154679,209.20950112283,
    244.85013274681));
#7704 = CARTESIAN_POINT('',(19.440145357153,209.2693568889,
    244.91955415082));
#7705 = CARTESIAN_POINT('',(19.463482259512,209.29277895914,
    244.95078125722));
#7706 = CARTESIAN_POINT('',(19.487229019085,209.31395344448,
    244.98419530959));
#7707 = CARTESIAN_POINT('',(19.511241908047,209.33216054611,
    245.01991457982));
#7708 = CARTESIAN_POINT('',(19.535253399533,209.34651121305,
    245.0579030205));
#7709 = CARTESIAN_POINT('',(19.558888083057,209.35599453291,
    245.09793417538));
#7710 = CARTESIAN_POINT('',(19.581679946376,209.35971827824,
    245.13947440471));
#7711 = CARTESIAN_POINT('',(19.621164148655,209.35582041298,
    245.21679711103));
#7712 = CARTESIAN_POINT('',(19.638151238117,209.3498843357,
    245.25226910092));
#7713 = CARTESIAN_POINT('',(19.653710506015,209.33983894082,
    245.2870667524));
#7714 = CARTESIAN_POINT('',(19.667775906687,209.32616240088,
    245.32073081982));
#7715 = CARTESIAN_POINT('',(19.680403074171,209.30946890334,
    245.35299083912));
#7716 = CARTESIAN_POINT('',(19.69170011822,209.29036141977,
    245.38371283985));
#7717 = CARTESIAN_POINT('',(19.701801542671,209.26936527572,
    245.41287264806));
#7718 = CARTESIAN_POINT('',(19.718176638654,209.22864445929,
    245.46294776735));
#7719 = CARTESIAN_POINT('',(19.724827401885,209.20939887877,
    245.48442164749));
#7720 = CARTESIAN_POINT('',(19.730881065657,209.18930539368,
    245.50501978205));
#7721 = CARTESIAN_POINT('',(19.736405247833,209.16850470221,
    245.52479866166));
#7722 = CARTESIAN_POINT('',(19.741457610898,209.14711060337,
    245.54381180487));
#7723 = CARTESIAN_POINT('',(19.746088502531,209.1252124994,
    245.56211223604));
#7724 = CARTESIAN_POINT('',(19.75034237594,209.10287647148,
    245.57975350593));
#7725 = CARTESIAN_POINT('',(19.759540747832,209.04947662541,
    245.61977306789));
#7726 = CARTESIAN_POINT('',(19.764203887902,209.01811229093,
    245.64163716398));
#7727 = CARTESIAN_POINT('',(19.768340955563,208.98617630811,
    245.66250224814));
#7728 = CARTESIAN_POINT('',(19.772022951714,208.95376541765,
    245.68246137897));
#7729 = CARTESIAN_POINT('',(19.77530622101,208.92095496124,
    245.70159098449));
#7730 = CARTESIAN_POINT('',(19.778237707498,208.88780292518,
    245.71995806148));
#7731 = CARTESIAN_POINT('',(19.780857577605,208.8543517845,
    245.73762355867));
#7732 = CARTESIAN_POINT('',(19.79010557005,208.72116440787,
    245.80483558782));
#7733 = CARTESIAN_POINT('',(19.794582701542,208.61947528046,
    245.84932906303));
#7734 = CARTESIAN_POINT('',(19.797501183294,208.51630540521,
    245.88953246396));
#7735 = CARTESIAN_POINT('',(19.799244468506,208.41207085881,
    245.92608545948));
#7736 = CARTESIAN_POINT('',(19.800135505677,208.3070871683,
    245.9595567696));
#7737 = CARTESIAN_POINT('',(19.800365375861,208.20152379303,
    245.99031971661));
#7738 = CARTESIAN_POINT('',(19.800094824703,208.09546241441,
    246.01871126631));
#7739 = CARTESIAN_POINT('',(19.797997444332,207.75542199276,
    246.10258168835));
#7740 = CARTESIAN_POINT('',(19.794706891628,207.52003277361,
    246.14993608657));
#7741 = CARTESIAN_POINT('',(19.790794238796,207.28341271533,
    246.18976276536));
#7742 = CARTESIAN_POINT('',(19.786680661182,207.04596243533,
    246.22328341852));
#7743 = CARTESIAN_POINT('',(19.782708146143,206.80798028746,
    246.25160665782));
#7744 = CARTESIAN_POINT('',(19.779003141668,206.56961684584,
    246.2754603466));
#7745 = CARTESIAN_POINT('',(19.775658234848,206.33092914074,
    246.29551408333));
#7746 = CARTESIAN_POINT('',(19.770154464918,205.88617979372,
    246.32675432077));
#7747 = CARTESIAN_POINT('',(19.767896740097,205.68030517268,
    246.33878259726));
#7748 = CARTESIAN_POINT('',(19.76594583741,205.4742800711,
    246.34873637037));
#7749 = CARTESIAN_POINT('',(19.764295057332,205.26813639701,
    246.3569089783));
#7750 = CARTESIAN_POINT('',(19.762922444524,205.0618987955,
    246.36355833858));
#7751 = CARTESIAN_POINT('',(19.761798524675,204.85558519765,
    246.36891683107));
#7752 = CARTESIAN_POINT('',(19.760891127092,204.64920707413,
    246.37319486738));
#7753 = CARTESIAN_POINT('',(19.759472599809,204.24464268591,
    246.37982521848));
#7754 = CARTESIAN_POINT('',(19.758947224126,204.0464654331,
    246.38224832884));
#7755 = CARTESIAN_POINT('',(19.75856170419,203.84824505949,
    246.38401182674));
#7756 = CARTESIAN_POINT('',(19.75828749973,203.64998824079,
    246.38526154672));
#7757 = CARTESIAN_POINT('',(19.75809815573,203.45170094151,
    246.38612388808));
#7758 = CARTESIAN_POINT('',(19.75797046616,203.25338845255,
    246.38670489412));
#7759 = CARTESIAN_POINT('',(19.757885637713,203.05505542884,
    246.3870893314));
#7760 = CARTESIAN_POINT('',(19.757830453529,202.85670592691,
    246.38733976899));
#7761 = PCURVE('',#2402,#7762);
#7762 = DEFINITIONAL_REPRESENTATION('',(#7763),#7864);
#7763 = B_SPLINE_CURVE_WITH_KNOTS('',8,(#7764,#7765,#7766,#7767,#7768,
    #7769,#7770,#7771,#7772,#7773,#7774,#7775,#7776,#7777,#7778,#7779,
    #7780,#7781,#7782,#7783,#7784,#7785,#7786,#7787,#7788,#7789,#7790,
    #7791,#7792,#7793,#7794,#7795,#7796,#7797,#7798,#7799,#7800,#7801,
    #7802,#7803,#7804,#7805,#7806,#7807,#7808,#7809,#7810,#7811,#7812,
    #7813,#7814,#7815,#7816,#7817,#7818,#7819,#7820,#7821,#7822,#7823,
    #7824,#7825,#7826,#7827,#7828,#7829,#7830,#7831,#7832,#7833,#7834,
    #7835,#7836,#7837,#7838,#7839,#7840,#7841,#7842,#7843,#7844,#7845,
    #7846,#7847,#7848,#7849,#7850,#7851,#7852,#7853,#7854,#7855,#7856,
    #7857,#7858,#7859,#7860,#7861,#7862,#7863),.UNSPECIFIED.,.F.,.F.,(9,
    7,7,7,7,7,7,7,7,7,7,7,7,7,9),(0.,2.016530260484E-02,0.200572241618,
    0.288059524122,0.376854913935,0.446194375599,0.478435388062,
    0.501936908648,0.521782253104,0.537861807317,0.559555567816,
    0.623538659424,0.763690362891,0.884272437908,1.),.UNSPECIFIED.);
#7764 = CARTESIAN_POINT('',(6.101070347513E-02,6.094941974258));
#7765 = CARTESIAN_POINT('',(6.312184128216E-02,6.095195315518));
#7766 = CARTESIAN_POINT('',(6.523304179322E-02,6.095457531718));
#7767 = CARTESIAN_POINT('',(6.734430855676E-02,6.095728465058));
#7768 = CARTESIAN_POINT('',(6.945564523616E-02,6.096007949055));
#7769 = CARTESIAN_POINT('',(7.156705560975E-02,6.096295808538));
#7770 = CARTESIAN_POINT('',(7.367854357082E-02,6.096591859649));
#7771 = CARTESIAN_POINT('',(7.579011312759E-02,6.096895909845));
#7772 = CARTESIAN_POINT('',(9.679348909765E-02,6.099997676496));
#7773 = CARTESIAN_POINT('',(0.11569142234,6.103411679758));
#7774 = CARTESIAN_POINT('',(0.134599337414,6.107305405799));
#7775 = CARTESIAN_POINT('',(0.153521190885,6.111480161985));
#7776 = CARTESIAN_POINT('',(0.172461558885,6.115679819341));
#7777 = CARTESIAN_POINT('',(0.1914255533,6.119593945799));
#7778 = CARTESIAN_POINT('',(0.210418754802,6.122853778831));
#7779 = CARTESIAN_POINT('',(0.238675668449,6.126052139339));
#7780 = CARTESIAN_POINT('',(0.247911680441,6.126836458605));
#7781 = CARTESIAN_POINT('',(0.257156494294,6.127309205867));
#7782 = CARTESIAN_POINT('',(0.266410681627,6.127413936502));
#7783 = CARTESIAN_POINT('',(0.27567461858,6.127089018085));
#7784 = CARTESIAN_POINT('',(0.284948508316,6.12626628662));
#7785 = CARTESIAN_POINT('',(0.294232430446,6.124868492136));
#7786 = CARTESIAN_POINT('',(0.31295936776,6.120711729837));
#7787 = CARTESIAN_POINT('',(0.322401175165,6.117933118564));
#7788 = CARTESIAN_POINT('',(0.331853174214,6.114374794125));
#7789 = CARTESIAN_POINT('',(0.341315307491,6.109929650439));
#7790 = CARTESIAN_POINT('',(0.350786172479,6.104468045498));
#7791 = CARTESIAN_POINT('',(0.360263052751,6.097836233222));
#7792 = CARTESIAN_POINT('',(0.369742076763,6.089840048135));
#7793 = CARTESIAN_POINT('',(0.386618810217,6.072654955422));
#7794 = CARTESIAN_POINT('',(0.394006978271,6.064121463987));
#7795 = CARTESIAN_POINT('',(0.401390502877,6.054450128597));
#7796 = CARTESIAN_POINT('',(0.408768519945,6.043452475481));
#7797 = CARTESIAN_POINT('',(0.416133349879,6.030928974783));
#7798 = CARTESIAN_POINT('',(0.423467166849,6.016534483065));
#7799 = CARTESIAN_POINT('',(0.430745261478,5.99991277567));
#7800 = CARTESIAN_POINT('',(0.441264561937,5.970954204228));
#7801 = CARTESIAN_POINT('',(0.444573094659,5.961107740783));
#7802 = CARTESIAN_POINT('',(0.447854071996,5.950502073504));
#7803 = CARTESIAN_POINT('',(0.451101742985,5.939016532919));
#7804 = CARTESIAN_POINT('',(0.45430264826,5.926520719129));
#7805 = CARTESIAN_POINT('',(0.457433057349,5.912839608684));
#7806 = CARTESIAN_POINT('',(0.460460902472,5.897779316065));
#7807 = CARTESIAN_POINT('',(0.465430871278,5.868709064094));
#7808 = CARTESIAN_POINT('',(0.467445962713,5.855513782002));
#7809 = CARTESIAN_POINT('',(0.469357596109,5.841254142442));
#7810 = CARTESIAN_POINT('',(0.47112276924,5.825839190369));
#7811 = CARTESIAN_POINT('',(0.472685274247,5.809236797925));
#7812 = CARTESIAN_POINT('',(0.473978034021,5.791485569459));
#7813 = CARTESIAN_POINT('',(0.474936047764,5.772758020945));
#7814 = CARTESIAN_POINT('',(0.476040488539,5.737309637122));
#7815 = CARTESIAN_POINT('',(0.476287153136,5.720822012147));
#7816 = CARTESIAN_POINT('',(0.476264509432,5.704403469708));
#7817 = CARTESIAN_POINT('',(0.475994465862,5.688274599775));
#7818 = CARTESIAN_POINT('',(0.47551065867,5.672583187184));
#7819 = CARTESIAN_POINT('',(0.474848380888,5.657419835925));
#7820 = CARTESIAN_POINT('',(0.47404001381,5.642823850315));
#7821 = CARTESIAN_POINT('',(0.472358314912,5.617415743721));
#7822 = CARTESIAN_POINT('',(0.471524949838,5.606388807571));
#7823 = CARTESIAN_POINT('',(0.470622721544,5.595687818599));
#7824 = CARTESIAN_POINT('',(0.469661377395,5.585295306702));
#7825 = CARTESIAN_POINT('',(0.468648934656,5.575193978));
#7826 = CARTESIAN_POINT('',(0.467591879756,5.565365508712));
#7827 = CARTESIAN_POINT('',(0.466495250697,5.555789967371));
#7828 = CARTESIAN_POINT('',(0.463834488335,5.533839252711));
#7829 = CARTESIAN_POINT('',(0.462242008497,5.521663559626));
#7830 = CARTESIAN_POINT('',(0.460594977316,5.509872525145));
#7831 = CARTESIAN_POINT('',(0.458901007768,5.49843102947));
#7832 = CARTESIAN_POINT('',(0.457166092498,5.487310302853));
#7833 = CARTESIAN_POINT('',(0.455394979504,5.476484770873));
#7834 = CARTESIAN_POINT('',(0.453591342595,5.465930536104));
#7835 = CARTESIAN_POINT('',(0.446349779696,5.425232042038));
#7836 = CARTESIAN_POINT('',(0.440689125039,5.397049615924));
#7837 = CARTESIAN_POINT('',(0.434845785363,5.37051102376));
#7838 = CARTESIAN_POINT('',(0.428856076552,5.345377245557));
#7839 = CARTESIAN_POINT('',(0.422748993911,5.321433149631));
#7840 = CARTESIAN_POINT('',(0.416541083853,5.298540554511));
#7841 = CARTESIAN_POINT('',(0.410242747848,5.276569299182));
#7842 = CARTESIAN_POINT('',(0.389867996792,5.209065272775));
#7843 = CARTESIAN_POINT('',(0.375491743106,5.166730611212));
#7844 = CARTESIAN_POINT('',(0.360813048448,5.127404906218));
#7845 = CARTESIAN_POINT('',(0.345874250824,5.090722229814));
#7846 = CARTESIAN_POINT('',(0.330710478485,5.056360468769));
#7847 = CARTESIAN_POINT('',(0.315341988084,5.024158643902));
#7848 = CARTESIAN_POINT('',(0.299782980548,4.993977060855));
#7849 = CARTESIAN_POINT('',(0.2704935824,4.941426732748));
#7850 = CARTESIAN_POINT('',(0.256817085506,4.918565654169));
#7851 = CARTESIAN_POINT('',(0.243018323996,4.897096765164));
#7852 = CARTESIAN_POINT('',(0.229105310729,4.876994292193));
#7853 = CARTESIAN_POINT('',(0.215085775726,4.858248000314));
#7854 = CARTESIAN_POINT('',(0.200967419863,4.840857070904));
#7855 = CARTESIAN_POINT('',(0.186758012571,4.824826332751));
#7856 = CARTESIAN_POINT('',(0.158748063357,4.796093616945));
#7857 = CARTESIAN_POINT('',(0.144954400352,4.783283734923));
#7858 = CARTESIAN_POINT('',(0.131091420132,4.771743524182));
#7859 = CARTESIAN_POINT('',(0.117166617302,4.761483826262));
#7860 = CARTESIAN_POINT('',(0.103187851288,4.752516629617));
#7861 = CARTESIAN_POINT('',(8.916329218686E-02,4.744853698718));
#7862 = CARTESIAN_POINT('',(7.510136659925E-02,4.738505203158));
#7863 = CARTESIAN_POINT('',(6.101070347513E-02,4.733478346755));
#7864 = ( GEOMETRIC_REPRESENTATION_CONTEXT(2) 
PARAMETRIC_REPRESENTATION_CONTEXT() REPRESENTATION_CONTEXT('2D SPACE',''
  ) );
#7865 = PCURVE('',#2085,#7866);
#7866 = DEFINITIONAL_REPRESENTATION('',(#7867),#7968);
#7867 = B_SPLINE_CURVE_WITH_KNOTS('',8,(#7868,#7869,#7870,#7871,#7872,
    #7873,#7874,#7875,#7876,#7877,#7878,#7879,#7880,#7881,#7882,#7883,
    #7884,#7885,#7886,#7887,#7888,#7889,#7890,#7891,#7892,#7893,#7894,
    #7895,#7896,#7897,#7898,#7899,#7900,#7901,#7902,#7903,#7904,#7905,
    #7906,#7907,#7908,#7909,#7910,#7911,#7912,#7913,#7914,#7915,#7916,
    #7917,#7918,#7919,#7920,#7921,#7922,#7923,#7924,#7925,#7926,#7927,
    #7928,#7929,#7930,#7931,#7932,#7933,#7934,#7935,#7936,#7937,#7938,
    #7939,#7940,#7941,#7942,#7943,#7944,#7945,#7946,#7947,#7948,#7949,
    #7950,#7951,#7952,#7953,#7954,#7955,#7956,#7957,#7958,#7959,#7960,
    #7961,#7962,#7963,#7964,#7965,#7966,#7967),.UNSPECIFIED.,.F.,.F.,(9,
    7,7,7,7,7,7,7,7,7,7,7,7,7,9),(0.,2.016530260484E-02,0.200572241618,
    0.288059524122,0.376854913935,0.446194375599,0.478435388062,
    0.501936908648,0.521782253104,0.537861807317,0.559555567816,
    0.623538659424,0.763690362891,0.884272437908,1.),.UNSPECIFIED.);
#7868 = CARTESIAN_POINT('',(3.342002788031,146.99736982993));
#7869 = CARTESIAN_POINT('',(3.340847436928,147.03184566954));
#7870 = CARTESIAN_POINT('',(3.339646460426,147.06631823314));
#7871 = CARTESIAN_POINT('',(3.338399864979,147.10078737064));
#7872 = CARTESIAN_POINT('',(3.337107656943,147.13525293205));
#7873 = CARTESIAN_POINT('',(3.335769842579,147.1697147675));
#7874 = CARTESIAN_POINT('',(3.334386428045,147.20417272727));
#7875 = CARTESIAN_POINT('',(3.332957419404,147.23862666172));
#7876 = CARTESIAN_POINT('',(3.318290484411,147.58127788049));
#7877 = CARTESIAN_POINT('',(3.301449861884,147.8891346596));
#7878 = CARTESIAN_POINT('',(3.280964627092,148.19655269887));
#7879 = CARTESIAN_POINT('',(3.256837569501,148.50342969082));
#7880 = CARTESIAN_POINT('',(3.229062832992,148.80965509153));
#7881 = CARTESIAN_POINT('',(3.197620712199,149.11511096407));
#7882 = CARTESIAN_POINT('',(3.162457738309,149.41967125156));
#7883 = CARTESIAN_POINT('',(3.104510832784,149.87039013855));
#7884 = CARTESIAN_POINT('',(3.084679820037,150.01733405923));
#7885 = CARTESIAN_POINT('',(3.063926076952,150.16401338453));
#7886 = CARTESIAN_POINT('',(3.04222914548,150.31040776193));
#7887 = CARTESIAN_POINT('',(3.019563225852,150.45649192325));
#7888 = CARTESIAN_POINT('',(2.99589496943,150.60223528577));
#7889 = CARTESIAN_POINT('',(2.971179617329,150.74760117234));
#7890 = CARTESIAN_POINT('',(2.919145230581,151.03965733414));
#7891 = CARTESIAN_POINT('',(2.89179706928,151.18631138389));
#7892 = CARTESIAN_POINT('',(2.863242510089,151.33248199831));
#7893 = CARTESIAN_POINT('',(2.833400046864,151.47811526395));
#7894 = CARTESIAN_POINT('',(2.802161812465,151.62312377328));
#7895 = CARTESIAN_POINT('',(2.769391090597,151.76738611594));
#7896 = CARTESIAN_POINT('',(2.734900452431,151.9107391576));
#7897 = CARTESIAN_POINT('',(2.669862039771,152.16400288991));
#7898 = CARTESIAN_POINT('',(2.640146020426,152.27420103305));
#7899 = CARTESIAN_POINT('',(2.609057668957,152.38358311804));
#7900 = CARTESIAN_POINT('',(2.576379930997,152.49202864994));
#7901 = CARTESIAN_POINT('',(2.541898782114,152.59930354477));
#7902 = CARTESIAN_POINT('',(2.505236584992,152.70492816253));
#7903 = CARTESIAN_POINT('',(2.466016298548,152.80830715151));
#7904 = CARTESIAN_POINT('',(2.403251191726,152.95470674124));
#7905 = CARTESIAN_POINT('',(2.382600689194,153.00030078414));
#7906 = CARTESIAN_POINT('',(2.361081739372,153.04500204426));
#7907 = CARTESIAN_POINT('',(2.33855414828,153.08864882402));
#7908 = CARTESIAN_POINT('',(2.314883375126,153.13095346159));
#7909 = CARTESIAN_POINT('',(2.289900104735,153.17144238103));
#7910 = CARTESIAN_POINT('',(2.263428123899,153.20950112283));
#7911 = CARTESIAN_POINT('',(2.21444417115,153.2693568889));
#7912 = CARTESIAN_POINT('',(2.192791916117,153.29277895914));
#7913 = CARTESIAN_POINT('',(2.170029409891,153.31395344448));
#7914 = CARTESIAN_POINT('',(2.14613475467,153.33216054611));
#7915 = CARTESIAN_POINT('',(2.121189159756,153.34651121305));
#7916 = CARTESIAN_POINT('',(2.09538378043,153.35599453291));
#7917 = CARTESIAN_POINT('',(2.06907204096,153.35971827824));
#7918 = CARTESIAN_POINT('',(2.020838417297,153.35582041298));
#7919 = CARTESIAN_POINT('',(1.998995722163,153.3498843357));
#7920 = CARTESIAN_POINT('',(1.977830936297,153.33983894082));
#7921 = CARTESIAN_POINT('',(1.957573306543,153.32616240088));
#7922 = CARTESIAN_POINT('',(1.938335641784,153.30946890334));
#7923 = CARTESIAN_POINT('',(1.92015614397,153.29036141977));
#7924 = CARTESIAN_POINT('',(1.903014342281,153.26936527572));
#7925 = CARTESIAN_POINT('',(1.873745150305,153.22864445929));
#7926 = CARTESIAN_POINT('',(1.86125767733,153.20939887877));
#7927 = CARTESIAN_POINT('',(1.84933232271,153.18930539368));
#7928 = CARTESIAN_POINT('',(1.837925472131,153.16850470221));
#7929 = CARTESIAN_POINT('',(1.826997648485,153.14711060337));
#7930 = CARTESIAN_POINT('',(1.816511415077,153.1252124994));
#7931 = CARTESIAN_POINT('',(1.806430378811,153.10287647148));
#7932 = CARTESIAN_POINT('',(1.783617564397,153.04947662541));
#7933 = CARTESIAN_POINT('',(1.771199195261,153.01811229093));
#7934 = CARTESIAN_POINT('',(1.759383797134,152.98617630811));
#7935 = CARTESIAN_POINT('',(1.748110157684,152.95376541765));
#7936 = CARTESIAN_POINT('',(1.737328738761,152.92095496124));
#7937 = CARTESIAN_POINT('',(1.72699674749,152.88780292518));
#7938 = CARTESIAN_POINT('',(1.717075780795,152.8543517845));
#7939 = CARTESIAN_POINT('',(1.679383957722,152.72116440787));
#7940 = CARTESIAN_POINT('',(1.654556999908,152.61947528046));
#7941 = CARTESIAN_POINT('',(1.632175486114,152.51630540521));
#7942 = CARTESIAN_POINT('',(1.611856662875,152.41207085881));
#7943 = CARTESIAN_POINT('',(1.593261602861,152.3070871683));
#7944 = CARTESIAN_POINT('',(1.576175092215,152.20152379303));
#7945 = CARTESIAN_POINT('',(1.560403139944,152.09546241441));
#7946 = CARTESIAN_POINT('',(1.513793893861,151.75542199276));
#7947 = CARTESIAN_POINT('',(1.487448307669,151.52003277361));
#7948 = CARTESIAN_POINT('',(1.465225737813,151.28341271533));
#7949 = CARTESIAN_POINT('',(1.446473435295,151.04596243533));
#7950 = CARTESIAN_POINT('',(1.430586381542,150.80798028746));
#7951 = CARTESIAN_POINT('',(1.41717750781,150.56961684584));
#7952 = CARTESIAN_POINT('',(1.405882988504,150.33092914074));
#7953 = CARTESIAN_POINT('',(1.388260017395,149.88617979372));
#7954 = CARTESIAN_POINT('',(1.381461350535,149.68030517268));
#7955 = CARTESIAN_POINT('',(1.375826520995,149.4742800711));
#7956 = CARTESIAN_POINT('',(1.371194554582,149.26813639701));
#7957 = CARTESIAN_POINT('',(1.367422607803,149.0618987955));
#7958 = CARTESIAN_POINT('',(1.364380938141,148.85558519765));
#7959 = CARTESIAN_POINT('',(1.361951366438,148.64920707413));
#7960 = CARTESIAN_POINT('',(1.35818447955,148.24464268591));
#7961 = CARTESIAN_POINT('',(1.356807031709,148.0464654331));
#7962 = CARTESIAN_POINT('',(1.355804176915,147.84824505949));
#7963 = CARTESIAN_POINT('',(1.355093372952,147.64998824079));
#7964 = CARTESIAN_POINT('',(1.354602880007,147.45170094151));
#7965 = CARTESIAN_POINT('',(1.354272394338,147.25338845255));
#7966 = CARTESIAN_POINT('',(1.354053681945,147.05505542884));
#7967 = CARTESIAN_POINT('',(1.353911212236,146.85670592691));
#7968 = ( GEOMETRIC_REPRESENTATION_CONTEXT(2) 
PARAMETRIC_REPRESENTATION_CONTEXT() REPRESENTATION_CONTEXT('2D SPACE',''
  ) );
#7969 = ADVANCED_FACE('',(#7970),#2118,.F.);
#7970 = FACE_BOUND('',#7971,.F.);
#7971 = EDGE_LOOP('',(#7972,#7973,#7992));
#7972 = ORIENTED_EDGE('',*,*,#2097,.F.);
#7973 = ORIENTED_EDGE('',*,*,#7974,.F.);
#7974 = EDGE_CURVE('',#7621,#2065,#7975,.T.);
#7975 = SURFACE_CURVE('',#7976,(#7980,#7986),.PCURVE_S1.);
#7976 = LINE('',#7977,#7978);
#7977 = CARTESIAN_POINT('',(19.799046837914,151.,246.05857025687));
#7978 = VECTOR('',#7979,1.);
#7979 = DIRECTION('',(0.,1.,0.));
#7980 = PCURVE('',#2118,#7981);
#7981 = DEFINITIONAL_REPRESENTATION('',(#7982),#7985);
#7982 = B_SPLINE_CURVE_WITH_KNOTS('',1,(#7983,#7984),.UNSPECIFIED.,.F.,
  .F.,(2,2),(55.805881278823,57.0000012),.PIECEWISE_BEZIER_KNOTS.);
#7983 = CARTESIAN_POINT('',(0.275326092073,55.805881278823));
#7984 = CARTESIAN_POINT('',(0.275326092073,57.0000012));
#7985 = ( GEOMETRIC_REPRESENTATION_CONTEXT(2) 
PARAMETRIC_REPRESENTATION_CONTEXT() REPRESENTATION_CONTEXT('2D SPACE',''
  ) );
#7986 = PCURVE('',#2085,#7987);
#7987 = DEFINITIONAL_REPRESENTATION('',(#7988),#7991);
#7988 = B_SPLINE_CURVE_WITH_KNOTS('',1,(#7989,#7990),.UNSPECIFIED.,.F.,
  .F.,(2,2),(55.805881278823,57.0000012),.PIECEWISE_BEZIER_KNOTS.);
#7989 = CARTESIAN_POINT('',(1.538251550469,150.80588127882));
#7990 = CARTESIAN_POINT('',(1.538251550469,152.0000012));
#7991 = ( GEOMETRIC_REPRESENTATION_CONTEXT(2) 
PARAMETRIC_REPRESENTATION_CONTEXT() REPRESENTATION_CONTEXT('2D SPACE',''
  ) );
#7992 = ORIENTED_EDGE('',*,*,#7620,.F.);
#7993 = ADVANCED_FACE('',(#7994),#2085,.F.);
#7994 = FACE_BOUND('',#7995,.F.);
#7995 = EDGE_LOOP('',(#7996,#8016,#8017,#8018,#8019));
#7996 = ORIENTED_EDGE('',*,*,#7997,.F.);
#7997 = EDGE_CURVE('',#5070,#2032,#7998,.T.);
#7998 = SURFACE_CURVE('',#7999,(#8003,#8010),.PCURVE_S1.);
#7999 = LINE('',#8000,#8001);
#8000 = CARTESIAN_POINT('',(18.,56.,247.8));
#8001 = VECTOR('',#8002,1.);
#8002 = DIRECTION('',(0.,1.,0.));
#8003 = PCURVE('',#2085,#8004);
#8004 = DEFINITIONAL_REPRESENTATION('',(#8005),#8009);
#8005 = LINE('',#8006,#8007);
#8006 = CARTESIAN_POINT('',(0.,0.));
#8007 = VECTOR('',#8008,1.);
#8008 = DIRECTION('',(0.,1.));
#8009 = ( GEOMETRIC_REPRESENTATION_CONTEXT(2) 
PARAMETRIC_REPRESENTATION_CONTEXT() REPRESENTATION_CONTEXT('2D SPACE',''
  ) );
#8010 = PCURVE('',#2052,#8011);
#8011 = DEFINITIONAL_REPRESENTATION('',(#8012),#8015);
#8012 = B_SPLINE_CURVE_WITH_KNOTS('',1,(#8013,#8014),.UNSPECIFIED.,.F.,
  .F.,(2,2),(0.,159.),.PIECEWISE_BEZIER_KNOTS.);
#8013 = CARTESIAN_POINT('',(6.28318530718,0.));
#8014 = CARTESIAN_POINT('',(6.28318530718,159.));
#8015 = ( GEOMETRIC_REPRESENTATION_CONTEXT(2) 
PARAMETRIC_REPRESENTATION_CONTEXT() REPRESENTATION_CONTEXT('2D SPACE',''
  ) );
#8016 = ORIENTED_EDGE('',*,*,#5097,.T.);
#8017 = ORIENTED_EDGE('',*,*,#7658,.F.);
#8018 = ORIENTED_EDGE('',*,*,#7974,.T.);
#8019 = ORIENTED_EDGE('',*,*,#2064,.F.);
#8020 = ADVANCED_FACE('',(#8021),#2052,.F.);
#8021 = FACE_BOUND('',#8022,.F.);
#8022 = EDGE_LOOP('',(#8023,#8024,#8025,#8026,#8045));
#8023 = ORIENTED_EDGE('',*,*,#5069,.T.);
#8024 = ORIENTED_EDGE('',*,*,#7997,.T.);
#8025 = ORIENTED_EDGE('',*,*,#2031,.F.);
#8026 = ORIENTED_EDGE('',*,*,#8027,.F.);
#8027 = EDGE_CURVE('',#7156,#1999,#8028,.T.);
#8028 = SURFACE_CURVE('',#8029,(#8033,#8039),.PCURVE_S1.);
#8029 = LINE('',#8030,#8031);
#8030 = CARTESIAN_POINT('',(18.637876239009,151.,244.31681435851));
#8031 = VECTOR('',#8032,1.);
#8032 = DIRECTION('',(0.,1.,0.));
#8033 = PCURVE('',#2052,#8034);
#8034 = DEFINITIONAL_REPRESENTATION('',(#8035),#8038);
#8035 = B_SPLINE_CURVE_WITH_KNOTS('',1,(#8036,#8037),.UNSPECIFIED.,.F.,
  .F.,(2,2),(54.354056721723,57.0000012),.PIECEWISE_BEZIER_KNOTS.);
#8036 = CARTESIAN_POINT('',(2.779346310215,149.35405672172));
#8037 = CARTESIAN_POINT('',(2.779346310215,152.0000012));
#8038 = ( GEOMETRIC_REPRESENTATION_CONTEXT(2) 
PARAMETRIC_REPRESENTATION_CONTEXT() REPRESENTATION_CONTEXT('2D SPACE',''
  ) );
#8039 = PCURVE('',#2019,#8040);
#8040 = DEFINITIONAL_REPRESENTATION('',(#8041),#8044);
#8041 = B_SPLINE_CURVE_WITH_KNOTS('',1,(#8042,#8043),.UNSPECIFIED.,.F.,
  .F.,(2,2),(54.354056721723,57.0000012),.PIECEWISE_BEZIER_KNOTS.);
#8042 = CARTESIAN_POINT('',(4.042271768612,54.354056721723));
#8043 = CARTESIAN_POINT('',(4.042271768612,57.0000012));
#8044 = ( GEOMETRIC_REPRESENTATION_CONTEXT(2) 
PARAMETRIC_REPRESENTATION_CONTEXT() REPRESENTATION_CONTEXT('2D SPACE',''
  ) );
#8045 = ORIENTED_EDGE('',*,*,#7155,.F.);
#8046 = ADVANCED_FACE('',(#8047),#2019,.F.);
#8047 = FACE_BOUND('',#8048,.F.);
#8048 = EDGE_LOOP('',(#8049,#8050,#8051));
#8049 = ORIENTED_EDGE('',*,*,#8027,.T.);
#8050 = ORIENTED_EDGE('',*,*,#1998,.F.);
#8051 = ORIENTED_EDGE('',*,*,#7469,.F.);
#8052 = ADVANCED_FACE('',(#8053),#2568,.F.);
#8053 = FACE_BOUND('',#8054,.F.);
#8054 = EDGE_LOOP('',(#8055,#8075,#8076,#8095));
#8055 = ORIENTED_EDGE('',*,*,#8056,.F.);
#8056 = EDGE_CURVE('',#5126,#2546,#8057,.T.);
#8057 = SURFACE_CURVE('',#8058,(#8062,#8069),.PCURVE_S1.);
#8058 = LINE('',#8059,#8060);
#8059 = CARTESIAN_POINT('',(12.,53.,247.8));
#8060 = VECTOR('',#8061,1.);
#8061 = DIRECTION('',(0.,1.,0.));
#8062 = PCURVE('',#2568,#8063);
#8063 = DEFINITIONAL_REPRESENTATION('',(#8064),#8068);
#8064 = LINE('',#8065,#8066);
#8065 = CARTESIAN_POINT('',(0.,0.));
#8066 = VECTOR('',#8067,1.);
#8067 = DIRECTION('',(0.,1.));
#8068 = ( GEOMETRIC_REPRESENTATION_CONTEXT(2) 
PARAMETRIC_REPRESENTATION_CONTEXT() REPRESENTATION_CONTEXT('2D SPACE',''
  ) );
#8069 = PCURVE('',#2632,#8070);
#8070 = DEFINITIONAL_REPRESENTATION('',(#8071),#8074);
#8071 = B_SPLINE_CURVE_WITH_KNOTS('',1,(#8072,#8073),.UNSPECIFIED.,.F.,
  .F.,(2,2),(0.,159.),.PIECEWISE_BEZIER_KNOTS.);
#8072 = CARTESIAN_POINT('',(6.28318530718,0.));
#8073 = CARTESIAN_POINT('',(6.28318530718,159.));
#8074 = ( GEOMETRIC_REPRESENTATION_CONTEXT(2) 
PARAMETRIC_REPRESENTATION_CONTEXT() REPRESENTATION_CONTEXT('2D SPACE',''
  ) );
#8075 = ORIENTED_EDGE('',*,*,#5125,.T.);
#8076 = ORIENTED_EDGE('',*,*,#8077,.T.);
#8077 = EDGE_CURVE('',#5128,#2548,#8078,.T.);
#8078 = SURFACE_CURVE('',#8079,(#8083,#8089),.PCURVE_S1.);
#8079 = LINE('',#8080,#8081);
#8080 = CARTESIAN_POINT('',(11.362123760991,151.,244.31681435851));
#8081 = VECTOR('',#8082,1.);
#8082 = DIRECTION('',(0.,1.,0.));
#8083 = PCURVE('',#2568,#8084);
#8084 = DEFINITIONAL_REPRESENTATION('',(#8085),#8088);
#8085 = B_SPLINE_CURVE_WITH_KNOTS('',1,(#8086,#8087),.UNSPECIFIED.,.F.,
  .F.,(2,2),(51.9999994,57.0000006),.PIECEWISE_BEZIER_KNOTS.);
#8086 = CARTESIAN_POINT('',(3.503838996964,149.9999994));
#8087 = CARTESIAN_POINT('',(3.503838996964,155.0000006));
#8088 = ( GEOMETRIC_REPRESENTATION_CONTEXT(2) 
PARAMETRIC_REPRESENTATION_CONTEXT() REPRESENTATION_CONTEXT('2D SPACE',''
  ) );
#8089 = PCURVE('',#2601,#8090);
#8090 = DEFINITIONAL_REPRESENTATION('',(#8091),#8094);
#8091 = B_SPLINE_CURVE_WITH_KNOTS('',1,(#8092,#8093),.UNSPECIFIED.,.F.,
  .F.,(2,2),(51.9999994,57.0000006),.PIECEWISE_BEZIER_KNOTS.);
#8092 = CARTESIAN_POINT('',(2.240913538567,51.9999994));
#8093 = CARTESIAN_POINT('',(2.240913538567,57.0000006));
#8094 = ( GEOMETRIC_REPRESENTATION_CONTEXT(2) 
PARAMETRIC_REPRESENTATION_CONTEXT() REPRESENTATION_CONTEXT('2D SPACE',''
  ) );
#8095 = ORIENTED_EDGE('',*,*,#2545,.F.);
#8096 = ADVANCED_FACE('',(#8097),#2632,.F.);
#8097 = FACE_BOUND('',#8098,.F.);
#8098 = EDGE_LOOP('',(#8099,#8100,#8101,#8102));
#8099 = ORIENTED_EDGE('',*,*,#5183,.T.);
#8100 = ORIENTED_EDGE('',*,*,#8056,.T.);
#8101 = ORIENTED_EDGE('',*,*,#2613,.F.);
#8102 = ORIENTED_EDGE('',*,*,#8103,.F.);
#8103 = EDGE_CURVE('',#5156,#2581,#8104,.T.);
#8104 = SURFACE_CURVE('',#8105,(#8109,#8115),.PCURVE_S1.);
#8105 = LINE('',#8106,#8107);
#8106 = CARTESIAN_POINT('',(10.200953162086,151.,246.05857025687));
#8107 = VECTOR('',#8108,1.);
#8108 = DIRECTION('',(0.,1.,0.));
#8109 = PCURVE('',#2632,#8110);
#8110 = DEFINITIONAL_REPRESENTATION('',(#8111),#8114);
#8111 = B_SPLINE_CURVE_WITH_KNOTS('',1,(#8112,#8113),.UNSPECIFIED.,.F.,
  .F.,(2,2),(51.9999994,57.0000006),.PIECEWISE_BEZIER_KNOTS.);
#8112 = CARTESIAN_POINT('',(4.74493375671,149.9999994));
#8113 = CARTESIAN_POINT('',(4.74493375671,155.0000006));
#8114 = ( GEOMETRIC_REPRESENTATION_CONTEXT(2) 
PARAMETRIC_REPRESENTATION_CONTEXT() REPRESENTATION_CONTEXT('2D SPACE',''
  ) );
#8115 = PCURVE('',#2601,#8116);
#8116 = DEFINITIONAL_REPRESENTATION('',(#8117),#8120);
#8117 = B_SPLINE_CURVE_WITH_KNOTS('',1,(#8118,#8119),.UNSPECIFIED.,.F.,
  .F.,(2,2),(51.9999994,57.0000006),.PIECEWISE_BEZIER_KNOTS.);
#8118 = CARTESIAN_POINT('',(6.007859215107,51.9999994));
#8119 = CARTESIAN_POINT('',(6.007859215107,57.0000006));
#8120 = ( GEOMETRIC_REPRESENTATION_CONTEXT(2) 
PARAMETRIC_REPRESENTATION_CONTEXT() REPRESENTATION_CONTEXT('2D SPACE',''
  ) );
#8121 = ADVANCED_FACE('',(#8122),#2601,.F.);
#8122 = FACE_BOUND('',#8123,.F.);
#8123 = EDGE_LOOP('',(#8124,#8125,#8126,#8127));
#8124 = ORIENTED_EDGE('',*,*,#2580,.F.);
#8125 = ORIENTED_EDGE('',*,*,#8077,.F.);
#8126 = ORIENTED_EDGE('',*,*,#5155,.T.);
#8127 = ORIENTED_EDGE('',*,*,#8103,.T.);
#8128 = ADVANCED_FACE('',(#8129),#2667,.F.);
#8129 = FACE_BOUND('',#8130,.F.);
#8130 = EDGE_LOOP('',(#8131,#8132,#8153,#8154));
#8131 = ORIENTED_EDGE('',*,*,#2646,.F.);
#8132 = ORIENTED_EDGE('',*,*,#8133,.F.);
#8133 = EDGE_CURVE('',#5212,#2647,#8134,.T.);
#8134 = SEAM_CURVE('',#8135,(#8139,#8146),.PCURVE_S1.);
#8135 = LINE('',#8136,#8137);
#8136 = CARTESIAN_POINT('',(31.,143.,249.25));
#8137 = VECTOR('',#8138,1.);
#8138 = DIRECTION('',(0.,1.,0.));
#8139 = PCURVE('',#2667,#8140);
#8140 = DEFINITIONAL_REPRESENTATION('',(#8141),#8145);
#8141 = LINE('',#8142,#8143);
#8142 = CARTESIAN_POINT('',(6.28318530718,-0.));
#8143 = VECTOR('',#8144,1.);
#8144 = DIRECTION('',(0.,1.));
#8145 = ( GEOMETRIC_REPRESENTATION_CONTEXT(2) 
PARAMETRIC_REPRESENTATION_CONTEXT() REPRESENTATION_CONTEXT('2D SPACE',''
  ) );
#8146 = PCURVE('',#2667,#8147);
#8147 = DEFINITIONAL_REPRESENTATION('',(#8148),#8152);
#8148 = LINE('',#8149,#8150);
#8149 = CARTESIAN_POINT('',(0.,-0.));
#8150 = VECTOR('',#8151,1.);
#8151 = DIRECTION('',(0.,1.));
#8152 = ( GEOMETRIC_REPRESENTATION_CONTEXT(2) 
PARAMETRIC_REPRESENTATION_CONTEXT() REPRESENTATION_CONTEXT('2D SPACE',''
  ) );
#8153 = ORIENTED_EDGE('',*,*,#5211,.T.);
#8154 = ORIENTED_EDGE('',*,*,#8133,.T.);
#8155 = ADVANCED_FACE('',(#8156),#2702,.F.);
#8156 = FACE_BOUND('',#8157,.F.);
#8157 = EDGE_LOOP('',(#8158,#8159,#8180,#8181));
#8158 = ORIENTED_EDGE('',*,*,#2681,.F.);
#8159 = ORIENTED_EDGE('',*,*,#8160,.F.);
#8160 = EDGE_CURVE('',#5242,#2682,#8161,.T.);
#8161 = SEAM_CURVE('',#8162,(#8166,#8173),.PCURVE_S1.);
#8162 = LINE('',#8163,#8164);
#8163 = CARTESIAN_POINT('',(75.5,151.,246.1));
#8164 = VECTOR('',#8165,1.);
#8165 = DIRECTION('',(0.,1.,0.));
#8166 = PCURVE('',#2702,#8167);
#8167 = DEFINITIONAL_REPRESENTATION('',(#8168),#8172);
#8168 = LINE('',#8169,#8170);
#8169 = CARTESIAN_POINT('',(6.28318530718,-0.));
#8170 = VECTOR('',#8171,1.);
#8171 = DIRECTION('',(0.,1.));
#8172 = ( GEOMETRIC_REPRESENTATION_CONTEXT(2) 
PARAMETRIC_REPRESENTATION_CONTEXT() REPRESENTATION_CONTEXT('2D SPACE',''
  ) );
#8173 = PCURVE('',#2702,#8174);
#8174 = DEFINITIONAL_REPRESENTATION('',(#8175),#8179);
#8175 = LINE('',#8176,#8177);
#8176 = CARTESIAN_POINT('',(0.,-0.));
#8177 = VECTOR('',#8178,1.);
#8178 = DIRECTION('',(0.,1.));
#8179 = ( GEOMETRIC_REPRESENTATION_CONTEXT(2) 
PARAMETRIC_REPRESENTATION_CONTEXT() REPRESENTATION_CONTEXT('2D SPACE',''
  ) );
#8180 = ORIENTED_EDGE('',*,*,#5241,.T.);
#8181 = ORIENTED_EDGE('',*,*,#8160,.T.);
#8182 = ADVANCED_FACE('',(#8183),#2737,.F.);
#8183 = FACE_BOUND('',#8184,.F.);
#8184 = EDGE_LOOP('',(#8185,#8186,#8207,#8208));
#8185 = ORIENTED_EDGE('',*,*,#2716,.F.);
#8186 = ORIENTED_EDGE('',*,*,#8187,.F.);
#8187 = EDGE_CURVE('',#5272,#2717,#8188,.T.);
#8188 = SEAM_CURVE('',#8189,(#8193,#8200),.PCURVE_S1.);
#8189 = LINE('',#8190,#8191);
#8190 = CARTESIAN_POINT('',(84.5,151.,246.1));
#8191 = VECTOR('',#8192,1.);
#8192 = DIRECTION('',(0.,1.,0.));
#8193 = PCURVE('',#2737,#8194);
#8194 = DEFINITIONAL_REPRESENTATION('',(#8195),#8199);
#8195 = LINE('',#8196,#8197);
#8196 = CARTESIAN_POINT('',(6.28318530718,-0.));
#8197 = VECTOR('',#8198,1.);
#8198 = DIRECTION('',(0.,1.));
#8199 = ( GEOMETRIC_REPRESENTATION_CONTEXT(2) 
PARAMETRIC_REPRESENTATION_CONTEXT() REPRESENTATION_CONTEXT('2D SPACE',''
  ) );
#8200 = PCURVE('',#2737,#8201);
#8201 = DEFINITIONAL_REPRESENTATION('',(#8202),#8206);
#8202 = LINE('',#8203,#8204);
#8203 = CARTESIAN_POINT('',(0.,-0.));
#8204 = VECTOR('',#8205,1.);
#8205 = DIRECTION('',(0.,1.));
#8206 = ( GEOMETRIC_REPRESENTATION_CONTEXT(2) 
PARAMETRIC_REPRESENTATION_CONTEXT() REPRESENTATION_CONTEXT('2D SPACE',''
  ) );
#8207 = ORIENTED_EDGE('',*,*,#5271,.T.);
#8208 = ORIENTED_EDGE('',*,*,#8187,.T.);
#8209 = ADVANCED_FACE('',(#8210),#2768,.F.);
#8210 = FACE_BOUND('',#8211,.F.);
#8211 = EDGE_LOOP('',(#8212,#8213,#8234,#8235));
#8212 = ORIENTED_EDGE('',*,*,#2751,.T.);
#8213 = ORIENTED_EDGE('',*,*,#8214,.T.);
#8214 = EDGE_CURVE('',#2754,#5304,#8215,.T.);
#8215 = SURFACE_CURVE('',#8216,(#8220,#8227),.PCURVE_S1.);
#8216 = LINE('',#8217,#8218);
#8217 = CARTESIAN_POINT('',(247.,208.1,184.38989221983));
#8218 = VECTOR('',#8219,1.);
#8219 = DIRECTION('',(0.,-1.,0.));
#8220 = PCURVE('',#2768,#8221);
#8221 = DEFINITIONAL_REPRESENTATION('',(#8222),#8226);
#8222 = LINE('',#8223,#8224);
#8223 = CARTESIAN_POINT('',(0.,0.));
#8224 = VECTOR('',#8225,1.);
#8225 = DIRECTION('',(0.,-1.));
#8226 = ( GEOMETRIC_REPRESENTATION_CONTEXT(2) 
PARAMETRIC_REPRESENTATION_CONTEXT() REPRESENTATION_CONTEXT('2D SPACE',''
  ) );
#8227 = PCURVE('',#2857,#8228);
#8228 = DEFINITIONAL_REPRESENTATION('',(#8229),#8233);
#8229 = LINE('',#8230,#8231);
#8230 = CARTESIAN_POINT('',(3.14159265359,0.));
#8231 = VECTOR('',#8232,1.);
#8232 = DIRECTION('',(0.,-1.));
#8233 = ( GEOMETRIC_REPRESENTATION_CONTEXT(2) 
PARAMETRIC_REPRESENTATION_CONTEXT() REPRESENTATION_CONTEXT('2D SPACE',''
  ) );
#8234 = ORIENTED_EDGE('',*,*,#5301,.F.);
#8235 = ORIENTED_EDGE('',*,*,#8236,.F.);
#8236 = EDGE_CURVE('',#2752,#5302,#8237,.T.);
#8237 = SURFACE_CURVE('',#8238,(#8242,#8249),.PCURVE_S1.);
#8238 = LINE('',#8239,#8240);
#8239 = CARTESIAN_POINT('',(247.,208.1,216.38989221983));
#8240 = VECTOR('',#8241,1.);
#8241 = DIRECTION('',(0.,-1.,0.));
#8242 = PCURVE('',#2768,#8243);
#8243 = DEFINITIONAL_REPRESENTATION('',(#8244),#8248);
#8244 = LINE('',#8245,#8246);
#8245 = CARTESIAN_POINT('',(32.,0.));
#8246 = VECTOR('',#8247,1.);
#8247 = DIRECTION('',(0.,-1.));
#8248 = ( GEOMETRIC_REPRESENTATION_CONTEXT(2) 
PARAMETRIC_REPRESENTATION_CONTEXT() REPRESENTATION_CONTEXT('2D SPACE',''
  ) );
#8249 = PCURVE('',#2800,#8250);
#8250 = DEFINITIONAL_REPRESENTATION('',(#8251),#8255);
#8251 = LINE('',#8252,#8253);
#8252 = CARTESIAN_POINT('',(0.,0.));
#8253 = VECTOR('',#8254,1.);
#8254 = DIRECTION('',(0.,-1.));
#8255 = ( GEOMETRIC_REPRESENTATION_CONTEXT(2) 
PARAMETRIC_REPRESENTATION_CONTEXT() REPRESENTATION_CONTEXT('2D SPACE',''
  ) );
#8256 = ADVANCED_FACE('',(#8257),#2800,.F.);
#8257 = FACE_BOUND('',#8258,.F.);
#8258 = EDGE_LOOP('',(#8259,#8260,#8261,#8262));
#8259 = ORIENTED_EDGE('',*,*,#2779,.F.);
#8260 = ORIENTED_EDGE('',*,*,#8236,.T.);
#8261 = ORIENTED_EDGE('',*,*,#5324,.T.);
#8262 = ORIENTED_EDGE('',*,*,#8263,.F.);
#8263 = EDGE_CURVE('',#2780,#5325,#8264,.T.);
#8264 = SURFACE_CURVE('',#8265,(#8269,#8276),.PCURVE_S1.);
#8265 = LINE('',#8266,#8267);
#8266 = CARTESIAN_POINT('',(259.,208.1,216.38989221983));
#8267 = VECTOR('',#8268,1.);
#8268 = DIRECTION('',(0.,-1.,0.));
#8269 = PCURVE('',#2800,#8270);
#8270 = DEFINITIONAL_REPRESENTATION('',(#8271),#8275);
#8271 = LINE('',#8272,#8273);
#8272 = CARTESIAN_POINT('',(3.14159265359,0.));
#8273 = VECTOR('',#8274,1.);
#8274 = DIRECTION('',(0.,-1.));
#8275 = ( GEOMETRIC_REPRESENTATION_CONTEXT(2) 
PARAMETRIC_REPRESENTATION_CONTEXT() REPRESENTATION_CONTEXT('2D SPACE',''
  ) );
#8276 = PCURVE('',#2827,#8277);
#8277 = DEFINITIONAL_REPRESENTATION('',(#8278),#8282);
#8278 = LINE('',#8279,#8280);
#8279 = CARTESIAN_POINT('',(0.,0.));
#8280 = VECTOR('',#8281,1.);
#8281 = DIRECTION('',(0.,-1.));
#8282 = ( GEOMETRIC_REPRESENTATION_CONTEXT(2) 
PARAMETRIC_REPRESENTATION_CONTEXT() REPRESENTATION_CONTEXT('2D SPACE',''
  ) );
#8283 = ADVANCED_FACE('',(#8284),#2857,.F.);
#8284 = FACE_BOUND('',#8285,.F.);
#8285 = EDGE_LOOP('',(#8286,#8287,#8308,#8309));
#8286 = ORIENTED_EDGE('',*,*,#2838,.F.);
#8287 = ORIENTED_EDGE('',*,*,#8288,.T.);
#8288 = EDGE_CURVE('',#2813,#5353,#8289,.T.);
#8289 = SURFACE_CURVE('',#8290,(#8294,#8301),.PCURVE_S1.);
#8290 = LINE('',#8291,#8292);
#8291 = CARTESIAN_POINT('',(259.,208.1,184.38989221983));
#8292 = VECTOR('',#8293,1.);
#8293 = DIRECTION('',(0.,-1.,0.));
#8294 = PCURVE('',#2857,#8295);
#8295 = DEFINITIONAL_REPRESENTATION('',(#8296),#8300);
#8296 = LINE('',#8297,#8298);
#8297 = CARTESIAN_POINT('',(0.,0.));
#8298 = VECTOR('',#8299,1.);
#8299 = DIRECTION('',(0.,-1.));
#8300 = ( GEOMETRIC_REPRESENTATION_CONTEXT(2) 
PARAMETRIC_REPRESENTATION_CONTEXT() REPRESENTATION_CONTEXT('2D SPACE',''
  ) );
#8301 = PCURVE('',#2827,#8302);
#8302 = DEFINITIONAL_REPRESENTATION('',(#8303),#8307);
#8303 = LINE('',#8304,#8305);
#8304 = CARTESIAN_POINT('',(32.,0.));
#8305 = VECTOR('',#8306,1.);
#8306 = DIRECTION('',(0.,-1.));
#8307 = ( GEOMETRIC_REPRESENTATION_CONTEXT(2) 
PARAMETRIC_REPRESENTATION_CONTEXT() REPRESENTATION_CONTEXT('2D SPACE',''
  ) );
#8308 = ORIENTED_EDGE('',*,*,#5373,.T.);
#8309 = ORIENTED_EDGE('',*,*,#8214,.F.);
#8310 = ADVANCED_FACE('',(#8311),#2827,.F.);
#8311 = FACE_BOUND('',#8312,.F.);
#8312 = EDGE_LOOP('',(#8313,#8314,#8315,#8316));
#8313 = ORIENTED_EDGE('',*,*,#2812,.T.);
#8314 = ORIENTED_EDGE('',*,*,#8263,.T.);
#8315 = ORIENTED_EDGE('',*,*,#5352,.F.);
#8316 = ORIENTED_EDGE('',*,*,#8288,.F.);
#8317 = ADVANCED_FACE('',(#8318),#2892,.F.);
#8318 = FACE_BOUND('',#8319,.F.);
#8319 = EDGE_LOOP('',(#8320,#8321,#8342,#8343));
#8320 = ORIENTED_EDGE('',*,*,#2871,.F.);
#8321 = ORIENTED_EDGE('',*,*,#8322,.F.);
#8322 = EDGE_CURVE('',#5402,#2872,#8323,.T.);
#8323 = SEAM_CURVE('',#8324,(#8328,#8335),.PCURVE_S1.);
#8324 = LINE('',#8325,#8326);
#8325 = CARTESIAN_POINT('',(145.5,151.,246.1));
#8326 = VECTOR('',#8327,1.);
#8327 = DIRECTION('',(0.,1.,0.));
#8328 = PCURVE('',#2892,#8329);
#8329 = DEFINITIONAL_REPRESENTATION('',(#8330),#8334);
#8330 = LINE('',#8331,#8332);
#8331 = CARTESIAN_POINT('',(6.28318530718,-0.));
#8332 = VECTOR('',#8333,1.);
#8333 = DIRECTION('',(0.,1.));
#8334 = ( GEOMETRIC_REPRESENTATION_CONTEXT(2) 
PARAMETRIC_REPRESENTATION_CONTEXT() REPRESENTATION_CONTEXT('2D SPACE',''
  ) );
#8335 = PCURVE('',#2892,#8336);
#8336 = DEFINITIONAL_REPRESENTATION('',(#8337),#8341);
#8337 = LINE('',#8338,#8339);
#8338 = CARTESIAN_POINT('',(0.,-0.));
#8339 = VECTOR('',#8340,1.);
#8340 = DIRECTION('',(0.,1.));
#8341 = ( GEOMETRIC_REPRESENTATION_CONTEXT(2) 
PARAMETRIC_REPRESENTATION_CONTEXT() REPRESENTATION_CONTEXT('2D SPACE',''
  ) );
#8342 = ORIENTED_EDGE('',*,*,#5401,.T.);
#8343 = ORIENTED_EDGE('',*,*,#8322,.T.);
#8344 = ADVANCED_FACE('',(#8345),#2927,.F.);
#8345 = FACE_BOUND('',#8346,.F.);
#8346 = EDGE_LOOP('',(#8347,#8348,#8369,#8370));
#8347 = ORIENTED_EDGE('',*,*,#2906,.F.);
#8348 = ORIENTED_EDGE('',*,*,#8349,.F.);
#8349 = EDGE_CURVE('',#5432,#2907,#8350,.T.);
#8350 = SEAM_CURVE('',#8351,(#8355,#8362),.PCURVE_S1.);
#8351 = LINE('',#8352,#8353);
#8352 = CARTESIAN_POINT('',(154.5,151.,246.1));
#8353 = VECTOR('',#8354,1.);
#8354 = DIRECTION('',(0.,1.,0.));
#8355 = PCURVE('',#2927,#8356);
#8356 = DEFINITIONAL_REPRESENTATION('',(#8357),#8361);
#8357 = LINE('',#8358,#8359);
#8358 = CARTESIAN_POINT('',(6.28318530718,-0.));
#8359 = VECTOR('',#8360,1.);
#8360 = DIRECTION('',(0.,1.));
#8361 = ( GEOMETRIC_REPRESENTATION_CONTEXT(2) 
PARAMETRIC_REPRESENTATION_CONTEXT() REPRESENTATION_CONTEXT('2D SPACE',''
  ) );
#8362 = PCURVE('',#2927,#8363);
#8363 = DEFINITIONAL_REPRESENTATION('',(#8364),#8368);
#8364 = LINE('',#8365,#8366);
#8365 = CARTESIAN_POINT('',(0.,-0.));
#8366 = VECTOR('',#8367,1.);
#8367 = DIRECTION('',(0.,1.));
#8368 = ( GEOMETRIC_REPRESENTATION_CONTEXT(2) 
PARAMETRIC_REPRESENTATION_CONTEXT() REPRESENTATION_CONTEXT('2D SPACE',''
  ) );
#8369 = ORIENTED_EDGE('',*,*,#5431,.T.);
#8370 = ORIENTED_EDGE('',*,*,#8349,.T.);
#8371 = ADVANCED_FACE('',(#8372),#2962,.F.);
#8372 = FACE_BOUND('',#8373,.F.);
#8373 = EDGE_LOOP('',(#8374,#8375,#8396,#8397));
#8374 = ORIENTED_EDGE('',*,*,#2941,.F.);
#8375 = ORIENTED_EDGE('',*,*,#8376,.F.);
#8376 = EDGE_CURVE('',#5462,#2942,#8377,.T.);
#8377 = SEAM_CURVE('',#8378,(#8382,#8389),.PCURVE_S1.);
#8378 = LINE('',#8379,#8380);
#8379 = CARTESIAN_POINT('',(253.,143.,235.25));
#8380 = VECTOR('',#8381,1.);
#8381 = DIRECTION('',(0.,1.,0.));
#8382 = PCURVE('',#2962,#8383);
#8383 = DEFINITIONAL_REPRESENTATION('',(#8384),#8388);
#8384 = LINE('',#8385,#8386);
#8385 = CARTESIAN_POINT('',(6.28318530718,-0.));
#8386 = VECTOR('',#8387,1.);
#8387 = DIRECTION('',(0.,1.));
#8388 = ( GEOMETRIC_REPRESENTATION_CONTEXT(2) 
PARAMETRIC_REPRESENTATION_CONTEXT() REPRESENTATION_CONTEXT('2D SPACE',''
  ) );
#8389 = PCURVE('',#2962,#8390);
#8390 = DEFINITIONAL_REPRESENTATION('',(#8391),#8395);
#8391 = LINE('',#8392,#8393);
#8392 = CARTESIAN_POINT('',(0.,-0.));
#8393 = VECTOR('',#8394,1.);
#8394 = DIRECTION('',(0.,1.));
#8395 = ( GEOMETRIC_REPRESENTATION_CONTEXT(2) 
PARAMETRIC_REPRESENTATION_CONTEXT() REPRESENTATION_CONTEXT('2D SPACE',''
  ) );
#8396 = ORIENTED_EDGE('',*,*,#5461,.T.);
#8397 = ORIENTED_EDGE('',*,*,#8376,.T.);
#8398 = ADVANCED_FACE('',(#8399),#2997,.F.);
#8399 = FACE_BOUND('',#8400,.F.);
#8400 = EDGE_LOOP('',(#8401,#8402,#8423,#8424));
#8401 = ORIENTED_EDGE('',*,*,#2976,.F.);
#8402 = ORIENTED_EDGE('',*,*,#8403,.F.);
#8403 = EDGE_CURVE('',#5492,#2977,#8404,.T.);
#8404 = SEAM_CURVE('',#8405,(#8409,#8416),.PCURVE_S1.);
#8405 = LINE('',#8406,#8407);
#8406 = CARTESIAN_POINT('',(230.5,151.,246.1));
#8407 = VECTOR('',#8408,1.);
#8408 = DIRECTION('',(0.,1.,0.));
#8409 = PCURVE('',#2997,#8410);
#8410 = DEFINITIONAL_REPRESENTATION('',(#8411),#8415);
#8411 = LINE('',#8412,#8413);
#8412 = CARTESIAN_POINT('',(6.28318530718,-0.));
#8413 = VECTOR('',#8414,1.);
#8414 = DIRECTION('',(0.,1.));
#8415 = ( GEOMETRIC_REPRESENTATION_CONTEXT(2) 
PARAMETRIC_REPRESENTATION_CONTEXT() REPRESENTATION_CONTEXT('2D SPACE',''
  ) );
#8416 = PCURVE('',#2997,#8417);
#8417 = DEFINITIONAL_REPRESENTATION('',(#8418),#8422);
#8418 = LINE('',#8419,#8420);
#8419 = CARTESIAN_POINT('',(0.,-0.));
#8420 = VECTOR('',#8421,1.);
#8421 = DIRECTION('',(0.,1.));
#8422 = ( GEOMETRIC_REPRESENTATION_CONTEXT(2) 
PARAMETRIC_REPRESENTATION_CONTEXT() REPRESENTATION_CONTEXT('2D SPACE',''
  ) );
#8423 = ORIENTED_EDGE('',*,*,#5491,.T.);
#8424 = ORIENTED_EDGE('',*,*,#8403,.T.);
#8425 = ADVANCED_FACE('',(#8426),#3032,.F.);
#8426 = FACE_BOUND('',#8427,.F.);
#8427 = EDGE_LOOP('',(#8428,#8429,#8450,#8451));
#8428 = ORIENTED_EDGE('',*,*,#3011,.F.);
#8429 = ORIENTED_EDGE('',*,*,#8430,.F.);
#8430 = EDGE_CURVE('',#5522,#3012,#8431,.T.);
#8431 = SEAM_CURVE('',#8432,(#8436,#8443),.PCURVE_S1.);
#8432 = LINE('',#8433,#8434);
#8433 = CARTESIAN_POINT('',(239.5,151.,246.1));
#8434 = VECTOR('',#8435,1.);
#8435 = DIRECTION('',(0.,1.,0.));
#8436 = PCURVE('',#3032,#8437);
#8437 = DEFINITIONAL_REPRESENTATION('',(#8438),#8442);
#8438 = LINE('',#8439,#8440);
#8439 = CARTESIAN_POINT('',(6.28318530718,-0.));
#8440 = VECTOR('',#8441,1.);
#8441 = DIRECTION('',(0.,1.));
#8442 = ( GEOMETRIC_REPRESENTATION_CONTEXT(2) 
PARAMETRIC_REPRESENTATION_CONTEXT() REPRESENTATION_CONTEXT('2D SPACE',''
  ) );
#8443 = PCURVE('',#3032,#8444);
#8444 = DEFINITIONAL_REPRESENTATION('',(#8445),#8449);
#8445 = LINE('',#8446,#8447);
#8446 = CARTESIAN_POINT('',(0.,-0.));
#8447 = VECTOR('',#8448,1.);
#8448 = DIRECTION('',(0.,1.));
#8449 = ( GEOMETRIC_REPRESENTATION_CONTEXT(2) 
PARAMETRIC_REPRESENTATION_CONTEXT() REPRESENTATION_CONTEXT('2D SPACE',''
  ) );
#8450 = ORIENTED_EDGE('',*,*,#5521,.T.);
#8451 = ORIENTED_EDGE('',*,*,#8430,.T.);
#8452 = ADVANCED_FACE('',(#8453),#3067,.F.);
#8453 = FACE_BOUND('',#8454,.F.);
#8454 = EDGE_LOOP('',(#8455,#8456,#8477,#8478));
#8455 = ORIENTED_EDGE('',*,*,#3046,.F.);
#8456 = ORIENTED_EDGE('',*,*,#8457,.F.);
#8457 = EDGE_CURVE('',#5552,#3047,#8458,.T.);
#8458 = SEAM_CURVE('',#8459,(#8463,#8470),.PCURVE_S1.);
#8459 = LINE('',#8460,#8461);
#8460 = CARTESIAN_POINT('',(253.,143.,249.25));
#8461 = VECTOR('',#8462,1.);
#8462 = DIRECTION('',(0.,1.,0.));
#8463 = PCURVE('',#3067,#8464);
#8464 = DEFINITIONAL_REPRESENTATION('',(#8465),#8469);
#8465 = LINE('',#8466,#8467);
#8466 = CARTESIAN_POINT('',(6.28318530718,-0.));
#8467 = VECTOR('',#8468,1.);
#8468 = DIRECTION('',(0.,1.));
#8469 = ( GEOMETRIC_REPRESENTATION_CONTEXT(2) 
PARAMETRIC_REPRESENTATION_CONTEXT() REPRESENTATION_CONTEXT('2D SPACE',''
  ) );
#8470 = PCURVE('',#3067,#8471);
#8471 = DEFINITIONAL_REPRESENTATION('',(#8472),#8476);
#8472 = LINE('',#8473,#8474);
#8473 = CARTESIAN_POINT('',(0.,-0.));
#8474 = VECTOR('',#8475,1.);
#8475 = DIRECTION('',(0.,1.));
#8476 = ( GEOMETRIC_REPRESENTATION_CONTEXT(2) 
PARAMETRIC_REPRESENTATION_CONTEXT() REPRESENTATION_CONTEXT('2D SPACE',''
  ) );
#8477 = ORIENTED_EDGE('',*,*,#5551,.T.);
#8478 = ORIENTED_EDGE('',*,*,#8457,.T.);
#8479 = ADVANCED_FACE('',(#8480),#3098,.T.);
#8480 = FACE_BOUND('',#8481,.T.);
#8481 = EDGE_LOOP('',(#8482,#8500,#8501,#8502));
#8482 = ORIENTED_EDGE('',*,*,#8483,.F.);
#8483 = EDGE_CURVE('',#3198,#5751,#8484,.T.);
#8484 = SURFACE_CURVE('',#8485,(#8488,#8494),.PCURVE_S1.);
#8485 = B_SPLINE_CURVE_WITH_KNOTS('',1,(#8486,#8487),.UNSPECIFIED.,.F.,
  .F.,(2,2),(0.,23.),.PIECEWISE_BEZIER_KNOTS.);
#8486 = CARTESIAN_POINT('',(46.586605785827,183.43011325446,
    141.38989221983));
#8487 = CARTESIAN_POINT('',(46.586605785827,206.43011325446,
    141.38989221983));
#8488 = PCURVE('',#3098,#8489);
#8489 = DEFINITIONAL_REPRESENTATION('',(#8490),#8493);
#8490 = B_SPLINE_CURVE_WITH_KNOTS('',1,(#8491,#8492),.UNSPECIFIED.,.F.,
  .F.,(2,2),(0.,23.),.PIECEWISE_BEZIER_KNOTS.);
#8491 = CARTESIAN_POINT('',(2.,0.));
#8492 = CARTESIAN_POINT('',(2.,-23.));
#8493 = ( GEOMETRIC_REPRESENTATION_CONTEXT(2) 
PARAMETRIC_REPRESENTATION_CONTEXT() REPRESENTATION_CONTEXT('2D SPACE',''
  ) );
#8494 = PCURVE('',#3231,#8495);
#8495 = DEFINITIONAL_REPRESENTATION('',(#8496),#8499);
#8496 = B_SPLINE_CURVE_WITH_KNOTS('',1,(#8497,#8498),.UNSPECIFIED.,.F.,
  .F.,(2,2),(0.,23.),.PIECEWISE_BEZIER_KNOTS.);
#8497 = CARTESIAN_POINT('',(30.,0.));
#8498 = CARTESIAN_POINT('',(30.,23.));
#8499 = ( GEOMETRIC_REPRESENTATION_CONTEXT(2) 
PARAMETRIC_REPRESENTATION_CONTEXT() REPRESENTATION_CONTEXT('2D SPACE',''
  ) );
#8500 = ORIENTED_EDGE('',*,*,#3197,.T.);
#8501 = ORIENTED_EDGE('',*,*,#3082,.T.);
#8502 = ORIENTED_EDGE('',*,*,#5770,.T.);
#8503 = ADVANCED_FACE('',(#8504),#3532,.F.);
#8504 = FACE_BOUND('',#8505,.F.);
#8505 = EDGE_LOOP('',(#8506,#8524,#8525,#8526));
#8506 = ORIENTED_EDGE('',*,*,#8507,.F.);
#8507 = EDGE_CURVE('',#3494,#5794,#8508,.T.);
#8508 = SURFACE_CURVE('',#8509,(#8512,#8518),.PCURVE_S1.);
#8509 = B_SPLINE_CURVE_WITH_KNOTS('',1,(#8510,#8511),.UNSPECIFIED.,.F.,
  .F.,(2,2),(0.,23.),.PIECEWISE_BEZIER_KNOTS.);
#8510 = CARTESIAN_POINT('',(233.35251142247,183.43011325446,
    141.38989221983));
#8511 = CARTESIAN_POINT('',(233.35251142247,206.43011325446,
    141.38989221983));
#8512 = PCURVE('',#3532,#8513);
#8513 = DEFINITIONAL_REPRESENTATION('',(#8514),#8517);
#8514 = B_SPLINE_CURVE_WITH_KNOTS('',1,(#8515,#8516),.UNSPECIFIED.,.F.,
  .F.,(2,2),(0.,23.),.PIECEWISE_BEZIER_KNOTS.);
#8515 = CARTESIAN_POINT('',(2.,0.));
#8516 = CARTESIAN_POINT('',(2.,-23.));
#8517 = ( GEOMETRIC_REPRESENTATION_CONTEXT(2) 
PARAMETRIC_REPRESENTATION_CONTEXT() REPRESENTATION_CONTEXT('2D SPACE',''
  ) );
#8518 = PCURVE('',#3507,#8519);
#8519 = DEFINITIONAL_REPRESENTATION('',(#8520),#8523);
#8520 = B_SPLINE_CURVE_WITH_KNOTS('',1,(#8521,#8522),.UNSPECIFIED.,.F.,
  .F.,(2,2),(0.,23.),.PIECEWISE_BEZIER_KNOTS.);
#8521 = CARTESIAN_POINT('',(0.,0.));
#8522 = CARTESIAN_POINT('',(0.,23.));
#8523 = ( GEOMETRIC_REPRESENTATION_CONTEXT(2) 
PARAMETRIC_REPRESENTATION_CONTEXT() REPRESENTATION_CONTEXT('2D SPACE',''
  ) );
#8524 = ORIENTED_EDGE('',*,*,#3518,.T.);
#8525 = ORIENTED_EDGE('',*,*,#5705,.T.);
#8526 = ORIENTED_EDGE('',*,*,#5813,.T.);
#8527 = ADVANCED_FACE('',(#8528),#3231,.T.);
#8528 = FACE_BOUND('',#8529,.T.);
#8529 = EDGE_LOOP('',(#8530,#8548,#8549,#8550));
#8530 = ORIENTED_EDGE('',*,*,#8531,.F.);
#8531 = EDGE_CURVE('',#3218,#5837,#8532,.T.);
#8532 = SURFACE_CURVE('',#8533,(#8536,#8542),.PCURVE_S1.);
#8533 = B_SPLINE_CURVE_WITH_KNOTS('',1,(#8534,#8535),.UNSPECIFIED.,.F.,
  .F.,(2,2),(0.,23.),.PIECEWISE_BEZIER_KNOTS.);
#8534 = CARTESIAN_POINT('',(76.586605785827,183.43011325446,
    141.38989221983));
#8535 = CARTESIAN_POINT('',(76.586605785827,206.43011325446,
    141.38989221983));
#8536 = PCURVE('',#3231,#8537);
#8537 = DEFINITIONAL_REPRESENTATION('',(#8538),#8541);
#8538 = B_SPLINE_CURVE_WITH_KNOTS('',1,(#8539,#8540),.UNSPECIFIED.,.F.,
  .F.,(2,2),(0.,23.),.PIECEWISE_BEZIER_KNOTS.);
#8539 = CARTESIAN_POINT('',(0.,0.));
#8540 = CARTESIAN_POINT('',(0.,23.));
#8541 = ( GEOMETRIC_REPRESENTATION_CONTEXT(2) 
PARAMETRIC_REPRESENTATION_CONTEXT() REPRESENTATION_CONTEXT('2D SPACE',''
  ) );
#8542 = PCURVE('',#3256,#8543);
#8543 = DEFINITIONAL_REPRESENTATION('',(#8544),#8547);
#8544 = B_SPLINE_CURVE_WITH_KNOTS('',1,(#8545,#8546),.UNSPECIFIED.,.F.,
  .F.,(2,2),(0.,23.),.PIECEWISE_BEZIER_KNOTS.);
#8545 = CARTESIAN_POINT('',(2.,0.));
#8546 = CARTESIAN_POINT('',(2.,-23.));
#8547 = ( GEOMETRIC_REPRESENTATION_CONTEXT(2) 
PARAMETRIC_REPRESENTATION_CONTEXT() REPRESENTATION_CONTEXT('2D SPACE',''
  ) );
#8548 = ORIENTED_EDGE('',*,*,#3217,.F.);
#8549 = ORIENTED_EDGE('',*,*,#8483,.T.);
#8550 = ORIENTED_EDGE('',*,*,#5856,.F.);
#8551 = ADVANCED_FACE('',(#8552),#3507,.T.);
#8552 = FACE_BOUND('',#8553,.T.);
#8553 = EDGE_LOOP('',(#8554,#8555,#8556,#8574));
#8554 = ORIENTED_EDGE('',*,*,#8507,.F.);
#8555 = ORIENTED_EDGE('',*,*,#3493,.F.);
#8556 = ORIENTED_EDGE('',*,*,#8557,.T.);
#8557 = EDGE_CURVE('',#3469,#5881,#8558,.T.);
#8558 = SURFACE_CURVE('',#8559,(#8562,#8568),.PCURVE_S1.);
#8559 = B_SPLINE_CURVE_WITH_KNOTS('',1,(#8560,#8561),.UNSPECIFIED.,.F.,
  .F.,(2,2),(0.,23.),.PIECEWISE_BEZIER_KNOTS.);
#8560 = CARTESIAN_POINT('',(203.35251142247,183.43011325446,
    141.38989221983));
#8561 = CARTESIAN_POINT('',(203.35251142247,206.43011325446,
    141.38989221983));
#8562 = PCURVE('',#3507,#8563);
#8563 = DEFINITIONAL_REPRESENTATION('',(#8564),#8567);
#8564 = B_SPLINE_CURVE_WITH_KNOTS('',1,(#8565,#8566),.UNSPECIFIED.,.F.,
  .F.,(2,2),(0.,23.),.PIECEWISE_BEZIER_KNOTS.);
#8565 = CARTESIAN_POINT('',(30.,0.));
#8566 = CARTESIAN_POINT('',(30.,23.));
#8567 = ( GEOMETRIC_REPRESENTATION_CONTEXT(2) 
PARAMETRIC_REPRESENTATION_CONTEXT() REPRESENTATION_CONTEXT('2D SPACE',''
  ) );
#8568 = PCURVE('',#3482,#8569);
#8569 = DEFINITIONAL_REPRESENTATION('',(#8570),#8573);
#8570 = B_SPLINE_CURVE_WITH_KNOTS('',1,(#8571,#8572),.UNSPECIFIED.,.F.,
  .F.,(2,2),(0.,23.),.PIECEWISE_BEZIER_KNOTS.);
#8571 = CARTESIAN_POINT('',(2.,0.));
#8572 = CARTESIAN_POINT('',(2.,-23.));
#8573 = ( GEOMETRIC_REPRESENTATION_CONTEXT(2) 
PARAMETRIC_REPRESENTATION_CONTEXT() REPRESENTATION_CONTEXT('2D SPACE',''
  ) );
#8574 = ORIENTED_EDGE('',*,*,#5880,.F.);
#8575 = ADVANCED_FACE('',(#8576),#3256,.F.);
#8576 = FACE_BOUND('',#8577,.F.);
#8577 = EDGE_LOOP('',(#8578,#8579,#8580,#8581));
#8578 = ORIENTED_EDGE('',*,*,#8531,.F.);
#8579 = ORIENTED_EDGE('',*,*,#3242,.T.);
#8580 = ORIENTED_EDGE('',*,*,#6008,.T.);
#8581 = ORIENTED_EDGE('',*,*,#5923,.T.);
#8582 = ADVANCED_FACE('',(#8583),#3482,.T.);
#8583 = FACE_BOUND('',#8584,.T.);
#8584 = EDGE_LOOP('',(#8585,#8586,#8587,#8588));
#8585 = ORIENTED_EDGE('',*,*,#8557,.F.);
#8586 = ORIENTED_EDGE('',*,*,#3468,.T.);
#8587 = ORIENTED_EDGE('',*,*,#6070,.T.);
#8588 = ORIENTED_EDGE('',*,*,#5966,.T.);
#8589 = ADVANCED_FACE('',(#8590),#3344,.T.);
#8590 = FACE_BOUND('',#8591,.T.);
#8591 = EDGE_LOOP('',(#8592,#8610,#8611,#8612));
#8592 = ORIENTED_EDGE('',*,*,#8593,.F.);
#8593 = EDGE_CURVE('',#3331,#6313,#8594,.T.);
#8594 = SURFACE_CURVE('',#8595,(#8598,#8604),.PCURVE_S1.);
#8595 = B_SPLINE_CURVE_WITH_KNOTS('',1,(#8596,#8597),.UNSPECIFIED.,.F.,
  .F.,(2,2),(0.,21.),.PIECEWISE_BEZIER_KNOTS.);
#8596 = CARTESIAN_POINT('',(117.96955860415,185.43011325446,
    141.38989221983));
#8597 = CARTESIAN_POINT('',(117.96955860415,206.43011325446,
    141.38989221983));
#8598 = PCURVE('',#3344,#8599);
#8599 = DEFINITIONAL_REPRESENTATION('',(#8600),#8603);
#8600 = B_SPLINE_CURVE_WITH_KNOTS('',1,(#8601,#8602),.UNSPECIFIED.,.F.,
  .F.,(2,2),(0.,21.),.PIECEWISE_BEZIER_KNOTS.);
#8601 = CARTESIAN_POINT('',(2.,0.));
#8602 = CARTESIAN_POINT('',(2.,-21.));
#8603 = ( GEOMETRIC_REPRESENTATION_CONTEXT(2) 
PARAMETRIC_REPRESENTATION_CONTEXT() REPRESENTATION_CONTEXT('2D SPACE',''
  ) );
#8604 = PCURVE('',#3369,#8605);
#8605 = DEFINITIONAL_REPRESENTATION('',(#8606),#8609);
#8606 = B_SPLINE_CURVE_WITH_KNOTS('',1,(#8607,#8608),.UNSPECIFIED.,.F.,
  .F.,(2,2),(0.,21.),.PIECEWISE_BEZIER_KNOTS.);
#8607 = CARTESIAN_POINT('',(44.,0.));
#8608 = CARTESIAN_POINT('',(44.,21.));
#8609 = ( GEOMETRIC_REPRESENTATION_CONTEXT(2) 
PARAMETRIC_REPRESENTATION_CONTEXT() REPRESENTATION_CONTEXT('2D SPACE',''
  ) );
#8610 = ORIENTED_EDGE('',*,*,#3330,.T.);
#8611 = ORIENTED_EDGE('',*,*,#6222,.T.);
#8612 = ORIENTED_EDGE('',*,*,#6332,.T.);
#8613 = ADVANCED_FACE('',(#8614),#3394,.F.);
#8614 = FACE_BOUND('',#8615,.F.);
#8615 = EDGE_LOOP('',(#8616,#8634,#8635,#8636));
#8616 = ORIENTED_EDGE('',*,*,#8617,.F.);
#8617 = EDGE_CURVE('',#3356,#6356,#8618,.T.);
#8618 = SURFACE_CURVE('',#8619,(#8622,#8628),.PCURVE_S1.);
#8619 = B_SPLINE_CURVE_WITH_KNOTS('',1,(#8620,#8621),.UNSPECIFIED.,.F.,
  .F.,(2,2),(0.,21.),.PIECEWISE_BEZIER_KNOTS.);
#8620 = CARTESIAN_POINT('',(161.96955860415,185.43011325446,
    141.38989221983));
#8621 = CARTESIAN_POINT('',(161.96955860415,206.43011325446,
    141.38989221983));
#8622 = PCURVE('',#3394,#8623);
#8623 = DEFINITIONAL_REPRESENTATION('',(#8624),#8627);
#8624 = B_SPLINE_CURVE_WITH_KNOTS('',1,(#8625,#8626),.UNSPECIFIED.,.F.,
  .F.,(2,2),(0.,21.),.PIECEWISE_BEZIER_KNOTS.);
#8625 = CARTESIAN_POINT('',(2.,0.));
#8626 = CARTESIAN_POINT('',(2.,-21.));
#8627 = ( GEOMETRIC_REPRESENTATION_CONTEXT(2) 
PARAMETRIC_REPRESENTATION_CONTEXT() REPRESENTATION_CONTEXT('2D SPACE',''
  ) );
#8628 = PCURVE('',#3369,#8629);
#8629 = DEFINITIONAL_REPRESENTATION('',(#8630),#8633);
#8630 = B_SPLINE_CURVE_WITH_KNOTS('',1,(#8631,#8632),.UNSPECIFIED.,.F.,
  .F.,(2,2),(0.,21.),.PIECEWISE_BEZIER_KNOTS.);
#8631 = CARTESIAN_POINT('',(0.,0.));
#8632 = CARTESIAN_POINT('',(0.,21.));
#8633 = ( GEOMETRIC_REPRESENTATION_CONTEXT(2) 
PARAMETRIC_REPRESENTATION_CONTEXT() REPRESENTATION_CONTEXT('2D SPACE',''
  ) );
#8634 = ORIENTED_EDGE('',*,*,#3380,.T.);
#8635 = ORIENTED_EDGE('',*,*,#6267,.T.);
#8636 = ORIENTED_EDGE('',*,*,#6375,.T.);
#8637 = ADVANCED_FACE('',(#8638),#3369,.T.);
#8638 = FACE_BOUND('',#8639,.T.);
#8639 = EDGE_LOOP('',(#8640,#8641,#8642,#8643));
#8640 = ORIENTED_EDGE('',*,*,#8617,.F.);
#8641 = ORIENTED_EDGE('',*,*,#3355,.F.);
#8642 = ORIENTED_EDGE('',*,*,#8593,.T.);
#8643 = ORIENTED_EDGE('',*,*,#6399,.F.);
#8644 = ( GEOMETRIC_REPRESENTATION_CONTEXT(3) 
GLOBAL_UNCERTAINTY_ASSIGNED_CONTEXT((#8648)) 
GLOBAL_UNIT_ASSIGNED_CONTEXT((#8645,#8646,#8647)) REPRESENTATION_CONTEXT
('Context #1','3D Context with UNIT and UNCERTAINTY') );
#8645 = ( LENGTH_UNIT() NAMED_UNIT(*) SI_UNIT(.MILLI.,.METRE.) );
#8646 = ( NAMED_UNIT(*) PLANE_ANGLE_UNIT() SI_UNIT($,.RADIAN.) );
#8647 = ( NAMED_UNIT(*) SI_UNIT($,.STERADIAN.) SOLID_ANGLE_UNIT() );
#8648 = UNCERTAINTY_MEASURE_WITH_UNIT(LENGTH_MEASURE(1.E-06),#8645,
  'distance_accuracy_value','confusion accuracy');
#8649 = PRODUCT_RELATED_PRODUCT_CATEGORY('part',$,(#7));
ENDSEC;
END-ISO-10303-21;
