ISO-10303-21;
HEADER;
FILE_DESCRIPTION(('Open CASCADE Model'),'2;1');
FILE_NAME('Open CASCADE Shape Model','2026-09-29T09:31:44',('Author'),(
    'Open CASCADE'),'Open CASCADE STEP processor 7.8','Open CASCADE 7.8'
  ,'Unknown');
FILE_SCHEMA(('AUTOMOTIVE_DESIGN { 1 0 10303 214 1 1 1 1 }'));
ENDSEC;
DATA;
#1 = APPLICATION_PROTOCOL_DEFINITION('international standard',
  'automotive_design',2000,#2);
#2 = APPLICATION_CONTEXT(
  'core data for automotive mechanical design processes');
#3 = SHAPE_DEFINITION_REPRESENTATION(#4,#10);
#4 = PRODUCT_DEFINITION_SHAPE('','',#5);
#5 = PRODUCT_DEFINITION('design','',#6,#9);
#6 = PRODUCT_DEFINITION_FORMATION('','',#7);
#7 = PRODUCT('Open CASCADE STEP translator 7.8 59',
  'Open CASCADE STEP translator 7.8 59','',(#8));
#8 = PRODUCT_CONTEXT('',#2,'mechanical');
#9 = PRODUCT_DEFINITION_CONTEXT('part definition',#2,'design');
#10 = ADVANCED_BREP_SHAPE_REPRESENTATION('',(#11,#15),#1615);
#11 = AXIS2_PLACEMENT_3D('',#12,#13,#14);
#12 = CARTESIAN_POINT('',(0.,0.,0.));
#13 = DIRECTION('',(0.,0.,1.));
#14 = DIRECTION('',(1.,0.,-0.));
#15 = MANIFOLD_SOLID_BREP('',#16);
#16 = CLOSED_SHELL('',(#17,#125,#192,#853,#896,#1498,#1505,#1531,#1557,
    #1586));
#17 = ADVANCED_FACE('',(#18),#31,.T.);
#18 = FACE_BOUND('',#19,.T.);
#19 = EDGE_LOOP('',(#20,#52,#77,#102));
#20 = ORIENTED_EDGE('',*,*,#21,.F.);
#21 = EDGE_CURVE('',#22,#24,#26,.T.);
#22 = VERTEX_POINT('',#23);
#23 = CARTESIAN_POINT('',(254.9391172083,135.87548833848,134.38989221983
    ));
#24 = VERTEX_POINT('',#25);
#25 = CARTESIAN_POINT('',(254.9391172083,135.87548833848,139.38989221983
    ));
#26 = SURFACE_CURVE('',#27,(#30,#41),.PCURVE_S1.);
#27 = B_SPLINE_CURVE_WITH_KNOTS('',1,(#28,#29),.UNSPECIFIED.,.F.,.F.,(2,
    2),(0.,5.),.PIECEWISE_BEZIER_KNOTS.);
#28 = CARTESIAN_POINT('',(254.9391172083,135.87548833848,134.38989221983
    ));
#29 = CARTESIAN_POINT('',(254.9391172083,135.87548833848,139.38989221983
    ));
#30 = PCURVE('',#31,#36);
#31 = B_SPLINE_SURFACE_WITH_KNOTS('',1,1,(
    (#32,#33)
    ,(#34,#35)),.UNSPECIFIED.,.F.,.F.,.F.,(2,2),(2,2),(0.,5.),(-45.,0.),
  .PIECEWISE_BEZIER_KNOTS.);
#32 = CARTESIAN_POINT('',(299.9391172083,135.87548833848,134.38989221983
    ));
#33 = CARTESIAN_POINT('',(254.9391172083,135.87548833848,134.38989221983
    ));
#34 = CARTESIAN_POINT('',(299.9391172083,135.87548833848,139.38989221983
    ));
#35 = CARTESIAN_POINT('',(254.9391172083,135.87548833848,139.38989221983
    ));
#36 = DEFINITIONAL_REPRESENTATION('',(#37),#40);
#37 = B_SPLINE_CURVE_WITH_KNOTS('',1,(#38,#39),.UNSPECIFIED.,.F.,.F.,(2,
    2),(0.,5.),.PIECEWISE_BEZIER_KNOTS.);
#38 = CARTESIAN_POINT('',(0.,0.));
#39 = CARTESIAN_POINT('',(5.,0.));
#40 = ( GEOMETRIC_REPRESENTATION_CONTEXT(2) 
PARAMETRIC_REPRESENTATION_CONTEXT() REPRESENTATION_CONTEXT('2D SPACE',''
  ) );
#41 = PCURVE('',#42,#47);
#42 = B_SPLINE_SURFACE_WITH_KNOTS('',1,1,(
    (#43,#44)
    ,(#45,#46)),.UNSPECIFIED.,.F.,.F.,.F.,(2,2),(2,2),(0.,5.),(0.,30.),
  .PIECEWISE_BEZIER_KNOTS.);
#43 = CARTESIAN_POINT('',(254.9391172083,135.87548833848,134.38989221983
    ));
#44 = CARTESIAN_POINT('',(254.9391172083,165.87548833848,134.38989221983
    ));
#45 = CARTESIAN_POINT('',(254.9391172083,135.87548833848,139.38989221983
    ));
#46 = CARTESIAN_POINT('',(254.9391172083,165.87548833848,139.38989221983
    ));
#47 = DEFINITIONAL_REPRESENTATION('',(#48),#51);
#48 = B_SPLINE_CURVE_WITH_KNOTS('',1,(#49,#50),.UNSPECIFIED.,.F.,.F.,(2,
    2),(0.,5.),.PIECEWISE_BEZIER_KNOTS.);
#49 = CARTESIAN_POINT('',(0.,0.));
#50 = CARTESIAN_POINT('',(5.,0.));
#51 = ( GEOMETRIC_REPRESENTATION_CONTEXT(2) 
PARAMETRIC_REPRESENTATION_CONTEXT() REPRESENTATION_CONTEXT('2D SPACE',''
  ) );
#52 = ORIENTED_EDGE('',*,*,#53,.T.);
#53 = EDGE_CURVE('',#22,#54,#56,.T.);
#54 = VERTEX_POINT('',#55);
#55 = CARTESIAN_POINT('',(299.9391172083,135.87548833848,134.38989221983
    ));
#56 = SURFACE_CURVE('',#57,(#60,#66),.PCURVE_S1.);
#57 = B_SPLINE_CURVE_WITH_KNOTS('',1,(#58,#59),.UNSPECIFIED.,.F.,.F.,(2,
    2),(0.,45.),.PIECEWISE_BEZIER_KNOTS.);
#58 = CARTESIAN_POINT('',(254.9391172083,135.87548833848,134.38989221983
    ));
#59 = CARTESIAN_POINT('',(299.9391172083,135.87548833848,134.38989221983
    ));
#60 = PCURVE('',#31,#61);
#61 = DEFINITIONAL_REPRESENTATION('',(#62),#65);
#62 = B_SPLINE_CURVE_WITH_KNOTS('',1,(#63,#64),.UNSPECIFIED.,.F.,.F.,(2,
    2),(0.,45.),.PIECEWISE_BEZIER_KNOTS.);
#63 = CARTESIAN_POINT('',(0.,0.));
#64 = CARTESIAN_POINT('',(0.,-45.));
#65 = ( GEOMETRIC_REPRESENTATION_CONTEXT(2) 
PARAMETRIC_REPRESENTATION_CONTEXT() REPRESENTATION_CONTEXT('2D SPACE',''
  ) );
#66 = PCURVE('',#67,#72);
#67 = B_SPLINE_SURFACE_WITH_KNOTS('',1,1,(
    (#68,#69)
    ,(#70,#71)),.UNSPECIFIED.,.F.,.F.,.F.,(2,2),(2,2),(0.,30.),(0.,45.),
  .PIECEWISE_BEZIER_KNOTS.);
#68 = CARTESIAN_POINT('',(254.9391172083,135.87548833848,134.38989221983
    ));
#69 = CARTESIAN_POINT('',(299.9391172083,135.87548833848,134.38989221983
    ));
#70 = CARTESIAN_POINT('',(254.9391172083,165.87548833848,134.38989221983
    ));
#71 = CARTESIAN_POINT('',(299.9391172083,165.87548833848,134.38989221983
    ));
#72 = DEFINITIONAL_REPRESENTATION('',(#73),#76);
#73 = B_SPLINE_CURVE_WITH_KNOTS('',1,(#74,#75),.UNSPECIFIED.,.F.,.F.,(2,
    2),(0.,45.),.PIECEWISE_BEZIER_KNOTS.);
#74 = CARTESIAN_POINT('',(0.,0.));
#75 = CARTESIAN_POINT('',(0.,45.));
#76 = ( GEOMETRIC_REPRESENTATION_CONTEXT(2) 
PARAMETRIC_REPRESENTATION_CONTEXT() REPRESENTATION_CONTEXT('2D SPACE',''
  ) );
#77 = ORIENTED_EDGE('',*,*,#78,.T.);
#78 = EDGE_CURVE('',#54,#79,#81,.T.);
#79 = VERTEX_POINT('',#80);
#80 = CARTESIAN_POINT('',(299.9391172083,135.87548833848,139.38989221983
    ));
#81 = SURFACE_CURVE('',#82,(#85,#91),.PCURVE_S1.);
#82 = B_SPLINE_CURVE_WITH_KNOTS('',1,(#83,#84),.UNSPECIFIED.,.F.,.F.,(2,
    2),(0.,5.),.PIECEWISE_BEZIER_KNOTS.);
#83 = CARTESIAN_POINT('',(299.9391172083,135.87548833848,134.38989221983
    ));
#84 = CARTESIAN_POINT('',(299.9391172083,135.87548833848,139.38989221983
    ));
#85 = PCURVE('',#31,#86);
#86 = DEFINITIONAL_REPRESENTATION('',(#87),#90);
#87 = B_SPLINE_CURVE_WITH_KNOTS('',1,(#88,#89),.UNSPECIFIED.,.F.,.F.,(2,
    2),(0.,5.),.PIECEWISE_BEZIER_KNOTS.);
#88 = CARTESIAN_POINT('',(0.,-45.));
#89 = CARTESIAN_POINT('',(5.,-45.));
#90 = ( GEOMETRIC_REPRESENTATION_CONTEXT(2) 
PARAMETRIC_REPRESENTATION_CONTEXT() REPRESENTATION_CONTEXT('2D SPACE',''
  ) );
#91 = PCURVE('',#92,#97);
#92 = B_SPLINE_SURFACE_WITH_KNOTS('',1,1,(
    (#93,#94)
    ,(#95,#96)),.UNSPECIFIED.,.F.,.F.,.F.,(2,2),(2,2),(0.,5.),(0.,30.),
  .PIECEWISE_BEZIER_KNOTS.);
#93 = CARTESIAN_POINT('',(299.9391172083,135.87548833848,134.38989221983
    ));
#94 = CARTESIAN_POINT('',(299.9391172083,165.87548833848,134.38989221983
    ));
#95 = CARTESIAN_POINT('',(299.9391172083,135.87548833848,139.38989221983
    ));
#96 = CARTESIAN_POINT('',(299.9391172083,165.87548833848,139.38989221983
    ));
#97 = DEFINITIONAL_REPRESENTATION('',(#98),#101);
#98 = B_SPLINE_CURVE_WITH_KNOTS('',1,(#99,#100),.UNSPECIFIED.,.F.,.F.,(2
    ,2),(0.,5.),.PIECEWISE_BEZIER_KNOTS.);
#99 = CARTESIAN_POINT('',(0.,0.));
#100 = CARTESIAN_POINT('',(5.,0.));
#101 = ( GEOMETRIC_REPRESENTATION_CONTEXT(2) 
PARAMETRIC_REPRESENTATION_CONTEXT() REPRESENTATION_CONTEXT('2D SPACE',''
  ) );
#102 = ORIENTED_EDGE('',*,*,#103,.F.);
#103 = EDGE_CURVE('',#24,#79,#104,.T.);
#104 = SURFACE_CURVE('',#105,(#108,#114),.PCURVE_S1.);
#105 = B_SPLINE_CURVE_WITH_KNOTS('',1,(#106,#107),.UNSPECIFIED.,.F.,.F.,
  (2,2),(0.,45.),.PIECEWISE_BEZIER_KNOTS.);
#106 = CARTESIAN_POINT('',(254.9391172083,135.87548833848,
    139.38989221983));
#107 = CARTESIAN_POINT('',(299.9391172083,135.87548833848,
    139.38989221983));
#108 = PCURVE('',#31,#109);
#109 = DEFINITIONAL_REPRESENTATION('',(#110),#113);
#110 = B_SPLINE_CURVE_WITH_KNOTS('',1,(#111,#112),.UNSPECIFIED.,.F.,.F.,
  (2,2),(0.,45.),.PIECEWISE_BEZIER_KNOTS.);
#111 = CARTESIAN_POINT('',(5.,0.));
#112 = CARTESIAN_POINT('',(5.,-45.));
#113 = ( GEOMETRIC_REPRESENTATION_CONTEXT(2) 
PARAMETRIC_REPRESENTATION_CONTEXT() REPRESENTATION_CONTEXT('2D SPACE',''
  ) );
#114 = PCURVE('',#115,#120);
#115 = B_SPLINE_SURFACE_WITH_KNOTS('',1,1,(
    (#116,#117)
    ,(#118,#119
    )),.UNSPECIFIED.,.F.,.F.,.F.,(2,2),(2,2),(0.,30.),(0.,45.),
  .PIECEWISE_BEZIER_KNOTS.);
#116 = CARTESIAN_POINT('',(254.9391172083,135.87548833848,
    139.38989221983));
#117 = CARTESIAN_POINT('',(299.9391172083,135.87548833848,
    139.38989221983));
#118 = CARTESIAN_POINT('',(254.9391172083,165.87548833848,
    139.38989221983));
#119 = CARTESIAN_POINT('',(299.9391172083,165.87548833848,
    139.38989221983));
#120 = DEFINITIONAL_REPRESENTATION('',(#121),#124);
#121 = B_SPLINE_CURVE_WITH_KNOTS('',1,(#122,#123),.UNSPECIFIED.,.F.,.F.,
  (2,2),(0.,45.),.PIECEWISE_BEZIER_KNOTS.);
#122 = CARTESIAN_POINT('',(0.,0.));
#123 = CARTESIAN_POINT('',(0.,45.));
#124 = ( GEOMETRIC_REPRESENTATION_CONTEXT(2) 
PARAMETRIC_REPRESENTATION_CONTEXT() REPRESENTATION_CONTEXT('2D SPACE',''
  ) );
#125 = ADVANCED_FACE('',(#126),#42,.T.);
#126 = FACE_BOUND('',#127,.T.);
#127 = EDGE_LOOP('',(#128,#148,#149,#169));
#128 = ORIENTED_EDGE('',*,*,#129,.F.);
#129 = EDGE_CURVE('',#22,#130,#132,.T.);
#130 = VERTEX_POINT('',#131);
#131 = CARTESIAN_POINT('',(254.9391172083,165.87548833848,
    134.38989221983));
#132 = SURFACE_CURVE('',#133,(#136,#142),.PCURVE_S1.);
#133 = B_SPLINE_CURVE_WITH_KNOTS('',1,(#134,#135),.UNSPECIFIED.,.F.,.F.,
  (2,2),(0.,30.),.PIECEWISE_BEZIER_KNOTS.);
#134 = CARTESIAN_POINT('',(254.9391172083,135.87548833848,
    134.38989221983));
#135 = CARTESIAN_POINT('',(254.9391172083,165.87548833848,
    134.38989221983));
#136 = PCURVE('',#42,#137);
#137 = DEFINITIONAL_REPRESENTATION('',(#138),#141);
#138 = B_SPLINE_CURVE_WITH_KNOTS('',1,(#139,#140),.UNSPECIFIED.,.F.,.F.,
  (2,2),(0.,30.),.PIECEWISE_BEZIER_KNOTS.);
#139 = CARTESIAN_POINT('',(0.,0.));
#140 = CARTESIAN_POINT('',(0.,30.));
#141 = ( GEOMETRIC_REPRESENTATION_CONTEXT(2) 
PARAMETRIC_REPRESENTATION_CONTEXT() REPRESENTATION_CONTEXT('2D SPACE',''
  ) );
#142 = PCURVE('',#67,#143);
#143 = DEFINITIONAL_REPRESENTATION('',(#144),#147);
#144 = B_SPLINE_CURVE_WITH_KNOTS('',1,(#145,#146),.UNSPECIFIED.,.F.,.F.,
  (2,2),(0.,30.),.PIECEWISE_BEZIER_KNOTS.);
#145 = CARTESIAN_POINT('',(0.,0.));
#146 = CARTESIAN_POINT('',(30.,0.));
#147 = ( GEOMETRIC_REPRESENTATION_CONTEXT(2) 
PARAMETRIC_REPRESENTATION_CONTEXT() REPRESENTATION_CONTEXT('2D SPACE',''
  ) );
#148 = ORIENTED_EDGE('',*,*,#21,.T.);
#149 = ORIENTED_EDGE('',*,*,#150,.T.);
#150 = EDGE_CURVE('',#24,#151,#153,.T.);
#151 = VERTEX_POINT('',#152);
#152 = CARTESIAN_POINT('',(254.9391172083,165.87548833848,
    139.38989221983));
#153 = SURFACE_CURVE('',#154,(#157,#163),.PCURVE_S1.);
#154 = B_SPLINE_CURVE_WITH_KNOTS('',1,(#155,#156),.UNSPECIFIED.,.F.,.F.,
  (2,2),(0.,30.),.PIECEWISE_BEZIER_KNOTS.);
#155 = CARTESIAN_POINT('',(254.9391172083,135.87548833848,
    139.38989221983));
#156 = CARTESIAN_POINT('',(254.9391172083,165.87548833848,
    139.38989221983));
#157 = PCURVE('',#42,#158);
#158 = DEFINITIONAL_REPRESENTATION('',(#159),#162);
#159 = B_SPLINE_CURVE_WITH_KNOTS('',1,(#160,#161),.UNSPECIFIED.,.F.,.F.,
  (2,2),(0.,30.),.PIECEWISE_BEZIER_KNOTS.);
#160 = CARTESIAN_POINT('',(5.,0.));
#161 = CARTESIAN_POINT('',(5.,30.));
#162 = ( GEOMETRIC_REPRESENTATION_CONTEXT(2) 
PARAMETRIC_REPRESENTATION_CONTEXT() REPRESENTATION_CONTEXT('2D SPACE',''
  ) );
#163 = PCURVE('',#115,#164);
#164 = DEFINITIONAL_REPRESENTATION('',(#165),#168);
#165 = B_SPLINE_CURVE_WITH_KNOTS('',1,(#166,#167),.UNSPECIFIED.,.F.,.F.,
  (2,2),(0.,30.),.PIECEWISE_BEZIER_KNOTS.);
#166 = CARTESIAN_POINT('',(0.,0.));
#167 = CARTESIAN_POINT('',(30.,0.));
#168 = ( GEOMETRIC_REPRESENTATION_CONTEXT(2) 
PARAMETRIC_REPRESENTATION_CONTEXT() REPRESENTATION_CONTEXT('2D SPACE',''
  ) );
#169 = ORIENTED_EDGE('',*,*,#170,.F.);
#170 = EDGE_CURVE('',#130,#151,#171,.T.);
#171 = SURFACE_CURVE('',#172,(#175,#181),.PCURVE_S1.);
#172 = B_SPLINE_CURVE_WITH_KNOTS('',1,(#173,#174),.UNSPECIFIED.,.F.,.F.,
  (2,2),(0.,5.),.PIECEWISE_BEZIER_KNOTS.);
#173 = CARTESIAN_POINT('',(254.9391172083,165.87548833848,
    134.38989221983));
#174 = CARTESIAN_POINT('',(254.9391172083,165.87548833848,
    139.38989221983));
#175 = PCURVE('',#42,#176);
#176 = DEFINITIONAL_REPRESENTATION('',(#177),#180);
#177 = B_SPLINE_CURVE_WITH_KNOTS('',1,(#178,#179),.UNSPECIFIED.,.F.,.F.,
  (2,2),(0.,5.),.PIECEWISE_BEZIER_KNOTS.);
#178 = CARTESIAN_POINT('',(0.,30.));
#179 = CARTESIAN_POINT('',(5.,30.));
#180 = ( GEOMETRIC_REPRESENTATION_CONTEXT(2) 
PARAMETRIC_REPRESENTATION_CONTEXT() REPRESENTATION_CONTEXT('2D SPACE',''
  ) );
#181 = PCURVE('',#182,#187);
#182 = B_SPLINE_SURFACE_WITH_KNOTS('',1,1,(
    (#183,#184)
    ,(#185,#186
    )),.UNSPECIFIED.,.F.,.F.,.F.,(2,2),(2,2),(0.,5.),(-45.,0.),
  .PIECEWISE_BEZIER_KNOTS.);
#183 = CARTESIAN_POINT('',(299.9391172083,165.87548833848,
    134.38989221983));
#184 = CARTESIAN_POINT('',(254.9391172083,165.87548833848,
    134.38989221983));
#185 = CARTESIAN_POINT('',(299.9391172083,165.87548833848,
    139.38989221983));
#186 = CARTESIAN_POINT('',(254.9391172083,165.87548833848,
    139.38989221983));
#187 = DEFINITIONAL_REPRESENTATION('',(#188),#191);
#188 = B_SPLINE_CURVE_WITH_KNOTS('',1,(#189,#190),.UNSPECIFIED.,.F.,.F.,
  (2,2),(0.,5.),.PIECEWISE_BEZIER_KNOTS.);
#189 = CARTESIAN_POINT('',(0.,0.));
#190 = CARTESIAN_POINT('',(5.,0.));
#191 = ( GEOMETRIC_REPRESENTATION_CONTEXT(2) 
PARAMETRIC_REPRESENTATION_CONTEXT() REPRESENTATION_CONTEXT('2D SPACE',''
  ) );
#192 = ADVANCED_FACE('',(#193,#235,#287,#339,#596),#115,.F.);
#193 = FACE_BOUND('',#194,.F.);
#194 = EDGE_LOOP('',(#195,#196,#197,#217));
#195 = ORIENTED_EDGE('',*,*,#103,.F.);
#196 = ORIENTED_EDGE('',*,*,#150,.T.);
#197 = ORIENTED_EDGE('',*,*,#198,.T.);
#198 = EDGE_CURVE('',#151,#199,#201,.T.);
#199 = VERTEX_POINT('',#200);
#200 = CARTESIAN_POINT('',(299.9391172083,165.87548833848,
    139.38989221983));
#201 = SURFACE_CURVE('',#202,(#205,#211),.PCURVE_S1.);
#202 = B_SPLINE_CURVE_WITH_KNOTS('',1,(#203,#204),.UNSPECIFIED.,.F.,.F.,
  (2,2),(0.,45.),.PIECEWISE_BEZIER_KNOTS.);
#203 = CARTESIAN_POINT('',(254.9391172083,165.87548833848,
    139.38989221983));
#204 = CARTESIAN_POINT('',(299.9391172083,165.87548833848,
    139.38989221983));
#205 = PCURVE('',#115,#206);
#206 = DEFINITIONAL_REPRESENTATION('',(#207),#210);
#207 = B_SPLINE_CURVE_WITH_KNOTS('',1,(#208,#209),.UNSPECIFIED.,.F.,.F.,
  (2,2),(0.,45.),.PIECEWISE_BEZIER_KNOTS.);
#208 = CARTESIAN_POINT('',(30.,0.));
#209 = CARTESIAN_POINT('',(30.,45.));
#210 = ( GEOMETRIC_REPRESENTATION_CONTEXT(2) 
PARAMETRIC_REPRESENTATION_CONTEXT() REPRESENTATION_CONTEXT('2D SPACE',''
  ) );
#211 = PCURVE('',#182,#212);
#212 = DEFINITIONAL_REPRESENTATION('',(#213),#216);
#213 = B_SPLINE_CURVE_WITH_KNOTS('',1,(#214,#215),.UNSPECIFIED.,.F.,.F.,
  (2,2),(0.,45.),.PIECEWISE_BEZIER_KNOTS.);
#214 = CARTESIAN_POINT('',(5.,0.));
#215 = CARTESIAN_POINT('',(5.,-45.));
#216 = ( GEOMETRIC_REPRESENTATION_CONTEXT(2) 
PARAMETRIC_REPRESENTATION_CONTEXT() REPRESENTATION_CONTEXT('2D SPACE',''
  ) );
#217 = ORIENTED_EDGE('',*,*,#218,.F.);
#218 = EDGE_CURVE('',#79,#199,#219,.T.);
#219 = SURFACE_CURVE('',#220,(#223,#229),.PCURVE_S1.);
#220 = B_SPLINE_CURVE_WITH_KNOTS('',1,(#221,#222),.UNSPECIFIED.,.F.,.F.,
  (2,2),(0.,30.),.PIECEWISE_BEZIER_KNOTS.);
#221 = CARTESIAN_POINT('',(299.9391172083,135.87548833848,
    139.38989221983));
#222 = CARTESIAN_POINT('',(299.9391172083,165.87548833848,
    139.38989221983));
#223 = PCURVE('',#115,#224);
#224 = DEFINITIONAL_REPRESENTATION('',(#225),#228);
#225 = B_SPLINE_CURVE_WITH_KNOTS('',1,(#226,#227),.UNSPECIFIED.,.F.,.F.,
  (2,2),(0.,30.),.PIECEWISE_BEZIER_KNOTS.);
#226 = CARTESIAN_POINT('',(0.,45.));
#227 = CARTESIAN_POINT('',(30.,45.));
#228 = ( GEOMETRIC_REPRESENTATION_CONTEXT(2) 
PARAMETRIC_REPRESENTATION_CONTEXT() REPRESENTATION_CONTEXT('2D SPACE',''
  ) );
#229 = PCURVE('',#92,#230);
#230 = DEFINITIONAL_REPRESENTATION('',(#231),#234);
#231 = B_SPLINE_CURVE_WITH_KNOTS('',1,(#232,#233),.UNSPECIFIED.,.F.,.F.,
  (2,2),(0.,30.),.PIECEWISE_BEZIER_KNOTS.);
#232 = CARTESIAN_POINT('',(5.,0.));
#233 = CARTESIAN_POINT('',(5.,30.));
#234 = ( GEOMETRIC_REPRESENTATION_CONTEXT(2) 
PARAMETRIC_REPRESENTATION_CONTEXT() REPRESENTATION_CONTEXT('2D SPACE',''
  ) );
#235 = FACE_BOUND('',#236,.F.);
#236 = EDGE_LOOP('',(#237));
#237 = ORIENTED_EDGE('',*,*,#238,.F.);
#238 = EDGE_CURVE('',#239,#239,#241,.T.);
#239 = VERTEX_POINT('',#240);
#240 = CARTESIAN_POINT('',(264.9391172083,145.12548833848,
    139.38989221983));
#241 = SURFACE_CURVE('',#242,(#250,#261),.PCURVE_S1.);
#242 = ( BOUNDED_CURVE() B_SPLINE_CURVE(2,(#243,#244,#245,#246,#247,#248
,#249),.UNSPECIFIED.,.T.,.F.) B_SPLINE_CURVE_WITH_KNOTS((1,2,2,2,2,1),(
    -2.094395102393,0.,2.094395102393,4.188790204786,6.28318530718,
8.377580409573),.UNSPECIFIED.) CURVE() GEOMETRIC_REPRESENTATION_ITEM() 
RATIONAL_B_SPLINE_CURVE((1.,0.5,1.,0.5,1.,0.5,1.)) REPRESENTATION_ITEM(
  '') );
#243 = CARTESIAN_POINT('',(264.9391172083,145.12548833848,
    139.38989221983));
#244 = CARTESIAN_POINT('',(268.83623152533,145.12548833848,
    139.38989221983));
#245 = CARTESIAN_POINT('',(266.88767436681,141.75048833848,
    139.38989221983));
#246 = CARTESIAN_POINT('',(264.9391172083,138.37548833848,
    139.38989221983));
#247 = CARTESIAN_POINT('',(262.99056004978,141.75048833848,
    139.38989221983));
#248 = CARTESIAN_POINT('',(261.04200289127,145.12548833848,
    139.38989221983));
#249 = CARTESIAN_POINT('',(264.9391172083,145.12548833848,
    139.38989221983));
#250 = PCURVE('',#115,#251);
#251 = DEFINITIONAL_REPRESENTATION('',(#252),#260);
#252 = ( BOUNDED_CURVE() B_SPLINE_CURVE(2,(#253,#254,#255,#256,#257,#258
,#259),.UNSPECIFIED.,.T.,.F.) B_SPLINE_CURVE_WITH_KNOTS((3,2,2,3),(0.,
    2.094395102393,4.188790204786,6.28318530718),
.PIECEWISE_BEZIER_KNOTS.) CURVE() GEOMETRIC_REPRESENTATION_ITEM() 
RATIONAL_B_SPLINE_CURVE((1.,0.5,1.,0.5,1.,0.5,1.)) REPRESENTATION_ITEM(
  '') );
#253 = CARTESIAN_POINT('',(9.25,10.));
#254 = CARTESIAN_POINT('',(9.25,13.89711431703));
#255 = CARTESIAN_POINT('',(5.875,11.948557158515));
#256 = CARTESIAN_POINT('',(2.5,10.));
#257 = CARTESIAN_POINT('',(5.875,8.051442841485));
#258 = CARTESIAN_POINT('',(9.25,6.10288568297));
#259 = CARTESIAN_POINT('',(9.25,10.));
#260 = ( GEOMETRIC_REPRESENTATION_CONTEXT(2) 
PARAMETRIC_REPRESENTATION_CONTEXT() REPRESENTATION_CONTEXT('2D SPACE',''
  ) );
#261 = PCURVE('',#262,#277);
#262 = ( BOUNDED_SURFACE() B_SPLINE_SURFACE(2,1,(
    (#263,#264)
    ,(#265,#266)
    ,(#267,#268)
    ,(#269,#270)
    ,(#271,#272)
    ,(#273,#274)
,(#275,#276
    )),.UNSPECIFIED.,.T.,.F.,.F.) B_SPLINE_SURFACE_WITH_KNOTS((1,2,2,2,2
    ,1),(2,2),(-2.094395102393,0.,2.094395102393,4.188790204786,
    6.28318530718,8.377580409573),(9.999999999999E-02,5.1),
.UNSPECIFIED.) GEOMETRIC_REPRESENTATION_ITEM() RATIONAL_B_SPLINE_SURFACE
((
    (1.,1.)
    ,(0.5,0.5)
    ,(1.,1.)
    ,(0.5,0.5)
    ,(1.,1.)
    ,(0.5,0.5)
,(1.,1.))) REPRESENTATION_ITEM('') SURFACE() );
#263 = CARTESIAN_POINT('',(264.9391172083,145.12548833848,
    134.38989221983));
#264 = CARTESIAN_POINT('',(264.9391172083,145.12548833848,
    139.38989221983));
#265 = CARTESIAN_POINT('',(268.83623152533,145.12548833848,
    134.38989221983));
#266 = CARTESIAN_POINT('',(268.83623152533,145.12548833848,
    139.38989221983));
#267 = CARTESIAN_POINT('',(266.88767436681,141.75048833848,
    134.38989221983));
#268 = CARTESIAN_POINT('',(266.88767436681,141.75048833848,
    139.38989221983));
#269 = CARTESIAN_POINT('',(264.9391172083,138.37548833848,
    134.38989221983));
#270 = CARTESIAN_POINT('',(264.9391172083,138.37548833848,
    139.38989221983));
#271 = CARTESIAN_POINT('',(262.99056004978,141.75048833848,
    134.38989221983));
#272 = CARTESIAN_POINT('',(262.99056004978,141.75048833848,
    139.38989221983));
#273 = CARTESIAN_POINT('',(261.04200289127,145.12548833848,
    134.38989221983));
#274 = CARTESIAN_POINT('',(261.04200289127,145.12548833848,
    139.38989221983));
#275 = CARTESIAN_POINT('',(264.9391172083,145.12548833848,
    134.38989221983));
#276 = CARTESIAN_POINT('',(264.9391172083,145.12548833848,
    139.38989221983));
#277 = DEFINITIONAL_REPRESENTATION('',(#278),#286);
#278 = B_SPLINE_CURVE_WITH_KNOTS('',2,(#279,#280,#281,#282,#283,#284,
    #285),.UNSPECIFIED.,.F.,.F.,(3,2,2,3),(0.,2.094395102393,
    4.188790204786,6.28318530718),.PIECEWISE_BEZIER_KNOTS.);
#279 = CARTESIAN_POINT('',(0.,5.1));
#280 = CARTESIAN_POINT('',(1.047197551197,5.1));
#281 = CARTESIAN_POINT('',(2.094395102393,5.1));
#282 = CARTESIAN_POINT('',(3.14159265359,5.1));
#283 = CARTESIAN_POINT('',(4.188790204786,5.1));
#284 = CARTESIAN_POINT('',(5.235987755983,5.1));
#285 = CARTESIAN_POINT('',(6.28318530718,5.1));
#286 = ( GEOMETRIC_REPRESENTATION_CONTEXT(2) 
PARAMETRIC_REPRESENTATION_CONTEXT() REPRESENTATION_CONTEXT('2D SPACE',''
  ) );
#287 = FACE_BOUND('',#288,.F.);
#288 = EDGE_LOOP('',(#289));
#289 = ORIENTED_EDGE('',*,*,#290,.F.);
#290 = EDGE_CURVE('',#291,#291,#293,.T.);
#291 = VERTEX_POINT('',#292);
#292 = CARTESIAN_POINT('',(264.9391172083,161.12548833848,
    139.38989221983));
#293 = SURFACE_CURVE('',#294,(#302,#313),.PCURVE_S1.);
#294 = ( BOUNDED_CURVE() B_SPLINE_CURVE(2,(#295,#296,#297,#298,#299,#300
,#301),.UNSPECIFIED.,.T.,.F.) B_SPLINE_CURVE_WITH_KNOTS((1,2,2,2,2,1),(
    -2.094395102393,0.,2.094395102393,4.188790204786,6.28318530718,
8.377580409573),.UNSPECIFIED.) CURVE() GEOMETRIC_REPRESENTATION_ITEM() 
RATIONAL_B_SPLINE_CURVE((1.,0.5,1.,0.5,1.,0.5,1.)) REPRESENTATION_ITEM(
  '') );
#295 = CARTESIAN_POINT('',(264.9391172083,161.12548833848,
    139.38989221983));
#296 = CARTESIAN_POINT('',(268.83623152533,161.12548833848,
    139.38989221983));
#297 = CARTESIAN_POINT('',(266.88767436681,157.75048833848,
    139.38989221983));
#298 = CARTESIAN_POINT('',(264.9391172083,154.37548833848,
    139.38989221983));
#299 = CARTESIAN_POINT('',(262.99056004978,157.75048833848,
    139.38989221983));
#300 = CARTESIAN_POINT('',(261.04200289127,161.12548833848,
    139.38989221983));
#301 = CARTESIAN_POINT('',(264.9391172083,161.12548833848,
    139.38989221983));
#302 = PCURVE('',#115,#303);
#303 = DEFINITIONAL_REPRESENTATION('',(#304),#312);
#304 = ( BOUNDED_CURVE() B_SPLINE_CURVE(2,(#305,#306,#307,#308,#309,#310
,#311),.UNSPECIFIED.,.T.,.F.) B_SPLINE_CURVE_WITH_KNOTS((3,2,2,3),(0.,
    2.094395102393,4.188790204786,6.28318530718),
.PIECEWISE_BEZIER_KNOTS.) CURVE() GEOMETRIC_REPRESENTATION_ITEM() 
RATIONAL_B_SPLINE_CURVE((1.,0.5,1.,0.5,1.,0.5,1.)) REPRESENTATION_ITEM(
  '') );
#305 = CARTESIAN_POINT('',(25.25,10.));
#306 = CARTESIAN_POINT('',(25.25,13.89711431703));
#307 = CARTESIAN_POINT('',(21.875,11.948557158515));
#308 = CARTESIAN_POINT('',(18.5,10.));
#309 = CARTESIAN_POINT('',(21.875,8.051442841485));
#310 = CARTESIAN_POINT('',(25.25,6.10288568297));
#311 = CARTESIAN_POINT('',(25.25,10.));
#312 = ( GEOMETRIC_REPRESENTATION_CONTEXT(2) 
PARAMETRIC_REPRESENTATION_CONTEXT() REPRESENTATION_CONTEXT('2D SPACE',''
  ) );
#313 = PCURVE('',#314,#329);
#314 = ( BOUNDED_SURFACE() B_SPLINE_SURFACE(2,1,(
    (#315,#316)
    ,(#317,#318)
    ,(#319,#320)
    ,(#321,#322)
    ,(#323,#324)
    ,(#325,#326)
,(#327,#328
    )),.UNSPECIFIED.,.T.,.F.,.F.) B_SPLINE_SURFACE_WITH_KNOTS((1,2,2,2,2
    ,1),(2,2),(-2.094395102393,0.,2.094395102393,4.188790204786,
    6.28318530718,8.377580409573),(9.999999999999E-02,5.1),
.UNSPECIFIED.) GEOMETRIC_REPRESENTATION_ITEM() RATIONAL_B_SPLINE_SURFACE
((
    (1.,1.)
    ,(0.5,0.5)
    ,(1.,1.)
    ,(0.5,0.5)
    ,(1.,1.)
    ,(0.5,0.5)
,(1.,1.))) REPRESENTATION_ITEM('') SURFACE() );
#315 = CARTESIAN_POINT('',(264.9391172083,161.12548833848,
    134.38989221983));
#316 = CARTESIAN_POINT('',(264.9391172083,161.12548833848,
    139.38989221983));
#317 = CARTESIAN_POINT('',(268.83623152533,161.12548833848,
    134.38989221983));
#318 = CARTESIAN_POINT('',(268.83623152533,161.12548833848,
    139.38989221983));
#319 = CARTESIAN_POINT('',(266.88767436681,157.75048833848,
    134.38989221983));
#320 = CARTESIAN_POINT('',(266.88767436681,157.75048833848,
    139.38989221983));
#321 = CARTESIAN_POINT('',(264.9391172083,154.37548833848,
    134.38989221983));
#322 = CARTESIAN_POINT('',(264.9391172083,154.37548833848,
    139.38989221983));
#323 = CARTESIAN_POINT('',(262.99056004978,157.75048833848,
    134.38989221983));
#324 = CARTESIAN_POINT('',(262.99056004978,157.75048833848,
    139.38989221983));
#325 = CARTESIAN_POINT('',(261.04200289127,161.12548833848,
    134.38989221983));
#326 = CARTESIAN_POINT('',(261.04200289127,161.12548833848,
    139.38989221983));
#327 = CARTESIAN_POINT('',(264.9391172083,161.12548833848,
    134.38989221983));
#328 = CARTESIAN_POINT('',(264.9391172083,161.12548833848,
    139.38989221983));
#329 = DEFINITIONAL_REPRESENTATION('',(#330),#338);
#330 = B_SPLINE_CURVE_WITH_KNOTS('',2,(#331,#332,#333,#334,#335,#336,
    #337),.UNSPECIFIED.,.F.,.F.,(3,2,2,3),(0.,2.094395102393,
    4.188790204786,6.28318530718),.PIECEWISE_BEZIER_KNOTS.);
#331 = CARTESIAN_POINT('',(0.,5.1));
#332 = CARTESIAN_POINT('',(1.047197551197,5.1));
#333 = CARTESIAN_POINT('',(2.094395102393,5.1));
#334 = CARTESIAN_POINT('',(3.14159265359,5.1));
#335 = CARTESIAN_POINT('',(4.188790204786,5.1));
#336 = CARTESIAN_POINT('',(5.235987755983,5.1));
#337 = CARTESIAN_POINT('',(6.28318530718,5.1));
#338 = ( GEOMETRIC_REPRESENTATION_CONTEXT(2) 
PARAMETRIC_REPRESENTATION_CONTEXT() REPRESENTATION_CONTEXT('2D SPACE',''
  ) );
#339 = FACE_BOUND('',#340,.F.);
#340 = EDGE_LOOP('',(#341,#494));
#341 = ORIENTED_EDGE('',*,*,#342,.T.);
#342 = EDGE_CURVE('',#343,#345,#347,.T.);
#343 = VERTEX_POINT('',#344);
#344 = CARTESIAN_POINT('',(278.6391172083,142.87548833848,
    139.38989221983));
#345 = VERTEX_POINT('',#346);
#346 = CARTESIAN_POINT('',(275.38265297647,142.19180778805,
    139.38989221983));
#347 = SURFACE_CURVE('',#348,(#393,#441),.PCURVE_S1.);
#348 = B_SPLINE_CURVE_WITH_KNOTS('',7,(#349,#350,#351,#352,#353,#354,
    #355,#356,#357,#358,#359,#360,#361,#362,#363,#364,#365,#366,#367,
    #368,#369,#370,#371,#372,#373,#374,#375,#376,#377,#378,#379,#380,
    #381,#382,#383,#384,#385,#386,#387,#388,#389,#390,#391,#392),
  .UNSPECIFIED.,.F.,.F.,(8,6,6,6,6,6,6,8),(0.,9.177744904089E-02,
    0.25760018891,0.465714847865,0.664083900027,0.814828577758,
    0.890036126554,1.),.UNSPECIFIED.);
#349 = CARTESIAN_POINT('',(278.6391172083,142.87548833848,
    139.38989221983));
#350 = CARTESIAN_POINT('',(278.6391172083,142.95472851381,
    139.38989221983));
#351 = CARTESIAN_POINT('',(278.63480796917,143.03397042402,
    139.38989221983));
#352 = CARTESIAN_POINT('',(278.62618960377,143.11293009524,
    139.38989221983));
#353 = CARTESIAN_POINT('',(278.61328506255,143.19132663222,
    139.38989221983));
#354 = CARTESIAN_POINT('',(278.59614001617,143.26888269752,
    139.38989221983));
#355 = CARTESIAN_POINT('',(278.57482273829,143.3453249907,
    139.38989221983));
#356 = CARTESIAN_POINT('',(278.5035337354,143.55600204232,
    139.38989221983));
#357 = CARTESIAN_POINT('',(278.44430901752,143.6871380005,
    139.38989221983));
#358 = CARTESIAN_POINT('',(278.37228939403,143.81216800024,
    139.38989221983));
#359 = CARTESIAN_POINT('',(278.28825142378,143.92961774552,
    139.38989221983));
#360 = CARTESIAN_POINT('',(278.19315855384,144.03814005285,
    139.38989221983));
#361 = CARTESIAN_POINT('',(278.08815560345,144.13652327239,
    139.38989221983));
#362 = CARTESIAN_POINT('',(277.83210052757,144.3331811716,
    139.38989221983));
#363 = CARTESIAN_POINT('',(277.67602128228,144.42511497289,
    139.38989221983));
#364 = CARTESIAN_POINT('',(277.5090830288,144.49739965404,
    139.38989221983));
#365 = CARTESIAN_POINT('',(277.33427127762,144.54860206668,
    139.38989221983));
#366 = CARTESIAN_POINT('',(277.15471720265,144.57780559401,
    139.38989221983));
#367 = CARTESIAN_POINT('',(276.97370682827,144.58460832107,
    139.38989221983));
#368 = CARTESIAN_POINT('',(276.6240156947,144.55478743857,
    139.38989221983));
#369 = CARTESIAN_POINT('',(276.45500142554,144.52016949453,
    139.38989221983));
#370 = CARTESIAN_POINT('',(276.29058820735,144.4657105604,
    139.38989221983));
#371 = CARTESIAN_POINT('',(276.13352800149,144.39220310161,
    139.38989221983));
#372 = CARTESIAN_POINT('',(275.98638203679,144.30084502965,
    139.38989221983));
#373 = CARTESIAN_POINT('',(275.85152399457,144.19324214374,
    139.38989221983));
#374 = CARTESIAN_POINT('',(275.63945540668,143.97903671533,
    139.38989221983));
#375 = CARTESIAN_POINT('',(275.5561341501,143.87835203993,
    139.38989221983));
#376 = CARTESIAN_POINT('',(275.48196585863,143.77038066117,
    139.38989221983));
#377 = CARTESIAN_POINT('',(275.41769557422,143.65612796869,
    139.38989221983));
#378 = CARTESIAN_POINT('',(275.3639332099,143.53667858601,
    139.38989221983));
#379 = CARTESIAN_POINT('',(275.32115078452,143.41319108429,
    139.38989221983));
#380 = CARTESIAN_POINT('',(275.27393772986,143.2239043323,
    139.38989221983));
#381 = CARTESIAN_POINT('',(275.26103049353,143.16019995195,
    139.38989221983));
#382 = CARTESIAN_POINT('',(275.25096838434,143.09594584014,
    139.38989221983));
#383 = CARTESIAN_POINT('',(275.24377877507,143.03129448839,
    139.38989221983));
#384 = CARTESIAN_POINT('',(275.2394787588,142.96639961512,
    139.38989221983));
#385 = CARTESIAN_POINT('',(275.23807513047,142.90141599888,
    139.38989221983));
#386 = CARTESIAN_POINT('',(275.2417418408,142.74158210572,
    139.38989221983));
#387 = CARTESIAN_POINT('',(275.25010419544,142.64680321451,
    139.38989221983));
#388 = CARTESIAN_POINT('',(275.26463974121,142.55265234369,
    139.38989221983));
#389 = CARTESIAN_POINT('',(275.28529015266,142.45961097543,
    139.38989221983));
#390 = CARTESIAN_POINT('',(275.31195071591,142.36815105567,
    139.38989221983));
#391 = CARTESIAN_POINT('',(275.34447057472,142.2787336814,
    139.38989221983));
#392 = CARTESIAN_POINT('',(275.38265297647,142.19180778805,
    139.38989221983));
#393 = PCURVE('',#115,#394);
#394 = DEFINITIONAL_REPRESENTATION('',(#395),#440);
#395 = B_SPLINE_CURVE_WITH_KNOTS('',7,(#396,#397,#398,#399,#400,#401,
    #402,#403,#404,#405,#406,#407,#408,#409,#410,#411,#412,#413,#414,
    #415,#416,#417,#418,#419,#420,#421,#422,#423,#424,#425,#426,#427,
    #428,#429,#430,#431,#432,#433,#434,#435,#436,#437,#438,#439),
  .UNSPECIFIED.,.F.,.F.,(8,6,6,6,6,6,6,8),(0.,9.177744904089E-02,
    0.25760018891,0.465714847865,0.664083900027,0.814828577758,
    0.890036126554,1.),.UNSPECIFIED.);
#396 = CARTESIAN_POINT('',(7.,23.7));
#397 = CARTESIAN_POINT('',(7.079240175325,23.7));
#398 = CARTESIAN_POINT('',(7.158482085538,23.695690760868));
#399 = CARTESIAN_POINT('',(7.23744175676,23.687072395474));
#400 = CARTESIAN_POINT('',(7.315838293741,23.674167854248));
#401 = CARTESIAN_POINT('',(7.393394359043,23.657022807874));
#402 = CARTESIAN_POINT('',(7.469836652216,23.635705529986));
#403 = CARTESIAN_POINT('',(7.680513703841,23.564416527103));
#404 = CARTESIAN_POINT('',(7.811649662015,23.505191809219));
#405 = CARTESIAN_POINT('',(7.936679661764,23.433172185732));
#406 = CARTESIAN_POINT('',(8.054129407042,23.349134215479));
#407 = CARTESIAN_POINT('',(8.162651714373,23.25404134554));
#408 = CARTESIAN_POINT('',(8.261034933908,23.149038395146));
#409 = CARTESIAN_POINT('',(8.457692833122,22.892983319271));
#410 = CARTESIAN_POINT('',(8.549626634414,22.736904073983));
#411 = CARTESIAN_POINT('',(8.621911315559,22.569965820497));
#412 = CARTESIAN_POINT('',(8.673113728201,22.39515406932));
#413 = CARTESIAN_POINT('',(8.702317255528,22.215599994353));
#414 = CARTESIAN_POINT('',(8.709119982592,22.034589619972));
#415 = CARTESIAN_POINT('',(8.679299100089,21.684898486404));
#416 = CARTESIAN_POINT('',(8.644681156051,21.515884217239));
#417 = CARTESIAN_POINT('',(8.590222221923,21.35147099905));
#418 = CARTESIAN_POINT('',(8.516714763128,21.194410793191));
#419 = CARTESIAN_POINT('',(8.425356691173,21.047264828492));
#420 = CARTESIAN_POINT('',(8.317753805259,20.912406786272));
#421 = CARTESIAN_POINT('',(8.103548376853,20.700338198383));
#422 = CARTESIAN_POINT('',(8.002863701452,20.6170169418));
#423 = CARTESIAN_POINT('',(7.894892322691,20.542848650334));
#424 = CARTESIAN_POINT('',(7.780639630212,20.47857836592));
#425 = CARTESIAN_POINT('',(7.661190247533,20.424816001604));
#426 = CARTESIAN_POINT('',(7.537702745805,20.382033576218));
#427 = CARTESIAN_POINT('',(7.348415993817,20.33482052156));
#428 = CARTESIAN_POINT('',(7.284711613466,20.321913285235));
#429 = CARTESIAN_POINT('',(7.220457501657,20.311851176045));
#430 = CARTESIAN_POINT('',(7.155806149911,20.304661566771));
#431 = CARTESIAN_POINT('',(7.090911276643,20.300361550504));
#432 = CARTESIAN_POINT('',(7.025927660396,20.29895792217));
#433 = CARTESIAN_POINT('',(6.866093767242,20.302624632505));
#434 = CARTESIAN_POINT('',(6.771314876029,20.310986987137));
#435 = CARTESIAN_POINT('',(6.677164005204,20.325522532909));
#436 = CARTESIAN_POINT('',(6.584122636947,20.346172944358));
#437 = CARTESIAN_POINT('',(6.492662717184,20.372833507612));
#438 = CARTESIAN_POINT('',(6.40324534292,20.405353366419));
#439 = CARTESIAN_POINT('',(6.31631944957,20.443535768171));
#440 = ( GEOMETRIC_REPRESENTATION_CONTEXT(2) 
PARAMETRIC_REPRESENTATION_CONTEXT() REPRESENTATION_CONTEXT('2D SPACE',''
  ) );
#441 = PCURVE('',#442,#447);
#442 = CYLINDRICAL_SURFACE('',#443,1.7);
#443 = AXIS2_PLACEMENT_3D('',#444,#445,#446);
#444 = CARTESIAN_POINT('',(276.9391172083,142.87548833848,
    74.389892219836));
#445 = DIRECTION('',(0.,0.,1.));
#446 = DIRECTION('',(1.,0.,-0.));
#447 = DEFINITIONAL_REPRESENTATION('',(#448),#493);
#448 = B_SPLINE_CURVE_WITH_KNOTS('',7,(#449,#450,#451,#452,#453,#454,
    #455,#456,#457,#458,#459,#460,#461,#462,#463,#464,#465,#466,#467,
    #468,#469,#470,#471,#472,#473,#474,#475,#476,#477,#478,#479,#480,
    #481,#482,#483,#484,#485,#486,#487,#488,#489,#490,#491,#492),
  .UNSPECIFIED.,.F.,.F.,(8,6,6,6,6,6,6,8),(0.,9.177744904089E-02,
    0.25760018891,0.465714847865,0.664083900027,0.814828577758,
    0.890036126554,1.),.UNSPECIFIED.);
#449 = CARTESIAN_POINT('',(0.,65.));
#450 = CARTESIAN_POINT('',(4.661186783835E-02,65.));
#451 = CARTESIAN_POINT('',(9.322476099375E-02,65.));
#452 = CARTESIAN_POINT('',(0.139837038091,65.));
#453 = CARTESIAN_POINT('',(0.186448884999,65.));
#454 = CARTESIAN_POINT('',(0.23306112341,65.));
#455 = CARTESIAN_POINT('',(0.279674019435,65.));
#456 = CARTESIAN_POINT('',(0.410504401732,65.));
#457 = CARTESIAN_POINT('',(0.494739511379,65.));
#458 = CARTESIAN_POINT('',(0.578962028536,65.));
#459 = CARTESIAN_POINT('',(0.663176847055,65.));
#460 = CARTESIAN_POINT('',(0.747400217497,65.));
#461 = CARTESIAN_POINT('',(0.831636660512,65.));
#462 = CARTESIAN_POINT('',(1.021554263483,65.));
#463 = CARTESIAN_POINT('',(1.127308392522,65.));
#464 = CARTESIAN_POINT('',(1.233016821381,65.));
#465 = CARTESIAN_POINT('',(1.33871108816,65.));
#466 = CARTESIAN_POINT('',(1.444418169283,65.));
#467 = CARTESIAN_POINT('',(1.55016981691,65.));
#468 = CARTESIAN_POINT('',(1.756617087195,65.));
#469 = CARTESIAN_POINT('',(1.857407995863,65.));
#470 = CARTESIAN_POINT('',(1.958164090783,65.));
#471 = CARTESIAN_POINT('',(2.058909440202,65.));
#472 = CARTESIAN_POINT('',(2.159666681722,65.));
#473 = CARTESIAN_POINT('',(2.26045906007,65.));
#474 = CARTESIAN_POINT('',(2.437767903996,65.));
#475 = CARTESIAN_POINT('',(2.514339333018,65.));
#476 = CARTESIAN_POINT('',(2.590902616715,65.));
#477 = CARTESIAN_POINT('',(2.667460595799,65.));
#478 = CARTESIAN_POINT('',(2.744023415662,65.));
#479 = CARTESIAN_POINT('',(2.820594103864,65.));
#480 = CARTESIAN_POINT('',(2.935350573868,65.));
#481 = CARTESIAN_POINT('',(2.973547260096,65.));
#482 = CARTESIAN_POINT('',(3.011743692744,65.));
#483 = CARTESIAN_POINT('',(3.049939963047,65.));
#484 = CARTESIAN_POINT('',(3.088136385775,65.));
#485 = CARTESIAN_POINT('',(3.126333052758,65.));
#486 = CARTESIAN_POINT('',(3.220377726979,65.));
#487 = CARTESIAN_POINT('',(3.276228188063,65.));
#488 = CARTESIAN_POINT('',(3.332077095515,65.));
#489 = CARTESIAN_POINT('',(3.387925054763,65.));
#490 = CARTESIAN_POINT('',(3.443774068461,65.));
#491 = CARTESIAN_POINT('',(3.499624654136,65.));
#492 = CARTESIAN_POINT('',(3.555472961841,65.));
#493 = ( GEOMETRIC_REPRESENTATION_CONTEXT(2) 
PARAMETRIC_REPRESENTATION_CONTEXT() REPRESENTATION_CONTEXT('2D SPACE',''
  ) );
#494 = ORIENTED_EDGE('',*,*,#495,.T.);
#495 = EDGE_CURVE('',#345,#343,#496,.T.);
#496 = SURFACE_CURVE('',#497,(#528,#562),.PCURVE_S1.);
#497 = B_SPLINE_CURVE_WITH_KNOTS('',8,(#498,#499,#500,#501,#502,#503,
    #504,#505,#506,#507,#508,#509,#510,#511,#512,#513,#514,#515,#516,
    #517,#518,#519,#520,#521,#522,#523,#524,#525,#526,#527),
  .UNSPECIFIED.,.F.,.F.,(9,7,7,7,9),(0.,0.213077083289,0.429590752265,
    0.64169999245,1.),.UNSPECIFIED.);
#498 = CARTESIAN_POINT('',(275.38265297647,142.19180778805,
    139.38989221983));
#499 = CARTESIAN_POINT('',(275.43231153839,142.07875531729,
    139.38989221983));
#500 = CARTESIAN_POINT('',(275.491362843,141.96980649797,139.38989221983
    ));
#501 = CARTESIAN_POINT('',(275.55940033717,141.86590060875,
    139.38989221983));
#502 = CARTESIAN_POINT('',(275.63591237929,141.76789716995,
    139.38989221983));
#503 = CARTESIAN_POINT('',(275.72029878083,141.67658529479,
    139.38989221983));
#504 = CARTESIAN_POINT('',(275.81187774405,141.59268496885,
    139.38989221983));
#505 = CARTESIAN_POINT('',(275.90988319594,141.51684025781,
    139.38989221983));
#506 = CARTESIAN_POINT('',(276.1186922452,141.38128422517,
    139.38989221983));
#507 = CARTESIAN_POINT('',(276.22971374973,141.32182882839,
    139.38989221983));
#508 = CARTESIAN_POINT('',(276.34561795764,141.27182928929,
    139.38989221983));
#509 = CARTESIAN_POINT('',(276.46545942564,141.23174277376,
    139.38989221983));
#510 = CARTESIAN_POINT('',(276.58825570324,141.20191147441,
    139.38989221983));
#511 = CARTESIAN_POINT('',(276.71299290222,141.18256824507,
    139.38989221983));
#512 = CARTESIAN_POINT('',(276.83862747364,141.17382897269,
    139.38989221983));
#513 = CARTESIAN_POINT('',(277.08698880872,141.17747691529,
    139.38989221983));
#514 = CARTESIAN_POINT('',(277.20976586785,141.1894385937,
    139.38989221983));
#515 = CARTESIAN_POINT('',(277.33140484568,141.21154781426,
    139.38989221983));
#516 = CARTESIAN_POINT('',(277.45092751033,141.24366959827,
    139.38989221983));
#517 = CARTESIAN_POINT('',(277.56738591629,141.2855617823,
    139.38989221983));
#518 = CARTESIAN_POINT('',(277.67986381515,141.33688199218,
    139.38989221983));
#519 = CARTESIAN_POINT('',(277.78748148338,141.3971827049,
    139.38989221983));
#520 = CARTESIAN_POINT('',(278.06157386706,141.58196383618,
    139.38989221983));
#521 = CARTESIAN_POINT('',(278.21777953105,141.72222714301,
    139.38989221983));
#522 = CARTESIAN_POINT('',(278.35365141388,141.88390561815,
    139.38989221983));
#523 = CARTESIAN_POINT('',(278.46593227734,142.06344067043,
    139.38989221983));
#524 = CARTESIAN_POINT('',(278.55202790045,142.25689743516,
    139.38989221983));
#525 = CARTESIAN_POINT('',(278.61013021007,142.45992564587,
    139.38989221983));
#526 = CARTESIAN_POINT('',(278.6391172083,142.66783971612,
    139.38989221983));
#527 = CARTESIAN_POINT('',(278.6391172083,142.87548833848,
    139.38989221983));
#528 = PCURVE('',#115,#529);
#529 = DEFINITIONAL_REPRESENTATION('',(#530),#561);
#530 = B_SPLINE_CURVE_WITH_KNOTS('',8,(#531,#532,#533,#534,#535,#536,
    #537,#538,#539,#540,#541,#542,#543,#544,#545,#546,#547,#548,#549,
    #550,#551,#552,#553,#554,#555,#556,#557,#558,#559,#560),
  .UNSPECIFIED.,.F.,.F.,(9,7,7,7,9),(0.,0.213077083289,0.429590752265,
    0.64169999245,1.),.UNSPECIFIED.);
#531 = CARTESIAN_POINT('',(6.31631944957,20.443535768171));
#532 = CARTESIAN_POINT('',(6.203266978806,20.493194330095));
#533 = CARTESIAN_POINT('',(6.09431815949,20.552245634701));
#534 = CARTESIAN_POINT('',(5.990412270266,20.620283128866));
#535 = CARTESIAN_POINT('',(5.892408831465,20.696795170993));
#536 = CARTESIAN_POINT('',(5.801096956307,20.781181572534));
#537 = CARTESIAN_POINT('',(5.717196630369,20.872760535746));
#538 = CARTESIAN_POINT('',(5.641351919331,20.970765987642));
#539 = CARTESIAN_POINT('',(5.505795886689,21.179575036902));
#540 = CARTESIAN_POINT('',(5.446340489905,21.290596541428));
#541 = CARTESIAN_POINT('',(5.396340950811,21.406500749341));
#542 = CARTESIAN_POINT('',(5.35625443528,21.526342217337));
#543 = CARTESIAN_POINT('',(5.326423135929,21.649138494943));
#544 = CARTESIAN_POINT('',(5.30707990659,21.773875693917));
#545 = CARTESIAN_POINT('',(5.298340634212,21.899510265337));
#546 = CARTESIAN_POINT('',(5.30198857681,22.147871600421));
#547 = CARTESIAN_POINT('',(5.313950255221,22.270648659555));
#548 = CARTESIAN_POINT('',(5.336059475774,22.392287637378));
#549 = CARTESIAN_POINT('',(5.368181259791,22.511810302029));
#550 = CARTESIAN_POINT('',(5.41007344382,22.628268707987));
#551 = CARTESIAN_POINT('',(5.461393653699,22.740746606847));
#552 = CARTESIAN_POINT('',(5.521694366422,22.848364275076));
#553 = CARTESIAN_POINT('',(5.706475497694,23.122456658765));
#554 = CARTESIAN_POINT('',(5.846738804533,23.278662322746));
#555 = CARTESIAN_POINT('',(6.008417279671,23.41453420558));
#556 = CARTESIAN_POINT('',(6.187952331953,23.526815069037));
#557 = CARTESIAN_POINT('',(6.381409096679,23.612910692146));
#558 = CARTESIAN_POINT('',(6.584437307389,23.671013001773));
#559 = CARTESIAN_POINT('',(6.792351377639,23.7));
#560 = CARTESIAN_POINT('',(7.,23.7));
#561 = ( GEOMETRIC_REPRESENTATION_CONTEXT(2) 
PARAMETRIC_REPRESENTATION_CONTEXT() REPRESENTATION_CONTEXT('2D SPACE',''
  ) );
#562 = PCURVE('',#442,#563);
#563 = DEFINITIONAL_REPRESENTATION('',(#564),#595);
#564 = B_SPLINE_CURVE_WITH_KNOTS('',8,(#565,#566,#567,#568,#569,#570,
    #571,#572,#573,#574,#575,#576,#577,#578,#579,#580,#581,#582,#583,
    #584,#585,#586,#587,#588,#589,#590,#591,#592,#593,#594),
  .UNSPECIFIED.,.F.,.F.,(9,7,7,7,9),(0.,0.213077083289,0.429590752265,
    0.64169999245,1.),.UNSPECIFIED.);
#565 = CARTESIAN_POINT('',(3.555472961841,65.));
#566 = CARTESIAN_POINT('',(3.628107121015,65.));
#567 = CARTESIAN_POINT('',(3.700752969118,65.));
#568 = CARTESIAN_POINT('',(3.773393460884,65.));
#569 = CARTESIAN_POINT('',(3.846027490156,65.));
#570 = CARTESIAN_POINT('',(3.918661893995,65.));
#571 = CARTESIAN_POINT('',(3.991303415301,65.));
#572 = CARTESIAN_POINT('',(4.06395062393,65.));
#573 = CARTESIAN_POINT('',(4.210392455549,65.));
#574 = CARTESIAN_POINT('',(4.284212089199,65.));
#575 = CARTESIAN_POINT('',(4.358025715291,65.));
#576 = CARTESIAN_POINT('',(4.431831867225,65.));
#577 = CARTESIAN_POINT('',(4.505637845832,65.));
#578 = CARTESIAN_POINT('',(4.57945098625,65.));
#579 = CARTESIAN_POINT('',(4.65326993965,65.));
#580 = CARTESIAN_POINT('',(4.799380600951,65.));
#581 = CARTESIAN_POINT('',(4.871697720597,65.));
#582 = CARTESIAN_POINT('',(4.944009965095,65.));
#583 = CARTESIAN_POINT('',(5.01631580378,65.));
#584 = CARTESIAN_POINT('',(5.088621748253,65.));
#585 = CARTESIAN_POINT('',(5.160934436865,65.));
#586 = CARTESIAN_POINT('',(5.233252594409,65.));
#587 = CARTESIAN_POINT('',(5.427700354066,65.));
#588 = CARTESIAN_POINT('',(5.550010289658,65.));
#589 = CARTESIAN_POINT('',(5.672223662446,65.));
#590 = CARTESIAN_POINT('',(5.794377722218,65.));
#591 = CARTESIAN_POINT('',(5.916529489381,65.));
#592 = CARTESIAN_POINT('',(6.038737026632,65.));
#593 = CARTESIAN_POINT('',(6.161039058732,65.));
#594 = CARTESIAN_POINT('',(6.28318530718,65.));
#595 = ( GEOMETRIC_REPRESENTATION_CONTEXT(2) 
PARAMETRIC_REPRESENTATION_CONTEXT() REPRESENTATION_CONTEXT('2D SPACE',''
  ) );
#596 = FACE_BOUND('',#597,.F.);
#597 = EDGE_LOOP('',(#598,#751));
#598 = ORIENTED_EDGE('',*,*,#599,.T.);
#599 = EDGE_CURVE('',#600,#602,#604,.T.);
#600 = VERTEX_POINT('',#601);
#601 = CARTESIAN_POINT('',(278.6391172083,158.87548833848,
    139.38989221983));
#602 = VERTEX_POINT('',#603);
#603 = CARTESIAN_POINT('',(275.5348084513,157.9174085323,139.38989221983
    ));
#604 = SURFACE_CURVE('',#605,(#650,#698),.PCURVE_S1.);
#605 = B_SPLINE_CURVE_WITH_KNOTS('',7,(#606,#607,#608,#609,#610,#611,
    #612,#613,#614,#615,#616,#617,#618,#619,#620,#621,#622,#623,#624,
    #625,#626,#627,#628,#629,#630,#631,#632,#633,#634,#635,#636,#637,
    #638,#639,#640,#641,#642,#643,#644,#645,#646,#647,#648,#649),
  .UNSPECIFIED.,.F.,.F.,(8,6,6,6,6,6,6,8),(0.,9.867130705237E-02,
    0.271515436373,0.428198605673,0.636647762403,0.768741886501,
    0.849039136125,1.),.UNSPECIFIED.);
#606 = CARTESIAN_POINT('',(278.6391172083,158.87548833848,
    139.38989221983));
#607 = CARTESIAN_POINT('',(278.6391172083,158.96510901934,
    139.38989221983));
#608 = CARTESIAN_POINT('',(278.63360490046,159.0547330479,
    139.38989221983));
#609 = CARTESIAN_POINT('',(278.62258047679,159.14394840182,
    139.38989221983));
#610 = CARTESIAN_POINT('',(278.60608150441,159.23234874128,
    139.38989221983));
#611 = CARTESIAN_POINT('',(278.58418264623,159.31953432867,
    139.38989221983));
#612 = CARTESIAN_POINT('',(278.55699538149,159.40511294824,
    139.38989221983));
#613 = CARTESIAN_POINT('',(278.46803884855,159.63512306679,
    139.38989221983));
#614 = CARTESIAN_POINT('',(278.39561791636,159.77548666857,
    139.38989221983));
#615 = CARTESIAN_POINT('',(278.30820892275,159.90766749084,
    139.38989221983));
#616 = CARTESIAN_POINT('',(278.20695181957,160.02978578591,
    139.38989221983));
#617 = CARTESIAN_POINT('',(278.09323978945,160.14016007409,
    139.38989221983));
#618 = CARTESIAN_POINT('',(277.96870924214,160.23732059728,
    139.38989221983));
#619 = CARTESIAN_POINT('',(277.71436938167,160.39510586366,
    139.38989221983));
#620 = CARTESIAN_POINT('',(277.58608427193,160.45833342053,
    139.38989221983));
#621 = CARTESIAN_POINT('',(277.45187153007,160.50887026184,
    139.38989221983));
#622 = CARTESIAN_POINT('',(277.31324037731,160.54608255816,
    139.38989221983));
#623 = CARTESIAN_POINT('',(277.17176191576,160.56954877883,
    139.38989221983));
#624 = CARTESIAN_POINT('',(277.02905968729,160.57906205635,
    139.38989221983));
#625 = CARTESIAN_POINT('',(276.69757182367,160.56885843607,
    139.38989221983));
#626 = CARTESIAN_POINT('',(276.50896856962,160.53844031133,
    139.38989221983));
#627 = CARTESIAN_POINT('',(276.32505692272,160.48350241598,
    139.38989221983));
#628 = CARTESIAN_POINT('',(276.14959269229,160.40500842633,
    139.38989221983));
#629 = CARTESIAN_POINT('',(275.98605775958,160.30451494736,
    139.38989221983));
#630 = CARTESIAN_POINT('',(275.83767632804,160.18418010345,
    139.38989221983));
#631 = CARTESIAN_POINT('',(275.62452697526,159.96003775541,
    139.38989221983));
#632 = CARTESIAN_POINT('',(275.54899821875,159.86627800961,
    139.38989221983));
#633 = CARTESIAN_POINT('',(275.4813103809,159.76642285715,
    139.38989221983));
#634 = CARTESIAN_POINT('',(275.42204056559,159.66126395753,
    139.38989221983));
#635 = CARTESIAN_POINT('',(275.37166730943,159.55165059664,
    139.38989221983));
#636 = CARTESIAN_POINT('',(275.33056879037,159.43848630072,
    139.38989221983));
#637 = CARTESIAN_POINT('',(275.2798168087,159.25237197571,
    139.38989221983));
#638 = CARTESIAN_POINT('',(275.26415097218,159.18104783638,
    139.38989221983));
#639 = CARTESIAN_POINT('',(275.25206473471,159.10897558318,
    139.38989221983));
#640 = CARTESIAN_POINT('',(275.24359982495,159.03637078112,
    139.38989221983));
#641 = CARTESIAN_POINT('',(275.23878163402,158.96345110489,
    139.38989221983));
#642 = CARTESIAN_POINT('',(275.23761915503,158.89043603047,
    139.38989221983));
#643 = CARTESIAN_POINT('',(275.24477822905,158.68051241295,
    139.38989221983));
#644 = CARTESIAN_POINT('',(275.26234700963,158.54389421053,
    139.38989221983));
#645 = CARTESIAN_POINT('',(275.29276771703,158.40919142821,
    139.38989221983));
#646 = CARTESIAN_POINT('',(275.3357710033,158.27784242621,
    139.38989221983));
#647 = CARTESIAN_POINT('',(275.39090432846,158.15122993204,
    139.38989221983));
#648 = CARTESIAN_POINT('',(275.45753425825,158.03067344539,
    139.38989221983));
#649 = CARTESIAN_POINT('',(275.5348084513,157.9174085323,139.38989221983
    ));
#650 = PCURVE('',#115,#651);
#651 = DEFINITIONAL_REPRESENTATION('',(#652),#697);
#652 = B_SPLINE_CURVE_WITH_KNOTS('',7,(#653,#654,#655,#656,#657,#658,
    #659,#660,#661,#662,#663,#664,#665,#666,#667,#668,#669,#670,#671,
    #672,#673,#674,#675,#676,#677,#678,#679,#680,#681,#682,#683,#684,
    #685,#686,#687,#688,#689,#690,#691,#692,#693,#694,#695,#696),
  .UNSPECIFIED.,.F.,.F.,(8,6,6,6,6,6,6,8),(0.,9.867130705237E-02,
    0.271515436373,0.428198605673,0.636647762403,0.768741886501,
    0.849039136125,1.),.UNSPECIFIED.);
#653 = CARTESIAN_POINT('',(23.,23.7));
#654 = CARTESIAN_POINT('',(23.089620680857,23.7));
#655 = CARTESIAN_POINT('',(23.179244709416,23.694487692165));
#656 = CARTESIAN_POINT('',(23.268460063335,23.683463268489));
#657 = CARTESIAN_POINT('',(23.3568604028,23.666964296111));
#658 = CARTESIAN_POINT('',(23.444045990194,23.645065437929));
#659 = CARTESIAN_POINT('',(23.529624609755,23.617878173191));
#660 = CARTESIAN_POINT('',(23.759634728306,23.528921640254));
#661 = CARTESIAN_POINT('',(23.899998330086,23.45650070806));
#662 = CARTESIAN_POINT('',(24.032179152364,23.36909171445));
#663 = CARTESIAN_POINT('',(24.154297447429,23.267834611266));
#664 = CARTESIAN_POINT('',(24.264671735605,23.154122581148));
#665 = CARTESIAN_POINT('',(24.361832258795,23.029592033842));
#666 = CARTESIAN_POINT('',(24.519617525182,22.775252173371));
#667 = CARTESIAN_POINT('',(24.582845082046,22.64696706363));
#668 = CARTESIAN_POINT('',(24.633381923358,22.512754321773));
#669 = CARTESIAN_POINT('',(24.670594219681,22.374123169006));
#670 = CARTESIAN_POINT('',(24.694060440352,22.232644707464));
#671 = CARTESIAN_POINT('',(24.703573717871,22.089942478988));
#672 = CARTESIAN_POINT('',(24.69337009759,21.758454615366));
#673 = CARTESIAN_POINT('',(24.662951972853,21.569851361321));
#674 = CARTESIAN_POINT('',(24.608014077499,21.385939714417));
#675 = CARTESIAN_POINT('',(24.52952008785,21.210475483995));
#676 = CARTESIAN_POINT('',(24.429026608883,21.046940551277));
#677 = CARTESIAN_POINT('',(24.308691764966,20.898559119745));
#678 = CARTESIAN_POINT('',(24.084549416931,20.685409766965));
#679 = CARTESIAN_POINT('',(23.990789671124,20.609881010455));
#680 = CARTESIAN_POINT('',(23.890934518667,20.5421931726));
#681 = CARTESIAN_POINT('',(23.785775619052,20.482923357288));
#682 = CARTESIAN_POINT('',(23.676162258163,20.43255010113));
#683 = CARTESIAN_POINT('',(23.562997962241,20.391451582066));
#684 = CARTESIAN_POINT('',(23.376883637228,20.340699600401));
#685 = CARTESIAN_POINT('',(23.3055594979,20.325033763884));
#686 = CARTESIAN_POINT('',(23.233487244696,20.312947526406));
#687 = CARTESIAN_POINT('',(23.160882442638,20.304482616655));
#688 = CARTESIAN_POINT('',(23.087962766409,20.299664425721));
#689 = CARTESIAN_POINT('',(23.014947691988,20.298501946726));
#690 = CARTESIAN_POINT('',(22.805024074467,20.30566102075));
#691 = CARTESIAN_POINT('',(22.668405872048,20.323229801328));
#692 = CARTESIAN_POINT('',(22.533703089729,20.353650508731));
#693 = CARTESIAN_POINT('',(22.402354087731,20.396653795005));
#694 = CARTESIAN_POINT('',(22.275741593556,20.45178712016));
#695 = CARTESIAN_POINT('',(22.155185106912,20.518417049955));
#696 = CARTESIAN_POINT('',(22.041920193821,20.595691242998));
#697 = ( GEOMETRIC_REPRESENTATION_CONTEXT(2) 
PARAMETRIC_REPRESENTATION_CONTEXT() REPRESENTATION_CONTEXT('2D SPACE',''
  ) );
#698 = PCURVE('',#699,#704);
#699 = CYLINDRICAL_SURFACE('',#700,1.7);
#700 = AXIS2_PLACEMENT_3D('',#701,#702,#703);
#701 = CARTESIAN_POINT('',(276.9391172083,158.87548833848,
    74.389892219836));
#702 = DIRECTION('',(0.,0.,1.));
#703 = DIRECTION('',(1.,0.,-0.));
#704 = DEFINITIONAL_REPRESENTATION('',(#705),#750);
#705 = B_SPLINE_CURVE_WITH_KNOTS('',7,(#706,#707,#708,#709,#710,#711,
    #712,#713,#714,#715,#716,#717,#718,#719,#720,#721,#722,#723,#724,
    #725,#726,#727,#728,#729,#730,#731,#732,#733,#734,#735,#736,#737,
    #738,#739,#740,#741,#742,#743,#744,#745,#746,#747,#748,#749),
  .UNSPECIFIED.,.F.,.F.,(8,6,6,6,6,6,6,8),(0.,9.867130705237E-02,
    0.271515436373,0.428198605673,0.636647762403,0.768741886501,
    0.849039136125,1.),.UNSPECIFIED.);
#706 = CARTESIAN_POINT('',(0.,65.));
#707 = CARTESIAN_POINT('',(5.271804756274E-02,65.));
#708 = CARTESIAN_POINT('',(0.10543807483,65.));
#709 = CARTESIAN_POINT('',(0.15815700327,65.));
#710 = CARTESIAN_POINT('',(0.210875133088,65.));
#711 = CARTESIAN_POINT('',(0.263593956421,65.));
#712 = CARTESIAN_POINT('',(0.316313970537,65.));
#713 = CARTESIAN_POINT('',(0.461380378654,65.));
#714 = CARTESIAN_POINT('',(0.553754480206,65.));
#715 = CARTESIAN_POINT('',(0.646108751884,65.));
#716 = CARTESIAN_POINT('',(0.738450974793,65.));
#717 = CARTESIAN_POINT('',(0.830806757178,65.));
#718 = CARTESIAN_POINT('',(0.923183183517,65.));
#719 = CARTESIAN_POINT('',(1.099246394595,65.));
#720 = CARTESIAN_POINT('',(1.182977365107,65.));
#721 = CARTESIAN_POINT('',(1.266695745932,65.));
#722 = CARTESIAN_POINT('',(1.350406025977,65.));
#723 = CARTESIAN_POINT('',(1.434123971838,65.));
#724 = CARTESIAN_POINT('',(1.517854211538,65.));
#725 = CARTESIAN_POINT('',(1.712939427232,65.));
#726 = CARTESIAN_POINT('',(1.824380559183,65.));
#727 = CARTESIAN_POINT('',(1.935763084742,65.));
#728 = CARTESIAN_POINT('',(2.047130339182,65.));
#729 = CARTESIAN_POINT('',(2.158514143349,65.));
#730 = CARTESIAN_POINT('',(2.269956958347,65.));
#731 = CARTESIAN_POINT('',(2.4519037915,65.));
#732 = CARTESIAN_POINT('',(2.522486747915,65.));
#733 = CARTESIAN_POINT('',(2.593064230005,65.));
#734 = CARTESIAN_POINT('',(2.663638146799,65.));
#735 = CARTESIAN_POINT('',(2.734215287213,65.));
#736 = CARTESIAN_POINT('',(2.804797675824,65.));
#737 = CARTESIAN_POINT('',(2.918274203613,65.));
#738 = CARTESIAN_POINT('',(2.96117598474,65.));
#739 = CARTESIAN_POINT('',(3.004077327459,65.));
#740 = CARTESIAN_POINT('',(3.046978411516,65.));
#741 = CARTESIAN_POINT('',(3.089879784629,65.));
#742 = CARTESIAN_POINT('',(3.132781570143,65.));
#743 = CARTESIAN_POINT('',(3.25633783828,65.));
#744 = CARTESIAN_POINT('',(3.337006772143,65.));
#745 = CARTESIAN_POINT('',(3.417665478309,65.));
#746 = CARTESIAN_POINT('',(3.498317797174,65.));
#747 = CARTESIAN_POINT('',(3.578976816836,65.));
#748 = CARTESIAN_POINT('',(3.659646208246,65.));
#749 = CARTESIAN_POINT('',(3.740301486173,65.));
#750 = ( GEOMETRIC_REPRESENTATION_CONTEXT(2) 
PARAMETRIC_REPRESENTATION_CONTEXT() REPRESENTATION_CONTEXT('2D SPACE',''
  ) );
#751 = ORIENTED_EDGE('',*,*,#752,.T.);
#752 = EDGE_CURVE('',#602,#600,#753,.T.);
#753 = SURFACE_CURVE('',#754,(#785,#819),.PCURVE_S1.);
#754 = B_SPLINE_CURVE_WITH_KNOTS('',8,(#755,#756,#757,#758,#759,#760,
    #761,#762,#763,#764,#765,#766,#767,#768,#769,#770,#771,#772,#773,
    #774,#775,#776,#777,#778,#779,#780,#781,#782,#783,#784),
  .UNSPECIFIED.,.F.,.F.,(9,7,7,7,9),(0.,0.217997319773,0.394422695543,
    0.616221182072,1.),.UNSPECIFIED.);
#755 = CARTESIAN_POINT('',(275.5348084513,157.9174085323,139.38989221983
    ));
#756 = CARTESIAN_POINT('',(275.60118113621,157.82012254208,
    139.38989221983));
#757 = CARTESIAN_POINT('',(275.67526517796,157.72807855013,
    139.38989221983));
#758 = CARTESIAN_POINT('',(275.75656520442,157.64200993572,
    139.38989221983));
#759 = CARTESIAN_POINT('',(275.84451250102,157.56257119813,
    139.38989221983));
#760 = CARTESIAN_POINT('',(275.93847600499,157.4903469631,
    139.38989221983));
#761 = CARTESIAN_POINT('',(276.03776720396,157.42585367708,
    139.38989221983));
#762 = CARTESIAN_POINT('',(276.14163893886,157.3695339895,
    139.38989221983));
#763 = CARTESIAN_POINT('',(276.33639056477,157.28306720913,
    139.38989221983));
#764 = CARTESIAN_POINT('',(276.42598622404,157.24997017576,
    139.38989221983));
#765 = CARTESIAN_POINT('',(276.51764066949,157.22264243776,
    139.38989221983));
#766 = CARTESIAN_POINT('',(276.61091917994,157.20123040614,
    139.38989221983));
#767 = CARTESIAN_POINT('',(276.70537831905,157.18584097474,
    139.38989221983));
#768 = CARTESIAN_POINT('',(276.80056701523,157.17654263699,
    139.38989221983));
#769 = CARTESIAN_POINT('',(276.89602713522,157.17336393264,
    139.38989221983));
#770 = CARTESIAN_POINT('',(277.1110606016,157.17996684326,
    139.38989221983));
#771 = CARTESIAN_POINT('',(277.23055028877,157.19329275907,
    139.38989221983));
#772 = CARTESIAN_POINT('',(277.34882823532,157.21624331186,
    139.38989221983));
#773 = CARTESIAN_POINT('',(277.46499030085,157.24868210511,
    139.38989221983));
#774 = CARTESIAN_POINT('',(277.578160636,157.2903761032,139.38989221983)
  );
#775 = CARTESIAN_POINT('',(277.68749287599,157.34100164931,
    139.38989221983));
#776 = CARTESIAN_POINT('',(277.79217447375,157.40014040381,
    139.38989221983));
#777 = CARTESIAN_POINT('',(278.06318363084,157.58341151424,
    139.38989221983));
#778 = CARTESIAN_POINT('',(278.21897996176,157.72365687659,
    139.38989221983));
#779 = CARTESIAN_POINT('',(278.35447847059,157.88522890691,
    139.38989221983));
#780 = CARTESIAN_POINT('',(278.46643982512,158.0645817921,
    139.38989221983));
#781 = CARTESIAN_POINT('',(278.55228472977,158.2577957244,
    139.38989221983));
#782 = CARTESIAN_POINT('',(278.61021545336,158.46053862715,
    139.38989221983));
#783 = CARTESIAN_POINT('',(278.6391172083,158.66814525596,
    139.38989221983));
#784 = CARTESIAN_POINT('',(278.6391172083,158.87548833848,
    139.38989221983));
#785 = PCURVE('',#115,#786);
#786 = DEFINITIONAL_REPRESENTATION('',(#787),#818);
#787 = B_SPLINE_CURVE_WITH_KNOTS('',8,(#788,#789,#790,#791,#792,#793,
    #794,#795,#796,#797,#798,#799,#800,#801,#802,#803,#804,#805,#806,
    #807,#808,#809,#810,#811,#812,#813,#814,#815,#816,#817),
  .UNSPECIFIED.,.F.,.F.,(9,7,7,7,9),(0.,0.217997319773,0.394422695543,
    0.616221182072,1.),.UNSPECIFIED.);
#788 = CARTESIAN_POINT('',(22.041920193821,20.595691242998));
#789 = CARTESIAN_POINT('',(21.944634203603,20.662063927914));
#790 = CARTESIAN_POINT('',(21.852590211649,20.73614796966));
#791 = CARTESIAN_POINT('',(21.766521597239,20.817447996122));
#792 = CARTESIAN_POINT('',(21.687082859654,20.905395292719));
#793 = CARTESIAN_POINT('',(21.614858624614,20.999358796686));
#794 = CARTESIAN_POINT('',(21.550365338596,21.098649995659));
#795 = CARTESIAN_POINT('',(21.494045651019,21.202521730564));
#796 = CARTESIAN_POINT('',(21.40757887065,21.397273356468));
#797 = CARTESIAN_POINT('',(21.374481837282,21.486869015744));
#798 = CARTESIAN_POINT('',(21.347154099282,21.578523461186));
#799 = CARTESIAN_POINT('',(21.325742067662,21.671801971645));
#800 = CARTESIAN_POINT('',(21.310352636256,21.766261110755));
#801 = CARTESIAN_POINT('',(21.301054298504,21.861449806933));
#802 = CARTESIAN_POINT('',(21.297875594164,21.956909926924));
#803 = CARTESIAN_POINT('',(21.304478504782,22.171943393303));
#804 = CARTESIAN_POINT('',(21.317804420586,22.291433080474));
#805 = CARTESIAN_POINT('',(21.340754973382,22.40971102702));
#806 = CARTESIAN_POINT('',(21.373193766633,22.525873092554));
#807 = CARTESIAN_POINT('',(21.414887764717,22.639043427704));
#808 = CARTESIAN_POINT('',(21.465513310833,22.74837566769));
#809 = CARTESIAN_POINT('',(21.524652065329,22.85305726545));
#810 = CARTESIAN_POINT('',(21.70792317576,23.124066422545));
#811 = CARTESIAN_POINT('',(21.848168538113,23.279862753457));
#812 = CARTESIAN_POINT('',(22.009740568431,23.415361262288));
#813 = CARTESIAN_POINT('',(22.189093453623,23.527322616823));
#814 = CARTESIAN_POINT('',(22.382307385915,23.613167521475));
#815 = CARTESIAN_POINT('',(22.585050288666,23.671098245057));
#816 = CARTESIAN_POINT('',(22.792656917476,23.7));
#817 = CARTESIAN_POINT('',(23.,23.7));
#818 = ( GEOMETRIC_REPRESENTATION_CONTEXT(2) 
PARAMETRIC_REPRESENTATION_CONTEXT() REPRESENTATION_CONTEXT('2D SPACE',''
  ) );
#819 = PCURVE('',#699,#820);
#820 = DEFINITIONAL_REPRESENTATION('',(#821),#852);
#821 = B_SPLINE_CURVE_WITH_KNOTS('',8,(#822,#823,#824,#825,#826,#827,
    #828,#829,#830,#831,#832,#833,#834,#835,#836,#837,#838,#839,#840,
    #841,#842,#843,#844,#845,#846,#847,#848,#849,#850,#851),
  .UNSPECIFIED.,.F.,.F.,(9,7,7,7,9),(0.,0.217997319773,0.394422695543,
    0.616221182072,1.),.UNSPECIFIED.);
#822 = CARTESIAN_POINT('',(3.740301486173,65.));
#823 = CARTESIAN_POINT('',(3.809578267175,65.));
#824 = CARTESIAN_POINT('',(3.87886412338,65.));
#825 = CARTESIAN_POINT('',(3.948145882545,65.));
#826 = CARTESIAN_POINT('',(4.017422811775,65.));
#827 = CARTESIAN_POINT('',(4.086700322822,65.));
#828 = CARTESIAN_POINT('',(4.155983606588,65.));
#829 = CARTESIAN_POINT('',(4.225271196805,65.));
#830 = CARTESIAN_POINT('',(4.350614600394,65.));
#831 = CARTESIAN_POINT('',(4.406683899277,65.));
#832 = CARTESIAN_POINT('',(4.462751637113,65.));
#833 = CARTESIAN_POINT('',(4.518817512096,65.));
#834 = CARTESIAN_POINT('',(4.574883408828,65.));
#835 = CARTESIAN_POINT('',(4.63095115747,65.));
#836 = CARTESIAN_POINT('',(4.687020286268,65.));
#837 = CARTESIAN_POINT('',(4.813570179449,65.));
#838 = CARTESIAN_POINT('',(4.884065510871,65.));
#839 = CARTESIAN_POINT('',(4.954556450181,65.));
#840 = CARTESIAN_POINT('',(5.02504168686,65.));
#841 = CARTESIAN_POINT('',(5.095526965019,65.));
#842 = CARTESIAN_POINT('',(5.166018115933,65.));
#843 = CARTESIAN_POINT('',(5.236514069445,65.));
#844 = CARTESIAN_POINT('',(5.428961665465,65.));
#845 = CARTESIAN_POINT('',(5.551090677322,65.));
#846 = CARTESIAN_POINT('',(5.673123902592,65.));
#847 = CARTESIAN_POINT('',(5.795098166132,65.));
#848 = CARTESIAN_POINT('',(5.917070158302,65.));
#849 = CARTESIAN_POINT('',(6.039097599328,65.));
#850 = CARTESIAN_POINT('',(6.161218788048,65.));
#851 = CARTESIAN_POINT('',(6.28318530718,65.));
#852 = ( GEOMETRIC_REPRESENTATION_CONTEXT(2) 
PARAMETRIC_REPRESENTATION_CONTEXT() REPRESENTATION_CONTEXT('2D SPACE',''
  ) );
#853 = ADVANCED_FACE('',(#854),#92,.F.);
#854 = FACE_BOUND('',#855,.F.);
#855 = EDGE_LOOP('',(#856,#876,#877,#878));
#856 = ORIENTED_EDGE('',*,*,#857,.F.);
#857 = EDGE_CURVE('',#54,#858,#860,.T.);
#858 = VERTEX_POINT('',#859);
#859 = CARTESIAN_POINT('',(299.9391172083,165.87548833848,
    134.38989221983));
#860 = SURFACE_CURVE('',#861,(#864,#870),.PCURVE_S1.);
#861 = B_SPLINE_CURVE_WITH_KNOTS('',1,(#862,#863),.UNSPECIFIED.,.F.,.F.,
  (2,2),(0.,30.),.PIECEWISE_BEZIER_KNOTS.);
#862 = CARTESIAN_POINT('',(299.9391172083,135.87548833848,
    134.38989221983));
#863 = CARTESIAN_POINT('',(299.9391172083,165.87548833848,
    134.38989221983));
#864 = PCURVE('',#92,#865);
#865 = DEFINITIONAL_REPRESENTATION('',(#866),#869);
#866 = B_SPLINE_CURVE_WITH_KNOTS('',1,(#867,#868),.UNSPECIFIED.,.F.,.F.,
  (2,2),(0.,30.),.PIECEWISE_BEZIER_KNOTS.);
#867 = CARTESIAN_POINT('',(0.,0.));
#868 = CARTESIAN_POINT('',(0.,30.));
#869 = ( GEOMETRIC_REPRESENTATION_CONTEXT(2) 
PARAMETRIC_REPRESENTATION_CONTEXT() REPRESENTATION_CONTEXT('2D SPACE',''
  ) );
#870 = PCURVE('',#67,#871);
#871 = DEFINITIONAL_REPRESENTATION('',(#872),#875);
#872 = B_SPLINE_CURVE_WITH_KNOTS('',1,(#873,#874),.UNSPECIFIED.,.F.,.F.,
  (2,2),(0.,30.),.PIECEWISE_BEZIER_KNOTS.);
#873 = CARTESIAN_POINT('',(0.,45.));
#874 = CARTESIAN_POINT('',(30.,45.));
#875 = ( GEOMETRIC_REPRESENTATION_CONTEXT(2) 
PARAMETRIC_REPRESENTATION_CONTEXT() REPRESENTATION_CONTEXT('2D SPACE',''
  ) );
#876 = ORIENTED_EDGE('',*,*,#78,.T.);
#877 = ORIENTED_EDGE('',*,*,#218,.T.);
#878 = ORIENTED_EDGE('',*,*,#879,.F.);
#879 = EDGE_CURVE('',#858,#199,#880,.T.);
#880 = SURFACE_CURVE('',#881,(#884,#890),.PCURVE_S1.);
#881 = B_SPLINE_CURVE_WITH_KNOTS('',1,(#882,#883),.UNSPECIFIED.,.F.,.F.,
  (2,2),(0.,5.),.PIECEWISE_BEZIER_KNOTS.);
#882 = CARTESIAN_POINT('',(299.9391172083,165.87548833848,
    134.38989221983));
#883 = CARTESIAN_POINT('',(299.9391172083,165.87548833848,
    139.38989221983));
#884 = PCURVE('',#92,#885);
#885 = DEFINITIONAL_REPRESENTATION('',(#886),#889);
#886 = B_SPLINE_CURVE_WITH_KNOTS('',1,(#887,#888),.UNSPECIFIED.,.F.,.F.,
  (2,2),(0.,5.),.PIECEWISE_BEZIER_KNOTS.);
#887 = CARTESIAN_POINT('',(0.,30.));
#888 = CARTESIAN_POINT('',(5.,30.));
#889 = ( GEOMETRIC_REPRESENTATION_CONTEXT(2) 
PARAMETRIC_REPRESENTATION_CONTEXT() REPRESENTATION_CONTEXT('2D SPACE',''
  ) );
#890 = PCURVE('',#182,#891);
#891 = DEFINITIONAL_REPRESENTATION('',(#892),#895);
#892 = B_SPLINE_CURVE_WITH_KNOTS('',1,(#893,#894),.UNSPECIFIED.,.F.,.F.,
  (2,2),(0.,5.),.PIECEWISE_BEZIER_KNOTS.);
#893 = CARTESIAN_POINT('',(0.,-45.));
#894 = CARTESIAN_POINT('',(5.,-45.));
#895 = ( GEOMETRIC_REPRESENTATION_CONTEXT(2) 
PARAMETRIC_REPRESENTATION_CONTEXT() REPRESENTATION_CONTEXT('2D SPACE',''
  ) );
#896 = ADVANCED_FACE('',(#897,#920,#957,#994,#1246),#67,.T.);
#897 = FACE_BOUND('',#898,.T.);
#898 = EDGE_LOOP('',(#899,#900,#901,#919));
#899 = ORIENTED_EDGE('',*,*,#53,.F.);
#900 = ORIENTED_EDGE('',*,*,#129,.T.);
#901 = ORIENTED_EDGE('',*,*,#902,.T.);
#902 = EDGE_CURVE('',#130,#858,#903,.T.);
#903 = SURFACE_CURVE('',#904,(#907,#913),.PCURVE_S1.);
#904 = B_SPLINE_CURVE_WITH_KNOTS('',1,(#905,#906),.UNSPECIFIED.,.F.,.F.,
  (2,2),(0.,45.),.PIECEWISE_BEZIER_KNOTS.);
#905 = CARTESIAN_POINT('',(254.9391172083,165.87548833848,
    134.38989221983));
#906 = CARTESIAN_POINT('',(299.9391172083,165.87548833848,
    134.38989221983));
#907 = PCURVE('',#67,#908);
#908 = DEFINITIONAL_REPRESENTATION('',(#909),#912);
#909 = B_SPLINE_CURVE_WITH_KNOTS('',1,(#910,#911),.UNSPECIFIED.,.F.,.F.,
  (2,2),(0.,45.),.PIECEWISE_BEZIER_KNOTS.);
#910 = CARTESIAN_POINT('',(30.,0.));
#911 = CARTESIAN_POINT('',(30.,45.));
#912 = ( GEOMETRIC_REPRESENTATION_CONTEXT(2) 
PARAMETRIC_REPRESENTATION_CONTEXT() REPRESENTATION_CONTEXT('2D SPACE',''
  ) );
#913 = PCURVE('',#182,#914);
#914 = DEFINITIONAL_REPRESENTATION('',(#915),#918);
#915 = B_SPLINE_CURVE_WITH_KNOTS('',1,(#916,#917),.UNSPECIFIED.,.F.,.F.,
  (2,2),(0.,45.),.PIECEWISE_BEZIER_KNOTS.);
#916 = CARTESIAN_POINT('',(0.,0.));
#917 = CARTESIAN_POINT('',(0.,-45.));
#918 = ( GEOMETRIC_REPRESENTATION_CONTEXT(2) 
PARAMETRIC_REPRESENTATION_CONTEXT() REPRESENTATION_CONTEXT('2D SPACE',''
  ) );
#919 = ORIENTED_EDGE('',*,*,#857,.F.);
#920 = FACE_BOUND('',#921,.T.);
#921 = EDGE_LOOP('',(#922));
#922 = ORIENTED_EDGE('',*,*,#923,.F.);
#923 = EDGE_CURVE('',#924,#924,#926,.T.);
#924 = VERTEX_POINT('',#925);
#925 = CARTESIAN_POINT('',(264.9391172083,145.12548833848,
    134.38989221983));
#926 = SURFACE_CURVE('',#927,(#935,#946),.PCURVE_S1.);
#927 = ( BOUNDED_CURVE() B_SPLINE_CURVE(2,(#928,#929,#930,#931,#932,#933
,#934),.UNSPECIFIED.,.T.,.F.) B_SPLINE_CURVE_WITH_KNOTS((1,2,2,2,2,1),(
    -2.094395102393,0.,2.094395102393,4.188790204786,6.28318530718,
8.377580409573),.UNSPECIFIED.) CURVE() GEOMETRIC_REPRESENTATION_ITEM() 
RATIONAL_B_SPLINE_CURVE((1.,0.5,1.,0.5,1.,0.5,1.)) REPRESENTATION_ITEM(
  '') );
#928 = CARTESIAN_POINT('',(264.9391172083,145.12548833848,
    134.38989221983));
#929 = CARTESIAN_POINT('',(268.83623152533,145.12548833848,
    134.38989221983));
#930 = CARTESIAN_POINT('',(266.88767436681,141.75048833848,
    134.38989221983));
#931 = CARTESIAN_POINT('',(264.9391172083,138.37548833848,
    134.38989221983));
#932 = CARTESIAN_POINT('',(262.99056004978,141.75048833848,
    134.38989221983));
#933 = CARTESIAN_POINT('',(261.04200289127,145.12548833848,
    134.38989221983));
#934 = CARTESIAN_POINT('',(264.9391172083,145.12548833848,
    134.38989221983));
#935 = PCURVE('',#67,#936);
#936 = DEFINITIONAL_REPRESENTATION('',(#937),#945);
#937 = ( BOUNDED_CURVE() B_SPLINE_CURVE(2,(#938,#939,#940,#941,#942,#943
,#944),.UNSPECIFIED.,.T.,.F.) B_SPLINE_CURVE_WITH_KNOTS((3,2,2,3),(0.,
    2.094395102393,4.188790204786,6.28318530718),
.PIECEWISE_BEZIER_KNOTS.) CURVE() GEOMETRIC_REPRESENTATION_ITEM() 
RATIONAL_B_SPLINE_CURVE((1.,0.5,1.,0.5,1.,0.5,1.)) REPRESENTATION_ITEM(
  '') );
#938 = CARTESIAN_POINT('',(9.25,10.));
#939 = CARTESIAN_POINT('',(9.25,13.89711431703));
#940 = CARTESIAN_POINT('',(5.875,11.948557158515));
#941 = CARTESIAN_POINT('',(2.5,10.));
#942 = CARTESIAN_POINT('',(5.875,8.051442841485));
#943 = CARTESIAN_POINT('',(9.25,6.10288568297));
#944 = CARTESIAN_POINT('',(9.25,10.));
#945 = ( GEOMETRIC_REPRESENTATION_CONTEXT(2) 
PARAMETRIC_REPRESENTATION_CONTEXT() REPRESENTATION_CONTEXT('2D SPACE',''
  ) );
#946 = PCURVE('',#262,#947);
#947 = DEFINITIONAL_REPRESENTATION('',(#948),#956);
#948 = B_SPLINE_CURVE_WITH_KNOTS('',2,(#949,#950,#951,#952,#953,#954,
    #955),.UNSPECIFIED.,.F.,.F.,(3,2,2,3),(0.,2.094395102393,
    4.188790204786,6.28318530718),.PIECEWISE_BEZIER_KNOTS.);
#949 = CARTESIAN_POINT('',(0.,9.999999999999E-02));
#950 = CARTESIAN_POINT('',(1.047197551197,9.999999999997E-02));
#951 = CARTESIAN_POINT('',(2.094395102393,9.999999999999E-02));
#952 = CARTESIAN_POINT('',(3.14159265359,0.1));
#953 = CARTESIAN_POINT('',(4.188790204786,9.999999999999E-02));
#954 = CARTESIAN_POINT('',(5.235987755983,0.1));
#955 = CARTESIAN_POINT('',(6.28318530718,9.999999999999E-02));
#956 = ( GEOMETRIC_REPRESENTATION_CONTEXT(2) 
PARAMETRIC_REPRESENTATION_CONTEXT() REPRESENTATION_CONTEXT('2D SPACE',''
  ) );
#957 = FACE_BOUND('',#958,.T.);
#958 = EDGE_LOOP('',(#959));
#959 = ORIENTED_EDGE('',*,*,#960,.F.);
#960 = EDGE_CURVE('',#961,#961,#963,.T.);
#961 = VERTEX_POINT('',#962);
#962 = CARTESIAN_POINT('',(264.9391172083,161.12548833848,
    134.38989221983));
#963 = SURFACE_CURVE('',#964,(#972,#983),.PCURVE_S1.);
#964 = ( BOUNDED_CURVE() B_SPLINE_CURVE(2,(#965,#966,#967,#968,#969,#970
,#971),.UNSPECIFIED.,.T.,.F.) B_SPLINE_CURVE_WITH_KNOTS((1,2,2,2,2,1),(
    -2.094395102393,0.,2.094395102393,4.188790204786,6.28318530718,
8.377580409573),.UNSPECIFIED.) CURVE() GEOMETRIC_REPRESENTATION_ITEM() 
RATIONAL_B_SPLINE_CURVE((1.,0.5,1.,0.5,1.,0.5,1.)) REPRESENTATION_ITEM(
  '') );
#965 = CARTESIAN_POINT('',(264.9391172083,161.12548833848,
    134.38989221983));
#966 = CARTESIAN_POINT('',(268.83623152533,161.12548833848,
    134.38989221983));
#967 = CARTESIAN_POINT('',(266.88767436681,157.75048833848,
    134.38989221983));
#968 = CARTESIAN_POINT('',(264.9391172083,154.37548833848,
    134.38989221983));
#969 = CARTESIAN_POINT('',(262.99056004978,157.75048833848,
    134.38989221983));
#970 = CARTESIAN_POINT('',(261.04200289127,161.12548833848,
    134.38989221983));
#971 = CARTESIAN_POINT('',(264.9391172083,161.12548833848,
    134.38989221983));
#972 = PCURVE('',#67,#973);
#973 = DEFINITIONAL_REPRESENTATION('',(#974),#982);
#974 = ( BOUNDED_CURVE() B_SPLINE_CURVE(2,(#975,#976,#977,#978,#979,#980
,#981),.UNSPECIFIED.,.T.,.F.) B_SPLINE_CURVE_WITH_KNOTS((3,2,2,3),(0.,
    2.094395102393,4.188790204786,6.28318530718),
.PIECEWISE_BEZIER_KNOTS.) CURVE() GEOMETRIC_REPRESENTATION_ITEM() 
RATIONAL_B_SPLINE_CURVE((1.,0.5,1.,0.5,1.,0.5,1.)) REPRESENTATION_ITEM(
  '') );
#975 = CARTESIAN_POINT('',(25.25,10.));
#976 = CARTESIAN_POINT('',(25.25,13.89711431703));
#977 = CARTESIAN_POINT('',(21.875,11.948557158515));
#978 = CARTESIAN_POINT('',(18.5,10.));
#979 = CARTESIAN_POINT('',(21.875,8.051442841485));
#980 = CARTESIAN_POINT('',(25.25,6.10288568297));
#981 = CARTESIAN_POINT('',(25.25,10.));
#982 = ( GEOMETRIC_REPRESENTATION_CONTEXT(2) 
PARAMETRIC_REPRESENTATION_CONTEXT() REPRESENTATION_CONTEXT('2D SPACE',''
  ) );
#983 = PCURVE('',#314,#984);
#984 = DEFINITIONAL_REPRESENTATION('',(#985),#993);
#985 = B_SPLINE_CURVE_WITH_KNOTS('',2,(#986,#987,#988,#989,#990,#991,
    #992),.UNSPECIFIED.,.F.,.F.,(3,2,2,3),(0.,2.094395102393,
    4.188790204786,6.28318530718),.PIECEWISE_BEZIER_KNOTS.);
#986 = CARTESIAN_POINT('',(0.,9.999999999999E-02));
#987 = CARTESIAN_POINT('',(1.047197551197,9.999999999997E-02));
#988 = CARTESIAN_POINT('',(2.094395102393,9.999999999999E-02));
#989 = CARTESIAN_POINT('',(3.14159265359,0.1));
#990 = CARTESIAN_POINT('',(4.188790204786,9.999999999999E-02));
#991 = CARTESIAN_POINT('',(5.235987755983,0.1));
#992 = CARTESIAN_POINT('',(6.28318530718,9.999999999999E-02));
#993 = ( GEOMETRIC_REPRESENTATION_CONTEXT(2) 
PARAMETRIC_REPRESENTATION_CONTEXT() REPRESENTATION_CONTEXT('2D SPACE',''
  ) );
#994 = FACE_BOUND('',#995,.T.);
#995 = EDGE_LOOP('',(#996,#1144));
#996 = ORIENTED_EDGE('',*,*,#997,.T.);
#997 = EDGE_CURVE('',#998,#1000,#1002,.T.);
#998 = VERTEX_POINT('',#999);
#999 = CARTESIAN_POINT('',(278.6391172083,142.87548833848,
    134.38989221983));
#1000 = VERTEX_POINT('',#1001);
#1001 = CARTESIAN_POINT('',(275.38265297647,142.19180778805,
    134.38989221983));
#1002 = SURFACE_CURVE('',#1003,(#1048,#1096),.PCURVE_S1.);
#1003 = B_SPLINE_CURVE_WITH_KNOTS('',7,(#1004,#1005,#1006,#1007,#1008,
    #1009,#1010,#1011,#1012,#1013,#1014,#1015,#1016,#1017,#1018,#1019,
    #1020,#1021,#1022,#1023,#1024,#1025,#1026,#1027,#1028,#1029,#1030,
    #1031,#1032,#1033,#1034,#1035,#1036,#1037,#1038,#1039,#1040,#1041,
    #1042,#1043,#1044,#1045,#1046,#1047),.UNSPECIFIED.,.F.,.F.,(8,6,6,6,
    6,6,6,8),(0.,9.177744904089E-02,0.25760018891,0.465714847865,
    0.664083900027,0.814828577758,0.890036126554,1.),.UNSPECIFIED.);
#1004 = CARTESIAN_POINT('',(278.6391172083,142.87548833848,
    134.38989221983));
#1005 = CARTESIAN_POINT('',(278.6391172083,142.95472851381,
    134.38989221983));
#1006 = CARTESIAN_POINT('',(278.63480796917,143.03397042402,
    134.38989221983));
#1007 = CARTESIAN_POINT('',(278.62618960377,143.11293009524,
    134.38989221983));
#1008 = CARTESIAN_POINT('',(278.61328506255,143.19132663222,
    134.38989221983));
#1009 = CARTESIAN_POINT('',(278.59614001617,143.26888269752,
    134.38989221983));
#1010 = CARTESIAN_POINT('',(278.57482273829,143.3453249907,
    134.38989221983));
#1011 = CARTESIAN_POINT('',(278.5035337354,143.55600204232,
    134.38989221983));
#1012 = CARTESIAN_POINT('',(278.44430901752,143.6871380005,
    134.38989221983));
#1013 = CARTESIAN_POINT('',(278.37228939403,143.81216800024,
    134.38989221983));
#1014 = CARTESIAN_POINT('',(278.28825142378,143.92961774552,
    134.38989221983));
#1015 = CARTESIAN_POINT('',(278.19315855384,144.03814005285,
    134.38989221983));
#1016 = CARTESIAN_POINT('',(278.08815560345,144.13652327239,
    134.38989221983));
#1017 = CARTESIAN_POINT('',(277.83210052757,144.3331811716,
    134.38989221983));
#1018 = CARTESIAN_POINT('',(277.67602128228,144.42511497289,
    134.38989221983));
#1019 = CARTESIAN_POINT('',(277.5090830288,144.49739965404,
    134.38989221983));
#1020 = CARTESIAN_POINT('',(277.33427127762,144.54860206668,
    134.38989221983));
#1021 = CARTESIAN_POINT('',(277.15471720265,144.57780559401,
    134.38989221983));
#1022 = CARTESIAN_POINT('',(276.97370682827,144.58460832107,
    134.38989221983));
#1023 = CARTESIAN_POINT('',(276.6240156947,144.55478743857,
    134.38989221983));
#1024 = CARTESIAN_POINT('',(276.45500142554,144.52016949453,
    134.38989221983));
#1025 = CARTESIAN_POINT('',(276.29058820735,144.4657105604,
    134.38989221983));
#1026 = CARTESIAN_POINT('',(276.13352800149,144.39220310161,
    134.38989221983));
#1027 = CARTESIAN_POINT('',(275.98638203679,144.30084502965,
    134.38989221983));
#1028 = CARTESIAN_POINT('',(275.85152399457,144.19324214374,
    134.38989221983));
#1029 = CARTESIAN_POINT('',(275.63945540668,143.97903671533,
    134.38989221983));
#1030 = CARTESIAN_POINT('',(275.5561341501,143.87835203993,
    134.38989221983));
#1031 = CARTESIAN_POINT('',(275.48196585863,143.77038066117,
    134.38989221983));
#1032 = CARTESIAN_POINT('',(275.41769557422,143.65612796869,
    134.38989221983));
#1033 = CARTESIAN_POINT('',(275.3639332099,143.53667858601,
    134.38989221983));
#1034 = CARTESIAN_POINT('',(275.32115078452,143.41319108429,
    134.38989221983));
#1035 = CARTESIAN_POINT('',(275.27393772986,143.2239043323,
    134.38989221983));
#1036 = CARTESIAN_POINT('',(275.26103049353,143.16019995195,
    134.38989221983));
#1037 = CARTESIAN_POINT('',(275.25096838434,143.09594584014,
    134.38989221983));
#1038 = CARTESIAN_POINT('',(275.24377877507,143.03129448839,
    134.38989221983));
#1039 = CARTESIAN_POINT('',(275.2394787588,142.96639961512,
    134.38989221983));
#1040 = CARTESIAN_POINT('',(275.23807513047,142.90141599888,
    134.38989221983));
#1041 = CARTESIAN_POINT('',(275.2417418408,142.74158210572,
    134.38989221983));
#1042 = CARTESIAN_POINT('',(275.25010419544,142.64680321451,
    134.38989221983));
#1043 = CARTESIAN_POINT('',(275.26463974121,142.55265234369,
    134.38989221983));
#1044 = CARTESIAN_POINT('',(275.28529015266,142.45961097543,
    134.38989221983));
#1045 = CARTESIAN_POINT('',(275.31195071591,142.36815105567,
    134.38989221983));
#1046 = CARTESIAN_POINT('',(275.34447057472,142.2787336814,
    134.38989221983));
#1047 = CARTESIAN_POINT('',(275.38265297647,142.19180778805,
    134.38989221983));
#1048 = PCURVE('',#67,#1049);
#1049 = DEFINITIONAL_REPRESENTATION('',(#1050),#1095);
#1050 = B_SPLINE_CURVE_WITH_KNOTS('',7,(#1051,#1052,#1053,#1054,#1055,
    #1056,#1057,#1058,#1059,#1060,#1061,#1062,#1063,#1064,#1065,#1066,
    #1067,#1068,#1069,#1070,#1071,#1072,#1073,#1074,#1075,#1076,#1077,
    #1078,#1079,#1080,#1081,#1082,#1083,#1084,#1085,#1086,#1087,#1088,
    #1089,#1090,#1091,#1092,#1093,#1094),.UNSPECIFIED.,.F.,.F.,(8,6,6,6,
    6,6,6,8),(0.,9.177744904089E-02,0.25760018891,0.465714847865,
    0.664083900027,0.814828577758,0.890036126554,1.),.UNSPECIFIED.);
#1051 = CARTESIAN_POINT('',(7.,23.7));
#1052 = CARTESIAN_POINT('',(7.079240175325,23.7));
#1053 = CARTESIAN_POINT('',(7.158482085538,23.695690760868));
#1054 = CARTESIAN_POINT('',(7.23744175676,23.687072395474));
#1055 = CARTESIAN_POINT('',(7.315838293741,23.674167854248));
#1056 = CARTESIAN_POINT('',(7.393394359043,23.657022807874));
#1057 = CARTESIAN_POINT('',(7.469836652216,23.635705529986));
#1058 = CARTESIAN_POINT('',(7.680513703841,23.564416527103));
#1059 = CARTESIAN_POINT('',(7.811649662015,23.505191809219));
#1060 = CARTESIAN_POINT('',(7.936679661764,23.433172185732));
#1061 = CARTESIAN_POINT('',(8.054129407042,23.349134215479));
#1062 = CARTESIAN_POINT('',(8.162651714373,23.25404134554));
#1063 = CARTESIAN_POINT('',(8.261034933908,23.149038395146));
#1064 = CARTESIAN_POINT('',(8.457692833122,22.892983319271));
#1065 = CARTESIAN_POINT('',(8.549626634414,22.736904073983));
#1066 = CARTESIAN_POINT('',(8.621911315559,22.569965820497));
#1067 = CARTESIAN_POINT('',(8.673113728201,22.39515406932));
#1068 = CARTESIAN_POINT('',(8.702317255528,22.215599994353));
#1069 = CARTESIAN_POINT('',(8.709119982592,22.034589619972));
#1070 = CARTESIAN_POINT('',(8.679299100089,21.684898486404));
#1071 = CARTESIAN_POINT('',(8.644681156051,21.515884217239));
#1072 = CARTESIAN_POINT('',(8.590222221923,21.351470999051));
#1073 = CARTESIAN_POINT('',(8.516714763128,21.19441079319));
#1074 = CARTESIAN_POINT('',(8.425356691173,21.047264828493));
#1075 = CARTESIAN_POINT('',(8.317753805259,20.912406786272));
#1076 = CARTESIAN_POINT('',(8.103548376853,20.700338198383));
#1077 = CARTESIAN_POINT('',(8.002863701452,20.6170169418));
#1078 = CARTESIAN_POINT('',(7.894892322691,20.542848650334));
#1079 = CARTESIAN_POINT('',(7.780639630212,20.47857836592));
#1080 = CARTESIAN_POINT('',(7.661190247533,20.424816001604));
#1081 = CARTESIAN_POINT('',(7.537702745805,20.382033576218));
#1082 = CARTESIAN_POINT('',(7.348415993817,20.33482052156));
#1083 = CARTESIAN_POINT('',(7.284711613466,20.321913285235));
#1084 = CARTESIAN_POINT('',(7.220457501657,20.311851176045));
#1085 = CARTESIAN_POINT('',(7.155806149911,20.304661566771));
#1086 = CARTESIAN_POINT('',(7.090911276643,20.300361550504));
#1087 = CARTESIAN_POINT('',(7.025927660396,20.29895792217));
#1088 = CARTESIAN_POINT('',(6.866093767242,20.302624632505));
#1089 = CARTESIAN_POINT('',(6.771314876029,20.310986987137));
#1090 = CARTESIAN_POINT('',(6.677164005204,20.325522532909));
#1091 = CARTESIAN_POINT('',(6.584122636947,20.346172944358));
#1092 = CARTESIAN_POINT('',(6.492662717184,20.372833507612));
#1093 = CARTESIAN_POINT('',(6.40324534292,20.405353366419));
#1094 = CARTESIAN_POINT('',(6.31631944957,20.443535768171));
#1095 = ( GEOMETRIC_REPRESENTATION_CONTEXT(2) 
PARAMETRIC_REPRESENTATION_CONTEXT() REPRESENTATION_CONTEXT('2D SPACE',''
  ) );
#1096 = PCURVE('',#442,#1097);
#1097 = DEFINITIONAL_REPRESENTATION('',(#1098),#1143);
#1098 = B_SPLINE_CURVE_WITH_KNOTS('',7,(#1099,#1100,#1101,#1102,#1103,
    #1104,#1105,#1106,#1107,#1108,#1109,#1110,#1111,#1112,#1113,#1114,
    #1115,#1116,#1117,#1118,#1119,#1120,#1121,#1122,#1123,#1124,#1125,
    #1126,#1127,#1128,#1129,#1130,#1131,#1132,#1133,#1134,#1135,#1136,
    #1137,#1138,#1139,#1140,#1141,#1142),.UNSPECIFIED.,.F.,.F.,(8,6,6,6,
    6,6,6,8),(0.,9.177744904089E-02,0.25760018891,0.465714847865,
    0.664083900027,0.814828577758,0.890036126554,1.),.UNSPECIFIED.);
#1099 = CARTESIAN_POINT('',(0.,60.));
#1100 = CARTESIAN_POINT('',(4.661186783835E-02,60.));
#1101 = CARTESIAN_POINT('',(9.322476099375E-02,60.));
#1102 = CARTESIAN_POINT('',(0.139837038091,60.));
#1103 = CARTESIAN_POINT('',(0.186448884999,60.));
#1104 = CARTESIAN_POINT('',(0.23306112341,60.));
#1105 = CARTESIAN_POINT('',(0.279674019435,60.));
#1106 = CARTESIAN_POINT('',(0.410504401732,60.));
#1107 = CARTESIAN_POINT('',(0.494739511379,60.));
#1108 = CARTESIAN_POINT('',(0.578962028536,60.));
#1109 = CARTESIAN_POINT('',(0.663176847055,60.));
#1110 = CARTESIAN_POINT('',(0.747400217497,60.));
#1111 = CARTESIAN_POINT('',(0.831636660512,60.));
#1112 = CARTESIAN_POINT('',(1.021554263483,60.));
#1113 = CARTESIAN_POINT('',(1.127308392522,60.));
#1114 = CARTESIAN_POINT('',(1.233016821381,60.));
#1115 = CARTESIAN_POINT('',(1.33871108816,60.));
#1116 = CARTESIAN_POINT('',(1.444418169283,60.));
#1117 = CARTESIAN_POINT('',(1.55016981691,60.));
#1118 = CARTESIAN_POINT('',(1.756617087195,60.));
#1119 = CARTESIAN_POINT('',(1.857407995863,60.));
#1120 = CARTESIAN_POINT('',(1.958164090783,60.));
#1121 = CARTESIAN_POINT('',(2.058909440202,60.));
#1122 = CARTESIAN_POINT('',(2.159666681722,60.));
#1123 = CARTESIAN_POINT('',(2.26045906007,60.));
#1124 = CARTESIAN_POINT('',(2.437767903996,60.));
#1125 = CARTESIAN_POINT('',(2.514339333018,60.));
#1126 = CARTESIAN_POINT('',(2.590902616715,60.));
#1127 = CARTESIAN_POINT('',(2.667460595799,60.));
#1128 = CARTESIAN_POINT('',(2.744023415662,60.));
#1129 = CARTESIAN_POINT('',(2.820594103864,60.));
#1130 = CARTESIAN_POINT('',(2.935350573868,60.));
#1131 = CARTESIAN_POINT('',(2.973547260096,60.));
#1132 = CARTESIAN_POINT('',(3.011743692744,60.));
#1133 = CARTESIAN_POINT('',(3.049939963047,60.));
#1134 = CARTESIAN_POINT('',(3.088136385775,60.));
#1135 = CARTESIAN_POINT('',(3.126333052758,60.));
#1136 = CARTESIAN_POINT('',(3.220377726979,60.));
#1137 = CARTESIAN_POINT('',(3.276228188063,60.));
#1138 = CARTESIAN_POINT('',(3.332077095515,60.));
#1139 = CARTESIAN_POINT('',(3.387925054763,60.));
#1140 = CARTESIAN_POINT('',(3.443774068461,60.));
#1141 = CARTESIAN_POINT('',(3.499624654136,60.));
#1142 = CARTESIAN_POINT('',(3.555472961841,60.));
#1143 = ( GEOMETRIC_REPRESENTATION_CONTEXT(2) 
PARAMETRIC_REPRESENTATION_CONTEXT() REPRESENTATION_CONTEXT('2D SPACE',''
  ) );
#1144 = ORIENTED_EDGE('',*,*,#1145,.T.);
#1145 = EDGE_CURVE('',#1000,#998,#1146,.T.);
#1146 = SURFACE_CURVE('',#1147,(#1178,#1212),.PCURVE_S1.);
#1147 = B_SPLINE_CURVE_WITH_KNOTS('',8,(#1148,#1149,#1150,#1151,#1152,
    #1153,#1154,#1155,#1156,#1157,#1158,#1159,#1160,#1161,#1162,#1163,
    #1164,#1165,#1166,#1167,#1168,#1169,#1170,#1171,#1172,#1173,#1174,
    #1175,#1176,#1177),.UNSPECIFIED.,.F.,.F.,(9,7,7,7,9),(0.,
    0.213077083289,0.429590752265,0.64169999245,1.),.UNSPECIFIED.);
#1148 = CARTESIAN_POINT('',(275.38265297647,142.19180778805,
    134.38989221983));
#1149 = CARTESIAN_POINT('',(275.43231153839,142.07875531729,
    134.38989221983));
#1150 = CARTESIAN_POINT('',(275.491362843,141.96980649797,
    134.38989221983));
#1151 = CARTESIAN_POINT('',(275.55940033717,141.86590060875,
    134.38989221983));
#1152 = CARTESIAN_POINT('',(275.63591237929,141.76789716995,
    134.38989221983));
#1153 = CARTESIAN_POINT('',(275.72029878083,141.67658529479,
    134.38989221983));
#1154 = CARTESIAN_POINT('',(275.81187774405,141.59268496885,
    134.38989221983));
#1155 = CARTESIAN_POINT('',(275.90988319594,141.51684025781,
    134.38989221983));
#1156 = CARTESIAN_POINT('',(276.1186922452,141.38128422517,
    134.38989221983));
#1157 = CARTESIAN_POINT('',(276.22971374973,141.32182882839,
    134.38989221983));
#1158 = CARTESIAN_POINT('',(276.34561795764,141.27182928929,
    134.38989221983));
#1159 = CARTESIAN_POINT('',(276.46545942564,141.23174277376,
    134.38989221983));
#1160 = CARTESIAN_POINT('',(276.58825570324,141.20191147441,
    134.38989221983));
#1161 = CARTESIAN_POINT('',(276.71299290222,141.18256824507,
    134.38989221983));
#1162 = CARTESIAN_POINT('',(276.83862747364,141.17382897269,
    134.38989221983));
#1163 = CARTESIAN_POINT('',(277.08698880872,141.17747691529,
    134.38989221983));
#1164 = CARTESIAN_POINT('',(277.20976586785,141.1894385937,
    134.38989221983));
#1165 = CARTESIAN_POINT('',(277.33140484568,141.21154781426,
    134.38989221983));
#1166 = CARTESIAN_POINT('',(277.45092751033,141.24366959827,
    134.38989221983));
#1167 = CARTESIAN_POINT('',(277.56738591629,141.2855617823,
    134.38989221983));
#1168 = CARTESIAN_POINT('',(277.67986381515,141.33688199218,
    134.38989221983));
#1169 = CARTESIAN_POINT('',(277.78748148338,141.3971827049,
    134.38989221983));
#1170 = CARTESIAN_POINT('',(278.06157386706,141.58196383618,
    134.38989221983));
#1171 = CARTESIAN_POINT('',(278.21777953105,141.72222714301,
    134.38989221983));
#1172 = CARTESIAN_POINT('',(278.35365141388,141.88390561815,
    134.38989221983));
#1173 = CARTESIAN_POINT('',(278.46593227734,142.06344067043,
    134.38989221983));
#1174 = CARTESIAN_POINT('',(278.55202790045,142.25689743516,
    134.38989221983));
#1175 = CARTESIAN_POINT('',(278.61013021007,142.45992564587,
    134.38989221983));
#1176 = CARTESIAN_POINT('',(278.6391172083,142.66783971612,
    134.38989221983));
#1177 = CARTESIAN_POINT('',(278.6391172083,142.87548833848,
    134.38989221983));
#1178 = PCURVE('',#67,#1179);
#1179 = DEFINITIONAL_REPRESENTATION('',(#1180),#1211);
#1180 = B_SPLINE_CURVE_WITH_KNOTS('',8,(#1181,#1182,#1183,#1184,#1185,
    #1186,#1187,#1188,#1189,#1190,#1191,#1192,#1193,#1194,#1195,#1196,
    #1197,#1198,#1199,#1200,#1201,#1202,#1203,#1204,#1205,#1206,#1207,
    #1208,#1209,#1210),.UNSPECIFIED.,.F.,.F.,(9,7,7,7,9),(0.,
    0.213077083289,0.429590752265,0.64169999245,1.),.UNSPECIFIED.);
#1181 = CARTESIAN_POINT('',(6.31631944957,20.443535768171));
#1182 = CARTESIAN_POINT('',(6.203266978806,20.493194330095));
#1183 = CARTESIAN_POINT('',(6.09431815949,20.552245634701));
#1184 = CARTESIAN_POINT('',(5.990412270266,20.620283128866));
#1185 = CARTESIAN_POINT('',(5.892408831465,20.696795170993));
#1186 = CARTESIAN_POINT('',(5.801096956307,20.781181572534));
#1187 = CARTESIAN_POINT('',(5.717196630369,20.872760535746));
#1188 = CARTESIAN_POINT('',(5.641351919331,20.970765987642));
#1189 = CARTESIAN_POINT('',(5.505795886689,21.179575036902));
#1190 = CARTESIAN_POINT('',(5.446340489905,21.290596541428));
#1191 = CARTESIAN_POINT('',(5.396340950811,21.406500749341));
#1192 = CARTESIAN_POINT('',(5.35625443528,21.526342217337));
#1193 = CARTESIAN_POINT('',(5.326423135929,21.649138494943));
#1194 = CARTESIAN_POINT('',(5.30707990659,21.773875693917));
#1195 = CARTESIAN_POINT('',(5.298340634212,21.899510265337));
#1196 = CARTESIAN_POINT('',(5.30198857681,22.147871600421));
#1197 = CARTESIAN_POINT('',(5.313950255221,22.270648659555));
#1198 = CARTESIAN_POINT('',(5.336059475774,22.392287637378));
#1199 = CARTESIAN_POINT('',(5.368181259791,22.511810302029));
#1200 = CARTESIAN_POINT('',(5.41007344382,22.628268707987));
#1201 = CARTESIAN_POINT('',(5.461393653699,22.740746606847));
#1202 = CARTESIAN_POINT('',(5.521694366422,22.848364275076));
#1203 = CARTESIAN_POINT('',(5.706475497694,23.122456658765));
#1204 = CARTESIAN_POINT('',(5.846738804533,23.278662322746));
#1205 = CARTESIAN_POINT('',(6.008417279671,23.41453420558));
#1206 = CARTESIAN_POINT('',(6.187952331953,23.526815069037));
#1207 = CARTESIAN_POINT('',(6.381409096679,23.612910692146));
#1208 = CARTESIAN_POINT('',(6.584437307389,23.671013001773));
#1209 = CARTESIAN_POINT('',(6.792351377639,23.7));
#1210 = CARTESIAN_POINT('',(7.,23.7));
#1211 = ( GEOMETRIC_REPRESENTATION_CONTEXT(2) 
PARAMETRIC_REPRESENTATION_CONTEXT() REPRESENTATION_CONTEXT('2D SPACE',''
  ) );
#1212 = PCURVE('',#442,#1213);
#1213 = DEFINITIONAL_REPRESENTATION('',(#1214),#1245);
#1214 = B_SPLINE_CURVE_WITH_KNOTS('',8,(#1215,#1216,#1217,#1218,#1219,
    #1220,#1221,#1222,#1223,#1224,#1225,#1226,#1227,#1228,#1229,#1230,
    #1231,#1232,#1233,#1234,#1235,#1236,#1237,#1238,#1239,#1240,#1241,
    #1242,#1243,#1244),.UNSPECIFIED.,.F.,.F.,(9,7,7,7,9),(0.,
    0.213077083289,0.429590752265,0.64169999245,1.),.UNSPECIFIED.);
#1215 = CARTESIAN_POINT('',(3.555472961841,60.));
#1216 = CARTESIAN_POINT('',(3.628107121015,60.));
#1217 = CARTESIAN_POINT('',(3.700752969118,60.));
#1218 = CARTESIAN_POINT('',(3.773393460884,60.));
#1219 = CARTESIAN_POINT('',(3.846027490156,60.));
#1220 = CARTESIAN_POINT('',(3.918661893995,60.));
#1221 = CARTESIAN_POINT('',(3.991303415301,60.));
#1222 = CARTESIAN_POINT('',(4.06395062393,60.));
#1223 = CARTESIAN_POINT('',(4.210392455549,60.));
#1224 = CARTESIAN_POINT('',(4.284212089199,60.));
#1225 = CARTESIAN_POINT('',(4.358025715291,60.));
#1226 = CARTESIAN_POINT('',(4.431831867225,60.));
#1227 = CARTESIAN_POINT('',(4.505637845832,60.));
#1228 = CARTESIAN_POINT('',(4.57945098625,60.));
#1229 = CARTESIAN_POINT('',(4.65326993965,60.));
#1230 = CARTESIAN_POINT('',(4.799380600951,60.));
#1231 = CARTESIAN_POINT('',(4.871697720597,60.));
#1232 = CARTESIAN_POINT('',(4.944009965095,60.));
#1233 = CARTESIAN_POINT('',(5.01631580378,60.));
#1234 = CARTESIAN_POINT('',(5.088621748253,60.));
#1235 = CARTESIAN_POINT('',(5.160934436865,60.));
#1236 = CARTESIAN_POINT('',(5.233252594409,60.));
#1237 = CARTESIAN_POINT('',(5.427700354066,60.));
#1238 = CARTESIAN_POINT('',(5.550010289658,60.));
#1239 = CARTESIAN_POINT('',(5.672223662446,60.));
#1240 = CARTESIAN_POINT('',(5.794377722218,60.));
#1241 = CARTESIAN_POINT('',(5.916529489381,60.));
#1242 = CARTESIAN_POINT('',(6.038737026632,60.));
#1243 = CARTESIAN_POINT('',(6.161039058732,60.));
#1244 = CARTESIAN_POINT('',(6.28318530718,60.));
#1245 = ( GEOMETRIC_REPRESENTATION_CONTEXT(2) 
PARAMETRIC_REPRESENTATION_CONTEXT() REPRESENTATION_CONTEXT('2D SPACE',''
  ) );
#1246 = FACE_BOUND('',#1247,.T.);
#1247 = EDGE_LOOP('',(#1248,#1396));
#1248 = ORIENTED_EDGE('',*,*,#1249,.T.);
#1249 = EDGE_CURVE('',#1250,#1252,#1254,.T.);
#1250 = VERTEX_POINT('',#1251);
#1251 = CARTESIAN_POINT('',(278.6391172083,158.87548833848,
    134.38989221983));
#1252 = VERTEX_POINT('',#1253);
#1253 = CARTESIAN_POINT('',(275.5348084513,157.9174085323,
    134.38989221983));
#1254 = SURFACE_CURVE('',#1255,(#1300,#1348),.PCURVE_S1.);
#1255 = B_SPLINE_CURVE_WITH_KNOTS('',7,(#1256,#1257,#1258,#1259,#1260,
    #1261,#1262,#1263,#1264,#1265,#1266,#1267,#1268,#1269,#1270,#1271,
    #1272,#1273,#1274,#1275,#1276,#1277,#1278,#1279,#1280,#1281,#1282,
    #1283,#1284,#1285,#1286,#1287,#1288,#1289,#1290,#1291,#1292,#1293,
    #1294,#1295,#1296,#1297,#1298,#1299),.UNSPECIFIED.,.F.,.F.,(8,6,6,6,
    6,6,6,8),(0.,9.867130705236E-02,0.271515436373,0.428198605673,
    0.636647762403,0.768741886501,0.849039136125,1.),.UNSPECIFIED.);
#1256 = CARTESIAN_POINT('',(278.6391172083,158.87548833848,
    134.38989221983));
#1257 = CARTESIAN_POINT('',(278.6391172083,158.96510901934,
    134.38989221983));
#1258 = CARTESIAN_POINT('',(278.63360490046,159.0547330479,
    134.38989221983));
#1259 = CARTESIAN_POINT('',(278.62258047679,159.14394840182,
    134.38989221983));
#1260 = CARTESIAN_POINT('',(278.60608150441,159.23234874128,
    134.38989221983));
#1261 = CARTESIAN_POINT('',(278.58418264623,159.31953432867,
    134.38989221983));
#1262 = CARTESIAN_POINT('',(278.55699538149,159.40511294824,
    134.38989221983));
#1263 = CARTESIAN_POINT('',(278.46803884855,159.63512306679,
    134.38989221983));
#1264 = CARTESIAN_POINT('',(278.39561791636,159.77548666857,
    134.38989221983));
#1265 = CARTESIAN_POINT('',(278.30820892275,159.90766749084,
    134.38989221983));
#1266 = CARTESIAN_POINT('',(278.20695181957,160.02978578591,
    134.38989221983));
#1267 = CARTESIAN_POINT('',(278.09323978945,160.14016007409,
    134.38989221983));
#1268 = CARTESIAN_POINT('',(277.96870924214,160.23732059728,
    134.38989221983));
#1269 = CARTESIAN_POINT('',(277.71436938167,160.39510586366,
    134.38989221983));
#1270 = CARTESIAN_POINT('',(277.58608427193,160.45833342053,
    134.38989221983));
#1271 = CARTESIAN_POINT('',(277.45187153007,160.50887026184,
    134.38989221983));
#1272 = CARTESIAN_POINT('',(277.31324037731,160.54608255816,
    134.38989221983));
#1273 = CARTESIAN_POINT('',(277.17176191576,160.56954877883,
    134.38989221983));
#1274 = CARTESIAN_POINT('',(277.02905968729,160.57906205635,
    134.38989221983));
#1275 = CARTESIAN_POINT('',(276.69757182367,160.56885843607,
    134.38989221983));
#1276 = CARTESIAN_POINT('',(276.50896856962,160.53844031133,
    134.38989221983));
#1277 = CARTESIAN_POINT('',(276.32505692272,160.48350241598,
    134.38989221983));
#1278 = CARTESIAN_POINT('',(276.14959269229,160.40500842633,
    134.38989221983));
#1279 = CARTESIAN_POINT('',(275.98605775958,160.30451494736,
    134.38989221983));
#1280 = CARTESIAN_POINT('',(275.83767632804,160.18418010345,
    134.38989221983));
#1281 = CARTESIAN_POINT('',(275.62452697526,159.96003775541,
    134.38989221983));
#1282 = CARTESIAN_POINT('',(275.54899821875,159.86627800961,
    134.38989221983));
#1283 = CARTESIAN_POINT('',(275.4813103809,159.76642285715,
    134.38989221983));
#1284 = CARTESIAN_POINT('',(275.42204056559,159.66126395753,
    134.38989221983));
#1285 = CARTESIAN_POINT('',(275.37166730943,159.55165059664,
    134.38989221983));
#1286 = CARTESIAN_POINT('',(275.33056879037,159.43848630072,
    134.38989221983));
#1287 = CARTESIAN_POINT('',(275.2798168087,159.25237197571,
    134.38989221983));
#1288 = CARTESIAN_POINT('',(275.26415097218,159.18104783638,
    134.38989221983));
#1289 = CARTESIAN_POINT('',(275.25206473471,159.10897558318,
    134.38989221983));
#1290 = CARTESIAN_POINT('',(275.24359982495,159.03637078112,
    134.38989221983));
#1291 = CARTESIAN_POINT('',(275.23878163402,158.96345110489,
    134.38989221983));
#1292 = CARTESIAN_POINT('',(275.23761915503,158.89043603047,
    134.38989221983));
#1293 = CARTESIAN_POINT('',(275.24477822905,158.68051241295,
    134.38989221983));
#1294 = CARTESIAN_POINT('',(275.26234700963,158.54389421053,
    134.38989221983));
#1295 = CARTESIAN_POINT('',(275.29276771703,158.40919142821,
    134.38989221983));
#1296 = CARTESIAN_POINT('',(275.3357710033,158.27784242621,
    134.38989221983));
#1297 = CARTESIAN_POINT('',(275.39090432846,158.15122993204,
    134.38989221983));
#1298 = CARTESIAN_POINT('',(275.45753425825,158.03067344539,
    134.38989221983));
#1299 = CARTESIAN_POINT('',(275.5348084513,157.9174085323,
    134.38989221983));
#1300 = PCURVE('',#67,#1301);
#1301 = DEFINITIONAL_REPRESENTATION('',(#1302),#1347);
#1302 = B_SPLINE_CURVE_WITH_KNOTS('',7,(#1303,#1304,#1305,#1306,#1307,
    #1308,#1309,#1310,#1311,#1312,#1313,#1314,#1315,#1316,#1317,#1318,
    #1319,#1320,#1321,#1322,#1323,#1324,#1325,#1326,#1327,#1328,#1329,
    #1330,#1331,#1332,#1333,#1334,#1335,#1336,#1337,#1338,#1339,#1340,
    #1341,#1342,#1343,#1344,#1345,#1346),.UNSPECIFIED.,.F.,.F.,(8,6,6,6,
    6,6,6,8),(0.,9.867130705236E-02,0.271515436373,0.428198605673,
    0.636647762403,0.768741886501,0.849039136125,1.),.UNSPECIFIED.);
#1303 = CARTESIAN_POINT('',(23.,23.7));
#1304 = CARTESIAN_POINT('',(23.089620680857,23.7));
#1305 = CARTESIAN_POINT('',(23.179244709416,23.694487692165));
#1306 = CARTESIAN_POINT('',(23.268460063335,23.683463268489));
#1307 = CARTESIAN_POINT('',(23.3568604028,23.666964296111));
#1308 = CARTESIAN_POINT('',(23.444045990194,23.645065437929));
#1309 = CARTESIAN_POINT('',(23.529624609755,23.617878173191));
#1310 = CARTESIAN_POINT('',(23.759634728306,23.528921640254));
#1311 = CARTESIAN_POINT('',(23.899998330086,23.45650070806));
#1312 = CARTESIAN_POINT('',(24.032179152364,23.36909171445));
#1313 = CARTESIAN_POINT('',(24.154297447429,23.267834611266));
#1314 = CARTESIAN_POINT('',(24.264671735605,23.154122581148));
#1315 = CARTESIAN_POINT('',(24.361832258795,23.029592033842));
#1316 = CARTESIAN_POINT('',(24.519617525182,22.775252173371));
#1317 = CARTESIAN_POINT('',(24.582845082046,22.64696706363));
#1318 = CARTESIAN_POINT('',(24.633381923358,22.512754321773));
#1319 = CARTESIAN_POINT('',(24.670594219681,22.374123169006));
#1320 = CARTESIAN_POINT('',(24.694060440352,22.232644707464));
#1321 = CARTESIAN_POINT('',(24.703573717871,22.089942478988));
#1322 = CARTESIAN_POINT('',(24.69337009759,21.758454615366));
#1323 = CARTESIAN_POINT('',(24.662951972853,21.569851361321));
#1324 = CARTESIAN_POINT('',(24.608014077499,21.385939714418));
#1325 = CARTESIAN_POINT('',(24.52952008785,21.210475483995));
#1326 = CARTESIAN_POINT('',(24.429026608883,21.046940551277));
#1327 = CARTESIAN_POINT('',(24.308691764966,20.898559119745));
#1328 = CARTESIAN_POINT('',(24.084549416931,20.685409766965));
#1329 = CARTESIAN_POINT('',(23.990789671124,20.609881010455));
#1330 = CARTESIAN_POINT('',(23.890934518667,20.5421931726));
#1331 = CARTESIAN_POINT('',(23.785775619052,20.482923357288));
#1332 = CARTESIAN_POINT('',(23.676162258164,20.43255010113));
#1333 = CARTESIAN_POINT('',(23.562997962241,20.391451582066));
#1334 = CARTESIAN_POINT('',(23.376883637228,20.340699600401));
#1335 = CARTESIAN_POINT('',(23.3055594979,20.325033763884));
#1336 = CARTESIAN_POINT('',(23.233487244696,20.312947526406));
#1337 = CARTESIAN_POINT('',(23.160882442638,20.304482616655));
#1338 = CARTESIAN_POINT('',(23.087962766409,20.299664425721));
#1339 = CARTESIAN_POINT('',(23.014947691988,20.298501946726));
#1340 = CARTESIAN_POINT('',(22.805024074467,20.30566102075));
#1341 = CARTESIAN_POINT('',(22.668405872048,20.323229801328));
#1342 = CARTESIAN_POINT('',(22.533703089729,20.353650508731));
#1343 = CARTESIAN_POINT('',(22.402354087731,20.396653795005));
#1344 = CARTESIAN_POINT('',(22.275741593556,20.45178712016));
#1345 = CARTESIAN_POINT('',(22.155185106912,20.518417049955));
#1346 = CARTESIAN_POINT('',(22.041920193821,20.595691242998));
#1347 = ( GEOMETRIC_REPRESENTATION_CONTEXT(2) 
PARAMETRIC_REPRESENTATION_CONTEXT() REPRESENTATION_CONTEXT('2D SPACE',''
  ) );
#1348 = PCURVE('',#699,#1349);
#1349 = DEFINITIONAL_REPRESENTATION('',(#1350),#1395);
#1350 = B_SPLINE_CURVE_WITH_KNOTS('',7,(#1351,#1352,#1353,#1354,#1355,
    #1356,#1357,#1358,#1359,#1360,#1361,#1362,#1363,#1364,#1365,#1366,
    #1367,#1368,#1369,#1370,#1371,#1372,#1373,#1374,#1375,#1376,#1377,
    #1378,#1379,#1380,#1381,#1382,#1383,#1384,#1385,#1386,#1387,#1388,
    #1389,#1390,#1391,#1392,#1393,#1394),.UNSPECIFIED.,.F.,.F.,(8,6,6,6,
    6,6,6,8),(0.,9.867130705236E-02,0.271515436373,0.428198605673,
    0.636647762403,0.768741886501,0.849039136125,1.),.UNSPECIFIED.);
#1351 = CARTESIAN_POINT('',(0.,60.));
#1352 = CARTESIAN_POINT('',(5.271804756274E-02,60.));
#1353 = CARTESIAN_POINT('',(0.10543807483,60.));
#1354 = CARTESIAN_POINT('',(0.15815700327,60.));
#1355 = CARTESIAN_POINT('',(0.210875133088,60.));
#1356 = CARTESIAN_POINT('',(0.263593956421,60.));
#1357 = CARTESIAN_POINT('',(0.316313970537,60.));
#1358 = CARTESIAN_POINT('',(0.461380378654,60.));
#1359 = CARTESIAN_POINT('',(0.553754480206,60.));
#1360 = CARTESIAN_POINT('',(0.646108751884,60.));
#1361 = CARTESIAN_POINT('',(0.738450974793,60.));
#1362 = CARTESIAN_POINT('',(0.830806757178,60.));
#1363 = CARTESIAN_POINT('',(0.923183183517,60.));
#1364 = CARTESIAN_POINT('',(1.099246394595,60.));
#1365 = CARTESIAN_POINT('',(1.182977365107,60.));
#1366 = CARTESIAN_POINT('',(1.266695745932,60.));
#1367 = CARTESIAN_POINT('',(1.350406025977,60.));
#1368 = CARTESIAN_POINT('',(1.434123971838,60.));
#1369 = CARTESIAN_POINT('',(1.517854211538,60.));
#1370 = CARTESIAN_POINT('',(1.712939427232,60.));
#1371 = CARTESIAN_POINT('',(1.824380559183,60.));
#1372 = CARTESIAN_POINT('',(1.935763084741,60.));
#1373 = CARTESIAN_POINT('',(2.047130339183,60.));
#1374 = CARTESIAN_POINT('',(2.158514143349,60.));
#1375 = CARTESIAN_POINT('',(2.269956958347,60.));
#1376 = CARTESIAN_POINT('',(2.4519037915,60.));
#1377 = CARTESIAN_POINT('',(2.522486747915,60.));
#1378 = CARTESIAN_POINT('',(2.593064230005,60.));
#1379 = CARTESIAN_POINT('',(2.663638146799,60.));
#1380 = CARTESIAN_POINT('',(2.734215287213,60.));
#1381 = CARTESIAN_POINT('',(2.804797675824,60.));
#1382 = CARTESIAN_POINT('',(2.918274203613,60.));
#1383 = CARTESIAN_POINT('',(2.96117598474,60.));
#1384 = CARTESIAN_POINT('',(3.004077327459,60.));
#1385 = CARTESIAN_POINT('',(3.046978411516,60.));
#1386 = CARTESIAN_POINT('',(3.089879784629,60.));
#1387 = CARTESIAN_POINT('',(3.132781570143,60.));
#1388 = CARTESIAN_POINT('',(3.25633783828,60.));
#1389 = CARTESIAN_POINT('',(3.337006772143,60.));
#1390 = CARTESIAN_POINT('',(3.417665478309,60.));
#1391 = CARTESIAN_POINT('',(3.498317797174,60.));
#1392 = CARTESIAN_POINT('',(3.578976816836,60.));
#1393 = CARTESIAN_POINT('',(3.659646208246,60.));
#1394 = CARTESIAN_POINT('',(3.740301486173,60.));
#1395 = ( GEOMETRIC_REPRESENTATION_CONTEXT(2) 
PARAMETRIC_REPRESENTATION_CONTEXT() REPRESENTATION_CONTEXT('2D SPACE',''
  ) );
#1396 = ORIENTED_EDGE('',*,*,#1397,.T.);
#1397 = EDGE_CURVE('',#1252,#1250,#1398,.T.);
#1398 = SURFACE_CURVE('',#1399,(#1430,#1464),.PCURVE_S1.);
#1399 = B_SPLINE_CURVE_WITH_KNOTS('',8,(#1400,#1401,#1402,#1403,#1404,
    #1405,#1406,#1407,#1408,#1409,#1410,#1411,#1412,#1413,#1414,#1415,
    #1416,#1417,#1418,#1419,#1420,#1421,#1422,#1423,#1424,#1425,#1426,
    #1427,#1428,#1429),.UNSPECIFIED.,.F.,.F.,(9,7,7,7,9),(0.,
    0.217997319773,0.394422695543,0.616221182072,1.),.UNSPECIFIED.);
#1400 = CARTESIAN_POINT('',(275.5348084513,157.9174085323,
    134.38989221983));
#1401 = CARTESIAN_POINT('',(275.60118113621,157.82012254208,
    134.38989221983));
#1402 = CARTESIAN_POINT('',(275.67526517796,157.72807855013,
    134.38989221983));
#1403 = CARTESIAN_POINT('',(275.75656520442,157.64200993572,
    134.38989221983));
#1404 = CARTESIAN_POINT('',(275.84451250102,157.56257119813,
    134.38989221983));
#1405 = CARTESIAN_POINT('',(275.93847600499,157.4903469631,
    134.38989221983));
#1406 = CARTESIAN_POINT('',(276.03776720396,157.42585367708,
    134.38989221983));
#1407 = CARTESIAN_POINT('',(276.14163893886,157.3695339895,
    134.38989221983));
#1408 = CARTESIAN_POINT('',(276.33639056477,157.28306720913,
    134.38989221983));
#1409 = CARTESIAN_POINT('',(276.42598622404,157.24997017576,
    134.38989221983));
#1410 = CARTESIAN_POINT('',(276.51764066949,157.22264243776,
    134.38989221983));
#1411 = CARTESIAN_POINT('',(276.61091917994,157.20123040614,
    134.38989221983));
#1412 = CARTESIAN_POINT('',(276.70537831905,157.18584097474,
    134.38989221983));
#1413 = CARTESIAN_POINT('',(276.80056701523,157.17654263699,
    134.38989221983));
#1414 = CARTESIAN_POINT('',(276.89602713522,157.17336393264,
    134.38989221983));
#1415 = CARTESIAN_POINT('',(277.1110606016,157.17996684326,
    134.38989221983));
#1416 = CARTESIAN_POINT('',(277.23055028877,157.19329275907,
    134.38989221983));
#1417 = CARTESIAN_POINT('',(277.34882823532,157.21624331186,
    134.38989221983));
#1418 = CARTESIAN_POINT('',(277.46499030085,157.24868210511,
    134.38989221983));
#1419 = CARTESIAN_POINT('',(277.578160636,157.2903761032,134.38989221983
    ));
#1420 = CARTESIAN_POINT('',(277.68749287599,157.34100164931,
    134.38989221983));
#1421 = CARTESIAN_POINT('',(277.79217447375,157.40014040381,
    134.38989221983));
#1422 = CARTESIAN_POINT('',(278.06318363084,157.58341151424,
    134.38989221983));
#1423 = CARTESIAN_POINT('',(278.21897996176,157.72365687659,
    134.38989221983));
#1424 = CARTESIAN_POINT('',(278.35447847059,157.88522890691,
    134.38989221983));
#1425 = CARTESIAN_POINT('',(278.46643982512,158.0645817921,
    134.38989221983));
#1426 = CARTESIAN_POINT('',(278.55228472977,158.2577957244,
    134.38989221983));
#1427 = CARTESIAN_POINT('',(278.61021545336,158.46053862715,
    134.38989221983));
#1428 = CARTESIAN_POINT('',(278.6391172083,158.66814525596,
    134.38989221983));
#1429 = CARTESIAN_POINT('',(278.6391172083,158.87548833848,
    134.38989221983));
#1430 = PCURVE('',#67,#1431);
#1431 = DEFINITIONAL_REPRESENTATION('',(#1432),#1463);
#1432 = B_SPLINE_CURVE_WITH_KNOTS('',8,(#1433,#1434,#1435,#1436,#1437,
    #1438,#1439,#1440,#1441,#1442,#1443,#1444,#1445,#1446,#1447,#1448,
    #1449,#1450,#1451,#1452,#1453,#1454,#1455,#1456,#1457,#1458,#1459,
    #1460,#1461,#1462),.UNSPECIFIED.,.F.,.F.,(9,7,7,7,9),(0.,
    0.217997319773,0.394422695543,0.616221182072,1.),.UNSPECIFIED.);
#1433 = CARTESIAN_POINT('',(22.041920193821,20.595691242998));
#1434 = CARTESIAN_POINT('',(21.944634203603,20.662063927914));
#1435 = CARTESIAN_POINT('',(21.852590211649,20.73614796966));
#1436 = CARTESIAN_POINT('',(21.766521597239,20.817447996122));
#1437 = CARTESIAN_POINT('',(21.687082859654,20.905395292719));
#1438 = CARTESIAN_POINT('',(21.614858624614,20.999358796686));
#1439 = CARTESIAN_POINT('',(21.550365338596,21.098649995659));
#1440 = CARTESIAN_POINT('',(21.494045651019,21.202521730564));
#1441 = CARTESIAN_POINT('',(21.40757887065,21.397273356468));
#1442 = CARTESIAN_POINT('',(21.374481837282,21.486869015744));
#1443 = CARTESIAN_POINT('',(21.347154099282,21.578523461186));
#1444 = CARTESIAN_POINT('',(21.325742067662,21.671801971645));
#1445 = CARTESIAN_POINT('',(21.310352636256,21.766261110755));
#1446 = CARTESIAN_POINT('',(21.301054298504,21.861449806933));
#1447 = CARTESIAN_POINT('',(21.297875594164,21.956909926924));
#1448 = CARTESIAN_POINT('',(21.304478504782,22.171943393303));
#1449 = CARTESIAN_POINT('',(21.317804420586,22.291433080474));
#1450 = CARTESIAN_POINT('',(21.340754973382,22.40971102702));
#1451 = CARTESIAN_POINT('',(21.373193766633,22.525873092554));
#1452 = CARTESIAN_POINT('',(21.414887764717,22.639043427704));
#1453 = CARTESIAN_POINT('',(21.465513310833,22.74837566769));
#1454 = CARTESIAN_POINT('',(21.524652065329,22.85305726545));
#1455 = CARTESIAN_POINT('',(21.70792317576,23.124066422545));
#1456 = CARTESIAN_POINT('',(21.848168538113,23.279862753457));
#1457 = CARTESIAN_POINT('',(22.009740568431,23.415361262288));
#1458 = CARTESIAN_POINT('',(22.189093453623,23.527322616823));
#1459 = CARTESIAN_POINT('',(22.382307385915,23.613167521475));
#1460 = CARTESIAN_POINT('',(22.585050288666,23.671098245057));
#1461 = CARTESIAN_POINT('',(22.792656917476,23.7));
#1462 = CARTESIAN_POINT('',(23.,23.7));
#1463 = ( GEOMETRIC_REPRESENTATION_CONTEXT(2) 
PARAMETRIC_REPRESENTATION_CONTEXT() REPRESENTATION_CONTEXT('2D SPACE',''
  ) );
#1464 = PCURVE('',#699,#1465);
#1465 = DEFINITIONAL_REPRESENTATION('',(#1466),#1497);
#1466 = B_SPLINE_CURVE_WITH_KNOTS('',8,(#1467,#1468,#1469,#1470,#1471,
    #1472,#1473,#1474,#1475,#1476,#1477,#1478,#1479,#1480,#1481,#1482,
    #1483,#1484,#1485,#1486,#1487,#1488,#1489,#1490,#1491,#1492,#1493,
    #1494,#1495,#1496),.UNSPECIFIED.,.F.,.F.,(9,7,7,7,9),(0.,
    0.217997319773,0.394422695543,0.616221182072,1.),.UNSPECIFIED.);
#1467 = CARTESIAN_POINT('',(3.740301486173,60.));
#1468 = CARTESIAN_POINT('',(3.809578267175,60.));
#1469 = CARTESIAN_POINT('',(3.87886412338,60.));
#1470 = CARTESIAN_POINT('',(3.948145882545,60.));
#1471 = CARTESIAN_POINT('',(4.017422811775,60.));
#1472 = CARTESIAN_POINT('',(4.086700322822,60.));
#1473 = CARTESIAN_POINT('',(4.155983606588,60.));
#1474 = CARTESIAN_POINT('',(4.225271196805,60.));
#1475 = CARTESIAN_POINT('',(4.350614600394,60.));
#1476 = CARTESIAN_POINT('',(4.406683899277,60.));
#1477 = CARTESIAN_POINT('',(4.462751637113,60.));
#1478 = CARTESIAN_POINT('',(4.518817512096,60.));
#1479 = CARTESIAN_POINT('',(4.574883408828,60.));
#1480 = CARTESIAN_POINT('',(4.63095115747,60.));
#1481 = CARTESIAN_POINT('',(4.687020286268,60.));
#1482 = CARTESIAN_POINT('',(4.813570179449,60.));
#1483 = CARTESIAN_POINT('',(4.884065510871,60.));
#1484 = CARTESIAN_POINT('',(4.954556450181,60.));
#1485 = CARTESIAN_POINT('',(5.02504168686,60.));
#1486 = CARTESIAN_POINT('',(5.095526965019,60.));
#1487 = CARTESIAN_POINT('',(5.166018115933,60.));
#1488 = CARTESIAN_POINT('',(5.236514069445,60.));
#1489 = CARTESIAN_POINT('',(5.428961665465,60.));
#1490 = CARTESIAN_POINT('',(5.551090677322,60.));
#1491 = CARTESIAN_POINT('',(5.673123902592,60.));
#1492 = CARTESIAN_POINT('',(5.795098166132,60.));
#1493 = CARTESIAN_POINT('',(5.917070158302,60.));
#1494 = CARTESIAN_POINT('',(6.039097599328,60.));
#1495 = CARTESIAN_POINT('',(6.161218788048,60.));
#1496 = CARTESIAN_POINT('',(6.28318530718,60.));
#1497 = ( GEOMETRIC_REPRESENTATION_CONTEXT(2) 
PARAMETRIC_REPRESENTATION_CONTEXT() REPRESENTATION_CONTEXT('2D SPACE',''
  ) );
#1498 = ADVANCED_FACE('',(#1499),#182,.F.);
#1499 = FACE_BOUND('',#1500,.F.);
#1500 = EDGE_LOOP('',(#1501,#1502,#1503,#1504));
#1501 = ORIENTED_EDGE('',*,*,#170,.F.);
#1502 = ORIENTED_EDGE('',*,*,#902,.T.);
#1503 = ORIENTED_EDGE('',*,*,#879,.T.);
#1504 = ORIENTED_EDGE('',*,*,#198,.F.);
#1505 = ADVANCED_FACE('',(#1506),#262,.T.);
#1506 = FACE_BOUND('',#1507,.T.);
#1507 = EDGE_LOOP('',(#1508,#1509,#1529,#1530));
#1508 = ORIENTED_EDGE('',*,*,#238,.F.);
#1509 = ORIENTED_EDGE('',*,*,#1510,.F.);
#1510 = EDGE_CURVE('',#924,#239,#1511,.T.);
#1511 = SEAM_CURVE('',#1512,(#1515,#1522),.PCURVE_S1.);
#1512 = B_SPLINE_CURVE_WITH_KNOTS('',1,(#1513,#1514),.UNSPECIFIED.,.F.,
  .F.,(2,2),(9.999999999999E-02,5.1),.PIECEWISE_BEZIER_KNOTS.);
#1513 = CARTESIAN_POINT('',(264.9391172083,145.12548833848,
    134.38989221983));
#1514 = CARTESIAN_POINT('',(264.9391172083,145.12548833848,
    139.38989221983));
#1515 = PCURVE('',#262,#1516);
#1516 = DEFINITIONAL_REPRESENTATION('',(#1517),#1521);
#1517 = B_SPLINE_CURVE_WITH_KNOTS('',2,(#1518,#1519,#1520),
  .UNSPECIFIED.,.F.,.F.,(3,3),(9.999999999999E-02,5.1),
  .PIECEWISE_BEZIER_KNOTS.);
#1518 = CARTESIAN_POINT('',(6.28318530718,9.999999999999E-02));
#1519 = CARTESIAN_POINT('',(6.28318530718,2.6));
#1520 = CARTESIAN_POINT('',(6.28318530718,5.1));
#1521 = ( GEOMETRIC_REPRESENTATION_CONTEXT(2) 
PARAMETRIC_REPRESENTATION_CONTEXT() REPRESENTATION_CONTEXT('2D SPACE',''
  ) );
#1522 = PCURVE('',#262,#1523);
#1523 = DEFINITIONAL_REPRESENTATION('',(#1524),#1528);
#1524 = B_SPLINE_CURVE_WITH_KNOTS('',2,(#1525,#1526,#1527),
  .UNSPECIFIED.,.F.,.F.,(3,3),(9.999999999999E-02,5.1),
  .PIECEWISE_BEZIER_KNOTS.);
#1525 = CARTESIAN_POINT('',(-8.881784197001E-16,9.999999999999E-02));
#1526 = CARTESIAN_POINT('',(-3.552713678801E-15,2.6));
#1527 = CARTESIAN_POINT('',(-8.881784197001E-16,5.1));
#1528 = ( GEOMETRIC_REPRESENTATION_CONTEXT(2) 
PARAMETRIC_REPRESENTATION_CONTEXT() REPRESENTATION_CONTEXT('2D SPACE',''
  ) );
#1529 = ORIENTED_EDGE('',*,*,#923,.T.);
#1530 = ORIENTED_EDGE('',*,*,#1510,.T.);
#1531 = ADVANCED_FACE('',(#1532),#314,.T.);
#1532 = FACE_BOUND('',#1533,.T.);
#1533 = EDGE_LOOP('',(#1534,#1535,#1555,#1556));
#1534 = ORIENTED_EDGE('',*,*,#290,.F.);
#1535 = ORIENTED_EDGE('',*,*,#1536,.F.);
#1536 = EDGE_CURVE('',#961,#291,#1537,.T.);
#1537 = SEAM_CURVE('',#1538,(#1541,#1548),.PCURVE_S1.);
#1538 = B_SPLINE_CURVE_WITH_KNOTS('',1,(#1539,#1540),.UNSPECIFIED.,.F.,
  .F.,(2,2),(9.999999999999E-02,5.1),.PIECEWISE_BEZIER_KNOTS.);
#1539 = CARTESIAN_POINT('',(264.9391172083,161.12548833848,
    134.38989221983));
#1540 = CARTESIAN_POINT('',(264.9391172083,161.12548833848,
    139.38989221983));
#1541 = PCURVE('',#314,#1542);
#1542 = DEFINITIONAL_REPRESENTATION('',(#1543),#1547);
#1543 = B_SPLINE_CURVE_WITH_KNOTS('',2,(#1544,#1545,#1546),
  .UNSPECIFIED.,.F.,.F.,(3,3),(9.999999999999E-02,5.1),
  .PIECEWISE_BEZIER_KNOTS.);
#1544 = CARTESIAN_POINT('',(6.28318530718,9.999999999999E-02));
#1545 = CARTESIAN_POINT('',(6.28318530718,2.6));
#1546 = CARTESIAN_POINT('',(6.28318530718,5.1));
#1547 = ( GEOMETRIC_REPRESENTATION_CONTEXT(2) 
PARAMETRIC_REPRESENTATION_CONTEXT() REPRESENTATION_CONTEXT('2D SPACE',''
  ) );
#1548 = PCURVE('',#314,#1549);
#1549 = DEFINITIONAL_REPRESENTATION('',(#1550),#1554);
#1550 = B_SPLINE_CURVE_WITH_KNOTS('',2,(#1551,#1552,#1553),
  .UNSPECIFIED.,.F.,.F.,(3,3),(9.999999999999E-02,5.1),
  .PIECEWISE_BEZIER_KNOTS.);
#1551 = CARTESIAN_POINT('',(0.,9.999999999999E-02));
#1552 = CARTESIAN_POINT('',(8.881784197001E-16,2.6));
#1553 = CARTESIAN_POINT('',(0.,5.1));
#1554 = ( GEOMETRIC_REPRESENTATION_CONTEXT(2) 
PARAMETRIC_REPRESENTATION_CONTEXT() REPRESENTATION_CONTEXT('2D SPACE',''
  ) );
#1555 = ORIENTED_EDGE('',*,*,#960,.T.);
#1556 = ORIENTED_EDGE('',*,*,#1536,.T.);
#1557 = ADVANCED_FACE('',(#1558),#442,.F.);
#1558 = FACE_BOUND('',#1559,.F.);
#1559 = EDGE_LOOP('',(#1560,#1561,#1582,#1583,#1584,#1585));
#1560 = ORIENTED_EDGE('',*,*,#342,.F.);
#1561 = ORIENTED_EDGE('',*,*,#1562,.F.);
#1562 = EDGE_CURVE('',#998,#343,#1563,.T.);
#1563 = SEAM_CURVE('',#1564,(#1568,#1575),.PCURVE_S1.);
#1564 = LINE('',#1565,#1566);
#1565 = CARTESIAN_POINT('',(278.6391172083,142.87548833848,
    74.389892219836));
#1566 = VECTOR('',#1567,1.);
#1567 = DIRECTION('',(0.,0.,1.));
#1568 = PCURVE('',#442,#1569);
#1569 = DEFINITIONAL_REPRESENTATION('',(#1570),#1574);
#1570 = LINE('',#1571,#1572);
#1571 = CARTESIAN_POINT('',(6.28318530718,-0.));
#1572 = VECTOR('',#1573,1.);
#1573 = DIRECTION('',(0.,1.));
#1574 = ( GEOMETRIC_REPRESENTATION_CONTEXT(2) 
PARAMETRIC_REPRESENTATION_CONTEXT() REPRESENTATION_CONTEXT('2D SPACE',''
  ) );
#1575 = PCURVE('',#442,#1576);
#1576 = DEFINITIONAL_REPRESENTATION('',(#1577),#1581);
#1577 = LINE('',#1578,#1579);
#1578 = CARTESIAN_POINT('',(0.,-0.));
#1579 = VECTOR('',#1580,1.);
#1580 = DIRECTION('',(0.,1.));
#1581 = ( GEOMETRIC_REPRESENTATION_CONTEXT(2) 
PARAMETRIC_REPRESENTATION_CONTEXT() REPRESENTATION_CONTEXT('2D SPACE',''
  ) );
#1582 = ORIENTED_EDGE('',*,*,#997,.T.);
#1583 = ORIENTED_EDGE('',*,*,#1145,.T.);
#1584 = ORIENTED_EDGE('',*,*,#1562,.T.);
#1585 = ORIENTED_EDGE('',*,*,#495,.F.);
#1586 = ADVANCED_FACE('',(#1587),#699,.F.);
#1587 = FACE_BOUND('',#1588,.F.);
#1588 = EDGE_LOOP('',(#1589,#1590,#1611,#1612,#1613,#1614));
#1589 = ORIENTED_EDGE('',*,*,#599,.F.);
#1590 = ORIENTED_EDGE('',*,*,#1591,.F.);
#1591 = EDGE_CURVE('',#1250,#600,#1592,.T.);
#1592 = SEAM_CURVE('',#1593,(#1597,#1604),.PCURVE_S1.);
#1593 = LINE('',#1594,#1595);
#1594 = CARTESIAN_POINT('',(278.6391172083,158.87548833848,
    74.389892219836));
#1595 = VECTOR('',#1596,1.);
#1596 = DIRECTION('',(0.,0.,1.));
#1597 = PCURVE('',#699,#1598);
#1598 = DEFINITIONAL_REPRESENTATION('',(#1599),#1603);
#1599 = LINE('',#1600,#1601);
#1600 = CARTESIAN_POINT('',(6.28318530718,-0.));
#1601 = VECTOR('',#1602,1.);
#1602 = DIRECTION('',(0.,1.));
#1603 = ( GEOMETRIC_REPRESENTATION_CONTEXT(2) 
PARAMETRIC_REPRESENTATION_CONTEXT() REPRESENTATION_CONTEXT('2D SPACE',''
  ) );
#1604 = PCURVE('',#699,#1605);
#1605 = DEFINITIONAL_REPRESENTATION('',(#1606),#1610);
#1606 = LINE('',#1607,#1608);
#1607 = CARTESIAN_POINT('',(0.,-0.));
#1608 = VECTOR('',#1609,1.);
#1609 = DIRECTION('',(0.,1.));
#1610 = ( GEOMETRIC_REPRESENTATION_CONTEXT(2) 
PARAMETRIC_REPRESENTATION_CONTEXT() REPRESENTATION_CONTEXT('2D SPACE',''
  ) );
#1611 = ORIENTED_EDGE('',*,*,#1249,.T.);
#1612 = ORIENTED_EDGE('',*,*,#1397,.T.);
#1613 = ORIENTED_EDGE('',*,*,#1591,.T.);
#1614 = ORIENTED_EDGE('',*,*,#752,.F.);
#1615 = ( GEOMETRIC_REPRESENTATION_CONTEXT(3) 
GLOBAL_UNCERTAINTY_ASSIGNED_CONTEXT((#1619)) 
GLOBAL_UNIT_ASSIGNED_CONTEXT((#1616,#1617,#1618)) REPRESENTATION_CONTEXT
('Context #1','3D Context with UNIT and UNCERTAINTY') );
#1616 = ( LENGTH_UNIT() NAMED_UNIT(*) SI_UNIT(.MILLI.,.METRE.) );
#1617 = ( NAMED_UNIT(*) PLANE_ANGLE_UNIT() SI_UNIT($,.RADIAN.) );
#1618 = ( NAMED_UNIT(*) SI_UNIT($,.STERADIAN.) SOLID_ANGLE_UNIT() );
#1619 = UNCERTAINTY_MEASURE_WITH_UNIT(LENGTH_MEASURE(2.E-06),#1616,
  'distance_accuracy_value','confusion accuracy');
#1620 = PRODUCT_RELATED_PRODUCT_CATEGORY('part',$,(#7));
ENDSEC;
END-ISO-10303-21;
