ISO-10303-21;
HEADER;
FILE_DESCRIPTION(('Open CASCADE Model'),'2;1');
FILE_NAME('Open CASCADE Shape Model','2026-09-29T09:31:44',('Author'),(
    'Open CASCADE'),'Open CASCADE STEP processor 7.8','Open CASCADE 7.8'
  ,'Unknown');
FILE_SCHEMA(('AUTOMOTIVE_DESIGN { 1 0 10303 214 1 1 1 1 }'));
ENDSEC;
DATA;
#1 = APPLICATION_PROTOCOL_DEFINITION('international standard',
  'automotive_design',2000,#2);
#2 = APPLICATION_CONTEXT(
  'core data for automotive mechanical design processes');
#3 = SHAPE_DEFINITION_REPRESENTATION(#4,#10);
#4 = PRODUCT_DEFINITION_SHAPE('','',#5);
#5 = PRODUCT_DEFINITION('design','',#6,#9);
#6 = PRODUCT_DEFINITION_FORMATION('','',#7);
#7 = PRODUCT('Open CASCADE STEP translator 7.8 60',
  'Open CASCADE STEP translator 7.8 60','',(#8));
#8 = PRODUCT_CONTEXT('',#2,'mechanical');
#9 = PRODUCT_DEFINITION_CONTEXT('part definition',#2,'design');
#10 = ADVANCED_BREP_SHAPE_REPRESENTATION('',(#11,#15),#1440);
#11 = AXIS2_PLACEMENT_3D('',#12,#13,#14);
#12 = CARTESIAN_POINT('',(0.,0.,0.));
#13 = DIRECTION('',(0.,0.,1.));
#14 = DIRECTION('',(1.,0.,-0.));
#15 = MANIFOLD_SOLID_BREP('',#16);
#16 = CLOSED_SHELL('',(#17,#125,#728,#771,#1325,#1349,#1356,#1382,#1411)
  );
#17 = ADVANCED_FACE('',(#18),#31,.T.);
#18 = FACE_BOUND('',#19,.T.);
#19 = EDGE_LOOP('',(#20,#52,#77,#102));
#20 = ORIENTED_EDGE('',*,*,#21,.F.);
#21 = EDGE_CURVE('',#22,#24,#26,.T.);
#22 = VERTEX_POINT('',#23);
#23 = CARTESIAN_POINT('',(294.9391172083,135.87548833848,72.));
#24 = VERTEX_POINT('',#25);
#25 = CARTESIAN_POINT('',(294.9391172083,135.87548833848,134.38989221983
    ));
#26 = SURFACE_CURVE('',#27,(#30,#41),.PCURVE_S1.);
#27 = B_SPLINE_CURVE_WITH_KNOTS('',1,(#28,#29),.UNSPECIFIED.,.F.,.F.,(2,
    2),(0.,62.389892219836),.PIECEWISE_BEZIER_KNOTS.);
#28 = CARTESIAN_POINT('',(294.9391172083,135.87548833848,72.));
#29 = CARTESIAN_POINT('',(294.9391172083,135.87548833848,134.38989221983
    ));
#30 = PCURVE('',#31,#36);
#31 = B_SPLINE_SURFACE_WITH_KNOTS('',1,1,(
    (#32,#33)
    ,(#34,#35
    )),.UNSPECIFIED.,.F.,.F.,.F.,(2,2),(2,2),(0.,62.389892219836),(-5.,
    0.),.PIECEWISE_BEZIER_KNOTS.);
#32 = CARTESIAN_POINT('',(299.9391172083,135.87548833848,72.));
#33 = CARTESIAN_POINT('',(294.9391172083,135.87548833848,72.));
#34 = CARTESIAN_POINT('',(299.9391172083,135.87548833848,134.38989221983
    ));
#35 = CARTESIAN_POINT('',(294.9391172083,135.87548833848,134.38989221983
    ));
#36 = DEFINITIONAL_REPRESENTATION('',(#37),#40);
#37 = B_SPLINE_CURVE_WITH_KNOTS('',1,(#38,#39),.UNSPECIFIED.,.F.,.F.,(2,
    2),(0.,62.389892219836),.PIECEWISE_BEZIER_KNOTS.);
#38 = CARTESIAN_POINT('',(0.,0.));
#39 = CARTESIAN_POINT('',(62.389892219836,0.));
#40 = ( GEOMETRIC_REPRESENTATION_CONTEXT(2) 
PARAMETRIC_REPRESENTATION_CONTEXT() REPRESENTATION_CONTEXT('2D SPACE',''
  ) );
#41 = PCURVE('',#42,#47);
#42 = B_SPLINE_SURFACE_WITH_KNOTS('',1,1,(
    (#43,#44)
    ,(#45,#46
    )),.UNSPECIFIED.,.F.,.F.,.F.,(2,2),(2,2),(0.,62.389892219836),(0.,
    30.),.PIECEWISE_BEZIER_KNOTS.);
#43 = CARTESIAN_POINT('',(294.9391172083,135.87548833848,72.));
#44 = CARTESIAN_POINT('',(294.9391172083,165.87548833848,72.));
#45 = CARTESIAN_POINT('',(294.9391172083,135.87548833848,134.38989221983
    ));
#46 = CARTESIAN_POINT('',(294.9391172083,165.87548833848,134.38989221983
    ));
#47 = DEFINITIONAL_REPRESENTATION('',(#48),#51);
#48 = B_SPLINE_CURVE_WITH_KNOTS('',1,(#49,#50),.UNSPECIFIED.,.F.,.F.,(2,
    2),(0.,62.389892219836),.PIECEWISE_BEZIER_KNOTS.);
#49 = CARTESIAN_POINT('',(0.,0.));
#50 = CARTESIAN_POINT('',(62.389892219836,0.));
#51 = ( GEOMETRIC_REPRESENTATION_CONTEXT(2) 
PARAMETRIC_REPRESENTATION_CONTEXT() REPRESENTATION_CONTEXT('2D SPACE',''
  ) );
#52 = ORIENTED_EDGE('',*,*,#53,.T.);
#53 = EDGE_CURVE('',#22,#54,#56,.T.);
#54 = VERTEX_POINT('',#55);
#55 = CARTESIAN_POINT('',(299.9391172083,135.87548833848,72.));
#56 = SURFACE_CURVE('',#57,(#60,#66),.PCURVE_S1.);
#57 = B_SPLINE_CURVE_WITH_KNOTS('',1,(#58,#59),.UNSPECIFIED.,.F.,.F.,(2,
    2),(0.,5.),.PIECEWISE_BEZIER_KNOTS.);
#58 = CARTESIAN_POINT('',(294.9391172083,135.87548833848,72.));
#59 = CARTESIAN_POINT('',(299.9391172083,135.87548833848,72.));
#60 = PCURVE('',#31,#61);
#61 = DEFINITIONAL_REPRESENTATION('',(#62),#65);
#62 = B_SPLINE_CURVE_WITH_KNOTS('',1,(#63,#64),.UNSPECIFIED.,.F.,.F.,(2,
    2),(0.,5.),.PIECEWISE_BEZIER_KNOTS.);
#63 = CARTESIAN_POINT('',(0.,0.));
#64 = CARTESIAN_POINT('',(0.,-5.));
#65 = ( GEOMETRIC_REPRESENTATION_CONTEXT(2) 
PARAMETRIC_REPRESENTATION_CONTEXT() REPRESENTATION_CONTEXT('2D SPACE',''
  ) );
#66 = PCURVE('',#67,#72);
#67 = B_SPLINE_SURFACE_WITH_KNOTS('',1,1,(
    (#68,#69)
    ,(#70,#71)),.UNSPECIFIED.,.F.,.F.,.F.,(2,2),(2,2),(0.,30.),(0.,5.),
  .PIECEWISE_BEZIER_KNOTS.);
#68 = CARTESIAN_POINT('',(294.9391172083,135.87548833848,72.));
#69 = CARTESIAN_POINT('',(299.9391172083,135.87548833848,72.));
#70 = CARTESIAN_POINT('',(294.9391172083,165.87548833848,72.));
#71 = CARTESIAN_POINT('',(299.9391172083,165.87548833848,72.));
#72 = DEFINITIONAL_REPRESENTATION('',(#73),#76);
#73 = B_SPLINE_CURVE_WITH_KNOTS('',1,(#74,#75),.UNSPECIFIED.,.F.,.F.,(2,
    2),(0.,5.),.PIECEWISE_BEZIER_KNOTS.);
#74 = CARTESIAN_POINT('',(0.,0.));
#75 = CARTESIAN_POINT('',(0.,5.));
#76 = ( GEOMETRIC_REPRESENTATION_CONTEXT(2) 
PARAMETRIC_REPRESENTATION_CONTEXT() REPRESENTATION_CONTEXT('2D SPACE',''
  ) );
#77 = ORIENTED_EDGE('',*,*,#78,.T.);
#78 = EDGE_CURVE('',#54,#79,#81,.T.);
#79 = VERTEX_POINT('',#80);
#80 = CARTESIAN_POINT('',(299.9391172083,135.87548833848,134.38989221983
    ));
#81 = SURFACE_CURVE('',#82,(#85,#91),.PCURVE_S1.);
#82 = B_SPLINE_CURVE_WITH_KNOTS('',1,(#83,#84),.UNSPECIFIED.,.F.,.F.,(2,
    2),(0.,62.389892219836),.PIECEWISE_BEZIER_KNOTS.);
#83 = CARTESIAN_POINT('',(299.9391172083,135.87548833848,72.));
#84 = CARTESIAN_POINT('',(299.9391172083,135.87548833848,134.38989221983
    ));
#85 = PCURVE('',#31,#86);
#86 = DEFINITIONAL_REPRESENTATION('',(#87),#90);
#87 = B_SPLINE_CURVE_WITH_KNOTS('',1,(#88,#89),.UNSPECIFIED.,.F.,.F.,(2,
    2),(0.,62.389892219836),.PIECEWISE_BEZIER_KNOTS.);
#88 = CARTESIAN_POINT('',(0.,-5.));
#89 = CARTESIAN_POINT('',(62.389892219836,-5.));
#90 = ( GEOMETRIC_REPRESENTATION_CONTEXT(2) 
PARAMETRIC_REPRESENTATION_CONTEXT() REPRESENTATION_CONTEXT('2D SPACE',''
  ) );
#91 = PCURVE('',#92,#97);
#92 = B_SPLINE_SURFACE_WITH_KNOTS('',1,1,(
    (#93,#94)
    ,(#95,#96
    )),.UNSPECIFIED.,.F.,.F.,.F.,(2,2),(2,2),(0.,62.389892219836),(0.,
    30.),.PIECEWISE_BEZIER_KNOTS.);
#93 = CARTESIAN_POINT('',(299.9391172083,135.87548833848,72.));
#94 = CARTESIAN_POINT('',(299.9391172083,165.87548833848,72.));
#95 = CARTESIAN_POINT('',(299.9391172083,135.87548833848,134.38989221983
    ));
#96 = CARTESIAN_POINT('',(299.9391172083,165.87548833848,134.38989221983
    ));
#97 = DEFINITIONAL_REPRESENTATION('',(#98),#101);
#98 = B_SPLINE_CURVE_WITH_KNOTS('',1,(#99,#100),.UNSPECIFIED.,.F.,.F.,(2
    ,2),(0.,62.389892219836),.PIECEWISE_BEZIER_KNOTS.);
#99 = CARTESIAN_POINT('',(0.,0.));
#100 = CARTESIAN_POINT('',(62.389892219836,0.));
#101 = ( GEOMETRIC_REPRESENTATION_CONTEXT(2) 
PARAMETRIC_REPRESENTATION_CONTEXT() REPRESENTATION_CONTEXT('2D SPACE',''
  ) );
#102 = ORIENTED_EDGE('',*,*,#103,.F.);
#103 = EDGE_CURVE('',#24,#79,#104,.T.);
#104 = SURFACE_CURVE('',#105,(#108,#114),.PCURVE_S1.);
#105 = B_SPLINE_CURVE_WITH_KNOTS('',1,(#106,#107),.UNSPECIFIED.,.F.,.F.,
  (2,2),(0.,5.),.PIECEWISE_BEZIER_KNOTS.);
#106 = CARTESIAN_POINT('',(294.9391172083,135.87548833848,
    134.38989221983));
#107 = CARTESIAN_POINT('',(299.9391172083,135.87548833848,
    134.38989221983));
#108 = PCURVE('',#31,#109);
#109 = DEFINITIONAL_REPRESENTATION('',(#110),#113);
#110 = B_SPLINE_CURVE_WITH_KNOTS('',1,(#111,#112),.UNSPECIFIED.,.F.,.F.,
  (2,2),(0.,5.),.PIECEWISE_BEZIER_KNOTS.);
#111 = CARTESIAN_POINT('',(62.389892219836,0.));
#112 = CARTESIAN_POINT('',(62.389892219836,-5.));
#113 = ( GEOMETRIC_REPRESENTATION_CONTEXT(2) 
PARAMETRIC_REPRESENTATION_CONTEXT() REPRESENTATION_CONTEXT('2D SPACE',''
  ) );
#114 = PCURVE('',#115,#120);
#115 = B_SPLINE_SURFACE_WITH_KNOTS('',1,1,(
    (#116,#117)
    ,(#118,#119
  )),.UNSPECIFIED.,.F.,.F.,.F.,(2,2),(2,2),(0.,30.),(0.,5.),
  .PIECEWISE_BEZIER_KNOTS.);
#116 = CARTESIAN_POINT('',(294.9391172083,135.87548833848,
    134.38989221983));
#117 = CARTESIAN_POINT('',(299.9391172083,135.87548833848,
    134.38989221983));
#118 = CARTESIAN_POINT('',(294.9391172083,165.87548833848,
    134.38989221983));
#119 = CARTESIAN_POINT('',(299.9391172083,165.87548833848,
    134.38989221983));
#120 = DEFINITIONAL_REPRESENTATION('',(#121),#124);
#121 = B_SPLINE_CURVE_WITH_KNOTS('',1,(#122,#123),.UNSPECIFIED.,.F.,.F.,
  (2,2),(0.,5.),.PIECEWISE_BEZIER_KNOTS.);
#122 = CARTESIAN_POINT('',(0.,0.));
#123 = CARTESIAN_POINT('',(0.,5.));
#124 = ( GEOMETRIC_REPRESENTATION_CONTEXT(2) 
PARAMETRIC_REPRESENTATION_CONTEXT() REPRESENTATION_CONTEXT('2D SPACE',''
  ) );
#125 = ADVANCED_FACE('',(#126,#192,#244,#483),#42,.T.);
#126 = FACE_BOUND('',#127,.T.);
#127 = EDGE_LOOP('',(#128,#148,#149,#169));
#128 = ORIENTED_EDGE('',*,*,#129,.F.);
#129 = EDGE_CURVE('',#22,#130,#132,.T.);
#130 = VERTEX_POINT('',#131);
#131 = CARTESIAN_POINT('',(294.9391172083,165.87548833848,72.));
#132 = SURFACE_CURVE('',#133,(#136,#142),.PCURVE_S1.);
#133 = B_SPLINE_CURVE_WITH_KNOTS('',1,(#134,#135),.UNSPECIFIED.,.F.,.F.,
  (2,2),(0.,30.),.PIECEWISE_BEZIER_KNOTS.);
#134 = CARTESIAN_POINT('',(294.9391172083,135.87548833848,72.));
#135 = CARTESIAN_POINT('',(294.9391172083,165.87548833848,72.));
#136 = PCURVE('',#42,#137);
#137 = DEFINITIONAL_REPRESENTATION('',(#138),#141);
#138 = B_SPLINE_CURVE_WITH_KNOTS('',1,(#139,#140),.UNSPECIFIED.,.F.,.F.,
  (2,2),(0.,30.),.PIECEWISE_BEZIER_KNOTS.);
#139 = CARTESIAN_POINT('',(0.,0.));
#140 = CARTESIAN_POINT('',(0.,30.));
#141 = ( GEOMETRIC_REPRESENTATION_CONTEXT(2) 
PARAMETRIC_REPRESENTATION_CONTEXT() REPRESENTATION_CONTEXT('2D SPACE',''
  ) );
#142 = PCURVE('',#67,#143);
#143 = DEFINITIONAL_REPRESENTATION('',(#144),#147);
#144 = B_SPLINE_CURVE_WITH_KNOTS('',1,(#145,#146),.UNSPECIFIED.,.F.,.F.,
  (2,2),(0.,30.),.PIECEWISE_BEZIER_KNOTS.);
#145 = CARTESIAN_POINT('',(0.,0.));
#146 = CARTESIAN_POINT('',(30.,0.));
#147 = ( GEOMETRIC_REPRESENTATION_CONTEXT(2) 
PARAMETRIC_REPRESENTATION_CONTEXT() REPRESENTATION_CONTEXT('2D SPACE',''
  ) );
#148 = ORIENTED_EDGE('',*,*,#21,.T.);
#149 = ORIENTED_EDGE('',*,*,#150,.T.);
#150 = EDGE_CURVE('',#24,#151,#153,.T.);
#151 = VERTEX_POINT('',#152);
#152 = CARTESIAN_POINT('',(294.9391172083,165.87548833848,
    134.38989221983));
#153 = SURFACE_CURVE('',#154,(#157,#163),.PCURVE_S1.);
#154 = B_SPLINE_CURVE_WITH_KNOTS('',1,(#155,#156),.UNSPECIFIED.,.F.,.F.,
  (2,2),(0.,30.),.PIECEWISE_BEZIER_KNOTS.);
#155 = CARTESIAN_POINT('',(294.9391172083,135.87548833848,
    134.38989221983));
#156 = CARTESIAN_POINT('',(294.9391172083,165.87548833848,
    134.38989221983));
#157 = PCURVE('',#42,#158);
#158 = DEFINITIONAL_REPRESENTATION('',(#159),#162);
#159 = B_SPLINE_CURVE_WITH_KNOTS('',1,(#160,#161),.UNSPECIFIED.,.F.,.F.,
  (2,2),(0.,30.),.PIECEWISE_BEZIER_KNOTS.);
#160 = CARTESIAN_POINT('',(62.389892219836,0.));
#161 = CARTESIAN_POINT('',(62.389892219836,30.));
#162 = ( GEOMETRIC_REPRESENTATION_CONTEXT(2) 
PARAMETRIC_REPRESENTATION_CONTEXT() REPRESENTATION_CONTEXT('2D SPACE',''
  ) );
#163 = PCURVE('',#115,#164);
#164 = DEFINITIONAL_REPRESENTATION('',(#165),#168);
#165 = B_SPLINE_CURVE_WITH_KNOTS('',1,(#166,#167),.UNSPECIFIED.,.F.,.F.,
  (2,2),(0.,30.),.PIECEWISE_BEZIER_KNOTS.);
#166 = CARTESIAN_POINT('',(0.,0.));
#167 = CARTESIAN_POINT('',(30.,0.));
#168 = ( GEOMETRIC_REPRESENTATION_CONTEXT(2) 
PARAMETRIC_REPRESENTATION_CONTEXT() REPRESENTATION_CONTEXT('2D SPACE',''
  ) );
#169 = ORIENTED_EDGE('',*,*,#170,.F.);
#170 = EDGE_CURVE('',#130,#151,#171,.T.);
#171 = SURFACE_CURVE('',#172,(#175,#181),.PCURVE_S1.);
#172 = B_SPLINE_CURVE_WITH_KNOTS('',1,(#173,#174),.UNSPECIFIED.,.F.,.F.,
  (2,2),(0.,62.389892219836),.PIECEWISE_BEZIER_KNOTS.);
#173 = CARTESIAN_POINT('',(294.9391172083,165.87548833848,72.));
#174 = CARTESIAN_POINT('',(294.9391172083,165.87548833848,
    134.38989221983));
#175 = PCURVE('',#42,#176);
#176 = DEFINITIONAL_REPRESENTATION('',(#177),#180);
#177 = B_SPLINE_CURVE_WITH_KNOTS('',1,(#178,#179),.UNSPECIFIED.,.F.,.F.,
  (2,2),(0.,62.389892219836),.PIECEWISE_BEZIER_KNOTS.);
#178 = CARTESIAN_POINT('',(0.,30.));
#179 = CARTESIAN_POINT('',(62.389892219836,30.));
#180 = ( GEOMETRIC_REPRESENTATION_CONTEXT(2) 
PARAMETRIC_REPRESENTATION_CONTEXT() REPRESENTATION_CONTEXT('2D SPACE',''
  ) );
#181 = PCURVE('',#182,#187);
#182 = B_SPLINE_SURFACE_WITH_KNOTS('',1,1,(
    (#183,#184)
    ,(#185,#186
    )),.UNSPECIFIED.,.F.,.F.,.F.,(2,2),(2,2),(0.,62.389892219836),(-5.,
    0.),.PIECEWISE_BEZIER_KNOTS.);
#183 = CARTESIAN_POINT('',(299.9391172083,165.87548833848,72.));
#184 = CARTESIAN_POINT('',(294.9391172083,165.87548833848,72.));
#185 = CARTESIAN_POINT('',(299.9391172083,165.87548833848,
    134.38989221983));
#186 = CARTESIAN_POINT('',(294.9391172083,165.87548833848,
    134.38989221983));
#187 = DEFINITIONAL_REPRESENTATION('',(#188),#191);
#188 = B_SPLINE_CURVE_WITH_KNOTS('',1,(#189,#190),.UNSPECIFIED.,.F.,.F.,
  (2,2),(0.,62.389892219836),.PIECEWISE_BEZIER_KNOTS.);
#189 = CARTESIAN_POINT('',(0.,0.));
#190 = CARTESIAN_POINT('',(62.389892219836,0.));
#191 = ( GEOMETRIC_REPRESENTATION_CONTEXT(2) 
PARAMETRIC_REPRESENTATION_CONTEXT() REPRESENTATION_CONTEXT('2D SPACE',''
  ) );
#192 = FACE_BOUND('',#193,.T.);
#193 = EDGE_LOOP('',(#194));
#194 = ORIENTED_EDGE('',*,*,#195,.F.);
#195 = EDGE_CURVE('',#196,#196,#198,.T.);
#196 = VERTEX_POINT('',#197);
#197 = CARTESIAN_POINT('',(294.9391172083,150.87548833848,88.15));
#198 = SURFACE_CURVE('',#199,(#207,#218),.PCURVE_S1.);
#199 = ( BOUNDED_CURVE() B_SPLINE_CURVE(2,(#200,#201,#202,#203,#204,#205
,#206),.UNSPECIFIED.,.T.,.F.) B_SPLINE_CURVE_WITH_KNOTS((1,2,2,2,2,1),(
    -2.094395102393,0.,2.094395102393,4.188790204786,6.28318530718,
8.377580409573),.UNSPECIFIED.) CURVE() GEOMETRIC_REPRESENTATION_ITEM() 
RATIONAL_B_SPLINE_CURVE((1.,0.5,1.,0.5,1.,0.5,1.)) REPRESENTATION_ITEM(
  '') );
#200 = CARTESIAN_POINT('',(294.9391172083,150.87548833848,88.15));
#201 = CARTESIAN_POINT('',(294.9391172083,154.59939757475,88.15));
#202 = CARTESIAN_POINT('',(294.9391172083,152.73744295662,84.925));
#203 = CARTESIAN_POINT('',(294.9391172083,150.87548833848,81.7));
#204 = CARTESIAN_POINT('',(294.9391172083,149.01353372034,84.925));
#205 = CARTESIAN_POINT('',(294.9391172083,147.15157910221,88.15));
#206 = CARTESIAN_POINT('',(294.9391172083,150.87548833848,88.15));
#207 = PCURVE('',#42,#208);
#208 = DEFINITIONAL_REPRESENTATION('',(#209),#217);
#209 = ( BOUNDED_CURVE() B_SPLINE_CURVE(2,(#210,#211,#212,#213,#214,#215
,#216),.UNSPECIFIED.,.T.,.F.) B_SPLINE_CURVE_WITH_KNOTS((3,2,2,3),(0.,
    2.094395102393,4.188790204786,6.28318530718),
.PIECEWISE_BEZIER_KNOTS.) CURVE() GEOMETRIC_REPRESENTATION_ITEM() 
RATIONAL_B_SPLINE_CURVE((1.,0.5,1.,0.5,1.,0.5,1.)) REPRESENTATION_ITEM(
  '') );
#210 = CARTESIAN_POINT('',(16.15,15.));
#211 = CARTESIAN_POINT('',(16.15,18.723909236273));
#212 = CARTESIAN_POINT('',(12.925,16.861954618137));
#213 = CARTESIAN_POINT('',(9.7,15.));
#214 = CARTESIAN_POINT('',(12.925,13.138045381863));
#215 = CARTESIAN_POINT('',(16.15,11.276090763727));
#216 = CARTESIAN_POINT('',(16.15,15.));
#217 = ( GEOMETRIC_REPRESENTATION_CONTEXT(2) 
PARAMETRIC_REPRESENTATION_CONTEXT() REPRESENTATION_CONTEXT('2D SPACE',''
  ) );
#218 = PCURVE('',#219,#234);
#219 = ( BOUNDED_SURFACE() B_SPLINE_SURFACE(2,1,(
    (#220,#221)
    ,(#222,#223)
    ,(#224,#225)
    ,(#226,#227)
    ,(#228,#229)
    ,(#230,#231)
,(#232,#233
    )),.UNSPECIFIED.,.T.,.F.,.F.) B_SPLINE_SURFACE_WITH_KNOTS((1,2,2,2,2
    ,1),(2,2),(-2.094395102393,0.,2.094395102393,4.188790204786,
    6.28318530718,8.377580409573),(1.E-01,5.1),.UNSPECIFIED.) 
GEOMETRIC_REPRESENTATION_ITEM() RATIONAL_B_SPLINE_SURFACE((
    (1.,1.)
    ,(0.5,0.5)
    ,(1.,1.)
    ,(0.5,0.5)
    ,(1.,1.)
    ,(0.5,0.5)
,(1.,1.))) REPRESENTATION_ITEM('') SURFACE() );
#220 = CARTESIAN_POINT('',(294.9391172083,150.87548833848,88.15));
#221 = CARTESIAN_POINT('',(299.9391172083,150.87548833848,88.15));
#222 = CARTESIAN_POINT('',(294.9391172083,154.59939757475,88.15));
#223 = CARTESIAN_POINT('',(299.9391172083,154.59939757475,88.15));
#224 = CARTESIAN_POINT('',(294.9391172083,152.73744295662,84.925));
#225 = CARTESIAN_POINT('',(299.9391172083,152.73744295662,84.925));
#226 = CARTESIAN_POINT('',(294.9391172083,150.87548833848,81.7));
#227 = CARTESIAN_POINT('',(299.9391172083,150.87548833848,81.7));
#228 = CARTESIAN_POINT('',(294.9391172083,149.01353372034,84.925));
#229 = CARTESIAN_POINT('',(299.9391172083,149.01353372034,84.925));
#230 = CARTESIAN_POINT('',(294.9391172083,147.15157910221,88.15));
#231 = CARTESIAN_POINT('',(299.9391172083,147.15157910221,88.15));
#232 = CARTESIAN_POINT('',(294.9391172083,150.87548833848,88.15));
#233 = CARTESIAN_POINT('',(299.9391172083,150.87548833848,88.15));
#234 = DEFINITIONAL_REPRESENTATION('',(#235),#243);
#235 = B_SPLINE_CURVE_WITH_KNOTS('',2,(#236,#237,#238,#239,#240,#241,
    #242),.UNSPECIFIED.,.F.,.F.,(3,2,2,3),(0.,2.094395102393,
    4.188790204786,6.28318530718),.PIECEWISE_BEZIER_KNOTS.);
#236 = CARTESIAN_POINT('',(0.,1.E-01));
#237 = CARTESIAN_POINT('',(1.047197551197,0.1));
#238 = CARTESIAN_POINT('',(2.094395102393,1.E-01));
#239 = CARTESIAN_POINT('',(3.14159265359,0.1));
#240 = CARTESIAN_POINT('',(4.188790204786,1.E-01));
#241 = CARTESIAN_POINT('',(5.235987755983,1.E-01));
#242 = CARTESIAN_POINT('',(6.28318530718,1.E-01));
#243 = ( GEOMETRIC_REPRESENTATION_CONTEXT(2) 
PARAMETRIC_REPRESENTATION_CONTEXT() REPRESENTATION_CONTEXT('2D SPACE',''
  ) );
#244 = FACE_BOUND('',#245,.T.);
#245 = EDGE_LOOP('',(#246,#357));
#246 = ORIENTED_EDGE('',*,*,#247,.T.);
#247 = EDGE_CURVE('',#248,#250,#252,.T.);
#248 = VERTEX_POINT('',#249);
#249 = CARTESIAN_POINT('',(294.9391172083,142.87548833848,
    121.08989221983));
#250 = VERTEX_POINT('',#251);
#251 = CARTESIAN_POINT('',(294.9391172083,142.35760776974,
    117.77069497536));
#252 = SURFACE_CURVE('',#253,(#284,#318),.PCURVE_S1.);
#253 = B_SPLINE_CURVE_WITH_KNOTS('',8,(#254,#255,#256,#257,#258,#259,
    #260,#261,#262,#263,#264,#265,#266,#267,#268,#269,#270,#271,#272,
    #273,#274,#275,#276,#277,#278,#279,#280,#281,#282,#283),
  .UNSPECIFIED.,.F.,.F.,(9,7,7,7,9),(0.,0.233892792184,0.563797415566,
    0.828376077327,1.),.UNSPECIFIED.);
#254 = CARTESIAN_POINT('',(294.9391172083,142.87548833848,
    121.08989221983));
#255 = CARTESIAN_POINT('',(294.9391172083,142.73475918263,
    121.08989221983));
#256 = CARTESIAN_POINT('',(294.9391172083,142.59399045333,
    121.07657797007));
#257 = CARTESIAN_POINT('',(294.9391172083,142.45471229336,121.049937408)
  );
#258 = CARTESIAN_POINT('',(294.9391172083,142.3183938424,121.01018128859
    ));
#259 = CARTESIAN_POINT('',(294.9391172083,142.18644939569,
    120.95770233951));
#260 = CARTESIAN_POINT('',(294.9391172083,142.06023592848,
    120.89306022868));
#261 = CARTESIAN_POINT('',(294.9391172083,141.94104198649,
    120.81699234399));
#262 = CARTESIAN_POINT('',(294.9391172083,141.67353960313,
    120.60838338183));
#263 = CARTESIAN_POINT('',(294.9391172083,141.53313240881,
    120.46529749718));
#264 = CARTESIAN_POINT('',(294.9391172083,141.41242824942,
    120.30386093903));
#265 = CARTESIAN_POINT('',(294.9391172083,141.3140933394,120.12732132412
    ));
#266 = CARTESIAN_POINT('',(294.9391172083,141.24021289209,119.9392259366
    ));
#267 = CARTESIAN_POINT('',(294.9391172083,141.1922077027,119.74343920367
    ));
#268 = CARTESIAN_POINT('',(294.9391172083,141.17089967951,
    119.54409010429));
#269 = CARTESIAN_POINT('',(294.9391172083,141.18020528224,
    119.18652964584));
#270 = CARTESIAN_POINT('',(294.9391172083,141.20137933237,
    119.02775934619));
#271 = CARTESIAN_POINT('',(294.9391172083,141.23955529924,
    118.87159618308));
#272 = CARTESIAN_POINT('',(294.9391172083,141.29432434239,
    118.72016159673));
#273 = CARTESIAN_POINT('',(294.9391172083,141.36498908005,
    118.57546137889));
#274 = CARTESIAN_POINT('',(294.9391172083,141.4505932272,118.4393905187)
  );
#275 = CARTESIAN_POINT('',(294.9391172083,141.54989895125,
    118.31371652252));
#276 = CARTESIAN_POINT('',(294.9391172083,141.73359487997,
    118.12626955383));
#277 = CARTESIAN_POINT('',(294.9391172083,141.8109957647,118.0575297778)
  );
#278 = CARTESIAN_POINT('',(294.9391172083,141.89310836721,
    117.99422649759));
#279 = CARTESIAN_POINT('',(294.9391172083,141.97948382391,
    117.93673328504));
#280 = CARTESIAN_POINT('',(294.9391172083,142.06964295808,
    117.88537694911));
#281 = CARTESIAN_POINT('',(294.9391172083,142.1630785542,117.84043873488
    ));
#282 = CARTESIAN_POINT('',(294.9391172083,142.25925535338,
    117.80215180095));
#283 = CARTESIAN_POINT('',(294.9391172083,142.35760776974,
    117.77069497536));
#284 = PCURVE('',#42,#285);
#285 = DEFINITIONAL_REPRESENTATION('',(#286),#317);
#286 = B_SPLINE_CURVE_WITH_KNOTS('',8,(#287,#288,#289,#290,#291,#292,
    #293,#294,#295,#296,#297,#298,#299,#300,#301,#302,#303,#304,#305,
    #306,#307,#308,#309,#310,#311,#312,#313,#314,#315,#316),
  .UNSPECIFIED.,.F.,.F.,(9,7,7,7,9),(0.,0.233892792184,0.563797415566,
    0.828376077327,1.),.UNSPECIFIED.);
#287 = CARTESIAN_POINT('',(49.089892219836,7.));
#288 = CARTESIAN_POINT('',(49.089892219836,6.859270844152));
#289 = CARTESIAN_POINT('',(49.07657797007,6.718502114849));
#290 = CARTESIAN_POINT('',(49.049937408007,6.579223954876));
#291 = CARTESIAN_POINT('',(49.010181288596,6.442905503922));
#292 = CARTESIAN_POINT('',(48.957702339515,6.310961057206));
#293 = CARTESIAN_POINT('',(48.893060228682,6.184747589997));
#294 = CARTESIAN_POINT('',(48.816992343995,6.065553648014));
#295 = CARTESIAN_POINT('',(48.608383381831,5.798051264646));
#296 = CARTESIAN_POINT('',(48.465297497189,5.657644070333));
#297 = CARTESIAN_POINT('',(48.303860939039,5.536939910934));
#298 = CARTESIAN_POINT('',(48.127321324125,5.438605000919));
#299 = CARTESIAN_POINT('',(47.939225936606,5.364724553605));
#300 = CARTESIAN_POINT('',(47.743439203677,5.31671936422));
#301 = CARTESIAN_POINT('',(47.544090104299,5.295411341033));
#302 = CARTESIAN_POINT('',(47.186529645842,5.304716943759));
#303 = CARTESIAN_POINT('',(47.027759346191,5.325890993884));
#304 = CARTESIAN_POINT('',(46.871596183089,5.364066960763));
#305 = CARTESIAN_POINT('',(46.720161596734,5.418836003905));
#306 = CARTESIAN_POINT('',(46.57546137889,5.489500741565));
#307 = CARTESIAN_POINT('',(46.4393905187,5.57510488872));
#308 = CARTESIAN_POINT('',(46.313716522527,5.674410612764));
#309 = CARTESIAN_POINT('',(46.12626955383,5.858106541492));
#310 = CARTESIAN_POINT('',(46.057529777805,5.935507426219));
#311 = CARTESIAN_POINT('',(45.994226497595,6.017620028727));
#312 = CARTESIAN_POINT('',(45.936733285041,6.10399548543));
#313 = CARTESIAN_POINT('',(45.885376949114,6.194154619598));
#314 = CARTESIAN_POINT('',(45.840438734883,6.287590215723));
#315 = CARTESIAN_POINT('',(45.802151800953,6.383767014902));
#316 = CARTESIAN_POINT('',(45.77069497536,6.482119431258));
#317 = ( GEOMETRIC_REPRESENTATION_CONTEXT(2) 
PARAMETRIC_REPRESENTATION_CONTEXT() REPRESENTATION_CONTEXT('2D SPACE',''
  ) );
#318 = PCURVE('',#319,#324);
#319 = CYLINDRICAL_SURFACE('',#320,1.7);
#320 = AXIS2_PLACEMENT_3D('',#321,#322,#323);
#321 = CARTESIAN_POINT('',(236.9391172083,142.87548833848,
    119.38989221983));
#322 = DIRECTION('',(1.,0.,0.));
#323 = DIRECTION('',(-0.,0.,1.));
#324 = DEFINITIONAL_REPRESENTATION('',(#325),#356);
#325 = B_SPLINE_CURVE_WITH_KNOTS('',8,(#326,#327,#328,#329,#330,#331,
    #332,#333,#334,#335,#336,#337,#338,#339,#340,#341,#342,#343,#344,
    #345,#346,#347,#348,#349,#350,#351,#352,#353,#354,#355),
  .UNSPECIFIED.,.F.,.F.,(9,7,7,7,9),(0.,0.233892792184,0.563797415566,
    0.828376077327,1.),.UNSPECIFIED.);
#326 = CARTESIAN_POINT('',(0.,58.));
#327 = CARTESIAN_POINT('',(8.27818563813E-02,58.));
#328 = CARTESIAN_POINT('',(0.165586406027,58.));
#329 = CARTESIAN_POINT('',(0.24838071928,58.));
#330 = CARTESIAN_POINT('',(0.331162374059,58.));
#331 = CARTESIAN_POINT('',(0.413944258981,58.));
#332 = CARTESIAN_POINT('',(0.496739229238,58.));
#333 = CARTESIAN_POINT('',(0.579544615253,58.));
#334 = CARTESIAN_POINT('',(0.779090140583,58.));
#335 = CARTESIAN_POINT('',(0.895978796603,58.));
#336 = CARTESIAN_POINT('',(1.012793623675,58.));
#337 = CARTESIAN_POINT('',(1.129562721518,58.));
#338 = CARTESIAN_POINT('',(1.246334723049,58.));
#339 = CARTESIAN_POINT('',(1.363156988531,58.));
#340 = CARTESIAN_POINT('',(1.480055102945,58.));
#341 = CARTESIAN_POINT('',(1.690456001951,58.));
#342 = CARTESIAN_POINT('',(1.784142758312,58.));
#343 = CARTESIAN_POINT('',(1.877807693369,58.));
#344 = CARTESIAN_POINT('',(1.971453486577,58.));
#345 = CARTESIAN_POINT('',(2.06509856662,58.));
#346 = CARTESIAN_POINT('',(2.158761800157,58.));
#347 = CARTESIAN_POINT('',(2.252447117483,58.));
#348 = CARTESIAN_POINT('',(2.406830095534,58.));
#349 = CARTESIAN_POINT('',(2.467577011823,58.));
#350 = CARTESIAN_POINT('',(2.528321580099,58.));
#351 = CARTESIAN_POINT('',(2.589063228277,58.));
#352 = CARTESIAN_POINT('',(2.649804745072,58.));
#353 = CARTESIAN_POINT('',(2.710548944082,58.));
#354 = CARTESIAN_POINT('',(2.771295335043,58.));
#355 = CARTESIAN_POINT('',(2.832036802268,58.));
#356 = ( GEOMETRIC_REPRESENTATION_CONTEXT(2) 
PARAMETRIC_REPRESENTATION_CONTEXT() REPRESENTATION_CONTEXT('2D SPACE',''
  ) );
#357 = ORIENTED_EDGE('',*,*,#358,.T.);
#358 = EDGE_CURVE('',#250,#248,#359,.T.);
#359 = SURFACE_CURVE('',#360,(#399,#441),.PCURVE_S1.);
#360 = B_SPLINE_CURVE_WITH_KNOTS('',7,(#361,#362,#363,#364,#365,#366,
    #367,#368,#369,#370,#371,#372,#373,#374,#375,#376,#377,#378,#379,
    #380,#381,#382,#383,#384,#385,#386,#387,#388,#389,#390,#391,#392,
    #393,#394,#395,#396,#397,#398),.UNSPECIFIED.,.F.,.F.,(8,6,6,6,6,6,8)
  ,(0.,0.108378641919,0.273247746904,0.428625872531,0.668706722859,
    0.805136134761,1.),.UNSPECIFIED.);
#361 = CARTESIAN_POINT('',(294.9391172083,142.35760776974,
    117.77069497536));
#362 = CARTESIAN_POINT('',(294.9391172083,142.44411624917,
    117.74302628911));
#363 = CARTESIAN_POINT('',(294.9391172083,142.53235220804,
    117.72074914999));
#364 = CARTESIAN_POINT('',(294.9391172083,142.6219073895,117.70399375157
    ));
#365 = CARTESIAN_POINT('',(294.9391172083,142.71236712584,
    117.69285114111));
#366 = CARTESIAN_POINT('',(294.9391172083,142.80331136084,
    117.68737306657));
#367 = CARTESIAN_POINT('',(294.9391172083,142.89431567212,
    117.68757182372));
#368 = CARTESIAN_POINT('',(294.9391172083,143.12283166134,
    117.70231669557));
#369 = CARTESIAN_POINT('',(294.9391172083,143.25989216479,
    117.72428865802));
#370 = CARTESIAN_POINT('',(294.9391172083,143.39460085196,117.7592450224
    ));
#371 = CARTESIAN_POINT('',(294.9391172083,143.52549537941,
    117.80686373718));
#372 = CARTESIAN_POINT('',(294.9391172083,143.65117676428,
    117.86663602877));
#373 = CARTESIAN_POINT('',(294.9391172083,143.77031721666,
    117.93786906408));
#374 = CARTESIAN_POINT('',(294.9391172083,143.986637918,118.09671707854)
  );
#375 = CARTESIAN_POINT('',(294.9391172083,144.08472016462,
    118.18317687388));
#376 = CARTESIAN_POINT('',(294.9391172083,144.17489459681,
    118.27827295727));
#377 = CARTESIAN_POINT('',(294.9391172083,144.25626712608,
    118.38112824418));
#378 = CARTESIAN_POINT('',(294.9391172083,144.32806444072,
    118.49076600722));
#379 = CARTESIAN_POINT('',(294.9391172083,144.3896379158,118.60611440104
    ));
#380 = CARTESIAN_POINT('',(294.9391172083,144.51906804133,
    118.91121809658));
#381 = CARTESIAN_POINT('',(294.9391172083,144.57212933392,
    119.10744139161));
#382 = CARTESIAN_POINT('',(294.9391172083,144.5976947073,119.31017903604
    ));
#383 = CARTESIAN_POINT('',(294.9391172083,144.59500549952,
    119.51483032937));
#384 = CARTESIAN_POINT('',(294.9391172083,144.56412120912,119.7168236475
    ));
#385 = CARTESIAN_POINT('',(294.9391172083,144.50592529735,
    119.91158116867));
#386 = CARTESIAN_POINT('',(294.9391172083,144.37510608197,
    120.19873083776));
#387 = CARTESIAN_POINT('',(294.9391172083,144.31953534751,
    120.29906843486));
#388 = CARTESIAN_POINT('',(294.9391172083,144.25615198526,
    120.39490854055));
#389 = CARTESIAN_POINT('',(294.9391172083,144.18539998571,
    120.48552938355));
#390 = CARTESIAN_POINT('',(294.9391172083,144.10779865873,
    120.57026635999));
#391 = CARTESIAN_POINT('',(294.9391172083,144.0239406963,120.64851425878
    ));
#392 = CARTESIAN_POINT('',(294.9391172083,143.80675441569,
    120.82146893926));
#393 = CARTESIAN_POINT('',(294.9391172083,143.66756033044,120.908918688)
  );
#394 = CARTESIAN_POINT('',(294.9391172083,143.51891504186,
    120.98047099152));
#395 = CARTESIAN_POINT('',(294.9391172083,143.36300610405,
    121.03496502238));
#396 = CARTESIAN_POINT('',(294.9391172083,143.20215411375,
    121.07159013101));
#397 = CARTESIAN_POINT('',(294.9391172083,143.03879285676,
    121.08989221983));
#398 = CARTESIAN_POINT('',(294.9391172083,142.87548833848,
    121.08989221983));
#399 = PCURVE('',#42,#400);
#400 = DEFINITIONAL_REPRESENTATION('',(#401),#440);
#401 = B_SPLINE_CURVE_WITH_KNOTS('',7,(#402,#403,#404,#405,#406,#407,
    #408,#409,#410,#411,#412,#413,#414,#415,#416,#417,#418,#419,#420,
    #421,#422,#423,#424,#425,#426,#427,#428,#429,#430,#431,#432,#433,
    #434,#435,#436,#437,#438,#439),.UNSPECIFIED.,.F.,.F.,(8,6,6,6,6,6,8)
  ,(0.,0.108378641919,0.273247746904,0.428625872531,0.668706722859,
    0.805136134761,1.),.UNSPECIFIED.);
#402 = CARTESIAN_POINT('',(45.77069497536,6.482119431258));
#403 = CARTESIAN_POINT('',(45.743026289112,6.568627910693));
#404 = CARTESIAN_POINT('',(45.720749149992,6.656863869562));
#405 = CARTESIAN_POINT('',(45.703993751577,6.74641905102));
#406 = CARTESIAN_POINT('',(45.692851141114,6.836878787361));
#407 = CARTESIAN_POINT('',(45.687373066575,6.927823022362));
#408 = CARTESIAN_POINT('',(45.687571823727,7.018827333635));
#409 = CARTESIAN_POINT('',(45.702316695577,7.247343322859));
#410 = CARTESIAN_POINT('',(45.724288658027,7.384403826312));
#411 = CARTESIAN_POINT('',(45.759245022409,7.519112513478));
#412 = CARTESIAN_POINT('',(45.806863737181,7.650007040929));
#413 = CARTESIAN_POINT('',(45.866636028775,7.775688425801));
#414 = CARTESIAN_POINT('',(45.937869064083,7.894828878182));
#415 = CARTESIAN_POINT('',(46.096717078548,8.111149579518));
#416 = CARTESIAN_POINT('',(46.183176873882,8.209231826142));
#417 = CARTESIAN_POINT('',(46.278272957278,8.299406258334));
#418 = CARTESIAN_POINT('',(46.38112824418,8.380778787597));
#419 = CARTESIAN_POINT('',(46.490766007224,8.452576102243));
#420 = CARTESIAN_POINT('',(46.60611440104,8.514149577318));
#421 = CARTESIAN_POINT('',(46.911218096581,8.643579702849));
#422 = CARTESIAN_POINT('',(47.107441391616,8.696640995438));
#423 = CARTESIAN_POINT('',(47.31017903604,8.722206368823));
#424 = CARTESIAN_POINT('',(47.514830329377,8.719517161041));
#425 = CARTESIAN_POINT('',(47.716823647509,8.688632870641));
#426 = CARTESIAN_POINT('',(47.911581168672,8.630436958867));
#427 = CARTESIAN_POINT('',(48.198730837769,8.49961774349));
#428 = CARTESIAN_POINT('',(48.299068434863,8.444047009027));
#429 = CARTESIAN_POINT('',(48.394908540559,8.380663646784));
#430 = CARTESIAN_POINT('',(48.485529383554,8.309911647226));
#431 = CARTESIAN_POINT('',(48.57026635999,8.23231032025));
#432 = CARTESIAN_POINT('',(48.648514258789,8.148452357819));
#433 = CARTESIAN_POINT('',(48.821468939269,7.931266077211));
#434 = CARTESIAN_POINT('',(48.908918688009,7.792071991957));
#435 = CARTESIAN_POINT('',(48.980470991528,7.643426703379));
#436 = CARTESIAN_POINT('',(49.034965022383,7.48751776557));
#437 = CARTESIAN_POINT('',(49.071590131015,7.326665775271));
#438 = CARTESIAN_POINT('',(49.089892219836,7.163304518282));
#439 = CARTESIAN_POINT('',(49.089892219836,7.));
#440 = ( GEOMETRIC_REPRESENTATION_CONTEXT(2) 
PARAMETRIC_REPRESENTATION_CONTEXT() REPRESENTATION_CONTEXT('2D SPACE',''
  ) );
#441 = PCURVE('',#319,#442);
#442 = DEFINITIONAL_REPRESENTATION('',(#443),#482);
#443 = B_SPLINE_CURVE_WITH_KNOTS('',7,(#444,#445,#446,#447,#448,#449,
    #450,#451,#452,#453,#454,#455,#456,#457,#458,#459,#460,#461,#462,
    #463,#464,#465,#466,#467,#468,#469,#470,#471,#472,#473,#474,#475,
    #476,#477,#478,#479,#480,#481),.UNSPECIFIED.,.F.,.F.,(8,6,6,6,6,6,8)
  ,(0.,0.108378641919,0.273247746904,0.428625872531,0.668706722859,
    0.805136134761,1.),.UNSPECIFIED.);
#444 = CARTESIAN_POINT('',(2.832036802268,58.));
#445 = CARTESIAN_POINT('',(2.885463572682,58.));
#446 = CARTESIAN_POINT('',(2.938892072113,58.));
#447 = CARTESIAN_POINT('',(2.992319287301,58.));
#448 = CARTESIAN_POINT('',(3.045745681132,58.));
#449 = CARTESIAN_POINT('',(3.099172863521,58.));
#450 = CARTESIAN_POINT('',(3.152601262279,58.));
#451 = CARTESIAN_POINT('',(3.287301966748,58.));
#452 = CARTESIAN_POINT('',(3.368590433526,58.));
#453 = CARTESIAN_POINT('',(3.449868269142,58.));
#454 = CARTESIAN_POINT('',(3.531139471895,58.));
#455 = CARTESIAN_POINT('',(3.612417644983,58.));
#456 = CARTESIAN_POINT('',(3.693706615983,58.));
#457 = CARTESIAN_POINT('',(3.851576670652,58.));
#458 = CARTESIAN_POINT('',(3.928182769283,58.));
#459 = CARTESIAN_POINT('',(4.004781145687,58.));
#460 = CARTESIAN_POINT('',(4.081375027127,58.));
#461 = CARTESIAN_POINT('',(4.15797474063,58.));
#462 = CARTESIAN_POINT('',(4.234583301666,58.));
#463 = CARTESIAN_POINT('',(4.429537313125,58.));
#464 = CARTESIAN_POINT('',(4.547986370079,58.));
#465 = CARTESIAN_POINT('',(4.666354352424,58.));
#466 = CARTESIAN_POINT('',(4.784702399903,58.));
#467 = CARTESIAN_POINT('',(4.903069190166,58.));
#468 = CARTESIAN_POINT('',(5.021515557688,58.));
#469 = CARTESIAN_POINT('',(5.207130219341,58.));
#470 = CARTESIAN_POINT('',(5.274393103123,58.));
#471 = CARTESIAN_POINT('',(5.341651048222,58.));
#472 = CARTESIAN_POINT('',(5.408905675911,58.));
#473 = CARTESIAN_POINT('',(5.47616247226,58.));
#474 = CARTESIAN_POINT('',(5.543423216101,58.));
#475 = CARTESIAN_POINT('',(5.706740049985,58.));
#476 = CARTESIAN_POINT('',(5.80283505259,58.));
#477 = CARTESIAN_POINT('',(5.898905502698,58.));
#478 = CARTESIAN_POINT('',(5.994960094986,58.));
#479 = CARTESIAN_POINT('',(6.091029830799,58.));
#480 = CARTESIAN_POINT('',(6.187123825837,58.));
#481 = CARTESIAN_POINT('',(6.28318530718,58.));
#482 = ( GEOMETRIC_REPRESENTATION_CONTEXT(2) 
PARAMETRIC_REPRESENTATION_CONTEXT() REPRESENTATION_CONTEXT('2D SPACE',''
  ) );
#483 = FACE_BOUND('',#484,.T.);
#484 = EDGE_LOOP('',(#485,#584));
#485 = ORIENTED_EDGE('',*,*,#486,.T.);
#486 = EDGE_CURVE('',#487,#489,#491,.T.);
#487 = VERTEX_POINT('',#488);
#488 = CARTESIAN_POINT('',(294.9391172083,158.87548833848,
    121.08989221983));
#489 = VERTEX_POINT('',#490);
#490 = CARTESIAN_POINT('',(294.9391172083,158.11916257662,
    117.86740368393));
#491 = SURFACE_CURVE('',#492,(#519,#549),.PCURVE_S1.);
#492 = B_SPLINE_CURVE_WITH_KNOTS('',7,(#493,#494,#495,#496,#497,#498,
    #499,#500,#501,#502,#503,#504,#505,#506,#507,#508,#509,#510,#511,
    #512,#513,#514,#515,#516,#517,#518),.UNSPECIFIED.,.F.,.F.,(8,6,6,6,8
    ),(0.,0.192225331515,0.441384048956,0.761689224863,1.),
  .UNSPECIFIED.);
#493 = CARTESIAN_POINT('',(294.9391172083,158.87548833848,
    121.08989221983));
#494 = CARTESIAN_POINT('',(294.9391172083,158.75037304781,
    121.08989221983));
#495 = CARTESIAN_POINT('',(294.9391172083,158.62524204992,
    121.07914936435));
#496 = CARTESIAN_POINT('',(294.9391172083,158.50122988731,
    121.05765900583));
#497 = CARTESIAN_POINT('',(294.9391172083,158.3794376614,121.02557228939
    ));
#498 = CARTESIAN_POINT('',(294.9391172083,158.26093440424,
    120.98317079062));
#499 = CARTESIAN_POINT('',(294.9391172083,158.14675254294,
    120.93086534907));
#500 = CARTESIAN_POINT('',(294.9391172083,157.89675569807,
    120.78931443099));
#501 = CARTESIAN_POINT('',(294.9391172083,157.76448117515,
    120.69367740441));
#502 = CARTESIAN_POINT('',(294.9391172083,157.64324658107,
    120.58352722181));
#503 = CARTESIAN_POINT('',(294.9391172083,157.53490869217,
    120.46042141534));
#504 = CARTESIAN_POINT('',(294.9391172083,157.44105868526,
    120.32616590862));
#505 = CARTESIAN_POINT('',(294.9391172083,157.36300781506,
    120.18280092212));
#506 = CARTESIAN_POINT('',(294.9391172083,157.22285954448,
    119.83965304569));
#507 = CARTESIAN_POINT('',(294.9391172083,157.17157641921,
    119.63519078523));
#508 = CARTESIAN_POINT('',(294.9391172083,157.14999054226,
    119.42430858066));
#509 = CARTESIAN_POINT('',(294.9391172083,157.15882441851,119.2121498652
    ));
#510 = CARTESIAN_POINT('',(294.9391172083,157.1978670255,119.00379263621
    ));
#511 = CARTESIAN_POINT('',(294.9391172083,157.26596930599,118.8043022299
    ));
#512 = CARTESIAN_POINT('',(294.9391172083,157.43095602703,
    118.48028362994));
#513 = CARTESIAN_POINT('',(294.9391172083,157.51607607256,
    118.34950770503));
#514 = CARTESIAN_POINT('',(294.9391172083,157.61495025207,
    118.22814584257));
#515 = CARTESIAN_POINT('',(294.9391172083,157.72630310164,118.1178927413
    ));
#516 = CARTESIAN_POINT('',(294.9391172083,157.8486374297,118.02022949115
    ));
#517 = CARTESIAN_POINT('',(294.9391172083,157.980246054,117.93641316567)
  );
#518 = CARTESIAN_POINT('',(294.9391172083,158.11916257662,
    117.86740368393));
#519 = PCURVE('',#42,#520);
#520 = DEFINITIONAL_REPRESENTATION('',(#521),#548);
#521 = B_SPLINE_CURVE_WITH_KNOTS('',7,(#522,#523,#524,#525,#526,#527,
    #528,#529,#530,#531,#532,#533,#534,#535,#536,#537,#538,#539,#540,
    #541,#542,#543,#544,#545,#546,#547),.UNSPECIFIED.,.F.,.F.,(8,6,6,6,8
    ),(0.,0.192225331515,0.441384048956,0.761689224863,1.),
  .UNSPECIFIED.);
#522 = CARTESIAN_POINT('',(49.089892219836,23.));
#523 = CARTESIAN_POINT('',(49.089892219836,22.874884709333));
#524 = CARTESIAN_POINT('',(49.079149364355,22.749753711444));
#525 = CARTESIAN_POINT('',(49.057659005839,22.625741548833));
#526 = CARTESIAN_POINT('',(49.025572289399,22.503949322919));
#527 = CARTESIAN_POINT('',(48.983170790627,22.38544606576));
#528 = CARTESIAN_POINT('',(48.930865349077,22.271264204463));
#529 = CARTESIAN_POINT('',(48.789314430994,22.02126735959));
#530 = CARTESIAN_POINT('',(48.693677404415,21.888992836673));
#531 = CARTESIAN_POINT('',(48.583527221817,21.767758242591));
#532 = CARTESIAN_POINT('',(48.460421415348,21.659420353687));
#533 = CARTESIAN_POINT('',(48.32616590862,21.565570346779));
#534 = CARTESIAN_POINT('',(48.18280092212,21.487519476584));
#535 = CARTESIAN_POINT('',(47.839653045696,21.347371206002));
#536 = CARTESIAN_POINT('',(47.635190785237,21.296088080727));
#537 = CARTESIAN_POINT('',(47.424308580664,21.274502203779));
#538 = CARTESIAN_POINT('',(47.2121498652,21.283336080032));
#539 = CARTESIAN_POINT('',(47.003792636214,21.322378687024));
#540 = CARTESIAN_POINT('',(46.804302229906,21.390480967511));
#541 = CARTESIAN_POINT('',(46.480283629949,21.555467688546));
#542 = CARTESIAN_POINT('',(46.349507705033,21.64058773408));
#543 = CARTESIAN_POINT('',(46.228145842574,21.739461913592));
#544 = CARTESIAN_POINT('',(46.117892741302,21.850814763156));
#545 = CARTESIAN_POINT('',(46.020229491152,21.973149091216));
#546 = CARTESIAN_POINT('',(45.93641316567,22.104757715518));
#547 = CARTESIAN_POINT('',(45.867403683936,22.24367423814));
#548 = ( GEOMETRIC_REPRESENTATION_CONTEXT(2) 
PARAMETRIC_REPRESENTATION_CONTEXT() REPRESENTATION_CONTEXT('2D SPACE',''
  ) );
#549 = PCURVE('',#550,#555);
#550 = CYLINDRICAL_SURFACE('',#551,1.7);
#551 = AXIS2_PLACEMENT_3D('',#552,#553,#554);
#552 = CARTESIAN_POINT('',(236.9391172083,158.87548833848,
    119.38989221983));
#553 = DIRECTION('',(1.,0.,0.));
#554 = DIRECTION('',(-0.,0.,1.));
#555 = DEFINITIONAL_REPRESENTATION('',(#556),#583);
#556 = B_SPLINE_CURVE_WITH_KNOTS('',7,(#557,#558,#559,#560,#561,#562,
    #563,#564,#565,#566,#567,#568,#569,#570,#571,#572,#573,#574,#575,
    #576,#577,#578,#579,#580,#581,#582),.UNSPECIFIED.,.F.,.F.,(8,6,6,6,8
    ),(0.,0.192225331515,0.441384048956,0.761689224863,1.),
  .UNSPECIFIED.);
#557 = CARTESIAN_POINT('',(0.,58.));
#558 = CARTESIAN_POINT('',(7.359722980421E-02,58.));
#559 = CARTESIAN_POINT('',(0.147203560655,58.));
#560 = CARTESIAN_POINT('',(0.220803503044,58.));
#561 = CARTESIAN_POINT('',(0.294399346347,58.));
#562 = CARTESIAN_POINT('',(0.36799942765,58.));
#563 = CARTESIAN_POINT('',(0.441606170092,58.));
#564 = CARTESIAN_POINT('',(0.610599817581,58.));
#565 = CARTESIAN_POINT('',(0.706025980278,58.));
#566 = CARTESIAN_POINT('',(0.801428999006,58.));
#567 = CARTESIAN_POINT('',(0.896818267665,58.));
#568 = CARTESIAN_POINT('',(0.992223952897,58.));
#569 = CARTESIAN_POINT('',(1.087654398001,58.));
#570 = CARTESIAN_POINT('',(1.305692205301,58.));
#571 = CARTESIAN_POINT('',(1.428441782923,58.));
#572 = CARTESIAN_POINT('',(1.551094794984,58.));
#573 = CARTESIAN_POINT('',(1.673726490451,58.));
#574 = CARTESIAN_POINT('',(1.796379295444,58.));
#575 = CARTESIAN_POINT('',(1.919128250825,58.));
#576 = CARTESIAN_POINT('',(2.133013605779,58.));
#577 = CARTESIAN_POINT('',(2.224284409483,58.));
#578 = CARTESIAN_POINT('',(2.315535322553,58.));
#579 = CARTESIAN_POINT('',(2.406773161861,58.));
#580 = CARTESIAN_POINT('',(2.498022162943,58.));
#581 = CARTESIAN_POINT('',(2.589289772567,58.));
#582 = CARTESIAN_POINT('',(2.680532838999,58.));
#583 = ( GEOMETRIC_REPRESENTATION_CONTEXT(2) 
PARAMETRIC_REPRESENTATION_CONTEXT() REPRESENTATION_CONTEXT('2D SPACE',''
  ) );
#584 = ORIENTED_EDGE('',*,*,#585,.T.);
#585 = EDGE_CURVE('',#489,#487,#586,.T.);
#586 = SURFACE_CURVE('',#587,(#632,#680),.PCURVE_S1.);
#587 = B_SPLINE_CURVE_WITH_KNOTS('',8,(#588,#589,#590,#591,#592,#593,
    #594,#595,#596,#597,#598,#599,#600,#601,#602,#603,#604,#605,#606,
    #607,#608,#609,#610,#611,#612,#613,#614,#615,#616,#617,#618,#619,
    #620,#621,#622,#623,#624,#625,#626,#627,#628,#629,#630,#631),
  .UNSPECIFIED.,.F.,.F.,(9,7,7,7,7,7,9),(0.,0.135109758688,
    0.312527261895,0.457364031687,0.729821585731,0.83547445311,1.),
  .UNSPECIFIED.);
#588 = CARTESIAN_POINT('',(294.9391172083,158.11916257662,
    117.86740368393));
#589 = CARTESIAN_POINT('',(294.9391172083,158.21178025848,
    117.82139405093));
#590 = CARTESIAN_POINT('',(294.9391172083,158.3076044021,117.78181971505
    ));
#591 = CARTESIAN_POINT('',(294.9391172083,158.40610205055,
    117.74894765764));
#592 = CARTESIAN_POINT('',(294.9391172083,158.50672413863,
    117.72298428117));
#593 = CARTESIAN_POINT('',(294.9391172083,158.60890819789,
    117.70408157435));
#594 = CARTESIAN_POINT('',(294.9391172083,158.7120801191,117.69233897294
    ));
#595 = CARTESIAN_POINT('',(294.9391172083,158.81565497239,
    117.68780091608));
#596 = CARTESIAN_POINT('',(294.9391172083,159.05479140758,
    117.69392883537));
#597 = CARTESIAN_POINT('',(294.9391172083,159.19026154676,
    117.70980206344));
#598 = CARTESIAN_POINT('',(294.9391172083,159.32407639401,
    117.73804445341));
#599 = CARTESIAN_POINT('',(294.9391172083,159.45492067879,
    117.77844041816));
#600 = CARTESIAN_POINT('',(294.9391172083,159.58152928896,
    117.83061708388));
#601 = CARTESIAN_POINT('',(294.9391172083,159.70268916326,
    117.89405653248));
#602 = CARTESIAN_POINT('',(294.9391172083,159.81724855586,
    117.96808731542));
#603 = CARTESIAN_POINT('',(294.9391172083,160.01139053774,
    118.12024012316));
#604 = CARTESIAN_POINT('',(294.9391172083,160.09355995975,
    118.19513538087));
#605 = CARTESIAN_POINT('',(294.9391172083,160.17006088519,118.2760893166
    ));
#606 = CARTESIAN_POINT('',(294.9391172083,160.24037646551,
    118.36259673465));
#607 = CARTESIAN_POINT('',(294.9391172083,160.30404742129,
    118.45410645676));
#608 = CARTESIAN_POINT('',(294.9391172083,160.36067066711,
    118.55002480698));
#609 = CARTESIAN_POINT('',(294.9391172083,160.40990319724,
    118.64971506387));
#610 = CARTESIAN_POINT('',(294.9391172083,160.52966632833,
    118.94583185291));
#611 = CARTESIAN_POINT('',(294.9391172083,160.58085846955,
    119.15039143556));
#612 = CARTESIAN_POINT('',(294.9391172083,160.60296135155,119.3613721939
    ));
#613 = CARTESIAN_POINT('',(294.9391172083,160.59525812243,
    119.57394368705));
#614 = CARTESIAN_POINT('',(294.9391172083,160.55780337034,
    119.78333269656));
#615 = CARTESIAN_POINT('',(294.9391172083,160.49155235435,119.9848614876
    ));
#616 = CARTESIAN_POINT('',(294.9391172083,160.3982276145,120.17395734883
    ));
#617 = CARTESIAN_POINT('',(294.9391172083,160.235390188,120.41322357464)
  );
#618 = CARTESIAN_POINT('',(294.9391172083,160.18625351279,
    120.47760793736));
#619 = CARTESIAN_POINT('',(294.9391172083,160.13363981675,
    120.53928693051));
#620 = CARTESIAN_POINT('',(294.9391172083,160.07772376866,
    120.59804183738));
#621 = CARTESIAN_POINT('',(294.9391172083,160.01869532044,
    120.65366870248));
#622 = CARTESIAN_POINT('',(294.9391172083,159.9567594025,120.70597863905
    ));
#623 = CARTESIAN_POINT('',(294.9391172083,159.89213561905,
    120.75479813662));
#624 = CARTESIAN_POINT('',(294.9391172083,159.7206027444,120.87031125173
    ));
#625 = CARTESIAN_POINT('',(294.9391172083,159.61017310469,
    120.93182282878));
#626 = CARTESIAN_POINT('',(294.9391172083,159.4946680306,120.98389099078
    ));
#627 = CARTESIAN_POINT('',(294.9391172083,159.37503580908,
    121.02603785592));
#628 = CARTESIAN_POINT('',(294.9391172083,159.25226414886,
    121.05790160114));
#629 = CARTESIAN_POINT('',(294.9391172083,159.12737440818,
    121.07923079324));
#630 = CARTESIAN_POINT('',(294.9391172083,159.00141990912,
    121.08989221983));
#631 = CARTESIAN_POINT('',(294.9391172083,158.87548833848,
    121.08989221983));
#632 = PCURVE('',#42,#633);
#633 = DEFINITIONAL_REPRESENTATION('',(#634),#679);
#634 = B_SPLINE_CURVE_WITH_KNOTS('',8,(#635,#636,#637,#638,#639,#640,
    #641,#642,#643,#644,#645,#646,#647,#648,#649,#650,#651,#652,#653,
    #654,#655,#656,#657,#658,#659,#660,#661,#662,#663,#664,#665,#666,
    #667,#668,#669,#670,#671,#672,#673,#674,#675,#676,#677,#678),
  .UNSPECIFIED.,.F.,.F.,(9,7,7,7,7,7,9),(0.,0.135109758688,
    0.312527261895,0.457364031687,0.729821585731,0.83547445311,1.),
  .UNSPECIFIED.);
#635 = CARTESIAN_POINT('',(45.867403683936,22.24367423814));
#636 = CARTESIAN_POINT('',(45.821394050931,22.336291919996));
#637 = CARTESIAN_POINT('',(45.781819715054,22.432116063618));
#638 = CARTESIAN_POINT('',(45.748947657647,22.530613712064));
#639 = CARTESIAN_POINT('',(45.722984281175,22.631235800151));
#640 = CARTESIAN_POINT('',(45.704081574359,22.733419859409));
#641 = CARTESIAN_POINT('',(45.692338972941,22.836591780618));
#642 = CARTESIAN_POINT('',(45.687800916085,22.940166633908));
#643 = CARTESIAN_POINT('',(45.693928835371,23.179303069101));
#644 = CARTESIAN_POINT('',(45.709802063446,23.314773208283));
#645 = CARTESIAN_POINT('',(45.738044453411,23.448588055526));
#646 = CARTESIAN_POINT('',(45.778440418166,23.579432340304));
#647 = CARTESIAN_POINT('',(45.830617083885,23.706040950476));
#648 = CARTESIAN_POINT('',(45.894056532486,23.827200824781));
#649 = CARTESIAN_POINT('',(45.968087315428,23.94176021738));
#650 = CARTESIAN_POINT('',(46.120240123166,24.135902199261));
#651 = CARTESIAN_POINT('',(46.195135380876,24.21807162127));
#652 = CARTESIAN_POINT('',(46.2760893166,24.294572546713));
#653 = CARTESIAN_POINT('',(46.362596734655,24.364888127029));
#654 = CARTESIAN_POINT('',(46.454106456763,24.428559082809));
#655 = CARTESIAN_POINT('',(46.550024806988,24.485182328629));
#656 = CARTESIAN_POINT('',(46.649715063879,24.534414858758));
#657 = CARTESIAN_POINT('',(46.945831852913,24.65417798985));
#658 = CARTESIAN_POINT('',(47.150391435567,24.705370131069));
#659 = CARTESIAN_POINT('',(47.361372193905,24.72747301307));
#660 = CARTESIAN_POINT('',(47.573943687055,24.719769783954));
#661 = CARTESIAN_POINT('',(47.783332696563,24.682315031858));
#662 = CARTESIAN_POINT('',(47.984861487606,24.616064015865));
#663 = CARTESIAN_POINT('',(48.173957348833,24.522739276024));
#664 = CARTESIAN_POINT('',(48.413223574648,24.35990184952));
#665 = CARTESIAN_POINT('',(48.477607937367,24.310765174304));
#666 = CARTESIAN_POINT('',(48.53928693051,24.258151478269));
#667 = CARTESIAN_POINT('',(48.598041837386,24.202235430174));
#668 = CARTESIAN_POINT('',(48.653668702487,24.143206981954));
#669 = CARTESIAN_POINT('',(48.705978639053,24.081271064022));
#670 = CARTESIAN_POINT('',(48.754798136629,24.016647280567));
#671 = CARTESIAN_POINT('',(48.870311251739,23.845114405915));
#672 = CARTESIAN_POINT('',(48.931822828787,23.734684766209));
#673 = CARTESIAN_POINT('',(48.983890990783,23.619179692117));
#674 = CARTESIAN_POINT('',(49.02603785593,23.4995474706));
#675 = CARTESIAN_POINT('',(49.057901601142,23.376775810381));
#676 = CARTESIAN_POINT('',(49.079230793244,23.251886069701));
#677 = CARTESIAN_POINT('',(49.089892219836,23.125931570638));
#678 = CARTESIAN_POINT('',(49.089892219836,23.));
#679 = ( GEOMETRIC_REPRESENTATION_CONTEXT(2) 
PARAMETRIC_REPRESENTATION_CONTEXT() REPRESENTATION_CONTEXT('2D SPACE',''
  ) );
#680 = PCURVE('',#550,#681);
#681 = DEFINITIONAL_REPRESENTATION('',(#682),#727);
#682 = B_SPLINE_CURVE_WITH_KNOTS('',8,(#683,#684,#685,#686,#687,#688,
    #689,#690,#691,#692,#693,#694,#695,#696,#697,#698,#699,#700,#701,
    #702,#703,#704,#705,#706,#707,#708,#709,#710,#711,#712,#713,#714,
    #715,#716,#717,#718,#719,#720,#721,#722,#723,#724,#725,#726),
  .UNSPECIFIED.,.F.,.F.,(9,7,7,7,7,7,9),(0.,0.135109758688,
    0.312527261895,0.457364031687,0.729821585731,0.83547445311,1.),
  .UNSPECIFIED.);
#683 = CARTESIAN_POINT('',(2.680532838999,58.));
#684 = CARTESIAN_POINT('',(2.741365928819,58.));
#685 = CARTESIAN_POINT('',(2.802204005552,58.));
#686 = CARTESIAN_POINT('',(2.863039805103,58.));
#687 = CARTESIAN_POINT('',(2.923872778188,58.));
#688 = CARTESIAN_POINT('',(2.984705729606,58.));
#689 = CARTESIAN_POINT('',(3.045541457884,58.));
#690 = CARTESIAN_POINT('',(3.106379395281,58.));
#691 = CARTESIAN_POINT('',(3.24709406404,58.));
#692 = CARTESIAN_POINT('',(3.3269949625,58.));
#693 = CARTESIAN_POINT('',(3.406887263648,58.));
#694 = CARTESIAN_POINT('',(3.486768947882,58.));
#695 = CARTESIAN_POINT('',(3.566650819132,58.));
#696 = CARTESIAN_POINT('',(3.646543625025,58.));
#697 = CARTESIAN_POINT('',(3.726445133948,58.));
#698 = CARTESIAN_POINT('',(3.871539764841,58.));
#699 = CARTESIAN_POINT('',(3.936759133886,58.));
#700 = CARTESIAN_POINT('',(4.001975456967,58.));
#701 = CARTESIAN_POINT('',(4.067188212085,58.));
#702 = CARTESIAN_POINT('',(4.132401506078,58.));
#703 = CARTESIAN_POINT('',(4.197619370233,58.));
#704 = CARTESIAN_POINT('',(4.26284101988,58.));
#705 = CARTESIAN_POINT('',(4.450734422918,58.));
#706 = CARTESIAN_POINT('',(4.573575627534,58.));
#707 = CARTESIAN_POINT('',(4.696318925911,58.));
#708 = CARTESIAN_POINT('',(4.819004220751,58.));
#709 = CARTESIAN_POINT('',(4.941690307534,58.));
#710 = CARTESIAN_POINT('',(5.064435587973,58.));
#711 = CARTESIAN_POINT('',(5.187278970123,58.));
#712 = CARTESIAN_POINT('',(5.357526453615,58.));
#713 = CARTESIAN_POINT('',(5.40509876056,58.));
#714 = CARTESIAN_POINT('',(5.452670240298,58.));
#715 = CARTESIAN_POINT('',(5.500240765538,58.));
#716 = CARTESIAN_POINT('',(5.547811155917,58.));
#717 = CARTESIAN_POINT('',(5.595382234258,58.));
#718 = CARTESIAN_POINT('',(5.642953882843,58.));
#719 = CARTESIAN_POINT('',(5.764601747855,58.));
#720 = CARTESIAN_POINT('',(5.838692757684,58.));
#721 = CARTESIAN_POINT('',(5.912777763407,58.));
#722 = CARTESIAN_POINT('',(5.986855244321,58.));
#723 = CARTESIAN_POINT('',(6.060932610432,58.));
#724 = CARTESIAN_POINT('',(6.135017303387,58.));
#725 = CARTESIAN_POINT('',(6.209107912687,58.));
#726 = CARTESIAN_POINT('',(6.28318530718,58.));
#727 = ( GEOMETRIC_REPRESENTATION_CONTEXT(2) 
PARAMETRIC_REPRESENTATION_CONTEXT() REPRESENTATION_CONTEXT('2D SPACE',''
  ) );
#728 = ADVANCED_FACE('',(#729),#115,.F.);
#729 = FACE_BOUND('',#730,.F.);
#730 = EDGE_LOOP('',(#731,#732,#733,#753));
#731 = ORIENTED_EDGE('',*,*,#103,.F.);
#732 = ORIENTED_EDGE('',*,*,#150,.T.);
#733 = ORIENTED_EDGE('',*,*,#734,.T.);
#734 = EDGE_CURVE('',#151,#735,#737,.T.);
#735 = VERTEX_POINT('',#736);
#736 = CARTESIAN_POINT('',(299.9391172083,165.87548833848,
    134.38989221983));
#737 = SURFACE_CURVE('',#738,(#741,#747),.PCURVE_S1.);
#738 = B_SPLINE_CURVE_WITH_KNOTS('',1,(#739,#740),.UNSPECIFIED.,.F.,.F.,
  (2,2),(0.,5.),.PIECEWISE_BEZIER_KNOTS.);
#739 = CARTESIAN_POINT('',(294.9391172083,165.87548833848,
    134.38989221983));
#740 = CARTESIAN_POINT('',(299.9391172083,165.87548833848,
    134.38989221983));
#741 = PCURVE('',#115,#742);
#742 = DEFINITIONAL_REPRESENTATION('',(#743),#746);
#743 = B_SPLINE_CURVE_WITH_KNOTS('',1,(#744,#745),.UNSPECIFIED.,.F.,.F.,
  (2,2),(0.,5.),.PIECEWISE_BEZIER_KNOTS.);
#744 = CARTESIAN_POINT('',(30.,0.));
#745 = CARTESIAN_POINT('',(30.,5.));
#746 = ( GEOMETRIC_REPRESENTATION_CONTEXT(2) 
PARAMETRIC_REPRESENTATION_CONTEXT() REPRESENTATION_CONTEXT('2D SPACE',''
  ) );
#747 = PCURVE('',#182,#748);
#748 = DEFINITIONAL_REPRESENTATION('',(#749),#752);
#749 = B_SPLINE_CURVE_WITH_KNOTS('',1,(#750,#751),.UNSPECIFIED.,.F.,.F.,
  (2,2),(0.,5.),.PIECEWISE_BEZIER_KNOTS.);
#750 = CARTESIAN_POINT('',(62.389892219836,0.));
#751 = CARTESIAN_POINT('',(62.389892219836,-5.));
#752 = ( GEOMETRIC_REPRESENTATION_CONTEXT(2) 
PARAMETRIC_REPRESENTATION_CONTEXT() REPRESENTATION_CONTEXT('2D SPACE',''
  ) );
#753 = ORIENTED_EDGE('',*,*,#754,.F.);
#754 = EDGE_CURVE('',#79,#735,#755,.T.);
#755 = SURFACE_CURVE('',#756,(#759,#765),.PCURVE_S1.);
#756 = B_SPLINE_CURVE_WITH_KNOTS('',1,(#757,#758),.UNSPECIFIED.,.F.,.F.,
  (2,2),(0.,30.),.PIECEWISE_BEZIER_KNOTS.);
#757 = CARTESIAN_POINT('',(299.9391172083,135.87548833848,
    134.38989221983));
#758 = CARTESIAN_POINT('',(299.9391172083,165.87548833848,
    134.38989221983));
#759 = PCURVE('',#115,#760);
#760 = DEFINITIONAL_REPRESENTATION('',(#761),#764);
#761 = B_SPLINE_CURVE_WITH_KNOTS('',1,(#762,#763),.UNSPECIFIED.,.F.,.F.,
  (2,2),(0.,30.),.PIECEWISE_BEZIER_KNOTS.);
#762 = CARTESIAN_POINT('',(0.,5.));
#763 = CARTESIAN_POINT('',(30.,5.));
#764 = ( GEOMETRIC_REPRESENTATION_CONTEXT(2) 
PARAMETRIC_REPRESENTATION_CONTEXT() REPRESENTATION_CONTEXT('2D SPACE',''
  ) );
#765 = PCURVE('',#92,#766);
#766 = DEFINITIONAL_REPRESENTATION('',(#767),#770);
#767 = B_SPLINE_CURVE_WITH_KNOTS('',1,(#768,#769),.UNSPECIFIED.,.F.,.F.,
  (2,2),(0.,30.),.PIECEWISE_BEZIER_KNOTS.);
#768 = CARTESIAN_POINT('',(62.389892219836,0.));
#769 = CARTESIAN_POINT('',(62.389892219836,30.));
#770 = ( GEOMETRIC_REPRESENTATION_CONTEXT(2) 
PARAMETRIC_REPRESENTATION_CONTEXT() REPRESENTATION_CONTEXT('2D SPACE',''
  ) );
#771 = ADVANCED_FACE('',(#772,#814,#851,#1085),#92,.F.);
#772 = FACE_BOUND('',#773,.F.);
#773 = EDGE_LOOP('',(#774,#794,#795,#796));
#774 = ORIENTED_EDGE('',*,*,#775,.F.);
#775 = EDGE_CURVE('',#54,#776,#778,.T.);
#776 = VERTEX_POINT('',#777);
#777 = CARTESIAN_POINT('',(299.9391172083,165.87548833848,72.));
#778 = SURFACE_CURVE('',#779,(#782,#788),.PCURVE_S1.);
#779 = B_SPLINE_CURVE_WITH_KNOTS('',1,(#780,#781),.UNSPECIFIED.,.F.,.F.,
  (2,2),(0.,30.),.PIECEWISE_BEZIER_KNOTS.);
#780 = CARTESIAN_POINT('',(299.9391172083,135.87548833848,72.));
#781 = CARTESIAN_POINT('',(299.9391172083,165.87548833848,72.));
#782 = PCURVE('',#92,#783);
#783 = DEFINITIONAL_REPRESENTATION('',(#784),#787);
#784 = B_SPLINE_CURVE_WITH_KNOTS('',1,(#785,#786),.UNSPECIFIED.,.F.,.F.,
  (2,2),(0.,30.),.PIECEWISE_BEZIER_KNOTS.);
#785 = CARTESIAN_POINT('',(0.,0.));
#786 = CARTESIAN_POINT('',(0.,30.));
#787 = ( GEOMETRIC_REPRESENTATION_CONTEXT(2) 
PARAMETRIC_REPRESENTATION_CONTEXT() REPRESENTATION_CONTEXT('2D SPACE',''
  ) );
#788 = PCURVE('',#67,#789);
#789 = DEFINITIONAL_REPRESENTATION('',(#790),#793);
#790 = B_SPLINE_CURVE_WITH_KNOTS('',1,(#791,#792),.UNSPECIFIED.,.F.,.F.,
  (2,2),(0.,30.),.PIECEWISE_BEZIER_KNOTS.);
#791 = CARTESIAN_POINT('',(0.,5.));
#792 = CARTESIAN_POINT('',(30.,5.));
#793 = ( GEOMETRIC_REPRESENTATION_CONTEXT(2) 
PARAMETRIC_REPRESENTATION_CONTEXT() REPRESENTATION_CONTEXT('2D SPACE',''
  ) );
#794 = ORIENTED_EDGE('',*,*,#78,.T.);
#795 = ORIENTED_EDGE('',*,*,#754,.T.);
#796 = ORIENTED_EDGE('',*,*,#797,.F.);
#797 = EDGE_CURVE('',#776,#735,#798,.T.);
#798 = SURFACE_CURVE('',#799,(#802,#808),.PCURVE_S1.);
#799 = B_SPLINE_CURVE_WITH_KNOTS('',1,(#800,#801),.UNSPECIFIED.,.F.,.F.,
  (2,2),(0.,62.389892219836),.PIECEWISE_BEZIER_KNOTS.);
#800 = CARTESIAN_POINT('',(299.9391172083,165.87548833848,72.));
#801 = CARTESIAN_POINT('',(299.9391172083,165.87548833848,
    134.38989221983));
#802 = PCURVE('',#92,#803);
#803 = DEFINITIONAL_REPRESENTATION('',(#804),#807);
#804 = B_SPLINE_CURVE_WITH_KNOTS('',1,(#805,#806),.UNSPECIFIED.,.F.,.F.,
  (2,2),(0.,62.389892219836),.PIECEWISE_BEZIER_KNOTS.);
#805 = CARTESIAN_POINT('',(0.,30.));
#806 = CARTESIAN_POINT('',(62.389892219836,30.));
#807 = ( GEOMETRIC_REPRESENTATION_CONTEXT(2) 
PARAMETRIC_REPRESENTATION_CONTEXT() REPRESENTATION_CONTEXT('2D SPACE',''
  ) );
#808 = PCURVE('',#182,#809);
#809 = DEFINITIONAL_REPRESENTATION('',(#810),#813);
#810 = B_SPLINE_CURVE_WITH_KNOTS('',1,(#811,#812),.UNSPECIFIED.,.F.,.F.,
  (2,2),(0.,62.389892219836),.PIECEWISE_BEZIER_KNOTS.);
#811 = CARTESIAN_POINT('',(0.,-5.));
#812 = CARTESIAN_POINT('',(62.389892219836,-5.));
#813 = ( GEOMETRIC_REPRESENTATION_CONTEXT(2) 
PARAMETRIC_REPRESENTATION_CONTEXT() REPRESENTATION_CONTEXT('2D SPACE',''
  ) );
#814 = FACE_BOUND('',#815,.F.);
#815 = EDGE_LOOP('',(#816));
#816 = ORIENTED_EDGE('',*,*,#817,.F.);
#817 = EDGE_CURVE('',#818,#818,#820,.T.);
#818 = VERTEX_POINT('',#819);
#819 = CARTESIAN_POINT('',(299.9391172083,150.87548833848,88.15));
#820 = SURFACE_CURVE('',#821,(#829,#840),.PCURVE_S1.);
#821 = ( BOUNDED_CURVE() B_SPLINE_CURVE(2,(#822,#823,#824,#825,#826,#827
,#828),.UNSPECIFIED.,.T.,.F.) B_SPLINE_CURVE_WITH_KNOTS((1,2,2,2,2,1),(
    -2.094395102393,0.,2.094395102393,4.188790204786,6.28318530718,
8.377580409573),.UNSPECIFIED.) CURVE() GEOMETRIC_REPRESENTATION_ITEM() 
RATIONAL_B_SPLINE_CURVE((1.,0.5,1.,0.5,1.,0.5,1.)) REPRESENTATION_ITEM(
  '') );
#822 = CARTESIAN_POINT('',(299.9391172083,150.87548833848,88.15));
#823 = CARTESIAN_POINT('',(299.9391172083,154.59939757475,88.15));
#824 = CARTESIAN_POINT('',(299.9391172083,152.73744295662,84.925));
#825 = CARTESIAN_POINT('',(299.9391172083,150.87548833848,81.7));
#826 = CARTESIAN_POINT('',(299.9391172083,149.01353372034,84.925));
#827 = CARTESIAN_POINT('',(299.9391172083,147.15157910221,88.15));
#828 = CARTESIAN_POINT('',(299.9391172083,150.87548833848,88.15));
#829 = PCURVE('',#92,#830);
#830 = DEFINITIONAL_REPRESENTATION('',(#831),#839);
#831 = ( BOUNDED_CURVE() B_SPLINE_CURVE(2,(#832,#833,#834,#835,#836,#837
,#838),.UNSPECIFIED.,.T.,.F.) B_SPLINE_CURVE_WITH_KNOTS((3,2,2,3),(0.,
    2.094395102393,4.188790204786,6.28318530718),
.PIECEWISE_BEZIER_KNOTS.) CURVE() GEOMETRIC_REPRESENTATION_ITEM() 
RATIONAL_B_SPLINE_CURVE((1.,0.5,1.,0.5,1.,0.5,1.)) REPRESENTATION_ITEM(
  '') );
#832 = CARTESIAN_POINT('',(16.15,15.));
#833 = CARTESIAN_POINT('',(16.15,18.723909236273));
#834 = CARTESIAN_POINT('',(12.925,16.861954618137));
#835 = CARTESIAN_POINT('',(9.7,15.));
#836 = CARTESIAN_POINT('',(12.925,13.138045381863));
#837 = CARTESIAN_POINT('',(16.15,11.276090763727));
#838 = CARTESIAN_POINT('',(16.15,15.));
#839 = ( GEOMETRIC_REPRESENTATION_CONTEXT(2) 
PARAMETRIC_REPRESENTATION_CONTEXT() REPRESENTATION_CONTEXT('2D SPACE',''
  ) );
#840 = PCURVE('',#219,#841);
#841 = DEFINITIONAL_REPRESENTATION('',(#842),#850);
#842 = B_SPLINE_CURVE_WITH_KNOTS('',2,(#843,#844,#845,#846,#847,#848,
    #849),.UNSPECIFIED.,.F.,.F.,(3,2,2,3),(0.,2.094395102393,
    4.188790204786,6.28318530718),.PIECEWISE_BEZIER_KNOTS.);
#843 = CARTESIAN_POINT('',(0.,5.1));
#844 = CARTESIAN_POINT('',(1.047197551197,5.1));
#845 = CARTESIAN_POINT('',(2.094395102393,5.1));
#846 = CARTESIAN_POINT('',(3.14159265359,5.1));
#847 = CARTESIAN_POINT('',(4.188790204786,5.1));
#848 = CARTESIAN_POINT('',(5.235987755983,5.1));
#849 = CARTESIAN_POINT('',(6.28318530718,5.1));
#850 = ( GEOMETRIC_REPRESENTATION_CONTEXT(2) 
PARAMETRIC_REPRESENTATION_CONTEXT() REPRESENTATION_CONTEXT('2D SPACE',''
  ) );
#851 = FACE_BOUND('',#852,.F.);
#852 = EDGE_LOOP('',(#853,#959));
#853 = ORIENTED_EDGE('',*,*,#854,.T.);
#854 = EDGE_CURVE('',#855,#857,#859,.T.);
#855 = VERTEX_POINT('',#856);
#856 = CARTESIAN_POINT('',(299.9391172083,142.87548833848,
    121.08989221983));
#857 = VERTEX_POINT('',#858);
#858 = CARTESIAN_POINT('',(299.9391172083,142.35760776974,
    117.77069497536));
#859 = SURFACE_CURVE('',#860,(#891,#925),.PCURVE_S1.);
#860 = B_SPLINE_CURVE_WITH_KNOTS('',8,(#861,#862,#863,#864,#865,#866,
    #867,#868,#869,#870,#871,#872,#873,#874,#875,#876,#877,#878,#879,
    #880,#881,#882,#883,#884,#885,#886,#887,#888,#889,#890),
  .UNSPECIFIED.,.F.,.F.,(9,7,7,7,9),(0.,0.233892792184,0.563797415566,
    0.828376077327,1.),.UNSPECIFIED.);
#861 = CARTESIAN_POINT('',(299.9391172083,142.87548833848,
    121.08989221983));
#862 = CARTESIAN_POINT('',(299.9391172083,142.73475918263,
    121.08989221983));
#863 = CARTESIAN_POINT('',(299.9391172083,142.59399045333,
    121.07657797007));
#864 = CARTESIAN_POINT('',(299.9391172083,142.45471229336,121.049937408)
  );
#865 = CARTESIAN_POINT('',(299.9391172083,142.3183938424,121.01018128859
    ));
#866 = CARTESIAN_POINT('',(299.9391172083,142.18644939569,
    120.95770233951));
#867 = CARTESIAN_POINT('',(299.9391172083,142.06023592848,
    120.89306022868));
#868 = CARTESIAN_POINT('',(299.9391172083,141.94104198649,
    120.81699234399));
#869 = CARTESIAN_POINT('',(299.9391172083,141.67353960313,
    120.60838338183));
#870 = CARTESIAN_POINT('',(299.9391172083,141.53313240881,
    120.46529749718));
#871 = CARTESIAN_POINT('',(299.9391172083,141.41242824942,
    120.30386093903));
#872 = CARTESIAN_POINT('',(299.9391172083,141.3140933394,120.12732132412
    ));
#873 = CARTESIAN_POINT('',(299.9391172083,141.24021289209,119.9392259366
    ));
#874 = CARTESIAN_POINT('',(299.9391172083,141.1922077027,119.74343920367
    ));
#875 = CARTESIAN_POINT('',(299.9391172083,141.17089967951,
    119.54409010429));
#876 = CARTESIAN_POINT('',(299.9391172083,141.18020528224,
    119.18652964584));
#877 = CARTESIAN_POINT('',(299.9391172083,141.20137933237,
    119.02775934619));
#878 = CARTESIAN_POINT('',(299.9391172083,141.23955529924,
    118.87159618308));
#879 = CARTESIAN_POINT('',(299.9391172083,141.29432434239,
    118.72016159673));
#880 = CARTESIAN_POINT('',(299.9391172083,141.36498908005,
    118.57546137889));
#881 = CARTESIAN_POINT('',(299.9391172083,141.4505932272,118.4393905187)
  );
#882 = CARTESIAN_POINT('',(299.9391172083,141.54989895125,
    118.31371652252));
#883 = CARTESIAN_POINT('',(299.9391172083,141.73359487997,
    118.12626955383));
#884 = CARTESIAN_POINT('',(299.9391172083,141.8109957647,118.0575297778)
  );
#885 = CARTESIAN_POINT('',(299.9391172083,141.89310836721,
    117.99422649759));
#886 = CARTESIAN_POINT('',(299.9391172083,141.97948382391,
    117.93673328504));
#887 = CARTESIAN_POINT('',(299.9391172083,142.06964295808,
    117.88537694911));
#888 = CARTESIAN_POINT('',(299.9391172083,142.1630785542,117.84043873488
    ));
#889 = CARTESIAN_POINT('',(299.9391172083,142.25925535338,
    117.80215180095));
#890 = CARTESIAN_POINT('',(299.9391172083,142.35760776974,
    117.77069497536));
#891 = PCURVE('',#92,#892);
#892 = DEFINITIONAL_REPRESENTATION('',(#893),#924);
#893 = B_SPLINE_CURVE_WITH_KNOTS('',8,(#894,#895,#896,#897,#898,#899,
    #900,#901,#902,#903,#904,#905,#906,#907,#908,#909,#910,#911,#912,
    #913,#914,#915,#916,#917,#918,#919,#920,#921,#922,#923),
  .UNSPECIFIED.,.F.,.F.,(9,7,7,7,9),(0.,0.233892792184,0.563797415566,
    0.828376077327,1.),.UNSPECIFIED.);
#894 = CARTESIAN_POINT('',(49.089892219836,7.));
#895 = CARTESIAN_POINT('',(49.089892219836,6.859270844152));
#896 = CARTESIAN_POINT('',(49.07657797007,6.718502114849));
#897 = CARTESIAN_POINT('',(49.049937408007,6.579223954876));
#898 = CARTESIAN_POINT('',(49.010181288596,6.442905503922));
#899 = CARTESIAN_POINT('',(48.957702339515,6.310961057206));
#900 = CARTESIAN_POINT('',(48.893060228682,6.184747589997));
#901 = CARTESIAN_POINT('',(48.816992343995,6.065553648014));
#902 = CARTESIAN_POINT('',(48.608383381831,5.798051264646));
#903 = CARTESIAN_POINT('',(48.465297497189,5.657644070333));
#904 = CARTESIAN_POINT('',(48.303860939039,5.536939910934));
#905 = CARTESIAN_POINT('',(48.127321324126,5.438605000919));
#906 = CARTESIAN_POINT('',(47.939225936606,5.364724553605));
#907 = CARTESIAN_POINT('',(47.743439203677,5.31671936422));
#908 = CARTESIAN_POINT('',(47.544090104299,5.295411341033));
#909 = CARTESIAN_POINT('',(47.186529645842,5.304716943759));
#910 = CARTESIAN_POINT('',(47.027759346191,5.325890993884));
#911 = CARTESIAN_POINT('',(46.871596183089,5.364066960763));
#912 = CARTESIAN_POINT('',(46.720161596734,5.418836003905));
#913 = CARTESIAN_POINT('',(46.57546137889,5.489500741565));
#914 = CARTESIAN_POINT('',(46.4393905187,5.57510488872));
#915 = CARTESIAN_POINT('',(46.313716522527,5.674410612764));
#916 = CARTESIAN_POINT('',(46.12626955383,5.858106541492));
#917 = CARTESIAN_POINT('',(46.057529777805,5.935507426219));
#918 = CARTESIAN_POINT('',(45.994226497595,6.017620028727));
#919 = CARTESIAN_POINT('',(45.936733285041,6.10399548543));
#920 = CARTESIAN_POINT('',(45.885376949114,6.194154619598));
#921 = CARTESIAN_POINT('',(45.840438734883,6.287590215723));
#922 = CARTESIAN_POINT('',(45.802151800953,6.383767014902));
#923 = CARTESIAN_POINT('',(45.77069497536,6.482119431258));
#924 = ( GEOMETRIC_REPRESENTATION_CONTEXT(2) 
PARAMETRIC_REPRESENTATION_CONTEXT() REPRESENTATION_CONTEXT('2D SPACE',''
  ) );
#925 = PCURVE('',#319,#926);
#926 = DEFINITIONAL_REPRESENTATION('',(#927),#958);
#927 = B_SPLINE_CURVE_WITH_KNOTS('',8,(#928,#929,#930,#931,#932,#933,
    #934,#935,#936,#937,#938,#939,#940,#941,#942,#943,#944,#945,#946,
    #947,#948,#949,#950,#951,#952,#953,#954,#955,#956,#957),
  .UNSPECIFIED.,.F.,.F.,(9,7,7,7,9),(0.,0.233892792184,0.563797415566,
    0.828376077327,1.),.UNSPECIFIED.);
#928 = CARTESIAN_POINT('',(0.,63.));
#929 = CARTESIAN_POINT('',(8.27818563813E-02,63.));
#930 = CARTESIAN_POINT('',(0.165586406027,63.));
#931 = CARTESIAN_POINT('',(0.24838071928,63.));
#932 = CARTESIAN_POINT('',(0.331162374059,63.));
#933 = CARTESIAN_POINT('',(0.413944258981,63.));
#934 = CARTESIAN_POINT('',(0.496739229238,63.));
#935 = CARTESIAN_POINT('',(0.579544615253,63.));
#936 = CARTESIAN_POINT('',(0.779090140583,63.));
#937 = CARTESIAN_POINT('',(0.895978796603,63.));
#938 = CARTESIAN_POINT('',(1.012793623675,63.));
#939 = CARTESIAN_POINT('',(1.129562721517,63.));
#940 = CARTESIAN_POINT('',(1.246334723049,63.));
#941 = CARTESIAN_POINT('',(1.363156988531,63.));
#942 = CARTESIAN_POINT('',(1.480055102945,63.));
#943 = CARTESIAN_POINT('',(1.690456001951,63.));
#944 = CARTESIAN_POINT('',(1.784142758312,63.));
#945 = CARTESIAN_POINT('',(1.877807693369,63.));
#946 = CARTESIAN_POINT('',(1.971453486577,63.));
#947 = CARTESIAN_POINT('',(2.06509856662,63.));
#948 = CARTESIAN_POINT('',(2.158761800157,63.));
#949 = CARTESIAN_POINT('',(2.252447117483,63.));
#950 = CARTESIAN_POINT('',(2.406830095534,63.));
#951 = CARTESIAN_POINT('',(2.467577011823,63.));
#952 = CARTESIAN_POINT('',(2.528321580099,63.));
#953 = CARTESIAN_POINT('',(2.589063228277,63.));
#954 = CARTESIAN_POINT('',(2.649804745072,63.));
#955 = CARTESIAN_POINT('',(2.710548944082,63.));
#956 = CARTESIAN_POINT('',(2.771295335043,63.));
#957 = CARTESIAN_POINT('',(2.832036802268,63.));
#958 = ( GEOMETRIC_REPRESENTATION_CONTEXT(2) 
PARAMETRIC_REPRESENTATION_CONTEXT() REPRESENTATION_CONTEXT('2D SPACE',''
  ) );
#959 = ORIENTED_EDGE('',*,*,#960,.T.);
#960 = EDGE_CURVE('',#857,#855,#961,.T.);
#961 = SURFACE_CURVE('',#962,(#1001,#1043),.PCURVE_S1.);
#962 = B_SPLINE_CURVE_WITH_KNOTS('',7,(#963,#964,#965,#966,#967,#968,
    #969,#970,#971,#972,#973,#974,#975,#976,#977,#978,#979,#980,#981,
    #982,#983,#984,#985,#986,#987,#988,#989,#990,#991,#992,#993,#994,
    #995,#996,#997,#998,#999,#1000),.UNSPECIFIED.,.F.,.F.,(8,6,6,6,6,6,8
    ),(0.,0.108378641919,0.273247746904,0.428625872532,0.668706722859,
    0.805136134761,1.),.UNSPECIFIED.);
#963 = CARTESIAN_POINT('',(299.9391172083,142.35760776974,
    117.77069497536));
#964 = CARTESIAN_POINT('',(299.9391172083,142.44411624917,
    117.74302628911));
#965 = CARTESIAN_POINT('',(299.9391172083,142.53235220804,
    117.72074914999));
#966 = CARTESIAN_POINT('',(299.9391172083,142.6219073895,117.70399375157
    ));
#967 = CARTESIAN_POINT('',(299.9391172083,142.71236712584,
    117.69285114111));
#968 = CARTESIAN_POINT('',(299.9391172083,142.80331136084,
    117.68737306657));
#969 = CARTESIAN_POINT('',(299.9391172083,142.89431567212,
    117.68757182372));
#970 = CARTESIAN_POINT('',(299.9391172083,143.12283166134,
    117.70231669557));
#971 = CARTESIAN_POINT('',(299.9391172083,143.25989216479,
    117.72428865802));
#972 = CARTESIAN_POINT('',(299.9391172083,143.39460085196,117.7592450224
    ));
#973 = CARTESIAN_POINT('',(299.9391172083,143.52549537941,
    117.80686373718));
#974 = CARTESIAN_POINT('',(299.9391172083,143.65117676428,
    117.86663602877));
#975 = CARTESIAN_POINT('',(299.9391172083,143.77031721666,
    117.93786906408));
#976 = CARTESIAN_POINT('',(299.9391172083,143.986637918,118.09671707854)
  );
#977 = CARTESIAN_POINT('',(299.9391172083,144.08472016462,
    118.18317687388));
#978 = CARTESIAN_POINT('',(299.9391172083,144.17489459681,
    118.27827295727));
#979 = CARTESIAN_POINT('',(299.9391172083,144.25626712608,
    118.38112824418));
#980 = CARTESIAN_POINT('',(299.9391172083,144.32806444072,
    118.49076600722));
#981 = CARTESIAN_POINT('',(299.9391172083,144.3896379158,118.60611440104
    ));
#982 = CARTESIAN_POINT('',(299.9391172083,144.51906804133,
    118.91121809658));
#983 = CARTESIAN_POINT('',(299.9391172083,144.57212933392,
    119.10744139161));
#984 = CARTESIAN_POINT('',(299.9391172083,144.5976947073,119.31017903604
    ));
#985 = CARTESIAN_POINT('',(299.9391172083,144.59500549952,
    119.51483032937));
#986 = CARTESIAN_POINT('',(299.9391172083,144.56412120912,119.7168236475
    ));
#987 = CARTESIAN_POINT('',(299.9391172083,144.50592529735,
    119.91158116867));
#988 = CARTESIAN_POINT('',(299.9391172083,144.37510608197,
    120.19873083776));
#989 = CARTESIAN_POINT('',(299.9391172083,144.31953534751,
    120.29906843486));
#990 = CARTESIAN_POINT('',(299.9391172083,144.25615198526,
    120.39490854055));
#991 = CARTESIAN_POINT('',(299.9391172083,144.18539998571,
    120.48552938355));
#992 = CARTESIAN_POINT('',(299.9391172083,144.10779865873,
    120.57026635999));
#993 = CARTESIAN_POINT('',(299.9391172083,144.0239406963,120.64851425878
    ));
#994 = CARTESIAN_POINT('',(299.9391172083,143.80675441569,
    120.82146893926));
#995 = CARTESIAN_POINT('',(299.9391172083,143.66756033044,120.908918688)
  );
#996 = CARTESIAN_POINT('',(299.9391172083,143.51891504186,
    120.98047099152));
#997 = CARTESIAN_POINT('',(299.9391172083,143.36300610405,
    121.03496502238));
#998 = CARTESIAN_POINT('',(299.9391172083,143.20215411375,
    121.07159013101));
#999 = CARTESIAN_POINT('',(299.9391172083,143.03879285676,
    121.08989221983));
#1000 = CARTESIAN_POINT('',(299.9391172083,142.87548833848,
    121.08989221983));
#1001 = PCURVE('',#92,#1002);
#1002 = DEFINITIONAL_REPRESENTATION('',(#1003),#1042);
#1003 = B_SPLINE_CURVE_WITH_KNOTS('',7,(#1004,#1005,#1006,#1007,#1008,
    #1009,#1010,#1011,#1012,#1013,#1014,#1015,#1016,#1017,#1018,#1019,
    #1020,#1021,#1022,#1023,#1024,#1025,#1026,#1027,#1028,#1029,#1030,
    #1031,#1032,#1033,#1034,#1035,#1036,#1037,#1038,#1039,#1040,#1041),
  .UNSPECIFIED.,.F.,.F.,(8,6,6,6,6,6,8),(0.,0.108378641919,
    0.273247746904,0.428625872532,0.668706722859,0.805136134761,1.),
  .UNSPECIFIED.);
#1004 = CARTESIAN_POINT('',(45.77069497536,6.482119431258));
#1005 = CARTESIAN_POINT('',(45.743026289112,6.568627910693));
#1006 = CARTESIAN_POINT('',(45.720749149992,6.656863869562));
#1007 = CARTESIAN_POINT('',(45.703993751577,6.74641905102));
#1008 = CARTESIAN_POINT('',(45.692851141114,6.836878787361));
#1009 = CARTESIAN_POINT('',(45.687373066575,6.927823022362));
#1010 = CARTESIAN_POINT('',(45.687571823727,7.018827333635));
#1011 = CARTESIAN_POINT('',(45.702316695577,7.247343322859));
#1012 = CARTESIAN_POINT('',(45.724288658027,7.384403826312));
#1013 = CARTESIAN_POINT('',(45.759245022409,7.519112513478));
#1014 = CARTESIAN_POINT('',(45.806863737181,7.650007040929));
#1015 = CARTESIAN_POINT('',(45.866636028775,7.775688425801));
#1016 = CARTESIAN_POINT('',(45.937869064083,7.894828878182));
#1017 = CARTESIAN_POINT('',(46.096717078548,8.111149579518));
#1018 = CARTESIAN_POINT('',(46.183176873882,8.209231826142));
#1019 = CARTESIAN_POINT('',(46.278272957278,8.299406258334));
#1020 = CARTESIAN_POINT('',(46.38112824418,8.380778787597));
#1021 = CARTESIAN_POINT('',(46.490766007224,8.452576102243));
#1022 = CARTESIAN_POINT('',(46.60611440104,8.514149577318));
#1023 = CARTESIAN_POINT('',(46.911218096581,8.643579702849));
#1024 = CARTESIAN_POINT('',(47.107441391616,8.696640995438));
#1025 = CARTESIAN_POINT('',(47.31017903604,8.722206368822));
#1026 = CARTESIAN_POINT('',(47.514830329377,8.719517161041));
#1027 = CARTESIAN_POINT('',(47.716823647509,8.688632870641));
#1028 = CARTESIAN_POINT('',(47.911581168672,8.630436958867));
#1029 = CARTESIAN_POINT('',(48.198730837769,8.49961774349));
#1030 = CARTESIAN_POINT('',(48.299068434863,8.444047009027));
#1031 = CARTESIAN_POINT('',(48.394908540559,8.380663646784));
#1032 = CARTESIAN_POINT('',(48.485529383554,8.309911647226));
#1033 = CARTESIAN_POINT('',(48.57026635999,8.23231032025));
#1034 = CARTESIAN_POINT('',(48.648514258789,8.148452357819));
#1035 = CARTESIAN_POINT('',(48.821468939269,7.931266077211));
#1036 = CARTESIAN_POINT('',(48.908918688009,7.792071991957));
#1037 = CARTESIAN_POINT('',(48.980470991528,7.643426703379));
#1038 = CARTESIAN_POINT('',(49.034965022383,7.48751776557));
#1039 = CARTESIAN_POINT('',(49.071590131015,7.326665775271));
#1040 = CARTESIAN_POINT('',(49.089892219836,7.163304518282));
#1041 = CARTESIAN_POINT('',(49.089892219836,7.));
#1042 = ( GEOMETRIC_REPRESENTATION_CONTEXT(2) 
PARAMETRIC_REPRESENTATION_CONTEXT() REPRESENTATION_CONTEXT('2D SPACE',''
  ) );
#1043 = PCURVE('',#319,#1044);
#1044 = DEFINITIONAL_REPRESENTATION('',(#1045),#1084);
#1045 = B_SPLINE_CURVE_WITH_KNOTS('',7,(#1046,#1047,#1048,#1049,#1050,
    #1051,#1052,#1053,#1054,#1055,#1056,#1057,#1058,#1059,#1060,#1061,
    #1062,#1063,#1064,#1065,#1066,#1067,#1068,#1069,#1070,#1071,#1072,
    #1073,#1074,#1075,#1076,#1077,#1078,#1079,#1080,#1081,#1082,#1083),
  .UNSPECIFIED.,.F.,.F.,(8,6,6,6,6,6,8),(0.,0.108378641919,
    0.273247746904,0.428625872532,0.668706722859,0.805136134761,1.),
  .UNSPECIFIED.);
#1046 = CARTESIAN_POINT('',(2.832036802268,63.));
#1047 = CARTESIAN_POINT('',(2.885463572682,63.));
#1048 = CARTESIAN_POINT('',(2.938892072113,63.));
#1049 = CARTESIAN_POINT('',(2.992319287301,63.));
#1050 = CARTESIAN_POINT('',(3.045745681132,63.));
#1051 = CARTESIAN_POINT('',(3.099172863521,63.));
#1052 = CARTESIAN_POINT('',(3.152601262279,63.));
#1053 = CARTESIAN_POINT('',(3.287301966748,63.));
#1054 = CARTESIAN_POINT('',(3.368590433526,63.));
#1055 = CARTESIAN_POINT('',(3.449868269142,63.));
#1056 = CARTESIAN_POINT('',(3.531139471895,63.));
#1057 = CARTESIAN_POINT('',(3.612417644983,63.));
#1058 = CARTESIAN_POINT('',(3.693706615983,63.));
#1059 = CARTESIAN_POINT('',(3.851576670652,63.));
#1060 = CARTESIAN_POINT('',(3.928182769283,63.));
#1061 = CARTESIAN_POINT('',(4.004781145687,63.));
#1062 = CARTESIAN_POINT('',(4.081375027127,63.));
#1063 = CARTESIAN_POINT('',(4.15797474063,63.));
#1064 = CARTESIAN_POINT('',(4.234583301666,63.));
#1065 = CARTESIAN_POINT('',(4.429537313125,63.));
#1066 = CARTESIAN_POINT('',(4.547986370079,63.));
#1067 = CARTESIAN_POINT('',(4.666354352423,63.));
#1068 = CARTESIAN_POINT('',(4.784702399904,63.));
#1069 = CARTESIAN_POINT('',(4.903069190166,63.));
#1070 = CARTESIAN_POINT('',(5.021515557688,63.));
#1071 = CARTESIAN_POINT('',(5.207130219341,63.));
#1072 = CARTESIAN_POINT('',(5.274393103123,63.));
#1073 = CARTESIAN_POINT('',(5.341651048222,63.));
#1074 = CARTESIAN_POINT('',(5.408905675911,63.));
#1075 = CARTESIAN_POINT('',(5.47616247226,63.));
#1076 = CARTESIAN_POINT('',(5.543423216101,63.));
#1077 = CARTESIAN_POINT('',(5.706740049985,63.));
#1078 = CARTESIAN_POINT('',(5.80283505259,63.));
#1079 = CARTESIAN_POINT('',(5.898905502698,63.));
#1080 = CARTESIAN_POINT('',(5.994960094986,63.));
#1081 = CARTESIAN_POINT('',(6.091029830799,63.));
#1082 = CARTESIAN_POINT('',(6.187123825837,63.));
#1083 = CARTESIAN_POINT('',(6.28318530718,63.));
#1084 = ( GEOMETRIC_REPRESENTATION_CONTEXT(2) 
PARAMETRIC_REPRESENTATION_CONTEXT() REPRESENTATION_CONTEXT('2D SPACE',''
  ) );
#1085 = FACE_BOUND('',#1086,.F.);
#1086 = EDGE_LOOP('',(#1087,#1181));
#1087 = ORIENTED_EDGE('',*,*,#1088,.T.);
#1088 = EDGE_CURVE('',#1089,#1091,#1093,.T.);
#1089 = VERTEX_POINT('',#1090);
#1090 = CARTESIAN_POINT('',(299.9391172083,158.87548833848,
    121.08989221983));
#1091 = VERTEX_POINT('',#1092);
#1092 = CARTESIAN_POINT('',(299.9391172083,158.11916257662,
    117.86740368393));
#1093 = SURFACE_CURVE('',#1094,(#1121,#1151),.PCURVE_S1.);
#1094 = B_SPLINE_CURVE_WITH_KNOTS('',7,(#1095,#1096,#1097,#1098,#1099,
    #1100,#1101,#1102,#1103,#1104,#1105,#1106,#1107,#1108,#1109,#1110,
    #1111,#1112,#1113,#1114,#1115,#1116,#1117,#1118,#1119,#1120),
  .UNSPECIFIED.,.F.,.F.,(8,6,6,6,8),(0.,0.192225331515,0.441384048956,
    0.761689224863,1.),.UNSPECIFIED.);
#1095 = CARTESIAN_POINT('',(299.9391172083,158.87548833848,
    121.08989221983));
#1096 = CARTESIAN_POINT('',(299.9391172083,158.75037304781,
    121.08989221983));
#1097 = CARTESIAN_POINT('',(299.9391172083,158.62524204992,
    121.07914936435));
#1098 = CARTESIAN_POINT('',(299.9391172083,158.50122988731,
    121.05765900583));
#1099 = CARTESIAN_POINT('',(299.9391172083,158.3794376614,
    121.02557228939));
#1100 = CARTESIAN_POINT('',(299.9391172083,158.26093440424,
    120.98317079062));
#1101 = CARTESIAN_POINT('',(299.9391172083,158.14675254294,
    120.93086534907));
#1102 = CARTESIAN_POINT('',(299.9391172083,157.89675569807,
    120.78931443099));
#1103 = CARTESIAN_POINT('',(299.9391172083,157.76448117515,
    120.69367740441));
#1104 = CARTESIAN_POINT('',(299.9391172083,157.64324658107,
    120.58352722181));
#1105 = CARTESIAN_POINT('',(299.9391172083,157.53490869217,
    120.46042141534));
#1106 = CARTESIAN_POINT('',(299.9391172083,157.44105868526,
    120.32616590862));
#1107 = CARTESIAN_POINT('',(299.9391172083,157.36300781506,
    120.18280092212));
#1108 = CARTESIAN_POINT('',(299.9391172083,157.22285954448,
    119.83965304569));
#1109 = CARTESIAN_POINT('',(299.9391172083,157.17157641921,
    119.63519078523));
#1110 = CARTESIAN_POINT('',(299.9391172083,157.14999054226,
    119.42430858066));
#1111 = CARTESIAN_POINT('',(299.9391172083,157.15882441851,
    119.2121498652));
#1112 = CARTESIAN_POINT('',(299.9391172083,157.19786702551,
    119.00379263621));
#1113 = CARTESIAN_POINT('',(299.9391172083,157.26596930599,
    118.8043022299));
#1114 = CARTESIAN_POINT('',(299.9391172083,157.43095602703,
    118.48028362994));
#1115 = CARTESIAN_POINT('',(299.9391172083,157.51607607256,
    118.34950770503));
#1116 = CARTESIAN_POINT('',(299.9391172083,157.61495025207,
    118.22814584257));
#1117 = CARTESIAN_POINT('',(299.9391172083,157.72630310164,
    118.1178927413));
#1118 = CARTESIAN_POINT('',(299.9391172083,157.8486374297,
    118.02022949115));
#1119 = CARTESIAN_POINT('',(299.9391172083,157.980246054,117.93641316567
    ));
#1120 = CARTESIAN_POINT('',(299.9391172083,158.11916257662,
    117.86740368393));
#1121 = PCURVE('',#92,#1122);
#1122 = DEFINITIONAL_REPRESENTATION('',(#1123),#1150);
#1123 = B_SPLINE_CURVE_WITH_KNOTS('',7,(#1124,#1125,#1126,#1127,#1128,
    #1129,#1130,#1131,#1132,#1133,#1134,#1135,#1136,#1137,#1138,#1139,
    #1140,#1141,#1142,#1143,#1144,#1145,#1146,#1147,#1148,#1149),
  .UNSPECIFIED.,.F.,.F.,(8,6,6,6,8),(0.,0.192225331515,0.441384048956,
    0.761689224863,1.),.UNSPECIFIED.);
#1124 = CARTESIAN_POINT('',(49.089892219836,23.));
#1125 = CARTESIAN_POINT('',(49.089892219836,22.874884709333));
#1126 = CARTESIAN_POINT('',(49.079149364355,22.749753711444));
#1127 = CARTESIAN_POINT('',(49.057659005839,22.625741548833));
#1128 = CARTESIAN_POINT('',(49.025572289399,22.503949322919));
#1129 = CARTESIAN_POINT('',(48.983170790627,22.38544606576));
#1130 = CARTESIAN_POINT('',(48.930865349077,22.271264204463));
#1131 = CARTESIAN_POINT('',(48.789314430994,22.02126735959));
#1132 = CARTESIAN_POINT('',(48.693677404415,21.888992836673));
#1133 = CARTESIAN_POINT('',(48.583527221817,21.767758242591));
#1134 = CARTESIAN_POINT('',(48.460421415348,21.659420353687));
#1135 = CARTESIAN_POINT('',(48.32616590862,21.565570346779));
#1136 = CARTESIAN_POINT('',(48.18280092212,21.487519476584));
#1137 = CARTESIAN_POINT('',(47.839653045696,21.347371206002));
#1138 = CARTESIAN_POINT('',(47.635190785238,21.296088080728));
#1139 = CARTESIAN_POINT('',(47.424308580664,21.274502203779));
#1140 = CARTESIAN_POINT('',(47.2121498652,21.283336080032));
#1141 = CARTESIAN_POINT('',(47.003792636214,21.322378687024));
#1142 = CARTESIAN_POINT('',(46.804302229906,21.390480967511));
#1143 = CARTESIAN_POINT('',(46.480283629949,21.555467688546));
#1144 = CARTESIAN_POINT('',(46.349507705033,21.64058773408));
#1145 = CARTESIAN_POINT('',(46.228145842574,21.739461913592));
#1146 = CARTESIAN_POINT('',(46.117892741302,21.850814763156));
#1147 = CARTESIAN_POINT('',(46.020229491152,21.973149091216));
#1148 = CARTESIAN_POINT('',(45.93641316567,22.104757715518));
#1149 = CARTESIAN_POINT('',(45.867403683936,22.24367423814));
#1150 = ( GEOMETRIC_REPRESENTATION_CONTEXT(2) 
PARAMETRIC_REPRESENTATION_CONTEXT() REPRESENTATION_CONTEXT('2D SPACE',''
  ) );
#1151 = PCURVE('',#550,#1152);
#1152 = DEFINITIONAL_REPRESENTATION('',(#1153),#1180);
#1153 = B_SPLINE_CURVE_WITH_KNOTS('',7,(#1154,#1155,#1156,#1157,#1158,
    #1159,#1160,#1161,#1162,#1163,#1164,#1165,#1166,#1167,#1168,#1169,
    #1170,#1171,#1172,#1173,#1174,#1175,#1176,#1177,#1178,#1179),
  .UNSPECIFIED.,.F.,.F.,(8,6,6,6,8),(0.,0.192225331515,0.441384048956,
    0.761689224863,1.),.UNSPECIFIED.);
#1154 = CARTESIAN_POINT('',(0.,63.));
#1155 = CARTESIAN_POINT('',(7.359722980421E-02,63.));
#1156 = CARTESIAN_POINT('',(0.147203560655,63.));
#1157 = CARTESIAN_POINT('',(0.220803503044,63.));
#1158 = CARTESIAN_POINT('',(0.294399346347,63.));
#1159 = CARTESIAN_POINT('',(0.36799942765,63.));
#1160 = CARTESIAN_POINT('',(0.441606170092,63.));
#1161 = CARTESIAN_POINT('',(0.610599817581,63.));
#1162 = CARTESIAN_POINT('',(0.706025980278,63.));
#1163 = CARTESIAN_POINT('',(0.801428999006,63.));
#1164 = CARTESIAN_POINT('',(0.896818267665,63.));
#1165 = CARTESIAN_POINT('',(0.992223952897,63.));
#1166 = CARTESIAN_POINT('',(1.087654398001,63.));
#1167 = CARTESIAN_POINT('',(1.305692205301,63.));
#1168 = CARTESIAN_POINT('',(1.428441782923,63.));
#1169 = CARTESIAN_POINT('',(1.551094794984,63.));
#1170 = CARTESIAN_POINT('',(1.673726490451,63.));
#1171 = CARTESIAN_POINT('',(1.796379295445,63.));
#1172 = CARTESIAN_POINT('',(1.919128250825,63.));
#1173 = CARTESIAN_POINT('',(2.133013605779,63.));
#1174 = CARTESIAN_POINT('',(2.224284409483,63.));
#1175 = CARTESIAN_POINT('',(2.315535322553,63.));
#1176 = CARTESIAN_POINT('',(2.406773161861,63.));
#1177 = CARTESIAN_POINT('',(2.498022162943,63.));
#1178 = CARTESIAN_POINT('',(2.589289772567,63.));
#1179 = CARTESIAN_POINT('',(2.680532838999,63.));
#1180 = ( GEOMETRIC_REPRESENTATION_CONTEXT(2) 
PARAMETRIC_REPRESENTATION_CONTEXT() REPRESENTATION_CONTEXT('2D SPACE',''
  ) );
#1181 = ORIENTED_EDGE('',*,*,#1182,.T.);
#1182 = EDGE_CURVE('',#1091,#1089,#1183,.T.);
#1183 = SURFACE_CURVE('',#1184,(#1229,#1277),.PCURVE_S1.);
#1184 = B_SPLINE_CURVE_WITH_KNOTS('',8,(#1185,#1186,#1187,#1188,#1189,
    #1190,#1191,#1192,#1193,#1194,#1195,#1196,#1197,#1198,#1199,#1200,
    #1201,#1202,#1203,#1204,#1205,#1206,#1207,#1208,#1209,#1210,#1211,
    #1212,#1213,#1214,#1215,#1216,#1217,#1218,#1219,#1220,#1221,#1222,
    #1223,#1224,#1225,#1226,#1227,#1228),.UNSPECIFIED.,.F.,.F.,(9,7,7,7,
    7,7,9),(0.,0.135109758688,0.312527261895,0.457364031686,
    0.72982158573,0.83547445311,1.),.UNSPECIFIED.);
#1185 = CARTESIAN_POINT('',(299.9391172083,158.11916257662,
    117.86740368393));
#1186 = CARTESIAN_POINT('',(299.9391172083,158.21178025848,
    117.82139405093));
#1187 = CARTESIAN_POINT('',(299.9391172083,158.3076044021,
    117.78181971505));
#1188 = CARTESIAN_POINT('',(299.9391172083,158.40610205055,
    117.74894765764));
#1189 = CARTESIAN_POINT('',(299.9391172083,158.50672413863,
    117.72298428117));
#1190 = CARTESIAN_POINT('',(299.9391172083,158.60890819789,
    117.70408157435));
#1191 = CARTESIAN_POINT('',(299.9391172083,158.7120801191,
    117.69233897294));
#1192 = CARTESIAN_POINT('',(299.9391172083,158.81565497239,
    117.68780091608));
#1193 = CARTESIAN_POINT('',(299.9391172083,159.05479140758,
    117.69392883537));
#1194 = CARTESIAN_POINT('',(299.9391172083,159.19026154676,
    117.70980206344));
#1195 = CARTESIAN_POINT('',(299.9391172083,159.32407639401,
    117.73804445341));
#1196 = CARTESIAN_POINT('',(299.9391172083,159.45492067879,
    117.77844041816));
#1197 = CARTESIAN_POINT('',(299.9391172083,159.58152928896,
    117.83061708388));
#1198 = CARTESIAN_POINT('',(299.9391172083,159.70268916326,
    117.89405653248));
#1199 = CARTESIAN_POINT('',(299.9391172083,159.81724855586,
    117.96808731542));
#1200 = CARTESIAN_POINT('',(299.9391172083,160.01139053774,
    118.12024012316));
#1201 = CARTESIAN_POINT('',(299.9391172083,160.09355995975,
    118.19513538087));
#1202 = CARTESIAN_POINT('',(299.9391172083,160.17006088519,
    118.2760893166));
#1203 = CARTESIAN_POINT('',(299.9391172083,160.24037646551,
    118.36259673465));
#1204 = CARTESIAN_POINT('',(299.9391172083,160.30404742129,
    118.45410645676));
#1205 = CARTESIAN_POINT('',(299.9391172083,160.36067066711,
    118.55002480698));
#1206 = CARTESIAN_POINT('',(299.9391172083,160.40990319724,
    118.64971506387));
#1207 = CARTESIAN_POINT('',(299.9391172083,160.52966632833,
    118.94583185291));
#1208 = CARTESIAN_POINT('',(299.9391172083,160.58085846955,
    119.15039143556));
#1209 = CARTESIAN_POINT('',(299.9391172083,160.60296135155,
    119.3613721939));
#1210 = CARTESIAN_POINT('',(299.9391172083,160.59525812243,
    119.57394368705));
#1211 = CARTESIAN_POINT('',(299.9391172083,160.55780337034,
    119.78333269656));
#1212 = CARTESIAN_POINT('',(299.9391172083,160.49155235435,
    119.9848614876));
#1213 = CARTESIAN_POINT('',(299.9391172083,160.3982276145,
    120.17395734883));
#1214 = CARTESIAN_POINT('',(299.9391172083,160.235390188,120.41322357464
    ));
#1215 = CARTESIAN_POINT('',(299.9391172083,160.18625351279,
    120.47760793736));
#1216 = CARTESIAN_POINT('',(299.9391172083,160.13363981675,
    120.53928693051));
#1217 = CARTESIAN_POINT('',(299.9391172083,160.07772376866,
    120.59804183738));
#1218 = CARTESIAN_POINT('',(299.9391172083,160.01869532044,
    120.65366870248));
#1219 = CARTESIAN_POINT('',(299.9391172083,159.9567594025,
    120.70597863905));
#1220 = CARTESIAN_POINT('',(299.9391172083,159.89213561905,
    120.75479813662));
#1221 = CARTESIAN_POINT('',(299.9391172083,159.7206027444,
    120.87031125173));
#1222 = CARTESIAN_POINT('',(299.9391172083,159.61017310469,
    120.93182282878));
#1223 = CARTESIAN_POINT('',(299.9391172083,159.4946680306,
    120.98389099078));
#1224 = CARTESIAN_POINT('',(299.9391172083,159.37503580908,
    121.02603785592));
#1225 = CARTESIAN_POINT('',(299.9391172083,159.25226414886,
    121.05790160114));
#1226 = CARTESIAN_POINT('',(299.9391172083,159.12737440818,
    121.07923079324));
#1227 = CARTESIAN_POINT('',(299.9391172083,159.00141990912,
    121.08989221983));
#1228 = CARTESIAN_POINT('',(299.9391172083,158.87548833848,
    121.08989221983));
#1229 = PCURVE('',#92,#1230);
#1230 = DEFINITIONAL_REPRESENTATION('',(#1231),#1276);
#1231 = B_SPLINE_CURVE_WITH_KNOTS('',8,(#1232,#1233,#1234,#1235,#1236,
    #1237,#1238,#1239,#1240,#1241,#1242,#1243,#1244,#1245,#1246,#1247,
    #1248,#1249,#1250,#1251,#1252,#1253,#1254,#1255,#1256,#1257,#1258,
    #1259,#1260,#1261,#1262,#1263,#1264,#1265,#1266,#1267,#1268,#1269,
    #1270,#1271,#1272,#1273,#1274,#1275),.UNSPECIFIED.,.F.,.F.,(9,7,7,7,
    7,7,9),(0.,0.135109758688,0.312527261895,0.457364031686,
    0.72982158573,0.83547445311,1.),.UNSPECIFIED.);
#1232 = CARTESIAN_POINT('',(45.867403683936,22.24367423814));
#1233 = CARTESIAN_POINT('',(45.821394050931,22.336291919996));
#1234 = CARTESIAN_POINT('',(45.781819715054,22.432116063618));
#1235 = CARTESIAN_POINT('',(45.748947657647,22.530613712064));
#1236 = CARTESIAN_POINT('',(45.722984281175,22.631235800151));
#1237 = CARTESIAN_POINT('',(45.704081574359,22.733419859409));
#1238 = CARTESIAN_POINT('',(45.692338972941,22.836591780618));
#1239 = CARTESIAN_POINT('',(45.687800916085,22.940166633908));
#1240 = CARTESIAN_POINT('',(45.693928835371,23.179303069101));
#1241 = CARTESIAN_POINT('',(45.709802063446,23.314773208283));
#1242 = CARTESIAN_POINT('',(45.738044453411,23.448588055526));
#1243 = CARTESIAN_POINT('',(45.778440418166,23.579432340304));
#1244 = CARTESIAN_POINT('',(45.830617083885,23.706040950476));
#1245 = CARTESIAN_POINT('',(45.894056532486,23.827200824781));
#1246 = CARTESIAN_POINT('',(45.968087315428,23.94176021738));
#1247 = CARTESIAN_POINT('',(46.120240123166,24.135902199261));
#1248 = CARTESIAN_POINT('',(46.195135380876,24.21807162127));
#1249 = CARTESIAN_POINT('',(46.2760893166,24.294572546713));
#1250 = CARTESIAN_POINT('',(46.362596734655,24.364888127029));
#1251 = CARTESIAN_POINT('',(46.454106456763,24.428559082809));
#1252 = CARTESIAN_POINT('',(46.550024806988,24.485182328629));
#1253 = CARTESIAN_POINT('',(46.649715063879,24.534414858758));
#1254 = CARTESIAN_POINT('',(46.945831852913,24.65417798985));
#1255 = CARTESIAN_POINT('',(47.150391435566,24.705370131069));
#1256 = CARTESIAN_POINT('',(47.361372193907,24.727473013071));
#1257 = CARTESIAN_POINT('',(47.573943687052,24.719769783953));
#1258 = CARTESIAN_POINT('',(47.783332696565,24.682315031859));
#1259 = CARTESIAN_POINT('',(47.984861487605,24.616064015865));
#1260 = CARTESIAN_POINT('',(48.173957348833,24.522739276024));
#1261 = CARTESIAN_POINT('',(48.413223574648,24.35990184952));
#1262 = CARTESIAN_POINT('',(48.477607937367,24.310765174304));
#1263 = CARTESIAN_POINT('',(48.53928693051,24.258151478269));
#1264 = CARTESIAN_POINT('',(48.598041837386,24.202235430174));
#1265 = CARTESIAN_POINT('',(48.653668702487,24.143206981954));
#1266 = CARTESIAN_POINT('',(48.705978639053,24.081271064022));
#1267 = CARTESIAN_POINT('',(48.754798136629,24.016647280567));
#1268 = CARTESIAN_POINT('',(48.870311251739,23.845114405915));
#1269 = CARTESIAN_POINT('',(48.931822828787,23.734684766209));
#1270 = CARTESIAN_POINT('',(48.983890990783,23.619179692117));
#1271 = CARTESIAN_POINT('',(49.02603785593,23.4995474706));
#1272 = CARTESIAN_POINT('',(49.057901601142,23.376775810381));
#1273 = CARTESIAN_POINT('',(49.079230793244,23.251886069701));
#1274 = CARTESIAN_POINT('',(49.089892219836,23.125931570638));
#1275 = CARTESIAN_POINT('',(49.089892219836,23.));
#1276 = ( GEOMETRIC_REPRESENTATION_CONTEXT(2) 
PARAMETRIC_REPRESENTATION_CONTEXT() REPRESENTATION_CONTEXT('2D SPACE',''
  ) );
#1277 = PCURVE('',#550,#1278);
#1278 = DEFINITIONAL_REPRESENTATION('',(#1279),#1324);
#1279 = B_SPLINE_CURVE_WITH_KNOTS('',8,(#1280,#1281,#1282,#1283,#1284,
    #1285,#1286,#1287,#1288,#1289,#1290,#1291,#1292,#1293,#1294,#1295,
    #1296,#1297,#1298,#1299,#1300,#1301,#1302,#1303,#1304,#1305,#1306,
    #1307,#1308,#1309,#1310,#1311,#1312,#1313,#1314,#1315,#1316,#1317,
    #1318,#1319,#1320,#1321,#1322,#1323),.UNSPECIFIED.,.F.,.F.,(9,7,7,7,
    7,7,9),(0.,0.135109758688,0.312527261895,0.457364031686,
    0.72982158573,0.83547445311,1.),.UNSPECIFIED.);
#1280 = CARTESIAN_POINT('',(2.680532838999,63.));
#1281 = CARTESIAN_POINT('',(2.741365928819,63.));
#1282 = CARTESIAN_POINT('',(2.802204005552,63.));
#1283 = CARTESIAN_POINT('',(2.863039805103,63.));
#1284 = CARTESIAN_POINT('',(2.923872778188,63.));
#1285 = CARTESIAN_POINT('',(2.984705729606,63.));
#1286 = CARTESIAN_POINT('',(3.045541457884,63.));
#1287 = CARTESIAN_POINT('',(3.106379395281,63.));
#1288 = CARTESIAN_POINT('',(3.24709406404,63.));
#1289 = CARTESIAN_POINT('',(3.3269949625,63.));
#1290 = CARTESIAN_POINT('',(3.406887263648,63.));
#1291 = CARTESIAN_POINT('',(3.486768947882,63.));
#1292 = CARTESIAN_POINT('',(3.566650819132,63.));
#1293 = CARTESIAN_POINT('',(3.646543625025,63.));
#1294 = CARTESIAN_POINT('',(3.726445133948,63.));
#1295 = CARTESIAN_POINT('',(3.871539764841,63.));
#1296 = CARTESIAN_POINT('',(3.936759133886,63.));
#1297 = CARTESIAN_POINT('',(4.001975456967,63.));
#1298 = CARTESIAN_POINT('',(4.067188212085,63.));
#1299 = CARTESIAN_POINT('',(4.132401506078,63.));
#1300 = CARTESIAN_POINT('',(4.197619370233,63.));
#1301 = CARTESIAN_POINT('',(4.26284101988,63.));
#1302 = CARTESIAN_POINT('',(4.450734422918,63.));
#1303 = CARTESIAN_POINT('',(4.573575627533,63.));
#1304 = CARTESIAN_POINT('',(4.696318925912,63.));
#1305 = CARTESIAN_POINT('',(4.81900422075,63.));
#1306 = CARTESIAN_POINT('',(4.941690307535,63.));
#1307 = CARTESIAN_POINT('',(5.064435587972,63.));
#1308 = CARTESIAN_POINT('',(5.187278970123,63.));
#1309 = CARTESIAN_POINT('',(5.357526453615,63.));
#1310 = CARTESIAN_POINT('',(5.40509876056,63.));
#1311 = CARTESIAN_POINT('',(5.452670240298,63.));
#1312 = CARTESIAN_POINT('',(5.500240765538,63.));
#1313 = CARTESIAN_POINT('',(5.547811155917,63.));
#1314 = CARTESIAN_POINT('',(5.595382234258,63.));
#1315 = CARTESIAN_POINT('',(5.642953882843,63.));
#1316 = CARTESIAN_POINT('',(5.764601747855,63.));
#1317 = CARTESIAN_POINT('',(5.838692757684,63.));
#1318 = CARTESIAN_POINT('',(5.912777763407,63.));
#1319 = CARTESIAN_POINT('',(5.986855244321,63.));
#1320 = CARTESIAN_POINT('',(6.060932610432,63.));
#1321 = CARTESIAN_POINT('',(6.135017303387,63.));
#1322 = CARTESIAN_POINT('',(6.209107912687,63.));
#1323 = CARTESIAN_POINT('',(6.28318530718,63.));
#1324 = ( GEOMETRIC_REPRESENTATION_CONTEXT(2) 
PARAMETRIC_REPRESENTATION_CONTEXT() REPRESENTATION_CONTEXT('2D SPACE',''
  ) );
#1325 = ADVANCED_FACE('',(#1326),#67,.T.);
#1326 = FACE_BOUND('',#1327,.T.);
#1327 = EDGE_LOOP('',(#1328,#1329,#1330,#1348));
#1328 = ORIENTED_EDGE('',*,*,#53,.F.);
#1329 = ORIENTED_EDGE('',*,*,#129,.T.);
#1330 = ORIENTED_EDGE('',*,*,#1331,.T.);
#1331 = EDGE_CURVE('',#130,#776,#1332,.T.);
#1332 = SURFACE_CURVE('',#1333,(#1336,#1342),.PCURVE_S1.);
#1333 = B_SPLINE_CURVE_WITH_KNOTS('',1,(#1334,#1335),.UNSPECIFIED.,.F.,
  .F.,(2,2),(0.,5.),.PIECEWISE_BEZIER_KNOTS.);
#1334 = CARTESIAN_POINT('',(294.9391172083,165.87548833848,72.));
#1335 = CARTESIAN_POINT('',(299.9391172083,165.87548833848,72.));
#1336 = PCURVE('',#67,#1337);
#1337 = DEFINITIONAL_REPRESENTATION('',(#1338),#1341);
#1338 = B_SPLINE_CURVE_WITH_KNOTS('',1,(#1339,#1340),.UNSPECIFIED.,.F.,
  .F.,(2,2),(0.,5.),.PIECEWISE_BEZIER_KNOTS.);
#1339 = CARTESIAN_POINT('',(30.,0.));
#1340 = CARTESIAN_POINT('',(30.,5.));
#1341 = ( GEOMETRIC_REPRESENTATION_CONTEXT(2) 
PARAMETRIC_REPRESENTATION_CONTEXT() REPRESENTATION_CONTEXT('2D SPACE',''
  ) );
#1342 = PCURVE('',#182,#1343);
#1343 = DEFINITIONAL_REPRESENTATION('',(#1344),#1347);
#1344 = B_SPLINE_CURVE_WITH_KNOTS('',1,(#1345,#1346),.UNSPECIFIED.,.F.,
  .F.,(2,2),(0.,5.),.PIECEWISE_BEZIER_KNOTS.);
#1345 = CARTESIAN_POINT('',(0.,0.));
#1346 = CARTESIAN_POINT('',(0.,-5.));
#1347 = ( GEOMETRIC_REPRESENTATION_CONTEXT(2) 
PARAMETRIC_REPRESENTATION_CONTEXT() REPRESENTATION_CONTEXT('2D SPACE',''
  ) );
#1348 = ORIENTED_EDGE('',*,*,#775,.F.);
#1349 = ADVANCED_FACE('',(#1350),#182,.F.);
#1350 = FACE_BOUND('',#1351,.F.);
#1351 = EDGE_LOOP('',(#1352,#1353,#1354,#1355));
#1352 = ORIENTED_EDGE('',*,*,#170,.F.);
#1353 = ORIENTED_EDGE('',*,*,#1331,.T.);
#1354 = ORIENTED_EDGE('',*,*,#797,.T.);
#1355 = ORIENTED_EDGE('',*,*,#734,.F.);
#1356 = ADVANCED_FACE('',(#1357),#219,.T.);
#1357 = FACE_BOUND('',#1358,.T.);
#1358 = EDGE_LOOP('',(#1359,#1360,#1380,#1381));
#1359 = ORIENTED_EDGE('',*,*,#817,.F.);
#1360 = ORIENTED_EDGE('',*,*,#1361,.F.);
#1361 = EDGE_CURVE('',#196,#818,#1362,.T.);
#1362 = SEAM_CURVE('',#1363,(#1366,#1373),.PCURVE_S1.);
#1363 = B_SPLINE_CURVE_WITH_KNOTS('',1,(#1364,#1365),.UNSPECIFIED.,.F.,
  .F.,(2,2),(1.E-01,5.1),.PIECEWISE_BEZIER_KNOTS.);
#1364 = CARTESIAN_POINT('',(294.9391172083,150.87548833848,88.15));
#1365 = CARTESIAN_POINT('',(299.9391172083,150.87548833848,88.15));
#1366 = PCURVE('',#219,#1367);
#1367 = DEFINITIONAL_REPRESENTATION('',(#1368),#1372);
#1368 = B_SPLINE_CURVE_WITH_KNOTS('',2,(#1369,#1370,#1371),
  .UNSPECIFIED.,.F.,.F.,(3,3),(1.E-01,5.1),.PIECEWISE_BEZIER_KNOTS.);
#1369 = CARTESIAN_POINT('',(6.28318530718,1.E-01));
#1370 = CARTESIAN_POINT('',(6.28318530718,2.6));
#1371 = CARTESIAN_POINT('',(6.28318530718,5.1));
#1372 = ( GEOMETRIC_REPRESENTATION_CONTEXT(2) 
PARAMETRIC_REPRESENTATION_CONTEXT() REPRESENTATION_CONTEXT('2D SPACE',''
  ) );
#1373 = PCURVE('',#219,#1374);
#1374 = DEFINITIONAL_REPRESENTATION('',(#1375),#1379);
#1375 = B_SPLINE_CURVE_WITH_KNOTS('',2,(#1376,#1377,#1378),
  .UNSPECIFIED.,.F.,.F.,(3,3),(1.E-01,5.1),.PIECEWISE_BEZIER_KNOTS.);
#1376 = CARTESIAN_POINT('',(0.,1.E-01));
#1377 = CARTESIAN_POINT('',(-3.552713678801E-15,2.6));
#1378 = CARTESIAN_POINT('',(0.,5.1));
#1379 = ( GEOMETRIC_REPRESENTATION_CONTEXT(2) 
PARAMETRIC_REPRESENTATION_CONTEXT() REPRESENTATION_CONTEXT('2D SPACE',''
  ) );
#1380 = ORIENTED_EDGE('',*,*,#195,.T.);
#1381 = ORIENTED_EDGE('',*,*,#1361,.T.);
#1382 = ADVANCED_FACE('',(#1383),#319,.F.);
#1383 = FACE_BOUND('',#1384,.F.);
#1384 = EDGE_LOOP('',(#1385,#1386,#1407,#1408,#1409,#1410));
#1385 = ORIENTED_EDGE('',*,*,#854,.F.);
#1386 = ORIENTED_EDGE('',*,*,#1387,.F.);
#1387 = EDGE_CURVE('',#248,#855,#1388,.T.);
#1388 = SEAM_CURVE('',#1389,(#1393,#1400),.PCURVE_S1.);
#1389 = LINE('',#1390,#1391);
#1390 = CARTESIAN_POINT('',(236.9391172083,142.87548833848,
    121.08989221983));
#1391 = VECTOR('',#1392,1.);
#1392 = DIRECTION('',(1.,0.,0.));
#1393 = PCURVE('',#319,#1394);
#1394 = DEFINITIONAL_REPRESENTATION('',(#1395),#1399);
#1395 = LINE('',#1396,#1397);
#1396 = CARTESIAN_POINT('',(6.28318530718,-0.));
#1397 = VECTOR('',#1398,1.);
#1398 = DIRECTION('',(0.,1.));
#1399 = ( GEOMETRIC_REPRESENTATION_CONTEXT(2) 
PARAMETRIC_REPRESENTATION_CONTEXT() REPRESENTATION_CONTEXT('2D SPACE',''
  ) );
#1400 = PCURVE('',#319,#1401);
#1401 = DEFINITIONAL_REPRESENTATION('',(#1402),#1406);
#1402 = LINE('',#1403,#1404);
#1403 = CARTESIAN_POINT('',(0.,-0.));
#1404 = VECTOR('',#1405,1.);
#1405 = DIRECTION('',(0.,1.));
#1406 = ( GEOMETRIC_REPRESENTATION_CONTEXT(2) 
PARAMETRIC_REPRESENTATION_CONTEXT() REPRESENTATION_CONTEXT('2D SPACE',''
  ) );
#1407 = ORIENTED_EDGE('',*,*,#247,.T.);
#1408 = ORIENTED_EDGE('',*,*,#358,.T.);
#1409 = ORIENTED_EDGE('',*,*,#1387,.T.);
#1410 = ORIENTED_EDGE('',*,*,#960,.F.);
#1411 = ADVANCED_FACE('',(#1412),#550,.F.);
#1412 = FACE_BOUND('',#1413,.F.);
#1413 = EDGE_LOOP('',(#1414,#1415,#1436,#1437,#1438,#1439));
#1414 = ORIENTED_EDGE('',*,*,#1088,.F.);
#1415 = ORIENTED_EDGE('',*,*,#1416,.F.);
#1416 = EDGE_CURVE('',#487,#1089,#1417,.T.);
#1417 = SEAM_CURVE('',#1418,(#1422,#1429),.PCURVE_S1.);
#1418 = LINE('',#1419,#1420);
#1419 = CARTESIAN_POINT('',(236.9391172083,158.87548833848,
    121.08989221983));
#1420 = VECTOR('',#1421,1.);
#1421 = DIRECTION('',(1.,0.,0.));
#1422 = PCURVE('',#550,#1423);
#1423 = DEFINITIONAL_REPRESENTATION('',(#1424),#1428);
#1424 = LINE('',#1425,#1426);
#1425 = CARTESIAN_POINT('',(6.28318530718,-0.));
#1426 = VECTOR('',#1427,1.);
#1427 = DIRECTION('',(0.,1.));
#1428 = ( GEOMETRIC_REPRESENTATION_CONTEXT(2) 
PARAMETRIC_REPRESENTATION_CONTEXT() REPRESENTATION_CONTEXT('2D SPACE',''
  ) );
#1429 = PCURVE('',#550,#1430);
#1430 = DEFINITIONAL_REPRESENTATION('',(#1431),#1435);
#1431 = LINE('',#1432,#1433);
#1432 = CARTESIAN_POINT('',(0.,-0.));
#1433 = VECTOR('',#1434,1.);
#1434 = DIRECTION('',(0.,1.));
#1435 = ( GEOMETRIC_REPRESENTATION_CONTEXT(2) 
PARAMETRIC_REPRESENTATION_CONTEXT() REPRESENTATION_CONTEXT('2D SPACE',''
  ) );
#1436 = ORIENTED_EDGE('',*,*,#486,.T.);
#1437 = ORIENTED_EDGE('',*,*,#585,.T.);
#1438 = ORIENTED_EDGE('',*,*,#1416,.T.);
#1439 = ORIENTED_EDGE('',*,*,#1182,.F.);
#1440 = ( GEOMETRIC_REPRESENTATION_CONTEXT(3) 
GLOBAL_UNCERTAINTY_ASSIGNED_CONTEXT((#1444)) 
GLOBAL_UNIT_ASSIGNED_CONTEXT((#1441,#1442,#1443)) REPRESENTATION_CONTEXT
('Context #1','3D Context with UNIT and UNCERTAINTY') );
#1441 = ( LENGTH_UNIT() NAMED_UNIT(*) SI_UNIT(.MILLI.,.METRE.) );
#1442 = ( NAMED_UNIT(*) PLANE_ANGLE_UNIT() SI_UNIT($,.RADIAN.) );
#1443 = ( NAMED_UNIT(*) SI_UNIT($,.STERADIAN.) SOLID_ANGLE_UNIT() );
#1444 = UNCERTAINTY_MEASURE_WITH_UNIT(LENGTH_MEASURE(2.E-06),#1441,
  'distance_accuracy_value','confusion accuracy');
#1445 = PRODUCT_RELATED_PRODUCT_CATEGORY('part',$,(#7));
ENDSEC;
END-ISO-10303-21;
