ISO-10303-21;
HEADER;
FILE_DESCRIPTION(('Open CASCADE Model'),'2;1');
FILE_NAME('Open CASCADE Shape Model','2026-09-29T09:31:45',('Author'),(
    'Open CASCADE'),'Open CASCADE STEP processor 7.8','Open CASCADE 7.8'
  ,'Unknown');
FILE_SCHEMA(('AUTOMOTIVE_DESIGN { 1 0 10303 214 1 1 1 1 }'));
ENDSEC;
DATA;
#1 = APPLICATION_PROTOCOL_DEFINITION('international standard',
  'automotive_design',2000,#2);
#2 = APPLICATION_CONTEXT(
  'core data for automotive mechanical design processes');
#3 = SHAPE_DEFINITION_REPRESENTATION(#4,#10);
#4 = PRODUCT_DEFINITION_SHAPE('','',#5);
#5 = PRODUCT_DEFINITION('design','',#6,#9);
#6 = PRODUCT_DEFINITION_FORMATION('','',#7);
#7 = PRODUCT('Open CASCADE STEP translator 7.8 66',
  'Open CASCADE STEP translator 7.8 66','',(#8));
#8 = PRODUCT_CONTEXT('',#2,'mechanical');
#9 = PRODUCT_DEFINITION_CONTEXT('part definition',#2,'design');
#10 = SHAPE_REPRESENTATION('',(#11,#15,#19),#23);
#11 = AXIS2_PLACEMENT_3D('',#12,#13,#14);
#12 = CARTESIAN_POINT('',(0.,0.,0.));
#13 = DIRECTION('',(0.,0.,1.));
#14 = DIRECTION('',(1.,0.,-0.));
#15 = AXIS2_PLACEMENT_3D('',#16,#17,#18);
#16 = CARTESIAN_POINT('',(0.,0.,0.));
#17 = DIRECTION('',(0.,0.,1.));
#18 = DIRECTION('',(1.,0.,-0.));
#19 = AXIS2_PLACEMENT_3D('',#20,#21,#22);
#20 = CARTESIAN_POINT('',(0.,0.,0.));
#21 = DIRECTION('',(0.,0.,1.));
#22 = DIRECTION('',(1.,0.,-0.));
#23 = ( GEOMETRIC_REPRESENTATION_CONTEXT(3) 
GLOBAL_UNCERTAINTY_ASSIGNED_CONTEXT((#27)) GLOBAL_UNIT_ASSIGNED_CONTEXT(
(#24,#25,#26)) REPRESENTATION_CONTEXT('Context #1',
  '3D Context with UNIT and UNCERTAINTY') );
#24 = ( LENGTH_UNIT() NAMED_UNIT(*) SI_UNIT(.MILLI.,.METRE.) );
#25 = ( NAMED_UNIT(*) PLANE_ANGLE_UNIT() SI_UNIT($,.RADIAN.) );
#26 = ( NAMED_UNIT(*) SI_UNIT($,.STERADIAN.) SOLID_ANGLE_UNIT() );
#27 = UNCERTAINTY_MEASURE_WITH_UNIT(LENGTH_MEASURE(1.E-06),#24,
  'distance_accuracy_value','confusion accuracy');
#28 = PRODUCT_RELATED_PRODUCT_CATEGORY('part',$,(#7));
#29 = SHAPE_DEFINITION_REPRESENTATION(#30,#36);
#30 = PRODUCT_DEFINITION_SHAPE('','',#31);
#31 = PRODUCT_DEFINITION('design','',#32,#35);
#32 = PRODUCT_DEFINITION_FORMATION('','',#33);
#33 = PRODUCT('Open CASCADE STEP translator 7.8 66.1',
  'Open CASCADE STEP translator 7.8 66.1','',(#34));
#34 = PRODUCT_CONTEXT('',#2,'mechanical');
#35 = PRODUCT_DEFINITION_CONTEXT('part definition',#2,'design');
#36 = ADVANCED_BREP_SHAPE_REPRESENTATION('',(#11,#37),#1599);
#37 = MANIFOLD_SOLID_BREP('',#38);
#38 = CLOSED_SHELL('',(#39,#147,#219,#291,#354,#378,#431,#455,#527,#571,
    #993,#1017,#1096,#1496,#1523,#1592));
#39 = ADVANCED_FACE('',(#40),#53,.T.);
#40 = FACE_BOUND('',#41,.T.);
#41 = EDGE_LOOP('',(#42,#74,#99,#124));
#42 = ORIENTED_EDGE('',*,*,#43,.F.);
#43 = EDGE_CURVE('',#44,#46,#48,.T.);
#44 = VERTEX_POINT('',#45);
#45 = CARTESIAN_POINT('',(271.9391172083,74.715056627234,141.38989221983
    ));
#46 = VERTEX_POINT('',#47);
#47 = CARTESIAN_POINT('',(292.9391172083,74.715056627234,141.38989221983
    ));
#48 = SURFACE_CURVE('',#49,(#52,#63),.PCURVE_S1.);
#49 = B_SPLINE_CURVE_WITH_KNOTS('',1,(#50,#51),.UNSPECIFIED.,.F.,.F.,(2,
    2),(0.,21.),.PIECEWISE_BEZIER_KNOTS.);
#50 = CARTESIAN_POINT('',(271.9391172083,74.715056627234,141.38989221983
    ));
#51 = CARTESIAN_POINT('',(292.9391172083,74.715056627234,141.38989221983
    ));
#52 = PCURVE('',#53,#58);
#53 = B_SPLINE_SURFACE_WITH_KNOTS('',1,1,(
    (#54,#55)
    ,(#56,#57)),.UNSPECIFIED.,.F.,.F.,.F.,(2,2),(2,2),(0.,2.),(-21.,0.),
  .PIECEWISE_BEZIER_KNOTS.);
#54 = CARTESIAN_POINT('',(292.9391172083,74.715056627234,139.38989221983
    ));
#55 = CARTESIAN_POINT('',(271.9391172083,74.715056627234,139.38989221983
    ));
#56 = CARTESIAN_POINT('',(292.9391172083,74.715056627234,141.38989221983
    ));
#57 = CARTESIAN_POINT('',(271.9391172083,74.715056627234,141.38989221983
    ));
#58 = DEFINITIONAL_REPRESENTATION('',(#59),#62);
#59 = B_SPLINE_CURVE_WITH_KNOTS('',1,(#60,#61),.UNSPECIFIED.,.F.,.F.,(2,
    2),(0.,21.),.PIECEWISE_BEZIER_KNOTS.);
#60 = CARTESIAN_POINT('',(2.,0.));
#61 = CARTESIAN_POINT('',(2.,-21.));
#62 = ( GEOMETRIC_REPRESENTATION_CONTEXT(2) 
PARAMETRIC_REPRESENTATION_CONTEXT() REPRESENTATION_CONTEXT('2D SPACE',''
  ) );
#63 = PCURVE('',#64,#69);
#64 = B_SPLINE_SURFACE_WITH_KNOTS('',1,1,(
    (#65,#66)
    ,(#67,#68)),.UNSPECIFIED.,.F.,.F.,.F.,(2,2),(2,2),(0.,44.),(0.,21.),
  .PIECEWISE_BEZIER_KNOTS.);
#65 = CARTESIAN_POINT('',(271.9391172083,74.715056627234,141.38989221983
    ));
#66 = CARTESIAN_POINT('',(292.9391172083,74.715056627234,141.38989221983
    ));
#67 = CARTESIAN_POINT('',(271.9391172083,118.71505662723,141.38989221983
    ));
#68 = CARTESIAN_POINT('',(292.9391172083,118.71505662723,141.38989221983
    ));
#69 = DEFINITIONAL_REPRESENTATION('',(#70),#73);
#70 = B_SPLINE_CURVE_WITH_KNOTS('',1,(#71,#72),.UNSPECIFIED.,.F.,.F.,(2,
    2),(0.,21.),.PIECEWISE_BEZIER_KNOTS.);
#71 = CARTESIAN_POINT('',(0.,0.));
#72 = CARTESIAN_POINT('',(0.,21.));
#73 = ( GEOMETRIC_REPRESENTATION_CONTEXT(2) 
PARAMETRIC_REPRESENTATION_CONTEXT() REPRESENTATION_CONTEXT('2D SPACE',''
  ) );
#74 = ORIENTED_EDGE('',*,*,#75,.F.);
#75 = EDGE_CURVE('',#76,#44,#78,.T.);
#76 = VERTEX_POINT('',#77);
#77 = CARTESIAN_POINT('',(271.9391172083,74.715056627234,139.38989221983
    ));
#78 = SURFACE_CURVE('',#79,(#82,#88),.PCURVE_S1.);
#79 = B_SPLINE_CURVE_WITH_KNOTS('',1,(#80,#81),.UNSPECIFIED.,.F.,.F.,(2,
    2),(0.,2.),.PIECEWISE_BEZIER_KNOTS.);
#80 = CARTESIAN_POINT('',(271.9391172083,74.715056627234,139.38989221983
    ));
#81 = CARTESIAN_POINT('',(271.9391172083,74.715056627234,141.38989221983
    ));
#82 = PCURVE('',#53,#83);
#83 = DEFINITIONAL_REPRESENTATION('',(#84),#87);
#84 = B_SPLINE_CURVE_WITH_KNOTS('',1,(#85,#86),.UNSPECIFIED.,.F.,.F.,(2,
    2),(0.,2.),.PIECEWISE_BEZIER_KNOTS.);
#85 = CARTESIAN_POINT('',(0.,0.));
#86 = CARTESIAN_POINT('',(2.,0.));
#87 = ( GEOMETRIC_REPRESENTATION_CONTEXT(2) 
PARAMETRIC_REPRESENTATION_CONTEXT() REPRESENTATION_CONTEXT('2D SPACE',''
  ) );
#88 = PCURVE('',#89,#94);
#89 = B_SPLINE_SURFACE_WITH_KNOTS('',1,1,(
    (#90,#91)
    ,(#92,#93)),.UNSPECIFIED.,.F.,.F.,.F.,(2,2),(2,2),(0.,2.),(0.,44.),
  .PIECEWISE_BEZIER_KNOTS.);
#90 = CARTESIAN_POINT('',(271.9391172083,74.715056627234,139.38989221983
    ));
#91 = CARTESIAN_POINT('',(271.9391172083,118.71505662723,139.38989221983
    ));
#92 = CARTESIAN_POINT('',(271.9391172083,74.715056627234,141.38989221983
    ));
#93 = CARTESIAN_POINT('',(271.9391172083,118.71505662723,141.38989221983
    ));
#94 = DEFINITIONAL_REPRESENTATION('',(#95),#98);
#95 = B_SPLINE_CURVE_WITH_KNOTS('',1,(#96,#97),.UNSPECIFIED.,.F.,.F.,(2,
    2),(0.,2.),.PIECEWISE_BEZIER_KNOTS.);
#96 = CARTESIAN_POINT('',(0.,0.));
#97 = CARTESIAN_POINT('',(2.,0.));
#98 = ( GEOMETRIC_REPRESENTATION_CONTEXT(2) 
PARAMETRIC_REPRESENTATION_CONTEXT() REPRESENTATION_CONTEXT('2D SPACE',''
  ) );
#99 = ORIENTED_EDGE('',*,*,#100,.T.);
#100 = EDGE_CURVE('',#76,#101,#103,.T.);
#101 = VERTEX_POINT('',#102);
#102 = CARTESIAN_POINT('',(292.9391172083,74.715056627234,
    139.38989221983));
#103 = SURFACE_CURVE('',#104,(#107,#113),.PCURVE_S1.);
#104 = B_SPLINE_CURVE_WITH_KNOTS('',1,(#105,#106),.UNSPECIFIED.,.F.,.F.,
  (2,2),(0.,21.),.PIECEWISE_BEZIER_KNOTS.);
#105 = CARTESIAN_POINT('',(271.9391172083,74.715056627234,
    139.38989221983));
#106 = CARTESIAN_POINT('',(292.9391172083,74.715056627234,
    139.38989221983));
#107 = PCURVE('',#53,#108);
#108 = DEFINITIONAL_REPRESENTATION('',(#109),#112);
#109 = B_SPLINE_CURVE_WITH_KNOTS('',1,(#110,#111),.UNSPECIFIED.,.F.,.F.,
  (2,2),(0.,21.),.PIECEWISE_BEZIER_KNOTS.);
#110 = CARTESIAN_POINT('',(0.,0.));
#111 = CARTESIAN_POINT('',(0.,-21.));
#112 = ( GEOMETRIC_REPRESENTATION_CONTEXT(2) 
PARAMETRIC_REPRESENTATION_CONTEXT() REPRESENTATION_CONTEXT('2D SPACE',''
  ) );
#113 = PCURVE('',#114,#119);
#114 = B_SPLINE_SURFACE_WITH_KNOTS('',1,1,(
    (#115,#116)
    ,(#117,#118
    )),.UNSPECIFIED.,.F.,.F.,.F.,(2,2),(2,2),(0.,44.),(0.,21.),
  .PIECEWISE_BEZIER_KNOTS.);
#115 = CARTESIAN_POINT('',(271.9391172083,74.715056627234,
    139.38989221983));
#116 = CARTESIAN_POINT('',(292.9391172083,74.715056627234,
    139.38989221983));
#117 = CARTESIAN_POINT('',(271.9391172083,118.71505662723,
    139.38989221983));
#118 = CARTESIAN_POINT('',(292.9391172083,118.71505662723,
    139.38989221983));
#119 = DEFINITIONAL_REPRESENTATION('',(#120),#123);
#120 = B_SPLINE_CURVE_WITH_KNOTS('',1,(#121,#122),.UNSPECIFIED.,.F.,.F.,
  (2,2),(0.,21.),.PIECEWISE_BEZIER_KNOTS.);
#121 = CARTESIAN_POINT('',(0.,0.));
#122 = CARTESIAN_POINT('',(0.,21.));
#123 = ( GEOMETRIC_REPRESENTATION_CONTEXT(2) 
PARAMETRIC_REPRESENTATION_CONTEXT() REPRESENTATION_CONTEXT('2D SPACE',''
  ) );
#124 = ORIENTED_EDGE('',*,*,#125,.T.);
#125 = EDGE_CURVE('',#101,#46,#126,.T.);
#126 = SURFACE_CURVE('',#127,(#130,#136),.PCURVE_S1.);
#127 = B_SPLINE_CURVE_WITH_KNOTS('',1,(#128,#129),.UNSPECIFIED.,.F.,.F.,
  (2,2),(22.,24.),.PIECEWISE_BEZIER_KNOTS.);
#128 = CARTESIAN_POINT('',(292.9391172083,74.715056627234,
    139.38989221983));
#129 = CARTESIAN_POINT('',(292.9391172083,74.715056627234,
    141.38989221983));
#130 = PCURVE('',#53,#131);
#131 = DEFINITIONAL_REPRESENTATION('',(#132),#135);
#132 = B_SPLINE_CURVE_WITH_KNOTS('',1,(#133,#134),.UNSPECIFIED.,.F.,.F.,
  (2,2),(22.,24.),.PIECEWISE_BEZIER_KNOTS.);
#133 = CARTESIAN_POINT('',(0.,-21.));
#134 = CARTESIAN_POINT('',(2.,-21.));
#135 = ( GEOMETRIC_REPRESENTATION_CONTEXT(2) 
PARAMETRIC_REPRESENTATION_CONTEXT() REPRESENTATION_CONTEXT('2D SPACE',''
  ) );
#136 = PCURVE('',#137,#142);
#137 = B_SPLINE_SURFACE_WITH_KNOTS('',1,1,(
    (#138,#139)
    ,(#140,#141
    )),.UNSPECIFIED.,.F.,.F.,.F.,(2,2),(2,2),(0.,2.),(-23.,-21.),
  .PIECEWISE_BEZIER_KNOTS.);
#138 = CARTESIAN_POINT('',(294.9391172083,74.715056627234,
    139.38989221983));
#139 = CARTESIAN_POINT('',(292.9391172083,74.715056627234,
    139.38989221983));
#140 = CARTESIAN_POINT('',(294.9391172083,74.715056627234,
    141.38989221983));
#141 = CARTESIAN_POINT('',(292.9391172083,74.715056627234,
    141.38989221983));
#142 = DEFINITIONAL_REPRESENTATION('',(#143),#146);
#143 = B_SPLINE_CURVE_WITH_KNOTS('',1,(#144,#145),.UNSPECIFIED.,.F.,.F.,
  (2,2),(22.,24.),.PIECEWISE_BEZIER_KNOTS.);
#144 = CARTESIAN_POINT('',(0.,-21.));
#145 = CARTESIAN_POINT('',(2.,-21.));
#146 = ( GEOMETRIC_REPRESENTATION_CONTEXT(2) 
PARAMETRIC_REPRESENTATION_CONTEXT() REPRESENTATION_CONTEXT('2D SPACE',''
  ) );
#147 = ADVANCED_FACE('',(#148),#64,.F.);
#148 = FACE_BOUND('',#149,.F.);
#149 = EDGE_LOOP('',(#150,#151,#171,#196));
#150 = ORIENTED_EDGE('',*,*,#43,.F.);
#151 = ORIENTED_EDGE('',*,*,#152,.T.);
#152 = EDGE_CURVE('',#44,#153,#155,.T.);
#153 = VERTEX_POINT('',#154);
#154 = CARTESIAN_POINT('',(271.9391172083,118.71505662723,
    141.38989221983));
#155 = SURFACE_CURVE('',#156,(#159,#165),.PCURVE_S1.);
#156 = B_SPLINE_CURVE_WITH_KNOTS('',1,(#157,#158),.UNSPECIFIED.,.F.,.F.,
  (2,2),(0.,44.),.PIECEWISE_BEZIER_KNOTS.);
#157 = CARTESIAN_POINT('',(271.9391172083,74.715056627234,
    141.38989221983));
#158 = CARTESIAN_POINT('',(271.9391172083,118.71505662723,
    141.38989221983));
#159 = PCURVE('',#64,#160);
#160 = DEFINITIONAL_REPRESENTATION('',(#161),#164);
#161 = B_SPLINE_CURVE_WITH_KNOTS('',1,(#162,#163),.UNSPECIFIED.,.F.,.F.,
  (2,2),(0.,44.),.PIECEWISE_BEZIER_KNOTS.);
#162 = CARTESIAN_POINT('',(0.,0.));
#163 = CARTESIAN_POINT('',(44.,0.));
#164 = ( GEOMETRIC_REPRESENTATION_CONTEXT(2) 
PARAMETRIC_REPRESENTATION_CONTEXT() REPRESENTATION_CONTEXT('2D SPACE',''
  ) );
#165 = PCURVE('',#89,#166);
#166 = DEFINITIONAL_REPRESENTATION('',(#167),#170);
#167 = B_SPLINE_CURVE_WITH_KNOTS('',1,(#168,#169),.UNSPECIFIED.,.F.,.F.,
  (2,2),(0.,44.),.PIECEWISE_BEZIER_KNOTS.);
#168 = CARTESIAN_POINT('',(2.,0.));
#169 = CARTESIAN_POINT('',(2.,44.));
#170 = ( GEOMETRIC_REPRESENTATION_CONTEXT(2) 
PARAMETRIC_REPRESENTATION_CONTEXT() REPRESENTATION_CONTEXT('2D SPACE',''
  ) );
#171 = ORIENTED_EDGE('',*,*,#172,.T.);
#172 = EDGE_CURVE('',#153,#173,#175,.T.);
#173 = VERTEX_POINT('',#174);
#174 = CARTESIAN_POINT('',(292.9391172083,118.71505662723,
    141.38989221983));
#175 = SURFACE_CURVE('',#176,(#179,#185),.PCURVE_S1.);
#176 = B_SPLINE_CURVE_WITH_KNOTS('',1,(#177,#178),.UNSPECIFIED.,.F.,.F.,
  (2,2),(0.,21.),.PIECEWISE_BEZIER_KNOTS.);
#177 = CARTESIAN_POINT('',(271.9391172083,118.71505662723,
    141.38989221983));
#178 = CARTESIAN_POINT('',(292.9391172083,118.71505662723,
    141.38989221983));
#179 = PCURVE('',#64,#180);
#180 = DEFINITIONAL_REPRESENTATION('',(#181),#184);
#181 = B_SPLINE_CURVE_WITH_KNOTS('',1,(#182,#183),.UNSPECIFIED.,.F.,.F.,
  (2,2),(0.,21.),.PIECEWISE_BEZIER_KNOTS.);
#182 = CARTESIAN_POINT('',(44.,0.));
#183 = CARTESIAN_POINT('',(44.,21.));
#184 = ( GEOMETRIC_REPRESENTATION_CONTEXT(2) 
PARAMETRIC_REPRESENTATION_CONTEXT() REPRESENTATION_CONTEXT('2D SPACE',''
  ) );
#185 = PCURVE('',#186,#191);
#186 = B_SPLINE_SURFACE_WITH_KNOTS('',1,1,(
    (#187,#188)
    ,(#189,#190
    )),.UNSPECIFIED.,.F.,.F.,.F.,(2,2),(2,2),(0.,2.),(-21.,0.),
  .PIECEWISE_BEZIER_KNOTS.);
#187 = CARTESIAN_POINT('',(292.9391172083,118.71505662723,
    139.38989221983));
#188 = CARTESIAN_POINT('',(271.9391172083,118.71505662723,
    139.38989221983));
#189 = CARTESIAN_POINT('',(292.9391172083,118.71505662723,
    141.38989221983));
#190 = CARTESIAN_POINT('',(271.9391172083,118.71505662723,
    141.38989221983));
#191 = DEFINITIONAL_REPRESENTATION('',(#192),#195);
#192 = B_SPLINE_CURVE_WITH_KNOTS('',1,(#193,#194),.UNSPECIFIED.,.F.,.F.,
  (2,2),(0.,21.),.PIECEWISE_BEZIER_KNOTS.);
#193 = CARTESIAN_POINT('',(2.,0.));
#194 = CARTESIAN_POINT('',(2.,-21.));
#195 = ( GEOMETRIC_REPRESENTATION_CONTEXT(2) 
PARAMETRIC_REPRESENTATION_CONTEXT() REPRESENTATION_CONTEXT('2D SPACE',''
  ) );
#196 = ORIENTED_EDGE('',*,*,#197,.F.);
#197 = EDGE_CURVE('',#46,#173,#198,.T.);
#198 = SURFACE_CURVE('',#199,(#202,#208),.PCURVE_S1.);
#199 = B_SPLINE_CURVE_WITH_KNOTS('',1,(#200,#201),.UNSPECIFIED.,.F.,.F.,
  (2,2),(0.,44.),.PIECEWISE_BEZIER_KNOTS.);
#200 = CARTESIAN_POINT('',(292.9391172083,74.715056627234,
    141.38989221983));
#201 = CARTESIAN_POINT('',(292.9391172083,118.71505662723,
    141.38989221983));
#202 = PCURVE('',#64,#203);
#203 = DEFINITIONAL_REPRESENTATION('',(#204),#207);
#204 = B_SPLINE_CURVE_WITH_KNOTS('',1,(#205,#206),.UNSPECIFIED.,.F.,.F.,
  (2,2),(0.,44.),.PIECEWISE_BEZIER_KNOTS.);
#205 = CARTESIAN_POINT('',(0.,21.));
#206 = CARTESIAN_POINT('',(44.,21.));
#207 = ( GEOMETRIC_REPRESENTATION_CONTEXT(2) 
PARAMETRIC_REPRESENTATION_CONTEXT() REPRESENTATION_CONTEXT('2D SPACE',''
  ) );
#208 = PCURVE('',#209,#214);
#209 = B_SPLINE_SURFACE_WITH_KNOTS('',1,1,(
    (#210,#211)
    ,(#212,#213
  )),.UNSPECIFIED.,.F.,.F.,.F.,(2,2),(2,2),(0.,44.),(0.,2.),
  .PIECEWISE_BEZIER_KNOTS.);
#210 = CARTESIAN_POINT('',(292.9391172083,74.715056627234,
    141.38989221983));
#211 = CARTESIAN_POINT('',(294.9391172083,74.715056627234,
    141.38989221983));
#212 = CARTESIAN_POINT('',(292.9391172083,118.71505662723,
    141.38989221983));
#213 = CARTESIAN_POINT('',(294.9391172083,118.71505662723,
    141.38989221983));
#214 = DEFINITIONAL_REPRESENTATION('',(#215),#218);
#215 = B_SPLINE_CURVE_WITH_KNOTS('',1,(#216,#217),.UNSPECIFIED.,.F.,.F.,
  (2,2),(0.,44.),.PIECEWISE_BEZIER_KNOTS.);
#216 = CARTESIAN_POINT('',(0.,0.));
#217 = CARTESIAN_POINT('',(44.,0.));
#218 = ( GEOMETRIC_REPRESENTATION_CONTEXT(2) 
PARAMETRIC_REPRESENTATION_CONTEXT() REPRESENTATION_CONTEXT('2D SPACE',''
  ) );
#219 = ADVANCED_FACE('',(#220),#137,.T.);
#220 = FACE_BOUND('',#221,.T.);
#221 = EDGE_LOOP('',(#222,#242,#243,#268));
#222 = ORIENTED_EDGE('',*,*,#223,.F.);
#223 = EDGE_CURVE('',#46,#224,#226,.T.);
#224 = VERTEX_POINT('',#225);
#225 = CARTESIAN_POINT('',(294.9391172083,74.715056627234,
    141.38989221983));
#226 = SURFACE_CURVE('',#227,(#230,#236),.PCURVE_S1.);
#227 = B_SPLINE_CURVE_WITH_KNOTS('',1,(#228,#229),.UNSPECIFIED.,.F.,.F.,
  (2,2),(0.,2.),.PIECEWISE_BEZIER_KNOTS.);
#228 = CARTESIAN_POINT('',(292.9391172083,74.715056627234,
    141.38989221983));
#229 = CARTESIAN_POINT('',(294.9391172083,74.715056627234,
    141.38989221983));
#230 = PCURVE('',#137,#231);
#231 = DEFINITIONAL_REPRESENTATION('',(#232),#235);
#232 = B_SPLINE_CURVE_WITH_KNOTS('',1,(#233,#234),.UNSPECIFIED.,.F.,.F.,
  (2,2),(0.,2.),.PIECEWISE_BEZIER_KNOTS.);
#233 = CARTESIAN_POINT('',(2.,-21.));
#234 = CARTESIAN_POINT('',(2.,-23.));
#235 = ( GEOMETRIC_REPRESENTATION_CONTEXT(2) 
PARAMETRIC_REPRESENTATION_CONTEXT() REPRESENTATION_CONTEXT('2D SPACE',''
  ) );
#236 = PCURVE('',#209,#237);
#237 = DEFINITIONAL_REPRESENTATION('',(#238),#241);
#238 = B_SPLINE_CURVE_WITH_KNOTS('',1,(#239,#240),.UNSPECIFIED.,.F.,.F.,
  (2,2),(0.,2.),.PIECEWISE_BEZIER_KNOTS.);
#239 = CARTESIAN_POINT('',(0.,0.));
#240 = CARTESIAN_POINT('',(0.,2.));
#241 = ( GEOMETRIC_REPRESENTATION_CONTEXT(2) 
PARAMETRIC_REPRESENTATION_CONTEXT() REPRESENTATION_CONTEXT('2D SPACE',''
  ) );
#242 = ORIENTED_EDGE('',*,*,#125,.F.);
#243 = ORIENTED_EDGE('',*,*,#244,.T.);
#244 = EDGE_CURVE('',#101,#245,#247,.T.);
#245 = VERTEX_POINT('',#246);
#246 = CARTESIAN_POINT('',(294.9391172083,74.715056627234,
    139.38989221983));
#247 = SURFACE_CURVE('',#248,(#251,#257),.PCURVE_S1.);
#248 = B_SPLINE_CURVE_WITH_KNOTS('',1,(#249,#250),.UNSPECIFIED.,.F.,.F.,
  (2,2),(21.,23.),.PIECEWISE_BEZIER_KNOTS.);
#249 = CARTESIAN_POINT('',(292.9391172083,74.715056627234,
    139.38989221983));
#250 = CARTESIAN_POINT('',(294.9391172083,74.715056627234,
    139.38989221983));
#251 = PCURVE('',#137,#252);
#252 = DEFINITIONAL_REPRESENTATION('',(#253),#256);
#253 = B_SPLINE_CURVE_WITH_KNOTS('',1,(#254,#255),.UNSPECIFIED.,.F.,.F.,
  (2,2),(21.,23.),.PIECEWISE_BEZIER_KNOTS.);
#254 = CARTESIAN_POINT('',(0.,-21.));
#255 = CARTESIAN_POINT('',(0.,-23.));
#256 = ( GEOMETRIC_REPRESENTATION_CONTEXT(2) 
PARAMETRIC_REPRESENTATION_CONTEXT() REPRESENTATION_CONTEXT('2D SPACE',''
  ) );
#257 = PCURVE('',#258,#263);
#258 = B_SPLINE_SURFACE_WITH_KNOTS('',1,1,(
    (#259,#260)
    ,(#261,#262
    )),.UNSPECIFIED.,.F.,.F.,.F.,(2,2),(2,2),(0.,44.),(0.,42.),
  .PIECEWISE_BEZIER_KNOTS.);
#259 = CARTESIAN_POINT('',(257.9391172083,74.715056627234,
    139.38989221983));
#260 = CARTESIAN_POINT('',(299.9391172083,74.715056627234,
    139.38989221983));
#261 = CARTESIAN_POINT('',(257.9391172083,118.71505662723,
    139.38989221983));
#262 = CARTESIAN_POINT('',(299.9391172083,118.71505662723,
    139.38989221983));
#263 = DEFINITIONAL_REPRESENTATION('',(#264),#267);
#264 = B_SPLINE_CURVE_WITH_KNOTS('',1,(#265,#266),.UNSPECIFIED.,.F.,.F.,
  (2,2),(21.,23.),.PIECEWISE_BEZIER_KNOTS.);
#265 = CARTESIAN_POINT('',(0.,35.));
#266 = CARTESIAN_POINT('',(0.,37.));
#267 = ( GEOMETRIC_REPRESENTATION_CONTEXT(2) 
PARAMETRIC_REPRESENTATION_CONTEXT() REPRESENTATION_CONTEXT('2D SPACE',''
  ) );
#268 = ORIENTED_EDGE('',*,*,#269,.T.);
#269 = EDGE_CURVE('',#245,#224,#270,.T.);
#270 = SURFACE_CURVE('',#271,(#274,#280),.PCURVE_S1.);
#271 = B_SPLINE_CURVE_WITH_KNOTS('',1,(#272,#273),.UNSPECIFIED.,.F.,.F.,
  (2,2),(22.,24.),.PIECEWISE_BEZIER_KNOTS.);
#272 = CARTESIAN_POINT('',(294.9391172083,74.715056627234,
    139.38989221983));
#273 = CARTESIAN_POINT('',(294.9391172083,74.715056627234,
    141.38989221983));
#274 = PCURVE('',#137,#275);
#275 = DEFINITIONAL_REPRESENTATION('',(#276),#279);
#276 = B_SPLINE_CURVE_WITH_KNOTS('',1,(#277,#278),.UNSPECIFIED.,.F.,.F.,
  (2,2),(22.,24.),.PIECEWISE_BEZIER_KNOTS.);
#277 = CARTESIAN_POINT('',(0.,-23.));
#278 = CARTESIAN_POINT('',(2.,-23.));
#279 = ( GEOMETRIC_REPRESENTATION_CONTEXT(2) 
PARAMETRIC_REPRESENTATION_CONTEXT() REPRESENTATION_CONTEXT('2D SPACE',''
  ) );
#280 = PCURVE('',#281,#286);
#281 = B_SPLINE_SURFACE_WITH_KNOTS('',1,1,(
    (#282,#283)
    ,(#284,#285
    )),.UNSPECIFIED.,.F.,.F.,.F.,(2,2),(2,2),(0.,2.),(-28.,-23.),
  .PIECEWISE_BEZIER_KNOTS.);
#282 = CARTESIAN_POINT('',(299.9391172083,74.715056627234,
    139.38989221983));
#283 = CARTESIAN_POINT('',(294.9391172083,74.715056627234,
    139.38989221983));
#284 = CARTESIAN_POINT('',(299.9391172083,74.715056627234,
    141.38989221983));
#285 = CARTESIAN_POINT('',(294.9391172083,74.715056627234,
    141.38989221983));
#286 = DEFINITIONAL_REPRESENTATION('',(#287),#290);
#287 = B_SPLINE_CURVE_WITH_KNOTS('',1,(#288,#289),.UNSPECIFIED.,.F.,.F.,
  (2,2),(22.,24.),.PIECEWISE_BEZIER_KNOTS.);
#288 = CARTESIAN_POINT('',(0.,-23.));
#289 = CARTESIAN_POINT('',(2.,-23.));
#290 = ( GEOMETRIC_REPRESENTATION_CONTEXT(2) 
PARAMETRIC_REPRESENTATION_CONTEXT() REPRESENTATION_CONTEXT('2D SPACE',''
  ) );
#291 = ADVANCED_FACE('',(#292),#114,.T.);
#292 = FACE_BOUND('',#293,.T.);
#293 = EDGE_LOOP('',(#294,#295,#315,#335));
#294 = ORIENTED_EDGE('',*,*,#100,.F.);
#295 = ORIENTED_EDGE('',*,*,#296,.T.);
#296 = EDGE_CURVE('',#76,#297,#299,.T.);
#297 = VERTEX_POINT('',#298);
#298 = CARTESIAN_POINT('',(271.9391172083,118.71505662723,
    139.38989221983));
#299 = SURFACE_CURVE('',#300,(#303,#309),.PCURVE_S1.);
#300 = B_SPLINE_CURVE_WITH_KNOTS('',1,(#301,#302),.UNSPECIFIED.,.F.,.F.,
  (2,2),(0.,44.),.PIECEWISE_BEZIER_KNOTS.);
#301 = CARTESIAN_POINT('',(271.9391172083,74.715056627234,
    139.38989221983));
#302 = CARTESIAN_POINT('',(271.9391172083,118.71505662723,
    139.38989221983));
#303 = PCURVE('',#114,#304);
#304 = DEFINITIONAL_REPRESENTATION('',(#305),#308);
#305 = B_SPLINE_CURVE_WITH_KNOTS('',1,(#306,#307),.UNSPECIFIED.,.F.,.F.,
  (2,2),(0.,44.),.PIECEWISE_BEZIER_KNOTS.);
#306 = CARTESIAN_POINT('',(0.,0.));
#307 = CARTESIAN_POINT('',(44.,0.));
#308 = ( GEOMETRIC_REPRESENTATION_CONTEXT(2) 
PARAMETRIC_REPRESENTATION_CONTEXT() REPRESENTATION_CONTEXT('2D SPACE',''
  ) );
#309 = PCURVE('',#89,#310);
#310 = DEFINITIONAL_REPRESENTATION('',(#311),#314);
#311 = B_SPLINE_CURVE_WITH_KNOTS('',1,(#312,#313),.UNSPECIFIED.,.F.,.F.,
  (2,2),(0.,44.),.PIECEWISE_BEZIER_KNOTS.);
#312 = CARTESIAN_POINT('',(0.,0.));
#313 = CARTESIAN_POINT('',(0.,44.));
#314 = ( GEOMETRIC_REPRESENTATION_CONTEXT(2) 
PARAMETRIC_REPRESENTATION_CONTEXT() REPRESENTATION_CONTEXT('2D SPACE',''
  ) );
#315 = ORIENTED_EDGE('',*,*,#316,.T.);
#316 = EDGE_CURVE('',#297,#317,#319,.T.);
#317 = VERTEX_POINT('',#318);
#318 = CARTESIAN_POINT('',(292.9391172083,118.71505662723,
    139.38989221983));
#319 = SURFACE_CURVE('',#320,(#323,#329),.PCURVE_S1.);
#320 = B_SPLINE_CURVE_WITH_KNOTS('',1,(#321,#322),.UNSPECIFIED.,.F.,.F.,
  (2,2),(0.,21.),.PIECEWISE_BEZIER_KNOTS.);
#321 = CARTESIAN_POINT('',(271.9391172083,118.71505662723,
    139.38989221983));
#322 = CARTESIAN_POINT('',(292.9391172083,118.71505662723,
    139.38989221983));
#323 = PCURVE('',#114,#324);
#324 = DEFINITIONAL_REPRESENTATION('',(#325),#328);
#325 = B_SPLINE_CURVE_WITH_KNOTS('',1,(#326,#327),.UNSPECIFIED.,.F.,.F.,
  (2,2),(0.,21.),.PIECEWISE_BEZIER_KNOTS.);
#326 = CARTESIAN_POINT('',(44.,0.));
#327 = CARTESIAN_POINT('',(44.,21.));
#328 = ( GEOMETRIC_REPRESENTATION_CONTEXT(2) 
PARAMETRIC_REPRESENTATION_CONTEXT() REPRESENTATION_CONTEXT('2D SPACE',''
  ) );
#329 = PCURVE('',#186,#330);
#330 = DEFINITIONAL_REPRESENTATION('',(#331),#334);
#331 = B_SPLINE_CURVE_WITH_KNOTS('',1,(#332,#333),.UNSPECIFIED.,.F.,.F.,
  (2,2),(0.,21.),.PIECEWISE_BEZIER_KNOTS.);
#332 = CARTESIAN_POINT('',(0.,0.));
#333 = CARTESIAN_POINT('',(0.,-21.));
#334 = ( GEOMETRIC_REPRESENTATION_CONTEXT(2) 
PARAMETRIC_REPRESENTATION_CONTEXT() REPRESENTATION_CONTEXT('2D SPACE',''
  ) );
#335 = ORIENTED_EDGE('',*,*,#336,.T.);
#336 = EDGE_CURVE('',#317,#101,#337,.T.);
#337 = SURFACE_CURVE('',#338,(#341,#347),.PCURVE_S1.);
#338 = B_SPLINE_CURVE_WITH_KNOTS('',1,(#339,#340),.UNSPECIFIED.,.F.,.F.,
  (2,2),(-44.,0.),.PIECEWISE_BEZIER_KNOTS.);
#339 = CARTESIAN_POINT('',(292.9391172083,118.71505662723,
    139.38989221983));
#340 = CARTESIAN_POINT('',(292.9391172083,74.715056627234,
    139.38989221983));
#341 = PCURVE('',#114,#342);
#342 = DEFINITIONAL_REPRESENTATION('',(#343),#346);
#343 = B_SPLINE_CURVE_WITH_KNOTS('',1,(#344,#345),.UNSPECIFIED.,.F.,.F.,
  (2,2),(-44.,0.),.PIECEWISE_BEZIER_KNOTS.);
#344 = CARTESIAN_POINT('',(44.,21.));
#345 = CARTESIAN_POINT('',(0.,21.));
#346 = ( GEOMETRIC_REPRESENTATION_CONTEXT(2) 
PARAMETRIC_REPRESENTATION_CONTEXT() REPRESENTATION_CONTEXT('2D SPACE',''
  ) );
#347 = PCURVE('',#258,#348);
#348 = DEFINITIONAL_REPRESENTATION('',(#349),#353);
#349 = B_SPLINE_CURVE_WITH_KNOTS('',2,(#350,#351,#352),.UNSPECIFIED.,.F.
  ,.F.,(3,3),(-44.,0.),.PIECEWISE_BEZIER_KNOTS.);
#350 = CARTESIAN_POINT('',(44.,35.));
#351 = CARTESIAN_POINT('',(22.,35.));
#352 = CARTESIAN_POINT('',(7.105427357601E-15,35.));
#353 = ( GEOMETRIC_REPRESENTATION_CONTEXT(2) 
PARAMETRIC_REPRESENTATION_CONTEXT() REPRESENTATION_CONTEXT('2D SPACE',''
  ) );
#354 = ADVANCED_FACE('',(#355),#89,.T.);
#355 = FACE_BOUND('',#356,.T.);
#356 = EDGE_LOOP('',(#357,#358,#359,#360));
#357 = ORIENTED_EDGE('',*,*,#296,.F.);
#358 = ORIENTED_EDGE('',*,*,#75,.T.);
#359 = ORIENTED_EDGE('',*,*,#152,.T.);
#360 = ORIENTED_EDGE('',*,*,#361,.F.);
#361 = EDGE_CURVE('',#297,#153,#362,.T.);
#362 = SURFACE_CURVE('',#363,(#366,#372),.PCURVE_S1.);
#363 = B_SPLINE_CURVE_WITH_KNOTS('',1,(#364,#365),.UNSPECIFIED.,.F.,.F.,
  (2,2),(0.,2.),.PIECEWISE_BEZIER_KNOTS.);
#364 = CARTESIAN_POINT('',(271.9391172083,118.71505662723,
    139.38989221983));
#365 = CARTESIAN_POINT('',(271.9391172083,118.71505662723,
    141.38989221983));
#366 = PCURVE('',#89,#367);
#367 = DEFINITIONAL_REPRESENTATION('',(#368),#371);
#368 = B_SPLINE_CURVE_WITH_KNOTS('',1,(#369,#370),.UNSPECIFIED.,.F.,.F.,
  (2,2),(0.,2.),.PIECEWISE_BEZIER_KNOTS.);
#369 = CARTESIAN_POINT('',(0.,44.));
#370 = CARTESIAN_POINT('',(2.,44.));
#371 = ( GEOMETRIC_REPRESENTATION_CONTEXT(2) 
PARAMETRIC_REPRESENTATION_CONTEXT() REPRESENTATION_CONTEXT('2D SPACE',''
  ) );
#372 = PCURVE('',#186,#373);
#373 = DEFINITIONAL_REPRESENTATION('',(#374),#377);
#374 = B_SPLINE_CURVE_WITH_KNOTS('',1,(#375,#376),.UNSPECIFIED.,.F.,.F.,
  (2,2),(0.,2.),.PIECEWISE_BEZIER_KNOTS.);
#375 = CARTESIAN_POINT('',(0.,0.));
#376 = CARTESIAN_POINT('',(2.,0.));
#377 = ( GEOMETRIC_REPRESENTATION_CONTEXT(2) 
PARAMETRIC_REPRESENTATION_CONTEXT() REPRESENTATION_CONTEXT('2D SPACE',''
  ) );
#378 = ADVANCED_FACE('',(#379),#209,.F.);
#379 = FACE_BOUND('',#380,.F.);
#380 = EDGE_LOOP('',(#381,#382,#383,#408));
#381 = ORIENTED_EDGE('',*,*,#223,.F.);
#382 = ORIENTED_EDGE('',*,*,#197,.T.);
#383 = ORIENTED_EDGE('',*,*,#384,.T.);
#384 = EDGE_CURVE('',#173,#385,#387,.T.);
#385 = VERTEX_POINT('',#386);
#386 = CARTESIAN_POINT('',(294.9391172083,118.71505662723,
    141.38989221983));
#387 = SURFACE_CURVE('',#388,(#391,#397),.PCURVE_S1.);
#388 = B_SPLINE_CURVE_WITH_KNOTS('',1,(#389,#390),.UNSPECIFIED.,.F.,.F.,
  (2,2),(0.,2.),.PIECEWISE_BEZIER_KNOTS.);
#389 = CARTESIAN_POINT('',(292.9391172083,118.71505662723,
    141.38989221983));
#390 = CARTESIAN_POINT('',(294.9391172083,118.71505662723,
    141.38989221983));
#391 = PCURVE('',#209,#392);
#392 = DEFINITIONAL_REPRESENTATION('',(#393),#396);
#393 = B_SPLINE_CURVE_WITH_KNOTS('',1,(#394,#395),.UNSPECIFIED.,.F.,.F.,
  (2,2),(0.,2.),.PIECEWISE_BEZIER_KNOTS.);
#394 = CARTESIAN_POINT('',(44.,0.));
#395 = CARTESIAN_POINT('',(44.,2.));
#396 = ( GEOMETRIC_REPRESENTATION_CONTEXT(2) 
PARAMETRIC_REPRESENTATION_CONTEXT() REPRESENTATION_CONTEXT('2D SPACE',''
  ) );
#397 = PCURVE('',#398,#403);
#398 = B_SPLINE_SURFACE_WITH_KNOTS('',1,1,(
    (#399,#400)
    ,(#401,#402
    )),.UNSPECIFIED.,.F.,.F.,.F.,(2,2),(2,2),(0.,2.),(-23.,-21.),
  .PIECEWISE_BEZIER_KNOTS.);
#399 = CARTESIAN_POINT('',(294.9391172083,118.71505662723,
    139.38989221983));
#400 = CARTESIAN_POINT('',(292.9391172083,118.71505662723,
    139.38989221983));
#401 = CARTESIAN_POINT('',(294.9391172083,118.71505662723,
    141.38989221983));
#402 = CARTESIAN_POINT('',(292.9391172083,118.71505662723,
    141.38989221983));
#403 = DEFINITIONAL_REPRESENTATION('',(#404),#407);
#404 = B_SPLINE_CURVE_WITH_KNOTS('',1,(#405,#406),.UNSPECIFIED.,.F.,.F.,
  (2,2),(0.,2.),.PIECEWISE_BEZIER_KNOTS.);
#405 = CARTESIAN_POINT('',(2.,-21.));
#406 = CARTESIAN_POINT('',(2.,-23.));
#407 = ( GEOMETRIC_REPRESENTATION_CONTEXT(2) 
PARAMETRIC_REPRESENTATION_CONTEXT() REPRESENTATION_CONTEXT('2D SPACE',''
  ) );
#408 = ORIENTED_EDGE('',*,*,#409,.F.);
#409 = EDGE_CURVE('',#224,#385,#410,.T.);
#410 = SURFACE_CURVE('',#411,(#414,#420),.PCURVE_S1.);
#411 = B_SPLINE_CURVE_WITH_KNOTS('',1,(#412,#413),.UNSPECIFIED.,.F.,.F.,
  (2,2),(0.,44.),.PIECEWISE_BEZIER_KNOTS.);
#412 = CARTESIAN_POINT('',(294.9391172083,74.715056627234,
    141.38989221983));
#413 = CARTESIAN_POINT('',(294.9391172083,118.71505662723,
    141.38989221983));
#414 = PCURVE('',#209,#415);
#415 = DEFINITIONAL_REPRESENTATION('',(#416),#419);
#416 = B_SPLINE_CURVE_WITH_KNOTS('',1,(#417,#418),.UNSPECIFIED.,.F.,.F.,
  (2,2),(0.,44.),.PIECEWISE_BEZIER_KNOTS.);
#417 = CARTESIAN_POINT('',(0.,2.));
#418 = CARTESIAN_POINT('',(44.,2.));
#419 = ( GEOMETRIC_REPRESENTATION_CONTEXT(2) 
PARAMETRIC_REPRESENTATION_CONTEXT() REPRESENTATION_CONTEXT('2D SPACE',''
  ) );
#420 = PCURVE('',#421,#426);
#421 = B_SPLINE_SURFACE_WITH_KNOTS('',1,1,(
    (#422,#423)
    ,(#424,#425
    )),.UNSPECIFIED.,.F.,.F.,.F.,(2,2),(2,2),(0.,44.),(23.,28.),
  .PIECEWISE_BEZIER_KNOTS.);
#422 = CARTESIAN_POINT('',(294.9391172083,74.715056627234,
    141.38989221983));
#423 = CARTESIAN_POINT('',(299.9391172083,74.715056627234,
    141.38989221983));
#424 = CARTESIAN_POINT('',(294.9391172083,118.71505662723,
    141.38989221983));
#425 = CARTESIAN_POINT('',(299.9391172083,118.71505662723,
    141.38989221983));
#426 = DEFINITIONAL_REPRESENTATION('',(#427),#430);
#427 = B_SPLINE_CURVE_WITH_KNOTS('',1,(#428,#429),.UNSPECIFIED.,.F.,.F.,
  (2,2),(0.,44.),.PIECEWISE_BEZIER_KNOTS.);
#428 = CARTESIAN_POINT('',(0.,23.));
#429 = CARTESIAN_POINT('',(44.,23.));
#430 = ( GEOMETRIC_REPRESENTATION_CONTEXT(2) 
PARAMETRIC_REPRESENTATION_CONTEXT() REPRESENTATION_CONTEXT('2D SPACE',''
  ) );
#431 = ADVANCED_FACE('',(#432),#186,.F.);
#432 = FACE_BOUND('',#433,.F.);
#433 = EDGE_LOOP('',(#434,#435,#436,#437));
#434 = ORIENTED_EDGE('',*,*,#172,.F.);
#435 = ORIENTED_EDGE('',*,*,#361,.F.);
#436 = ORIENTED_EDGE('',*,*,#316,.T.);
#437 = ORIENTED_EDGE('',*,*,#438,.T.);
#438 = EDGE_CURVE('',#317,#173,#439,.T.);
#439 = SURFACE_CURVE('',#440,(#443,#449),.PCURVE_S1.);
#440 = B_SPLINE_CURVE_WITH_KNOTS('',1,(#441,#442),.UNSPECIFIED.,.F.,.F.,
  (2,2),(22.,24.),.PIECEWISE_BEZIER_KNOTS.);
#441 = CARTESIAN_POINT('',(292.9391172083,118.71505662723,
    139.38989221983));
#442 = CARTESIAN_POINT('',(292.9391172083,118.71505662723,
    141.38989221983));
#443 = PCURVE('',#186,#444);
#444 = DEFINITIONAL_REPRESENTATION('',(#445),#448);
#445 = B_SPLINE_CURVE_WITH_KNOTS('',1,(#446,#447),.UNSPECIFIED.,.F.,.F.,
  (2,2),(22.,24.),.PIECEWISE_BEZIER_KNOTS.);
#446 = CARTESIAN_POINT('',(0.,-21.));
#447 = CARTESIAN_POINT('',(2.,-21.));
#448 = ( GEOMETRIC_REPRESENTATION_CONTEXT(2) 
PARAMETRIC_REPRESENTATION_CONTEXT() REPRESENTATION_CONTEXT('2D SPACE',''
  ) );
#449 = PCURVE('',#398,#450);
#450 = DEFINITIONAL_REPRESENTATION('',(#451),#454);
#451 = B_SPLINE_CURVE_WITH_KNOTS('',1,(#452,#453),.UNSPECIFIED.,.F.,.F.,
  (2,2),(22.,24.),.PIECEWISE_BEZIER_KNOTS.);
#452 = CARTESIAN_POINT('',(0.,-21.));
#453 = CARTESIAN_POINT('',(2.,-21.));
#454 = ( GEOMETRIC_REPRESENTATION_CONTEXT(2) 
PARAMETRIC_REPRESENTATION_CONTEXT() REPRESENTATION_CONTEXT('2D SPACE',''
  ) );
#455 = ADVANCED_FACE('',(#456),#281,.T.);
#456 = FACE_BOUND('',#457,.T.);
#457 = EDGE_LOOP('',(#458,#478,#479,#504));
#458 = ORIENTED_EDGE('',*,*,#459,.F.);
#459 = EDGE_CURVE('',#224,#460,#462,.T.);
#460 = VERTEX_POINT('',#461);
#461 = CARTESIAN_POINT('',(299.9391172083,74.715056627234,
    141.38989221983));
#462 = SURFACE_CURVE('',#463,(#466,#472),.PCURVE_S1.);
#463 = B_SPLINE_CURVE_WITH_KNOTS('',1,(#464,#465),.UNSPECIFIED.,.F.,.F.,
  (2,2),(23.,28.),.PIECEWISE_BEZIER_KNOTS.);
#464 = CARTESIAN_POINT('',(294.9391172083,74.715056627234,
    141.38989221983));
#465 = CARTESIAN_POINT('',(299.9391172083,74.715056627234,
    141.38989221983));
#466 = PCURVE('',#281,#467);
#467 = DEFINITIONAL_REPRESENTATION('',(#468),#471);
#468 = B_SPLINE_CURVE_WITH_KNOTS('',1,(#469,#470),.UNSPECIFIED.,.F.,.F.,
  (2,2),(23.,28.),.PIECEWISE_BEZIER_KNOTS.);
#469 = CARTESIAN_POINT('',(2.,-23.));
#470 = CARTESIAN_POINT('',(2.,-28.));
#471 = ( GEOMETRIC_REPRESENTATION_CONTEXT(2) 
PARAMETRIC_REPRESENTATION_CONTEXT() REPRESENTATION_CONTEXT('2D SPACE',''
  ) );
#472 = PCURVE('',#421,#473);
#473 = DEFINITIONAL_REPRESENTATION('',(#474),#477);
#474 = B_SPLINE_CURVE_WITH_KNOTS('',1,(#475,#476),.UNSPECIFIED.,.F.,.F.,
  (2,2),(23.,28.),.PIECEWISE_BEZIER_KNOTS.);
#475 = CARTESIAN_POINT('',(0.,23.));
#476 = CARTESIAN_POINT('',(0.,28.));
#477 = ( GEOMETRIC_REPRESENTATION_CONTEXT(2) 
PARAMETRIC_REPRESENTATION_CONTEXT() REPRESENTATION_CONTEXT('2D SPACE',''
  ) );
#478 = ORIENTED_EDGE('',*,*,#269,.F.);
#479 = ORIENTED_EDGE('',*,*,#480,.T.);
#480 = EDGE_CURVE('',#245,#481,#483,.T.);
#481 = VERTEX_POINT('',#482);
#482 = CARTESIAN_POINT('',(299.9391172083,74.715056627234,
    139.38989221983));
#483 = SURFACE_CURVE('',#484,(#487,#493),.PCURVE_S1.);
#484 = B_SPLINE_CURVE_WITH_KNOTS('',1,(#485,#486),.UNSPECIFIED.,.F.,.F.,
  (2,2),(23.,28.),.PIECEWISE_BEZIER_KNOTS.);
#485 = CARTESIAN_POINT('',(294.9391172083,74.715056627234,
    139.38989221983));
#486 = CARTESIAN_POINT('',(299.9391172083,74.715056627234,
    139.38989221983));
#487 = PCURVE('',#281,#488);
#488 = DEFINITIONAL_REPRESENTATION('',(#489),#492);
#489 = B_SPLINE_CURVE_WITH_KNOTS('',1,(#490,#491),.UNSPECIFIED.,.F.,.F.,
  (2,2),(23.,28.),.PIECEWISE_BEZIER_KNOTS.);
#490 = CARTESIAN_POINT('',(0.,-23.));
#491 = CARTESIAN_POINT('',(0.,-28.));
#492 = ( GEOMETRIC_REPRESENTATION_CONTEXT(2) 
PARAMETRIC_REPRESENTATION_CONTEXT() REPRESENTATION_CONTEXT('2D SPACE',''
  ) );
#493 = PCURVE('',#494,#499);
#494 = B_SPLINE_SURFACE_WITH_KNOTS('',1,1,(
    (#495,#496)
    ,(#497,#498
    )),.UNSPECIFIED.,.F.,.F.,.F.,(2,2),(2,2),(0.,44.),(23.,28.),
  .PIECEWISE_BEZIER_KNOTS.);
#495 = CARTESIAN_POINT('',(294.9391172083,74.715056627234,
    139.38989221983));
#496 = CARTESIAN_POINT('',(299.9391172083,74.715056627234,
    139.38989221983));
#497 = CARTESIAN_POINT('',(294.9391172083,118.71505662723,
    139.38989221983));
#498 = CARTESIAN_POINT('',(299.9391172083,118.71505662723,
    139.38989221983));
#499 = DEFINITIONAL_REPRESENTATION('',(#500),#503);
#500 = B_SPLINE_CURVE_WITH_KNOTS('',1,(#501,#502),.UNSPECIFIED.,.F.,.F.,
  (2,2),(23.,28.),.PIECEWISE_BEZIER_KNOTS.);
#501 = CARTESIAN_POINT('',(0.,23.));
#502 = CARTESIAN_POINT('',(0.,28.));
#503 = ( GEOMETRIC_REPRESENTATION_CONTEXT(2) 
PARAMETRIC_REPRESENTATION_CONTEXT() REPRESENTATION_CONTEXT('2D SPACE',''
  ) );
#504 = ORIENTED_EDGE('',*,*,#505,.T.);
#505 = EDGE_CURVE('',#481,#460,#506,.T.);
#506 = SURFACE_CURVE('',#507,(#510,#516),.PCURVE_S1.);
#507 = B_SPLINE_CURVE_WITH_KNOTS('',1,(#508,#509),.UNSPECIFIED.,.F.,.F.,
  (2,2),(0.,2.),.PIECEWISE_BEZIER_KNOTS.);
#508 = CARTESIAN_POINT('',(299.9391172083,74.715056627234,
    139.38989221983));
#509 = CARTESIAN_POINT('',(299.9391172083,74.715056627234,
    141.38989221983));
#510 = PCURVE('',#281,#511);
#511 = DEFINITIONAL_REPRESENTATION('',(#512),#515);
#512 = B_SPLINE_CURVE_WITH_KNOTS('',1,(#513,#514),.UNSPECIFIED.,.F.,.F.,
  (2,2),(0.,2.),.PIECEWISE_BEZIER_KNOTS.);
#513 = CARTESIAN_POINT('',(0.,-28.));
#514 = CARTESIAN_POINT('',(2.,-28.));
#515 = ( GEOMETRIC_REPRESENTATION_CONTEXT(2) 
PARAMETRIC_REPRESENTATION_CONTEXT() REPRESENTATION_CONTEXT('2D SPACE',''
  ) );
#516 = PCURVE('',#517,#522);
#517 = B_SPLINE_SURFACE_WITH_KNOTS('',1,1,(
    (#518,#519)
    ,(#520,#521
  )),.UNSPECIFIED.,.F.,.F.,.F.,(2,2),(2,2),(0.,2.),(0.,44.),
  .PIECEWISE_BEZIER_KNOTS.);
#518 = CARTESIAN_POINT('',(299.9391172083,74.715056627234,
    139.38989221983));
#519 = CARTESIAN_POINT('',(299.9391172083,118.71505662723,
    139.38989221983));
#520 = CARTESIAN_POINT('',(299.9391172083,74.715056627234,
    141.38989221983));
#521 = CARTESIAN_POINT('',(299.9391172083,118.71505662723,
    141.38989221983));
#522 = DEFINITIONAL_REPRESENTATION('',(#523),#526);
#523 = B_SPLINE_CURVE_WITH_KNOTS('',1,(#524,#525),.UNSPECIFIED.,.F.,.F.,
  (2,2),(0.,2.),.PIECEWISE_BEZIER_KNOTS.);
#524 = CARTESIAN_POINT('',(0.,0.));
#525 = CARTESIAN_POINT('',(2.,0.));
#526 = ( GEOMETRIC_REPRESENTATION_CONTEXT(2) 
PARAMETRIC_REPRESENTATION_CONTEXT() REPRESENTATION_CONTEXT('2D SPACE',''
  ) );
#527 = ADVANCED_FACE('',(#528),#258,.T.);
#528 = FACE_BOUND('',#529,.T.);
#529 = EDGE_LOOP('',(#530,#531,#532,#552));
#530 = ORIENTED_EDGE('',*,*,#244,.F.);
#531 = ORIENTED_EDGE('',*,*,#336,.F.);
#532 = ORIENTED_EDGE('',*,*,#533,.T.);
#533 = EDGE_CURVE('',#317,#534,#536,.T.);
#534 = VERTEX_POINT('',#535);
#535 = CARTESIAN_POINT('',(294.9391172083,118.71505662723,
    139.38989221983));
#536 = SURFACE_CURVE('',#537,(#540,#546),.PCURVE_S1.);
#537 = B_SPLINE_CURVE_WITH_KNOTS('',1,(#538,#539),.UNSPECIFIED.,.F.,.F.,
  (2,2),(21.,23.),.PIECEWISE_BEZIER_KNOTS.);
#538 = CARTESIAN_POINT('',(292.9391172083,118.71505662723,
    139.38989221983));
#539 = CARTESIAN_POINT('',(294.9391172083,118.71505662723,
    139.38989221983));
#540 = PCURVE('',#258,#541);
#541 = DEFINITIONAL_REPRESENTATION('',(#542),#545);
#542 = B_SPLINE_CURVE_WITH_KNOTS('',1,(#543,#544),.UNSPECIFIED.,.F.,.F.,
  (2,2),(21.,23.),.PIECEWISE_BEZIER_KNOTS.);
#543 = CARTESIAN_POINT('',(44.,35.));
#544 = CARTESIAN_POINT('',(44.,37.));
#545 = ( GEOMETRIC_REPRESENTATION_CONTEXT(2) 
PARAMETRIC_REPRESENTATION_CONTEXT() REPRESENTATION_CONTEXT('2D SPACE',''
  ) );
#546 = PCURVE('',#398,#547);
#547 = DEFINITIONAL_REPRESENTATION('',(#548),#551);
#548 = B_SPLINE_CURVE_WITH_KNOTS('',1,(#549,#550),.UNSPECIFIED.,.F.,.F.,
  (2,2),(21.,23.),.PIECEWISE_BEZIER_KNOTS.);
#549 = CARTESIAN_POINT('',(0.,-21.));
#550 = CARTESIAN_POINT('',(0.,-23.));
#551 = ( GEOMETRIC_REPRESENTATION_CONTEXT(2) 
PARAMETRIC_REPRESENTATION_CONTEXT() REPRESENTATION_CONTEXT('2D SPACE',''
  ) );
#552 = ORIENTED_EDGE('',*,*,#553,.T.);
#553 = EDGE_CURVE('',#534,#245,#554,.T.);
#554 = SURFACE_CURVE('',#555,(#558,#565),.PCURVE_S1.);
#555 = B_SPLINE_CURVE_WITH_KNOTS('',1,(#556,#557),.UNSPECIFIED.,.F.,.F.,
  (2,2),(-44.,0.),.PIECEWISE_BEZIER_KNOTS.);
#556 = CARTESIAN_POINT('',(294.9391172083,118.71505662723,
    139.38989221983));
#557 = CARTESIAN_POINT('',(294.9391172083,74.715056627234,
    139.38989221983));
#558 = PCURVE('',#258,#559);
#559 = DEFINITIONAL_REPRESENTATION('',(#560),#564);
#560 = B_SPLINE_CURVE_WITH_KNOTS('',2,(#561,#562,#563),.UNSPECIFIED.,.F.
  ,.F.,(3,3),(-44.,0.),.PIECEWISE_BEZIER_KNOTS.);
#561 = CARTESIAN_POINT('',(44.,37.));
#562 = CARTESIAN_POINT('',(22.,37.));
#563 = CARTESIAN_POINT('',(7.105427357601E-15,37.));
#564 = ( GEOMETRIC_REPRESENTATION_CONTEXT(2) 
PARAMETRIC_REPRESENTATION_CONTEXT() REPRESENTATION_CONTEXT('2D SPACE',''
  ) );
#565 = PCURVE('',#494,#566);
#566 = DEFINITIONAL_REPRESENTATION('',(#567),#570);
#567 = B_SPLINE_CURVE_WITH_KNOTS('',1,(#568,#569),.UNSPECIFIED.,.F.,.F.,
  (2,2),(-44.,0.),.PIECEWISE_BEZIER_KNOTS.);
#568 = CARTESIAN_POINT('',(44.,23.));
#569 = CARTESIAN_POINT('',(0.,23.));
#570 = ( GEOMETRIC_REPRESENTATION_CONTEXT(2) 
PARAMETRIC_REPRESENTATION_CONTEXT() REPRESENTATION_CONTEXT('2D SPACE',''
  ) );
#571 = ADVANCED_FACE('',(#572),#421,.F.);
#572 = FACE_BOUND('',#573,.F.);
#573 = EDGE_LOOP('',(#574,#575,#576,#601,#656,#975));
#574 = ORIENTED_EDGE('',*,*,#459,.F.);
#575 = ORIENTED_EDGE('',*,*,#409,.T.);
#576 = ORIENTED_EDGE('',*,*,#577,.T.);
#577 = EDGE_CURVE('',#385,#578,#580,.T.);
#578 = VERTEX_POINT('',#579);
#579 = CARTESIAN_POINT('',(297.60331558117,118.71505662723,
    141.38989221983));
#580 = SURFACE_CURVE('',#581,(#584,#590),.PCURVE_S1.);
#581 = B_SPLINE_CURVE_WITH_KNOTS('',1,(#582,#583),.UNSPECIFIED.,.F.,.F.,
  (2,2),(23.,28.),.PIECEWISE_BEZIER_KNOTS.);
#582 = CARTESIAN_POINT('',(294.9391172083,118.71505662723,
    141.38989221983));
#583 = CARTESIAN_POINT('',(299.9391172083,118.71505662723,
    141.38989221983));
#584 = PCURVE('',#421,#585);
#585 = DEFINITIONAL_REPRESENTATION('',(#586),#589);
#586 = B_SPLINE_CURVE_WITH_KNOTS('',1,(#587,#588),.UNSPECIFIED.,.F.,.F.,
  (2,2),(23.,28.),.PIECEWISE_BEZIER_KNOTS.);
#587 = CARTESIAN_POINT('',(44.,23.));
#588 = CARTESIAN_POINT('',(44.,28.));
#589 = ( GEOMETRIC_REPRESENTATION_CONTEXT(2) 
PARAMETRIC_REPRESENTATION_CONTEXT() REPRESENTATION_CONTEXT('2D SPACE',''
  ) );
#590 = PCURVE('',#591,#596);
#591 = B_SPLINE_SURFACE_WITH_KNOTS('',1,1,(
    (#592,#593)
    ,(#594,#595
    )),.UNSPECIFIED.,.F.,.F.,.F.,(2,2),(2,2),(0.,2.),(-28.,-23.),
  .PIECEWISE_BEZIER_KNOTS.);
#592 = CARTESIAN_POINT('',(299.9391172083,118.71505662723,
    139.38989221983));
#593 = CARTESIAN_POINT('',(294.9391172083,118.71505662723,
    139.38989221983));
#594 = CARTESIAN_POINT('',(299.9391172083,118.71505662723,
    141.38989221983));
#595 = CARTESIAN_POINT('',(294.9391172083,118.71505662723,
    141.38989221983));
#596 = DEFINITIONAL_REPRESENTATION('',(#597),#600);
#597 = B_SPLINE_CURVE_WITH_KNOTS('',1,(#598,#599),.UNSPECIFIED.,.F.,.F.,
  (2,2),(23.,28.),.PIECEWISE_BEZIER_KNOTS.);
#598 = CARTESIAN_POINT('',(2.,-23.));
#599 = CARTESIAN_POINT('',(2.,-28.));
#600 = ( GEOMETRIC_REPRESENTATION_CONTEXT(2) 
PARAMETRIC_REPRESENTATION_CONTEXT() REPRESENTATION_CONTEXT('2D SPACE',''
  ) );
#601 = ORIENTED_EDGE('',*,*,#602,.T.);
#602 = EDGE_CURVE('',#578,#603,#605,.T.);
#603 = VERTEX_POINT('',#604);
#604 = CARTESIAN_POINT('',(296.73646690434,97.376975542404,
    141.38989221983));
#605 = SURFACE_CURVE('',#606,(#619,#635),.PCURVE_S1.);
#606 = B_SPLINE_CURVE_WITH_KNOTS('',6,(#607,#608,#609,#610,#611,#612,
    #613,#614,#615,#616,#617,#618),.UNSPECIFIED.,.F.,.F.,(7,5,7),(0.,
    0.499112758574,1.),.UNSPECIFIED.);
#607 = CARTESIAN_POINT('',(297.60331558117,118.71505662723,
    141.38989221983));
#608 = CARTESIAN_POINT('',(297.51610353101,116.9407300922,
    141.38989221983));
#609 = CARTESIAN_POINT('',(297.43163188916,115.16626611468,
    141.38989221983));
#610 = CARTESIAN_POINT('',(297.3499483333,113.39166599912,
    141.38989221983));
#611 = CARTESIAN_POINT('',(297.27112717696,111.61693035819,
    141.38989221983));
#612 = CARTESIAN_POINT('',(297.19528088046,109.84205861907,
    141.38989221983));
#613 = CARTESIAN_POINT('',(297.04960374145,106.28572779226,
    141.38989221983));
#614 = CARTESIAN_POINT('',(296.97979567117,104.50426835801,
    141.38989221983));
#615 = CARTESIAN_POINT('',(296.91331173087,102.72266727465,
    141.38989221983));
#616 = CARTESIAN_POINT('',(296.85037460442,100.94092134222,
    141.38989221983));
#617 = CARTESIAN_POINT('',(296.79127587494,99.159026742495,
    141.38989221983));
#618 = CARTESIAN_POINT('',(296.73646690434,97.376975542404,
    141.38989221983));
#619 = PCURVE('',#421,#620);
#620 = DEFINITIONAL_REPRESENTATION('',(#621),#634);
#621 = B_SPLINE_CURVE_WITH_KNOTS('',6,(#622,#623,#624,#625,#626,#627,
    #628,#629,#630,#631,#632,#633),.UNSPECIFIED.,.F.,.F.,(7,5,7),(0.,
    0.499112758574,1.),.UNSPECIFIED.);
#622 = CARTESIAN_POINT('',(44.,25.664198372867));
#623 = CARTESIAN_POINT('',(42.225673464971,25.576986322706));
#624 = CARTESIAN_POINT('',(40.451209487455,25.492514680856));
#625 = CARTESIAN_POINT('',(38.676609371894,25.410831124997));
#626 = CARTESIAN_POINT('',(36.901873730964,25.332009968664));
#627 = CARTESIAN_POINT('',(35.127001991841,25.256163672157));
#628 = CARTESIAN_POINT('',(31.570671165031,25.110486533154));
#629 = CARTESIAN_POINT('',(29.789211734771,25.040678388109));
#630 = CARTESIAN_POINT('',(28.007610637325,24.974194711606));
#631 = CARTESIAN_POINT('',(26.225864724681,24.911257214566));
#632 = CARTESIAN_POINT('',(24.443970112817,24.852158712408));
#633 = CARTESIAN_POINT('',(22.661918912727,24.797349741806));
#634 = ( GEOMETRIC_REPRESENTATION_CONTEXT(2) 
PARAMETRIC_REPRESENTATION_CONTEXT() REPRESENTATION_CONTEXT('2D SPACE',''
  ) );
#635 = PCURVE('',#636,#641);
#636 = CYLINDRICAL_SURFACE('',#637,2.);
#637 = AXIS2_PLACEMENT_3D('',#638,#639,#640);
#638 = CARTESIAN_POINT('',(304.46053982091,209.89326669935,
    144.61799381536));
#639 = DIRECTION('',(-5.32625170058E-02,-0.997868007991,
    -3.771661318927E-02));
#640 = DIRECTION('',(0.998553963252,-5.349868230451E-02,
    5.279532693543E-03));
#641 = DEFINITIONAL_REPRESENTATION('',(#642),#655);
#642 = B_SPLINE_CURVE_WITH_KNOTS('',6,(#643,#644,#645,#646,#647,#648,
    #649,#650,#651,#652,#653,#654),.UNSPECIFIED.,.F.,.F.,(7,5,7),(0.,
    0.499112758574,1.),.UNSPECIFIED.);
#643 = CARTESIAN_POINT('',(3.025067372186,91.470804938741));
#644 = CARTESIAN_POINT('',(2.991358123294,93.24599375708));
#645 = CARTESIAN_POINT('',(2.957496814471,95.021173763836));
#646 = CARTESIAN_POINT('',(2.92341158587,96.796341117914));
#647 = CARTESIAN_POINT('',(2.889026947182,98.571491249819));
#648 = CARTESIAN_POINT('',(2.854256783295,100.34661874123));
#649 = CARTESIAN_POINT('',(2.783612579649,103.90312663023));
#650 = CARTESIAN_POINT('',(2.747734900013,105.68450616073));
#651 = CARTESIAN_POINT('',(2.711259309801,107.46584998683));
#652 = CARTESIAN_POINT('',(2.674059525045,109.24714944093));
#653 = CARTESIAN_POINT('',(2.635982134343,111.02839280269));
#654 = CARTESIAN_POINT('',(2.596803519082,112.8095639476));
#655 = ( GEOMETRIC_REPRESENTATION_CONTEXT(2) 
PARAMETRIC_REPRESENTATION_CONTEXT() REPRESENTATION_CONTEXT('2D SPACE',''
  ) );
#656 = ORIENTED_EDGE('',*,*,#657,.T.);
#657 = EDGE_CURVE('',#603,#658,#660,.T.);
#658 = VERTEX_POINT('',#659);
#659 = CARTESIAN_POINT('',(299.9391172083,95.493057813436,
    141.38989221983));
#660 = SURFACE_CURVE('',#661,(#762,#866),.PCURVE_S1.);
#661 = B_SPLINE_CURVE_WITH_KNOTS('',8,(#662,#663,#664,#665,#666,#667,
    #668,#669,#670,#671,#672,#673,#674,#675,#676,#677,#678,#679,#680,
    #681,#682,#683,#684,#685,#686,#687,#688,#689,#690,#691,#692,#693,
    #694,#695,#696,#697,#698,#699,#700,#701,#702,#703,#704,#705,#706,
    #707,#708,#709,#710,#711,#712,#713,#714,#715,#716,#717,#718,#719,
    #720,#721,#722,#723,#724,#725,#726,#727,#728,#729,#730,#731,#732,
    #733,#734,#735,#736,#737,#738,#739,#740,#741,#742,#743,#744,#745,
    #746,#747,#748,#749,#750,#751,#752,#753,#754,#755,#756,#757,#758,
    #759,#760,#761),.UNSPECIFIED.,.F.,.F.,(9,7,7,7,7,7,7,7,7,7,7,7,7,7,9
    ),(0.,0.165803938434,0.342348645664,0.50147369265,0.544023476683,
    0.564007002483,0.576008969258,0.601785380757,0.638910000708,
    0.658538411265,0.699802337544,0.766395305683,0.848128742253,
    0.970354008843,1.),.UNSPECIFIED.);
#662 = CARTESIAN_POINT('',(296.73646690434,97.376975542404,
    141.38989221983));
#663 = CARTESIAN_POINT('',(296.73108519691,97.20199546215,
    141.38989221983));
#664 = CARTESIAN_POINT('',(296.72764055417,97.026983792478,
    141.38989221983));
#665 = CARTESIAN_POINT('',(296.72619257089,96.851962955713,
    141.38989221983));
#666 = CARTESIAN_POINT('',(296.72684318087,96.676966664603,
    141.38989221983));
#667 = CARTESIAN_POINT('',(296.72973546331,96.502039855432,
    141.38989221983));
#668 = CARTESIAN_POINT('',(296.73505677297,96.327238820662,
    141.38989221983));
#669 = CARTESIAN_POINT('',(296.743046194,96.152631541119,141.38989221983
    ));
#670 = CARTESIAN_POINT('',(296.76567643681,95.792671592506,
    141.38989221983));
#671 = CARTESIAN_POINT('',(296.78070914353,95.607439356482,
    141.38989221983));
#672 = CARTESIAN_POINT('',(296.79947163825,95.422626938603,
    141.38989221983));
#673 = CARTESIAN_POINT('',(296.8224085046,95.238358862014,
    141.38989221983));
#674 = CARTESIAN_POINT('',(296.85007095458,95.054866336899,
    141.38989221983));
#675 = CARTESIAN_POINT('',(296.88311570355,94.872486710803,
    141.38989221983));
#676 = CARTESIAN_POINT('',(296.92235067654,94.691672527448,
    141.38989221983));
#677 = CARTESIAN_POINT('',(297.01086533051,94.352010217443,
    141.38989221983));
#678 = CARTESIAN_POINT('',(297.05858864388,94.193465476706,
    141.38989221983));
#679 = CARTESIAN_POINT('',(297.11297648284,94.037137714982,
    141.38989221983));
#680 = CARTESIAN_POINT('',(297.17513306365,93.883562857223,
    141.38989221983));
#681 = CARTESIAN_POINT('',(297.24620538119,93.733932812766,
    141.38989221983));
#682 = CARTESIAN_POINT('',(297.32767260909,93.59034642794,
    141.38989221983));
#683 = CARTESIAN_POINT('',(297.42085481679,93.45547141016,
    141.38989221983));
#684 = CARTESIAN_POINT('',(297.55691453059,93.300808695206,
    141.38989221983));
#685 = CARTESIAN_POINT('',(297.5866000415,93.269135023966,
    141.38989221983));
#686 = CARTESIAN_POINT('',(297.61729388523,93.238509182686,
    141.38989221983));
#687 = CARTESIAN_POINT('',(297.64901891604,93.209038064182,
    141.38989221983));
#688 = CARTESIAN_POINT('',(297.68178976814,93.180842342562,
    141.38989221983));
#689 = CARTESIAN_POINT('',(297.71561077064,93.15405379492,
    141.38989221983));
#690 = CARTESIAN_POINT('',(297.75047386245,93.128812623039,
    141.38989221983));
#691 = CARTESIAN_POINT('',(297.80320880797,93.094205517383,
    141.38989221983));
#692 = CARTESIAN_POINT('',(297.8202851108,93.083520286427,
    141.38989221983));
#693 = CARTESIAN_POINT('',(297.83758243688,93.073224413931,
    141.38989221983));
#694 = CARTESIAN_POINT('',(297.85509684198,93.063333539267,
    141.38989221983));
#695 = CARTESIAN_POINT('',(297.87282332291,93.053863417744,
    141.38989221983));
#696 = CARTESIAN_POINT('',(297.89075572413,93.044829728879,
    141.38989221983));
#697 = CARTESIAN_POINT('',(297.90888664416,93.036247884673,
    141.38989221983));
#698 = CARTESIAN_POINT('',(297.93821062617,93.023258997142,
    141.38989221983));
#699 = CARTESIAN_POINT('',(297.9492823712,93.018553509711,
    141.38989221983));
#700 = CARTESIAN_POINT('',(297.96042067832,93.014019653896,
    141.38989221983));
#701 = CARTESIAN_POINT('',(297.97162348344,93.009660596414,
    141.38989221983));
#702 = CARTESIAN_POINT('',(297.98288855736,93.00547939238,
    141.38989221983));
#703 = CARTESIAN_POINT('',(297.99421350572,93.001478985309,
    141.38989221983));
#704 = CARTESIAN_POINT('',(298.00559576904,92.997662207118,
    141.38989221983));
#705 = CARTESIAN_POINT('',(298.04159535084,92.986234770061,
    141.38989221983));
#706 = CARTESIAN_POINT('',(298.06641124941,92.979296790767,
    141.38989221983));
#707 = CARTESIAN_POINT('',(298.09145160575,92.973245058345,
    141.38989221983));
#708 = CARTESIAN_POINT('',(298.11668570964,92.968102771855,
    141.38989221983));
#709 = CARTESIAN_POINT('',(298.14208078836,92.963888599114,
    141.38989221983));
#710 = CARTESIAN_POINT('',(298.16760194178,92.960616164494,
    141.38989221983));
#711 = CARTESIAN_POINT('',(298.19321207745,92.958293536722,
    141.38989221983));
#712 = CARTESIAN_POINT('',(298.25582846948,92.954948385492,
    141.38989221983));
#713 = CARTESIAN_POINT('',(298.2928963199,92.954948124542,
    141.38989221983));
#714 = CARTESIAN_POINT('',(298.32995345753,92.956928964831,
    141.38989221983));
#715 = CARTESIAN_POINT('',(298.3668876513,92.960870095905,
    141.38989221983));
#716 = CARTESIAN_POINT('',(298.40359610508,92.96672686897,
    141.38989221983));
#717 = CARTESIAN_POINT('',(298.43998518422,92.974434800007,
    141.38989221983));
#718 = CARTESIAN_POINT('',(298.47597014214,92.983913572878,
    141.38989221983));
#719 = CARTESIAN_POINT('',(298.53024678113,93.000970184143,
    141.38989221983));
#720 = CARTESIAN_POINT('',(298.54888660787,93.007339225429,
    141.38989221983));
#721 = CARTESIAN_POINT('',(298.5673843838,93.014165065656,
    141.38989221983));
#722 = CARTESIAN_POINT('',(298.58573136656,93.02143401395,
    141.38989221983));
#723 = CARTESIAN_POINT('',(298.60391994858,93.029131975928,
    141.38989221983));
#724 = CARTESIAN_POINT('',(298.62194359095,93.037244640422,
    141.38989221983));
#725 = CARTESIAN_POINT('',(298.63979675715,93.04575766619,
    141.38989221983));
#726 = CARTESIAN_POINT('',(298.69463870144,93.073365262401,
    141.38989221983));
#727 = CARTESIAN_POINT('',(298.73102519965,93.093778735724,
    141.38989221983));
#728 = CARTESIAN_POINT('',(298.7665971263,93.115766634272,
    141.38989221983));
#729 = CARTESIAN_POINT('',(298.80133114599,93.139201540921,
    141.38989221983));
#730 = CARTESIAN_POINT('',(298.83521618623,93.163961947339,
    141.38989221983));
#731 = CARTESIAN_POINT('',(298.86825182034,93.189934925563,
    141.38989221983));
#732 = CARTESIAN_POINT('',(298.90044665046,93.217018799576,
    141.38989221983));
#733 = CARTESIAN_POINT('',(298.98244260676,93.290485768724,
    141.38989221983));
#734 = CARTESIAN_POINT('',(299.03090036052,93.33849175836,
    141.38989221983));
#735 = CARTESIAN_POINT('',(299.07727269502,93.388779960687,
    141.38989221983));
#736 = CARTESIAN_POINT('',(299.12164531855,93.441036102568,
    141.38989221983));
#737 = CARTESIAN_POINT('',(299.16410906669,93.494992634427,
    141.38989221983));
#738 = CARTESIAN_POINT('',(299.20476059316,93.55042754236,
    141.38989221983));
#739 = CARTESIAN_POINT('',(299.2437015893,93.607164800769,
    141.38989221983));
#740 = CARTESIAN_POINT('',(299.32685988657,93.736154831741,
    141.38989221983));
#741 = CARTESIAN_POINT('',(299.370241737,93.808967517631,141.38989221983
    ));
#742 = CARTESIAN_POINT('',(299.41136608222,93.883254621406,
    141.38989221983));
#743 = CARTESIAN_POINT('',(299.45039020374,93.958800028206,
    141.38989221983));
#744 = CARTESIAN_POINT('',(299.48745444186,94.035425213879,
    141.38989221983));
#745 = CARTESIAN_POINT('',(299.52268843871,94.112985313992,
    141.38989221983));
#746 = CARTESIAN_POINT('',(299.55621384838,94.191367458047,
    141.38989221983));
#747 = CARTESIAN_POINT('',(299.63589156033,94.38881431614,
    141.38989221983));
#748 = CARTESIAN_POINT('',(299.68005319759,94.508749955759,
    141.38989221983));
#749 = CARTESIAN_POINT('',(299.72100093698,94.630003495615,
    141.38989221983));
#750 = CARTESIAN_POINT('',(299.75903689455,94.752337588098,
    141.38989221983));
#751 = CARTESIAN_POINT('',(299.79441688362,94.87556307401,
    141.38989221983));
#752 = CARTESIAN_POINT('',(299.82736595883,94.999533100458,
    141.38989221983));
#753 = CARTESIAN_POINT('',(299.85808541185,95.124140612789,
    141.38989221983));
#754 = CARTESIAN_POINT('',(299.89370416966,95.279681550719,
    141.38989221983));
#755 = CARTESIAN_POINT('',(299.90053605683,95.310076316975,
    141.38989221983));
#756 = CARTESIAN_POINT('',(299.9072493382,95.340502223623,
    141.38989221983));
#757 = CARTESIAN_POINT('',(299.91384639337,95.370958036397,
    141.38989221983));
#758 = CARTESIAN_POINT('',(299.9203295238,95.401442582458,
    141.38989221983));
#759 = CARTESIAN_POINT('',(299.92670095274,95.431954750399,
    141.38989221983));
#760 = CARTESIAN_POINT('',(299.93296282527,95.462493490241,
    141.38989221983));
#761 = CARTESIAN_POINT('',(299.9391172083,95.493057813436,
    141.38989221983));
#762 = PCURVE('',#421,#763);
#763 = DEFINITIONAL_REPRESENTATION('',(#764),#865);
#764 = B_SPLINE_CURVE_WITH_KNOTS('',8,(#765,#766,#767,#768,#769,#770,
    #771,#772,#773,#774,#775,#776,#777,#778,#779,#780,#781,#782,#783,
    #784,#785,#786,#787,#788,#789,#790,#791,#792,#793,#794,#795,#796,
    #797,#798,#799,#800,#801,#802,#803,#804,#805,#806,#807,#808,#809,
    #810,#811,#812,#813,#814,#815,#816,#817,#818,#819,#820,#821,#822,
    #823,#824,#825,#826,#827,#828,#829,#830,#831,#832,#833,#834,#835,
    #836,#837,#838,#839,#840,#841,#842,#843,#844,#845,#846,#847,#848,
    #849,#850,#851,#852,#853,#854,#855,#856,#857,#858,#859,#860,#861,
    #862,#863,#864),.UNSPECIFIED.,.F.,.F.,(9,7,7,7,7,7,7,7,7,7,7,7,7,7,9
    ),(0.,0.165803938434,0.342348645664,0.50147369265,0.544023476683,
    0.564007002483,0.576008969258,0.601785380757,0.638910000708,
    0.658538411265,0.699802337544,0.766395305683,0.848128742253,
    0.970354008843,1.),.UNSPECIFIED.);
#765 = CARTESIAN_POINT('',(22.66191891517,24.797349696036));
#766 = CARTESIAN_POINT('',(22.486938834916,24.791967988614));
#767 = CARTESIAN_POINT('',(22.311927165244,24.788523345867));
#768 = CARTESIAN_POINT('',(22.136906328478,24.787075362592));
#769 = CARTESIAN_POINT('',(21.961910037369,24.787725972568));
#770 = CARTESIAN_POINT('',(21.786983228198,24.790618255006));
#771 = CARTESIAN_POINT('',(21.612182193428,24.795939564674));
#772 = CARTESIAN_POINT('',(21.437574913884,24.803928985699));
#773 = CARTESIAN_POINT('',(21.077614965272,24.826559228511));
#774 = CARTESIAN_POINT('',(20.892382729248,24.84159193523));
#775 = CARTESIAN_POINT('',(20.707570311368,24.860354429946));
#776 = CARTESIAN_POINT('',(20.52330223478,24.883291296299));
#777 = CARTESIAN_POINT('',(20.339809709664,24.910953746285));
#778 = CARTESIAN_POINT('',(20.157430083568,24.94399849525));
#779 = CARTESIAN_POINT('',(19.976615900213,24.983233468236));
#780 = CARTESIAN_POINT('',(19.636953590209,25.071748122215));
#781 = CARTESIAN_POINT('',(19.478408849472,25.119471435582));
#782 = CARTESIAN_POINT('',(19.322081087748,25.173859274541));
#783 = CARTESIAN_POINT('',(19.168506229989,25.236015855352));
#784 = CARTESIAN_POINT('',(19.018876185532,25.307088172888));
#785 = CARTESIAN_POINT('',(18.875289800706,25.388555400789));
#786 = CARTESIAN_POINT('',(18.740414782925,25.48173760849));
#787 = CARTESIAN_POINT('',(18.585752067972,25.617797322293));
#788 = CARTESIAN_POINT('',(18.554078396732,25.647482833197));
#789 = CARTESIAN_POINT('',(18.523452555451,25.678176676929));
#790 = CARTESIAN_POINT('',(18.493981436948,25.709901707741));
#791 = CARTESIAN_POINT('',(18.465785715328,25.742672559845));
#792 = CARTESIAN_POINT('',(18.438997167686,25.776493562344));
#793 = CARTESIAN_POINT('',(18.413755995805,25.811356654152));
#794 = CARTESIAN_POINT('',(18.379148890148,25.864091599674));
#795 = CARTESIAN_POINT('',(18.368463659193,25.881167902499));
#796 = CARTESIAN_POINT('',(18.358167786697,25.898465228583));
#797 = CARTESIAN_POINT('',(18.348276912033,25.915979633677));
#798 = CARTESIAN_POINT('',(18.33880679051,25.933706114614));
#799 = CARTESIAN_POINT('',(18.329773101645,25.951638515826));
#800 = CARTESIAN_POINT('',(18.321191257438,25.96976943586));
#801 = CARTESIAN_POINT('',(18.308202369908,25.999093417872));
#802 = CARTESIAN_POINT('',(18.303496882476,26.010165162897));
#803 = CARTESIAN_POINT('',(18.298963026662,26.021303470017));
#804 = CARTESIAN_POINT('',(18.29460396918,26.032506275143));
#805 = CARTESIAN_POINT('',(18.290422765145,26.043771349058));
#806 = CARTESIAN_POINT('',(18.286422358075,26.055096297417));
#807 = CARTESIAN_POINT('',(18.282605579884,26.066478560741));
#808 = CARTESIAN_POINT('',(18.271178142827,26.102478142545));
#809 = CARTESIAN_POINT('',(18.264240163533,26.127294041107));
#810 = CARTESIAN_POINT('',(18.25818843111,26.15233439745));
#811 = CARTESIAN_POINT('',(18.253046144621,26.177568501343));
#812 = CARTESIAN_POINT('',(18.24883197188,26.202963580064));
#813 = CARTESIAN_POINT('',(18.24555953726,26.228484733484));
#814 = CARTESIAN_POINT('',(18.243236909487,26.254094869149));
#815 = CARTESIAN_POINT('',(18.239891758257,26.316711261184));
#816 = CARTESIAN_POINT('',(18.239891497308,26.353779111605));
#817 = CARTESIAN_POINT('',(18.241872337596,26.390836249232));
#818 = CARTESIAN_POINT('',(18.24581346867,26.427770443004));
#819 = CARTESIAN_POINT('',(18.251670241736,26.464478896781));
#820 = CARTESIAN_POINT('',(18.259378172772,26.500867975916));
#821 = CARTESIAN_POINT('',(18.268856945644,26.536852933841));
#822 = CARTESIAN_POINT('',(18.285913556909,26.59112957283));
#823 = CARTESIAN_POINT('',(18.292282598195,26.609769399569));
#824 = CARTESIAN_POINT('',(18.299108438422,26.628267175499));
#825 = CARTESIAN_POINT('',(18.306377386715,26.646614158256));
#826 = CARTESIAN_POINT('',(18.314075348694,26.664802740283));
#827 = CARTESIAN_POINT('',(18.322188013188,26.682826382646));
#828 = CARTESIAN_POINT('',(18.330701038955,26.700679548847));
#829 = CARTESIAN_POINT('',(18.358308635167,26.755521493138));
#830 = CARTESIAN_POINT('',(18.37872210849,26.791907991355));
#831 = CARTESIAN_POINT('',(18.400710007037,26.827479918));
#832 = CARTESIAN_POINT('',(18.424144913687,26.862213937692));
#833 = CARTESIAN_POINT('',(18.448905320105,26.896098977926));
#834 = CARTESIAN_POINT('',(18.474878298329,26.929134612037));
#835 = CARTESIAN_POINT('',(18.501962172342,26.961329442159));
#836 = CARTESIAN_POINT('',(18.57542914149,27.04332539846));
#837 = CARTESIAN_POINT('',(18.623435131125,27.091783152216));
#838 = CARTESIAN_POINT('',(18.673723333453,27.138155486717));
#839 = CARTESIAN_POINT('',(18.725979475334,27.18252811025));
#840 = CARTESIAN_POINT('',(18.779936007192,27.224991858391));
#841 = CARTESIAN_POINT('',(18.835370915125,27.26564338486));
#842 = CARTESIAN_POINT('',(18.892108173535,27.304584380998));
#843 = CARTESIAN_POINT('',(19.021098204506,27.387742678273));
#844 = CARTESIAN_POINT('',(19.093910890397,27.431124528705));
#845 = CARTESIAN_POINT('',(19.168197994172,27.472248873916));
#846 = CARTESIAN_POINT('',(19.243743400971,27.511272995437));
#847 = CARTESIAN_POINT('',(19.320368586645,27.548337233559));
#848 = CARTESIAN_POINT('',(19.397928686758,27.58357123041));
#849 = CARTESIAN_POINT('',(19.476310830812,27.617096640082));
#850 = CARTESIAN_POINT('',(19.673757688906,27.696774352032));
#851 = CARTESIAN_POINT('',(19.793693328525,27.740935989293));
#852 = CARTESIAN_POINT('',(19.914946868381,27.781883728683));
#853 = CARTESIAN_POINT('',(20.037280960863,27.819919686253));
#854 = CARTESIAN_POINT('',(20.160506446775,27.855299675325));
#855 = CARTESIAN_POINT('',(20.284476473224,27.888248750531));
#856 = CARTESIAN_POINT('',(20.409083985554,27.91896820355));
#857 = CARTESIAN_POINT('',(20.564624923485,27.954586961359));
#858 = CARTESIAN_POINT('',(20.595019689741,27.961418848531));
#859 = CARTESIAN_POINT('',(20.625445596389,27.968132129897));
#860 = CARTESIAN_POINT('',(20.655901409163,27.974729185075));
#861 = CARTESIAN_POINT('',(20.686385955224,27.981212315503));
#862 = CARTESIAN_POINT('',(20.716898123165,27.987583744441));
#863 = CARTESIAN_POINT('',(20.747436863007,27.993845616972));
#864 = CARTESIAN_POINT('',(20.778001186202,28.));
#865 = ( GEOMETRIC_REPRESENTATION_CONTEXT(2) 
PARAMETRIC_REPRESENTATION_CONTEXT() REPRESENTATION_CONTEXT('2D SPACE',''
  ) );
#866 = PCURVE('',#867,#872);
#867 = TOROIDAL_SURFACE('',#868,10.,2.);
#868 = AXIS2_PLACEMENT_3D('',#869,#870,#871);
#869 = CARTESIAN_POINT('',(298.47212162411,97.70084183886,
    130.37031437378));
#870 = DIRECTION('',(0.998578521163,-5.330044158057E-02,
    -4.798866672797E-15));
#871 = DIRECTION('',(-2.010312137907E-03,-3.76629998218E-02,
    0.999288475411));
#872 = DEFINITIONAL_REPRESENTATION('',(#873),#974);
#873 = B_SPLINE_CURVE_WITH_KNOTS('',8,(#874,#875,#876,#877,#878,#879,
    #880,#881,#882,#883,#884,#885,#886,#887,#888,#889,#890,#891,#892,
    #893,#894,#895,#896,#897,#898,#899,#900,#901,#902,#903,#904,#905,
    #906,#907,#908,#909,#910,#911,#912,#913,#914,#915,#916,#917,#918,
    #919,#920,#921,#922,#923,#924,#925,#926,#927,#928,#929,#930,#931,
    #932,#933,#934,#935,#936,#937,#938,#939,#940,#941,#942,#943,#944,
    #945,#946,#947,#948,#949,#950,#951,#952,#953,#954,#955,#956,#957,
    #958,#959,#960,#961,#962,#963,#964,#965,#966,#967,#968,#969,#970,
    #971,#972,#973),.UNSPECIFIED.,.F.,.F.,(9,7,7,7,7,7,7,7,7,7,7,7,7,7,9
    ),(0.,0.165803938434,0.342348645664,0.50147369265,0.544023476683,
    0.564007002483,0.576008969258,0.601785380757,0.638910000708,
    0.658538411265,0.699802337544,0.766395305683,0.848128742253,
    0.970354008843,1.),.UNSPECIFIED.);
#874 = CARTESIAN_POINT('',(0.,5.251894798427));
#875 = CARTESIAN_POINT('',(1.585988399019E-02,5.255741757043));
#876 = CARTESIAN_POINT('',(3.169156979058E-02,5.261444739281));
#877 = CARTESIAN_POINT('',(4.748066786431E-02,5.26901310368));
#878 = CARTESIAN_POINT('',(6.321175554115E-02,5.278463989091));
#879 = CARTESIAN_POINT('',(7.886856696468E-02,5.289821518916));
#880 = CARTESIAN_POINT('',(9.443416660478E-02,5.303118530315));
#881 = CARTESIAN_POINT('',(0.109891106335,5.318400828372));
#882 = CARTESIAN_POINT('',(0.141545132045,5.354189941591));
#883 = CARTESIAN_POINT('',(0.15771793156,5.374962638703));
#884 = CARTESIAN_POINT('',(0.173724904353,5.398135895597));
#885 = CARTESIAN_POINT('',(0.189542971973,5.423812947737));
#886 = CARTESIAN_POINT('',(0.205140904676,5.452127960089));
#887 = CARTESIAN_POINT('',(0.22048026653,5.483245528357));
#888 = CARTESIAN_POINT('',(0.235515570178,5.517385332522));
#889 = CARTESIAN_POINT('',(0.263419874823,5.588730449652));
#890 = CARTESIAN_POINT('',(0.276297882032,5.625152675261));
#891 = CARTESIAN_POINT('',(0.288845117986,5.66453482839));
#892 = CARTESIAN_POINT('',(0.301014505271,5.707273912654));
#893 = CARTESIAN_POINT('',(0.312708487874,5.753725590054));
#894 = CARTESIAN_POINT('',(0.323763874064,5.804360920849));
#895 = CARTESIAN_POINT('',(0.333984860975,5.859574098946));
#896 = CARTESIAN_POINT('',(0.345497049733,5.936645904504));
#897 = CARTESIAN_POINT('',(0.347841664353,5.953287696188));
#898 = CARTESIAN_POINT('',(0.350095423079,5.970320558505));
#899 = CARTESIAN_POINT('',(0.352250549939,5.987751430012));
#900 = CARTESIAN_POINT('',(0.354298304308,6.005583528124));
#901 = CARTESIAN_POINT('',(0.356229187735,6.02381574153));
#902 = CARTESIAN_POINT('',(0.358033150776,6.042442022612));
#903 = CARTESIAN_POINT('',(0.360482542312,6.070378251522));
#904 = CARTESIAN_POINT('',(0.361234959504,6.079389619993));
#905 = CARTESIAN_POINT('',(0.361955959764,6.088483348825));
#906 = CARTESIAN_POINT('',(0.362644432986,6.097657502041));
#907 = CARTESIAN_POINT('',(0.363299264698,6.10690970714));
#908 = CARTESIAN_POINT('',(0.363919350181,6.116237118088));
#909 = CARTESIAN_POINT('',(0.364503608574,6.125636378317));
#910 = CARTESIAN_POINT('',(0.365379754677,6.140789521512));
#911 = CARTESIAN_POINT('',(0.365695214784,6.146499971043));
#912 = CARTESIAN_POINT('',(0.36599714859,6.152234082898));
#913 = CARTESIAN_POINT('',(0.366285336026,6.157990941486));
#914 = CARTESIAN_POINT('',(0.36655956568,6.163769565028));
#915 = CARTESIAN_POINT('',(0.366819634796,6.169568905563));
#916 = CARTESIAN_POINT('',(0.367065349275,6.175387848944));
#917 = CARTESIAN_POINT('',(0.367793012838,6.193762022203));
#918 = CARTESIAN_POINT('',(0.368222468304,6.206384506793));
#919 = CARTESIAN_POINT('',(0.368583038479,6.219080081648));
#920 = CARTESIAN_POINT('',(0.368873169973,6.231835560246));
#921 = CARTESIAN_POINT('',(0.369091644292,6.244637069142));
#922 = CARTESIAN_POINT('',(0.36923761455,6.257469960598));
#923 = CARTESIAN_POINT('',(0.369310642167,6.270318725219));
#924 = CARTESIAN_POINT('',(0.369310865223,6.301671566322));
#925 = CARTESIAN_POINT('',(0.369159689982,6.320179111387));
#926 = CARTESIAN_POINT('',(0.368857176506,6.3386382352));
#927 = CARTESIAN_POINT('',(0.368405254592,6.35700303828));
#928 = CARTESIAN_POINT('',(0.367807531809,6.375232439544));
#929 = CARTESIAN_POINT('',(0.367069010137,6.393289589595));
#930 = CARTESIAN_POINT('',(0.366195802595,6.411141284031));
#931 = CARTESIAN_POINT('',(0.364665629356,6.438071301044));
#932 = CARTESIAN_POINT('',(0.364100641934,6.447320438126));
#933 = CARTESIAN_POINT('',(0.363500868998,6.456501002461));
#934 = CARTESIAN_POINT('',(0.362867329582,6.465609722585));
#935 = CARTESIAN_POINT('',(0.362201067229,6.474643806911));
#936 = CARTESIAN_POINT('',(0.361503136855,6.483600909551));
#937 = CARTESIAN_POINT('',(0.360774591611,6.49247909613));
#938 = CARTESIAN_POINT('',(0.358422704185,6.519771847673));
#939 = CARTESIAN_POINT('',(0.356698367795,6.537909431574));
#940 = CARTESIAN_POINT('',(0.354852986844,6.555677896543));
#941 = CARTESIAN_POINT('',(0.352895812472,6.573070764202));
#942 = CARTESIAN_POINT('',(0.350835629658,6.590086178594));
#943 = CARTESIAN_POINT('',(0.348680566199,6.606726342201));
#944 = CARTESIAN_POINT('',(0.346437901681,6.622996951969));
#945 = CARTESIAN_POINT('',(0.340363294487,6.664582161933));
#946 = CARTESIAN_POINT('',(0.336402346963,6.689307531552));
#947 = CARTESIAN_POINT('',(0.332256781687,6.713126707619));
#948 = CARTESIAN_POINT('',(0.32794888174,6.736079951737));
#949 = CARTESIAN_POINT('',(0.323497665888,6.758206721449));
#950 = CARTESIAN_POINT('',(0.318918925718,6.779547477269));
#951 = CARTESIAN_POINT('',(0.314225099486,6.800144398972));
#952 = CARTESIAN_POINT('',(0.30353351923,6.844461284538));
#953 = CARTESIAN_POINT('',(0.297484824064,6.867814808468));
#954 = CARTESIAN_POINT('',(0.29129712266,6.890176775384));
#955 = CARTESIAN_POINT('',(0.284985818071,6.911607498397));
#956 = CARTESIAN_POINT('',(0.27856383922,6.932158343091));
#957 = CARTESIAN_POINT('',(0.272041821934,6.951875601153));
#958 = CARTESIAN_POINT('',(0.265428122762,6.970802305832));
#959 = CARTESIAN_POINT('',(0.248710208268,7.01615814753));
#960 = CARTESIAN_POINT('',(0.238503872871,7.041648595597));
#961 = CARTESIAN_POINT('',(0.228131768723,7.065578331573));
#962 = CARTESIAN_POINT('',(0.217612779758,7.088043078995));
#963 = CARTESIAN_POINT('',(0.206962939663,7.109118431982));
#964 = CARTESIAN_POINT('',(0.196195598551,7.128868262355));
#965 = CARTESIAN_POINT('',(0.185321381141,7.147348388685));
#966 = CARTESIAN_POINT('',(0.17168630474,7.168791257057));
#967 = CARTESIAN_POINT('',(0.169018937026,7.172904906344));
#968 = CARTESIAN_POINT('',(0.166345973499,7.176947088195));
#969 = CARTESIAN_POINT('',(0.163667550895,7.180918408326));
#970 = CARTESIAN_POINT('',(0.160983802489,7.184819445097));
#971 = CARTESIAN_POINT('',(0.158294858097,7.188650749508));
#972 = CARTESIAN_POINT('',(0.155600844077,7.192412845201));
#973 = CARTESIAN_POINT('',(0.152901883322,7.196106228464));
#974 = ( GEOMETRIC_REPRESENTATION_CONTEXT(2) 
PARAMETRIC_REPRESENTATION_CONTEXT() REPRESENTATION_CONTEXT('2D SPACE',''
  ) );
#975 = ORIENTED_EDGE('',*,*,#976,.F.);
#976 = EDGE_CURVE('',#460,#658,#977,.T.);
#977 = SURFACE_CURVE('',#978,(#981,#987),.PCURVE_S1.);
#978 = B_SPLINE_CURVE_WITH_KNOTS('',1,(#979,#980),.UNSPECIFIED.,.F.,.F.,
  (2,2),(0.,44.),.PIECEWISE_BEZIER_KNOTS.);
#979 = CARTESIAN_POINT('',(299.9391172083,74.715056627234,
    141.38989221983));
#980 = CARTESIAN_POINT('',(299.9391172083,118.71505662723,
    141.38989221983));
#981 = PCURVE('',#421,#982);
#982 = DEFINITIONAL_REPRESENTATION('',(#983),#986);
#983 = B_SPLINE_CURVE_WITH_KNOTS('',1,(#984,#985),.UNSPECIFIED.,.F.,.F.,
  (2,2),(0.,44.),.PIECEWISE_BEZIER_KNOTS.);
#984 = CARTESIAN_POINT('',(0.,28.));
#985 = CARTESIAN_POINT('',(44.,28.));
#986 = ( GEOMETRIC_REPRESENTATION_CONTEXT(2) 
PARAMETRIC_REPRESENTATION_CONTEXT() REPRESENTATION_CONTEXT('2D SPACE',''
  ) );
#987 = PCURVE('',#517,#988);
#988 = DEFINITIONAL_REPRESENTATION('',(#989),#992);
#989 = B_SPLINE_CURVE_WITH_KNOTS('',1,(#990,#991),.UNSPECIFIED.,.F.,.F.,
  (2,2),(0.,44.),.PIECEWISE_BEZIER_KNOTS.);
#990 = CARTESIAN_POINT('',(2.,0.));
#991 = CARTESIAN_POINT('',(2.,44.));
#992 = ( GEOMETRIC_REPRESENTATION_CONTEXT(2) 
PARAMETRIC_REPRESENTATION_CONTEXT() REPRESENTATION_CONTEXT('2D SPACE',''
  ) );
#993 = ADVANCED_FACE('',(#994),#398,.F.);
#994 = FACE_BOUND('',#995,.F.);
#995 = EDGE_LOOP('',(#996,#997,#998,#999));
#996 = ORIENTED_EDGE('',*,*,#384,.F.);
#997 = ORIENTED_EDGE('',*,*,#438,.F.);
#998 = ORIENTED_EDGE('',*,*,#533,.T.);
#999 = ORIENTED_EDGE('',*,*,#1000,.T.);
#1000 = EDGE_CURVE('',#534,#385,#1001,.T.);
#1001 = SURFACE_CURVE('',#1002,(#1005,#1011),.PCURVE_S1.);
#1002 = B_SPLINE_CURVE_WITH_KNOTS('',1,(#1003,#1004),.UNSPECIFIED.,.F.,
  .F.,(2,2),(22.,24.),.PIECEWISE_BEZIER_KNOTS.);
#1003 = CARTESIAN_POINT('',(294.9391172083,118.71505662723,
    139.38989221983));
#1004 = CARTESIAN_POINT('',(294.9391172083,118.71505662723,
    141.38989221983));
#1005 = PCURVE('',#398,#1006);
#1006 = DEFINITIONAL_REPRESENTATION('',(#1007),#1010);
#1007 = B_SPLINE_CURVE_WITH_KNOTS('',1,(#1008,#1009),.UNSPECIFIED.,.F.,
  .F.,(2,2),(22.,24.),.PIECEWISE_BEZIER_KNOTS.);
#1008 = CARTESIAN_POINT('',(0.,-23.));
#1009 = CARTESIAN_POINT('',(2.,-23.));
#1010 = ( GEOMETRIC_REPRESENTATION_CONTEXT(2) 
PARAMETRIC_REPRESENTATION_CONTEXT() REPRESENTATION_CONTEXT('2D SPACE',''
  ) );
#1011 = PCURVE('',#591,#1012);
#1012 = DEFINITIONAL_REPRESENTATION('',(#1013),#1016);
#1013 = B_SPLINE_CURVE_WITH_KNOTS('',1,(#1014,#1015),.UNSPECIFIED.,.F.,
  .F.,(2,2),(22.,24.),.PIECEWISE_BEZIER_KNOTS.);
#1014 = CARTESIAN_POINT('',(0.,-23.));
#1015 = CARTESIAN_POINT('',(2.,-23.));
#1016 = ( GEOMETRIC_REPRESENTATION_CONTEXT(2) 
PARAMETRIC_REPRESENTATION_CONTEXT() REPRESENTATION_CONTEXT('2D SPACE',''
  ) );
#1017 = ADVANCED_FACE('',(#1018),#517,.F.);
#1018 = FACE_BOUND('',#1019,.F.);
#1019 = EDGE_LOOP('',(#1020,#1040,#1041,#1042));
#1020 = ORIENTED_EDGE('',*,*,#1021,.F.);
#1021 = EDGE_CURVE('',#481,#1022,#1024,.T.);
#1022 = VERTEX_POINT('',#1023);
#1023 = CARTESIAN_POINT('',(299.9391172083,91.522804574562,
    139.38989221983));
#1024 = SURFACE_CURVE('',#1025,(#1028,#1034),.PCURVE_S1.);
#1025 = B_SPLINE_CURVE_WITH_KNOTS('',1,(#1026,#1027),.UNSPECIFIED.,.F.,
  .F.,(2,2),(0.,44.),.PIECEWISE_BEZIER_KNOTS.);
#1026 = CARTESIAN_POINT('',(299.9391172083,74.715056627234,
    139.38989221983));
#1027 = CARTESIAN_POINT('',(299.9391172083,118.71505662723,
    139.38989221983));
#1028 = PCURVE('',#517,#1029);
#1029 = DEFINITIONAL_REPRESENTATION('',(#1030),#1033);
#1030 = B_SPLINE_CURVE_WITH_KNOTS('',1,(#1031,#1032),.UNSPECIFIED.,.F.,
  .F.,(2,2),(0.,44.),.PIECEWISE_BEZIER_KNOTS.);
#1031 = CARTESIAN_POINT('',(0.,0.));
#1032 = CARTESIAN_POINT('',(0.,44.));
#1033 = ( GEOMETRIC_REPRESENTATION_CONTEXT(2) 
PARAMETRIC_REPRESENTATION_CONTEXT() REPRESENTATION_CONTEXT('2D SPACE',''
  ) );
#1034 = PCURVE('',#494,#1035);
#1035 = DEFINITIONAL_REPRESENTATION('',(#1036),#1039);
#1036 = B_SPLINE_CURVE_WITH_KNOTS('',1,(#1037,#1038),.UNSPECIFIED.,.F.,
  .F.,(2,2),(0.,44.),.PIECEWISE_BEZIER_KNOTS.);
#1037 = CARTESIAN_POINT('',(0.,28.));
#1038 = CARTESIAN_POINT('',(44.,28.));
#1039 = ( GEOMETRIC_REPRESENTATION_CONTEXT(2) 
PARAMETRIC_REPRESENTATION_CONTEXT() REPRESENTATION_CONTEXT('2D SPACE',''
  ) );
#1040 = ORIENTED_EDGE('',*,*,#505,.T.);
#1041 = ORIENTED_EDGE('',*,*,#976,.T.);
#1042 = ORIENTED_EDGE('',*,*,#1043,.T.);
#1043 = EDGE_CURVE('',#658,#1022,#1044,.T.);
#1044 = SURFACE_CURVE('',#1045,(#1060,#1078),.PCURVE_S1.);
#1045 = B_SPLINE_CURVE_WITH_KNOTS('',4,(#1046,#1047,#1048,#1049,#1050,
    #1051,#1052,#1053,#1054,#1055,#1056,#1057,#1058,#1059),
  .UNSPECIFIED.,.F.,.F.,(5,3,3,3,5),(0.,0.248276858272,0.504666111596,
    0.733927160734,1.),.UNSPECIFIED.);
#1046 = CARTESIAN_POINT('',(299.9391172083,95.493057813436,
    141.38989221983));
#1047 = CARTESIAN_POINT('',(299.9391172083,95.224189808581,
    141.31919398135));
#1048 = CARTESIAN_POINT('',(299.9391172083,94.957760210791,
    141.23924177695));
#1049 = CARTESIAN_POINT('',(299.9391172083,94.694254061435,
    141.15013647685));
#1050 = CARTESIAN_POINT('',(299.9391172083,94.165544254891,
    140.95071798337));
#1051 = CARTESIAN_POINT('',(299.9391172083,93.900566155296,
    140.83980691307));
#1052 = CARTESIAN_POINT('',(299.9391172083,93.639739971295,
    140.71946421867));
#1053 = CARTESIAN_POINT('',(299.9391172083,93.154516653492,
    140.47407346094));
#1054 = CARTESIAN_POINT('',(299.9391172083,92.929184878887,
    140.35087050952));
#1055 = CARTESIAN_POINT('',(299.9391172083,92.707945702425,
    140.22046733571));
#1056 = CARTESIAN_POINT('',(299.9391172083,92.239544834198,
    139.92359260574));
#1057 = CARTESIAN_POINT('',(299.9391172083,91.993924472972,
    139.75469156376));
#1058 = CARTESIAN_POINT('',(299.9391172083,91.754838631731,
    139.57666710091));
#1059 = CARTESIAN_POINT('',(299.9391172083,91.522804574563,
    139.38989221983));
#1060 = PCURVE('',#517,#1061);
#1061 = DEFINITIONAL_REPRESENTATION('',(#1062),#1077);
#1062 = B_SPLINE_CURVE_WITH_KNOTS('',4,(#1063,#1064,#1065,#1066,#1067,
    #1068,#1069,#1070,#1071,#1072,#1073,#1074,#1075,#1076),
  .UNSPECIFIED.,.F.,.F.,(5,3,3,3,5),(0.,0.248276858272,0.504666111596,
    0.733927160734,1.),.UNSPECIFIED.);
#1063 = CARTESIAN_POINT('',(2.,20.778001186202));
#1064 = CARTESIAN_POINT('',(1.929301761521,20.509133181347));
#1065 = CARTESIAN_POINT('',(1.849349557121,20.242703583557));
#1066 = CARTESIAN_POINT('',(1.760244257023,19.979197434201));
#1067 = CARTESIAN_POINT('',(1.560825763541,19.450487627657));
#1068 = CARTESIAN_POINT('',(1.449914693239,19.185509528061));
#1069 = CARTESIAN_POINT('',(1.329571998838,18.92468334406));
#1070 = CARTESIAN_POINT('',(1.084181241111,18.439460026257));
#1071 = CARTESIAN_POINT('',(0.960978289688,18.214128251653));
#1072 = CARTESIAN_POINT('',(0.83057511588,17.992889075191));
#1073 = CARTESIAN_POINT('',(0.533700385906,17.524488206964));
#1074 = CARTESIAN_POINT('',(0.364799343933,17.278867845737));
#1075 = CARTESIAN_POINT('',(0.186774881077,17.039782004497));
#1076 = CARTESIAN_POINT('',(0.,16.807747947328));
#1077 = ( GEOMETRIC_REPRESENTATION_CONTEXT(2) 
PARAMETRIC_REPRESENTATION_CONTEXT() REPRESENTATION_CONTEXT('2D SPACE',''
  ) );
#1078 = PCURVE('',#867,#1079);
#1079 = DEFINITIONAL_REPRESENTATION('',(#1080),#1095);
#1080 = B_SPLINE_CURVE_WITH_KNOTS('',4,(#1081,#1082,#1083,#1084,#1085,
    #1086,#1087,#1088,#1089,#1090,#1091,#1092,#1093,#1094),
  .UNSPECIFIED.,.F.,.F.,(5,3,3,3,5),(0.,0.248276858272,0.504666111596,
    0.733927160734,1.),.UNSPECIFIED.);
#1081 = CARTESIAN_POINT('',(0.152901883306,7.196106228486));
#1082 = CARTESIAN_POINT('',(0.177585211903,7.207825164424));
#1083 = CARTESIAN_POINT('',(0.202320508462,7.21967478981));
#1084 = CARTESIAN_POINT('',(0.227110043966,7.231650169938));
#1085 = CARTESIAN_POINT('',(0.277614085153,7.256237868995));
#1086 = CARTESIAN_POINT('',(0.303332356403,7.268858218953));
#1087 = CARTESIAN_POINT('',(0.329113514191,7.281602043626));
#1088 = CARTESIAN_POINT('',(0.378072009528,7.305965000331));
#1089 = CARTESIAN_POINT('',(0.401236226937,7.317560464295));
#1090 = CARTESIAN_POINT('',(0.424454671859,7.329246525786));
#1091 = CARTESIAN_POINT('',(0.474740892106,7.35468253576));
#1092 = CARTESIAN_POINT('',(0.501828139486,7.368462593853));
#1093 = CARTESIAN_POINT('',(0.528993883491,7.382353565757));
#1094 = CARTESIAN_POINT('',(0.556241053718,7.396349507823));
#1095 = ( GEOMETRIC_REPRESENTATION_CONTEXT(2) 
PARAMETRIC_REPRESENTATION_CONTEXT() REPRESENTATION_CONTEXT('2D SPACE',''
  ) );
#1096 = ADVANCED_FACE('',(#1097),#494,.T.);
#1097 = FACE_BOUND('',#1098,.T.);
#1098 = EDGE_LOOP('',(#1099,#1100,#1101,#1121,#1225,#1495));
#1099 = ORIENTED_EDGE('',*,*,#480,.F.);
#1100 = ORIENTED_EDGE('',*,*,#553,.F.);
#1101 = ORIENTED_EDGE('',*,*,#1102,.T.);
#1102 = EDGE_CURVE('',#534,#1103,#1105,.T.);
#1103 = VERTEX_POINT('',#1104);
#1104 = CARTESIAN_POINT('',(298.67805081417,118.71505662723,
    139.38989221983));
#1105 = SURFACE_CURVE('',#1106,(#1109,#1115),.PCURVE_S1.);
#1106 = B_SPLINE_CURVE_WITH_KNOTS('',1,(#1107,#1108),.UNSPECIFIED.,.F.,
  .F.,(2,2),(23.,28.),.PIECEWISE_BEZIER_KNOTS.);
#1107 = CARTESIAN_POINT('',(294.9391172083,118.71505662723,
    139.38989221983));
#1108 = CARTESIAN_POINT('',(299.9391172083,118.71505662723,
    139.38989221983));
#1109 = PCURVE('',#494,#1110);
#1110 = DEFINITIONAL_REPRESENTATION('',(#1111),#1114);
#1111 = B_SPLINE_CURVE_WITH_KNOTS('',1,(#1112,#1113),.UNSPECIFIED.,.F.,
  .F.,(2,2),(23.,28.),.PIECEWISE_BEZIER_KNOTS.);
#1112 = CARTESIAN_POINT('',(44.,23.));
#1113 = CARTESIAN_POINT('',(44.,28.));
#1114 = ( GEOMETRIC_REPRESENTATION_CONTEXT(2) 
PARAMETRIC_REPRESENTATION_CONTEXT() REPRESENTATION_CONTEXT('2D SPACE',''
  ) );
#1115 = PCURVE('',#591,#1116);
#1116 = DEFINITIONAL_REPRESENTATION('',(#1117),#1120);
#1117 = B_SPLINE_CURVE_WITH_KNOTS('',1,(#1118,#1119),.UNSPECIFIED.,.F.,
  .F.,(2,2),(23.,28.),.PIECEWISE_BEZIER_KNOTS.);
#1118 = CARTESIAN_POINT('',(0.,-23.));
#1119 = CARTESIAN_POINT('',(0.,-28.));
#1120 = ( GEOMETRIC_REPRESENTATION_CONTEXT(2) 
PARAMETRIC_REPRESENTATION_CONTEXT() REPRESENTATION_CONTEXT('2D SPACE',''
  ) );
#1121 = ORIENTED_EDGE('',*,*,#1122,.T.);
#1122 = EDGE_CURVE('',#1103,#1123,#1125,.T.);
#1123 = VERTEX_POINT('',#1124);
#1124 = CARTESIAN_POINT('',(296.7096556155,97.45400102322,
    139.38989221983));
#1125 = SURFACE_CURVE('',#1126,(#1157,#1191),.PCURVE_S1.);
#1126 = B_SPLINE_CURVE_WITH_KNOTS('',8,(#1127,#1128,#1129,#1130,#1131,
    #1132,#1133,#1134,#1135,#1136,#1137,#1138,#1139,#1140,#1141,#1142,
    #1143,#1144,#1145,#1146,#1147,#1148,#1149,#1150,#1151,#1152,#1153,
    #1154,#1155,#1156),.UNSPECIFIED.,.F.,.F.,(9,7,7,7,9),(0.,
    0.344202413726,0.937754543033,0.968754885602,1.),.UNSPECIFIED.);
#1127 = CARTESIAN_POINT('',(298.67805081417,118.71505662723,
    139.38989221983));
#1128 = CARTESIAN_POINT('',(298.56203057695,117.8032300399,
    139.38989221983));
#1129 = CARTESIAN_POINT('',(298.45309804099,116.89064446839,
    139.38989221983));
#1130 = CARTESIAN_POINT('',(298.34919109777,115.97754319228,
    139.38989221983));
#1131 = CARTESIAN_POINT('',(298.2494692123,115.06403765604,
    139.38989221983));
#1132 = CARTESIAN_POINT('',(298.15319536227,114.15021867675,
    139.38989221983));
#1133 = CARTESIAN_POINT('',(298.0599444237,113.23613484931,
    139.38989221983));
#1134 = CARTESIAN_POINT('',(297.96933742313,112.32182005146,
    139.38989221983));
#1135 = CARTESIAN_POINT('',(297.72893378087,109.83024120961,
    139.38989221983));
#1136 = CARTESIAN_POINT('',(297.5838110355,108.25259716956,
    139.38989221983));
#1137 = CARTESIAN_POINT('',(297.44428918713,106.67449418329,
    139.38989221983));
#1138 = CARTESIAN_POINT('',(297.30959746658,105.09601226528,
    139.38989221983));
#1139 = CARTESIAN_POINT('',(297.17913425111,103.51721229585,
    139.38989221983));
#1140 = CARTESIAN_POINT('',(297.05248328646,101.93813454621,
    139.38989221983));
#1141 = CARTESIAN_POINT('',(296.92930459975,100.35880763533,
    139.38989221983));
#1142 = CARTESIAN_POINT('',(296.80306820073,98.696750393331,
    139.38989221983));
#1143 = CARTESIAN_POINT('',(296.7968110716,98.614251755489,
    139.38989221983));
#1144 = CARTESIAN_POINT('',(296.79056265681,98.531752505767,
    139.38989221983));
#1145 = CARTESIAN_POINT('',(296.7843229191,98.44925264759,
    139.38989221983));
#1146 = CARTESIAN_POINT('',(296.77809182166,98.366752184336,
    139.38989221983));
#1147 = CARTESIAN_POINT('',(296.77186932822,98.284251119336,
    139.38989221983));
#1148 = CARTESIAN_POINT('',(296.76565540296,98.201749455876,
    139.38989221983));
#1149 = CARTESIAN_POINT('',(296.75319562179,98.036093518978,
    139.38989221983));
#1150 = CARTESIAN_POINT('',(296.74694990112,97.952939235275,
    139.38989221983));
#1151 = CARTESIAN_POINT('',(296.74071281255,97.869784354072,
    139.38989221983));
#1152 = CARTESIAN_POINT('',(296.73448432002,97.786628868854,
    139.38989221983));
#1153 = CARTESIAN_POINT('',(296.72826438859,97.703472790493,
    139.38989221983));
#1154 = CARTESIAN_POINT('',(296.7220529837,97.620316126691,
    139.38989221983));
#1155 = CARTESIAN_POINT('',(296.71585007051,97.537158865972,
    139.38989221983));
#1156 = CARTESIAN_POINT('',(296.7096556155,97.45400102322,
    139.38989221983));
#1157 = PCURVE('',#494,#1158);
#1158 = DEFINITIONAL_REPRESENTATION('',(#1159),#1190);
#1159 = B_SPLINE_CURVE_WITH_KNOTS('',8,(#1160,#1161,#1162,#1163,#1164,
    #1165,#1166,#1167,#1168,#1169,#1170,#1171,#1172,#1173,#1174,#1175,
    #1176,#1177,#1178,#1179,#1180,#1181,#1182,#1183,#1184,#1185,#1186,
    #1187,#1188,#1189),.UNSPECIFIED.,.F.,.F.,(9,7,7,7,9),(0.,
    0.344202413726,0.937754543033,0.968754885602,1.),.UNSPECIFIED.);
#1160 = CARTESIAN_POINT('',(44.,26.73893360587));
#1161 = CARTESIAN_POINT('',(43.088173412666,26.622913368652));
#1162 = CARTESIAN_POINT('',(42.175587841156,26.513980832693));
#1163 = CARTESIAN_POINT('',(41.26248656507,26.410073889467));
#1164 = CARTESIAN_POINT('',(40.348981028792,26.310352004005));
#1165 = CARTESIAN_POINT('',(39.43516204953,26.214078153966));
#1166 = CARTESIAN_POINT('',(38.521078222075,26.120827215403));
#1167 = CARTESIAN_POINT('',(37.606763424229,26.030220214827));
#1168 = CARTESIAN_POINT('',(35.115184582377,25.789816572572));
#1169 = CARTESIAN_POINT('',(33.537540542328,25.644693827201));
#1170 = CARTESIAN_POINT('',(31.959437556068,25.505171978826));
#1171 = CARTESIAN_POINT('',(30.380955638031,25.370480258282));
#1172 = CARTESIAN_POINT('',(28.802155668629,25.240017042807));
#1173 = CARTESIAN_POINT('',(27.223077918978,25.113366078165));
#1174 = CARTESIAN_POINT('',(25.6437510081,24.990187391447));
#1175 = CARTESIAN_POINT('',(23.981693766096,24.863950992434));
#1176 = CARTESIAN_POINT('',(23.899195128255,24.857693863303));
#1177 = CARTESIAN_POINT('',(23.816695878533,24.851445448515));
#1178 = CARTESIAN_POINT('',(23.734196020356,24.845205710796));
#1179 = CARTESIAN_POINT('',(23.651695557102,24.838974613362));
#1180 = CARTESIAN_POINT('',(23.569194492102,24.83275211992));
#1181 = CARTESIAN_POINT('',(23.486692828642,24.826538194664));
#1182 = CARTESIAN_POINT('',(23.321036891743,24.814078413494));
#1183 = CARTESIAN_POINT('',(23.237882600433,24.807832835348));
#1184 = CARTESIAN_POINT('',(23.154727743582,24.801595290561));
#1185 = CARTESIAN_POINT('',(23.071572234963,24.79536723644));
#1186 = CARTESIAN_POINT('',(22.988416146209,24.789147499716));
#1187 = CARTESIAN_POINT('',(22.905259521642,24.782935359755));
#1188 = CARTESIAN_POINT('',(22.822102232927,24.776732971072));
#1189 = CARTESIAN_POINT('',(22.738944390175,24.770538516053));
#1190 = ( GEOMETRIC_REPRESENTATION_CONTEXT(2) 
PARAMETRIC_REPRESENTATION_CONTEXT() REPRESENTATION_CONTEXT('2D SPACE',''
  ) );
#1191 = PCURVE('',#636,#1192);
#1192 = DEFINITIONAL_REPRESENTATION('',(#1193),#1224);
#1193 = B_SPLINE_CURVE_WITH_KNOTS('',8,(#1194,#1195,#1196,#1197,#1198,
    #1199,#1200,#1201,#1202,#1203,#1204,#1205,#1206,#1207,#1208,#1209,
    #1210,#1211,#1212,#1213,#1214,#1215,#1216,#1217,#1218,#1219,#1220,
    #1221,#1222,#1223),.UNSPECIFIED.,.F.,.F.,(9,7,7,7,9),(0.,
    0.344202413726,0.937754543033,0.968754885602,1.),.UNSPECIFIED.);
#1194 = CARTESIAN_POINT('',(4.232244214455,91.488995061494));
#1195 = CARTESIAN_POINT('',(4.194433398938,92.405057171688));
#1196 = CARTESIAN_POINT('',(4.159784500133,93.321499139098));
#1197 = CARTESIAN_POINT('',(4.127295377439,94.238188035905));
#1198 = CARTESIAN_POINT('',(4.096563842352,95.155057424274));
#1199 = CARTESIAN_POINT('',(4.06723582767,96.072055936374));
#1200 = CARTESIAN_POINT('',(4.03910978213,96.989157724101));
#1201 = CARTESIAN_POINT('',(4.012005420509,97.906349167016));
#1202 = CARTESIAN_POINT('',(3.940588370461,100.40542048577));
#1203 = CARTESIAN_POINT('',(3.898033950204,101.98743060402));
#1204 = CARTESIAN_POINT('',(3.857446227424,103.56960037216));
#1205 = CARTESIAN_POINT('',(3.818462256303,105.15189099939));
#1206 = CARTESIAN_POINT('',(3.780796481775,106.73427377913));
#1207 = CARTESIAN_POINT('',(3.74424984447,108.31673069678));
#1208 = CARTESIAN_POINT('',(3.708657041786,109.89925130221));
#1209 = CARTESIAN_POINT('',(3.672070681019,111.5644887198));
#1210 = CARTESIAN_POINT('',(3.67025692073,111.64714474165));
#1211 = CARTESIAN_POINT('',(3.668445385241,111.72980090993));
#1212 = CARTESIAN_POINT('',(3.666636055966,111.81245722321));
#1213 = CARTESIAN_POINT('',(3.664828914538,111.89511368007));
#1214 = CARTESIAN_POINT('',(3.663023942802,111.97777027912));
#1215 = CARTESIAN_POINT('',(3.661221122822,112.06042701899));
#1216 = CARTESIAN_POINT('',(3.65760553311,112.22639341806));
#1217 = CARTESIAN_POINT('',(3.655792797196,112.3097030803));
#1218 = CARTESIAN_POINT('',(3.653982211038,112.393012879));
#1219 = CARTESIAN_POINT('',(3.652173756564,112.47632282257));
#1220 = CARTESIAN_POINT('',(3.650367416138,112.55963290204));
#1221 = CARTESIAN_POINT('',(3.648563172289,112.64294311156));
#1222 = CARTESIAN_POINT('',(3.646761007504,112.72625346443));
#1223 = CARTESIAN_POINT('',(3.644960904761,112.8095639476));
#1224 = ( GEOMETRIC_REPRESENTATION_CONTEXT(2) 
PARAMETRIC_REPRESENTATION_CONTEXT() REPRESENTATION_CONTEXT('2D SPACE',''
  ) );
#1225 = ORIENTED_EDGE('',*,*,#1226,.T.);
#1226 = EDGE_CURVE('',#1123,#1022,#1227,.T.);
#1227 = SURFACE_CURVE('',#1228,(#1315,#1405),.PCURVE_S1.);
#1228 = B_SPLINE_CURVE_WITH_KNOTS('',7,(#1229,#1230,#1231,#1232,#1233,
    #1234,#1235,#1236,#1237,#1238,#1239,#1240,#1241,#1242,#1243,#1244,
    #1245,#1246,#1247,#1248,#1249,#1250,#1251,#1252,#1253,#1254,#1255,
    #1256,#1257,#1258,#1259,#1260,#1261,#1262,#1263,#1264,#1265,#1266,
    #1267,#1268,#1269,#1270,#1271,#1272,#1273,#1274,#1275,#1276,#1277,
    #1278,#1279,#1280,#1281,#1282,#1283,#1284,#1285,#1286,#1287,#1288,
    #1289,#1290,#1291,#1292,#1293,#1294,#1295,#1296,#1297,#1298,#1299,
    #1300,#1301,#1302,#1303,#1304,#1305,#1306,#1307,#1308,#1309,#1310,
    #1311,#1312,#1313,#1314),.UNSPECIFIED.,.F.,.F.,(8,6,6,6,6,6,6,6,6,6,
    6,6,6,6,8),(0.,5.737430863397E-03,0.180734671165,0.352373793377,
    0.457476820577,0.563733109579,0.653763407167,0.689919670489,
    0.710361305121,0.752498091853,0.784814781826,0.799309374733,
    0.822597387788,0.866247417595,1.),.UNSPECIFIED.);
#1229 = CARTESIAN_POINT('',(296.70965561549,97.45400102322,
    139.38989221983));
#1230 = CARTESIAN_POINT('',(296.70929648526,97.449179857249,
    139.38989221983));
#1231 = CARTESIAN_POINT('',(296.70862193527,97.440144798139,
    139.38989221983));
#1232 = CARTESIAN_POINT('',(296.7078644433,97.430099682932,
    139.38989221983));
#1233 = CARTESIAN_POINT('',(296.70715576423,97.420838236839,
    139.38989221983));
#1234 = CARTESIAN_POINT('',(296.70653751011,97.412799990955,
    139.38989221983));
#1235 = CARTESIAN_POINT('',(296.70594452489,97.405122151239,
    139.38989221983));
#1236 = CARTESIAN_POINT('',(296.68277122901,97.108160344285,
    139.38989221983));
#1237 = CARTESIAN_POINT('',(296.65454243875,96.821158234153,
    139.38989221983));
#1238 = CARTESIAN_POINT('',(296.62101453724,96.534869043848,
    139.38989221983));
#1239 = CARTESIAN_POINT('',(296.58326352555,96.249316793422,
    139.38989221983));
#1240 = CARTESIAN_POINT('',(296.54277483518,95.964399360277,
    139.38989221983));
#1241 = CARTESIAN_POINT('',(296.50111474601,95.679934899246,
    139.38989221983));
#1242 = CARTESIAN_POINT('',(296.41950193598,95.116851904922,
    139.38989221983));
#1243 = CARTESIAN_POINT('',(296.37954245036,94.838299933344,
    139.38989221983));
#1244 = CARTESIAN_POINT('',(296.34155868423,94.559697287769,
    139.38989221983));
#1245 = CARTESIAN_POINT('',(296.30715055114,94.28084636532,
    139.38989221983));
#1246 = CARTESIAN_POINT('',(296.27794662023,94.00167096206,
    139.38989221983));
#1247 = CARTESIAN_POINT('',(296.25564159654,93.722214836016,
    139.38989221983));
#1248 = CARTESIAN_POINT('',(296.23383751484,93.271430619856,
    139.38989221983));
#1249 = CARTESIAN_POINT('',(296.22885177871,93.100221612003,
    139.38989221983));
#1250 = CARTESIAN_POINT('',(296.22759098654,92.929044603846,
    139.38989221983));
#1251 = CARTESIAN_POINT('',(296.23051584519,92.758002437003,
    139.38989221983));
#1252 = CARTESIAN_POINT('',(296.23811735843,92.58726147816,
    139.38989221983));
#1253 = CARTESIAN_POINT('',(296.25092648241,92.41705283197,
    139.38989221983));
#1254 = CARTESIAN_POINT('',(296.28834583226,92.07643861945,
    139.38989221983));
#1255 = CARTESIAN_POINT('',(296.31307665605,91.906124283656,
    139.38989221983));
#1256 = CARTESIAN_POINT('',(296.34433264268,91.736980140683,
    139.38989221983));
#1257 = CARTESIAN_POINT('',(296.38278849382,91.569464001096,
    139.38989221983));
#1258 = CARTESIAN_POINT('',(296.42915642847,91.404233805619,
    139.38989221983));
#1259 = CARTESIAN_POINT('',(296.48419134649,91.242153498921,
    139.38989221983));
#1260 = CARTESIAN_POINT('',(296.60341733779,90.95057812054,
    139.38989221983));
#1261 = CARTESIAN_POINT('',(296.66488872442,90.819981060284,
    139.38989221983));
#1262 = CARTESIAN_POINT('',(296.7336560796,90.693144679906,
    139.38989221983));
#1263 = CARTESIAN_POINT('',(296.81020398366,90.571013342122,
    139.38989221983));
#1264 = CARTESIAN_POINT('',(296.89493106967,90.454817357276,
    139.38989221983));
#1265 = CARTESIAN_POINT('',(296.98808472407,90.346032474327,
    139.38989221983));
#1266 = CARTESIAN_POINT('',(297.13049665714,90.20629739292,
    139.38989221983));
#1267 = CARTESIAN_POINT('',(297.17265453672,90.167735480422,
    139.38989221983));
#1268 = CARTESIAN_POINT('',(297.21615822546,90.130763864951,
    139.38989221983));
#1269 = CARTESIAN_POINT('',(297.26099027503,90.095504054075,
    139.38989221983));
#1270 = CARTESIAN_POINT('',(297.30712032862,90.062082057715,
    139.38989221983));
#1271 = CARTESIAN_POINT('',(297.35450291305,90.030625268532,
    139.38989221983));
#1272 = CARTESIAN_POINT('',(297.43053651937,89.984656754593,
    139.38989221983));
#1273 = CARTESIAN_POINT('',(297.45837797857,89.968722369042,
    139.38989221983));
#1274 = CARTESIAN_POINT('',(297.48658812893,89.953479298475,
    139.38989221983));
#1275 = CARTESIAN_POINT('',(297.51515366121,89.938949896906,
    139.38989221983));
#1276 = CARTESIAN_POINT('',(297.54405943658,89.925155759561,
    139.38989221983));
#1277 = CARTESIAN_POINT('',(297.57328848659,89.912117722882,
    139.38989221983));
#1278 = CARTESIAN_POINT('',(297.66370011482,89.87458022879,
    139.38989221983));
#1279 = CARTESIAN_POINT('',(297.72588085448,89.852598500238,
    139.38989221983));
#1280 = CARTESIAN_POINT('',(297.78918582361,89.834089736937,
    139.38989221983));
#1281 = CARTESIAN_POINT('',(297.85341596567,89.819202229581,
    139.38989221983));
#1282 = CARTESIAN_POINT('',(297.91835099034,89.808046518554,
    139.38989221983));
#1283 = CARTESIAN_POINT('',(297.98374878766,89.800688411007,
    139.38989221983));
#1284 = CARTESIAN_POINT('',(298.0996535518,89.794422086394,
    139.38989221983));
#1285 = CARTESIAN_POINT('',(298.15008571431,89.793943760483,
    139.38989221983));
#1286 = CARTESIAN_POINT('',(298.20052443567,89.795713581855,
    139.38989221983));
#1287 = CARTESIAN_POINT('',(298.2508572114,89.799719822221,
    139.38989221983));
#1288 = CARTESIAN_POINT('',(298.30097604184,89.805933991427,
    139.38989221983));
#1289 = CARTESIAN_POINT('',(298.35077754733,89.81431236554,
    139.38989221983));
#1290 = CARTESIAN_POINT('',(298.4223133482,89.829500285292,
    139.38989221983));
#1291 = CARTESIAN_POINT('',(298.4443804759,89.834627001726,
    139.38989221983));
#1292 = CARTESIAN_POINT('',(298.46635591405,89.840172509867,
    139.38989221983));
#1293 = CARTESIAN_POINT('',(298.4882315173,89.846131252703,
    139.38989221983));
#1294 = CARTESIAN_POINT('',(298.50999954738,89.852497270573,
    139.38989221983));
#1295 = CARTESIAN_POINT('',(298.53165267314,89.859264201168,
    139.38989221983));
#1296 = CARTESIAN_POINT('',(298.58777763847,89.877930762121,
    139.38989221983));
#1297 = CARTESIAN_POINT('',(298.62205696443,89.890453817994,
    139.38989221983));
#1298 = CARTESIAN_POINT('',(298.65599319957,89.903966627354,
    139.38989221983));
#1299 = CARTESIAN_POINT('',(298.68956082995,89.918439460831,
    139.38989221983));
#1300 = CARTESIAN_POINT('',(298.72273738185,89.933841205466,
    139.38989221983));
#1301 = CARTESIAN_POINT('',(298.75550322715,89.950139890703,
    139.38989221983));
#1302 = CARTESIAN_POINT('',(298.84845461961,89.999473395164,
    139.38989221983));
#1303 = CARTESIAN_POINT('',(298.90756353507,90.034680465907,
    139.38989221983));
#1304 = CARTESIAN_POINT('',(298.96506068151,90.072712604421,
    139.38989221983));
#1305 = CARTESIAN_POINT('',(299.02087086641,90.113356260971,
    139.38989221983));
#1306 = CARTESIAN_POINT('',(299.07494680769,90.156402792702,
    139.38989221983));
#1307 = CARTESIAN_POINT('',(299.12726478319,90.201655098071,
    139.38989221983));
#1308 = CARTESIAN_POINT('',(299.33273262039,90.393807206974,
    139.38989221983));
#1309 = CARTESIAN_POINT('',(299.47075448215,90.557388015637,
    139.38989221983));
#1310 = CARTESIAN_POINT('',(299.59247481095,90.734914548741,
    139.38989221983));
#1311 = CARTESIAN_POINT('',(299.69879557847,90.922630613292,
    139.38989221983));
#1312 = CARTESIAN_POINT('',(299.79105993454,91.117597214635,
    139.38989221983));
#1313 = CARTESIAN_POINT('',(299.87070301021,91.317922365887,
    139.38989221983));
#1314 = CARTESIAN_POINT('',(299.9391172083,91.522804574562,
    139.38989221983));
#1315 = PCURVE('',#494,#1316);
#1316 = DEFINITIONAL_REPRESENTATION('',(#1317),#1404);
#1317 = B_SPLINE_CURVE_WITH_KNOTS('',7,(#1318,#1319,#1320,#1321,#1322,
    #1323,#1324,#1325,#1326,#1327,#1328,#1329,#1330,#1331,#1332,#1333,
    #1334,#1335,#1336,#1337,#1338,#1339,#1340,#1341,#1342,#1343,#1344,
    #1345,#1346,#1347,#1348,#1349,#1350,#1351,#1352,#1353,#1354,#1355,
    #1356,#1357,#1358,#1359,#1360,#1361,#1362,#1363,#1364,#1365,#1366,
    #1367,#1368,#1369,#1370,#1371,#1372,#1373,#1374,#1375,#1376,#1377,
    #1378,#1379,#1380,#1381,#1382,#1383,#1384,#1385,#1386,#1387,#1388,
    #1389,#1390,#1391,#1392,#1393,#1394,#1395,#1396,#1397,#1398,#1399,
    #1400,#1401,#1402,#1403),.UNSPECIFIED.,.F.,.F.,(8,6,6,6,6,6,6,6,6,6,
    6,6,6,6,8),(0.,5.737430863397E-03,0.180734671165,0.352373793377,
    0.457476820577,0.563733109579,0.653763407167,0.689919670489,
    0.710361305121,0.752498091853,0.784814781826,0.799309374733,
    0.822597387788,0.866247417595,1.),.UNSPECIFIED.);
#1318 = CARTESIAN_POINT('',(22.738944376599,24.770538175173));
#1319 = CARTESIAN_POINT('',(22.734123210628,24.77017904494));
#1320 = CARTESIAN_POINT('',(22.725088278196,24.769506011043));
#1321 = CARTESIAN_POINT('',(22.71504289695,24.768745335076));
#1322 = CARTESIAN_POINT('',(22.705781723564,24.768039919813));
#1323 = CARTESIAN_POINT('',(22.69774332835,24.767419878494));
#1324 = CARTESIAN_POINT('',(22.690065524004,24.766827316591));
#1325 = CARTESIAN_POINT('',(22.393103717051,24.743654020713));
#1326 = CARTESIAN_POINT('',(22.106101606919,24.715425230453));
#1327 = CARTESIAN_POINT('',(21.819812416614,24.681897328943));
#1328 = CARTESIAN_POINT('',(21.534260166188,24.644146317246));
#1329 = CARTESIAN_POINT('',(21.249342733043,24.603657626883));
#1330 = CARTESIAN_POINT('',(20.964878272012,24.561997537707));
#1331 = CARTESIAN_POINT('',(20.401795277687,24.480384727678));
#1332 = CARTESIAN_POINT('',(20.123243306109,24.440425242063));
#1333 = CARTESIAN_POINT('',(19.844640660535,24.402441475931));
#1334 = CARTESIAN_POINT('',(19.565789738086,24.368033342838));
#1335 = CARTESIAN_POINT('',(19.286614334826,24.338829411929));
#1336 = CARTESIAN_POINT('',(19.007158208781,24.316524388238));
#1337 = CARTESIAN_POINT('',(18.556373992622,24.294720306545));
#1338 = CARTESIAN_POINT('',(18.385164984768,24.289734570415));
#1339 = CARTESIAN_POINT('',(18.213987976612,24.28847377824));
#1340 = CARTESIAN_POINT('',(18.042945809768,24.291398636887));
#1341 = CARTESIAN_POINT('',(17.872204850926,24.299000150131));
#1342 = CARTESIAN_POINT('',(17.701996204736,24.311809274114));
#1343 = CARTESIAN_POINT('',(17.361381992216,24.34922862396));
#1344 = CARTESIAN_POINT('',(17.191067656421,24.373959447753));
#1345 = CARTESIAN_POINT('',(17.021923513449,24.40521543438));
#1346 = CARTESIAN_POINT('',(16.854407373861,24.443671285517));
#1347 = CARTESIAN_POINT('',(16.689177178385,24.490039220168));
#1348 = CARTESIAN_POINT('',(16.527096871687,24.545074138193));
#1349 = CARTESIAN_POINT('',(16.235521493305,24.664300129488));
#1350 = CARTESIAN_POINT('',(16.104924433049,24.725771516124));
#1351 = CARTESIAN_POINT('',(15.978088052671,24.794538871296));
#1352 = CARTESIAN_POINT('',(15.855956714888,24.871086775356));
#1353 = CARTESIAN_POINT('',(15.739760730042,24.955813861373));
#1354 = CARTESIAN_POINT('',(15.630975847092,25.048967515767));
#1355 = CARTESIAN_POINT('',(15.491240765686,25.19137944884));
#1356 = CARTESIAN_POINT('',(15.452678853188,25.233537328422));
#1357 = CARTESIAN_POINT('',(15.415707237716,25.277041017157));
#1358 = CARTESIAN_POINT('',(15.380447426841,25.321873066735));
#1359 = CARTESIAN_POINT('',(15.347025430481,25.368003120325));
#1360 = CARTESIAN_POINT('',(15.315568641298,25.415385704747));
#1361 = CARTESIAN_POINT('',(15.269600127359,25.491419311071));
#1362 = CARTESIAN_POINT('',(15.253665741807,25.51926077027));
#1363 = CARTESIAN_POINT('',(15.238422671241,25.547470920626));
#1364 = CARTESIAN_POINT('',(15.223893269672,25.57603645291));
#1365 = CARTESIAN_POINT('',(15.210099132327,25.604942228284));
#1366 = CARTESIAN_POINT('',(15.197061095647,25.634171278294));
#1367 = CARTESIAN_POINT('',(15.159523601556,25.724582906525));
#1368 = CARTESIAN_POINT('',(15.137541873004,25.786763646176));
#1369 = CARTESIAN_POINT('',(15.119033109703,25.850068615306));
#1370 = CARTESIAN_POINT('',(15.104145602347,25.914298757374));
#1371 = CARTESIAN_POINT('',(15.09298989132,25.979233782037));
#1372 = CARTESIAN_POINT('',(15.085631783773,26.044631579357));
#1373 = CARTESIAN_POINT('',(15.079365459159,26.160536343505));
#1374 = CARTESIAN_POINT('',(15.078887133249,26.210968506008));
#1375 = CARTESIAN_POINT('',(15.080656954621,26.261407227369));
#1376 = CARTESIAN_POINT('',(15.084663194986,26.311740003098));
#1377 = CARTESIAN_POINT('',(15.090877364193,26.361858833538));
#1378 = CARTESIAN_POINT('',(15.099255738305,26.411660339034));
#1379 = CARTESIAN_POINT('',(15.114443658057,26.483196139902));
#1380 = CARTESIAN_POINT('',(15.119570374492,26.505263267605));
#1381 = CARTESIAN_POINT('',(15.125115882632,26.527238705755));
#1382 = CARTESIAN_POINT('',(15.131074625468,26.549114308998));
#1383 = CARTESIAN_POINT('',(15.137440643338,26.570882339079));
#1384 = CARTESIAN_POINT('',(15.144207573933,26.592535464838));
#1385 = CARTESIAN_POINT('',(15.162874134887,26.648660430175));
#1386 = CARTESIAN_POINT('',(15.175397190759,26.682939756133));
#1387 = CARTESIAN_POINT('',(15.18891000012,26.716875991272));
#1388 = CARTESIAN_POINT('',(15.203382833597,26.750443621649));
#1389 = CARTESIAN_POINT('',(15.218784578232,26.78362017355));
#1390 = CARTESIAN_POINT('',(15.235083263469,26.816386018847));
#1391 = CARTESIAN_POINT('',(15.284416767929,26.909337411309));
#1392 = CARTESIAN_POINT('',(15.319623838672,26.968446326765));
#1393 = CARTESIAN_POINT('',(15.357655977187,27.02594347321));
#1394 = CARTESIAN_POINT('',(15.398299633737,27.081753658112));
#1395 = CARTESIAN_POINT('',(15.441346165468,27.135829599393));
#1396 = CARTESIAN_POINT('',(15.486598470837,27.188147574891));
#1397 = CARTESIAN_POINT('',(15.67875057974,27.393615412093));
#1398 = CARTESIAN_POINT('',(15.842331388403,27.531637273847));
#1399 = CARTESIAN_POINT('',(16.019857921507,27.653357602653));
#1400 = CARTESIAN_POINT('',(16.207573986058,27.759678370172));
#1401 = CARTESIAN_POINT('',(16.402540587401,27.85194272624));
#1402 = CARTESIAN_POINT('',(16.602865738653,27.931585801914));
#1403 = CARTESIAN_POINT('',(16.807747947328,28.));
#1404 = ( GEOMETRIC_REPRESENTATION_CONTEXT(2) 
PARAMETRIC_REPRESENTATION_CONTEXT() REPRESENTATION_CONTEXT('2D SPACE',''
  ) );
#1405 = PCURVE('',#867,#1406);
#1406 = DEFINITIONAL_REPRESENTATION('',(#1407),#1494);
#1407 = B_SPLINE_CURVE_WITH_KNOTS('',7,(#1408,#1409,#1410,#1411,#1412,
    #1413,#1414,#1415,#1416,#1417,#1418,#1419,#1420,#1421,#1422,#1423,
    #1424,#1425,#1426,#1427,#1428,#1429,#1430,#1431,#1432,#1433,#1434,
    #1435,#1436,#1437,#1438,#1439,#1440,#1441,#1442,#1443,#1444,#1445,
    #1446,#1447,#1448,#1449,#1450,#1451,#1452,#1453,#1454,#1455,#1456,
    #1457,#1458,#1459,#1460,#1461,#1462,#1463,#1464,#1465,#1466,#1467,
    #1468,#1469,#1470,#1471,#1472,#1473,#1474,#1475,#1476,#1477,#1478,
    #1479,#1480,#1481,#1482,#1483,#1484,#1485,#1486,#1487,#1488,#1489,
    #1490,#1491,#1492,#1493),.UNSPECIFIED.,.F.,.F.,(8,6,6,6,6,6,6,6,6,6,
    6,6,6,6,8),(0.,5.737430863397E-03,0.180734671165,0.352373793377,
    0.457476820577,0.563733109579,0.653763407167,0.689919670489,
    0.710361305121,0.752498091853,0.784814781826,0.799309374733,
    0.822597387788,0.866247417595,1.),.UNSPECIFIED.);
#1408 = CARTESIAN_POINT('',(0.,4.203737412748));
#1409 = CARTESIAN_POINT('',(5.351224715371E-04,4.203841775652));
#1410 = CARTESIAN_POINT('',(1.537949122544E-03,4.204038941363));
#1411 = CARTESIAN_POINT('',(2.652815331899E-03,4.204265972469));
#1412 = CARTESIAN_POINT('',(3.680599249478E-03,4.204486001852));
#1413 = CARTESIAN_POINT('',(4.5725983754E-03,4.204680299934));
#1414 = CARTESIAN_POINT('',(5.424579063069E-03,4.204868436977));
#1415 = CARTESIAN_POINT('',(3.837440992583E-02,4.212394285897));
#1416 = CARTESIAN_POINT('',(7.014851367354E-02,4.225773946361));
#1417 = CARTESIAN_POINT('',(0.101664904025,4.245085644411));
#1418 = CARTESIAN_POINT('',(0.132813705507,4.26997525071));
#1419 = CARTESIAN_POINT('',(0.163507591043,4.299988292776));
#1420 = CARTESIAN_POINT('',(0.193680043525,4.334718556496));
#1421 = CARTESIAN_POINT('',(0.252319038498,4.412229385273));
#1422 = CARTESIAN_POINT('',(0.280799490888,4.454833039802));
#1423 = CARTESIAN_POINT('',(0.308687981136,4.501366051581));
#1424 = CARTESIAN_POINT('',(0.335945112859,4.551610680955));
#1425 = CARTESIAN_POINT('',(0.362530915617,4.605432233962));
#1426 = CARTESIAN_POINT('',(0.388406844134,4.662802526667));
#1427 = CARTESIAN_POINT('',(0.428926891623,4.761216815123));
#1428 = CARTESIAN_POINT('',(0.444032949661,4.799959934108));
#1429 = CARTESIAN_POINT('',(0.458847957945,4.840095420583));
#1430 = CARTESIAN_POINT('',(0.473359948967,4.881661008013));
#1431 = CARTESIAN_POINT('',(0.487554048902,4.924706298443));
#1432 = CARTESIAN_POINT('',(0.50141315,4.969299513782));
#1433 = CARTESIAN_POINT('',(0.528571680075,5.062290206655));
#1434 = CARTESIAN_POINT('',(0.541857482505,5.110704480909));
#1435 = CARTESIAN_POINT('',(0.554761431141,5.160900385078));
#1436 = CARTESIAN_POINT('',(0.567255516943,5.212998798725));
#1437 = CARTESIAN_POINT('',(0.579301872983,5.267123313935));
#1438 = CARTESIAN_POINT('',(0.590854430631,5.323421414924));
#1439 = CARTESIAN_POINT('',(0.611181954693,5.431833898468));
#1440 = CARTESIAN_POINT('',(0.620105090565,5.483239435101));
#1441 = CARTESIAN_POINT('',(0.628597864726,5.536466336945));
#1442 = CARTESIAN_POINT('',(0.636610997738,5.591619614982));
#1443 = CARTESIAN_POINT('',(0.644081805464,5.648775814313));
#1444 = CARTESIAN_POINT('',(0.6509375795,5.707989057847));
#1445 = CARTESIAN_POINT('',(0.659569780741,5.793916216023));
#1446 = CARTESIAN_POINT('',(0.661930102505,5.818868049864));
#1447 = CARTESIAN_POINT('',(0.664171740603,5.844148636231));
#1448 = CARTESIAN_POINT('',(0.666288720798,5.869752733931));
#1449 = CARTESIAN_POINT('',(0.668274873986,5.895671649542));
#1450 = CARTESIAN_POINT('',(0.670123996674,5.921892672792));
#1451 = CARTESIAN_POINT('',(0.672794539522,5.963384094762));
#1452 = CARTESIAN_POINT('',(0.673713329872,5.978460651862));
#1453 = CARTESIAN_POINT('',(0.674585262964,5.993624966945));
#1454 = CARTESIAN_POINT('',(0.675409261403,6.008873333162));
#1455 = CARTESIAN_POINT('',(0.67618428994,6.024201553097));
#1456 = CARTESIAN_POINT('',(0.676909355469,6.039604938763));
#1457 = CARTESIAN_POINT('',(0.678973150328,6.086973912088));
#1458 = CARTESIAN_POINT('',(0.68014667143,6.119171614133));
#1459 = CARTESIAN_POINT('',(0.681095561476,6.151618443896));
#1460 = CARTESIAN_POINT('',(0.681812944558,6.184259989773));
#1461 = CARTESIAN_POINT('',(0.682293903515,6.21703780738));
#1462 = CARTESIAN_POINT('',(0.682535805732,6.249886824532));
#1463 = CARTESIAN_POINT('',(0.682540794188,6.307923833399));
#1464 = CARTESIAN_POINT('',(0.682402341291,6.333116473872));
#1465 = CARTESIAN_POINT('',(0.682123258963,6.358278284909));
#1466 = CARTESIAN_POINT('',(0.681704431549,6.383379475744));
#1467 = CARTESIAN_POINT('',(0.681147567299,6.408392129789));
#1468 = CARTESIAN_POINT('',(0.680455126644,6.433289486854));
#1469 = CARTESIAN_POINT('',(0.679260279294,6.469148601111));
#1470 = CARTESIAN_POINT('',(0.678863657016,6.480223758545));
#1471 = CARTESIAN_POINT('',(0.678440663739,6.491268511468));
#1472 = CARTESIAN_POINT('',(0.677991598446,6.502280793285));
#1473 = CARTESIAN_POINT('',(0.677516779019,6.513258657003));
#1474 = CARTESIAN_POINT('',(0.677016542233,6.524200275223));
#1475 = CARTESIAN_POINT('',(0.675647262988,6.552622520548));
#1476 = CARTESIAN_POINT('',(0.674738581012,6.570043190916));
#1477 = CARTESIAN_POINT('',(0.673766661816,6.587358830791));
#1478 = CARTESIAN_POINT('',(0.672733053347,6.604563300361));
#1479 = CARTESIAN_POINT('',(0.671639362773,6.621651335834));
#1480 = CARTESIAN_POINT('',(0.670487231751,6.638618444804));
#1481 = CARTESIAN_POINT('',(0.667012364948,6.687029376201));
#1482 = CARTESIAN_POINT('',(0.664546966779,6.718158716562));
#1483 = CARTESIAN_POINT('',(0.661892897235,6.748826066049));
#1484 = CARTESIAN_POINT('',(0.659060941555,6.779016646596));
#1485 = CARTESIAN_POINT('',(0.656061563391,6.808722663626));
#1486 = CARTESIAN_POINT('',(0.652904578056,6.837942310959));
#1487 = CARTESIAN_POINT('',(0.639469327368,6.954733157091));
#1488 = CARTESIAN_POINT('',(0.627965509928,7.038056714422));
#1489 = CARTESIAN_POINT('',(0.61531457898,7.117113994216));
#1490 = CARTESIAN_POINT('',(0.601694636589,7.192154817795));
#1491 = CARTESIAN_POINT('',(0.587256122019,7.263471213813));
#1492 = CARTESIAN_POINT('',(0.572097138529,7.331395486663));
#1493 = CARTESIAN_POINT('',(0.556241053858,7.396349507266));
#1494 = ( GEOMETRIC_REPRESENTATION_CONTEXT(2) 
PARAMETRIC_REPRESENTATION_CONTEXT() REPRESENTATION_CONTEXT('2D SPACE',''
  ) );
#1495 = ORIENTED_EDGE('',*,*,#1021,.F.);
#1496 = ADVANCED_FACE('',(#1497),#867,.F.);
#1497 = FACE_BOUND('',#1498,.F.);
#1498 = EDGE_LOOP('',(#1499,#1500,#1521,#1522));
#1499 = ORIENTED_EDGE('',*,*,#657,.F.);
#1500 = ORIENTED_EDGE('',*,*,#1501,.T.);
#1501 = EDGE_CURVE('',#603,#1123,#1502,.T.);
#1502 = SURFACE_CURVE('',#1503,(#1508,#1514),.PCURVE_S1.);
#1503 = CIRCLE('',#1504,2.);
#1504 = AXIS2_PLACEMENT_3D('',#1505,#1506,#1507);
#1505 = CARTESIAN_POINT('',(298.45201850273,97.324211840642,
    140.36319912789));
#1506 = DIRECTION('',(-5.32625170058E-02,-0.997868007991,
    -3.771661318927E-02));
#1507 = DIRECTION('',(0.998553963252,-5.349868230451E-02,
    5.279532693543E-03));
#1508 = PCURVE('',#867,#1509);
#1509 = DEFINITIONAL_REPRESENTATION('',(#1510),#1513);
#1510 = B_SPLINE_CURVE_WITH_KNOTS('',1,(#1511,#1512),.UNSPECIFIED.,.F.,
  .F.,(2,2),(0.,6.28318530718),.PIECEWISE_BEZIER_KNOTS.);
#1511 = CARTESIAN_POINT('',(0.,7.84869831751));
#1512 = CARTESIAN_POINT('',(0.,1.56551301033));
#1513 = ( GEOMETRIC_REPRESENTATION_CONTEXT(2) 
PARAMETRIC_REPRESENTATION_CONTEXT() REPRESENTATION_CONTEXT('2D SPACE',''
  ) );
#1514 = PCURVE('',#636,#1515);
#1515 = DEFINITIONAL_REPRESENTATION('',(#1516),#1520);
#1516 = LINE('',#1517,#1518);
#1517 = CARTESIAN_POINT('',(0.,112.8095639476));
#1518 = VECTOR('',#1519,1.);
#1519 = DIRECTION('',(1.,0.));
#1520 = ( GEOMETRIC_REPRESENTATION_CONTEXT(2) 
PARAMETRIC_REPRESENTATION_CONTEXT() REPRESENTATION_CONTEXT('2D SPACE',''
  ) );
#1521 = ORIENTED_EDGE('',*,*,#1226,.T.);
#1522 = ORIENTED_EDGE('',*,*,#1043,.F.);
#1523 = ADVANCED_FACE('',(#1524),#636,.F.);
#1524 = FACE_BOUND('',#1525,.F.);
#1525 = EDGE_LOOP('',(#1526,#1527,#1528,#1591));
#1526 = ORIENTED_EDGE('',*,*,#1501,.F.);
#1527 = ORIENTED_EDGE('',*,*,#602,.F.);
#1528 = ORIENTED_EDGE('',*,*,#1529,.T.);
#1529 = EDGE_CURVE('',#578,#1103,#1530,.T.);
#1530 = SURFACE_CURVE('',#1531,(#1549,#1570),.PCURVE_S1.);
#1531 = B_SPLINE_CURVE_WITH_KNOTS('',6,(#1532,#1533,#1534,#1535,#1536,
    #1537,#1538,#1539,#1540,#1541,#1542,#1543,#1544,#1545,#1546,#1547,
    #1548),.UNSPECIFIED.,.F.,.F.,(7,5,5,7),(0.,0.197971016367,
    0.600883156167,1.),.UNSPECIFIED.);
#1532 = CARTESIAN_POINT('',(297.60331558117,118.71505662723,
    141.38989221983));
#1533 = CARTESIAN_POINT('',(297.59446772455,118.71505662723,
    141.31072201008));
#1534 = CARTESIAN_POINT('',(297.5894010462,118.71505662723,
    141.23112585793));
#1535 = CARTESIAN_POINT('',(297.58814288189,118.71505662723,
    141.15133081392));
#1536 = CARTESIAN_POINT('',(297.59070230147,118.71505662723,
    141.07156420441));
#1537 = CARTESIAN_POINT('',(297.59707010894,118.71505662723,
    140.99205363158));
#1538 = CARTESIAN_POINT('',(297.62787362299,118.71505662723,
    140.75219130914));
#1539 = CARTESIAN_POINT('',(297.66419202002,118.71505662723,
    140.59333648181));
#1540 = CARTESIAN_POINT('',(297.71594392223,118.71505662723,
    140.43841927313));
#1541 = CARTESIAN_POINT('',(297.78256710642,118.71505662723,
    140.28928457781));
#1542 = CARTESIAN_POINT('',(297.86324266788,118.71505662723,
    140.14768145719));
#1543 = CARTESIAN_POINT('',(298.04952199156,118.71505662723,
    139.88400916269));
#1544 = CARTESIAN_POINT('',(298.15490688069,118.71505662723,
    139.76173583625));
#1545 = CARTESIAN_POINT('',(298.27187508946,118.71505662723,
    139.64997373047));
#1546 = CARTESIAN_POINT('',(298.39909324496,118.71505662723,
    139.55004377998));
#1547 = CARTESIAN_POINT('',(298.53505682541,118.71505662723,
    139.46306509563));
#1548 = CARTESIAN_POINT('',(298.67805081417,118.71505662723,
    139.38989221983));
#1549 = PCURVE('',#636,#1550);
#1550 = DEFINITIONAL_REPRESENTATION('',(#1551),#1569);
#1551 = B_SPLINE_CURVE_WITH_KNOTS('',6,(#1552,#1553,#1554,#1555,#1556,
    #1557,#1558,#1559,#1560,#1561,#1562,#1563,#1564,#1565,#1566,#1567,
    #1568),.UNSPECIFIED.,.F.,.F.,(7,5,5,7),(0.,0.197971016367,
    0.600883156167,1.),.UNSPECIFIED.);
#1552 = CARTESIAN_POINT('',(3.025067372186,91.470804938741));
#1553 = CARTESIAN_POINT('',(3.064861384978,91.474262230032));
#1554 = CARTESIAN_POINT('',(3.10466087708,91.477534191355));
#1555 = CARTESIAN_POINT('',(3.144465709104,91.480610803163));
#1556 = CARTESIAN_POINT('',(3.184275654085,91.48348300839));
#1557 = CARTESIAN_POINT('',(3.224090397479,91.486142712456));
#1558 = CARTESIAN_POINT('',(3.344949757444,91.493548834199));
#1559 = CARTESIAN_POINT('',(3.42601899866,91.497605891036));
#1560 = CARTESIAN_POINT('',(3.507091667829,91.5006924069));
#1561 = CARTESIAN_POINT('',(3.588175180928,91.502768744036));
#1562 = CARTESIAN_POINT('',(3.669276567607,91.503812550698));
#1563 = CARTESIAN_POINT('',(3.830694553585,91.503835670993));
#1564 = CARTESIAN_POINT('',(3.911031101708,91.5028343423));
#1565 = CARTESIAN_POINT('',(3.99135079002,91.500819609205));
#1566 = CARTESIAN_POINT('',(4.071660364702,91.497812669323));
#1567 = CARTESIAN_POINT('',(4.151966624054,91.4938514482));
#1568 = CARTESIAN_POINT('',(4.232244214455,91.488995061494));
#1569 = ( GEOMETRIC_REPRESENTATION_CONTEXT(2) 
PARAMETRIC_REPRESENTATION_CONTEXT() REPRESENTATION_CONTEXT('2D SPACE',''
  ) );
#1570 = PCURVE('',#591,#1571);
#1571 = DEFINITIONAL_REPRESENTATION('',(#1572),#1590);
#1572 = B_SPLINE_CURVE_WITH_KNOTS('',6,(#1573,#1574,#1575,#1576,#1577,
    #1578,#1579,#1580,#1581,#1582,#1583,#1584,#1585,#1586,#1587,#1588,
    #1589),.UNSPECIFIED.,.F.,.F.,(7,5,5,7),(0.,0.197971016367,
    0.600883156167,1.),.UNSPECIFIED.);
#1573 = CARTESIAN_POINT('',(2.,-25.66419837286));
#1574 = CARTESIAN_POINT('',(1.920829790245,-25.65535051624));
#1575 = CARTESIAN_POINT('',(1.841233638095,-25.6502838379));
#1576 = CARTESIAN_POINT('',(1.761438594086,-25.64902567358));
#1577 = CARTESIAN_POINT('',(1.681671984576,-25.65158509317));
#1578 = CARTESIAN_POINT('',(1.602161411749,-25.65795290064));
#1579 = CARTESIAN_POINT('',(1.362299089311,-25.68875641469));
#1580 = CARTESIAN_POINT('',(1.203444261976,-25.72507481171));
#1581 = CARTESIAN_POINT('',(1.048527053298,-25.77682671393));
#1582 = CARTESIAN_POINT('',(0.899392357979,-25.84344989811));
#1583 = CARTESIAN_POINT('',(0.757789237358,-25.92412545957));
#1584 = CARTESIAN_POINT('',(0.494116942854,-26.11040478326));
#1585 = CARTESIAN_POINT('',(0.371843616419,-26.21578967239));
#1586 = CARTESIAN_POINT('',(0.260081510639,-26.33275788116));
#1587 = CARTESIAN_POINT('',(0.160151560148,-26.45997603665));
#1588 = CARTESIAN_POINT('',(7.317287579668E-02,-26.5959396171));
#1589 = CARTESIAN_POINT('',(0.,-26.73893360587));
#1590 = ( GEOMETRIC_REPRESENTATION_CONTEXT(2) 
PARAMETRIC_REPRESENTATION_CONTEXT() REPRESENTATION_CONTEXT('2D SPACE',''
  ) );
#1591 = ORIENTED_EDGE('',*,*,#1122,.T.);
#1592 = ADVANCED_FACE('',(#1593),#591,.F.);
#1593 = FACE_BOUND('',#1594,.F.);
#1594 = EDGE_LOOP('',(#1595,#1596,#1597,#1598));
#1595 = ORIENTED_EDGE('',*,*,#577,.F.);
#1596 = ORIENTED_EDGE('',*,*,#1000,.F.);
#1597 = ORIENTED_EDGE('',*,*,#1102,.T.);
#1598 = ORIENTED_EDGE('',*,*,#1529,.F.);
#1599 = ( GEOMETRIC_REPRESENTATION_CONTEXT(3) 
GLOBAL_UNCERTAINTY_ASSIGNED_CONTEXT((#1603)) 
GLOBAL_UNIT_ASSIGNED_CONTEXT((#1600,#1601,#1602)) REPRESENTATION_CONTEXT
('Context #1','3D Context with UNIT and UNCERTAINTY') );
#1600 = ( LENGTH_UNIT() NAMED_UNIT(*) SI_UNIT(.MILLI.,.METRE.) );
#1601 = ( NAMED_UNIT(*) PLANE_ANGLE_UNIT() SI_UNIT($,.RADIAN.) );
#1602 = ( NAMED_UNIT(*) SI_UNIT($,.STERADIAN.) SOLID_ANGLE_UNIT() );
#1603 = UNCERTAINTY_MEASURE_WITH_UNIT(LENGTH_MEASURE(1.E-06),#1600,
  'distance_accuracy_value','confusion accuracy');
#1604 = CONTEXT_DEPENDENT_SHAPE_REPRESENTATION(#1605,#1607);
#1605 = ( REPRESENTATION_RELATIONSHIP('','',#36,#10) 
REPRESENTATION_RELATIONSHIP_WITH_TRANSFORMATION(#1606) 
SHAPE_REPRESENTATION_RELATIONSHIP() );
#1606 = ITEM_DEFINED_TRANSFORMATION('','',#11,#15);
#1607 = PRODUCT_DEFINITION_SHAPE('Placement','Placement of an item',
  #1608);
#1608 = NEXT_ASSEMBLY_USAGE_OCCURRENCE('14','','',#5,#31,$);
#1609 = PRODUCT_RELATED_PRODUCT_CATEGORY('part',$,(#33));
#1610 = SHAPE_DEFINITION_REPRESENTATION(#1611,#1617);
#1611 = PRODUCT_DEFINITION_SHAPE('','',#1612);
#1612 = PRODUCT_DEFINITION('design','',#1613,#1616);
#1613 = PRODUCT_DEFINITION_FORMATION('','',#1614);
#1614 = PRODUCT('Open CASCADE STEP translator 7.8 66.2',
  'Open CASCADE STEP translator 7.8 66.2','',(#1615));
#1615 = PRODUCT_CONTEXT('',#2,'mechanical');
#1616 = PRODUCT_DEFINITION_CONTEXT('part definition',#2,'design');
#1617 = ADVANCED_BREP_SHAPE_REPRESENTATION('',(#11,#1618),#1916);
#1618 = MANIFOLD_SOLID_BREP('',#1619);
#1619 = CLOSED_SHELL('',(#1620,#1729,#1796,#1842,#1885,#1909));
#1620 = ADVANCED_FACE('',(#1621),#1634,.T.);
#1621 = FACE_BOUND('',#1622,.T.);
#1622 = EDGE_LOOP('',(#1623,#1655,#1680,#1705));
#1623 = ORIENTED_EDGE('',*,*,#1624,.F.);
#1624 = EDGE_CURVE('',#1625,#1627,#1629,.T.);
#1625 = VERTEX_POINT('',#1626);
#1626 = CARTESIAN_POINT('',(292.9391172083,74.715056627234,
    117.38989221983));
#1627 = VERTEX_POINT('',#1628);
#1628 = CARTESIAN_POINT('',(292.9391172083,74.715056627234,
    134.38989221983));
#1629 = SURFACE_CURVE('',#1630,(#1633,#1644),.PCURVE_S1.);
#1630 = B_SPLINE_CURVE_WITH_KNOTS('',1,(#1631,#1632),.UNSPECIFIED.,.F.,
  .F.,(2,2),(0.,22.),.PIECEWISE_BEZIER_KNOTS.);
#1631 = CARTESIAN_POINT('',(292.9391172083,74.715056627234,
    117.38989221983));
#1632 = CARTESIAN_POINT('',(292.9391172083,74.715056627234,
    139.38989221983));
#1633 = PCURVE('',#1634,#1639);
#1634 = B_SPLINE_SURFACE_WITH_KNOTS('',1,1,(
    (#1635,#1636)
    ,(#1637,#1638
    )),.UNSPECIFIED.,.F.,.F.,.F.,(2,2),(2,2),(0.,22.),(-2.,0.),
  .PIECEWISE_BEZIER_KNOTS.);
#1635 = CARTESIAN_POINT('',(294.9391172083,74.715056627234,
    117.38989221983));
#1636 = CARTESIAN_POINT('',(292.9391172083,74.715056627234,
    117.38989221983));
#1637 = CARTESIAN_POINT('',(294.9391172083,74.715056627234,
    139.38989221983));
#1638 = CARTESIAN_POINT('',(292.9391172083,74.715056627234,
    139.38989221983));
#1639 = DEFINITIONAL_REPRESENTATION('',(#1640),#1643);
#1640 = B_SPLINE_CURVE_WITH_KNOTS('',1,(#1641,#1642),.UNSPECIFIED.,.F.,
  .F.,(2,2),(0.,22.),.PIECEWISE_BEZIER_KNOTS.);
#1641 = CARTESIAN_POINT('',(0.,0.));
#1642 = CARTESIAN_POINT('',(22.,0.));
#1643 = ( GEOMETRIC_REPRESENTATION_CONTEXT(2) 
PARAMETRIC_REPRESENTATION_CONTEXT() REPRESENTATION_CONTEXT('2D SPACE',''
  ) );
#1644 = PCURVE('',#1645,#1650);
#1645 = B_SPLINE_SURFACE_WITH_KNOTS('',1,1,(
    (#1646,#1647)
    ,(#1648,#1649
    )),.UNSPECIFIED.,.F.,.F.,.F.,(2,2),(2,2),(0.,22.),(0.,44.),
  .PIECEWISE_BEZIER_KNOTS.);
#1646 = CARTESIAN_POINT('',(292.9391172083,74.715056627234,
    117.38989221983));
#1647 = CARTESIAN_POINT('',(292.9391172083,118.71505662723,
    117.38989221983));
#1648 = CARTESIAN_POINT('',(292.9391172083,74.715056627234,
    139.38989221983));
#1649 = CARTESIAN_POINT('',(292.9391172083,118.71505662723,
    139.38989221983));
#1650 = DEFINITIONAL_REPRESENTATION('',(#1651),#1654);
#1651 = B_SPLINE_CURVE_WITH_KNOTS('',1,(#1652,#1653),.UNSPECIFIED.,.F.,
  .F.,(2,2),(0.,22.),.PIECEWISE_BEZIER_KNOTS.);
#1652 = CARTESIAN_POINT('',(0.,0.));
#1653 = CARTESIAN_POINT('',(22.,0.));
#1654 = ( GEOMETRIC_REPRESENTATION_CONTEXT(2) 
PARAMETRIC_REPRESENTATION_CONTEXT() REPRESENTATION_CONTEXT('2D SPACE',''
  ) );
#1655 = ORIENTED_EDGE('',*,*,#1656,.T.);
#1656 = EDGE_CURVE('',#1625,#1657,#1659,.T.);
#1657 = VERTEX_POINT('',#1658);
#1658 = CARTESIAN_POINT('',(294.9391172083,74.715056627234,
    117.38989221983));
#1659 = SURFACE_CURVE('',#1660,(#1663,#1669),.PCURVE_S1.);
#1660 = B_SPLINE_CURVE_WITH_KNOTS('',1,(#1661,#1662),.UNSPECIFIED.,.F.,
  .F.,(2,2),(0.,2.),.PIECEWISE_BEZIER_KNOTS.);
#1661 = CARTESIAN_POINT('',(292.9391172083,74.715056627234,
    117.38989221983));
#1662 = CARTESIAN_POINT('',(294.9391172083,74.715056627234,
    117.38989221983));
#1663 = PCURVE('',#1634,#1664);
#1664 = DEFINITIONAL_REPRESENTATION('',(#1665),#1668);
#1665 = B_SPLINE_CURVE_WITH_KNOTS('',1,(#1666,#1667),.UNSPECIFIED.,.F.,
  .F.,(2,2),(0.,2.),.PIECEWISE_BEZIER_KNOTS.);
#1666 = CARTESIAN_POINT('',(0.,0.));
#1667 = CARTESIAN_POINT('',(0.,-2.));
#1668 = ( GEOMETRIC_REPRESENTATION_CONTEXT(2) 
PARAMETRIC_REPRESENTATION_CONTEXT() REPRESENTATION_CONTEXT('2D SPACE',''
  ) );
#1669 = PCURVE('',#1670,#1675);
#1670 = B_SPLINE_SURFACE_WITH_KNOTS('',1,1,(
    (#1671,#1672)
    ,(#1673,#1674
    )),.UNSPECIFIED.,.F.,.F.,.F.,(2,2),(2,2),(0.,44.),(0.,2.),
  .PIECEWISE_BEZIER_KNOTS.);
#1671 = CARTESIAN_POINT('',(292.9391172083,74.715056627234,
    117.38989221983));
#1672 = CARTESIAN_POINT('',(294.9391172083,74.715056627234,
    117.38989221983));
#1673 = CARTESIAN_POINT('',(292.9391172083,118.71505662723,
    117.38989221983));
#1674 = CARTESIAN_POINT('',(294.9391172083,118.71505662723,
    117.38989221983));
#1675 = DEFINITIONAL_REPRESENTATION('',(#1676),#1679);
#1676 = B_SPLINE_CURVE_WITH_KNOTS('',1,(#1677,#1678),.UNSPECIFIED.,.F.,
  .F.,(2,2),(0.,2.),.PIECEWISE_BEZIER_KNOTS.);
#1677 = CARTESIAN_POINT('',(0.,0.));
#1678 = CARTESIAN_POINT('',(0.,2.));
#1679 = ( GEOMETRIC_REPRESENTATION_CONTEXT(2) 
PARAMETRIC_REPRESENTATION_CONTEXT() REPRESENTATION_CONTEXT('2D SPACE',''
  ) );
#1680 = ORIENTED_EDGE('',*,*,#1681,.T.);
#1681 = EDGE_CURVE('',#1657,#1682,#1684,.T.);
#1682 = VERTEX_POINT('',#1683);
#1683 = CARTESIAN_POINT('',(294.9391172083,74.715056627234,
    134.38989221983));
#1684 = SURFACE_CURVE('',#1685,(#1688,#1694),.PCURVE_S1.);
#1685 = B_SPLINE_CURVE_WITH_KNOTS('',1,(#1686,#1687),.UNSPECIFIED.,.F.,
  .F.,(2,2),(0.,22.),.PIECEWISE_BEZIER_KNOTS.);
#1686 = CARTESIAN_POINT('',(294.9391172083,74.715056627234,
    117.38989221983));
#1687 = CARTESIAN_POINT('',(294.9391172083,74.715056627234,
    139.38989221983));
#1688 = PCURVE('',#1634,#1689);
#1689 = DEFINITIONAL_REPRESENTATION('',(#1690),#1693);
#1690 = B_SPLINE_CURVE_WITH_KNOTS('',1,(#1691,#1692),.UNSPECIFIED.,.F.,
  .F.,(2,2),(0.,22.),.PIECEWISE_BEZIER_KNOTS.);
#1691 = CARTESIAN_POINT('',(0.,-2.));
#1692 = CARTESIAN_POINT('',(22.,-2.));
#1693 = ( GEOMETRIC_REPRESENTATION_CONTEXT(2) 
PARAMETRIC_REPRESENTATION_CONTEXT() REPRESENTATION_CONTEXT('2D SPACE',''
  ) );
#1694 = PCURVE('',#1695,#1700);
#1695 = B_SPLINE_SURFACE_WITH_KNOTS('',1,1,(
    (#1696,#1697)
    ,(#1698,#1699
    )),.UNSPECIFIED.,.F.,.F.,.F.,(2,2),(2,2),(0.,22.),(0.,44.),
  .PIECEWISE_BEZIER_KNOTS.);
#1696 = CARTESIAN_POINT('',(294.9391172083,74.715056627234,
    117.38989221983));
#1697 = CARTESIAN_POINT('',(294.9391172083,118.71505662723,
    117.38989221983));
#1698 = CARTESIAN_POINT('',(294.9391172083,74.715056627234,
    139.38989221983));
#1699 = CARTESIAN_POINT('',(294.9391172083,118.71505662723,
    139.38989221983));
#1700 = DEFINITIONAL_REPRESENTATION('',(#1701),#1704);
#1701 = B_SPLINE_CURVE_WITH_KNOTS('',1,(#1702,#1703),.UNSPECIFIED.,.F.,
  .F.,(2,2),(0.,22.),.PIECEWISE_BEZIER_KNOTS.);
#1702 = CARTESIAN_POINT('',(0.,0.));
#1703 = CARTESIAN_POINT('',(22.,0.));
#1704 = ( GEOMETRIC_REPRESENTATION_CONTEXT(2) 
PARAMETRIC_REPRESENTATION_CONTEXT() REPRESENTATION_CONTEXT('2D SPACE',''
  ) );
#1705 = ORIENTED_EDGE('',*,*,#1706,.F.);
#1706 = EDGE_CURVE('',#1627,#1682,#1707,.T.);
#1707 = SURFACE_CURVE('',#1708,(#1711,#1718),.PCURVE_S1.);
#1708 = B_SPLINE_CURVE_WITH_KNOTS('',1,(#1709,#1710),.UNSPECIFIED.,.F.,
  .F.,(2,2),(0.,42.),.PIECEWISE_BEZIER_KNOTS.);
#1709 = CARTESIAN_POINT('',(257.9391172083,74.715056627234,
    134.38989221983));
#1710 = CARTESIAN_POINT('',(299.9391172083,74.715056627234,
    134.38989221983));
#1711 = PCURVE('',#1634,#1712);
#1712 = DEFINITIONAL_REPRESENTATION('',(#1713),#1717);
#1713 = B_SPLINE_CURVE_WITH_KNOTS('',2,(#1714,#1715,#1716),
  .UNSPECIFIED.,.F.,.F.,(3,3),(35.,37.),.PIECEWISE_BEZIER_KNOTS.);
#1714 = CARTESIAN_POINT('',(17.,0.));
#1715 = CARTESIAN_POINT('',(17.,-1.));
#1716 = CARTESIAN_POINT('',(17.,-2.));
#1717 = ( GEOMETRIC_REPRESENTATION_CONTEXT(2) 
PARAMETRIC_REPRESENTATION_CONTEXT() REPRESENTATION_CONTEXT('2D SPACE',''
  ) );
#1718 = PCURVE('',#1719,#1724);
#1719 = B_SPLINE_SURFACE_WITH_KNOTS('',1,1,(
    (#1720,#1721)
    ,(#1722,#1723
    )),.UNSPECIFIED.,.F.,.F.,.F.,(2,2),(2,2),(0.,44.),(0.,42.),
  .PIECEWISE_BEZIER_KNOTS.);
#1720 = CARTESIAN_POINT('',(257.9391172083,74.715056627234,
    134.38989221983));
#1721 = CARTESIAN_POINT('',(299.9391172083,74.715056627234,
    134.38989221983));
#1722 = CARTESIAN_POINT('',(257.9391172083,118.71505662723,
    134.38989221983));
#1723 = CARTESIAN_POINT('',(299.9391172083,118.71505662723,
    134.38989221983));
#1724 = DEFINITIONAL_REPRESENTATION('',(#1725),#1728);
#1725 = B_SPLINE_CURVE_WITH_KNOTS('',1,(#1726,#1727),.UNSPECIFIED.,.F.,
  .F.,(2,2),(0.,42.),.PIECEWISE_BEZIER_KNOTS.);
#1726 = CARTESIAN_POINT('',(0.,0.));
#1727 = CARTESIAN_POINT('',(0.,42.));
#1728 = ( GEOMETRIC_REPRESENTATION_CONTEXT(2) 
PARAMETRIC_REPRESENTATION_CONTEXT() REPRESENTATION_CONTEXT('2D SPACE',''
  ) );
#1729 = ADVANCED_FACE('',(#1730),#1645,.T.);
#1730 = FACE_BOUND('',#1731,.T.);
#1731 = EDGE_LOOP('',(#1732,#1759,#1777,#1778));
#1732 = ORIENTED_EDGE('',*,*,#1733,.F.);
#1733 = EDGE_CURVE('',#1734,#1736,#1738,.T.);
#1734 = VERTEX_POINT('',#1735);
#1735 = CARTESIAN_POINT('',(292.9391172083,118.71505662723,
    117.38989221983));
#1736 = VERTEX_POINT('',#1737);
#1737 = CARTESIAN_POINT('',(292.9391172083,118.71505662723,
    134.38989221983));
#1738 = SURFACE_CURVE('',#1739,(#1742,#1748),.PCURVE_S1.);
#1739 = B_SPLINE_CURVE_WITH_KNOTS('',1,(#1740,#1741),.UNSPECIFIED.,.F.,
  .F.,(2,2),(0.,22.),.PIECEWISE_BEZIER_KNOTS.);
#1740 = CARTESIAN_POINT('',(292.9391172083,118.71505662723,
    117.38989221983));
#1741 = CARTESIAN_POINT('',(292.9391172083,118.71505662723,
    139.38989221983));
#1742 = PCURVE('',#1645,#1743);
#1743 = DEFINITIONAL_REPRESENTATION('',(#1744),#1747);
#1744 = B_SPLINE_CURVE_WITH_KNOTS('',1,(#1745,#1746),.UNSPECIFIED.,.F.,
  .F.,(2,2),(0.,22.),.PIECEWISE_BEZIER_KNOTS.);
#1745 = CARTESIAN_POINT('',(0.,44.));
#1746 = CARTESIAN_POINT('',(22.,44.));
#1747 = ( GEOMETRIC_REPRESENTATION_CONTEXT(2) 
PARAMETRIC_REPRESENTATION_CONTEXT() REPRESENTATION_CONTEXT('2D SPACE',''
  ) );
#1748 = PCURVE('',#1749,#1754);
#1749 = B_SPLINE_SURFACE_WITH_KNOTS('',1,1,(
    (#1750,#1751)
    ,(#1752,#1753
    )),.UNSPECIFIED.,.F.,.F.,.F.,(2,2),(2,2),(0.,22.),(-2.,0.),
  .PIECEWISE_BEZIER_KNOTS.);
#1750 = CARTESIAN_POINT('',(294.9391172083,118.71505662723,
    117.38989221983));
#1751 = CARTESIAN_POINT('',(292.9391172083,118.71505662723,
    117.38989221983));
#1752 = CARTESIAN_POINT('',(294.9391172083,118.71505662723,
    139.38989221983));
#1753 = CARTESIAN_POINT('',(292.9391172083,118.71505662723,
    139.38989221983));
#1754 = DEFINITIONAL_REPRESENTATION('',(#1755),#1758);
#1755 = B_SPLINE_CURVE_WITH_KNOTS('',1,(#1756,#1757),.UNSPECIFIED.,.F.,
  .F.,(2,2),(0.,22.),.PIECEWISE_BEZIER_KNOTS.);
#1756 = CARTESIAN_POINT('',(0.,0.));
#1757 = CARTESIAN_POINT('',(22.,0.));
#1758 = ( GEOMETRIC_REPRESENTATION_CONTEXT(2) 
PARAMETRIC_REPRESENTATION_CONTEXT() REPRESENTATION_CONTEXT('2D SPACE',''
  ) );
#1759 = ORIENTED_EDGE('',*,*,#1760,.F.);
#1760 = EDGE_CURVE('',#1625,#1734,#1761,.T.);
#1761 = SURFACE_CURVE('',#1762,(#1765,#1771),.PCURVE_S1.);
#1762 = B_SPLINE_CURVE_WITH_KNOTS('',1,(#1763,#1764),.UNSPECIFIED.,.F.,
  .F.,(2,2),(0.,44.),.PIECEWISE_BEZIER_KNOTS.);
#1763 = CARTESIAN_POINT('',(292.9391172083,74.715056627234,
    117.38989221983));
#1764 = CARTESIAN_POINT('',(292.9391172083,118.71505662723,
    117.38989221983));
#1765 = PCURVE('',#1645,#1766);
#1766 = DEFINITIONAL_REPRESENTATION('',(#1767),#1770);
#1767 = B_SPLINE_CURVE_WITH_KNOTS('',1,(#1768,#1769),.UNSPECIFIED.,.F.,
  .F.,(2,2),(0.,44.),.PIECEWISE_BEZIER_KNOTS.);
#1768 = CARTESIAN_POINT('',(0.,0.));
#1769 = CARTESIAN_POINT('',(0.,44.));
#1770 = ( GEOMETRIC_REPRESENTATION_CONTEXT(2) 
PARAMETRIC_REPRESENTATION_CONTEXT() REPRESENTATION_CONTEXT('2D SPACE',''
  ) );
#1771 = PCURVE('',#1670,#1772);
#1772 = DEFINITIONAL_REPRESENTATION('',(#1773),#1776);
#1773 = B_SPLINE_CURVE_WITH_KNOTS('',1,(#1774,#1775),.UNSPECIFIED.,.F.,
  .F.,(2,2),(0.,44.),.PIECEWISE_BEZIER_KNOTS.);
#1774 = CARTESIAN_POINT('',(0.,0.));
#1775 = CARTESIAN_POINT('',(44.,0.));
#1776 = ( GEOMETRIC_REPRESENTATION_CONTEXT(2) 
PARAMETRIC_REPRESENTATION_CONTEXT() REPRESENTATION_CONTEXT('2D SPACE',''
  ) );
#1777 = ORIENTED_EDGE('',*,*,#1624,.T.);
#1778 = ORIENTED_EDGE('',*,*,#1779,.T.);
#1779 = EDGE_CURVE('',#1627,#1736,#1780,.T.);
#1780 = SURFACE_CURVE('',#1781,(#1784,#1790),.PCURVE_S1.);
#1781 = B_SPLINE_CURVE_WITH_KNOTS('',1,(#1782,#1783),.UNSPECIFIED.,.F.,
  .F.,(2,2),(0.,1.),.PIECEWISE_BEZIER_KNOTS.);
#1782 = CARTESIAN_POINT('',(292.9391172083,74.715056627234,
    134.38989221983));
#1783 = CARTESIAN_POINT('',(292.9391172083,118.71505662723,
    134.38989221983));
#1784 = PCURVE('',#1645,#1785);
#1785 = DEFINITIONAL_REPRESENTATION('',(#1786),#1789);
#1786 = B_SPLINE_CURVE_WITH_KNOTS('',1,(#1787,#1788),.UNSPECIFIED.,.F.,
  .F.,(2,2),(0.,1.),.PIECEWISE_BEZIER_KNOTS.);
#1787 = CARTESIAN_POINT('',(17.,0.));
#1788 = CARTESIAN_POINT('',(17.,44.));
#1789 = ( GEOMETRIC_REPRESENTATION_CONTEXT(2) 
PARAMETRIC_REPRESENTATION_CONTEXT() REPRESENTATION_CONTEXT('2D SPACE',''
  ) );
#1790 = PCURVE('',#1719,#1791);
#1791 = DEFINITIONAL_REPRESENTATION('',(#1792),#1795);
#1792 = B_SPLINE_CURVE_WITH_KNOTS('',1,(#1793,#1794),.UNSPECIFIED.,.F.,
  .F.,(2,2),(0.,1.),.PIECEWISE_BEZIER_KNOTS.);
#1793 = CARTESIAN_POINT('',(3.959999606207E-10,35.));
#1794 = CARTESIAN_POINT('',(43.999999999604,35.));
#1795 = ( GEOMETRIC_REPRESENTATION_CONTEXT(2) 
PARAMETRIC_REPRESENTATION_CONTEXT() REPRESENTATION_CONTEXT('2D SPACE',''
  ) );
#1796 = ADVANCED_FACE('',(#1797),#1719,.F.);
#1797 = FACE_BOUND('',#1798,.F.);
#1798 = EDGE_LOOP('',(#1799,#1821,#1822,#1823));
#1799 = ORIENTED_EDGE('',*,*,#1800,.F.);
#1800 = EDGE_CURVE('',#1682,#1801,#1803,.T.);
#1801 = VERTEX_POINT('',#1802);
#1802 = CARTESIAN_POINT('',(294.9391172083,118.71505662723,
    134.38989221983));
#1803 = SURFACE_CURVE('',#1804,(#1807,#1814),.PCURVE_S1.);
#1804 = B_SPLINE_CURVE_WITH_KNOTS('',1,(#1805,#1806),.UNSPECIFIED.,.F.,
  .F.,(2,2),(0.,44.),.PIECEWISE_BEZIER_KNOTS.);
#1805 = CARTESIAN_POINT('',(294.9391172083,74.715056627234,
    134.38989221983));
#1806 = CARTESIAN_POINT('',(294.9391172083,118.71505662723,
    134.38989221983));
#1807 = PCURVE('',#1719,#1808);
#1808 = DEFINITIONAL_REPRESENTATION('',(#1809),#1813);
#1809 = B_SPLINE_CURVE_WITH_KNOTS('',2,(#1810,#1811,#1812),
  .UNSPECIFIED.,.F.,.F.,(3,3),(0.,44.),.PIECEWISE_BEZIER_KNOTS.);
#1810 = CARTESIAN_POINT('',(4.547577592273E-15,37.));
#1811 = CARTESIAN_POINT('',(22.,37.));
#1812 = CARTESIAN_POINT('',(44.,37.));
#1813 = ( GEOMETRIC_REPRESENTATION_CONTEXT(2) 
PARAMETRIC_REPRESENTATION_CONTEXT() REPRESENTATION_CONTEXT('2D SPACE',''
  ) );
#1814 = PCURVE('',#1695,#1815);
#1815 = DEFINITIONAL_REPRESENTATION('',(#1816),#1820);
#1816 = B_SPLINE_CURVE_WITH_KNOTS('',2,(#1817,#1818,#1819),
  .UNSPECIFIED.,.F.,.F.,(3,3),(0.,44.),.PIECEWISE_BEZIER_KNOTS.);
#1817 = CARTESIAN_POINT('',(17.,4.547577592273E-15));
#1818 = CARTESIAN_POINT('',(17.,22.));
#1819 = CARTESIAN_POINT('',(17.,44.));
#1820 = ( GEOMETRIC_REPRESENTATION_CONTEXT(2) 
PARAMETRIC_REPRESENTATION_CONTEXT() REPRESENTATION_CONTEXT('2D SPACE',''
  ) );
#1821 = ORIENTED_EDGE('',*,*,#1706,.F.);
#1822 = ORIENTED_EDGE('',*,*,#1779,.T.);
#1823 = ORIENTED_EDGE('',*,*,#1824,.T.);
#1824 = EDGE_CURVE('',#1736,#1801,#1825,.T.);
#1825 = SURFACE_CURVE('',#1826,(#1829,#1835),.PCURVE_S1.);
#1826 = B_SPLINE_CURVE_WITH_KNOTS('',1,(#1827,#1828),.UNSPECIFIED.,.F.,
  .F.,(2,2),(0.,42.),.PIECEWISE_BEZIER_KNOTS.);
#1827 = CARTESIAN_POINT('',(257.9391172083,118.71505662723,
    134.38989221983));
#1828 = CARTESIAN_POINT('',(299.9391172083,118.71505662723,
    134.38989221983));
#1829 = PCURVE('',#1719,#1830);
#1830 = DEFINITIONAL_REPRESENTATION('',(#1831),#1834);
#1831 = B_SPLINE_CURVE_WITH_KNOTS('',1,(#1832,#1833),.UNSPECIFIED.,.F.,
  .F.,(2,2),(0.,42.),.PIECEWISE_BEZIER_KNOTS.);
#1832 = CARTESIAN_POINT('',(44.,0.));
#1833 = CARTESIAN_POINT('',(44.,42.));
#1834 = ( GEOMETRIC_REPRESENTATION_CONTEXT(2) 
PARAMETRIC_REPRESENTATION_CONTEXT() REPRESENTATION_CONTEXT('2D SPACE',''
  ) );
#1835 = PCURVE('',#1749,#1836);
#1836 = DEFINITIONAL_REPRESENTATION('',(#1837),#1841);
#1837 = B_SPLINE_CURVE_WITH_KNOTS('',2,(#1838,#1839,#1840),
  .UNSPECIFIED.,.F.,.F.,(3,3),(35.,37.),.PIECEWISE_BEZIER_KNOTS.);
#1838 = CARTESIAN_POINT('',(17.,0.));
#1839 = CARTESIAN_POINT('',(17.,-1.));
#1840 = CARTESIAN_POINT('',(17.,-2.));
#1841 = ( GEOMETRIC_REPRESENTATION_CONTEXT(2) 
PARAMETRIC_REPRESENTATION_CONTEXT() REPRESENTATION_CONTEXT('2D SPACE',''
  ) );
#1842 = ADVANCED_FACE('',(#1843),#1695,.F.);
#1843 = FACE_BOUND('',#1844,.F.);
#1844 = EDGE_LOOP('',(#1845,#1865,#1883,#1884));
#1845 = ORIENTED_EDGE('',*,*,#1846,.F.);
#1846 = EDGE_CURVE('',#1847,#1801,#1849,.T.);
#1847 = VERTEX_POINT('',#1848);
#1848 = CARTESIAN_POINT('',(294.9391172083,118.71505662723,
    117.38989221983));
#1849 = SURFACE_CURVE('',#1850,(#1853,#1859),.PCURVE_S1.);
#1850 = B_SPLINE_CURVE_WITH_KNOTS('',1,(#1851,#1852),.UNSPECIFIED.,.F.,
  .F.,(2,2),(0.,22.),.PIECEWISE_BEZIER_KNOTS.);
#1851 = CARTESIAN_POINT('',(294.9391172083,118.71505662723,
    117.38989221983));
#1852 = CARTESIAN_POINT('',(294.9391172083,118.71505662723,
    139.38989221983));
#1853 = PCURVE('',#1695,#1854);
#1854 = DEFINITIONAL_REPRESENTATION('',(#1855),#1858);
#1855 = B_SPLINE_CURVE_WITH_KNOTS('',1,(#1856,#1857),.UNSPECIFIED.,.F.,
  .F.,(2,2),(0.,22.),.PIECEWISE_BEZIER_KNOTS.);
#1856 = CARTESIAN_POINT('',(0.,44.));
#1857 = CARTESIAN_POINT('',(22.,44.));
#1858 = ( GEOMETRIC_REPRESENTATION_CONTEXT(2) 
PARAMETRIC_REPRESENTATION_CONTEXT() REPRESENTATION_CONTEXT('2D SPACE',''
  ) );
#1859 = PCURVE('',#1749,#1860);
#1860 = DEFINITIONAL_REPRESENTATION('',(#1861),#1864);
#1861 = B_SPLINE_CURVE_WITH_KNOTS('',1,(#1862,#1863),.UNSPECIFIED.,.F.,
  .F.,(2,2),(0.,22.),.PIECEWISE_BEZIER_KNOTS.);
#1862 = CARTESIAN_POINT('',(0.,-2.));
#1863 = CARTESIAN_POINT('',(22.,-2.));
#1864 = ( GEOMETRIC_REPRESENTATION_CONTEXT(2) 
PARAMETRIC_REPRESENTATION_CONTEXT() REPRESENTATION_CONTEXT('2D SPACE',''
  ) );
#1865 = ORIENTED_EDGE('',*,*,#1866,.F.);
#1866 = EDGE_CURVE('',#1657,#1847,#1867,.T.);
#1867 = SURFACE_CURVE('',#1868,(#1871,#1877),.PCURVE_S1.);
#1868 = B_SPLINE_CURVE_WITH_KNOTS('',1,(#1869,#1870),.UNSPECIFIED.,.F.,
  .F.,(2,2),(0.,44.),.PIECEWISE_BEZIER_KNOTS.);
#1869 = CARTESIAN_POINT('',(294.9391172083,74.715056627234,
    117.38989221983));
#1870 = CARTESIAN_POINT('',(294.9391172083,118.71505662723,
    117.38989221983));
#1871 = PCURVE('',#1695,#1872);
#1872 = DEFINITIONAL_REPRESENTATION('',(#1873),#1876);
#1873 = B_SPLINE_CURVE_WITH_KNOTS('',1,(#1874,#1875),.UNSPECIFIED.,.F.,
  .F.,(2,2),(0.,44.),.PIECEWISE_BEZIER_KNOTS.);
#1874 = CARTESIAN_POINT('',(0.,0.));
#1875 = CARTESIAN_POINT('',(0.,44.));
#1876 = ( GEOMETRIC_REPRESENTATION_CONTEXT(2) 
PARAMETRIC_REPRESENTATION_CONTEXT() REPRESENTATION_CONTEXT('2D SPACE',''
  ) );
#1877 = PCURVE('',#1670,#1878);
#1878 = DEFINITIONAL_REPRESENTATION('',(#1879),#1882);
#1879 = B_SPLINE_CURVE_WITH_KNOTS('',1,(#1880,#1881),.UNSPECIFIED.,.F.,
  .F.,(2,2),(0.,44.),.PIECEWISE_BEZIER_KNOTS.);
#1880 = CARTESIAN_POINT('',(0.,2.));
#1881 = CARTESIAN_POINT('',(44.,2.));
#1882 = ( GEOMETRIC_REPRESENTATION_CONTEXT(2) 
PARAMETRIC_REPRESENTATION_CONTEXT() REPRESENTATION_CONTEXT('2D SPACE',''
  ) );
#1883 = ORIENTED_EDGE('',*,*,#1681,.T.);
#1884 = ORIENTED_EDGE('',*,*,#1800,.T.);
#1885 = ADVANCED_FACE('',(#1886),#1670,.T.);
#1886 = FACE_BOUND('',#1887,.T.);
#1887 = EDGE_LOOP('',(#1888,#1889,#1890,#1908));
#1888 = ORIENTED_EDGE('',*,*,#1656,.F.);
#1889 = ORIENTED_EDGE('',*,*,#1760,.T.);
#1890 = ORIENTED_EDGE('',*,*,#1891,.T.);
#1891 = EDGE_CURVE('',#1734,#1847,#1892,.T.);
#1892 = SURFACE_CURVE('',#1893,(#1896,#1902),.PCURVE_S1.);
#1893 = B_SPLINE_CURVE_WITH_KNOTS('',1,(#1894,#1895),.UNSPECIFIED.,.F.,
  .F.,(2,2),(0.,2.),.PIECEWISE_BEZIER_KNOTS.);
#1894 = CARTESIAN_POINT('',(292.9391172083,118.71505662723,
    117.38989221983));
#1895 = CARTESIAN_POINT('',(294.9391172083,118.71505662723,
    117.38989221983));
#1896 = PCURVE('',#1670,#1897);
#1897 = DEFINITIONAL_REPRESENTATION('',(#1898),#1901);
#1898 = B_SPLINE_CURVE_WITH_KNOTS('',1,(#1899,#1900),.UNSPECIFIED.,.F.,
  .F.,(2,2),(0.,2.),.PIECEWISE_BEZIER_KNOTS.);
#1899 = CARTESIAN_POINT('',(44.,0.));
#1900 = CARTESIAN_POINT('',(44.,2.));
#1901 = ( GEOMETRIC_REPRESENTATION_CONTEXT(2) 
PARAMETRIC_REPRESENTATION_CONTEXT() REPRESENTATION_CONTEXT('2D SPACE',''
  ) );
#1902 = PCURVE('',#1749,#1903);
#1903 = DEFINITIONAL_REPRESENTATION('',(#1904),#1907);
#1904 = B_SPLINE_CURVE_WITH_KNOTS('',1,(#1905,#1906),.UNSPECIFIED.,.F.,
  .F.,(2,2),(0.,2.),.PIECEWISE_BEZIER_KNOTS.);
#1905 = CARTESIAN_POINT('',(0.,0.));
#1906 = CARTESIAN_POINT('',(0.,-2.));
#1907 = ( GEOMETRIC_REPRESENTATION_CONTEXT(2) 
PARAMETRIC_REPRESENTATION_CONTEXT() REPRESENTATION_CONTEXT('2D SPACE',''
  ) );
#1908 = ORIENTED_EDGE('',*,*,#1866,.F.);
#1909 = ADVANCED_FACE('',(#1910),#1749,.F.);
#1910 = FACE_BOUND('',#1911,.F.);
#1911 = EDGE_LOOP('',(#1912,#1913,#1914,#1915));
#1912 = ORIENTED_EDGE('',*,*,#1733,.F.);
#1913 = ORIENTED_EDGE('',*,*,#1891,.T.);
#1914 = ORIENTED_EDGE('',*,*,#1846,.T.);
#1915 = ORIENTED_EDGE('',*,*,#1824,.F.);
#1916 = ( GEOMETRIC_REPRESENTATION_CONTEXT(3) 
GLOBAL_UNCERTAINTY_ASSIGNED_CONTEXT((#1920)) 
GLOBAL_UNIT_ASSIGNED_CONTEXT((#1917,#1918,#1919)) REPRESENTATION_CONTEXT
('Context #1','3D Context with UNIT and UNCERTAINTY') );
#1917 = ( LENGTH_UNIT() NAMED_UNIT(*) SI_UNIT(.MILLI.,.METRE.) );
#1918 = ( NAMED_UNIT(*) PLANE_ANGLE_UNIT() SI_UNIT($,.RADIAN.) );
#1919 = ( NAMED_UNIT(*) SI_UNIT($,.STERADIAN.) SOLID_ANGLE_UNIT() );
#1920 = UNCERTAINTY_MEASURE_WITH_UNIT(LENGTH_MEASURE(1.E-06),#1917,
  'distance_accuracy_value','confusion accuracy');
#1921 = CONTEXT_DEPENDENT_SHAPE_REPRESENTATION(#1922,#1924);
#1922 = ( REPRESENTATION_RELATIONSHIP('','',#1617,#10) 
REPRESENTATION_RELATIONSHIP_WITH_TRANSFORMATION(#1923) 
SHAPE_REPRESENTATION_RELATIONSHIP() );
#1923 = ITEM_DEFINED_TRANSFORMATION('','',#11,#19);
#1924 = PRODUCT_DEFINITION_SHAPE('Placement','Placement of an item',
  #1925);
#1925 = NEXT_ASSEMBLY_USAGE_OCCURRENCE('15','','',#5,#1612,$);
#1926 = PRODUCT_RELATED_PRODUCT_CATEGORY('part',$,(#1614));
ENDSEC;
END-ISO-10303-21;
