ISO-10303-21;
HEADER;
FILE_DESCRIPTION(('Open CASCADE Model'),'2;1');
FILE_NAME('Open CASCADE Shape Model','2026-09-29T09:31:46',('Author'),(
    'Open CASCADE'),'Open CASCADE STEP processor 7.8','Open CASCADE 7.8'
  ,'Unknown');
FILE_SCHEMA(('AUTOMOTIVE_DESIGN { 1 0 10303 214 1 1 1 1 }'));
ENDSEC;
DATA;
#1 = APPLICATION_PROTOCOL_DEFINITION('international standard',
  'automotive_design',2000,#2);
#2 = APPLICATION_CONTEXT(
  'core data for automotive mechanical design processes');
#3 = SHAPE_DEFINITION_REPRESENTATION(#4,#10);
#4 = PRODUCT_DEFINITION_SHAPE('','',#5);
#5 = PRODUCT_DEFINITION('design','',#6,#9);
#6 = PRODUCT_DEFINITION_FORMATION('','',#7);
#7 = PRODUCT('Open CASCADE STEP translator 7.8 83',
  'Open CASCADE STEP translator 7.8 83','',(#8));
#8 = PRODUCT_CONTEXT('',#2,'mechanical');
#9 = PRODUCT_DEFINITION_CONTEXT('part definition',#2,'design');
#10 = SHAPE_REPRESENTATION('',(#11,#15,#19),#23);
#11 = AXIS2_PLACEMENT_3D('',#12,#13,#14);
#12 = CARTESIAN_POINT('',(0.,0.,0.));
#13 = DIRECTION('',(0.,0.,1.));
#14 = DIRECTION('',(1.,0.,-0.));
#15 = AXIS2_PLACEMENT_3D('',#16,#17,#18);
#16 = CARTESIAN_POINT('',(0.,0.,0.));
#17 = DIRECTION('',(0.,0.,1.));
#18 = DIRECTION('',(1.,0.,-0.));
#19 = AXIS2_PLACEMENT_3D('',#20,#21,#22);
#20 = CARTESIAN_POINT('',(0.,0.,0.));
#21 = DIRECTION('',(0.,0.,1.));
#22 = DIRECTION('',(1.,0.,-0.));
#23 = ( GEOMETRIC_REPRESENTATION_CONTEXT(3) 
GLOBAL_UNCERTAINTY_ASSIGNED_CONTEXT((#27)) GLOBAL_UNIT_ASSIGNED_CONTEXT(
(#24,#25,#26)) REPRESENTATION_CONTEXT('Context #1',
  '3D Context with UNIT and UNCERTAINTY') );
#24 = ( LENGTH_UNIT() NAMED_UNIT(*) SI_UNIT(.MILLI.,.METRE.) );
#25 = ( NAMED_UNIT(*) PLANE_ANGLE_UNIT() SI_UNIT($,.RADIAN.) );
#26 = ( NAMED_UNIT(*) SI_UNIT($,.STERADIAN.) SOLID_ANGLE_UNIT() );
#27 = UNCERTAINTY_MEASURE_WITH_UNIT(LENGTH_MEASURE(2.E-06),#24,
  'distance_accuracy_value','confusion accuracy');
#28 = PRODUCT_RELATED_PRODUCT_CATEGORY('part',$,(#7));
#29 = SHAPE_DEFINITION_REPRESENTATION(#30,#36);
#30 = PRODUCT_DEFINITION_SHAPE('','',#31);
#31 = PRODUCT_DEFINITION('design','',#32,#35);
#32 = PRODUCT_DEFINITION_FORMATION('','',#33);
#33 = PRODUCT('Open CASCADE STEP translator 7.8 83.1',
  'Open CASCADE STEP translator 7.8 83.1','',(#34));
#34 = PRODUCT_CONTEXT('',#2,'mechanical');
#35 = PRODUCT_DEFINITION_CONTEXT('part definition',#2,'design');
#36 = ADVANCED_BREP_SHAPE_REPRESENTATION('',(#11,#37),#3093);
#37 = MANIFOLD_SOLID_BREP('',#38);
#38 = CLOSED_SHELL('',(#39,#857,#933,#1645,#1693,#1765,#1828,#1852,#1883
    ,#1931,#2048,#2092,#2121,#2490,#2560,#3002,#3026,#3086));
#39 = ADVANCED_FACE('',(#40),#53,.T.);
#40 = FACE_BOUND('',#41,.T.);
#41 = EDGE_LOOP('',(#42,#74,#99,#124,#149,#174));
#42 = ORIENTED_EDGE('',*,*,#43,.F.);
#43 = EDGE_CURVE('',#44,#46,#48,.T.);
#44 = VERTEX_POINT('',#45);
#45 = CARTESIAN_POINT('',(8.,118.71505662723,141.38989221983));
#46 = VERTEX_POINT('',#47);
#47 = CARTESIAN_POINT('',(7.957107175549,118.71505662723,141.38989221983
    ));
#48 = SURFACE_CURVE('',#49,(#52,#63),.PCURVE_S1.);
#49 = B_SPLINE_CURVE_WITH_KNOTS('',1,(#50,#51),.UNSPECIFIED.,.F.,.F.,(2,
    2),(0.,21.),.PIECEWISE_BEZIER_KNOTS.);
#50 = CARTESIAN_POINT('',(8.,118.71505662723,141.38989221983));
#51 = CARTESIAN_POINT('',(-13.,118.71505662723,141.38989221983));
#52 = PCURVE('',#53,#58);
#53 = B_SPLINE_SURFACE_WITH_KNOTS('',1,1,(
    (#54,#55)
    ,(#56,#57)),.UNSPECIFIED.,.F.,.F.,.F.,(2,2),(2,2),(0.,2.),(-21.,0.),
  .PIECEWISE_BEZIER_KNOTS.);
#54 = CARTESIAN_POINT('',(-13.,118.71505662723,139.38989221983));
#55 = CARTESIAN_POINT('',(8.,118.71505662723,139.38989221983));
#56 = CARTESIAN_POINT('',(-13.,118.71505662723,141.38989221983));
#57 = CARTESIAN_POINT('',(8.,118.71505662723,141.38989221983));
#58 = DEFINITIONAL_REPRESENTATION('',(#59),#62);
#59 = B_SPLINE_CURVE_WITH_KNOTS('',1,(#60,#61),.UNSPECIFIED.,.F.,.F.,(2,
    2),(0.,21.),.PIECEWISE_BEZIER_KNOTS.);
#60 = CARTESIAN_POINT('',(2.,0.));
#61 = CARTESIAN_POINT('',(2.,-21.));
#62 = ( GEOMETRIC_REPRESENTATION_CONTEXT(2) 
PARAMETRIC_REPRESENTATION_CONTEXT() REPRESENTATION_CONTEXT('2D SPACE',''
  ) );
#63 = PCURVE('',#64,#69);
#64 = B_SPLINE_SURFACE_WITH_KNOTS('',1,1,(
    (#65,#66)
    ,(#67,#68)),.UNSPECIFIED.,.F.,.F.,.F.,(2,2),(2,2),(0.,44.),(0.,21.),
  .PIECEWISE_BEZIER_KNOTS.);
#65 = CARTESIAN_POINT('',(8.,118.71505662723,141.38989221983));
#66 = CARTESIAN_POINT('',(-13.,118.71505662723,141.38989221983));
#67 = CARTESIAN_POINT('',(8.,74.715056627234,141.38989221983));
#68 = CARTESIAN_POINT('',(-13.,74.715056627234,141.38989221983));
#69 = DEFINITIONAL_REPRESENTATION('',(#70),#73);
#70 = B_SPLINE_CURVE_WITH_KNOTS('',1,(#71,#72),.UNSPECIFIED.,.F.,.F.,(2,
    2),(0.,21.),.PIECEWISE_BEZIER_KNOTS.);
#71 = CARTESIAN_POINT('',(0.,0.));
#72 = CARTESIAN_POINT('',(0.,21.));
#73 = ( GEOMETRIC_REPRESENTATION_CONTEXT(2) 
PARAMETRIC_REPRESENTATION_CONTEXT() REPRESENTATION_CONTEXT('2D SPACE',''
  ) );
#74 = ORIENTED_EDGE('',*,*,#75,.F.);
#75 = EDGE_CURVE('',#76,#44,#78,.T.);
#76 = VERTEX_POINT('',#77);
#77 = CARTESIAN_POINT('',(8.,118.71505662723,139.38989221983));
#78 = SURFACE_CURVE('',#79,(#82,#88),.PCURVE_S1.);
#79 = B_SPLINE_CURVE_WITH_KNOTS('',1,(#80,#81),.UNSPECIFIED.,.F.,.F.,(2,
    2),(0.,2.),.PIECEWISE_BEZIER_KNOTS.);
#80 = CARTESIAN_POINT('',(8.,118.71505662723,139.38989221983));
#81 = CARTESIAN_POINT('',(8.,118.71505662723,141.38989221983));
#82 = PCURVE('',#53,#83);
#83 = DEFINITIONAL_REPRESENTATION('',(#84),#87);
#84 = B_SPLINE_CURVE_WITH_KNOTS('',1,(#85,#86),.UNSPECIFIED.,.F.,.F.,(2,
    2),(0.,2.),.PIECEWISE_BEZIER_KNOTS.);
#85 = CARTESIAN_POINT('',(0.,0.));
#86 = CARTESIAN_POINT('',(2.,0.));
#87 = ( GEOMETRIC_REPRESENTATION_CONTEXT(2) 
PARAMETRIC_REPRESENTATION_CONTEXT() REPRESENTATION_CONTEXT('2D SPACE',''
  ) );
#88 = PCURVE('',#89,#94);
#89 = B_SPLINE_SURFACE_WITH_KNOTS('',1,1,(
    (#90,#91)
    ,(#92,#93)),.UNSPECIFIED.,.F.,.F.,.F.,(2,2),(2,2),(0.,2.),(0.,44.),
  .PIECEWISE_BEZIER_KNOTS.);
#90 = CARTESIAN_POINT('',(8.,118.71505662723,139.38989221983));
#91 = CARTESIAN_POINT('',(8.,74.715056627234,139.38989221983));
#92 = CARTESIAN_POINT('',(8.,118.71505662723,141.38989221983));
#93 = CARTESIAN_POINT('',(8.,74.715056627234,141.38989221983));
#94 = DEFINITIONAL_REPRESENTATION('',(#95),#98);
#95 = B_SPLINE_CURVE_WITH_KNOTS('',1,(#96,#97),.UNSPECIFIED.,.F.,.F.,(2,
    2),(0.,2.),.PIECEWISE_BEZIER_KNOTS.);
#96 = CARTESIAN_POINT('',(0.,0.));
#97 = CARTESIAN_POINT('',(2.,0.));
#98 = ( GEOMETRIC_REPRESENTATION_CONTEXT(2) 
PARAMETRIC_REPRESENTATION_CONTEXT() REPRESENTATION_CONTEXT('2D SPACE',''
  ) );
#99 = ORIENTED_EDGE('',*,*,#100,.T.);
#100 = EDGE_CURVE('',#76,#101,#103,.T.);
#101 = VERTEX_POINT('',#102);
#102 = CARTESIAN_POINT('',(-13.,118.71505662723,139.38989221983));
#103 = SURFACE_CURVE('',#104,(#107,#113),.PCURVE_S1.);
#104 = B_SPLINE_CURVE_WITH_KNOTS('',1,(#105,#106),.UNSPECIFIED.,.F.,.F.,
  (2,2),(0.,21.),.PIECEWISE_BEZIER_KNOTS.);
#105 = CARTESIAN_POINT('',(8.,118.71505662723,139.38989221983));
#106 = CARTESIAN_POINT('',(-13.,118.71505662723,139.38989221983));
#107 = PCURVE('',#53,#108);
#108 = DEFINITIONAL_REPRESENTATION('',(#109),#112);
#109 = B_SPLINE_CURVE_WITH_KNOTS('',1,(#110,#111),.UNSPECIFIED.,.F.,.F.,
  (2,2),(0.,21.),.PIECEWISE_BEZIER_KNOTS.);
#110 = CARTESIAN_POINT('',(0.,0.));
#111 = CARTESIAN_POINT('',(0.,-21.));
#112 = ( GEOMETRIC_REPRESENTATION_CONTEXT(2) 
PARAMETRIC_REPRESENTATION_CONTEXT() REPRESENTATION_CONTEXT('2D SPACE',''
  ) );
#113 = PCURVE('',#114,#119);
#114 = B_SPLINE_SURFACE_WITH_KNOTS('',1,1,(
    (#115,#116)
    ,(#117,#118
    )),.UNSPECIFIED.,.F.,.F.,.F.,(2,2),(2,2),(0.,44.),(0.,21.),
  .PIECEWISE_BEZIER_KNOTS.);
#115 = CARTESIAN_POINT('',(8.,118.71505662723,139.38989221983));
#116 = CARTESIAN_POINT('',(-13.,118.71505662723,139.38989221983));
#117 = CARTESIAN_POINT('',(8.,74.715056627234,139.38989221983));
#118 = CARTESIAN_POINT('',(-13.,74.715056627234,139.38989221983));
#119 = DEFINITIONAL_REPRESENTATION('',(#120),#123);
#120 = B_SPLINE_CURVE_WITH_KNOTS('',1,(#121,#122),.UNSPECIFIED.,.F.,.F.,
  (2,2),(0.,21.),.PIECEWISE_BEZIER_KNOTS.);
#121 = CARTESIAN_POINT('',(0.,0.));
#122 = CARTESIAN_POINT('',(0.,21.));
#123 = ( GEOMETRIC_REPRESENTATION_CONTEXT(2) 
PARAMETRIC_REPRESENTATION_CONTEXT() REPRESENTATION_CONTEXT('2D SPACE',''
  ) );
#124 = ORIENTED_EDGE('',*,*,#125,.T.);
#125 = EDGE_CURVE('',#101,#126,#128,.T.);
#126 = VERTEX_POINT('',#127);
#127 = CARTESIAN_POINT('',(-13.,118.71505662723,141.38989221983));
#128 = SURFACE_CURVE('',#129,(#132,#138),.PCURVE_S1.);
#129 = B_SPLINE_CURVE_WITH_KNOTS('',1,(#130,#131),.UNSPECIFIED.,.F.,.F.,
  (2,2),(22.,24.),.PIECEWISE_BEZIER_KNOTS.);
#130 = CARTESIAN_POINT('',(-13.,118.71505662723,139.38989221983));
#131 = CARTESIAN_POINT('',(-13.,118.71505662723,141.38989221983));
#132 = PCURVE('',#53,#133);
#133 = DEFINITIONAL_REPRESENTATION('',(#134),#137);
#134 = B_SPLINE_CURVE_WITH_KNOTS('',1,(#135,#136),.UNSPECIFIED.,.F.,.F.,
  (2,2),(22.,24.),.PIECEWISE_BEZIER_KNOTS.);
#135 = CARTESIAN_POINT('',(0.,-21.));
#136 = CARTESIAN_POINT('',(2.,-21.));
#137 = ( GEOMETRIC_REPRESENTATION_CONTEXT(2) 
PARAMETRIC_REPRESENTATION_CONTEXT() REPRESENTATION_CONTEXT('2D SPACE',''
  ) );
#138 = PCURVE('',#139,#144);
#139 = B_SPLINE_SURFACE_WITH_KNOTS('',1,1,(
    (#140,#141)
    ,(#142,#143
    )),.UNSPECIFIED.,.F.,.F.,.F.,(2,2),(2,2),(0.,2.),(-23.,-21.),
  .PIECEWISE_BEZIER_KNOTS.);
#140 = CARTESIAN_POINT('',(-15.,118.71505662723,139.38989221983));
#141 = CARTESIAN_POINT('',(-13.,118.71505662723,139.38989221983));
#142 = CARTESIAN_POINT('',(-15.,118.71505662723,141.38989221983));
#143 = CARTESIAN_POINT('',(-13.,118.71505662723,141.38989221983));
#144 = DEFINITIONAL_REPRESENTATION('',(#145),#148);
#145 = B_SPLINE_CURVE_WITH_KNOTS('',1,(#146,#147),.UNSPECIFIED.,.F.,.F.,
  (2,2),(22.,24.),.PIECEWISE_BEZIER_KNOTS.);
#146 = CARTESIAN_POINT('',(0.,-21.));
#147 = CARTESIAN_POINT('',(2.,-21.));
#148 = ( GEOMETRIC_REPRESENTATION_CONTEXT(2) 
PARAMETRIC_REPRESENTATION_CONTEXT() REPRESENTATION_CONTEXT('2D SPACE',''
  ) );
#149 = ORIENTED_EDGE('',*,*,#150,.F.);
#150 = EDGE_CURVE('',#151,#126,#153,.T.);
#151 = VERTEX_POINT('',#152);
#152 = CARTESIAN_POINT('',(4.042892824451,118.71505662723,
    141.38989221983));
#153 = SURFACE_CURVE('',#154,(#157,#163),.PCURVE_S1.);
#154 = B_SPLINE_CURVE_WITH_KNOTS('',1,(#155,#156),.UNSPECIFIED.,.F.,.F.,
  (2,2),(0.,21.),.PIECEWISE_BEZIER_KNOTS.);
#155 = CARTESIAN_POINT('',(8.,118.71505662723,141.38989221983));
#156 = CARTESIAN_POINT('',(-13.,118.71505662723,141.38989221983));
#157 = PCURVE('',#53,#158);
#158 = DEFINITIONAL_REPRESENTATION('',(#159),#162);
#159 = B_SPLINE_CURVE_WITH_KNOTS('',1,(#160,#161),.UNSPECIFIED.,.F.,.F.,
  (2,2),(0.,21.),.PIECEWISE_BEZIER_KNOTS.);
#160 = CARTESIAN_POINT('',(2.,0.));
#161 = CARTESIAN_POINT('',(2.,-21.));
#162 = ( GEOMETRIC_REPRESENTATION_CONTEXT(2) 
PARAMETRIC_REPRESENTATION_CONTEXT() REPRESENTATION_CONTEXT('2D SPACE',''
  ) );
#163 = PCURVE('',#164,#169);
#164 = B_SPLINE_SURFACE_WITH_KNOTS('',1,1,(
    (#165,#166)
    ,(#167,#168
    )),.UNSPECIFIED.,.F.,.F.,.F.,(2,2),(2,2),(0.,44.),(0.,21.),
  .PIECEWISE_BEZIER_KNOTS.);
#165 = CARTESIAN_POINT('',(8.,118.71505662723,141.38989221983));
#166 = CARTESIAN_POINT('',(-13.,118.71505662723,141.38989221983));
#167 = CARTESIAN_POINT('',(8.,74.715056627234,141.38989221983));
#168 = CARTESIAN_POINT('',(-13.,74.715056627234,141.38989221983));
#169 = DEFINITIONAL_REPRESENTATION('',(#170),#173);
#170 = B_SPLINE_CURVE_WITH_KNOTS('',1,(#171,#172),.UNSPECIFIED.,.F.,.F.,
  (2,2),(0.,21.),.PIECEWISE_BEZIER_KNOTS.);
#171 = CARTESIAN_POINT('',(0.,0.));
#172 = CARTESIAN_POINT('',(0.,21.));
#173 = ( GEOMETRIC_REPRESENTATION_CONTEXT(2) 
PARAMETRIC_REPRESENTATION_CONTEXT() REPRESENTATION_CONTEXT('2D SPACE',''
  ) );
#174 = ORIENTED_EDGE('',*,*,#175,.T.);
#175 = EDGE_CURVE('',#151,#46,#176,.T.);
#176 = SURFACE_CURVE('',#177,(#400,#626),.PCURVE_S1.);
#177 = B_SPLINE_CURVE_WITH_KNOTS('',6,(#178,#179,#180,#181,#182,#183,
    #184,#185,#186,#187,#188,#189,#190,#191,#192,#193,#194,#195,#196,
    #197,#198,#199,#200,#201,#202,#203,#204,#205,#206,#207,#208,#209,
    #210,#211,#212,#213,#214,#215,#216,#217,#218,#219,#220,#221,#222,
    #223,#224,#225,#226,#227,#228,#229,#230,#231,#232,#233,#234,#235,
    #236,#237,#238,#239,#240,#241,#242,#243,#244,#245,#246,#247,#248,
    #249,#250,#251,#252,#253,#254,#255,#256,#257,#258,#259,#260,#261,
    #262,#263,#264,#265,#266,#267,#268,#269,#270,#271,#272,#273,#274,
    #275,#276,#277,#278,#279,#280,#281,#282,#283,#284,#285,#286,#287,
    #288,#289,#290,#291,#292,#293,#294,#295,#296,#297,#298,#299,#300,
    #301,#302,#303,#304,#305,#306,#307,#308,#309,#310,#311,#312,#313,
    #314,#315,#316,#317,#318,#319,#320,#321,#322,#323,#324,#325,#326,
    #327,#328,#329,#330,#331,#332,#333,#334,#335,#336,#337,#338,#339,
    #340,#341,#342,#343,#344,#345,#346,#347,#348,#349,#350,#351,#352,
    #353,#354,#355,#356,#357,#358,#359,#360,#361,#362,#363,#364,#365,
    #366,#367,#368,#369,#370,#371,#372,#373,#374,#375,#376,#377,#378,
    #379,#380,#381,#382,#383,#384,#385,#386,#387,#388,#389,#390,#391,
    #392,#393,#394,#395,#396,#397,#398,#399),.UNSPECIFIED.,.F.,.F.,(7,5,
    5,5,5,5,5,5,5,5,5,5,5,5,5,5,5,5,5,5,5,5,5,5,5,5,5,5,5,5,5,5,5,5,5,5,
    5,5,5,5,5,5,5,5,7),(0.,9.297350319497E-03,1.948797122301E-02,
    3.060359227409E-02,3.975360888436E-02,5.195585092469E-02,
    6.261669576787E-02,7.298736208503E-02,8.394611822391E-02,
    9.642859557151E-02,0.109156213792,0.121688684982,0.133066994713,
    0.146167229356,0.160635899832,0.17452851714,0.185652910083,
    0.200981460572,0.216965369419,0.233726848958,0.252732952996,
    0.468715233375,0.537056425408,0.731239894053,0.749393565507,
    0.771351977024,0.787318163379,0.802588973561,0.816734351062,
    0.831438929175,0.846167301139,0.860451621264,0.874347083404,
    0.887899859125,0.898431062822,0.911018564864,0.920745700954,
    0.92904087163,0.941102122915,0.950876506149,0.962629250846,
    0.970520561816,0.983672950893,0.991001552126,1.),.UNSPECIFIED.);
#178 = CARTESIAN_POINT('',(4.042892824451,118.71505662723,
    141.38989221983));
#179 = CARTESIAN_POINT('',(4.045291470806,118.71505662723,
    141.38219782854));
#180 = CARTESIAN_POINT('',(4.047726417878,118.71505662723,141.3745147536
    ));
#181 = CARTESIAN_POINT('',(4.050197598927,118.71505662723,
    141.36684320912));
#182 = CARTESIAN_POINT('',(4.052704945536,118.71505662723,
    141.35918340863));
#183 = CARTESIAN_POINT('',(4.055248387611,118.71505662723,
    141.35153556514));
#184 = CARTESIAN_POINT('',(4.060655148999,118.71505662723,
    141.33553059695));
#185 = CARTESIAN_POINT('',(4.063525723019,118.71505662723,
    141.32717592301));
#186 = CARTESIAN_POINT('',(4.066439480932,118.71505662723,
    141.31883614903));
#187 = CARTESIAN_POINT('',(4.069396325826,118.71505662723,
    141.31051155394));
#188 = CARTESIAN_POINT('',(4.072396158393,118.71505662723,141.3022024158
    ));
#189 = CARTESIAN_POINT('',(4.078757782259,118.71505662723,
    141.28486281768));
#190 = CARTESIAN_POINT('',(4.082127712408,118.71505662723,
    141.27583534368));
#191 = CARTESIAN_POINT('',(4.085548535367,118.71505662723,
    141.26682694964));
#192 = CARTESIAN_POINT('',(4.089020115773,118.71505662723,
    141.25783799406));
#193 = CARTESIAN_POINT('',(4.092542314896,118.71505662723,
    141.24886883415));
#194 = CARTESIAN_POINT('',(4.099055900766,118.71505662723,
    141.23255329414));
#195 = CARTESIAN_POINT('',(4.102031014083,118.71505662723,
    141.22520041724));
#196 = CARTESIAN_POINT('',(4.10504025134,118.71505662723,141.21786139365
    ));
#197 = CARTESIAN_POINT('',(4.108083531756,118.71505662723,
    141.21053642127));
#198 = CARTESIAN_POINT('',(4.111160773017,118.71505662723,
    141.20322569735));
#199 = CARTESIAN_POINT('',(4.11842080376,118.71505662723,141.18619927659
    ));
#200 = CARTESIAN_POINT('',(4.122629963955,118.71505662723,
    141.17649482414));
#201 = CARTESIAN_POINT('',(4.126899173014,118.71505662723,
    141.16681652751));
#202 = CARTESIAN_POINT('',(4.131228227304,118.71505662723,
    141.15716485094));
#203 = CARTESIAN_POINT('',(4.135616918413,118.71505662723,
    141.14754025653));
#204 = CARTESIAN_POINT('',(4.143951258388,118.71505662723,
    141.12955845948));
#205 = CARTESIAN_POINT('',(4.147882842606,118.71505662723,
    141.12119473801));
#206 = CARTESIAN_POINT('',(4.151859643625,118.71505662723,141.1128523466
    ));
#207 = CARTESIAN_POINT('',(4.155881516525,118.71505662723,
    141.10453159066));
#208 = CARTESIAN_POINT('',(4.159948313636,118.71505662723,
    141.09623277432));
#209 = CARTESIAN_POINT('',(4.168059542216,118.71505662723,
    141.07990490724));
#210 = CARTESIAN_POINT('',(4.172101569461,118.71505662723,
    141.07187466212));
#211 = CARTESIAN_POINT('',(4.176185827812,118.71505662723,
    141.06386574374));
#212 = CARTESIAN_POINT('',(4.180312176375,118.71505662723,
    141.05587842958));
#213 = CARTESIAN_POINT('',(4.184480471827,118.71505662723,
    141.04791299588));
#214 = CARTESIAN_POINT('',(4.193139407137,118.71505662723,
    141.03157599956));
#215 = CARTESIAN_POINT('',(4.197634922264,118.71505662723,141.0232070209
    ));
#216 = CARTESIAN_POINT('',(4.202176941818,118.71505662723,
    141.01486310613));
#217 = CARTESIAN_POINT('',(4.206765290835,118.71505662723,
    141.00654457809));
#218 = CARTESIAN_POINT('',(4.211399791365,118.71505662723,140.998251758)
  );
#219 = CARTESIAN_POINT('',(4.221411513012,118.71505662723,
    140.98056874612));
#220 = CARTESIAN_POINT('',(4.226802406509,118.71505662723,
    140.97118629528));
#221 = CARTESIAN_POINT('',(4.23225267557,118.71505662723,140.96183808518
    ));
#222 = CARTESIAN_POINT('',(4.237762047862,118.71505662723,
    140.95252458519));
#223 = CARTESIAN_POINT('',(4.243330246111,118.71505662723,140.9432462618
    ));
#224 = CARTESIAN_POINT('',(4.254694232552,118.71505662723,
    140.92457938014));
#225 = CARTESIAN_POINT('',(4.260492342812,118.71505662723,
    140.91519223544));
#226 = CARTESIAN_POINT('',(4.266351019709,118.71505662723,
    140.90584263589));
#227 = CARTESIAN_POINT('',(4.272269958836,118.71505662723,
    140.89653106961));
#228 = CARTESIAN_POINT('',(4.278248850548,118.71505662723,
    140.88725802143));
#229 = CARTESIAN_POINT('',(4.290233323237,118.71505662723,
    140.86893150595));
#230 = CARTESIAN_POINT('',(4.296237089465,118.71505662723,
    140.85987685183));
#231 = CARTESIAN_POINT('',(4.302298378032,118.71505662723,
    140.85086047022));
#232 = CARTESIAN_POINT('',(4.308416883498,118.71505662723,
    140.84188281756));
#233 = CARTESIAN_POINT('',(4.314592295603,118.71505662723,
    140.83294434701));
#234 = CARTESIAN_POINT('',(4.326482374749,118.71505662723,
    140.81596619682));
#235 = CARTESIAN_POINT('',(4.332187098327,118.71505662723,
    140.80791955355));
#236 = CARTESIAN_POINT('',(4.337938234207,118.71505662723,
    140.79990591538));
#237 = CARTESIAN_POINT('',(4.343735543387,118.71505662723,
    140.79192561671));
#238 = CARTESIAN_POINT('',(4.349578783656,118.71505662723,
    140.78397898959));
#239 = CARTESIAN_POINT('',(4.362247830149,118.71505662723,
    140.76695628883));
#240 = CARTESIAN_POINT('',(4.369088510288,118.71505662723,
    140.75789128494));
#241 = CARTESIAN_POINT('',(4.375989375456,118.71505662723,
    140.74887185539));
#242 = CARTESIAN_POINT('',(4.382950045587,118.71505662723,
    140.73989849923));
#243 = CARTESIAN_POINT('',(4.389970135112,118.71505662723,
    140.73097171124));
#244 = CARTESIAN_POINT('',(4.404867847511,118.71505662723,
    140.71228468613));
#245 = CARTESIAN_POINT('',(4.412758446606,118.71505662723,
    140.70253479383));
#246 = CARTESIAN_POINT('',(4.420720523345,118.71505662723,
    140.69284296597));
#247 = CARTESIAN_POINT('',(4.428753542868,118.71505662723,
    140.68320985689));
#248 = CARTESIAN_POINT('',(4.436856962347,118.71505662723,
    140.67363611429));
#249 = CARTESIAN_POINT('',(4.452878090518,118.71505662723,
    140.65498742253));
#250 = CARTESIAN_POINT('',(4.460790348067,118.71505662723,
    140.64590779016));
#251 = CARTESIAN_POINT('',(4.468766516051,118.71505662723,
    140.63688404974));
#252 = CARTESIAN_POINT('',(4.476806100321,118.71505662723,
    140.62791676297));
#253 = CARTESIAN_POINT('',(4.484908600158,118.71505662723,
    140.61900648572));
#254 = CARTESIAN_POINT('',(4.499611487718,118.71505662723,
    140.60306503101));
#255 = CARTESIAN_POINT('',(4.506189482547,118.71505662723,
    140.59601320038));
#256 = CARTESIAN_POINT('',(4.512807232327,118.71505662723,140.5889985585
    ));
#257 = CARTESIAN_POINT('',(4.519464473998,118.71505662723,
    140.58202138528));
#258 = CARTESIAN_POINT('',(4.526160941876,118.71505662723,140.5750819581
    ));
#259 = CARTESIAN_POINT('',(4.542177261878,118.71505662723,
    140.55867094952));
#260 = CARTESIAN_POINT('',(4.551532124379,118.71505662723,
    140.54923353635));
#261 = CARTESIAN_POINT('',(4.560960253163,118.71505662723,
    140.53986903169));
#262 = CARTESIAN_POINT('',(4.570460937087,118.71505662723,
    140.53057814554));
#263 = CARTESIAN_POINT('',(4.580033455863,118.71505662723,
    140.52136157865));
#264 = CARTESIAN_POINT('',(4.599733008709,118.71505662723,
    140.50268762732));
#265 = CARTESIAN_POINT('',(4.609866252975,118.71505662723,
    140.49323679391));
#266 = CARTESIAN_POINT('',(4.62007598579,118.71505662723,140.48386830624
    ));
#267 = CARTESIAN_POINT('',(4.630361369724,118.71505662723,
    140.47458293693));
#268 = CARTESIAN_POINT('',(4.640721556979,118.71505662723,140.4653814472
    ));
#269 = CARTESIAN_POINT('',(4.662097412002,118.71505662723,140.4467042178
    ));
#270 = CARTESIAN_POINT('',(4.673120449359,118.71505662723,
    140.43723691223));
#271 = CARTESIAN_POINT('',(4.68422381184,118.71505662723,140.42786353483
    ));
#272 = CARTESIAN_POINT('',(4.69540649787,118.71505662723,140.41858493601
    ));
#273 = CARTESIAN_POINT('',(4.706667493921,118.71505662723,
    140.40940195188));
#274 = CARTESIAN_POINT('',(4.730862428362,118.71505662723,
    140.39001202569));
#275 = CARTESIAN_POINT('',(4.743818452227,118.71505662723,
    140.37983264156));
#276 = CARTESIAN_POINT('',(4.756872350917,118.71505662723,
    140.36977845013));
#277 = CARTESIAN_POINT('',(4.770022610571,118.71505662723,
    140.35985062515));
#278 = CARTESIAN_POINT('',(4.783267698655,118.71505662723,
    140.35005031591));
#279 = CARTESIAN_POINT('',(4.948181081656,118.71505662723,
    140.23047137416));
#280 = CARTESIAN_POINT('',(5.111827836229,118.71505662723,
    140.13715739796));
#281 = CARTESIAN_POINT('',(5.285216139032,118.71505662723,
    140.06214194687));
#282 = CARTESIAN_POINT('',(5.465788841463,118.71505662723,140.0065970535
    ));
#283 = CARTESIAN_POINT('',(5.650839425488,118.71505662723,
    139.97129595721));
#284 = CARTESIAN_POINT('',(5.896530435553,118.71505662723,
    139.95175596171));
#285 = CARTESIAN_POINT('',(5.955748768218,118.71505662723,
    139.94910717044));
#286 = CARTESIAN_POINT('',(6.015041035664,118.71505662723,
    139.94851337394));
#287 = CARTESIAN_POINT('',(6.074318215689,118.71505662723,139.949976494)
  );
#288 = CARTESIAN_POINT('',(6.133491331745,118.71505662723,
    139.95349330412));
#289 = CARTESIAN_POINT('',(6.360056538487,118.71505662723,
    139.97485955539));
#290 = CARTESIAN_POINT('',(6.526108627237,118.71505662723,
    140.00717883063));
#291 = CARTESIAN_POINT('',(6.688541155114,118.71505662723,
    140.05582501465));
#292 = CARTESIAN_POINT('',(6.845383181628,118.71505662723,
    140.12025228212));
#293 = CARTESIAN_POINT('',(6.994761393737,118.71505662723,
    140.19964310425));
#294 = CARTESIAN_POINT('',(7.148045851792,118.71505662723,
    140.30154824393));
#295 = CARTESIAN_POINT('',(7.161070584031,118.71505662723,140.3103812996
    ));
#296 = CARTESIAN_POINT('',(7.174013670059,118.71505662723,
    140.31933415101));
#297 = CARTESIAN_POINT('',(7.186873734186,118.71505662723,
    140.32840585281));
#298 = CARTESIAN_POINT('',(7.199649415399,118.71505662723,
    140.33759543864));
#299 = CARTESIAN_POINT('',(7.227688944882,118.71505662723,
    140.35815890421));
#300 = CARTESIAN_POINT('',(7.242913092814,118.71505662723,
    140.36958691878));
#301 = CARTESIAN_POINT('',(7.258009428248,118.71505662723,
    140.38118421724));
#302 = CARTESIAN_POINT('',(7.272975601937,118.71505662723,
    140.39294900872));
#303 = CARTESIAN_POINT('',(7.287809298303,118.71505662723,
    140.40487945897));
#304 = CARTESIAN_POINT('',(7.313195983462,118.71505662723,
    140.42576753031));
#305 = CARTESIAN_POINT('',(7.323812485971,118.71505662723,
    140.43464795976));
#306 = CARTESIAN_POINT('',(7.334356865898,118.71505662723,
    140.44361425715));
#307 = CARTESIAN_POINT('',(7.344828256161,118.71505662723,
    140.45266568921));
#308 = CARTESIAN_POINT('',(7.355225799659,118.71505662723,
    140.46180151101));
#309 = CARTESIAN_POINT('',(7.375421907264,118.71505662723,
    140.47983888553));
#310 = CARTESIAN_POINT('',(7.385226836093,118.71505662723,
    140.48873331202));
#311 = CARTESIAN_POINT('',(7.39496269459,118.71505662723,140.49770358352
    ));
#312 = CARTESIAN_POINT('',(7.40462875031,118.71505662723,140.50674902866
    ));
#313 = CARTESIAN_POINT('',(7.414224279545,118.71505662723,
    140.51586896667));
#314 = CARTESIAN_POINT('',(7.432570931312,118.71505662723,
    140.53357888512));
#315 = CARTESIAN_POINT('',(7.441332167729,118.71505662723,
    140.54215838821));
#316 = CARTESIAN_POINT('',(7.450031708317,118.71505662723,
    140.55080066816));
#317 = CARTESIAN_POINT('',(7.458668991507,118.71505662723,
    140.55950516974));
#318 = CARTESIAN_POINT('',(7.467243462415,118.71505662723,
    140.56827133108));
#319 = CARTESIAN_POINT('',(7.484602147814,118.71505662723,
    140.58627479855));
#320 = CARTESIAN_POINT('',(7.49338125378,118.71505662723,140.59551703039
    ));
#321 = CARTESIAN_POINT('',(7.502091274906,118.71505662723,
    140.60482464043));
#322 = CARTESIAN_POINT('',(7.510731603447,118.71505662723,
    140.61419698246));
#323 = CARTESIAN_POINT('',(7.519301639742,118.71505662723,
    140.62363340276));
#324 = CARTESIAN_POINT('',(7.536313697375,118.71505662723,
    140.64264844936));
#325 = CARTESIAN_POINT('',(7.54475548921,118.71505662723,140.65222728114
    ));
#326 = CARTESIAN_POINT('',(7.553125573264,118.71505662723,
    140.66186907101));
#327 = CARTESIAN_POINT('',(7.561423363495,118.71505662723,
    140.67157314727));
#328 = CARTESIAN_POINT('',(7.569648282274,118.71505662723,
    140.68133883096));
#329 = CARTESIAN_POINT('',(7.585705476178,118.71505662723,
    140.70069577445));
#330 = CARTESIAN_POINT('',(7.593542113002,118.71505662723,
    140.71028341622));
#331 = CARTESIAN_POINT('',(7.601309151594,118.71505662723,
    140.71992773526));
#332 = CARTESIAN_POINT('',(7.609006080366,118.71505662723,
    140.72962809944));
#333 = CARTESIAN_POINT('',(7.616632395402,118.71505662723,
    140.73938387054));
#334 = CARTESIAN_POINT('',(7.631537132319,118.71505662723,
    140.75873786846));
#335 = CARTESIAN_POINT('',(7.638819373173,118.71505662723,
    140.76833315435));
#336 = CARTESIAN_POINT('',(7.64603386622,118.71505662723,140.77797966871
    ));
#337 = CARTESIAN_POINT('',(7.653180161718,118.71505662723,
    140.78767681312));
#338 = CARTESIAN_POINT('',(7.660257816993,118.71505662723,
    140.79742398392));
#339 = CARTESIAN_POINT('',(7.674102132033,118.71505662723,140.8167755595
    ));
#340 = CARTESIAN_POINT('',(7.680872156897,118.71505662723,
    140.82637755696));
#341 = CARTESIAN_POINT('',(7.687576066853,118.71505662723,
    140.83602599965));
#342 = CARTESIAN_POINT('',(7.694213464288,118.71505662723,
    140.84572031809));
#343 = CARTESIAN_POINT('',(7.700783958138,118.71505662723,
    140.85545993831));
#344 = CARTESIAN_POINT('',(7.712340489203,118.71505662723,
    140.87284721985));
#345 = CARTESIAN_POINT('',(7.717353185379,118.71505662723,
    140.88047716223));
#346 = CARTESIAN_POINT('',(7.722325072025,118.71505662723,
    140.88813383754));
#347 = CARTESIAN_POINT('',(7.727255971184,118.71505662723,
    140.89581697277));
#348 = CARTESIAN_POINT('',(7.732145707332,118.71505662723,
    140.90352629336));
#349 = CARTESIAN_POINT('',(7.742789194764,118.71505662723,
    140.92050711598));
#350 = CARTESIAN_POINT('',(7.74852522773,118.71505662723,140.92978972379
    ));
#351 = CARTESIAN_POINT('',(7.754201910721,118.71505662723,
    140.93910887507));
#352 = CARTESIAN_POINT('',(7.759818953242,118.71505662723,
    140.94846409519));
#353 = CARTESIAN_POINT('',(7.765376069867,118.71505662723,
    140.95785490647));
#354 = CARTESIAN_POINT('',(7.775120780563,118.71505662723,
    140.97456481691));
#355 = CARTESIAN_POINT('',(7.779332628119,118.71505662723,
    140.98186977221));
#356 = CARTESIAN_POINT('',(7.783508393538,118.71505662723,
    140.98919547225));
#357 = CARTESIAN_POINT('',(7.787647949291,118.71505662723,
    140.99654169413));
#358 = CARTESIAN_POINT('',(7.791751169683,118.71505662723,
    141.00390821394));
#359 = CARTESIAN_POINT('',(7.799286010031,118.71505662723,
    141.01759399358));
#360 = CARTESIAN_POINT('',(7.802727574429,118.71505662723,
    141.02390777841));
#361 = CARTESIAN_POINT('',(7.806142547243,118.71505662723,141.0302360217
    ));
#362 = CARTESIAN_POINT('',(7.809530852644,118.71505662723,
    141.03657858339));
#363 = CARTESIAN_POINT('',(7.812892415792,118.71505662723,
    141.04293532293));
#364 = CARTESIAN_POINT('',(7.821075914412,118.71505662723,
    141.05856926406));
#365 = CARTESIAN_POINT('',(7.825867972949,118.71505662723,141.0678621046
    ));
#366 = CARTESIAN_POINT('',(7.830603111388,118.71505662723,
    141.07718418705));
#367 = CARTESIAN_POINT('',(7.835281107137,118.71505662723,141.0865350754
    ));
#368 = CARTESIAN_POINT('',(7.839901742063,118.71505662723,
    141.09591433139));
#369 = CARTESIAN_POINT('',(7.848162685927,118.71505662723,
    141.11294505298));
#370 = CARTESIAN_POINT('',(7.851822757853,118.71505662723,
    141.12058693235));
#371 = CARTESIAN_POINT('',(7.855444904549,118.71505662723,
    141.12824691818));
#372 = CARTESIAN_POINT('',(7.859029014249,118.71505662723,
    141.13592477513));
#373 = CARTESIAN_POINT('',(7.862574977135,118.71505662723,
    141.14362026691));
#374 = CARTESIAN_POINT('',(7.870300363114,118.71505662723,
    141.16060715537));
#375 = CARTESIAN_POINT('',(7.874462733344,118.71505662723,
    141.16990630747));
#376 = CARTESIAN_POINT('',(7.878569608502,118.71505662723,
    141.17923020029));
#377 = CARTESIAN_POINT('',(7.882620805188,118.71505662723,
    141.18857841971));
#378 = CARTESIAN_POINT('',(7.886616144129,118.71505662723,
    141.19795054979));
#379 = CARTESIAN_POINT('',(7.89320047394,118.71505662723,141.2136548083)
  );
#380 = CARTESIAN_POINT('',(7.895820235998,118.71505662723,
    141.21997403531));
#381 = CARTESIAN_POINT('',(7.898414683332,118.71505662723,
    141.22630372736));
#382 = CARTESIAN_POINT('',(7.900983763774,118.71505662723,
    141.23264375765));
#383 = CARTESIAN_POINT('',(7.903527426001,118.71505662723,
    141.23899399904));
#384 = CARTESIAN_POINT('',(7.910242673907,118.71505662723,
    141.25595503024));
#385 = CARTESIAN_POINT('',(7.914368979735,118.71505662723,
    141.26658374738));
#386 = CARTESIAN_POINT('',(7.918424303317,118.71505662723,
    141.27723988519));
#387 = CARTESIAN_POINT('',(7.922408417553,118.71505662723,
    141.28792285088));
#388 = CARTESIAN_POINT('',(7.926321101953,118.71505662723,141.2986320492
    ));
#389 = CARTESIAN_POINT('',(7.932302396795,118.71505662723,
    141.31534840492));
#390 = CARTESIAN_POINT('',(7.934420407058,118.71505662723,
    141.32133788657));
#391 = CARTESIAN_POINT('',(7.936516136421,118.71505662723,
    141.32733522393));
#392 = CARTESIAN_POINT('',(7.938589548529,118.71505662723,
    141.33334031337));
#393 = CARTESIAN_POINT('',(7.94064060767,118.71505662723,141.33935305104
    ));
#394 = CARTESIAN_POINT('',(7.945160189465,118.71505662723,
    141.35276535632));
#395 = CARTESIAN_POINT('',(7.947617347437,118.71505662723,141.3601687536
    ));
#396 = CARTESIAN_POINT('',(7.950040687738,118.71505662723,
    141.36758333194));
#397 = CARTESIAN_POINT('',(7.952430146915,118.71505662723,141.3750088982
    ));
#398 = CARTESIAN_POINT('',(7.954785663007,118.71505662723,
    141.38244525882));
#399 = CARTESIAN_POINT('',(7.957107175549,118.71505662723,
    141.38989221983));
#400 = PCURVE('',#53,#401);
#401 = DEFINITIONAL_REPRESENTATION('',(#402),#625);
#402 = B_SPLINE_CURVE_WITH_KNOTS('',6,(#403,#404,#405,#406,#407,#408,
    #409,#410,#411,#412,#413,#414,#415,#416,#417,#418,#419,#420,#421,
    #422,#423,#424,#425,#426,#427,#428,#429,#430,#431,#432,#433,#434,
    #435,#436,#437,#438,#439,#440,#441,#442,#443,#444,#445,#446,#447,
    #448,#449,#450,#451,#452,#453,#454,#455,#456,#457,#458,#459,#460,
    #461,#462,#463,#464,#465,#466,#467,#468,#469,#470,#471,#472,#473,
    #474,#475,#476,#477,#478,#479,#480,#481,#482,#483,#484,#485,#486,
    #487,#488,#489,#490,#491,#492,#493,#494,#495,#496,#497,#498,#499,
    #500,#501,#502,#503,#504,#505,#506,#507,#508,#509,#510,#511,#512,
    #513,#514,#515,#516,#517,#518,#519,#520,#521,#522,#523,#524,#525,
    #526,#527,#528,#529,#530,#531,#532,#533,#534,#535,#536,#537,#538,
    #539,#540,#541,#542,#543,#544,#545,#546,#547,#548,#549,#550,#551,
    #552,#553,#554,#555,#556,#557,#558,#559,#560,#561,#562,#563,#564,
    #565,#566,#567,#568,#569,#570,#571,#572,#573,#574,#575,#576,#577,
    #578,#579,#580,#581,#582,#583,#584,#585,#586,#587,#588,#589,#590,
    #591,#592,#593,#594,#595,#596,#597,#598,#599,#600,#601,#602,#603,
    #604,#605,#606,#607,#608,#609,#610,#611,#612,#613,#614,#615,#616,
    #617,#618,#619,#620,#621,#622,#623,#624),.UNSPECIFIED.,.F.,.F.,(7,5,
    5,5,5,5,5,5,5,5,5,5,5,5,5,5,5,5,5,5,5,5,5,5,5,5,5,5,5,5,5,5,5,5,5,5,
    5,5,5,5,5,5,5,5,7),(0.,9.297350319497E-03,1.948797122301E-02,
    3.060359227409E-02,3.975360888436E-02,5.195585092469E-02,
    6.261669576787E-02,7.298736208503E-02,8.394611822391E-02,
    9.642859557151E-02,0.109156213792,0.121688684982,0.133066994713,
    0.146167229356,0.160635899832,0.17452851714,0.185652910083,
    0.200981460572,0.216965369419,0.233726848958,0.252732952996,
    0.468715233375,0.537056425408,0.731239894053,0.749393565507,
    0.771351977024,0.787318163379,0.802588973561,0.816734351062,
    0.831438929175,0.846167301139,0.860451621264,0.874347083404,
    0.887899859125,0.898431062822,0.911018564864,0.920745700954,
    0.92904087163,0.941102122915,0.950876506149,0.962629250846,
    0.970520561816,0.983672950893,0.991001552126,1.),.UNSPECIFIED.);
#403 = CARTESIAN_POINT('',(2.,-3.957107175549));
#404 = CARTESIAN_POINT('',(1.992305608704,-3.954708529194));
#405 = CARTESIAN_POINT('',(1.984622533772,-3.952273582122));
#406 = CARTESIAN_POINT('',(1.97695098929,-3.949802401073));
#407 = CARTESIAN_POINT('',(1.969291188803,-3.947295054464));
#408 = CARTESIAN_POINT('',(1.961643345308,-3.944751612389));
#409 = CARTESIAN_POINT('',(1.945638377119,-3.939344851001));
#410 = CARTESIAN_POINT('',(1.937283703176,-3.936474276981));
#411 = CARTESIAN_POINT('',(1.928943929198,-3.933560519068));
#412 = CARTESIAN_POINT('',(1.920619334104,-3.930603674174));
#413 = CARTESIAN_POINT('',(1.91231019597,-3.927603841607));
#414 = CARTESIAN_POINT('',(1.894970597846,-3.921242217741));
#415 = CARTESIAN_POINT('',(1.885943123846,-3.917872287592));
#416 = CARTESIAN_POINT('',(1.876934729808,-3.914451464633));
#417 = CARTESIAN_POINT('',(1.86794577423,-3.910979884227));
#418 = CARTESIAN_POINT('',(1.858976614321,-3.907457685104));
#419 = CARTESIAN_POINT('',(1.842661074308,-3.900944099234));
#420 = CARTESIAN_POINT('',(1.835308197408,-3.897968985917));
#421 = CARTESIAN_POINT('',(1.827969173822,-3.89495974866));
#422 = CARTESIAN_POINT('',(1.82064420144,-3.891916468244));
#423 = CARTESIAN_POINT('',(1.813333477521,-3.888839226983));
#424 = CARTESIAN_POINT('',(1.796307056759,-3.88157919624));
#425 = CARTESIAN_POINT('',(1.786602604303,-3.877370036045));
#426 = CARTESIAN_POINT('',(1.776924307677,-3.873100826986));
#427 = CARTESIAN_POINT('',(1.767272631108,-3.868771772696));
#428 = CARTESIAN_POINT('',(1.757648036699,-3.864383081587));
#429 = CARTESIAN_POINT('',(1.73966623965,-3.856048741612));
#430 = CARTESIAN_POINT('',(1.731302518179,-3.852117157394));
#431 = CARTESIAN_POINT('',(1.722960126764,-3.848140356375));
#432 = CARTESIAN_POINT('',(1.714639370831,-3.844118483475));
#433 = CARTESIAN_POINT('',(1.70634055449,-3.840051686364));
#434 = CARTESIAN_POINT('',(1.690012687407,-3.831940457784));
#435 = CARTESIAN_POINT('',(1.681982442289,-3.827898430539));
#436 = CARTESIAN_POINT('',(1.673973523909,-3.823814172188));
#437 = CARTESIAN_POINT('',(1.665986209749,-3.819687823625));
#438 = CARTESIAN_POINT('',(1.658020776048,-3.815519528173));
#439 = CARTESIAN_POINT('',(1.641683779724,-3.806860592863));
#440 = CARTESIAN_POINT('',(1.633314801064,-3.802365077736));
#441 = CARTESIAN_POINT('',(1.624970886295,-3.797823058182));
#442 = CARTESIAN_POINT('',(1.616652358261,-3.793234709165));
#443 = CARTESIAN_POINT('',(1.608359538169,-3.788600208635));
#444 = CARTESIAN_POINT('',(1.590676526292,-3.778588486988));
#445 = CARTESIAN_POINT('',(1.581294075451,-3.773197593491));
#446 = CARTESIAN_POINT('',(1.571945865349,-3.76774732443));
#447 = CARTESIAN_POINT('',(1.562632365363,-3.762237952138));
#448 = CARTESIAN_POINT('',(1.553354041969,-3.756669753889));
#449 = CARTESIAN_POINT('',(1.534687160311,-3.745305767448));
#450 = CARTESIAN_POINT('',(1.525300015606,-3.739507657188));
#451 = CARTESIAN_POINT('',(1.515950416054,-3.733648980291));
#452 = CARTESIAN_POINT('',(1.50663884978,-3.727730041164));
#453 = CARTESIAN_POINT('',(1.497365801603,-3.721751149452));
#454 = CARTESIAN_POINT('',(1.479039286117,-3.709766676763));
#455 = CARTESIAN_POINT('',(1.469984632002,-3.703762910535));
#456 = CARTESIAN_POINT('',(1.460968250393,-3.697701621968));
#457 = CARTESIAN_POINT('',(1.451990597728,-3.691583116502));
#458 = CARTESIAN_POINT('',(1.443052127182,-3.685407704397));
#459 = CARTESIAN_POINT('',(1.426073976985,-3.673517625251));
#460 = CARTESIAN_POINT('',(1.418027333713,-3.667812901673));
#461 = CARTESIAN_POINT('',(1.410013695549,-3.662061765793));
#462 = CARTESIAN_POINT('',(1.402033396876,-3.656264456613));
#463 = CARTESIAN_POINT('',(1.394086769763,-3.650421216344));
#464 = CARTESIAN_POINT('',(1.377064068997,-3.637752169851));
#465 = CARTESIAN_POINT('',(1.367999065105,-3.630911489712));
#466 = CARTESIAN_POINT('',(1.35897963556,-3.624010624544));
#467 = CARTESIAN_POINT('',(1.350006279397,-3.617049954413));
#468 = CARTESIAN_POINT('',(1.341079491405,-3.610029864888));
#469 = CARTESIAN_POINT('',(1.322392466296,-3.595132152489));
#470 = CARTESIAN_POINT('',(1.312642573995,-3.587241553394));
#471 = CARTESIAN_POINT('',(1.302950746143,-3.579279476655));
#472 = CARTESIAN_POINT('',(1.293317637056,-3.571246457132));
#473 = CARTESIAN_POINT('',(1.283743894455,-3.563143037653));
#474 = CARTESIAN_POINT('',(1.2650952027,-3.547121909482));
#475 = CARTESIAN_POINT('',(1.256015570328,-3.539209651933));
#476 = CARTESIAN_POINT('',(1.246991829905,-3.531233483949));
#477 = CARTESIAN_POINT('',(1.238024543139,-3.523193899679));
#478 = CARTESIAN_POINT('',(1.229114265892,-3.515091399842));
#479 = CARTESIAN_POINT('',(1.213172811176,-3.500388512282));
#480 = CARTESIAN_POINT('',(1.206120980547,-3.493810517453));
#481 = CARTESIAN_POINT('',(1.199106338673,-3.487192767673));
#482 = CARTESIAN_POINT('',(1.192129165446,-3.480535526002));
#483 = CARTESIAN_POINT('',(1.185189738269,-3.473839058124));
#484 = CARTESIAN_POINT('',(1.168778729687,-3.457822738122));
#485 = CARTESIAN_POINT('',(1.15934131652,-3.448467875621));
#486 = CARTESIAN_POINT('',(1.149976811855,-3.439039746837));
#487 = CARTESIAN_POINT('',(1.14068592571,-3.429539062913));
#488 = CARTESIAN_POINT('',(1.131469358822,-3.419966544137));
#489 = CARTESIAN_POINT('',(1.11279540749,-3.400266991291));
#490 = CARTESIAN_POINT('',(1.103344574073,-3.390133747025));
#491 = CARTESIAN_POINT('',(1.093976086404,-3.37992401421));
#492 = CARTESIAN_POINT('',(1.084690717094,-3.369638630276));
#493 = CARTESIAN_POINT('',(1.075489227363,-3.359278443021));
#494 = CARTESIAN_POINT('',(1.056811997971,-3.337902587998));
#495 = CARTESIAN_POINT('',(1.047344692397,-3.326879550641));
#496 = CARTESIAN_POINT('',(1.037971315,-3.31577618816));
#497 = CARTESIAN_POINT('',(1.028692716178,-3.30459350213));
#498 = CARTESIAN_POINT('',(1.019509732046,-3.293332506079));
#499 = CARTESIAN_POINT('',(1.000119805856,-3.269137571638));
#500 = CARTESIAN_POINT('',(0.989940421727,-3.256181547773));
#501 = CARTESIAN_POINT('',(0.979886230295,-3.243127649083));
#502 = CARTESIAN_POINT('',(0.969958405318,-3.229977389429));
#503 = CARTESIAN_POINT('',(0.960158096074,-3.216732301345));
#504 = CARTESIAN_POINT('',(0.840579154324,-3.051818918344));
#505 = CARTESIAN_POINT('',(0.747265178132,-2.888172163771));
#506 = CARTESIAN_POINT('',(0.672249727036,-2.714783860968));
#507 = CARTESIAN_POINT('',(0.616704833673,-2.534211158537));
#508 = CARTESIAN_POINT('',(0.581403737378,-2.349160574512));
#509 = CARTESIAN_POINT('',(0.561863741876,-2.103469564447));
#510 = CARTESIAN_POINT('',(0.559214950611,-2.044251231782));
#511 = CARTESIAN_POINT('',(0.558621154108,-1.984958964336));
#512 = CARTESIAN_POINT('',(0.560084274164,-1.925681784311));
#513 = CARTESIAN_POINT('',(0.563601084283,-1.866508668255));
#514 = CARTESIAN_POINT('',(0.584967335556,-1.639943461513));
#515 = CARTESIAN_POINT('',(0.617286610802,-1.473891372763));
#516 = CARTESIAN_POINT('',(0.665932794822,-1.311458844886));
#517 = CARTESIAN_POINT('',(0.730360062283,-1.154616818372));
#518 = CARTESIAN_POINT('',(0.809750884417,-1.005238606263));
#519 = CARTESIAN_POINT('',(0.911656024096,-0.851954148208));
#520 = CARTESIAN_POINT('',(0.92048907977,-0.838929415969));
#521 = CARTESIAN_POINT('',(0.929441931179,-0.825986329941));
#522 = CARTESIAN_POINT('',(0.938513632976,-0.813126265814));
#523 = CARTESIAN_POINT('',(0.947703218804,-0.800350584601));
#524 = CARTESIAN_POINT('',(0.968266684377,-0.772311055118));
#525 = CARTESIAN_POINT('',(0.979694698943,-0.757086907185));
#526 = CARTESIAN_POINT('',(0.991291997413,-0.741990571752));
#527 = CARTESIAN_POINT('',(1.003056788885,-0.727024398063));
#528 = CARTESIAN_POINT('',(1.014987239141,-0.712190701697));
#529 = CARTESIAN_POINT('',(1.035875310483,-0.686804016538));
#530 = CARTESIAN_POINT('',(1.044755739924,-0.676187514029));
#531 = CARTESIAN_POINT('',(1.053722037319,-0.665643134102));
#532 = CARTESIAN_POINT('',(1.062773469381,-0.655171743839));
#533 = CARTESIAN_POINT('',(1.07190929118,-0.644774200341));
#534 = CARTESIAN_POINT('',(1.089946665693,-0.624578092736));
#535 = CARTESIAN_POINT('',(1.098841092192,-0.614773163907));
#536 = CARTESIAN_POINT('',(1.107811363687,-0.60503730541));
#537 = CARTESIAN_POINT('',(1.116856808824,-0.59537124969));
#538 = CARTESIAN_POINT('',(1.125976746841,-0.585775720455));
#539 = CARTESIAN_POINT('',(1.143686665289,-0.567429068688));
#540 = CARTESIAN_POINT('',(1.152266168383,-0.558667832271));
#541 = CARTESIAN_POINT('',(1.160908448327,-0.549968291683));
#542 = CARTESIAN_POINT('',(1.169612949911,-0.541331008493));
#543 = CARTESIAN_POINT('',(1.17837911125,-0.532756537585));
#544 = CARTESIAN_POINT('',(1.196382578716,-0.515397852186));
#545 = CARTESIAN_POINT('',(1.205624810559,-0.50661874622));
#546 = CARTESIAN_POINT('',(1.214932420602,-0.497908725094));
#547 = CARTESIAN_POINT('',(1.224304762633,-0.489268396553));
#548 = CARTESIAN_POINT('',(1.23374118293,-0.480698360258));
#549 = CARTESIAN_POINT('',(1.252756229525,-0.463686302625));
#550 = CARTESIAN_POINT('',(1.262335061313,-0.45524451079));
#551 = CARTESIAN_POINT('',(1.27197685118,-0.446874426736));
#552 = CARTESIAN_POINT('',(1.281680927433,-0.438576636505));
#553 = CARTESIAN_POINT('',(1.291446611131,-0.430351717726));
#554 = CARTESIAN_POINT('',(1.310803554621,-0.414294523822));
#555 = CARTESIAN_POINT('',(1.320391196392,-0.406457886998));
#556 = CARTESIAN_POINT('',(1.330035515424,-0.398690848406));
#557 = CARTESIAN_POINT('',(1.339735879612,-0.390993919634));
#558 = CARTESIAN_POINT('',(1.349491650713,-0.383367604598));
#559 = CARTESIAN_POINT('',(1.368845648625,-0.368462867681));
#560 = CARTESIAN_POINT('',(1.378440934523,-0.361180626827));
#561 = CARTESIAN_POINT('',(1.38808744888,-0.35396613378));
#562 = CARTESIAN_POINT('',(1.397784593286,-0.346819838282));
#563 = CARTESIAN_POINT('',(1.407531764087,-0.339742183007));
#564 = CARTESIAN_POINT('',(1.426883339669,-0.325897867967));
#565 = CARTESIAN_POINT('',(1.436485337128,-0.319127843103));
#566 = CARTESIAN_POINT('',(1.446133779814,-0.312423933147));
#567 = CARTESIAN_POINT('',(1.45582809826,-0.305786535712));
#568 = CARTESIAN_POINT('',(1.465567718479,-0.299216041862));
#569 = CARTESIAN_POINT('',(1.482955000014,-0.287659510797));
#570 = CARTESIAN_POINT('',(1.490584942401,-0.282646814621));
#571 = CARTESIAN_POINT('',(1.498241617707,-0.277674927975));
#572 = CARTESIAN_POINT('',(1.505924752939,-0.272744028816));
#573 = CARTESIAN_POINT('',(1.513634073532,-0.267854292668));
#574 = CARTESIAN_POINT('',(1.530614896149,-0.257210805236));
#575 = CARTESIAN_POINT('',(1.539897503961,-0.25147477227));
#576 = CARTESIAN_POINT('',(1.549216655235,-0.245798089279));
#577 = CARTESIAN_POINT('',(1.558571875354,-0.240181046758));
#578 = CARTESIAN_POINT('',(1.567962686636,-0.234623930133));
#579 = CARTESIAN_POINT('',(1.584672597076,-0.224879219437));
#580 = CARTESIAN_POINT('',(1.591977552382,-0.220667371881));
#581 = CARTESIAN_POINT('',(1.599303252416,-0.216491606462));
#582 = CARTESIAN_POINT('',(1.6066494743,-0.212352050709));
#583 = CARTESIAN_POINT('',(1.614015994113,-0.208248830317));
#584 = CARTESIAN_POINT('',(1.627701773752,-0.200713989969));
#585 = CARTESIAN_POINT('',(1.634015558581,-0.197272425571));
#586 = CARTESIAN_POINT('',(1.640343801865,-0.193857452757));
#587 = CARTESIAN_POINT('',(1.646686363561,-0.190469147356));
#588 = CARTESIAN_POINT('',(1.653043103096,-0.187107584208));
#589 = CARTESIAN_POINT('',(1.668677044227,-0.178924085588));
#590 = CARTESIAN_POINT('',(1.677969884765,-0.174132027051));
#591 = CARTESIAN_POINT('',(1.687291967217,-0.169396888612));
#592 = CARTESIAN_POINT('',(1.696642855569,-0.164718892863));
#593 = CARTESIAN_POINT('',(1.706022111563,-0.160098257937));
#594 = CARTESIAN_POINT('',(1.723052833147,-0.151837314073));
#595 = CARTESIAN_POINT('',(1.730694712513,-0.148177242147));
#596 = CARTESIAN_POINT('',(1.738354698347,-0.144555095451));
#597 = CARTESIAN_POINT('',(1.746032555294,-0.140970985751));
#598 = CARTESIAN_POINT('',(1.753728047083,-0.137425022865));
#599 = CARTESIAN_POINT('',(1.770714935543,-0.129699636886));
#600 = CARTESIAN_POINT('',(1.780014087633,-0.125537266656));
#601 = CARTESIAN_POINT('',(1.78933798046,-0.121430391498));
#602 = CARTESIAN_POINT('',(1.798686199883,-0.117379194812));
#603 = CARTESIAN_POINT('',(1.808058329958,-0.113383855871));
#604 = CARTESIAN_POINT('',(1.823762588466,-0.10679952606));
#605 = CARTESIAN_POINT('',(1.830081815478,-0.104179764002));
#606 = CARTESIAN_POINT('',(1.836411507526,-0.101585316668));
#607 = CARTESIAN_POINT('',(1.842751537815,-9.90162362263E-02));
#608 = CARTESIAN_POINT('',(1.849101779204,-9.647257399943E-02));
#609 = CARTESIAN_POINT('',(1.866062810405,-8.975732609347E-02));
#610 = CARTESIAN_POINT('',(1.87669152755,-8.563102026507E-02));
#611 = CARTESIAN_POINT('',(1.887347665357,-8.157569668315E-02));
#612 = CARTESIAN_POINT('',(1.89803063105,-7.75915824466E-02));
#613 = CARTESIAN_POINT('',(1.908739829366,-7.367889804664E-02));
#614 = CARTESIAN_POINT('',(1.925456185089,-6.769760320467E-02));
#615 = CARTESIAN_POINT('',(1.93144566674,-6.557959294249E-02));
#616 = CARTESIAN_POINT('',(1.937443004099,-6.34838635792E-02));
#617 = CARTESIAN_POINT('',(1.943448093539,-6.141045147076E-02));
#618 = CARTESIAN_POINT('',(1.949460831209,-5.935939233021E-02));
#619 = CARTESIAN_POINT('',(1.962873136492,-5.483981053535E-02));
#620 = CARTESIAN_POINT('',(1.970276533767,-5.238265256345E-02));
#621 = CARTESIAN_POINT('',(1.97769111211,-4.995931226164E-02));
#622 = CARTESIAN_POINT('',(1.985116678369,-4.756985308482E-02));
#623 = CARTESIAN_POINT('',(1.992553038986,-4.521433699302E-02));
#624 = CARTESIAN_POINT('',(2.,-4.289282445143E-02));
#625 = ( GEOMETRIC_REPRESENTATION_CONTEXT(2) 
PARAMETRIC_REPRESENTATION_CONTEXT() REPRESENTATION_CONTEXT('2D SPACE',''
  ) );
#626 = PCURVE('',#627,#632);
#627 = CYLINDRICAL_SURFACE('',#628,2.05);
#628 = AXIS2_PLACEMENT_3D('',#629,#630,#631);
#629 = CARTESIAN_POINT('',(6.,-19.4,142.));
#630 = DIRECTION('',(0.,1.,0.));
#631 = DIRECTION('',(0.988211302798,-0.,0.153096116943));
#632 = DEFINITIONAL_REPRESENTATION('',(#633),#856);
#633 = B_SPLINE_CURVE_WITH_KNOTS('',6,(#634,#635,#636,#637,#638,#639,
    #640,#641,#642,#643,#644,#645,#646,#647,#648,#649,#650,#651,#652,
    #653,#654,#655,#656,#657,#658,#659,#660,#661,#662,#663,#664,#665,
    #666,#667,#668,#669,#670,#671,#672,#673,#674,#675,#676,#677,#678,
    #679,#680,#681,#682,#683,#684,#685,#686,#687,#688,#689,#690,#691,
    #692,#693,#694,#695,#696,#697,#698,#699,#700,#701,#702,#703,#704,
    #705,#706,#707,#708,#709,#710,#711,#712,#713,#714,#715,#716,#717,
    #718,#719,#720,#721,#722,#723,#724,#725,#726,#727,#728,#729,#730,
    #731,#732,#733,#734,#735,#736,#737,#738,#739,#740,#741,#742,#743,
    #744,#745,#746,#747,#748,#749,#750,#751,#752,#753,#754,#755,#756,
    #757,#758,#759,#760,#761,#762,#763,#764,#765,#766,#767,#768,#769,
    #770,#771,#772,#773,#774,#775,#776,#777,#778,#779,#780,#781,#782,
    #783,#784,#785,#786,#787,#788,#789,#790,#791,#792,#793,#794,#795,
    #796,#797,#798,#799,#800,#801,#802,#803,#804,#805,#806,#807,#808,
    #809,#810,#811,#812,#813,#814,#815,#816,#817,#818,#819,#820,#821,
    #822,#823,#824,#825,#826,#827,#828,#829,#830,#831,#832,#833,#834,
    #835,#836,#837,#838,#839,#840,#841,#842,#843,#844,#845,#846,#847,
    #848,#849,#850,#851,#852,#853,#854,#855),.UNSPECIFIED.,.F.,.F.,(7,5,
    5,5,5,5,5,5,5,5,5,5,5,5,5,5,5,5,5,5,5,5,5,5,5,5,5,5,5,5,5,5,5,5,5,5,
    5,5,5,5,5,5,5,5,7),(0.,9.297350319497E-03,1.948797122301E-02,
    3.060359227409E-02,3.975360888436E-02,5.195585092469E-02,
    6.261669576787E-02,7.298736208503E-02,8.394611822391E-02,
    9.642859557151E-02,0.109156213792,0.121688684982,0.133066994713,
    0.146167229356,0.160635899832,0.17452851714,0.185652910083,
    0.200981460572,0.216965369419,0.233726848958,0.252732952996,
    0.468715233375,0.537056425408,0.731239894053,0.749393565507,
    0.771351977024,0.787318163379,0.802588973561,0.816734351062,
    0.831438929175,0.846167301139,0.860451621264,0.874347083404,
    0.887899859125,0.898431062822,0.911018564864,0.920745700954,
    0.92904087163,0.941102122915,0.950876506149,0.962629250846,
    0.970520561816,0.983672950893,0.991001552126,1.),.UNSPECIFIED.);
#634 = CARTESIAN_POINT('',(2.993101266297,138.11505662723));
#635 = CARTESIAN_POINT('',(2.989169753812,138.11505662723));
#636 = CARTESIAN_POINT('',(2.985238241325,138.11505662723));
#637 = CARTESIAN_POINT('',(2.981306728838,138.11505662723));
#638 = CARTESIAN_POINT('',(2.97737521635,138.11505662723));
#639 = CARTESIAN_POINT('',(2.973443703862,138.11505662723));
#640 = CARTESIAN_POINT('',(2.965202947131,138.11505662723));
#641 = CARTESIAN_POINT('',(2.960893702886,138.11505662723));
#642 = CARTESIAN_POINT('',(2.95658445864,138.11505662723));
#643 = CARTESIAN_POINT('',(2.952275214393,138.11505662723));
#644 = CARTESIAN_POINT('',(2.947965970146,138.11505662723));
#645 = CARTESIAN_POINT('',(2.938956332616,138.11505662723));
#646 = CARTESIAN_POINT('',(2.934255939329,138.11505662723));
#647 = CARTESIAN_POINT('',(2.92955554604,138.11505662723));
#648 = CARTESIAN_POINT('',(2.92485515275,138.11505662723));
#649 = CARTESIAN_POINT('',(2.920154759461,138.11505662723));
#650 = CARTESIAN_POINT('',(2.911585155764,138.11505662723));
#651 = CARTESIAN_POINT('',(2.907715945355,138.11505662723));
#652 = CARTESIAN_POINT('',(2.903846734945,138.11505662723));
#653 = CARTESIAN_POINT('',(2.899977524534,138.11505662723));
#654 = CARTESIAN_POINT('',(2.896108314122,138.11505662723));
#655 = CARTESIAN_POINT('',(2.887079217784,138.11505662723));
#656 = CARTESIAN_POINT('',(2.881919331852,138.11505662723));
#657 = CARTESIAN_POINT('',(2.876759445918,138.11505662723));
#658 = CARTESIAN_POINT('',(2.871599559982,138.11505662723));
#659 = CARTESIAN_POINT('',(2.866439674046,138.11505662723));
#660 = CARTESIAN_POINT('',(2.856771703192,138.11505662723));
#661 = CARTESIAN_POINT('',(2.852263618269,138.11505662723));
#662 = CARTESIAN_POINT('',(2.847755533344,138.11505662723));
#663 = CARTESIAN_POINT('',(2.843247448417,138.11505662723));
#664 = CARTESIAN_POINT('',(2.838739363491,138.11505662723));
#665 = CARTESIAN_POINT('',(2.829845899621,138.11505662723));
#666 = CARTESIAN_POINT('',(2.825460520675,138.11505662723));
#667 = CARTESIAN_POINT('',(2.821075141727,138.11505662723));
#668 = CARTESIAN_POINT('',(2.816689762778,138.11505662723));
#669 = CARTESIAN_POINT('',(2.812304383829,138.11505662723));
#670 = CARTESIAN_POINT('',(2.803284944058,138.11505662723));
#671 = CARTESIAN_POINT('',(2.798650883233,138.11505662723));
#672 = CARTESIAN_POINT('',(2.794016822406,138.11505662723));
#673 = CARTESIAN_POINT('',(2.789382761577,138.11505662723));
#674 = CARTESIAN_POINT('',(2.784748700748,138.11505662723));
#675 = CARTESIAN_POINT('',(2.774836252612,138.11505662723));
#676 = CARTESIAN_POINT('',(2.769557865298,138.11505662723));
#677 = CARTESIAN_POINT('',(2.76427947798,138.11505662723));
#678 = CARTESIAN_POINT('',(2.759001090661,138.11505662723));
#679 = CARTESIAN_POINT('',(2.753722703341,138.11505662723));
#680 = CARTESIAN_POINT('',(2.743062267515,138.11505662723));
#681 = CARTESIAN_POINT('',(2.737680219,138.11505662723));
#682 = CARTESIAN_POINT('',(2.73229817048,138.11505662723));
#683 = CARTESIAN_POINT('',(2.726916121959,138.11505662723));
#684 = CARTESIAN_POINT('',(2.721534073437,138.11505662723));
#685 = CARTESIAN_POINT('',(2.710852497005,138.11505662723));
#686 = CARTESIAN_POINT('',(2.705552969086,138.11505662723));
#687 = CARTESIAN_POINT('',(2.700253441163,138.11505662723));
#688 = CARTESIAN_POINT('',(2.694953913238,138.11505662723));
#689 = CARTESIAN_POINT('',(2.689654385312,138.11505662723));
#690 = CARTESIAN_POINT('',(2.679543382522,138.11505662723));
#691 = CARTESIAN_POINT('',(2.674731907651,138.11505662723));
#692 = CARTESIAN_POINT('',(2.669920432776,138.11505662723));
#693 = CARTESIAN_POINT('',(2.665108957899,138.11505662723));
#694 = CARTESIAN_POINT('',(2.660297483022,138.11505662723));
#695 = CARTESIAN_POINT('',(2.649946393617,138.11505662723));
#696 = CARTESIAN_POINT('',(2.644406779082,138.11505662723));
#697 = CARTESIAN_POINT('',(2.638867164542,138.11505662723));
#698 = CARTESIAN_POINT('',(2.633327549998,138.11505662723));
#699 = CARTESIAN_POINT('',(2.627787935454,138.11505662723));
#700 = CARTESIAN_POINT('',(2.61613004444,138.11505662723));
#701 = CARTESIAN_POINT('',(2.610011767957,138.11505662723));
#702 = CARTESIAN_POINT('',(2.603893491466,138.11505662723));
#703 = CARTESIAN_POINT('',(2.59777521497,138.11505662723));
#704 = CARTESIAN_POINT('',(2.591656938473,138.11505662723));
#705 = CARTESIAN_POINT('',(2.5796639775,138.11505662723));
#706 = CARTESIAN_POINT('',(2.573789293008,138.11505662723));
#707 = CARTESIAN_POINT('',(2.567914608508,138.11505662723));
#708 = CARTESIAN_POINT('',(2.562039924003,138.11505662723));
#709 = CARTESIAN_POINT('',(2.556165239497,138.11505662723));
#710 = CARTESIAN_POINT('',(2.545586452275,138.11505662723));
#711 = CARTESIAN_POINT('',(2.540882349551,138.11505662723));
#712 = CARTESIAN_POINT('',(2.536178246823,138.11505662723));
#713 = CARTESIAN_POINT('',(2.531474144092,138.11505662723));
#714 = CARTESIAN_POINT('',(2.526770041358,138.11505662723));
#715 = CARTESIAN_POINT('',(2.51558404998,138.11505662723));
#716 = CARTESIAN_POINT('',(2.509102161319,138.11505662723));
#717 = CARTESIAN_POINT('',(2.502620272646,138.11505662723));
#718 = CARTESIAN_POINT('',(2.496138383965,138.11505662723));
#719 = CARTESIAN_POINT('',(2.489656495283,138.11505662723));
#720 = CARTESIAN_POINT('',(2.476415590616,138.11505662723));
#721 = CARTESIAN_POINT('',(2.469656574607,138.11505662723));
#722 = CARTESIAN_POINT('',(2.462897558582,138.11505662723));
#723 = CARTESIAN_POINT('',(2.456138542548,138.11505662723));
#724 = CARTESIAN_POINT('',(2.449379526511,138.11505662723));
#725 = CARTESIAN_POINT('',(2.435532687965,138.11505662723));
#726 = CARTESIAN_POINT('',(2.428444865424,138.11505662723));
#727 = CARTESIAN_POINT('',(2.421357042863,138.11505662723));
#728 = CARTESIAN_POINT('',(2.41426922029,138.11505662723));
#729 = CARTESIAN_POINT('',(2.407181397712,138.11505662723));
#730 = CARTESIAN_POINT('',(2.392056582168,138.11505662723));
#731 = CARTESIAN_POINT('',(2.384019589147,138.11505662723));
#732 = CARTESIAN_POINT('',(2.375982596092,138.11505662723));
#733 = CARTESIAN_POINT('',(2.367945603018,138.11505662723));
#734 = CARTESIAN_POINT('',(2.359908609939,138.11505662723));
#735 = CARTESIAN_POINT('',(2.260540532562,138.11505662723));
#736 = CARTESIAN_POINT('',(2.169193958211,138.11505662723));
#737 = CARTESIAN_POINT('',(2.077867164206,138.11505662723));
#738 = CARTESIAN_POINT('',(1.986539172925,138.11505662723));
#739 = CARTESIAN_POINT('',(1.895189887227,138.11505662723));
#740 = CARTESIAN_POINT('',(1.774962179565,138.11505662723));
#741 = CARTESIAN_POINT('',(1.746063719919,138.11505662723));
#742 = CARTESIAN_POINT('',(1.717165254013,138.11505662723));
#743 = CARTESIAN_POINT('',(1.688266791258,138.11505662723));
#744 = CARTESIAN_POINT('',(1.659368337267,138.11505662723));
#745 = CARTESIAN_POINT('',(1.548358361779,138.11505662723));
#746 = CARTESIAN_POINT('',(1.466235124615,138.11505662723));
#747 = CARTESIAN_POINT('',(1.384124464987,138.11505662723));
#748 = CARTESIAN_POINT('',(1.302014509113,138.11505662723));
#749 = CARTESIAN_POINT('',(1.219892806262,138.11505662723));
#750 = CARTESIAN_POINT('',(1.130103864002,138.11505662723));
#751 = CARTESIAN_POINT('',(1.122427397429,138.11505662723));
#752 = CARTESIAN_POINT('',(1.114750930866,138.11505662723));
#753 = CARTESIAN_POINT('',(1.107074464325,138.11505662723));
#754 = CARTESIAN_POINT('',(1.099397997818,138.11505662723));
#755 = CARTESIAN_POINT('',(1.082436191472,138.11505662723));
#756 = CARTESIAN_POINT('',(1.073150851551,138.11505662723));
#757 = CARTESIAN_POINT('',(1.063865511623,138.11505662723));
#758 = CARTESIAN_POINT('',(1.05458017172,138.11505662723));
#759 = CARTESIAN_POINT('',(1.045294831875,138.11505662723));
#760 = CARTESIAN_POINT('',(1.029258026292,138.11505662723));
#761 = CARTESIAN_POINT('',(1.022506560464,138.11505662723));
#762 = CARTESIAN_POINT('',(1.015755094641,138.11505662723));
#763 = CARTESIAN_POINT('',(1.009003628829,138.11505662723));
#764 = CARTESIAN_POINT('',(1.002252163033,138.11505662723));
#765 = CARTESIAN_POINT('',(0.989043278441,138.11505662723));
#766 = CARTESIAN_POINT('',(0.982585859619,138.11505662723));
#767 = CARTESIAN_POINT('',(0.9761284408,138.11505662723));
#768 = CARTESIAN_POINT('',(0.96967102199,138.11505662723));
#769 = CARTESIAN_POINT('',(0.963213603192,138.11505662723));
#770 = CARTESIAN_POINT('',(0.950774666392,138.11505662723));
#771 = CARTESIAN_POINT('',(0.94479314837,138.11505662723));
#772 = CARTESIAN_POINT('',(0.93881163035,138.11505662723));
#773 = CARTESIAN_POINT('',(0.932830112336,138.11505662723));
#774 = CARTESIAN_POINT('',(0.926848594332,138.11505662723));
#775 = CARTESIAN_POINT('',(0.914649094635,138.11505662723));
#776 = CARTESIAN_POINT('',(0.908431112925,138.11505662723));
#777 = CARTESIAN_POINT('',(0.902213131217,138.11505662723));
#778 = CARTESIAN_POINT('',(0.895995149514,138.11505662723));
#779 = CARTESIAN_POINT('',(0.889777167822,138.11505662723));
#780 = CARTESIAN_POINT('',(0.877331142991,138.11505662723));
#781 = CARTESIAN_POINT('',(0.871103099836,138.11505662723));
#782 = CARTESIAN_POINT('',(0.864875056681,138.11505662723));
#783 = CARTESIAN_POINT('',(0.858647013531,138.11505662723));
#784 = CARTESIAN_POINT('',(0.85241897039,138.11505662723));
#785 = CARTESIAN_POINT('',(0.840150656009,138.11505662723));
#786 = CARTESIAN_POINT('',(0.834110384753,138.11505662723));
#787 = CARTESIAN_POINT('',(0.828070113496,138.11505662723));
#788 = CARTESIAN_POINT('',(0.822029842244,138.11505662723));
#789 = CARTESIAN_POINT('',(0.815989570999,138.11505662723));
#790 = CARTESIAN_POINT('',(0.80407346112,138.11505662723));
#791 = CARTESIAN_POINT('',(0.79819762247,138.11505662723));
#792 = CARTESIAN_POINT('',(0.792321783821,138.11505662723));
#793 = CARTESIAN_POINT('',(0.786445945175,138.11505662723));
#794 = CARTESIAN_POINT('',(0.780570106535,138.11505662723));
#795 = CARTESIAN_POINT('',(0.768963337741,138.11505662723));
#796 = CARTESIAN_POINT('',(0.763232407574,138.11505662723));
#797 = CARTESIAN_POINT('',(0.757501477407,138.11505662723));
#798 = CARTESIAN_POINT('',(0.751770547242,138.11505662723));
#799 = CARTESIAN_POINT('',(0.746039617083,138.11505662723));
#800 = CARTESIAN_POINT('',(0.735855459489,138.11505662723));
#801 = CARTESIAN_POINT('',(0.731402232046,138.11505662723));
#802 = CARTESIAN_POINT('',(0.726949004603,138.11505662723));
#803 = CARTESIAN_POINT('',(0.722495777161,138.11505662723));
#804 = CARTESIAN_POINT('',(0.718042549722,138.11505662723));
#805 = CARTESIAN_POINT('',(0.708266568016,138.11505662723));
#806 = CARTESIAN_POINT('',(0.702943813745,138.11505662723));
#807 = CARTESIAN_POINT('',(0.697621059473,138.11505662723));
#808 = CARTESIAN_POINT('',(0.692298305203,138.11505662723));
#809 = CARTESIAN_POINT('',(0.686975550937,138.11505662723));
#810 = CARTESIAN_POINT('',(0.677539577478,138.11505662723));
#811 = CARTESIAN_POINT('',(0.67342635828,138.11505662723));
#812 = CARTESIAN_POINT('',(0.669313139082,138.11505662723));
#813 = CARTESIAN_POINT('',(0.665199919884,138.11505662723));
#814 = CARTESIAN_POINT('',(0.661086700689,138.11505662723));
#815 = CARTESIAN_POINT('',(0.653465783555,138.11505662723));
#816 = CARTESIAN_POINT('',(0.649958085614,138.11505662723));
#817 = CARTESIAN_POINT('',(0.646450387674,138.11505662723));
#818 = CARTESIAN_POINT('',(0.642942689734,138.11505662723));
#819 = CARTESIAN_POINT('',(0.639434991796,138.11505662723));
#820 = CARTESIAN_POINT('',(0.630827070137,138.11505662723));
#821 = CARTESIAN_POINT('',(0.625726846414,138.11505662723));
#822 = CARTESIAN_POINT('',(0.620626622691,138.11505662723));
#823 = CARTESIAN_POINT('',(0.615526398969,138.11505662723));
#824 = CARTESIAN_POINT('',(0.61042617525,138.11505662723));
#825 = CARTESIAN_POINT('',(0.601192753413,138.11505662723));
#826 = CARTESIAN_POINT('',(0.59705955529,138.11505662723));
#827 = CARTESIAN_POINT('',(0.592926357167,138.11505662723));
#828 = CARTESIAN_POINT('',(0.588793159046,138.11505662723));
#829 = CARTESIAN_POINT('',(0.584659960925,138.11505662723));
#830 = CARTESIAN_POINT('',(0.57555699427,138.11505662723));
#831 = CARTESIAN_POINT('',(0.570587225732,138.11505662723));
#832 = CARTESIAN_POINT('',(0.565617457193,138.11505662723));
#833 = CARTESIAN_POINT('',(0.560647688656,138.11505662723));
#834 = CARTESIAN_POINT('',(0.55567792012,138.11505662723));
#835 = CARTESIAN_POINT('',(0.547371229879,138.11505662723));
#836 = CARTESIAN_POINT('',(0.54403430817,138.11505662723));
#837 = CARTESIAN_POINT('',(0.54069738646,138.11505662723));
#838 = CARTESIAN_POINT('',(0.537360464751,138.11505662723));
#839 = CARTESIAN_POINT('',(0.534023543043,138.11505662723));
#840 = CARTESIAN_POINT('',(0.525124998838,138.11505662723));
#841 = CARTESIAN_POINT('',(0.519563376338,138.11505662723));
#842 = CARTESIAN_POINT('',(0.514001753836,138.11505662723));
#843 = CARTESIAN_POINT('',(0.508440131335,138.11505662723));
#844 = CARTESIAN_POINT('',(0.502878508838,138.11505662723));
#845 = CARTESIAN_POINT('',(0.494217912221,138.11505662723));
#846 = CARTESIAN_POINT('',(0.491118938095,138.11505662723));
#847 = CARTESIAN_POINT('',(0.488019963969,138.11505662723));
#848 = CARTESIAN_POINT('',(0.484920989844,138.11505662723));
#849 = CARTESIAN_POINT('',(0.481822015719,138.11505662723));
#850 = CARTESIAN_POINT('',(0.474917955708,138.11505662723));
#851 = CARTESIAN_POINT('',(0.47111286979,138.11505662723));
#852 = CARTESIAN_POINT('',(0.467307783888,138.11505662723));
#853 = CARTESIAN_POINT('',(0.463502698011,138.11505662723));
#854 = CARTESIAN_POINT('',(0.459697612131,138.11505662723));
#855 = CARTESIAN_POINT('',(0.455892526182,138.11505662723));
#856 = ( GEOMETRIC_REPRESENTATION_CONTEXT(2) 
PARAMETRIC_REPRESENTATION_CONTEXT() REPRESENTATION_CONTEXT('2D SPACE',''
  ) );
#857 = ADVANCED_FACE('',(#858),#64,.F.);
#858 = FACE_BOUND('',#859,.F.);
#859 = EDGE_LOOP('',(#860,#861,#881,#906));
#860 = ORIENTED_EDGE('',*,*,#43,.F.);
#861 = ORIENTED_EDGE('',*,*,#862,.T.);
#862 = EDGE_CURVE('',#44,#863,#865,.T.);
#863 = VERTEX_POINT('',#864);
#864 = CARTESIAN_POINT('',(8.,74.715056627234,141.38989221983));
#865 = SURFACE_CURVE('',#866,(#869,#875),.PCURVE_S1.);
#866 = B_SPLINE_CURVE_WITH_KNOTS('',1,(#867,#868),.UNSPECIFIED.,.F.,.F.,
  (2,2),(0.,44.),.PIECEWISE_BEZIER_KNOTS.);
#867 = CARTESIAN_POINT('',(8.,118.71505662723,141.38989221983));
#868 = CARTESIAN_POINT('',(8.,74.715056627234,141.38989221983));
#869 = PCURVE('',#64,#870);
#870 = DEFINITIONAL_REPRESENTATION('',(#871),#874);
#871 = B_SPLINE_CURVE_WITH_KNOTS('',1,(#872,#873),.UNSPECIFIED.,.F.,.F.,
  (2,2),(0.,44.),.PIECEWISE_BEZIER_KNOTS.);
#872 = CARTESIAN_POINT('',(0.,0.));
#873 = CARTESIAN_POINT('',(44.,0.));
#874 = ( GEOMETRIC_REPRESENTATION_CONTEXT(2) 
PARAMETRIC_REPRESENTATION_CONTEXT() REPRESENTATION_CONTEXT('2D SPACE',''
  ) );
#875 = PCURVE('',#89,#876);
#876 = DEFINITIONAL_REPRESENTATION('',(#877),#880);
#877 = B_SPLINE_CURVE_WITH_KNOTS('',1,(#878,#879),.UNSPECIFIED.,.F.,.F.,
  (2,2),(0.,44.),.PIECEWISE_BEZIER_KNOTS.);
#878 = CARTESIAN_POINT('',(2.,0.));
#879 = CARTESIAN_POINT('',(2.,44.));
#880 = ( GEOMETRIC_REPRESENTATION_CONTEXT(2) 
PARAMETRIC_REPRESENTATION_CONTEXT() REPRESENTATION_CONTEXT('2D SPACE',''
  ) );
#881 = ORIENTED_EDGE('',*,*,#882,.T.);
#882 = EDGE_CURVE('',#863,#883,#885,.T.);
#883 = VERTEX_POINT('',#884);
#884 = CARTESIAN_POINT('',(7.957107175549,74.715056627234,
    141.38989221983));
#885 = SURFACE_CURVE('',#886,(#889,#895),.PCURVE_S1.);
#886 = B_SPLINE_CURVE_WITH_KNOTS('',1,(#887,#888),.UNSPECIFIED.,.F.,.F.,
  (2,2),(0.,21.),.PIECEWISE_BEZIER_KNOTS.);
#887 = CARTESIAN_POINT('',(8.,74.715056627234,141.38989221983));
#888 = CARTESIAN_POINT('',(-13.,74.715056627234,141.38989221983));
#889 = PCURVE('',#64,#890);
#890 = DEFINITIONAL_REPRESENTATION('',(#891),#894);
#891 = B_SPLINE_CURVE_WITH_KNOTS('',1,(#892,#893),.UNSPECIFIED.,.F.,.F.,
  (2,2),(0.,21.),.PIECEWISE_BEZIER_KNOTS.);
#892 = CARTESIAN_POINT('',(44.,0.));
#893 = CARTESIAN_POINT('',(44.,21.));
#894 = ( GEOMETRIC_REPRESENTATION_CONTEXT(2) 
PARAMETRIC_REPRESENTATION_CONTEXT() REPRESENTATION_CONTEXT('2D SPACE',''
  ) );
#895 = PCURVE('',#896,#901);
#896 = B_SPLINE_SURFACE_WITH_KNOTS('',1,1,(
    (#897,#898)
    ,(#899,#900
    )),.UNSPECIFIED.,.F.,.F.,.F.,(2,2),(2,2),(0.,2.),(-21.,0.),
  .PIECEWISE_BEZIER_KNOTS.);
#897 = CARTESIAN_POINT('',(-13.,74.715056627234,139.38989221983));
#898 = CARTESIAN_POINT('',(8.,74.715056627234,139.38989221983));
#899 = CARTESIAN_POINT('',(-13.,74.715056627234,141.38989221983));
#900 = CARTESIAN_POINT('',(8.,74.715056627234,141.38989221983));
#901 = DEFINITIONAL_REPRESENTATION('',(#902),#905);
#902 = B_SPLINE_CURVE_WITH_KNOTS('',1,(#903,#904),.UNSPECIFIED.,.F.,.F.,
  (2,2),(0.,21.),.PIECEWISE_BEZIER_KNOTS.);
#903 = CARTESIAN_POINT('',(2.,0.));
#904 = CARTESIAN_POINT('',(2.,-21.));
#905 = ( GEOMETRIC_REPRESENTATION_CONTEXT(2) 
PARAMETRIC_REPRESENTATION_CONTEXT() REPRESENTATION_CONTEXT('2D SPACE',''
  ) );
#906 = ORIENTED_EDGE('',*,*,#907,.T.);
#907 = EDGE_CURVE('',#883,#46,#908,.T.);
#908 = SURFACE_CURVE('',#909,(#915,#924),.PCURVE_S1.);
#909 = B_SPLINE_CURVE_WITH_KNOTS('',4,(#910,#911,#912,#913,#914),
  .UNSPECIFIED.,.F.,.F.,(5,5),(0.,1.),.PIECEWISE_BEZIER_KNOTS.);
#910 = CARTESIAN_POINT('',(7.957107175549,74.715056627234,
    141.38989221983));
#911 = CARTESIAN_POINT('',(7.957107175549,85.715056627234,
    141.38989221983));
#912 = CARTESIAN_POINT('',(7.957107175549,96.715056627234,
    141.38989221983));
#913 = CARTESIAN_POINT('',(7.957107175549,107.71505662723,
    141.38989221983));
#914 = CARTESIAN_POINT('',(7.957107175549,118.71505662723,
    141.38989221983));
#915 = PCURVE('',#64,#916);
#916 = DEFINITIONAL_REPRESENTATION('',(#917),#923);
#917 = B_SPLINE_CURVE_WITH_KNOTS('',4,(#918,#919,#920,#921,#922),
  .UNSPECIFIED.,.F.,.F.,(5,5),(0.,1.),.PIECEWISE_BEZIER_KNOTS.);
#918 = CARTESIAN_POINT('',(44.,4.289282445142E-02));
#919 = CARTESIAN_POINT('',(33.,4.289282445142E-02));
#920 = CARTESIAN_POINT('',(22.,4.289282445142E-02));
#921 = CARTESIAN_POINT('',(11.,4.289282445142E-02));
#922 = CARTESIAN_POINT('',(0.,4.289282445142E-02));
#923 = ( GEOMETRIC_REPRESENTATION_CONTEXT(2) 
PARAMETRIC_REPRESENTATION_CONTEXT() REPRESENTATION_CONTEXT('2D SPACE',''
  ) );
#924 = PCURVE('',#627,#925);
#925 = DEFINITIONAL_REPRESENTATION('',(#926),#932);
#926 = B_SPLINE_CURVE_WITH_KNOTS('',4,(#927,#928,#929,#930,#931),
  .UNSPECIFIED.,.F.,.F.,(5,5),(0.,1.),.PIECEWISE_BEZIER_KNOTS.);
#927 = CARTESIAN_POINT('',(0.455892526182,94.115056627234));
#928 = CARTESIAN_POINT('',(0.455892526182,105.11505662723));
#929 = CARTESIAN_POINT('',(0.455892526182,116.11505662723));
#930 = CARTESIAN_POINT('',(0.455892526182,127.11505662723));
#931 = CARTESIAN_POINT('',(0.455892526182,138.11505662723));
#932 = ( GEOMETRIC_REPRESENTATION_CONTEXT(2) 
PARAMETRIC_REPRESENTATION_CONTEXT() REPRESENTATION_CONTEXT('2D SPACE',''
  ) );
#933 = ADVANCED_FACE('',(#934),#627,.F.);
#934 = FACE_BOUND('',#935,.F.);
#935 = EDGE_LOOP('',(#936,#965,#966,#967));
#936 = ORIENTED_EDGE('',*,*,#937,.T.);
#937 = EDGE_CURVE('',#938,#151,#940,.T.);
#938 = VERTEX_POINT('',#939);
#939 = CARTESIAN_POINT('',(4.042892824451,74.715056627234,
    141.38989221983));
#940 = SURFACE_CURVE('',#941,(#947,#956),.PCURVE_S1.);
#941 = B_SPLINE_CURVE_WITH_KNOTS('',4,(#942,#943,#944,#945,#946),
  .UNSPECIFIED.,.F.,.F.,(5,5),(0.,1.),.PIECEWISE_BEZIER_KNOTS.);
#942 = CARTESIAN_POINT('',(4.042892824451,74.715056627234,
    141.38989221983));
#943 = CARTESIAN_POINT('',(4.042892824451,85.715056627234,
    141.38989221983));
#944 = CARTESIAN_POINT('',(4.042892824451,96.715056627234,
    141.38989221983));
#945 = CARTESIAN_POINT('',(4.042892824451,107.71505662723,
    141.38989221983));
#946 = CARTESIAN_POINT('',(4.042892824451,118.71505662723,
    141.38989221983));
#947 = PCURVE('',#627,#948);
#948 = DEFINITIONAL_REPRESENTATION('',(#949),#955);
#949 = B_SPLINE_CURVE_WITH_KNOTS('',4,(#950,#951,#952,#953,#954),
  .UNSPECIFIED.,.F.,.F.,(5,5),(0.,1.),.PIECEWISE_BEZIER_KNOTS.);
#950 = CARTESIAN_POINT('',(2.993101266297,94.115056627234));
#951 = CARTESIAN_POINT('',(2.993101266297,105.11505662723));
#952 = CARTESIAN_POINT('',(2.993101266297,116.11505662723));
#953 = CARTESIAN_POINT('',(2.993101266297,127.11505662723));
#954 = CARTESIAN_POINT('',(2.993101266297,138.11505662723));
#955 = ( GEOMETRIC_REPRESENTATION_CONTEXT(2) 
PARAMETRIC_REPRESENTATION_CONTEXT() REPRESENTATION_CONTEXT('2D SPACE',''
  ) );
#956 = PCURVE('',#164,#957);
#957 = DEFINITIONAL_REPRESENTATION('',(#958),#964);
#958 = B_SPLINE_CURVE_WITH_KNOTS('',4,(#959,#960,#961,#962,#963),
  .UNSPECIFIED.,.F.,.F.,(5,5),(0.,1.),.PIECEWISE_BEZIER_KNOTS.);
#959 = CARTESIAN_POINT('',(44.,3.957107175549));
#960 = CARTESIAN_POINT('',(33.,3.957107175549));
#961 = CARTESIAN_POINT('',(22.,3.957107175549));
#962 = CARTESIAN_POINT('',(11.,3.957107175549));
#963 = CARTESIAN_POINT('',(0.,3.957107175549));
#964 = ( GEOMETRIC_REPRESENTATION_CONTEXT(2) 
PARAMETRIC_REPRESENTATION_CONTEXT() REPRESENTATION_CONTEXT('2D SPACE',''
  ) );
#965 = ORIENTED_EDGE('',*,*,#175,.T.);
#966 = ORIENTED_EDGE('',*,*,#907,.F.);
#967 = ORIENTED_EDGE('',*,*,#968,.F.);
#968 = EDGE_CURVE('',#938,#883,#969,.T.);
#969 = SURFACE_CURVE('',#970,(#1193,#1419),.PCURVE_S1.);
#970 = B_SPLINE_CURVE_WITH_KNOTS('',6,(#971,#972,#973,#974,#975,#976,
    #977,#978,#979,#980,#981,#982,#983,#984,#985,#986,#987,#988,#989,
    #990,#991,#992,#993,#994,#995,#996,#997,#998,#999,#1000,#1001,#1002,
    #1003,#1004,#1005,#1006,#1007,#1008,#1009,#1010,#1011,#1012,#1013,
    #1014,#1015,#1016,#1017,#1018,#1019,#1020,#1021,#1022,#1023,#1024,
    #1025,#1026,#1027,#1028,#1029,#1030,#1031,#1032,#1033,#1034,#1035,
    #1036,#1037,#1038,#1039,#1040,#1041,#1042,#1043,#1044,#1045,#1046,
    #1047,#1048,#1049,#1050,#1051,#1052,#1053,#1054,#1055,#1056,#1057,
    #1058,#1059,#1060,#1061,#1062,#1063,#1064,#1065,#1066,#1067,#1068,
    #1069,#1070,#1071,#1072,#1073,#1074,#1075,#1076,#1077,#1078,#1079,
    #1080,#1081,#1082,#1083,#1084,#1085,#1086,#1087,#1088,#1089,#1090,
    #1091,#1092,#1093,#1094,#1095,#1096,#1097,#1098,#1099,#1100,#1101,
    #1102,#1103,#1104,#1105,#1106,#1107,#1108,#1109,#1110,#1111,#1112,
    #1113,#1114,#1115,#1116,#1117,#1118,#1119,#1120,#1121,#1122,#1123,
    #1124,#1125,#1126,#1127,#1128,#1129,#1130,#1131,#1132,#1133,#1134,
    #1135,#1136,#1137,#1138,#1139,#1140,#1141,#1142,#1143,#1144,#1145,
    #1146,#1147,#1148,#1149,#1150,#1151,#1152,#1153,#1154,#1155,#1156,
    #1157,#1158,#1159,#1160,#1161,#1162,#1163,#1164,#1165,#1166,#1167,
    #1168,#1169,#1170,#1171,#1172,#1173,#1174,#1175,#1176,#1177,#1178,
    #1179,#1180,#1181,#1182,#1183,#1184,#1185,#1186,#1187,#1188,#1189,
    #1190,#1191,#1192),.UNSPECIFIED.,.F.,.F.,(7,5,5,5,5,5,5,5,5,5,5,5,5,
    5,5,5,5,5,5,5,5,5,5,5,5,5,5,5,5,5,5,5,5,5,5,5,5,5,5,5,5,5,5,5,7),(0.
    ,9.297350319514E-03,1.948797122304E-02,3.060359227415E-02,
    3.975360888443E-02,5.195585092479E-02,6.2616695768E-02,
    7.298736208518E-02,8.394611822405E-02,9.642859557163E-02,
    0.109156213792,0.121688684982,0.133066994713,0.146167229356,
    0.160635899832,0.17452851714,0.185652910083,0.200981460572,
    0.216965369419,0.233726848958,0.252732952996,0.468715233374,
    0.537056425408,0.731239894052,0.749393565507,0.771351977024,
    0.787318163379,0.802588973561,0.816734351062,0.831438929175,
    0.846167301139,0.860451621264,0.874347083404,0.887899859125,
    0.898431062822,0.911018564864,0.920745700954,0.92904087163,
    0.941102122915,0.95087650615,0.962629250846,0.970520561816,
    0.983672950893,0.991001552126,1.),.UNSPECIFIED.);
#971 = CARTESIAN_POINT('',(4.042892824451,74.715056627234,
    141.38989221983));
#972 = CARTESIAN_POINT('',(4.045291470806,74.715056627234,
    141.38219782854));
#973 = CARTESIAN_POINT('',(4.047726417878,74.715056627234,141.3745147536
    ));
#974 = CARTESIAN_POINT('',(4.050197598927,74.715056627234,
    141.36684320912));
#975 = CARTESIAN_POINT('',(4.052704945536,74.715056627234,
    141.35918340863));
#976 = CARTESIAN_POINT('',(4.055248387611,74.715056627234,
    141.35153556514));
#977 = CARTESIAN_POINT('',(4.060655148999,74.715056627234,
    141.33553059695));
#978 = CARTESIAN_POINT('',(4.063525723019,74.715056627234,
    141.32717592301));
#979 = CARTESIAN_POINT('',(4.066439480931,74.715056627234,
    141.31883614903));
#980 = CARTESIAN_POINT('',(4.069396325826,74.715056627234,
    141.31051155394));
#981 = CARTESIAN_POINT('',(4.072396158393,74.715056627234,141.3022024158
    ));
#982 = CARTESIAN_POINT('',(4.078757782259,74.715056627234,
    141.28486281768));
#983 = CARTESIAN_POINT('',(4.082127712408,74.715056627234,
    141.27583534368));
#984 = CARTESIAN_POINT('',(4.085548535367,74.715056627234,
    141.26682694964));
#985 = CARTESIAN_POINT('',(4.089020115773,74.715056627234,
    141.25783799406));
#986 = CARTESIAN_POINT('',(4.092542314896,74.715056627234,
    141.24886883415));
#987 = CARTESIAN_POINT('',(4.099055900766,74.715056627234,
    141.23255329414));
#988 = CARTESIAN_POINT('',(4.102031014083,74.715056627234,
    141.22520041724));
#989 = CARTESIAN_POINT('',(4.10504025134,74.715056627234,141.21786139365
    ));
#990 = CARTESIAN_POINT('',(4.108083531756,74.715056627234,
    141.21053642127));
#991 = CARTESIAN_POINT('',(4.111160773017,74.715056627234,
    141.20322569735));
#992 = CARTESIAN_POINT('',(4.11842080376,74.715056627234,141.18619927659
    ));
#993 = CARTESIAN_POINT('',(4.122629963955,74.715056627234,
    141.17649482414));
#994 = CARTESIAN_POINT('',(4.126899173014,74.715056627234,
    141.16681652751));
#995 = CARTESIAN_POINT('',(4.131228227304,74.715056627234,
    141.15716485094));
#996 = CARTESIAN_POINT('',(4.135616918413,74.715056627234,
    141.14754025653));
#997 = CARTESIAN_POINT('',(4.143951258388,74.715056627234,
    141.12955845948));
#998 = CARTESIAN_POINT('',(4.147882842606,74.715056627234,
    141.12119473801));
#999 = CARTESIAN_POINT('',(4.151859643625,74.715056627234,141.1128523466
    ));
#1000 = CARTESIAN_POINT('',(4.155881516525,74.715056627234,
    141.10453159066));
#1001 = CARTESIAN_POINT('',(4.159948313636,74.715056627234,
    141.09623277432));
#1002 = CARTESIAN_POINT('',(4.168059542216,74.715056627234,
    141.07990490724));
#1003 = CARTESIAN_POINT('',(4.172101569461,74.715056627234,
    141.07187466212));
#1004 = CARTESIAN_POINT('',(4.176185827812,74.715056627234,
    141.06386574374));
#1005 = CARTESIAN_POINT('',(4.180312176375,74.715056627234,
    141.05587842958));
#1006 = CARTESIAN_POINT('',(4.184480471827,74.715056627234,
    141.04791299588));
#1007 = CARTESIAN_POINT('',(4.193139407137,74.715056627234,
    141.03157599956));
#1008 = CARTESIAN_POINT('',(4.197634922264,74.715056627234,
    141.0232070209));
#1009 = CARTESIAN_POINT('',(4.202176941818,74.715056627234,
    141.01486310613));
#1010 = CARTESIAN_POINT('',(4.206765290835,74.715056627234,
    141.00654457809));
#1011 = CARTESIAN_POINT('',(4.211399791365,74.715056627234,140.998251758
    ));
#1012 = CARTESIAN_POINT('',(4.221411513012,74.715056627234,
    140.98056874612));
#1013 = CARTESIAN_POINT('',(4.226802406509,74.715056627234,
    140.97118629528));
#1014 = CARTESIAN_POINT('',(4.23225267557,74.715056627234,
    140.96183808518));
#1015 = CARTESIAN_POINT('',(4.237762047862,74.715056627234,
    140.95252458519));
#1016 = CARTESIAN_POINT('',(4.243330246111,74.715056627234,
    140.9432462618));
#1017 = CARTESIAN_POINT('',(4.254694232552,74.715056627234,
    140.92457938014));
#1018 = CARTESIAN_POINT('',(4.260492342812,74.715056627234,
    140.91519223544));
#1019 = CARTESIAN_POINT('',(4.266351019709,74.715056627234,
    140.90584263589));
#1020 = CARTESIAN_POINT('',(4.272269958836,74.715056627234,
    140.89653106961));
#1021 = CARTESIAN_POINT('',(4.278248850548,74.715056627234,
    140.88725802143));
#1022 = CARTESIAN_POINT('',(4.290233323237,74.715056627234,
    140.86893150595));
#1023 = CARTESIAN_POINT('',(4.296237089465,74.715056627234,
    140.85987685183));
#1024 = CARTESIAN_POINT('',(4.302298378032,74.715056627234,
    140.85086047022));
#1025 = CARTESIAN_POINT('',(4.308416883498,74.715056627234,
    140.84188281756));
#1026 = CARTESIAN_POINT('',(4.314592295603,74.715056627234,
    140.83294434701));
#1027 = CARTESIAN_POINT('',(4.326482374749,74.715056627234,
    140.81596619682));
#1028 = CARTESIAN_POINT('',(4.332187098327,74.715056627234,
    140.80791955355));
#1029 = CARTESIAN_POINT('',(4.337938234207,74.715056627234,
    140.79990591538));
#1030 = CARTESIAN_POINT('',(4.343735543387,74.715056627234,
    140.79192561671));
#1031 = CARTESIAN_POINT('',(4.349578783656,74.715056627234,
    140.78397898959));
#1032 = CARTESIAN_POINT('',(4.362247830149,74.715056627234,
    140.76695628883));
#1033 = CARTESIAN_POINT('',(4.369088510288,74.715056627234,
    140.75789128494));
#1034 = CARTESIAN_POINT('',(4.375989375456,74.715056627234,
    140.74887185539));
#1035 = CARTESIAN_POINT('',(4.382950045587,74.715056627234,
    140.73989849923));
#1036 = CARTESIAN_POINT('',(4.389970135112,74.715056627234,
    140.73097171124));
#1037 = CARTESIAN_POINT('',(4.404867847511,74.715056627234,
    140.71228468613));
#1038 = CARTESIAN_POINT('',(4.412758446606,74.715056627234,
    140.70253479383));
#1039 = CARTESIAN_POINT('',(4.420720523345,74.715056627234,
    140.69284296597));
#1040 = CARTESIAN_POINT('',(4.428753542868,74.715056627234,
    140.68320985689));
#1041 = CARTESIAN_POINT('',(4.436856962347,74.715056627234,
    140.67363611429));
#1042 = CARTESIAN_POINT('',(4.452878090518,74.715056627234,
    140.65498742253));
#1043 = CARTESIAN_POINT('',(4.460790348067,74.715056627234,
    140.64590779016));
#1044 = CARTESIAN_POINT('',(4.468766516051,74.715056627234,
    140.63688404974));
#1045 = CARTESIAN_POINT('',(4.476806100321,74.715056627234,
    140.62791676297));
#1046 = CARTESIAN_POINT('',(4.484908600158,74.715056627234,
    140.61900648572));
#1047 = CARTESIAN_POINT('',(4.499611487718,74.715056627234,
    140.60306503101));
#1048 = CARTESIAN_POINT('',(4.506189482547,74.715056627234,
    140.59601320038));
#1049 = CARTESIAN_POINT('',(4.512807232327,74.715056627234,
    140.5889985585));
#1050 = CARTESIAN_POINT('',(4.519464473998,74.715056627234,
    140.58202138528));
#1051 = CARTESIAN_POINT('',(4.526160941876,74.715056627234,
    140.5750819581));
#1052 = CARTESIAN_POINT('',(4.542177261878,74.715056627234,
    140.55867094952));
#1053 = CARTESIAN_POINT('',(4.551532124379,74.715056627234,
    140.54923353635));
#1054 = CARTESIAN_POINT('',(4.560960253163,74.715056627234,
    140.53986903169));
#1055 = CARTESIAN_POINT('',(4.570460937087,74.715056627234,
    140.53057814554));
#1056 = CARTESIAN_POINT('',(4.580033455863,74.715056627234,
    140.52136157865));
#1057 = CARTESIAN_POINT('',(4.599733008709,74.715056627234,
    140.50268762732));
#1058 = CARTESIAN_POINT('',(4.609866252975,74.715056627234,
    140.49323679391));
#1059 = CARTESIAN_POINT('',(4.62007598579,74.715056627234,
    140.48386830624));
#1060 = CARTESIAN_POINT('',(4.630361369724,74.715056627234,
    140.47458293693));
#1061 = CARTESIAN_POINT('',(4.640721556979,74.715056627234,
    140.4653814472));
#1062 = CARTESIAN_POINT('',(4.662097412002,74.715056627234,
    140.4467042178));
#1063 = CARTESIAN_POINT('',(4.673120449359,74.715056627234,
    140.43723691223));
#1064 = CARTESIAN_POINT('',(4.68422381184,74.715056627234,
    140.42786353483));
#1065 = CARTESIAN_POINT('',(4.69540649787,74.715056627234,
    140.41858493601));
#1066 = CARTESIAN_POINT('',(4.706667493921,74.715056627234,
    140.40940195188));
#1067 = CARTESIAN_POINT('',(4.730862428362,74.715056627234,
    140.39001202569));
#1068 = CARTESIAN_POINT('',(4.743818452227,74.715056627234,
    140.37983264156));
#1069 = CARTESIAN_POINT('',(4.756872350917,74.715056627234,
    140.36977845013));
#1070 = CARTESIAN_POINT('',(4.770022610571,74.715056627234,
    140.35985062515));
#1071 = CARTESIAN_POINT('',(4.783267698655,74.715056627234,
    140.35005031591));
#1072 = CARTESIAN_POINT('',(4.948181081656,74.715056627234,
    140.23047137416));
#1073 = CARTESIAN_POINT('',(5.111827836229,74.715056627234,
    140.13715739796));
#1074 = CARTESIAN_POINT('',(5.285216139032,74.715056627234,
    140.06214194687));
#1075 = CARTESIAN_POINT('',(5.465788841463,74.715056627234,
    140.0065970535));
#1076 = CARTESIAN_POINT('',(5.650839425488,74.715056627234,
    139.97129595721));
#1077 = CARTESIAN_POINT('',(5.896530435553,74.715056627234,
    139.95175596171));
#1078 = CARTESIAN_POINT('',(5.955748768218,74.715056627234,
    139.94910717044));
#1079 = CARTESIAN_POINT('',(6.015041035664,74.715056627234,
    139.94851337394));
#1080 = CARTESIAN_POINT('',(6.074318215689,74.715056627234,139.949976494
    ));
#1081 = CARTESIAN_POINT('',(6.133491331745,74.715056627234,
    139.95349330412));
#1082 = CARTESIAN_POINT('',(6.360056538487,74.715056627234,
    139.97485955539));
#1083 = CARTESIAN_POINT('',(6.526108627236,74.715056627234,
    140.00717883063));
#1084 = CARTESIAN_POINT('',(6.688541155114,74.715056627234,
    140.05582501465));
#1085 = CARTESIAN_POINT('',(6.845383181628,74.715056627234,
    140.12025228212));
#1086 = CARTESIAN_POINT('',(6.994761393737,74.715056627234,
    140.19964310425));
#1087 = CARTESIAN_POINT('',(7.148045851792,74.715056627234,
    140.30154824393));
#1088 = CARTESIAN_POINT('',(7.161070584031,74.715056627234,
    140.3103812996));
#1089 = CARTESIAN_POINT('',(7.174013670059,74.715056627234,
    140.31933415101));
#1090 = CARTESIAN_POINT('',(7.186873734186,74.715056627234,
    140.32840585281));
#1091 = CARTESIAN_POINT('',(7.199649415399,74.715056627234,
    140.33759543864));
#1092 = CARTESIAN_POINT('',(7.227688944882,74.715056627234,
    140.35815890421));
#1093 = CARTESIAN_POINT('',(7.242913092814,74.715056627234,
    140.36958691878));
#1094 = CARTESIAN_POINT('',(7.258009428248,74.715056627234,
    140.38118421724));
#1095 = CARTESIAN_POINT('',(7.272975601937,74.715056627234,
    140.39294900872));
#1096 = CARTESIAN_POINT('',(7.287809298303,74.715056627234,
    140.40487945897));
#1097 = CARTESIAN_POINT('',(7.313195983462,74.715056627234,
    140.42576753031));
#1098 = CARTESIAN_POINT('',(7.323812485971,74.715056627234,
    140.43464795976));
#1099 = CARTESIAN_POINT('',(7.334356865898,74.715056627234,
    140.44361425715));
#1100 = CARTESIAN_POINT('',(7.344828256161,74.715056627234,
    140.45266568921));
#1101 = CARTESIAN_POINT('',(7.355225799659,74.715056627234,
    140.46180151101));
#1102 = CARTESIAN_POINT('',(7.375421907264,74.715056627234,
    140.47983888553));
#1103 = CARTESIAN_POINT('',(7.385226836093,74.715056627234,
    140.48873331202));
#1104 = CARTESIAN_POINT('',(7.39496269459,74.715056627234,
    140.49770358352));
#1105 = CARTESIAN_POINT('',(7.40462875031,74.715056627234,
    140.50674902866));
#1106 = CARTESIAN_POINT('',(7.414224279545,74.715056627234,
    140.51586896667));
#1107 = CARTESIAN_POINT('',(7.432570931312,74.715056627234,
    140.53357888512));
#1108 = CARTESIAN_POINT('',(7.441332167729,74.715056627234,
    140.54215838821));
#1109 = CARTESIAN_POINT('',(7.450031708317,74.715056627234,
    140.55080066816));
#1110 = CARTESIAN_POINT('',(7.458668991507,74.715056627234,
    140.55950516974));
#1111 = CARTESIAN_POINT('',(7.467243462415,74.715056627234,
    140.56827133108));
#1112 = CARTESIAN_POINT('',(7.484602147814,74.715056627234,
    140.58627479855));
#1113 = CARTESIAN_POINT('',(7.49338125378,74.715056627234,
    140.59551703039));
#1114 = CARTESIAN_POINT('',(7.502091274906,74.715056627234,
    140.60482464043));
#1115 = CARTESIAN_POINT('',(7.510731603447,74.715056627234,
    140.61419698246));
#1116 = CARTESIAN_POINT('',(7.519301639742,74.715056627234,
    140.62363340276));
#1117 = CARTESIAN_POINT('',(7.536313697375,74.715056627234,
    140.64264844936));
#1118 = CARTESIAN_POINT('',(7.54475548921,74.715056627234,
    140.65222728114));
#1119 = CARTESIAN_POINT('',(7.553125573264,74.715056627234,
    140.66186907101));
#1120 = CARTESIAN_POINT('',(7.561423363495,74.715056627234,
    140.67157314727));
#1121 = CARTESIAN_POINT('',(7.569648282274,74.715056627234,
    140.68133883096));
#1122 = CARTESIAN_POINT('',(7.585705476178,74.715056627234,
    140.70069577445));
#1123 = CARTESIAN_POINT('',(7.593542113002,74.715056627234,
    140.71028341622));
#1124 = CARTESIAN_POINT('',(7.601309151594,74.715056627234,
    140.71992773526));
#1125 = CARTESIAN_POINT('',(7.609006080366,74.715056627234,
    140.72962809944));
#1126 = CARTESIAN_POINT('',(7.616632395402,74.715056627234,
    140.73938387054));
#1127 = CARTESIAN_POINT('',(7.631537132319,74.715056627234,
    140.75873786846));
#1128 = CARTESIAN_POINT('',(7.638819373173,74.715056627234,
    140.76833315435));
#1129 = CARTESIAN_POINT('',(7.64603386622,74.715056627234,
    140.77797966871));
#1130 = CARTESIAN_POINT('',(7.653180161718,74.715056627234,
    140.78767681312));
#1131 = CARTESIAN_POINT('',(7.660257816993,74.715056627234,
    140.79742398392));
#1132 = CARTESIAN_POINT('',(7.674102132033,74.715056627234,
    140.8167755595));
#1133 = CARTESIAN_POINT('',(7.680872156897,74.715056627234,
    140.82637755696));
#1134 = CARTESIAN_POINT('',(7.687576066853,74.715056627234,
    140.83602599965));
#1135 = CARTESIAN_POINT('',(7.694213464288,74.715056627234,
    140.84572031809));
#1136 = CARTESIAN_POINT('',(7.700783958138,74.715056627234,
    140.85545993831));
#1137 = CARTESIAN_POINT('',(7.712340489203,74.715056627234,
    140.87284721985));
#1138 = CARTESIAN_POINT('',(7.717353185379,74.715056627234,
    140.88047716223));
#1139 = CARTESIAN_POINT('',(7.722325072025,74.715056627234,
    140.88813383754));
#1140 = CARTESIAN_POINT('',(7.727255971184,74.715056627234,
    140.89581697277));
#1141 = CARTESIAN_POINT('',(7.732145707332,74.715056627234,
    140.90352629336));
#1142 = CARTESIAN_POINT('',(7.742789194764,74.715056627234,
    140.92050711598));
#1143 = CARTESIAN_POINT('',(7.74852522773,74.715056627234,
    140.92978972379));
#1144 = CARTESIAN_POINT('',(7.754201910721,74.715056627234,
    140.93910887507));
#1145 = CARTESIAN_POINT('',(7.759818953242,74.715056627234,
    140.94846409519));
#1146 = CARTESIAN_POINT('',(7.765376069867,74.715056627234,
    140.95785490647));
#1147 = CARTESIAN_POINT('',(7.775120780563,74.715056627234,
    140.97456481691));
#1148 = CARTESIAN_POINT('',(7.779332628119,74.715056627234,
    140.98186977221));
#1149 = CARTESIAN_POINT('',(7.783508393538,74.715056627234,
    140.98919547225));
#1150 = CARTESIAN_POINT('',(7.787647949291,74.715056627234,
    140.99654169413));
#1151 = CARTESIAN_POINT('',(7.791751169683,74.715056627234,
    141.00390821394));
#1152 = CARTESIAN_POINT('',(7.799286010031,74.715056627234,
    141.01759399358));
#1153 = CARTESIAN_POINT('',(7.802727574429,74.715056627234,
    141.02390777841));
#1154 = CARTESIAN_POINT('',(7.806142547243,74.715056627234,
    141.0302360217));
#1155 = CARTESIAN_POINT('',(7.809530852644,74.715056627234,
    141.03657858339));
#1156 = CARTESIAN_POINT('',(7.812892415792,74.715056627234,
    141.04293532293));
#1157 = CARTESIAN_POINT('',(7.821075914412,74.715056627234,
    141.05856926406));
#1158 = CARTESIAN_POINT('',(7.825867972949,74.715056627234,
    141.0678621046));
#1159 = CARTESIAN_POINT('',(7.830603111388,74.715056627234,
    141.07718418705));
#1160 = CARTESIAN_POINT('',(7.835281107137,74.715056627234,
    141.0865350754));
#1161 = CARTESIAN_POINT('',(7.839901742063,74.715056627234,
    141.09591433139));
#1162 = CARTESIAN_POINT('',(7.848162685927,74.715056627234,
    141.11294505298));
#1163 = CARTESIAN_POINT('',(7.851822757853,74.715056627234,
    141.12058693235));
#1164 = CARTESIAN_POINT('',(7.855444904549,74.715056627234,
    141.12824691818));
#1165 = CARTESIAN_POINT('',(7.859029014249,74.715056627234,
    141.13592477513));
#1166 = CARTESIAN_POINT('',(7.862574977135,74.715056627234,
    141.14362026691));
#1167 = CARTESIAN_POINT('',(7.870300363114,74.715056627234,
    141.16060715537));
#1168 = CARTESIAN_POINT('',(7.874462733344,74.715056627234,
    141.16990630747));
#1169 = CARTESIAN_POINT('',(7.878569608502,74.715056627234,
    141.17923020029));
#1170 = CARTESIAN_POINT('',(7.882620805188,74.715056627234,
    141.18857841971));
#1171 = CARTESIAN_POINT('',(7.886616144129,74.715056627234,
    141.19795054979));
#1172 = CARTESIAN_POINT('',(7.89320047394,74.715056627234,141.2136548083
    ));
#1173 = CARTESIAN_POINT('',(7.895820235998,74.715056627234,
    141.21997403531));
#1174 = CARTESIAN_POINT('',(7.898414683332,74.715056627234,
    141.22630372736));
#1175 = CARTESIAN_POINT('',(7.900983763774,74.715056627234,
    141.23264375765));
#1176 = CARTESIAN_POINT('',(7.903527426001,74.715056627234,
    141.23899399904));
#1177 = CARTESIAN_POINT('',(7.910242673907,74.715056627234,
    141.25595503024));
#1178 = CARTESIAN_POINT('',(7.914368979735,74.715056627234,
    141.26658374738));
#1179 = CARTESIAN_POINT('',(7.918424303317,74.715056627234,
    141.27723988519));
#1180 = CARTESIAN_POINT('',(7.922408417553,74.715056627234,
    141.28792285088));
#1181 = CARTESIAN_POINT('',(7.926321101953,74.715056627234,
    141.2986320492));
#1182 = CARTESIAN_POINT('',(7.932302396795,74.715056627234,
    141.31534840492));
#1183 = CARTESIAN_POINT('',(7.934420407058,74.715056627234,
    141.32133788657));
#1184 = CARTESIAN_POINT('',(7.936516136421,74.715056627234,
    141.32733522393));
#1185 = CARTESIAN_POINT('',(7.938589548529,74.715056627234,
    141.33334031337));
#1186 = CARTESIAN_POINT('',(7.94064060767,74.715056627234,
    141.33935305104));
#1187 = CARTESIAN_POINT('',(7.945160189465,74.715056627234,
    141.35276535632));
#1188 = CARTESIAN_POINT('',(7.947617347437,74.715056627234,
    141.3601687536));
#1189 = CARTESIAN_POINT('',(7.950040687738,74.715056627234,
    141.36758333194));
#1190 = CARTESIAN_POINT('',(7.952430146915,74.715056627234,
    141.3750088982));
#1191 = CARTESIAN_POINT('',(7.954785663007,74.715056627234,
    141.38244525882));
#1192 = CARTESIAN_POINT('',(7.957107175549,74.715056627234,
    141.38989221983));
#1193 = PCURVE('',#627,#1194);
#1194 = DEFINITIONAL_REPRESENTATION('',(#1195),#1418);
#1195 = B_SPLINE_CURVE_WITH_KNOTS('',6,(#1196,#1197,#1198,#1199,#1200,
    #1201,#1202,#1203,#1204,#1205,#1206,#1207,#1208,#1209,#1210,#1211,
    #1212,#1213,#1214,#1215,#1216,#1217,#1218,#1219,#1220,#1221,#1222,
    #1223,#1224,#1225,#1226,#1227,#1228,#1229,#1230,#1231,#1232,#1233,
    #1234,#1235,#1236,#1237,#1238,#1239,#1240,#1241,#1242,#1243,#1244,
    #1245,#1246,#1247,#1248,#1249,#1250,#1251,#1252,#1253,#1254,#1255,
    #1256,#1257,#1258,#1259,#1260,#1261,#1262,#1263,#1264,#1265,#1266,
    #1267,#1268,#1269,#1270,#1271,#1272,#1273,#1274,#1275,#1276,#1277,
    #1278,#1279,#1280,#1281,#1282,#1283,#1284,#1285,#1286,#1287,#1288,
    #1289,#1290,#1291,#1292,#1293,#1294,#1295,#1296,#1297,#1298,#1299,
    #1300,#1301,#1302,#1303,#1304,#1305,#1306,#1307,#1308,#1309,#1310,
    #1311,#1312,#1313,#1314,#1315,#1316,#1317,#1318,#1319,#1320,#1321,
    #1322,#1323,#1324,#1325,#1326,#1327,#1328,#1329,#1330,#1331,#1332,
    #1333,#1334,#1335,#1336,#1337,#1338,#1339,#1340,#1341,#1342,#1343,
    #1344,#1345,#1346,#1347,#1348,#1349,#1350,#1351,#1352,#1353,#1354,
    #1355,#1356,#1357,#1358,#1359,#1360,#1361,#1362,#1363,#1364,#1365,
    #1366,#1367,#1368,#1369,#1370,#1371,#1372,#1373,#1374,#1375,#1376,
    #1377,#1378,#1379,#1380,#1381,#1382,#1383,#1384,#1385,#1386,#1387,
    #1388,#1389,#1390,#1391,#1392,#1393,#1394,#1395,#1396,#1397,#1398,
    #1399,#1400,#1401,#1402,#1403,#1404,#1405,#1406,#1407,#1408,#1409,
    #1410,#1411,#1412,#1413,#1414,#1415,#1416,#1417),.UNSPECIFIED.,.F.,
  .F.,(7,5,5,5,5,5,5,5,5,5,5,5,5,5,5,5,5,5,5,5,5,5,5,5,5,5,5,5,5,5,5,5,5
    ,5,5,5,5,5,5,5,5,5,5,5,7),(0.,9.297350319514E-03,1.948797122304E-02,
    3.060359227415E-02,3.975360888443E-02,5.195585092479E-02,
    6.2616695768E-02,7.298736208518E-02,8.394611822405E-02,
    9.642859557163E-02,0.109156213792,0.121688684982,0.133066994713,
    0.146167229356,0.160635899832,0.17452851714,0.185652910083,
    0.200981460572,0.216965369419,0.233726848958,0.252732952996,
    0.468715233374,0.537056425408,0.731239894052,0.749393565507,
    0.771351977024,0.787318163379,0.802588973561,0.816734351062,
    0.831438929175,0.846167301139,0.860451621264,0.874347083404,
    0.887899859125,0.898431062822,0.911018564864,0.920745700954,
    0.92904087163,0.941102122915,0.95087650615,0.962629250846,
    0.970520561816,0.983672950893,0.991001552126,1.),.UNSPECIFIED.);
#1196 = CARTESIAN_POINT('',(2.993101266297,94.115056627234));
#1197 = CARTESIAN_POINT('',(2.989169753812,94.115056627234));
#1198 = CARTESIAN_POINT('',(2.985238241325,94.115056627234));
#1199 = CARTESIAN_POINT('',(2.981306728838,94.115056627234));
#1200 = CARTESIAN_POINT('',(2.97737521635,94.115056627234));
#1201 = CARTESIAN_POINT('',(2.973443703862,94.115056627234));
#1202 = CARTESIAN_POINT('',(2.965202947131,94.115056627234));
#1203 = CARTESIAN_POINT('',(2.960893702886,94.115056627234));
#1204 = CARTESIAN_POINT('',(2.95658445864,94.115056627234));
#1205 = CARTESIAN_POINT('',(2.952275214393,94.115056627234));
#1206 = CARTESIAN_POINT('',(2.947965970146,94.115056627234));
#1207 = CARTESIAN_POINT('',(2.938956332616,94.115056627234));
#1208 = CARTESIAN_POINT('',(2.934255939329,94.115056627234));
#1209 = CARTESIAN_POINT('',(2.92955554604,94.115056627234));
#1210 = CARTESIAN_POINT('',(2.92485515275,94.115056627234));
#1211 = CARTESIAN_POINT('',(2.920154759461,94.115056627234));
#1212 = CARTESIAN_POINT('',(2.911585155764,94.115056627234));
#1213 = CARTESIAN_POINT('',(2.907715945355,94.115056627234));
#1214 = CARTESIAN_POINT('',(2.903846734945,94.115056627234));
#1215 = CARTESIAN_POINT('',(2.899977524534,94.115056627234));
#1216 = CARTESIAN_POINT('',(2.896108314122,94.115056627234));
#1217 = CARTESIAN_POINT('',(2.887079217784,94.115056627234));
#1218 = CARTESIAN_POINT('',(2.881919331852,94.115056627234));
#1219 = CARTESIAN_POINT('',(2.876759445918,94.115056627234));
#1220 = CARTESIAN_POINT('',(2.871599559982,94.115056627234));
#1221 = CARTESIAN_POINT('',(2.866439674046,94.115056627234));
#1222 = CARTESIAN_POINT('',(2.856771703192,94.115056627234));
#1223 = CARTESIAN_POINT('',(2.852263618269,94.115056627234));
#1224 = CARTESIAN_POINT('',(2.847755533344,94.115056627234));
#1225 = CARTESIAN_POINT('',(2.843247448417,94.115056627234));
#1226 = CARTESIAN_POINT('',(2.838739363491,94.115056627234));
#1227 = CARTESIAN_POINT('',(2.829845899621,94.115056627234));
#1228 = CARTESIAN_POINT('',(2.825460520675,94.115056627234));
#1229 = CARTESIAN_POINT('',(2.821075141727,94.115056627234));
#1230 = CARTESIAN_POINT('',(2.816689762778,94.115056627234));
#1231 = CARTESIAN_POINT('',(2.812304383829,94.115056627234));
#1232 = CARTESIAN_POINT('',(2.803284944058,94.115056627234));
#1233 = CARTESIAN_POINT('',(2.798650883233,94.115056627234));
#1234 = CARTESIAN_POINT('',(2.794016822406,94.115056627234));
#1235 = CARTESIAN_POINT('',(2.789382761577,94.115056627234));
#1236 = CARTESIAN_POINT('',(2.784748700748,94.115056627234));
#1237 = CARTESIAN_POINT('',(2.774836252612,94.115056627234));
#1238 = CARTESIAN_POINT('',(2.769557865298,94.115056627234));
#1239 = CARTESIAN_POINT('',(2.76427947798,94.115056627234));
#1240 = CARTESIAN_POINT('',(2.759001090661,94.115056627234));
#1241 = CARTESIAN_POINT('',(2.753722703341,94.115056627234));
#1242 = CARTESIAN_POINT('',(2.743062267515,94.115056627234));
#1243 = CARTESIAN_POINT('',(2.737680219,94.115056627234));
#1244 = CARTESIAN_POINT('',(2.73229817048,94.115056627234));
#1245 = CARTESIAN_POINT('',(2.726916121959,94.115056627234));
#1246 = CARTESIAN_POINT('',(2.721534073437,94.115056627234));
#1247 = CARTESIAN_POINT('',(2.710852497005,94.115056627234));
#1248 = CARTESIAN_POINT('',(2.705552969086,94.115056627234));
#1249 = CARTESIAN_POINT('',(2.700253441163,94.115056627234));
#1250 = CARTESIAN_POINT('',(2.694953913238,94.115056627234));
#1251 = CARTESIAN_POINT('',(2.689654385312,94.115056627234));
#1252 = CARTESIAN_POINT('',(2.679543382522,94.115056627234));
#1253 = CARTESIAN_POINT('',(2.674731907651,94.115056627234));
#1254 = CARTESIAN_POINT('',(2.669920432776,94.115056627234));
#1255 = CARTESIAN_POINT('',(2.665108957899,94.115056627234));
#1256 = CARTESIAN_POINT('',(2.660297483022,94.115056627234));
#1257 = CARTESIAN_POINT('',(2.649946393617,94.115056627234));
#1258 = CARTESIAN_POINT('',(2.644406779082,94.115056627234));
#1259 = CARTESIAN_POINT('',(2.638867164542,94.115056627234));
#1260 = CARTESIAN_POINT('',(2.633327549998,94.115056627234));
#1261 = CARTESIAN_POINT('',(2.627787935454,94.115056627234));
#1262 = CARTESIAN_POINT('',(2.61613004444,94.115056627234));
#1263 = CARTESIAN_POINT('',(2.610011767957,94.115056627234));
#1264 = CARTESIAN_POINT('',(2.603893491466,94.115056627234));
#1265 = CARTESIAN_POINT('',(2.59777521497,94.115056627234));
#1266 = CARTESIAN_POINT('',(2.591656938473,94.115056627234));
#1267 = CARTESIAN_POINT('',(2.5796639775,94.115056627234));
#1268 = CARTESIAN_POINT('',(2.573789293008,94.115056627234));
#1269 = CARTESIAN_POINT('',(2.567914608508,94.115056627234));
#1270 = CARTESIAN_POINT('',(2.562039924003,94.115056627234));
#1271 = CARTESIAN_POINT('',(2.556165239497,94.115056627234));
#1272 = CARTESIAN_POINT('',(2.545586452275,94.115056627234));
#1273 = CARTESIAN_POINT('',(2.540882349551,94.115056627234));
#1274 = CARTESIAN_POINT('',(2.536178246823,94.115056627234));
#1275 = CARTESIAN_POINT('',(2.531474144092,94.115056627234));
#1276 = CARTESIAN_POINT('',(2.526770041358,94.115056627234));
#1277 = CARTESIAN_POINT('',(2.51558404998,94.115056627234));
#1278 = CARTESIAN_POINT('',(2.509102161319,94.115056627234));
#1279 = CARTESIAN_POINT('',(2.502620272646,94.115056627234));
#1280 = CARTESIAN_POINT('',(2.496138383965,94.115056627234));
#1281 = CARTESIAN_POINT('',(2.489656495283,94.115056627234));
#1282 = CARTESIAN_POINT('',(2.476415590616,94.115056627234));
#1283 = CARTESIAN_POINT('',(2.469656574607,94.115056627234));
#1284 = CARTESIAN_POINT('',(2.462897558582,94.115056627234));
#1285 = CARTESIAN_POINT('',(2.456138542548,94.115056627234));
#1286 = CARTESIAN_POINT('',(2.449379526511,94.115056627234));
#1287 = CARTESIAN_POINT('',(2.435532687965,94.115056627234));
#1288 = CARTESIAN_POINT('',(2.428444865424,94.115056627234));
#1289 = CARTESIAN_POINT('',(2.421357042863,94.115056627234));
#1290 = CARTESIAN_POINT('',(2.41426922029,94.115056627234));
#1291 = CARTESIAN_POINT('',(2.407181397712,94.115056627234));
#1292 = CARTESIAN_POINT('',(2.392056582168,94.115056627234));
#1293 = CARTESIAN_POINT('',(2.384019589147,94.115056627234));
#1294 = CARTESIAN_POINT('',(2.375982596092,94.115056627234));
#1295 = CARTESIAN_POINT('',(2.367945603018,94.115056627234));
#1296 = CARTESIAN_POINT('',(2.359908609939,94.115056627234));
#1297 = CARTESIAN_POINT('',(2.260540532562,94.115056627234));
#1298 = CARTESIAN_POINT('',(2.169193958211,94.115056627234));
#1299 = CARTESIAN_POINT('',(2.077867164206,94.115056627234));
#1300 = CARTESIAN_POINT('',(1.986539172925,94.115056627234));
#1301 = CARTESIAN_POINT('',(1.895189887227,94.115056627234));
#1302 = CARTESIAN_POINT('',(1.774962179565,94.115056627234));
#1303 = CARTESIAN_POINT('',(1.746063719919,94.115056627234));
#1304 = CARTESIAN_POINT('',(1.717165254013,94.115056627234));
#1305 = CARTESIAN_POINT('',(1.688266791258,94.115056627234));
#1306 = CARTESIAN_POINT('',(1.659368337267,94.115056627234));
#1307 = CARTESIAN_POINT('',(1.548358361779,94.115056627234));
#1308 = CARTESIAN_POINT('',(1.466235124615,94.115056627234));
#1309 = CARTESIAN_POINT('',(1.384124464987,94.115056627234));
#1310 = CARTESIAN_POINT('',(1.302014509113,94.115056627234));
#1311 = CARTESIAN_POINT('',(1.219892806262,94.115056627234));
#1312 = CARTESIAN_POINT('',(1.130103864002,94.115056627234));
#1313 = CARTESIAN_POINT('',(1.122427397429,94.115056627234));
#1314 = CARTESIAN_POINT('',(1.114750930866,94.115056627234));
#1315 = CARTESIAN_POINT('',(1.107074464325,94.115056627234));
#1316 = CARTESIAN_POINT('',(1.099397997818,94.115056627234));
#1317 = CARTESIAN_POINT('',(1.082436191472,94.115056627234));
#1318 = CARTESIAN_POINT('',(1.073150851551,94.115056627234));
#1319 = CARTESIAN_POINT('',(1.063865511623,94.115056627234));
#1320 = CARTESIAN_POINT('',(1.05458017172,94.115056627234));
#1321 = CARTESIAN_POINT('',(1.045294831875,94.115056627234));
#1322 = CARTESIAN_POINT('',(1.029258026292,94.115056627234));
#1323 = CARTESIAN_POINT('',(1.022506560464,94.115056627234));
#1324 = CARTESIAN_POINT('',(1.015755094641,94.115056627234));
#1325 = CARTESIAN_POINT('',(1.009003628829,94.115056627234));
#1326 = CARTESIAN_POINT('',(1.002252163033,94.115056627234));
#1327 = CARTESIAN_POINT('',(0.989043278441,94.115056627234));
#1328 = CARTESIAN_POINT('',(0.982585859619,94.115056627234));
#1329 = CARTESIAN_POINT('',(0.9761284408,94.115056627234));
#1330 = CARTESIAN_POINT('',(0.96967102199,94.115056627234));
#1331 = CARTESIAN_POINT('',(0.963213603192,94.115056627234));
#1332 = CARTESIAN_POINT('',(0.950774666392,94.115056627234));
#1333 = CARTESIAN_POINT('',(0.94479314837,94.115056627234));
#1334 = CARTESIAN_POINT('',(0.93881163035,94.115056627234));
#1335 = CARTESIAN_POINT('',(0.932830112336,94.115056627234));
#1336 = CARTESIAN_POINT('',(0.926848594332,94.115056627234));
#1337 = CARTESIAN_POINT('',(0.914649094635,94.115056627234));
#1338 = CARTESIAN_POINT('',(0.908431112925,94.115056627234));
#1339 = CARTESIAN_POINT('',(0.902213131217,94.115056627234));
#1340 = CARTESIAN_POINT('',(0.895995149514,94.115056627234));
#1341 = CARTESIAN_POINT('',(0.889777167821,94.115056627234));
#1342 = CARTESIAN_POINT('',(0.877331142991,94.115056627234));
#1343 = CARTESIAN_POINT('',(0.871103099836,94.115056627234));
#1344 = CARTESIAN_POINT('',(0.864875056681,94.115056627234));
#1345 = CARTESIAN_POINT('',(0.858647013531,94.115056627234));
#1346 = CARTESIAN_POINT('',(0.85241897039,94.115056627234));
#1347 = CARTESIAN_POINT('',(0.840150656009,94.115056627234));
#1348 = CARTESIAN_POINT('',(0.834110384753,94.115056627234));
#1349 = CARTESIAN_POINT('',(0.828070113496,94.115056627234));
#1350 = CARTESIAN_POINT('',(0.822029842244,94.115056627234));
#1351 = CARTESIAN_POINT('',(0.815989570999,94.115056627234));
#1352 = CARTESIAN_POINT('',(0.80407346112,94.115056627234));
#1353 = CARTESIAN_POINT('',(0.79819762247,94.115056627234));
#1354 = CARTESIAN_POINT('',(0.792321783821,94.115056627234));
#1355 = CARTESIAN_POINT('',(0.786445945175,94.115056627234));
#1356 = CARTESIAN_POINT('',(0.780570106535,94.115056627234));
#1357 = CARTESIAN_POINT('',(0.768963337741,94.115056627234));
#1358 = CARTESIAN_POINT('',(0.763232407574,94.115056627234));
#1359 = CARTESIAN_POINT('',(0.757501477407,94.115056627234));
#1360 = CARTESIAN_POINT('',(0.751770547242,94.115056627234));
#1361 = CARTESIAN_POINT('',(0.746039617083,94.115056627234));
#1362 = CARTESIAN_POINT('',(0.735855459489,94.115056627234));
#1363 = CARTESIAN_POINT('',(0.731402232046,94.115056627234));
#1364 = CARTESIAN_POINT('',(0.726949004603,94.115056627234));
#1365 = CARTESIAN_POINT('',(0.722495777161,94.115056627234));
#1366 = CARTESIAN_POINT('',(0.718042549722,94.115056627234));
#1367 = CARTESIAN_POINT('',(0.708266568016,94.115056627234));
#1368 = CARTESIAN_POINT('',(0.702943813745,94.115056627234));
#1369 = CARTESIAN_POINT('',(0.697621059473,94.115056627234));
#1370 = CARTESIAN_POINT('',(0.692298305203,94.115056627234));
#1371 = CARTESIAN_POINT('',(0.686975550937,94.115056627234));
#1372 = CARTESIAN_POINT('',(0.677539577478,94.115056627234));
#1373 = CARTESIAN_POINT('',(0.67342635828,94.115056627234));
#1374 = CARTESIAN_POINT('',(0.669313139082,94.115056627234));
#1375 = CARTESIAN_POINT('',(0.665199919884,94.115056627234));
#1376 = CARTESIAN_POINT('',(0.661086700689,94.115056627234));
#1377 = CARTESIAN_POINT('',(0.653465783555,94.115056627234));
#1378 = CARTESIAN_POINT('',(0.649958085614,94.115056627234));
#1379 = CARTESIAN_POINT('',(0.646450387674,94.115056627234));
#1380 = CARTESIAN_POINT('',(0.642942689734,94.115056627234));
#1381 = CARTESIAN_POINT('',(0.639434991796,94.115056627234));
#1382 = CARTESIAN_POINT('',(0.630827070137,94.115056627234));
#1383 = CARTESIAN_POINT('',(0.625726846414,94.115056627234));
#1384 = CARTESIAN_POINT('',(0.620626622691,94.115056627234));
#1385 = CARTESIAN_POINT('',(0.615526398969,94.115056627234));
#1386 = CARTESIAN_POINT('',(0.61042617525,94.115056627234));
#1387 = CARTESIAN_POINT('',(0.601192753413,94.115056627234));
#1388 = CARTESIAN_POINT('',(0.59705955529,94.115056627234));
#1389 = CARTESIAN_POINT('',(0.592926357167,94.115056627234));
#1390 = CARTESIAN_POINT('',(0.588793159046,94.115056627234));
#1391 = CARTESIAN_POINT('',(0.584659960925,94.115056627234));
#1392 = CARTESIAN_POINT('',(0.57555699427,94.115056627234));
#1393 = CARTESIAN_POINT('',(0.570587225732,94.115056627234));
#1394 = CARTESIAN_POINT('',(0.565617457193,94.115056627234));
#1395 = CARTESIAN_POINT('',(0.560647688656,94.115056627234));
#1396 = CARTESIAN_POINT('',(0.55567792012,94.115056627234));
#1397 = CARTESIAN_POINT('',(0.547371229879,94.115056627234));
#1398 = CARTESIAN_POINT('',(0.54403430817,94.115056627234));
#1399 = CARTESIAN_POINT('',(0.54069738646,94.115056627234));
#1400 = CARTESIAN_POINT('',(0.537360464751,94.115056627234));
#1401 = CARTESIAN_POINT('',(0.534023543043,94.115056627234));
#1402 = CARTESIAN_POINT('',(0.525124998838,94.115056627234));
#1403 = CARTESIAN_POINT('',(0.519563376338,94.115056627234));
#1404 = CARTESIAN_POINT('',(0.514001753836,94.115056627234));
#1405 = CARTESIAN_POINT('',(0.508440131335,94.115056627234));
#1406 = CARTESIAN_POINT('',(0.502878508838,94.115056627234));
#1407 = CARTESIAN_POINT('',(0.494217912221,94.115056627234));
#1408 = CARTESIAN_POINT('',(0.491118938095,94.115056627234));
#1409 = CARTESIAN_POINT('',(0.488019963969,94.115056627234));
#1410 = CARTESIAN_POINT('',(0.484920989844,94.115056627234));
#1411 = CARTESIAN_POINT('',(0.481822015719,94.115056627234));
#1412 = CARTESIAN_POINT('',(0.474917955708,94.115056627234));
#1413 = CARTESIAN_POINT('',(0.47111286979,94.115056627234));
#1414 = CARTESIAN_POINT('',(0.467307783888,94.115056627234));
#1415 = CARTESIAN_POINT('',(0.463502698011,94.115056627234));
#1416 = CARTESIAN_POINT('',(0.459697612131,94.115056627234));
#1417 = CARTESIAN_POINT('',(0.455892526182,94.115056627234));
#1418 = ( GEOMETRIC_REPRESENTATION_CONTEXT(2) 
PARAMETRIC_REPRESENTATION_CONTEXT() REPRESENTATION_CONTEXT('2D SPACE',''
  ) );
#1419 = PCURVE('',#896,#1420);
#1420 = DEFINITIONAL_REPRESENTATION('',(#1421),#1644);
#1421 = B_SPLINE_CURVE_WITH_KNOTS('',6,(#1422,#1423,#1424,#1425,#1426,
    #1427,#1428,#1429,#1430,#1431,#1432,#1433,#1434,#1435,#1436,#1437,
    #1438,#1439,#1440,#1441,#1442,#1443,#1444,#1445,#1446,#1447,#1448,
    #1449,#1450,#1451,#1452,#1453,#1454,#1455,#1456,#1457,#1458,#1459,
    #1460,#1461,#1462,#1463,#1464,#1465,#1466,#1467,#1468,#1469,#1470,
    #1471,#1472,#1473,#1474,#1475,#1476,#1477,#1478,#1479,#1480,#1481,
    #1482,#1483,#1484,#1485,#1486,#1487,#1488,#1489,#1490,#1491,#1492,
    #1493,#1494,#1495,#1496,#1497,#1498,#1499,#1500,#1501,#1502,#1503,
    #1504,#1505,#1506,#1507,#1508,#1509,#1510,#1511,#1512,#1513,#1514,
    #1515,#1516,#1517,#1518,#1519,#1520,#1521,#1522,#1523,#1524,#1525,
    #1526,#1527,#1528,#1529,#1530,#1531,#1532,#1533,#1534,#1535,#1536,
    #1537,#1538,#1539,#1540,#1541,#1542,#1543,#1544,#1545,#1546,#1547,
    #1548,#1549,#1550,#1551,#1552,#1553,#1554,#1555,#1556,#1557,#1558,
    #1559,#1560,#1561,#1562,#1563,#1564,#1565,#1566,#1567,#1568,#1569,
    #1570,#1571,#1572,#1573,#1574,#1575,#1576,#1577,#1578,#1579,#1580,
    #1581,#1582,#1583,#1584,#1585,#1586,#1587,#1588,#1589,#1590,#1591,
    #1592,#1593,#1594,#1595,#1596,#1597,#1598,#1599,#1600,#1601,#1602,
    #1603,#1604,#1605,#1606,#1607,#1608,#1609,#1610,#1611,#1612,#1613,
    #1614,#1615,#1616,#1617,#1618,#1619,#1620,#1621,#1622,#1623,#1624,
    #1625,#1626,#1627,#1628,#1629,#1630,#1631,#1632,#1633,#1634,#1635,
    #1636,#1637,#1638,#1639,#1640,#1641,#1642,#1643),.UNSPECIFIED.,.F.,
  .F.,(7,5,5,5,5,5,5,5,5,5,5,5,5,5,5,5,5,5,5,5,5,5,5,5,5,5,5,5,5,5,5,5,5
    ,5,5,5,5,5,5,5,5,5,5,5,7),(0.,9.297350319514E-03,1.948797122304E-02,
    3.060359227415E-02,3.975360888443E-02,5.195585092479E-02,
    6.2616695768E-02,7.298736208518E-02,8.394611822405E-02,
    9.642859557163E-02,0.109156213792,0.121688684982,0.133066994713,
    0.146167229356,0.160635899832,0.17452851714,0.185652910083,
    0.200981460572,0.216965369419,0.233726848958,0.252732952996,
    0.468715233374,0.537056425408,0.731239894052,0.749393565507,
    0.771351977024,0.787318163379,0.802588973561,0.816734351062,
    0.831438929175,0.846167301139,0.860451621264,0.874347083404,
    0.887899859125,0.898431062822,0.911018564864,0.920745700954,
    0.92904087163,0.941102122915,0.95087650615,0.962629250846,
    0.970520561816,0.983672950893,0.991001552126,1.),.UNSPECIFIED.);
#1422 = CARTESIAN_POINT('',(2.,-3.957107175549));
#1423 = CARTESIAN_POINT('',(1.992305608704,-3.954708529194));
#1424 = CARTESIAN_POINT('',(1.984622533772,-3.952273582122));
#1425 = CARTESIAN_POINT('',(1.97695098929,-3.949802401073));
#1426 = CARTESIAN_POINT('',(1.969291188803,-3.947295054464));
#1427 = CARTESIAN_POINT('',(1.961643345308,-3.944751612389));
#1428 = CARTESIAN_POINT('',(1.945638377119,-3.939344851001));
#1429 = CARTESIAN_POINT('',(1.937283703176,-3.936474276981));
#1430 = CARTESIAN_POINT('',(1.928943929198,-3.933560519068));
#1431 = CARTESIAN_POINT('',(1.920619334104,-3.930603674174));
#1432 = CARTESIAN_POINT('',(1.91231019597,-3.927603841607));
#1433 = CARTESIAN_POINT('',(1.894970597846,-3.921242217741));
#1434 = CARTESIAN_POINT('',(1.885943123846,-3.917872287592));
#1435 = CARTESIAN_POINT('',(1.876934729808,-3.914451464633));
#1436 = CARTESIAN_POINT('',(1.86794577423,-3.910979884227));
#1437 = CARTESIAN_POINT('',(1.858976614321,-3.907457685104));
#1438 = CARTESIAN_POINT('',(1.842661074308,-3.900944099234));
#1439 = CARTESIAN_POINT('',(1.835308197408,-3.897968985917));
#1440 = CARTESIAN_POINT('',(1.827969173822,-3.89495974866));
#1441 = CARTESIAN_POINT('',(1.82064420144,-3.891916468244));
#1442 = CARTESIAN_POINT('',(1.813333477521,-3.888839226983));
#1443 = CARTESIAN_POINT('',(1.796307056759,-3.88157919624));
#1444 = CARTESIAN_POINT('',(1.786602604303,-3.877370036045));
#1445 = CARTESIAN_POINT('',(1.776924307677,-3.873100826986));
#1446 = CARTESIAN_POINT('',(1.767272631108,-3.868771772696));
#1447 = CARTESIAN_POINT('',(1.757648036699,-3.864383081587));
#1448 = CARTESIAN_POINT('',(1.73966623965,-3.856048741612));
#1449 = CARTESIAN_POINT('',(1.731302518179,-3.852117157394));
#1450 = CARTESIAN_POINT('',(1.722960126764,-3.848140356375));
#1451 = CARTESIAN_POINT('',(1.714639370831,-3.844118483475));
#1452 = CARTESIAN_POINT('',(1.70634055449,-3.840051686364));
#1453 = CARTESIAN_POINT('',(1.690012687407,-3.831940457784));
#1454 = CARTESIAN_POINT('',(1.681982442289,-3.827898430539));
#1455 = CARTESIAN_POINT('',(1.673973523909,-3.823814172188));
#1456 = CARTESIAN_POINT('',(1.665986209749,-3.819687823625));
#1457 = CARTESIAN_POINT('',(1.658020776048,-3.815519528173));
#1458 = CARTESIAN_POINT('',(1.641683779724,-3.806860592863));
#1459 = CARTESIAN_POINT('',(1.633314801064,-3.802365077736));
#1460 = CARTESIAN_POINT('',(1.624970886295,-3.797823058182));
#1461 = CARTESIAN_POINT('',(1.616652358261,-3.793234709165));
#1462 = CARTESIAN_POINT('',(1.608359538169,-3.788600208635));
#1463 = CARTESIAN_POINT('',(1.590676526292,-3.778588486988));
#1464 = CARTESIAN_POINT('',(1.581294075451,-3.773197593491));
#1465 = CARTESIAN_POINT('',(1.571945865349,-3.76774732443));
#1466 = CARTESIAN_POINT('',(1.562632365363,-3.762237952138));
#1467 = CARTESIAN_POINT('',(1.553354041969,-3.756669753889));
#1468 = CARTESIAN_POINT('',(1.534687160311,-3.745305767448));
#1469 = CARTESIAN_POINT('',(1.525300015606,-3.739507657188));
#1470 = CARTESIAN_POINT('',(1.515950416054,-3.733648980291));
#1471 = CARTESIAN_POINT('',(1.50663884978,-3.727730041164));
#1472 = CARTESIAN_POINT('',(1.497365801603,-3.721751149452));
#1473 = CARTESIAN_POINT('',(1.479039286117,-3.709766676763));
#1474 = CARTESIAN_POINT('',(1.469984632002,-3.703762910535));
#1475 = CARTESIAN_POINT('',(1.460968250393,-3.697701621968));
#1476 = CARTESIAN_POINT('',(1.451990597728,-3.691583116502));
#1477 = CARTESIAN_POINT('',(1.443052127182,-3.685407704397));
#1478 = CARTESIAN_POINT('',(1.426073976985,-3.673517625251));
#1479 = CARTESIAN_POINT('',(1.418027333713,-3.667812901673));
#1480 = CARTESIAN_POINT('',(1.410013695549,-3.662061765793));
#1481 = CARTESIAN_POINT('',(1.402033396876,-3.656264456613));
#1482 = CARTESIAN_POINT('',(1.394086769763,-3.650421216344));
#1483 = CARTESIAN_POINT('',(1.377064068997,-3.637752169851));
#1484 = CARTESIAN_POINT('',(1.367999065105,-3.630911489712));
#1485 = CARTESIAN_POINT('',(1.35897963556,-3.624010624544));
#1486 = CARTESIAN_POINT('',(1.350006279397,-3.617049954413));
#1487 = CARTESIAN_POINT('',(1.341079491405,-3.610029864888));
#1488 = CARTESIAN_POINT('',(1.322392466296,-3.595132152489));
#1489 = CARTESIAN_POINT('',(1.312642573995,-3.587241553394));
#1490 = CARTESIAN_POINT('',(1.302950746143,-3.579279476655));
#1491 = CARTESIAN_POINT('',(1.293317637056,-3.571246457132));
#1492 = CARTESIAN_POINT('',(1.283743894455,-3.563143037653));
#1493 = CARTESIAN_POINT('',(1.2650952027,-3.547121909482));
#1494 = CARTESIAN_POINT('',(1.256015570328,-3.539209651933));
#1495 = CARTESIAN_POINT('',(1.246991829905,-3.531233483949));
#1496 = CARTESIAN_POINT('',(1.238024543139,-3.523193899679));
#1497 = CARTESIAN_POINT('',(1.229114265892,-3.515091399842));
#1498 = CARTESIAN_POINT('',(1.213172811176,-3.500388512282));
#1499 = CARTESIAN_POINT('',(1.206120980547,-3.493810517453));
#1500 = CARTESIAN_POINT('',(1.199106338673,-3.487192767673));
#1501 = CARTESIAN_POINT('',(1.192129165446,-3.480535526002));
#1502 = CARTESIAN_POINT('',(1.185189738269,-3.473839058124));
#1503 = CARTESIAN_POINT('',(1.168778729687,-3.457822738122));
#1504 = CARTESIAN_POINT('',(1.15934131652,-3.448467875621));
#1505 = CARTESIAN_POINT('',(1.149976811855,-3.439039746837));
#1506 = CARTESIAN_POINT('',(1.14068592571,-3.429539062913));
#1507 = CARTESIAN_POINT('',(1.131469358822,-3.419966544137));
#1508 = CARTESIAN_POINT('',(1.11279540749,-3.400266991291));
#1509 = CARTESIAN_POINT('',(1.103344574073,-3.390133747025));
#1510 = CARTESIAN_POINT('',(1.093976086404,-3.37992401421));
#1511 = CARTESIAN_POINT('',(1.084690717094,-3.369638630276));
#1512 = CARTESIAN_POINT('',(1.075489227363,-3.359278443021));
#1513 = CARTESIAN_POINT('',(1.056811997971,-3.337902587998));
#1514 = CARTESIAN_POINT('',(1.047344692397,-3.326879550641));
#1515 = CARTESIAN_POINT('',(1.037971315,-3.31577618816));
#1516 = CARTESIAN_POINT('',(1.028692716178,-3.30459350213));
#1517 = CARTESIAN_POINT('',(1.019509732046,-3.293332506079));
#1518 = CARTESIAN_POINT('',(1.000119805856,-3.269137571638));
#1519 = CARTESIAN_POINT('',(0.989940421727,-3.256181547773));
#1520 = CARTESIAN_POINT('',(0.979886230295,-3.243127649083));
#1521 = CARTESIAN_POINT('',(0.969958405318,-3.229977389429));
#1522 = CARTESIAN_POINT('',(0.960158096074,-3.216732301345));
#1523 = CARTESIAN_POINT('',(0.840579154324,-3.051818918344));
#1524 = CARTESIAN_POINT('',(0.747265178132,-2.888172163771));
#1525 = CARTESIAN_POINT('',(0.672249727036,-2.714783860968));
#1526 = CARTESIAN_POINT('',(0.616704833673,-2.534211158537));
#1527 = CARTESIAN_POINT('',(0.581403737378,-2.349160574512));
#1528 = CARTESIAN_POINT('',(0.561863741876,-2.103469564447));
#1529 = CARTESIAN_POINT('',(0.559214950611,-2.044251231782));
#1530 = CARTESIAN_POINT('',(0.558621154108,-1.984958964336));
#1531 = CARTESIAN_POINT('',(0.560084274164,-1.925681784311));
#1532 = CARTESIAN_POINT('',(0.563601084283,-1.866508668255));
#1533 = CARTESIAN_POINT('',(0.584967335556,-1.639943461513));
#1534 = CARTESIAN_POINT('',(0.617286610802,-1.473891372764));
#1535 = CARTESIAN_POINT('',(0.665932794822,-1.311458844886));
#1536 = CARTESIAN_POINT('',(0.730360062283,-1.154616818372));
#1537 = CARTESIAN_POINT('',(0.809750884417,-1.005238606263));
#1538 = CARTESIAN_POINT('',(0.911656024096,-0.851954148208));
#1539 = CARTESIAN_POINT('',(0.92048907977,-0.838929415969));
#1540 = CARTESIAN_POINT('',(0.929441931179,-0.825986329941));
#1541 = CARTESIAN_POINT('',(0.938513632976,-0.813126265814));
#1542 = CARTESIAN_POINT('',(0.947703218804,-0.800350584601));
#1543 = CARTESIAN_POINT('',(0.968266684377,-0.772311055118));
#1544 = CARTESIAN_POINT('',(0.979694698943,-0.757086907186));
#1545 = CARTESIAN_POINT('',(0.991291997413,-0.741990571752));
#1546 = CARTESIAN_POINT('',(1.003056788885,-0.727024398063));
#1547 = CARTESIAN_POINT('',(1.014987239141,-0.712190701697));
#1548 = CARTESIAN_POINT('',(1.035875310483,-0.686804016538));
#1549 = CARTESIAN_POINT('',(1.044755739924,-0.676187514029));
#1550 = CARTESIAN_POINT('',(1.053722037319,-0.665643134102));
#1551 = CARTESIAN_POINT('',(1.062773469381,-0.655171743839));
#1552 = CARTESIAN_POINT('',(1.07190929118,-0.644774200341));
#1553 = CARTESIAN_POINT('',(1.089946665693,-0.624578092736));
#1554 = CARTESIAN_POINT('',(1.098841092192,-0.614773163907));
#1555 = CARTESIAN_POINT('',(1.107811363687,-0.60503730541));
#1556 = CARTESIAN_POINT('',(1.116856808824,-0.59537124969));
#1557 = CARTESIAN_POINT('',(1.125976746841,-0.585775720455));
#1558 = CARTESIAN_POINT('',(1.143686665289,-0.567429068688));
#1559 = CARTESIAN_POINT('',(1.152266168383,-0.558667832271));
#1560 = CARTESIAN_POINT('',(1.160908448327,-0.549968291683));
#1561 = CARTESIAN_POINT('',(1.169612949911,-0.541331008493));
#1562 = CARTESIAN_POINT('',(1.17837911125,-0.532756537585));
#1563 = CARTESIAN_POINT('',(1.196382578716,-0.515397852186));
#1564 = CARTESIAN_POINT('',(1.205624810559,-0.50661874622));
#1565 = CARTESIAN_POINT('',(1.214932420602,-0.497908725094));
#1566 = CARTESIAN_POINT('',(1.224304762633,-0.489268396553));
#1567 = CARTESIAN_POINT('',(1.23374118293,-0.480698360258));
#1568 = CARTESIAN_POINT('',(1.252756229525,-0.463686302625));
#1569 = CARTESIAN_POINT('',(1.262335061313,-0.45524451079));
#1570 = CARTESIAN_POINT('',(1.27197685118,-0.446874426736));
#1571 = CARTESIAN_POINT('',(1.281680927433,-0.438576636505));
#1572 = CARTESIAN_POINT('',(1.291446611131,-0.430351717726));
#1573 = CARTESIAN_POINT('',(1.310803554621,-0.414294523822));
#1574 = CARTESIAN_POINT('',(1.320391196392,-0.406457886998));
#1575 = CARTESIAN_POINT('',(1.330035515424,-0.398690848406));
#1576 = CARTESIAN_POINT('',(1.339735879612,-0.390993919634));
#1577 = CARTESIAN_POINT('',(1.349491650713,-0.383367604598));
#1578 = CARTESIAN_POINT('',(1.368845648625,-0.368462867681));
#1579 = CARTESIAN_POINT('',(1.378440934523,-0.361180626827));
#1580 = CARTESIAN_POINT('',(1.38808744888,-0.35396613378));
#1581 = CARTESIAN_POINT('',(1.397784593286,-0.346819838282));
#1582 = CARTESIAN_POINT('',(1.407531764087,-0.339742183007));
#1583 = CARTESIAN_POINT('',(1.426883339669,-0.325897867967));
#1584 = CARTESIAN_POINT('',(1.436485337128,-0.319127843103));
#1585 = CARTESIAN_POINT('',(1.446133779814,-0.312423933147));
#1586 = CARTESIAN_POINT('',(1.45582809826,-0.305786535712));
#1587 = CARTESIAN_POINT('',(1.465567718479,-0.299216041862));
#1588 = CARTESIAN_POINT('',(1.482955000014,-0.287659510797));
#1589 = CARTESIAN_POINT('',(1.490584942401,-0.282646814621));
#1590 = CARTESIAN_POINT('',(1.498241617707,-0.277674927975));
#1591 = CARTESIAN_POINT('',(1.505924752939,-0.272744028816));
#1592 = CARTESIAN_POINT('',(1.513634073532,-0.267854292668));
#1593 = CARTESIAN_POINT('',(1.530614896149,-0.257210805236));
#1594 = CARTESIAN_POINT('',(1.539897503961,-0.25147477227));
#1595 = CARTESIAN_POINT('',(1.549216655235,-0.245798089279));
#1596 = CARTESIAN_POINT('',(1.558571875354,-0.240181046758));
#1597 = CARTESIAN_POINT('',(1.567962686636,-0.234623930133));
#1598 = CARTESIAN_POINT('',(1.584672597076,-0.224879219437));
#1599 = CARTESIAN_POINT('',(1.591977552382,-0.220667371881));
#1600 = CARTESIAN_POINT('',(1.599303252416,-0.216491606462));
#1601 = CARTESIAN_POINT('',(1.6066494743,-0.212352050709));
#1602 = CARTESIAN_POINT('',(1.614015994113,-0.208248830317));
#1603 = CARTESIAN_POINT('',(1.627701773752,-0.200713989969));
#1604 = CARTESIAN_POINT('',(1.634015558581,-0.197272425571));
#1605 = CARTESIAN_POINT('',(1.640343801865,-0.193857452757));
#1606 = CARTESIAN_POINT('',(1.646686363561,-0.190469147356));
#1607 = CARTESIAN_POINT('',(1.653043103096,-0.187107584208));
#1608 = CARTESIAN_POINT('',(1.668677044227,-0.178924085588));
#1609 = CARTESIAN_POINT('',(1.677969884765,-0.174132027051));
#1610 = CARTESIAN_POINT('',(1.687291967217,-0.169396888612));
#1611 = CARTESIAN_POINT('',(1.696642855569,-0.164718892863));
#1612 = CARTESIAN_POINT('',(1.706022111563,-0.160098257937));
#1613 = CARTESIAN_POINT('',(1.723052833147,-0.151837314073));
#1614 = CARTESIAN_POINT('',(1.730694712513,-0.148177242147));
#1615 = CARTESIAN_POINT('',(1.738354698347,-0.144555095451));
#1616 = CARTESIAN_POINT('',(1.746032555294,-0.140970985751));
#1617 = CARTESIAN_POINT('',(1.753728047083,-0.137425022865));
#1618 = CARTESIAN_POINT('',(1.770714935543,-0.129699636886));
#1619 = CARTESIAN_POINT('',(1.780014087633,-0.125537266656));
#1620 = CARTESIAN_POINT('',(1.78933798046,-0.121430391498));
#1621 = CARTESIAN_POINT('',(1.798686199883,-0.117379194812));
#1622 = CARTESIAN_POINT('',(1.808058329958,-0.113383855871));
#1623 = CARTESIAN_POINT('',(1.823762588466,-0.10679952606));
#1624 = CARTESIAN_POINT('',(1.830081815478,-0.104179764002));
#1625 = CARTESIAN_POINT('',(1.836411507526,-0.101585316668));
#1626 = CARTESIAN_POINT('',(1.842751537815,-9.90162362263E-02));
#1627 = CARTESIAN_POINT('',(1.849101779204,-9.647257399944E-02));
#1628 = CARTESIAN_POINT('',(1.866062810405,-8.975732609347E-02));
#1629 = CARTESIAN_POINT('',(1.87669152755,-8.563102026506E-02));
#1630 = CARTESIAN_POINT('',(1.887347665357,-8.157569668315E-02));
#1631 = CARTESIAN_POINT('',(1.89803063105,-7.75915824466E-02));
#1632 = CARTESIAN_POINT('',(1.908739829366,-7.367889804664E-02));
#1633 = CARTESIAN_POINT('',(1.925456185089,-6.769760320467E-02));
#1634 = CARTESIAN_POINT('',(1.93144566674,-6.557959294249E-02));
#1635 = CARTESIAN_POINT('',(1.937443004099,-6.348386357919E-02));
#1636 = CARTESIAN_POINT('',(1.943448093539,-6.141045147076E-02));
#1637 = CARTESIAN_POINT('',(1.949460831209,-5.935939233021E-02));
#1638 = CARTESIAN_POINT('',(1.962873136492,-5.483981053535E-02));
#1639 = CARTESIAN_POINT('',(1.970276533767,-5.238265256345E-02));
#1640 = CARTESIAN_POINT('',(1.97769111211,-4.995931226164E-02));
#1641 = CARTESIAN_POINT('',(1.985116678369,-4.756985308482E-02));
#1642 = CARTESIAN_POINT('',(1.992553038986,-4.521433699302E-02));
#1643 = CARTESIAN_POINT('',(2.,-4.289282445143E-02));
#1644 = ( GEOMETRIC_REPRESENTATION_CONTEXT(2) 
PARAMETRIC_REPRESENTATION_CONTEXT() REPRESENTATION_CONTEXT('2D SPACE',''
  ) );
#1645 = ADVANCED_FACE('',(#1646),#164,.F.);
#1646 = FACE_BOUND('',#1647,.F.);
#1647 = EDGE_LOOP('',(#1648,#1649,#1650,#1670));
#1648 = ORIENTED_EDGE('',*,*,#150,.F.);
#1649 = ORIENTED_EDGE('',*,*,#937,.F.);
#1650 = ORIENTED_EDGE('',*,*,#1651,.T.);
#1651 = EDGE_CURVE('',#938,#1652,#1654,.T.);
#1652 = VERTEX_POINT('',#1653);
#1653 = CARTESIAN_POINT('',(-13.,74.715056627234,141.38989221983));
#1654 = SURFACE_CURVE('',#1655,(#1658,#1664),.PCURVE_S1.);
#1655 = B_SPLINE_CURVE_WITH_KNOTS('',1,(#1656,#1657),.UNSPECIFIED.,.F.,
  .F.,(2,2),(0.,21.),.PIECEWISE_BEZIER_KNOTS.);
#1656 = CARTESIAN_POINT('',(8.,74.715056627234,141.38989221983));
#1657 = CARTESIAN_POINT('',(-13.,74.715056627234,141.38989221983));
#1658 = PCURVE('',#164,#1659);
#1659 = DEFINITIONAL_REPRESENTATION('',(#1660),#1663);
#1660 = B_SPLINE_CURVE_WITH_KNOTS('',1,(#1661,#1662),.UNSPECIFIED.,.F.,
  .F.,(2,2),(0.,21.),.PIECEWISE_BEZIER_KNOTS.);
#1661 = CARTESIAN_POINT('',(44.,0.));
#1662 = CARTESIAN_POINT('',(44.,21.));
#1663 = ( GEOMETRIC_REPRESENTATION_CONTEXT(2) 
PARAMETRIC_REPRESENTATION_CONTEXT() REPRESENTATION_CONTEXT('2D SPACE',''
  ) );
#1664 = PCURVE('',#896,#1665);
#1665 = DEFINITIONAL_REPRESENTATION('',(#1666),#1669);
#1666 = B_SPLINE_CURVE_WITH_KNOTS('',1,(#1667,#1668),.UNSPECIFIED.,.F.,
  .F.,(2,2),(0.,21.),.PIECEWISE_BEZIER_KNOTS.);
#1667 = CARTESIAN_POINT('',(2.,0.));
#1668 = CARTESIAN_POINT('',(2.,-21.));
#1669 = ( GEOMETRIC_REPRESENTATION_CONTEXT(2) 
PARAMETRIC_REPRESENTATION_CONTEXT() REPRESENTATION_CONTEXT('2D SPACE',''
  ) );
#1670 = ORIENTED_EDGE('',*,*,#1671,.F.);
#1671 = EDGE_CURVE('',#126,#1652,#1672,.T.);
#1672 = SURFACE_CURVE('',#1673,(#1676,#1682),.PCURVE_S1.);
#1673 = B_SPLINE_CURVE_WITH_KNOTS('',1,(#1674,#1675),.UNSPECIFIED.,.F.,
  .F.,(2,2),(0.,44.),.PIECEWISE_BEZIER_KNOTS.);
#1674 = CARTESIAN_POINT('',(-13.,118.71505662723,141.38989221983));
#1675 = CARTESIAN_POINT('',(-13.,74.715056627234,141.38989221983));
#1676 = PCURVE('',#164,#1677);
#1677 = DEFINITIONAL_REPRESENTATION('',(#1678),#1681);
#1678 = B_SPLINE_CURVE_WITH_KNOTS('',1,(#1679,#1680),.UNSPECIFIED.,.F.,
  .F.,(2,2),(0.,44.),.PIECEWISE_BEZIER_KNOTS.);
#1679 = CARTESIAN_POINT('',(0.,21.));
#1680 = CARTESIAN_POINT('',(44.,21.));
#1681 = ( GEOMETRIC_REPRESENTATION_CONTEXT(2) 
PARAMETRIC_REPRESENTATION_CONTEXT() REPRESENTATION_CONTEXT('2D SPACE',''
  ) );
#1682 = PCURVE('',#1683,#1688);
#1683 = B_SPLINE_SURFACE_WITH_KNOTS('',1,1,(
    (#1684,#1685)
    ,(#1686,#1687
    )),.UNSPECIFIED.,.F.,.F.,.F.,(2,2),(2,2),(0.,44.),(0.,2.),
  .PIECEWISE_BEZIER_KNOTS.);
#1684 = CARTESIAN_POINT('',(-13.,118.71505662723,141.38989221983));
#1685 = CARTESIAN_POINT('',(-15.,118.71505662723,141.38989221983));
#1686 = CARTESIAN_POINT('',(-13.,74.715056627234,141.38989221983));
#1687 = CARTESIAN_POINT('',(-15.,74.715056627234,141.38989221983));
#1688 = DEFINITIONAL_REPRESENTATION('',(#1689),#1692);
#1689 = B_SPLINE_CURVE_WITH_KNOTS('',1,(#1690,#1691),.UNSPECIFIED.,.F.,
  .F.,(2,2),(0.,44.),.PIECEWISE_BEZIER_KNOTS.);
#1690 = CARTESIAN_POINT('',(0.,0.));
#1691 = CARTESIAN_POINT('',(44.,0.));
#1692 = ( GEOMETRIC_REPRESENTATION_CONTEXT(2) 
PARAMETRIC_REPRESENTATION_CONTEXT() REPRESENTATION_CONTEXT('2D SPACE',''
  ) );
#1693 = ADVANCED_FACE('',(#1694),#139,.T.);
#1694 = FACE_BOUND('',#1695,.T.);
#1695 = EDGE_LOOP('',(#1696,#1716,#1717,#1742));
#1696 = ORIENTED_EDGE('',*,*,#1697,.F.);
#1697 = EDGE_CURVE('',#126,#1698,#1700,.T.);
#1698 = VERTEX_POINT('',#1699);
#1699 = CARTESIAN_POINT('',(-15.,118.71505662723,141.38989221983));
#1700 = SURFACE_CURVE('',#1701,(#1704,#1710),.PCURVE_S1.);
#1701 = B_SPLINE_CURVE_WITH_KNOTS('',1,(#1702,#1703),.UNSPECIFIED.,.F.,
  .F.,(2,2),(0.,2.),.PIECEWISE_BEZIER_KNOTS.);
#1702 = CARTESIAN_POINT('',(-13.,118.71505662723,141.38989221983));
#1703 = CARTESIAN_POINT('',(-15.,118.71505662723,141.38989221983));
#1704 = PCURVE('',#139,#1705);
#1705 = DEFINITIONAL_REPRESENTATION('',(#1706),#1709);
#1706 = B_SPLINE_CURVE_WITH_KNOTS('',1,(#1707,#1708),.UNSPECIFIED.,.F.,
  .F.,(2,2),(0.,2.),.PIECEWISE_BEZIER_KNOTS.);
#1707 = CARTESIAN_POINT('',(2.,-21.));
#1708 = CARTESIAN_POINT('',(2.,-23.));
#1709 = ( GEOMETRIC_REPRESENTATION_CONTEXT(2) 
PARAMETRIC_REPRESENTATION_CONTEXT() REPRESENTATION_CONTEXT('2D SPACE',''
  ) );
#1710 = PCURVE('',#1683,#1711);
#1711 = DEFINITIONAL_REPRESENTATION('',(#1712),#1715);
#1712 = B_SPLINE_CURVE_WITH_KNOTS('',1,(#1713,#1714),.UNSPECIFIED.,.F.,
  .F.,(2,2),(0.,2.),.PIECEWISE_BEZIER_KNOTS.);
#1713 = CARTESIAN_POINT('',(0.,0.));
#1714 = CARTESIAN_POINT('',(0.,2.));
#1715 = ( GEOMETRIC_REPRESENTATION_CONTEXT(2) 
PARAMETRIC_REPRESENTATION_CONTEXT() REPRESENTATION_CONTEXT('2D SPACE',''
  ) );
#1716 = ORIENTED_EDGE('',*,*,#125,.F.);
#1717 = ORIENTED_EDGE('',*,*,#1718,.T.);
#1718 = EDGE_CURVE('',#101,#1719,#1721,.T.);
#1719 = VERTEX_POINT('',#1720);
#1720 = CARTESIAN_POINT('',(-15.,118.71505662723,139.38989221983));
#1721 = SURFACE_CURVE('',#1722,(#1725,#1731),.PCURVE_S1.);
#1722 = B_SPLINE_CURVE_WITH_KNOTS('',1,(#1723,#1724),.UNSPECIFIED.,.F.,
  .F.,(2,2),(21.,23.),.PIECEWISE_BEZIER_KNOTS.);
#1723 = CARTESIAN_POINT('',(-13.,118.71505662723,139.38989221983));
#1724 = CARTESIAN_POINT('',(-15.,118.71505662723,139.38989221983));
#1725 = PCURVE('',#139,#1726);
#1726 = DEFINITIONAL_REPRESENTATION('',(#1727),#1730);
#1727 = B_SPLINE_CURVE_WITH_KNOTS('',1,(#1728,#1729),.UNSPECIFIED.,.F.,
  .F.,(2,2),(21.,23.),.PIECEWISE_BEZIER_KNOTS.);
#1728 = CARTESIAN_POINT('',(0.,-21.));
#1729 = CARTESIAN_POINT('',(0.,-23.));
#1730 = ( GEOMETRIC_REPRESENTATION_CONTEXT(2) 
PARAMETRIC_REPRESENTATION_CONTEXT() REPRESENTATION_CONTEXT('2D SPACE',''
  ) );
#1731 = PCURVE('',#1732,#1737);
#1732 = B_SPLINE_SURFACE_WITH_KNOTS('',1,1,(
    (#1733,#1734)
    ,(#1735,#1736
    )),.UNSPECIFIED.,.F.,.F.,.F.,(2,2),(2,2),(0.,44.),(0.,42.),
  .PIECEWISE_BEZIER_KNOTS.);
#1733 = CARTESIAN_POINT('',(22.,118.71505662723,139.38989221983));
#1734 = CARTESIAN_POINT('',(-20.,118.71505662723,139.38989221983));
#1735 = CARTESIAN_POINT('',(22.,74.715056627234,139.38989221983));
#1736 = CARTESIAN_POINT('',(-20.,74.715056627234,139.38989221983));
#1737 = DEFINITIONAL_REPRESENTATION('',(#1738),#1741);
#1738 = B_SPLINE_CURVE_WITH_KNOTS('',1,(#1739,#1740),.UNSPECIFIED.,.F.,
  .F.,(2,2),(21.,23.),.PIECEWISE_BEZIER_KNOTS.);
#1739 = CARTESIAN_POINT('',(0.,35.));
#1740 = CARTESIAN_POINT('',(0.,37.));
#1741 = ( GEOMETRIC_REPRESENTATION_CONTEXT(2) 
PARAMETRIC_REPRESENTATION_CONTEXT() REPRESENTATION_CONTEXT('2D SPACE',''
  ) );
#1742 = ORIENTED_EDGE('',*,*,#1743,.T.);
#1743 = EDGE_CURVE('',#1719,#1698,#1744,.T.);
#1744 = SURFACE_CURVE('',#1745,(#1748,#1754),.PCURVE_S1.);
#1745 = B_SPLINE_CURVE_WITH_KNOTS('',1,(#1746,#1747),.UNSPECIFIED.,.F.,
  .F.,(2,2),(22.,24.),.PIECEWISE_BEZIER_KNOTS.);
#1746 = CARTESIAN_POINT('',(-15.,118.71505662723,139.38989221983));
#1747 = CARTESIAN_POINT('',(-15.,118.71505662723,141.38989221983));
#1748 = PCURVE('',#139,#1749);
#1749 = DEFINITIONAL_REPRESENTATION('',(#1750),#1753);
#1750 = B_SPLINE_CURVE_WITH_KNOTS('',1,(#1751,#1752),.UNSPECIFIED.,.F.,
  .F.,(2,2),(22.,24.),.PIECEWISE_BEZIER_KNOTS.);
#1751 = CARTESIAN_POINT('',(0.,-23.));
#1752 = CARTESIAN_POINT('',(2.,-23.));
#1753 = ( GEOMETRIC_REPRESENTATION_CONTEXT(2) 
PARAMETRIC_REPRESENTATION_CONTEXT() REPRESENTATION_CONTEXT('2D SPACE',''
  ) );
#1754 = PCURVE('',#1755,#1760);
#1755 = B_SPLINE_SURFACE_WITH_KNOTS('',1,1,(
    (#1756,#1757)
    ,(#1758,#1759
    )),.UNSPECIFIED.,.F.,.F.,.F.,(2,2),(2,2),(0.,2.),(-28.,-23.),
  .PIECEWISE_BEZIER_KNOTS.);
#1756 = CARTESIAN_POINT('',(-20.,118.71505662723,139.38989221983));
#1757 = CARTESIAN_POINT('',(-15.,118.71505662723,139.38989221983));
#1758 = CARTESIAN_POINT('',(-20.,118.71505662723,141.38989221983));
#1759 = CARTESIAN_POINT('',(-15.,118.71505662723,141.38989221983));
#1760 = DEFINITIONAL_REPRESENTATION('',(#1761),#1764);
#1761 = B_SPLINE_CURVE_WITH_KNOTS('',1,(#1762,#1763),.UNSPECIFIED.,.F.,
  .F.,(2,2),(22.,24.),.PIECEWISE_BEZIER_KNOTS.);
#1762 = CARTESIAN_POINT('',(0.,-23.));
#1763 = CARTESIAN_POINT('',(2.,-23.));
#1764 = ( GEOMETRIC_REPRESENTATION_CONTEXT(2) 
PARAMETRIC_REPRESENTATION_CONTEXT() REPRESENTATION_CONTEXT('2D SPACE',''
  ) );
#1765 = ADVANCED_FACE('',(#1766),#114,.T.);
#1766 = FACE_BOUND('',#1767,.T.);
#1767 = EDGE_LOOP('',(#1768,#1769,#1789,#1809));
#1768 = ORIENTED_EDGE('',*,*,#100,.F.);
#1769 = ORIENTED_EDGE('',*,*,#1770,.T.);
#1770 = EDGE_CURVE('',#76,#1771,#1773,.T.);
#1771 = VERTEX_POINT('',#1772);
#1772 = CARTESIAN_POINT('',(8.,74.715056627234,139.38989221983));
#1773 = SURFACE_CURVE('',#1774,(#1777,#1783),.PCURVE_S1.);
#1774 = B_SPLINE_CURVE_WITH_KNOTS('',1,(#1775,#1776),.UNSPECIFIED.,.F.,
  .F.,(2,2),(0.,44.),.PIECEWISE_BEZIER_KNOTS.);
#1775 = CARTESIAN_POINT('',(8.,118.71505662723,139.38989221983));
#1776 = CARTESIAN_POINT('',(8.,74.715056627234,139.38989221983));
#1777 = PCURVE('',#114,#1778);
#1778 = DEFINITIONAL_REPRESENTATION('',(#1779),#1782);
#1779 = B_SPLINE_CURVE_WITH_KNOTS('',1,(#1780,#1781),.UNSPECIFIED.,.F.,
  .F.,(2,2),(0.,44.),.PIECEWISE_BEZIER_KNOTS.);
#1780 = CARTESIAN_POINT('',(0.,0.));
#1781 = CARTESIAN_POINT('',(44.,0.));
#1782 = ( GEOMETRIC_REPRESENTATION_CONTEXT(2) 
PARAMETRIC_REPRESENTATION_CONTEXT() REPRESENTATION_CONTEXT('2D SPACE',''
  ) );
#1783 = PCURVE('',#89,#1784);
#1784 = DEFINITIONAL_REPRESENTATION('',(#1785),#1788);
#1785 = B_SPLINE_CURVE_WITH_KNOTS('',1,(#1786,#1787),.UNSPECIFIED.,.F.,
  .F.,(2,2),(0.,44.),.PIECEWISE_BEZIER_KNOTS.);
#1786 = CARTESIAN_POINT('',(0.,0.));
#1787 = CARTESIAN_POINT('',(0.,44.));
#1788 = ( GEOMETRIC_REPRESENTATION_CONTEXT(2) 
PARAMETRIC_REPRESENTATION_CONTEXT() REPRESENTATION_CONTEXT('2D SPACE',''
  ) );
#1789 = ORIENTED_EDGE('',*,*,#1790,.T.);
#1790 = EDGE_CURVE('',#1771,#1791,#1793,.T.);
#1791 = VERTEX_POINT('',#1792);
#1792 = CARTESIAN_POINT('',(-13.,74.715056627234,139.38989221983));
#1793 = SURFACE_CURVE('',#1794,(#1797,#1803),.PCURVE_S1.);
#1794 = B_SPLINE_CURVE_WITH_KNOTS('',1,(#1795,#1796),.UNSPECIFIED.,.F.,
  .F.,(2,2),(0.,21.),.PIECEWISE_BEZIER_KNOTS.);
#1795 = CARTESIAN_POINT('',(8.,74.715056627234,139.38989221983));
#1796 = CARTESIAN_POINT('',(-13.,74.715056627234,139.38989221983));
#1797 = PCURVE('',#114,#1798);
#1798 = DEFINITIONAL_REPRESENTATION('',(#1799),#1802);
#1799 = B_SPLINE_CURVE_WITH_KNOTS('',1,(#1800,#1801),.UNSPECIFIED.,.F.,
  .F.,(2,2),(0.,21.),.PIECEWISE_BEZIER_KNOTS.);
#1800 = CARTESIAN_POINT('',(44.,0.));
#1801 = CARTESIAN_POINT('',(44.,21.));
#1802 = ( GEOMETRIC_REPRESENTATION_CONTEXT(2) 
PARAMETRIC_REPRESENTATION_CONTEXT() REPRESENTATION_CONTEXT('2D SPACE',''
  ) );
#1803 = PCURVE('',#896,#1804);
#1804 = DEFINITIONAL_REPRESENTATION('',(#1805),#1808);
#1805 = B_SPLINE_CURVE_WITH_KNOTS('',1,(#1806,#1807),.UNSPECIFIED.,.F.,
  .F.,(2,2),(0.,21.),.PIECEWISE_BEZIER_KNOTS.);
#1806 = CARTESIAN_POINT('',(0.,0.));
#1807 = CARTESIAN_POINT('',(0.,-21.));
#1808 = ( GEOMETRIC_REPRESENTATION_CONTEXT(2) 
PARAMETRIC_REPRESENTATION_CONTEXT() REPRESENTATION_CONTEXT('2D SPACE',''
  ) );
#1809 = ORIENTED_EDGE('',*,*,#1810,.T.);
#1810 = EDGE_CURVE('',#1791,#101,#1811,.T.);
#1811 = SURFACE_CURVE('',#1812,(#1815,#1821),.PCURVE_S1.);
#1812 = B_SPLINE_CURVE_WITH_KNOTS('',1,(#1813,#1814),.UNSPECIFIED.,.F.,
  .F.,(2,2),(-44.,0.),.PIECEWISE_BEZIER_KNOTS.);
#1813 = CARTESIAN_POINT('',(-13.,74.715056627234,139.38989221983));
#1814 = CARTESIAN_POINT('',(-13.,118.71505662723,139.38989221983));
#1815 = PCURVE('',#114,#1816);
#1816 = DEFINITIONAL_REPRESENTATION('',(#1817),#1820);
#1817 = B_SPLINE_CURVE_WITH_KNOTS('',1,(#1818,#1819),.UNSPECIFIED.,.F.,
  .F.,(2,2),(-44.,0.),.PIECEWISE_BEZIER_KNOTS.);
#1818 = CARTESIAN_POINT('',(44.,21.));
#1819 = CARTESIAN_POINT('',(0.,21.));
#1820 = ( GEOMETRIC_REPRESENTATION_CONTEXT(2) 
PARAMETRIC_REPRESENTATION_CONTEXT() REPRESENTATION_CONTEXT('2D SPACE',''
  ) );
#1821 = PCURVE('',#1732,#1822);
#1822 = DEFINITIONAL_REPRESENTATION('',(#1823),#1827);
#1823 = B_SPLINE_CURVE_WITH_KNOTS('',2,(#1824,#1825,#1826),
  .UNSPECIFIED.,.F.,.F.,(3,3),(-44.,0.),.PIECEWISE_BEZIER_KNOTS.);
#1824 = CARTESIAN_POINT('',(44.,35.));
#1825 = CARTESIAN_POINT('',(22.,35.));
#1826 = CARTESIAN_POINT('',(7.105427357601E-15,35.));
#1827 = ( GEOMETRIC_REPRESENTATION_CONTEXT(2) 
PARAMETRIC_REPRESENTATION_CONTEXT() REPRESENTATION_CONTEXT('2D SPACE',''
  ) );
#1828 = ADVANCED_FACE('',(#1829),#89,.T.);
#1829 = FACE_BOUND('',#1830,.T.);
#1830 = EDGE_LOOP('',(#1831,#1832,#1833,#1834));
#1831 = ORIENTED_EDGE('',*,*,#1770,.F.);
#1832 = ORIENTED_EDGE('',*,*,#75,.T.);
#1833 = ORIENTED_EDGE('',*,*,#862,.T.);
#1834 = ORIENTED_EDGE('',*,*,#1835,.F.);
#1835 = EDGE_CURVE('',#1771,#863,#1836,.T.);
#1836 = SURFACE_CURVE('',#1837,(#1840,#1846),.PCURVE_S1.);
#1837 = B_SPLINE_CURVE_WITH_KNOTS('',1,(#1838,#1839),.UNSPECIFIED.,.F.,
  .F.,(2,2),(0.,2.),.PIECEWISE_BEZIER_KNOTS.);
#1838 = CARTESIAN_POINT('',(8.,74.715056627234,139.38989221983));
#1839 = CARTESIAN_POINT('',(8.,74.715056627234,141.38989221983));
#1840 = PCURVE('',#89,#1841);
#1841 = DEFINITIONAL_REPRESENTATION('',(#1842),#1845);
#1842 = B_SPLINE_CURVE_WITH_KNOTS('',1,(#1843,#1844),.UNSPECIFIED.,.F.,
  .F.,(2,2),(0.,2.),.PIECEWISE_BEZIER_KNOTS.);
#1843 = CARTESIAN_POINT('',(0.,44.));
#1844 = CARTESIAN_POINT('',(2.,44.));
#1845 = ( GEOMETRIC_REPRESENTATION_CONTEXT(2) 
PARAMETRIC_REPRESENTATION_CONTEXT() REPRESENTATION_CONTEXT('2D SPACE',''
  ) );
#1846 = PCURVE('',#896,#1847);
#1847 = DEFINITIONAL_REPRESENTATION('',(#1848),#1851);
#1848 = B_SPLINE_CURVE_WITH_KNOTS('',1,(#1849,#1850),.UNSPECIFIED.,.F.,
  .F.,(2,2),(0.,2.),.PIECEWISE_BEZIER_KNOTS.);
#1849 = CARTESIAN_POINT('',(0.,0.));
#1850 = CARTESIAN_POINT('',(2.,0.));
#1851 = ( GEOMETRIC_REPRESENTATION_CONTEXT(2) 
PARAMETRIC_REPRESENTATION_CONTEXT() REPRESENTATION_CONTEXT('2D SPACE',''
  ) );
#1852 = ADVANCED_FACE('',(#1853),#896,.F.);
#1853 = FACE_BOUND('',#1854,.F.);
#1854 = EDGE_LOOP('',(#1855,#1856,#1857,#1858,#1881,#1882));
#1855 = ORIENTED_EDGE('',*,*,#882,.F.);
#1856 = ORIENTED_EDGE('',*,*,#1835,.F.);
#1857 = ORIENTED_EDGE('',*,*,#1790,.T.);
#1858 = ORIENTED_EDGE('',*,*,#1859,.T.);
#1859 = EDGE_CURVE('',#1791,#1652,#1860,.T.);
#1860 = SURFACE_CURVE('',#1861,(#1864,#1870),.PCURVE_S1.);
#1861 = B_SPLINE_CURVE_WITH_KNOTS('',1,(#1862,#1863),.UNSPECIFIED.,.F.,
  .F.,(2,2),(22.,24.),.PIECEWISE_BEZIER_KNOTS.);
#1862 = CARTESIAN_POINT('',(-13.,74.715056627234,139.38989221983));
#1863 = CARTESIAN_POINT('',(-13.,74.715056627234,141.38989221983));
#1864 = PCURVE('',#896,#1865);
#1865 = DEFINITIONAL_REPRESENTATION('',(#1866),#1869);
#1866 = B_SPLINE_CURVE_WITH_KNOTS('',1,(#1867,#1868),.UNSPECIFIED.,.F.,
  .F.,(2,2),(22.,24.),.PIECEWISE_BEZIER_KNOTS.);
#1867 = CARTESIAN_POINT('',(0.,-21.));
#1868 = CARTESIAN_POINT('',(2.,-21.));
#1869 = ( GEOMETRIC_REPRESENTATION_CONTEXT(2) 
PARAMETRIC_REPRESENTATION_CONTEXT() REPRESENTATION_CONTEXT('2D SPACE',''
  ) );
#1870 = PCURVE('',#1871,#1876);
#1871 = B_SPLINE_SURFACE_WITH_KNOTS('',1,1,(
    (#1872,#1873)
    ,(#1874,#1875
    )),.UNSPECIFIED.,.F.,.F.,.F.,(2,2),(2,2),(0.,2.),(-23.,-21.),
  .PIECEWISE_BEZIER_KNOTS.);
#1872 = CARTESIAN_POINT('',(-15.,74.715056627234,139.38989221983));
#1873 = CARTESIAN_POINT('',(-13.,74.715056627234,139.38989221983));
#1874 = CARTESIAN_POINT('',(-15.,74.715056627234,141.38989221983));
#1875 = CARTESIAN_POINT('',(-13.,74.715056627234,141.38989221983));
#1876 = DEFINITIONAL_REPRESENTATION('',(#1877),#1880);
#1877 = B_SPLINE_CURVE_WITH_KNOTS('',1,(#1878,#1879),.UNSPECIFIED.,.F.,
  .F.,(2,2),(22.,24.),.PIECEWISE_BEZIER_KNOTS.);
#1878 = CARTESIAN_POINT('',(0.,-21.));
#1879 = CARTESIAN_POINT('',(2.,-21.));
#1880 = ( GEOMETRIC_REPRESENTATION_CONTEXT(2) 
PARAMETRIC_REPRESENTATION_CONTEXT() REPRESENTATION_CONTEXT('2D SPACE',''
  ) );
#1881 = ORIENTED_EDGE('',*,*,#1651,.F.);
#1882 = ORIENTED_EDGE('',*,*,#968,.T.);
#1883 = ADVANCED_FACE('',(#1884),#1683,.F.);
#1884 = FACE_BOUND('',#1885,.F.);
#1885 = EDGE_LOOP('',(#1886,#1887,#1888,#1908));
#1886 = ORIENTED_EDGE('',*,*,#1697,.F.);
#1887 = ORIENTED_EDGE('',*,*,#1671,.T.);
#1888 = ORIENTED_EDGE('',*,*,#1889,.T.);
#1889 = EDGE_CURVE('',#1652,#1890,#1892,.T.);
#1890 = VERTEX_POINT('',#1891);
#1891 = CARTESIAN_POINT('',(-15.,74.715056627234,141.38989221983));
#1892 = SURFACE_CURVE('',#1893,(#1896,#1902),.PCURVE_S1.);
#1893 = B_SPLINE_CURVE_WITH_KNOTS('',1,(#1894,#1895),.UNSPECIFIED.,.F.,
  .F.,(2,2),(0.,2.),.PIECEWISE_BEZIER_KNOTS.);
#1894 = CARTESIAN_POINT('',(-13.,74.715056627234,141.38989221983));
#1895 = CARTESIAN_POINT('',(-15.,74.715056627234,141.38989221983));
#1896 = PCURVE('',#1683,#1897);
#1897 = DEFINITIONAL_REPRESENTATION('',(#1898),#1901);
#1898 = B_SPLINE_CURVE_WITH_KNOTS('',1,(#1899,#1900),.UNSPECIFIED.,.F.,
  .F.,(2,2),(0.,2.),.PIECEWISE_BEZIER_KNOTS.);
#1899 = CARTESIAN_POINT('',(44.,0.));
#1900 = CARTESIAN_POINT('',(44.,2.));
#1901 = ( GEOMETRIC_REPRESENTATION_CONTEXT(2) 
PARAMETRIC_REPRESENTATION_CONTEXT() REPRESENTATION_CONTEXT('2D SPACE',''
  ) );
#1902 = PCURVE('',#1871,#1903);
#1903 = DEFINITIONAL_REPRESENTATION('',(#1904),#1907);
#1904 = B_SPLINE_CURVE_WITH_KNOTS('',1,(#1905,#1906),.UNSPECIFIED.,.F.,
  .F.,(2,2),(0.,2.),.PIECEWISE_BEZIER_KNOTS.);
#1905 = CARTESIAN_POINT('',(2.,-21.));
#1906 = CARTESIAN_POINT('',(2.,-23.));
#1907 = ( GEOMETRIC_REPRESENTATION_CONTEXT(2) 
PARAMETRIC_REPRESENTATION_CONTEXT() REPRESENTATION_CONTEXT('2D SPACE',''
  ) );
#1908 = ORIENTED_EDGE('',*,*,#1909,.F.);
#1909 = EDGE_CURVE('',#1698,#1890,#1910,.T.);
#1910 = SURFACE_CURVE('',#1911,(#1914,#1920),.PCURVE_S1.);
#1911 = B_SPLINE_CURVE_WITH_KNOTS('',1,(#1912,#1913),.UNSPECIFIED.,.F.,
  .F.,(2,2),(0.,44.),.PIECEWISE_BEZIER_KNOTS.);
#1912 = CARTESIAN_POINT('',(-15.,118.71505662723,141.38989221983));
#1913 = CARTESIAN_POINT('',(-15.,74.715056627234,141.38989221983));
#1914 = PCURVE('',#1683,#1915);
#1915 = DEFINITIONAL_REPRESENTATION('',(#1916),#1919);
#1916 = B_SPLINE_CURVE_WITH_KNOTS('',1,(#1917,#1918),.UNSPECIFIED.,.F.,
  .F.,(2,2),(0.,44.),.PIECEWISE_BEZIER_KNOTS.);
#1917 = CARTESIAN_POINT('',(0.,2.));
#1918 = CARTESIAN_POINT('',(44.,2.));
#1919 = ( GEOMETRIC_REPRESENTATION_CONTEXT(2) 
PARAMETRIC_REPRESENTATION_CONTEXT() REPRESENTATION_CONTEXT('2D SPACE',''
  ) );
#1920 = PCURVE('',#1921,#1926);
#1921 = B_SPLINE_SURFACE_WITH_KNOTS('',1,1,(
    (#1922,#1923)
    ,(#1924,#1925
    )),.UNSPECIFIED.,.F.,.F.,.F.,(2,2),(2,2),(0.,44.),(23.,28.),
  .PIECEWISE_BEZIER_KNOTS.);
#1922 = CARTESIAN_POINT('',(-15.,118.71505662723,141.38989221983));
#1923 = CARTESIAN_POINT('',(-20.,118.71505662723,141.38989221983));
#1924 = CARTESIAN_POINT('',(-15.,74.715056627234,141.38989221983));
#1925 = CARTESIAN_POINT('',(-20.,74.715056627234,141.38989221983));
#1926 = DEFINITIONAL_REPRESENTATION('',(#1927),#1930);
#1927 = B_SPLINE_CURVE_WITH_KNOTS('',1,(#1928,#1929),.UNSPECIFIED.,.F.,
  .F.,(2,2),(0.,44.),.PIECEWISE_BEZIER_KNOTS.);
#1928 = CARTESIAN_POINT('',(0.,23.));
#1929 = CARTESIAN_POINT('',(44.,23.));
#1930 = ( GEOMETRIC_REPRESENTATION_CONTEXT(2) 
PARAMETRIC_REPRESENTATION_CONTEXT() REPRESENTATION_CONTEXT('2D SPACE',''
  ) );
#1931 = ADVANCED_FACE('',(#1932),#1755,.T.);
#1932 = FACE_BOUND('',#1933,.T.);
#1933 = EDGE_LOOP('',(#1934,#1954,#1955,#1980));
#1934 = ORIENTED_EDGE('',*,*,#1935,.F.);
#1935 = EDGE_CURVE('',#1698,#1936,#1938,.T.);
#1936 = VERTEX_POINT('',#1937);
#1937 = CARTESIAN_POINT('',(-16.95739554966,118.71505662723,
    141.38989221983));
#1938 = SURFACE_CURVE('',#1939,(#1942,#1948),.PCURVE_S1.);
#1939 = B_SPLINE_CURVE_WITH_KNOTS('',1,(#1940,#1941),.UNSPECIFIED.,.F.,
  .F.,(2,2),(23.,28.),.PIECEWISE_BEZIER_KNOTS.);
#1940 = CARTESIAN_POINT('',(-15.,118.71505662723,141.38989221983));
#1941 = CARTESIAN_POINT('',(-20.,118.71505662723,141.38989221983));
#1942 = PCURVE('',#1755,#1943);
#1943 = DEFINITIONAL_REPRESENTATION('',(#1944),#1947);
#1944 = B_SPLINE_CURVE_WITH_KNOTS('',1,(#1945,#1946),.UNSPECIFIED.,.F.,
  .F.,(2,2),(23.,28.),.PIECEWISE_BEZIER_KNOTS.);
#1945 = CARTESIAN_POINT('',(2.,-23.));
#1946 = CARTESIAN_POINT('',(2.,-28.));
#1947 = ( GEOMETRIC_REPRESENTATION_CONTEXT(2) 
PARAMETRIC_REPRESENTATION_CONTEXT() REPRESENTATION_CONTEXT('2D SPACE',''
  ) );
#1948 = PCURVE('',#1921,#1949);
#1949 = DEFINITIONAL_REPRESENTATION('',(#1950),#1953);
#1950 = B_SPLINE_CURVE_WITH_KNOTS('',1,(#1951,#1952),.UNSPECIFIED.,.F.,
  .F.,(2,2),(23.,28.),.PIECEWISE_BEZIER_KNOTS.);
#1951 = CARTESIAN_POINT('',(0.,23.));
#1952 = CARTESIAN_POINT('',(0.,28.));
#1953 = ( GEOMETRIC_REPRESENTATION_CONTEXT(2) 
PARAMETRIC_REPRESENTATION_CONTEXT() REPRESENTATION_CONTEXT('2D SPACE',''
  ) );
#1954 = ORIENTED_EDGE('',*,*,#1743,.F.);
#1955 = ORIENTED_EDGE('',*,*,#1956,.T.);
#1956 = EDGE_CURVE('',#1719,#1957,#1959,.T.);
#1957 = VERTEX_POINT('',#1958);
#1958 = CARTESIAN_POINT('',(-17.14313220058,118.71505662723,
    139.38989221983));
#1959 = SURFACE_CURVE('',#1960,(#1963,#1969),.PCURVE_S1.);
#1960 = B_SPLINE_CURVE_WITH_KNOTS('',1,(#1961,#1962),.UNSPECIFIED.,.F.,
  .F.,(2,2),(23.,28.),.PIECEWISE_BEZIER_KNOTS.);
#1961 = CARTESIAN_POINT('',(-15.,118.71505662723,139.38989221983));
#1962 = CARTESIAN_POINT('',(-20.,118.71505662723,139.38989221983));
#1963 = PCURVE('',#1755,#1964);
#1964 = DEFINITIONAL_REPRESENTATION('',(#1965),#1968);
#1965 = B_SPLINE_CURVE_WITH_KNOTS('',1,(#1966,#1967),.UNSPECIFIED.,.F.,
  .F.,(2,2),(23.,28.),.PIECEWISE_BEZIER_KNOTS.);
#1966 = CARTESIAN_POINT('',(0.,-23.));
#1967 = CARTESIAN_POINT('',(0.,-28.));
#1968 = ( GEOMETRIC_REPRESENTATION_CONTEXT(2) 
PARAMETRIC_REPRESENTATION_CONTEXT() REPRESENTATION_CONTEXT('2D SPACE',''
  ) );
#1969 = PCURVE('',#1970,#1975);
#1970 = B_SPLINE_SURFACE_WITH_KNOTS('',1,1,(
    (#1971,#1972)
    ,(#1973,#1974
    )),.UNSPECIFIED.,.F.,.F.,.F.,(2,2),(2,2),(0.,44.),(23.,28.),
  .PIECEWISE_BEZIER_KNOTS.);
#1971 = CARTESIAN_POINT('',(-15.,118.71505662723,139.38989221983));
#1972 = CARTESIAN_POINT('',(-20.,118.71505662723,139.38989221983));
#1973 = CARTESIAN_POINT('',(-15.,74.715056627234,139.38989221983));
#1974 = CARTESIAN_POINT('',(-20.,74.715056627234,139.38989221983));
#1975 = DEFINITIONAL_REPRESENTATION('',(#1976),#1979);
#1976 = B_SPLINE_CURVE_WITH_KNOTS('',1,(#1977,#1978),.UNSPECIFIED.,.F.,
  .F.,(2,2),(23.,28.),.PIECEWISE_BEZIER_KNOTS.);
#1977 = CARTESIAN_POINT('',(0.,23.));
#1978 = CARTESIAN_POINT('',(0.,28.));
#1979 = ( GEOMETRIC_REPRESENTATION_CONTEXT(2) 
PARAMETRIC_REPRESENTATION_CONTEXT() REPRESENTATION_CONTEXT('2D SPACE',''
  ) );
#1980 = ORIENTED_EDGE('',*,*,#1981,.F.);
#1981 = EDGE_CURVE('',#1936,#1957,#1982,.T.);
#1982 = SURFACE_CURVE('',#1983,(#2001,#2022),.PCURVE_S1.);
#1983 = B_SPLINE_CURVE_WITH_KNOTS('',6,(#1984,#1985,#1986,#1987,#1988,
    #1989,#1990,#1991,#1992,#1993,#1994,#1995,#1996,#1997,#1998,#1999,
    #2000),.UNSPECIFIED.,.F.,.F.,(7,5,5,7),(0.,0.374045581934,
    0.671996590766,1.),.UNSPECIFIED.);
#1984 = CARTESIAN_POINT('',(-16.95739554966,118.71505662723,
    141.38989221983));
#1985 = CARTESIAN_POINT('',(-16.9023618344,118.71505662723,
    141.27086165169));
#1986 = CARTESIAN_POINT('',(-16.85665577328,118.71505662723,
    141.14750205823));
#1987 = CARTESIAN_POINT('',(-16.82071659923,118.71505662723,
    141.0207364595));
#1988 = CARTESIAN_POINT('',(-16.79485023955,118.71505662723,
    140.89152786012));
#1989 = CARTESIAN_POINT('',(-16.77924680727,118.71505662723,
    140.76087143923));
#1990 = CARTESIAN_POINT('',(-16.76974253796,118.71505662723,
    140.52538674804));
#1991 = CARTESIAN_POINT('',(-16.77207226906,118.71505662723,
    140.42070509464));
#1992 = CARTESIAN_POINT('',(-16.78097171627,118.71505662723,
    140.31626893572));
#1993 = CARTESIAN_POINT('',(-16.79641306608,118.71505662723,
    140.21259237913));
#1994 = CARTESIAN_POINT('',(-16.81831416506,118.71505662723,
    140.11018462501));
#1995 = CARTESIAN_POINT('',(-16.87760850574,118.71505662723,
    139.89876183422));
#1996 = CARTESIAN_POINT('',(-16.91634334026,118.71505662723,
    139.7901160898));
#1997 = CARTESIAN_POINT('',(-16.96255838089,118.71505662723,
    139.6842833859));
#1998 = CARTESIAN_POINT('',(-17.0159951801,118.71505662723,
    139.58190399201));
#1999 = CARTESIAN_POINT('',(-17.07632155217,118.71505662723,
    139.48358386879));
#2000 = CARTESIAN_POINT('',(-17.14313220058,118.71505662723,
    139.38989221983));
#2001 = PCURVE('',#1755,#2002);
#2002 = DEFINITIONAL_REPRESENTATION('',(#2003),#2021);
#2003 = B_SPLINE_CURVE_WITH_KNOTS('',6,(#2004,#2005,#2006,#2007,#2008,
    #2009,#2010,#2011,#2012,#2013,#2014,#2015,#2016,#2017,#2018,#2019,
    #2020),.UNSPECIFIED.,.F.,.F.,(7,5,5,7),(0.,0.374045581934,
    0.671996590766,1.),.UNSPECIFIED.);
#2004 = CARTESIAN_POINT('',(2.,-24.95739554966));
#2005 = CARTESIAN_POINT('',(1.88096943186,-24.9023618344));
#2006 = CARTESIAN_POINT('',(1.757609838398,-24.85665577328));
#2007 = CARTESIAN_POINT('',(1.630844239673,-24.82071659923));
#2008 = CARTESIAN_POINT('',(1.501635640291,-24.79485023955));
#2009 = CARTESIAN_POINT('',(1.370979219402,-24.77924680727));
#2010 = CARTESIAN_POINT('',(1.135494528211,-24.76974253796));
#2011 = CARTESIAN_POINT('',(1.030812874804,-24.77207226906));
#2012 = CARTESIAN_POINT('',(0.926376715888,-24.78097171627));
#2013 = CARTESIAN_POINT('',(0.822700159293,-24.79641306608));
#2014 = CARTESIAN_POINT('',(0.72029240518,-24.81831416506));
#2015 = CARTESIAN_POINT('',(0.508869614386,-24.87760850574));
#2016 = CARTESIAN_POINT('',(0.400223869967,-24.91634334026));
#2017 = CARTESIAN_POINT('',(0.294391166071,-24.96255838089));
#2018 = CARTESIAN_POINT('',(0.192011772174,-25.0159951801));
#2019 = CARTESIAN_POINT('',(9.369164896314E-02,-25.07632155217));
#2020 = CARTESIAN_POINT('',(0.,-25.14313220058));
#2021 = ( GEOMETRIC_REPRESENTATION_CONTEXT(2) 
PARAMETRIC_REPRESENTATION_CONTEXT() REPRESENTATION_CONTEXT('2D SPACE',''
  ) );
#2022 = PCURVE('',#2023,#2028);
#2023 = CYLINDRICAL_SURFACE('',#2024,2.);
#2024 = AXIS2_PLACEMENT_3D('',#2025,#2026,#2027);
#2025 = CARTESIAN_POINT('',(-24.39215094432,212.81549398945,
    144.56582210309));
#2026 = DIRECTION('',(5.952381395277E-02,-0.997321021254,
    -4.251700996627E-02));
#2027 = DIRECTION('',(-0.269062855141,2.498660241544E-02,-0.962798447071
    ));
#2028 = DEFINITIONAL_REPRESENTATION('',(#2029),#2047);
#2029 = B_SPLINE_CURVE_WITH_KNOTS('',6,(#2030,#2031,#2032,#2033,#2034,
    #2035,#2036,#2037,#2038,#2039,#2040,#2041,#2042,#2043,#2044,#2045,
    #2046),.UNSPECIFIED.,.F.,.F.,(7,5,5,7),(0.,0.374045581934,
    0.671996590766,1.),.UNSPECIFIED.);
#2030 = CARTESIAN_POINT('',(2.274365175399,94.42592032998));
#2031 = CARTESIAN_POINT('',(2.20892916392,94.43425697046));
#2032 = CARTESIAN_POINT('',(2.143473909156,94.442222450604));
#2033 = CARTESIAN_POINT('',(2.078004875552,94.449751381538));
#2034 = CARTESIAN_POINT('',(2.012517370958,94.456784609226));
#2035 = CARTESIAN_POINT('',(1.947007200847,94.463268505376));
#2036 = CARTESIAN_POINT('',(1.82928774587,94.473846340696));
#2037 = CARTESIAN_POINT('',(1.777080621183,94.478158417117));
#2038 = CARTESIAN_POINT('',(1.724863932533,94.482069001286));
#2039 = CARTESIAN_POINT('',(1.672637204011,94.485557890443));
#2040 = CARTESIAN_POINT('',(1.620400265246,94.488608325004));
#2041 = CARTESIAN_POINT('',(1.51064416332,94.494067964604));
#2042 = CARTESIAN_POINT('',(1.453120440781,94.496381611719));
#2043 = CARTESIAN_POINT('',(1.395591718197,94.498130406366));
#2044 = CARTESIAN_POINT('',(1.33805805384,94.499302509982));
#2045 = CARTESIAN_POINT('',(1.280519706036,94.499891931893));
#2046 = CARTESIAN_POINT('',(1.222983222433,94.499898596059));
#2047 = ( GEOMETRIC_REPRESENTATION_CONTEXT(2) 
PARAMETRIC_REPRESENTATION_CONTEXT() REPRESENTATION_CONTEXT('2D SPACE',''
  ) );
#2048 = ADVANCED_FACE('',(#2049),#1732,.T.);
#2049 = FACE_BOUND('',#2050,.T.);
#2050 = EDGE_LOOP('',(#2051,#2052,#2053,#2073));
#2051 = ORIENTED_EDGE('',*,*,#1718,.F.);
#2052 = ORIENTED_EDGE('',*,*,#1810,.F.);
#2053 = ORIENTED_EDGE('',*,*,#2054,.T.);
#2054 = EDGE_CURVE('',#1791,#2055,#2057,.T.);
#2055 = VERTEX_POINT('',#2056);
#2056 = CARTESIAN_POINT('',(-15.,74.715056627234,139.38989221983));
#2057 = SURFACE_CURVE('',#2058,(#2061,#2067),.PCURVE_S1.);
#2058 = B_SPLINE_CURVE_WITH_KNOTS('',1,(#2059,#2060),.UNSPECIFIED.,.F.,
  .F.,(2,2),(21.,23.),.PIECEWISE_BEZIER_KNOTS.);
#2059 = CARTESIAN_POINT('',(-13.,74.715056627234,139.38989221983));
#2060 = CARTESIAN_POINT('',(-15.,74.715056627234,139.38989221983));
#2061 = PCURVE('',#1732,#2062);
#2062 = DEFINITIONAL_REPRESENTATION('',(#2063),#2066);
#2063 = B_SPLINE_CURVE_WITH_KNOTS('',1,(#2064,#2065),.UNSPECIFIED.,.F.,
  .F.,(2,2),(21.,23.),.PIECEWISE_BEZIER_KNOTS.);
#2064 = CARTESIAN_POINT('',(44.,35.));
#2065 = CARTESIAN_POINT('',(44.,37.));
#2066 = ( GEOMETRIC_REPRESENTATION_CONTEXT(2) 
PARAMETRIC_REPRESENTATION_CONTEXT() REPRESENTATION_CONTEXT('2D SPACE',''
  ) );
#2067 = PCURVE('',#1871,#2068);
#2068 = DEFINITIONAL_REPRESENTATION('',(#2069),#2072);
#2069 = B_SPLINE_CURVE_WITH_KNOTS('',1,(#2070,#2071),.UNSPECIFIED.,.F.,
  .F.,(2,2),(21.,23.),.PIECEWISE_BEZIER_KNOTS.);
#2070 = CARTESIAN_POINT('',(0.,-21.));
#2071 = CARTESIAN_POINT('',(0.,-23.));
#2072 = ( GEOMETRIC_REPRESENTATION_CONTEXT(2) 
PARAMETRIC_REPRESENTATION_CONTEXT() REPRESENTATION_CONTEXT('2D SPACE',''
  ) );
#2073 = ORIENTED_EDGE('',*,*,#2074,.T.);
#2074 = EDGE_CURVE('',#2055,#1719,#2075,.T.);
#2075 = SURFACE_CURVE('',#2076,(#2079,#2086),.PCURVE_S1.);
#2076 = B_SPLINE_CURVE_WITH_KNOTS('',1,(#2077,#2078),.UNSPECIFIED.,.F.,
  .F.,(2,2),(-44.,0.),.PIECEWISE_BEZIER_KNOTS.);
#2077 = CARTESIAN_POINT('',(-15.,74.715056627234,139.38989221983));
#2078 = CARTESIAN_POINT('',(-15.,118.71505662723,139.38989221983));
#2079 = PCURVE('',#1732,#2080);
#2080 = DEFINITIONAL_REPRESENTATION('',(#2081),#2085);
#2081 = B_SPLINE_CURVE_WITH_KNOTS('',2,(#2082,#2083,#2084),
  .UNSPECIFIED.,.F.,.F.,(3,3),(-44.,0.),.PIECEWISE_BEZIER_KNOTS.);
#2082 = CARTESIAN_POINT('',(44.,37.));
#2083 = CARTESIAN_POINT('',(22.,37.));
#2084 = CARTESIAN_POINT('',(7.105427357601E-15,37.));
#2085 = ( GEOMETRIC_REPRESENTATION_CONTEXT(2) 
PARAMETRIC_REPRESENTATION_CONTEXT() REPRESENTATION_CONTEXT('2D SPACE',''
  ) );
#2086 = PCURVE('',#1970,#2087);
#2087 = DEFINITIONAL_REPRESENTATION('',(#2088),#2091);
#2088 = B_SPLINE_CURVE_WITH_KNOTS('',1,(#2089,#2090),.UNSPECIFIED.,.F.,
  .F.,(2,2),(-44.,0.),.PIECEWISE_BEZIER_KNOTS.);
#2089 = CARTESIAN_POINT('',(44.,23.));
#2090 = CARTESIAN_POINT('',(0.,23.));
#2091 = ( GEOMETRIC_REPRESENTATION_CONTEXT(2) 
PARAMETRIC_REPRESENTATION_CONTEXT() REPRESENTATION_CONTEXT('2D SPACE',''
  ) );
#2092 = ADVANCED_FACE('',(#2093),#1871,.F.);
#2093 = FACE_BOUND('',#2094,.F.);
#2094 = EDGE_LOOP('',(#2095,#2096,#2097,#2098));
#2095 = ORIENTED_EDGE('',*,*,#1889,.F.);
#2096 = ORIENTED_EDGE('',*,*,#1859,.F.);
#2097 = ORIENTED_EDGE('',*,*,#2054,.T.);
#2098 = ORIENTED_EDGE('',*,*,#2099,.T.);
#2099 = EDGE_CURVE('',#2055,#1890,#2100,.T.);
#2100 = SURFACE_CURVE('',#2101,(#2104,#2110),.PCURVE_S1.);
#2101 = B_SPLINE_CURVE_WITH_KNOTS('',1,(#2102,#2103),.UNSPECIFIED.,.F.,
  .F.,(2,2),(22.,24.),.PIECEWISE_BEZIER_KNOTS.);
#2102 = CARTESIAN_POINT('',(-15.,74.715056627234,139.38989221983));
#2103 = CARTESIAN_POINT('',(-15.,74.715056627234,141.38989221983));
#2104 = PCURVE('',#1871,#2105);
#2105 = DEFINITIONAL_REPRESENTATION('',(#2106),#2109);
#2106 = B_SPLINE_CURVE_WITH_KNOTS('',1,(#2107,#2108),.UNSPECIFIED.,.F.,
  .F.,(2,2),(22.,24.),.PIECEWISE_BEZIER_KNOTS.);
#2107 = CARTESIAN_POINT('',(0.,-23.));
#2108 = CARTESIAN_POINT('',(2.,-23.));
#2109 = ( GEOMETRIC_REPRESENTATION_CONTEXT(2) 
PARAMETRIC_REPRESENTATION_CONTEXT() REPRESENTATION_CONTEXT('2D SPACE',''
  ) );
#2110 = PCURVE('',#2111,#2116);
#2111 = B_SPLINE_SURFACE_WITH_KNOTS('',1,1,(
    (#2112,#2113)
    ,(#2114,#2115
    )),.UNSPECIFIED.,.F.,.F.,.F.,(2,2),(2,2),(0.,2.),(-28.,-23.),
  .PIECEWISE_BEZIER_KNOTS.);
#2112 = CARTESIAN_POINT('',(-20.,74.715056627234,139.38989221983));
#2113 = CARTESIAN_POINT('',(-15.,74.715056627234,139.38989221983));
#2114 = CARTESIAN_POINT('',(-20.,74.715056627234,141.38989221983));
#2115 = CARTESIAN_POINT('',(-15.,74.715056627234,141.38989221983));
#2116 = DEFINITIONAL_REPRESENTATION('',(#2117),#2120);
#2117 = B_SPLINE_CURVE_WITH_KNOTS('',1,(#2118,#2119),.UNSPECIFIED.,.F.,
  .F.,(2,2),(22.,24.),.PIECEWISE_BEZIER_KNOTS.);
#2118 = CARTESIAN_POINT('',(0.,-23.));
#2119 = CARTESIAN_POINT('',(2.,-23.));
#2120 = ( GEOMETRIC_REPRESENTATION_CONTEXT(2) 
PARAMETRIC_REPRESENTATION_CONTEXT() REPRESENTATION_CONTEXT('2D SPACE',''
  ) );
#2121 = ADVANCED_FACE('',(#2122),#1921,.F.);
#2122 = FACE_BOUND('',#2123,.F.);
#2123 = EDGE_LOOP('',(#2124,#2125,#2126,#2146,#2171,#2448));
#2124 = ORIENTED_EDGE('',*,*,#1935,.F.);
#2125 = ORIENTED_EDGE('',*,*,#1909,.T.);
#2126 = ORIENTED_EDGE('',*,*,#2127,.T.);
#2127 = EDGE_CURVE('',#1890,#2128,#2130,.T.);
#2128 = VERTEX_POINT('',#2129);
#2129 = CARTESIAN_POINT('',(-20.,74.715056627234,141.38989221983));
#2130 = SURFACE_CURVE('',#2131,(#2134,#2140),.PCURVE_S1.);
#2131 = B_SPLINE_CURVE_WITH_KNOTS('',1,(#2132,#2133),.UNSPECIFIED.,.F.,
  .F.,(2,2),(23.,28.),.PIECEWISE_BEZIER_KNOTS.);
#2132 = CARTESIAN_POINT('',(-15.,74.715056627234,141.38989221983));
#2133 = CARTESIAN_POINT('',(-20.,74.715056627234,141.38989221983));
#2134 = PCURVE('',#1921,#2135);
#2135 = DEFINITIONAL_REPRESENTATION('',(#2136),#2139);
#2136 = B_SPLINE_CURVE_WITH_KNOTS('',1,(#2137,#2138),.UNSPECIFIED.,.F.,
  .F.,(2,2),(23.,28.),.PIECEWISE_BEZIER_KNOTS.);
#2137 = CARTESIAN_POINT('',(44.,23.));
#2138 = CARTESIAN_POINT('',(44.,28.));
#2139 = ( GEOMETRIC_REPRESENTATION_CONTEXT(2) 
PARAMETRIC_REPRESENTATION_CONTEXT() REPRESENTATION_CONTEXT('2D SPACE',''
  ) );
#2140 = PCURVE('',#2111,#2141);
#2141 = DEFINITIONAL_REPRESENTATION('',(#2142),#2145);
#2142 = B_SPLINE_CURVE_WITH_KNOTS('',1,(#2143,#2144),.UNSPECIFIED.,.F.,
  .F.,(2,2),(23.,28.),.PIECEWISE_BEZIER_KNOTS.);
#2143 = CARTESIAN_POINT('',(2.,-23.));
#2144 = CARTESIAN_POINT('',(2.,-28.));
#2145 = ( GEOMETRIC_REPRESENTATION_CONTEXT(2) 
PARAMETRIC_REPRESENTATION_CONTEXT() REPRESENTATION_CONTEXT('2D SPACE',''
  ) );
#2146 = ORIENTED_EDGE('',*,*,#2147,.F.);
#2147 = EDGE_CURVE('',#2148,#2128,#2150,.T.);
#2148 = VERTEX_POINT('',#2149);
#2149 = CARTESIAN_POINT('',(-20.,113.10211158326,141.38989221983));
#2150 = SURFACE_CURVE('',#2151,(#2154,#2160),.PCURVE_S1.);
#2151 = B_SPLINE_CURVE_WITH_KNOTS('',1,(#2152,#2153),.UNSPECIFIED.,.F.,
  .F.,(2,2),(0.,44.),.PIECEWISE_BEZIER_KNOTS.);
#2152 = CARTESIAN_POINT('',(-20.,118.71505662723,141.38989221983));
#2153 = CARTESIAN_POINT('',(-20.,74.715056627234,141.38989221983));
#2154 = PCURVE('',#1921,#2155);
#2155 = DEFINITIONAL_REPRESENTATION('',(#2156),#2159);
#2156 = B_SPLINE_CURVE_WITH_KNOTS('',1,(#2157,#2158),.UNSPECIFIED.,.F.,
  .F.,(2,2),(0.,44.),.PIECEWISE_BEZIER_KNOTS.);
#2157 = CARTESIAN_POINT('',(0.,28.));
#2158 = CARTESIAN_POINT('',(44.,28.));
#2159 = ( GEOMETRIC_REPRESENTATION_CONTEXT(2) 
PARAMETRIC_REPRESENTATION_CONTEXT() REPRESENTATION_CONTEXT('2D SPACE',''
  ) );
#2160 = PCURVE('',#2161,#2166);
#2161 = B_SPLINE_SURFACE_WITH_KNOTS('',1,1,(
    (#2162,#2163)
    ,(#2164,#2165
    )),.UNSPECIFIED.,.F.,.F.,.F.,(2,2),(2,2),(0.,2.),(0.,44.),
  .PIECEWISE_BEZIER_KNOTS.);
#2162 = CARTESIAN_POINT('',(-20.,118.71505662723,139.38989221983));
#2163 = CARTESIAN_POINT('',(-20.,74.715056627234,139.38989221983));
#2164 = CARTESIAN_POINT('',(-20.,118.71505662723,141.38989221983));
#2165 = CARTESIAN_POINT('',(-20.,74.715056627234,141.38989221983));
#2166 = DEFINITIONAL_REPRESENTATION('',(#2167),#2170);
#2167 = B_SPLINE_CURVE_WITH_KNOTS('',1,(#2168,#2169),.UNSPECIFIED.,.F.,
  .F.,(2,2),(0.,44.),.PIECEWISE_BEZIER_KNOTS.);
#2168 = CARTESIAN_POINT('',(2.,0.));
#2169 = CARTESIAN_POINT('',(2.,44.));
#2170 = ( GEOMETRIC_REPRESENTATION_CONTEXT(2) 
PARAMETRIC_REPRESENTATION_CONTEXT() REPRESENTATION_CONTEXT('2D SPACE',''
  ) );
#2171 = ORIENTED_EDGE('',*,*,#2172,.T.);
#2172 = EDGE_CURVE('',#2148,#2173,#2175,.T.);
#2173 = VERTEX_POINT('',#2174);
#2174 = CARTESIAN_POINT('',(-16.82947439737,115.33490392317,
    141.38989221983));
#2175 = SURFACE_CURVE('',#2176,(#2263,#2353),.PCURVE_S1.);
#2176 = B_SPLINE_CURVE_WITH_KNOTS('',7,(#2177,#2178,#2179,#2180,#2181,
    #2182,#2183,#2184,#2185,#2186,#2187,#2188,#2189,#2190,#2191,#2192,
    #2193,#2194,#2195,#2196,#2197,#2198,#2199,#2200,#2201,#2202,#2203,
    #2204,#2205,#2206,#2207,#2208,#2209,#2210,#2211,#2212,#2213,#2214,
    #2215,#2216,#2217,#2218,#2219,#2220,#2221,#2222,#2223,#2224,#2225,
    #2226,#2227,#2228,#2229,#2230,#2231,#2232,#2233,#2234,#2235,#2236,
    #2237,#2238,#2239,#2240,#2241,#2242,#2243,#2244,#2245,#2246,#2247,
    #2248,#2249,#2250,#2251,#2252,#2253,#2254,#2255,#2256,#2257,#2258,
    #2259,#2260,#2261,#2262),.UNSPECIFIED.,.F.,.F.,(8,6,6,6,6,6,6,6,6,6,
    6,6,6,6,8),(0.,0.124210568426,0.208078606531,0.296772892691,
    0.326431895627,0.342550870384,0.375446659553,0.402716741291,
    0.415322805943,0.436788016925,0.482749030174,0.562021271317,
    0.667398328285,0.78496218979,1.),.UNSPECIFIED.);
#2177 = CARTESIAN_POINT('',(-20.,113.10211158326,141.38989221983));
#2178 = CARTESIAN_POINT('',(-19.96575028155,112.96060193527,
    141.38989221983));
#2179 = CARTESIAN_POINT('',(-19.92876392358,112.81989291052,
    141.38989221983));
#2180 = CARTESIAN_POINT('',(-19.88875634758,112.68009608022,
    141.38989221983));
#2181 = CARTESIAN_POINT('',(-19.84539459234,112.54140559351,
    141.38989221983));
#2182 = CARTESIAN_POINT('',(-19.79830135329,112.40409585968,
    141.38989221983));
#2183 = CARTESIAN_POINT('',(-19.74702610094,112.26853281718,
    141.38989221983));
#2184 = CARTESIAN_POINT('',(-19.65314268564,112.04517051286,
    141.38989221983));
#2185 = CARTESIAN_POINT('',(-19.61313988468,111.95618645575,
    141.38989221983));
#2186 = CARTESIAN_POINT('',(-19.57079205909,111.8683820745,
    141.38989221983));
#2187 = CARTESIAN_POINT('',(-19.52589998471,111.78196046939,
    141.38989221983));
#2188 = CARTESIAN_POINT('',(-19.47825046798,111.69719060038,
    141.38989221983));
#2189 = CARTESIAN_POINT('',(-19.42760500411,111.61441471156,
    141.38989221983));
#2190 = CARTESIAN_POINT('',(-19.3166408448,111.44909143091,
    141.38989221983));
#2191 = CARTESIAN_POINT('',(-19.25599854391,111.36692954204,
    141.38989221983));
#2192 = CARTESIAN_POINT('',(-19.19135409803,111.28797915416,
    141.38989221983));
#2193 = CARTESIAN_POINT('',(-19.12235353691,111.21297040484,
    141.38989221983));
#2194 = CARTESIAN_POINT('',(-19.04871383785,111.1429307126,
    141.38989221983));
#2195 = CARTESIAN_POINT('',(-18.97024717347,111.07916422379,
    141.38989221983));
#2196 = CARTESIAN_POINT('',(-18.85899988498,111.00454411597,
    141.38989221983));
#2197 = CARTESIAN_POINT('',(-18.83058567757,110.98673018698,
    141.38989221983));
#2198 = CARTESIAN_POINT('',(-18.80164040445,110.96986379668,
    141.38989221983));
#2199 = CARTESIAN_POINT('',(-18.77217497254,110.95401182363,
    141.38989221983));
#2200 = CARTESIAN_POINT('',(-18.7422073124,110.93924400292,
    141.38989221983));
#2201 = CARTESIAN_POINT('',(-18.7117633776,110.92563078163,
    141.38989221983));
#2202 = CARTESIAN_POINT('',(-18.66409274164,110.90650771249,
    141.38989221983));
#2203 = CARTESIAN_POINT('',(-18.64717714445,110.90013561549,
    141.38989221983));
#2204 = CARTESIAN_POINT('',(-18.63013712099,110.89413619281,
    141.38989221983));
#2205 = CARTESIAN_POINT('',(-18.61297929716,110.88852031342,
    141.38989221983));
#2206 = CARTESIAN_POINT('',(-18.59571115631,110.88329840586,
    141.38989221983));
#2207 = CARTESIAN_POINT('',(-18.57834103921,110.87848045823,
    141.38989221983));
#2208 = CARTESIAN_POINT('',(-18.52523966668,110.8650873863,
    141.38989221983));
#2209 = CARTESIAN_POINT('',(-18.48921001364,110.85781946606,
    141.38989221983));
#2210 = CARTESIAN_POINT('',(-18.45287473619,110.8523539529,
    141.38989221983));
#2211 = CARTESIAN_POINT('',(-18.41632745873,110.84875666847,
    141.38989221983));
#2212 = CARTESIAN_POINT('',(-18.37967003994,110.84707327582,
    141.38989221983));
#2213 = CARTESIAN_POINT('',(-18.34301273397,110.8473249947,
    141.38989221983));
#2214 = CARTESIAN_POINT('',(-18.27618461847,110.85131093978,
    141.38989221983));
#2215 = CARTESIAN_POINT('',(-18.24597218972,110.85444247093,
    141.38989221983));
#2216 = CARTESIAN_POINT('',(-18.21590359408,110.858895125,
    141.38989221983));
#2217 = CARTESIAN_POINT('',(-18.18604045867,110.86465226482,
    141.38989221983));
#2218 = CARTESIAN_POINT('',(-18.15643970293,110.87168586553,
    141.38989221983));
#2219 = CARTESIAN_POINT('',(-18.12715373267,110.87995797896,
    141.38989221983));
#2220 = CARTESIAN_POINT('',(-18.08486043392,110.89379719613,
    141.38989221983));
#2221 = CARTESIAN_POINT('',(-18.07156735989,110.89842709609,
    141.38989221983));
#2222 = CARTESIAN_POINT('',(-18.05835587157,110.90330736282,
    141.38989221983));
#2223 = CARTESIAN_POINT('',(-18.04523008542,110.90843323614,
    141.38989221983));
#2224 = CARTESIAN_POINT('',(-18.03219377482,110.91379973069,
    141.38989221983));
#2225 = CARTESIAN_POINT('',(-18.01925037001,110.91940163597,
    141.38989221983));
#2226 = CARTESIAN_POINT('',(-17.98452678868,110.93516385906,
    141.38989221983));
#2227 = CARTESIAN_POINT('',(-17.96292892774,110.94576109855,
    141.38989221983));
#2228 = CARTESIAN_POINT('',(-17.94162457178,110.9569987145,
    141.38989221983));
#2229 = CARTESIAN_POINT('',(-17.92062589035,110.96884919541,
    141.38989221983));
#2230 = CARTESIAN_POINT('',(-17.89994231734,110.98128462016,
    141.38989221983));
#2231 = CARTESIAN_POINT('',(-17.87958084244,110.99427723959,
    141.38989221983));
#2232 = CARTESIAN_POINT('',(-17.81664862211,111.03675493021,
    141.38989221983));
#2233 = CARTESIAN_POINT('',(-17.7752561058,111.06813671272,
    141.38989221983));
#2234 = CARTESIAN_POINT('',(-17.73540450386,111.10168446188,
    141.38989221983));
#2235 = CARTESIAN_POINT('',(-17.69709732439,111.13715129965,
    141.38989221983));
#2236 = CARTESIAN_POINT('',(-17.66031223509,111.17431236495,
    141.38989221983));
#2237 = CARTESIAN_POINT('',(-17.62500746504,111.21297276493,
    141.38989221983));
#2238 = CARTESIAN_POINT('',(-17.53269423067,111.32197114504,
    141.38989221983));
#2239 = CARTESIAN_POINT('',(-17.4785384368,111.39491396644,
    141.38989221983));
#2240 = CARTESIAN_POINT('',(-17.42834134571,111.47101710221,
    141.38989221983));
#2241 = CARTESIAN_POINT('',(-17.3818110014,111.54965102027,
    141.38989221983));
#2242 = CARTESIAN_POINT('',(-17.33866296534,111.63032556138,
    141.38989221983));
#2243 = CARTESIAN_POINT('',(-17.2986163651,111.71268536643,
    141.38989221983));
#2244 = CARTESIAN_POINT('',(-17.21194203598,111.90795887782,
    141.38989221983));
#2245 = CARTESIAN_POINT('',(-17.16753278274,112.02190365014,
    141.38989221983));
#2246 = CARTESIAN_POINT('',(-17.12757422206,112.13776973744,
    141.38989221983));
#2247 = CARTESIAN_POINT('',(-17.09160067376,112.25511609264,
    141.38989221983));
#2248 = CARTESIAN_POINT('',(-17.05921787196,112.37361539654,
    141.38989221983));
#2249 = CARTESIAN_POINT('',(-17.03007386081,112.49304202968,
    141.38989221983));
#2250 = CARTESIAN_POINT('',(-16.97463082422,112.74741610145,
    141.38989221983));
#2251 = CARTESIAN_POINT('',(-16.94906202988,112.8825053517,
    141.38989221983));
#2252 = CARTESIAN_POINT('',(-16.92674678525,113.01832561224,
    141.38989221983));
#2253 = CARTESIAN_POINT('',(-16.90735267115,113.15470570554,
    141.38989221983));
#2254 = CARTESIAN_POINT('',(-16.89059960906,113.29151583547,
    141.38989221983));
#2255 = CARTESIAN_POINT('',(-16.87624469761,113.42866458397,
    141.38989221983));
#2256 = CARTESIAN_POINT('',(-16.84183407929,113.81748239027,
    141.38989221983));
#2257 = CARTESIAN_POINT('',(-16.82692672385,114.06973589574,
    141.38989221983));
#2258 = CARTESIAN_POINT('',(-16.8180871236,114.32251703123,
    141.38989221983));
#2259 = CARTESIAN_POINT('',(-16.81445188482,114.57556890114,
    141.38989221983));
#2260 = CARTESIAN_POINT('',(-16.81538061028,114.82870957475,
    141.38989221983));
#2261 = CARTESIAN_POINT('',(-16.8204582449,115.08183246234,
    141.38989221983));
#2262 = CARTESIAN_POINT('',(-16.82947439737,115.33490392317,
    141.38989221983));
#2263 = PCURVE('',#1921,#2264);
#2264 = DEFINITIONAL_REPRESENTATION('',(#2265),#2352);
#2265 = B_SPLINE_CURVE_WITH_KNOTS('',7,(#2266,#2267,#2268,#2269,#2270,
    #2271,#2272,#2273,#2274,#2275,#2276,#2277,#2278,#2279,#2280,#2281,
    #2282,#2283,#2284,#2285,#2286,#2287,#2288,#2289,#2290,#2291,#2292,
    #2293,#2294,#2295,#2296,#2297,#2298,#2299,#2300,#2301,#2302,#2303,
    #2304,#2305,#2306,#2307,#2308,#2309,#2310,#2311,#2312,#2313,#2314,
    #2315,#2316,#2317,#2318,#2319,#2320,#2321,#2322,#2323,#2324,#2325,
    #2326,#2327,#2328,#2329,#2330,#2331,#2332,#2333,#2334,#2335,#2336,
    #2337,#2338,#2339,#2340,#2341,#2342,#2343,#2344,#2345,#2346,#2347,
    #2348,#2349,#2350,#2351),.UNSPECIFIED.,.F.,.F.,(8,6,6,6,6,6,6,6,6,6,
    6,6,6,6,8),(0.,0.124210568426,0.208078606531,0.296772892691,
    0.326431895627,0.342550870384,0.375446659553,0.402716741291,
    0.415322805943,0.436788016925,0.482749030174,0.562021271317,
    0.667398328285,0.78496218979,1.),.UNSPECIFIED.);
#2266 = CARTESIAN_POINT('',(5.612945043972,28.));
#2267 = CARTESIAN_POINT('',(5.754454691959,27.965750281559));
#2268 = CARTESIAN_POINT('',(5.895163716711,27.928763923586));
#2269 = CARTESIAN_POINT('',(6.034960547005,27.888756347584));
#2270 = CARTESIAN_POINT('',(6.173651033722,27.845394592349));
#2271 = CARTESIAN_POINT('',(6.310960767545,27.798301353295));
#2272 = CARTESIAN_POINT('',(6.446523810053,27.747026100946));
#2273 = CARTESIAN_POINT('',(6.669886114374,27.653142685646));
#2274 = CARTESIAN_POINT('',(6.758870171476,27.613139884688));
#2275 = CARTESIAN_POINT('',(6.84667455273,27.570792059098));
#2276 = CARTESIAN_POINT('',(6.933096157838,27.525899984716));
#2277 = CARTESIAN_POINT('',(7.017866026848,27.478250467987));
#2278 = CARTESIAN_POINT('',(7.100641915671,27.427605004119));
#2279 = CARTESIAN_POINT('',(7.26596519632,27.316640844809));
#2280 = CARTESIAN_POINT('',(7.348127085194,27.25599854391));
#2281 = CARTESIAN_POINT('',(7.427077473073,27.191354098033));
#2282 = CARTESIAN_POINT('',(7.502086222392,27.122353536918));
#2283 = CARTESIAN_POINT('',(7.572125914631,27.048713837856));
#2284 = CARTESIAN_POINT('',(7.635892403444,26.970247173474));
#2285 = CARTESIAN_POINT('',(7.710512511255,26.858999884989));
#2286 = CARTESIAN_POINT('',(7.728326440251,26.830585677577));
#2287 = CARTESIAN_POINT('',(7.745192830553,26.801640404459));
#2288 = CARTESIAN_POINT('',(7.761044803599,26.772174972549));
#2289 = CARTESIAN_POINT('',(7.775812624313,26.742207312408));
#2290 = CARTESIAN_POINT('',(7.7894258456,26.7117633776));
#2291 = CARTESIAN_POINT('',(7.808548914736,26.664092741642));
#2292 = CARTESIAN_POINT('',(7.814921011736,26.647177144458));
#2293 = CARTESIAN_POINT('',(7.820920434421,26.630137120995));
#2294 = CARTESIAN_POINT('',(7.826536313812,26.612979297168));
#2295 = CARTESIAN_POINT('',(7.831758221372,26.595711156318));
#2296 = CARTESIAN_POINT('',(7.836576168999,26.578341039216));
#2297 = CARTESIAN_POINT('',(7.849969240931,26.525239666689));
#2298 = CARTESIAN_POINT('',(7.857237161174,26.489210013648));
#2299 = CARTESIAN_POINT('',(7.86270267433,26.452874736199));
#2300 = CARTESIAN_POINT('',(7.866299958764,26.416327458736));
#2301 = CARTESIAN_POINT('',(7.867983351409,26.379670039946));
#2302 = CARTESIAN_POINT('',(7.867731632527,26.343012733973));
#2303 = CARTESIAN_POINT('',(7.863745687446,26.276184618471));
#2304 = CARTESIAN_POINT('',(7.860614156302,26.24597218972));
#2305 = CARTESIAN_POINT('',(7.856161502227,26.215903594088));
#2306 = CARTESIAN_POINT('',(7.850404362411,26.186040458677));
#2307 = CARTESIAN_POINT('',(7.843370761704,26.156439702937));
#2308 = CARTESIAN_POINT('',(7.835098648271,26.127153732676));
#2309 = CARTESIAN_POINT('',(7.821259431105,26.08486043392));
#2310 = CARTESIAN_POINT('',(7.816629531143,26.071567359893));
#2311 = CARTESIAN_POINT('',(7.811749264407,26.058355871572));
#2312 = CARTESIAN_POINT('',(7.806623391092,26.045230085428));
#2313 = CARTESIAN_POINT('',(7.801256896545,26.032193774824));
#2314 = CARTESIAN_POINT('',(7.795654991264,26.019250370013));
#2315 = CARTESIAN_POINT('',(7.779892768166,25.984526788688));
#2316 = CARTESIAN_POINT('',(7.769295528678,25.962928927743));
#2317 = CARTESIAN_POINT('',(7.758057912731,25.941624571789));
#2318 = CARTESIAN_POINT('',(7.746207431823,25.920625890349));
#2319 = CARTESIAN_POINT('',(7.733772007074,25.899942317343));
#2320 = CARTESIAN_POINT('',(7.720779387645,25.879580842443));
#2321 = CARTESIAN_POINT('',(7.67830169702,25.816648622117));
#2322 = CARTESIAN_POINT('',(7.64691991451,25.775256105803));
#2323 = CARTESIAN_POINT('',(7.613372165348,25.735404503861));
#2324 = CARTESIAN_POINT('',(7.577905327578,25.697097324397));
#2325 = CARTESIAN_POINT('',(7.540744262283,25.660312235092));
#2326 = CARTESIAN_POINT('',(7.502083862298,25.625007465049));
#2327 = CARTESIAN_POINT('',(7.393085482192,25.532694230679));
#2328 = CARTESIAN_POINT('',(7.320142660792,25.478538436807));
#2329 = CARTESIAN_POINT('',(7.244039525022,25.428341345719));
#2330 = CARTESIAN_POINT('',(7.165405606959,25.381811001401));
#2331 = CARTESIAN_POINT('',(7.084731065851,25.338662965343));
#2332 = CARTESIAN_POINT('',(7.002371260796,25.2986163651));
#2333 = CARTESIAN_POINT('',(6.807097749414,25.211942035988));
#2334 = CARTESIAN_POINT('',(6.693152977086,25.167532782746));
#2335 = CARTESIAN_POINT('',(6.577286889789,25.127574222069));
#2336 = CARTESIAN_POINT('',(6.459940534594,25.091600673768));
#2337 = CARTESIAN_POINT('',(6.341441230686,25.059217871962));
#2338 = CARTESIAN_POINT('',(6.222014597546,25.030073860814));
#2339 = CARTESIAN_POINT('',(5.967640525782,24.974630824223));
#2340 = CARTESIAN_POINT('',(5.83255127553,24.949062029881));
#2341 = CARTESIAN_POINT('',(5.696731014986,24.926746785254));
#2342 = CARTESIAN_POINT('',(5.560350921693,24.907352671156));
#2343 = CARTESIAN_POINT('',(5.423540791756,24.890599609062));
#2344 = CARTESIAN_POINT('',(5.286392043259,24.876244697618));
#2345 = CARTESIAN_POINT('',(4.897574236956,24.841834079293));
#2346 = CARTESIAN_POINT('',(4.645320731492,24.826926723858));
#2347 = CARTESIAN_POINT('',(4.392539596003,24.818087123609));
#2348 = CARTESIAN_POINT('',(4.139487726088,24.81445188482));
#2349 = CARTESIAN_POINT('',(3.886347052481,24.815380610284));
#2350 = CARTESIAN_POINT('',(3.633224164888,24.820458244907));
#2351 = CARTESIAN_POINT('',(3.380152704063,24.829474397377));
#2352 = ( GEOMETRIC_REPRESENTATION_CONTEXT(2) 
PARAMETRIC_REPRESENTATION_CONTEXT() REPRESENTATION_CONTEXT('2D SPACE',''
  ) );
#2353 = PCURVE('',#2354,#2359);
#2354 = TOROIDAL_SURFACE('',#2355,10.,2.);
#2355 = AXIS2_PLACEMENT_3D('',#2356,#2357,#2358);
#2356 = CARTESIAN_POINT('',(-18.59577687488,115.69729334629,
    130.41650415733));
#2357 = DIRECTION('',(0.998223671906,5.957768748827E-02,
    -1.772370419572E-16));
#2358 = DIRECTION('',(2.533065132706E-03,-4.244148580699E-02,
    0.999095743091));
#2359 = DEFINITIONAL_REPRESENTATION('',(#2360),#2447);
#2360 = B_SPLINE_CURVE_WITH_KNOTS('',7,(#2361,#2362,#2363,#2364,#2365,
    #2366,#2367,#2368,#2369,#2370,#2371,#2372,#2373,#2374,#2375,#2376,
    #2377,#2378,#2379,#2380,#2381,#2382,#2383,#2384,#2385,#2386,#2387,
    #2388,#2389,#2390,#2391,#2392,#2393,#2394,#2395,#2396,#2397,#2398,
    #2399,#2400,#2401,#2402,#2403,#2404,#2405,#2406,#2407,#2408,#2409,
    #2410,#2411,#2412,#2413,#2414,#2415,#2416,#2417,#2418,#2419,#2420,
    #2421,#2422,#2423,#2424,#2425,#2426,#2427,#2428,#2429,#2430,#2431,
    #2432,#2433,#2434,#2435,#2436,#2437,#2438,#2439,#2440,#2441,#2442,
    #2443,#2444,#2445,#2446),.UNSPECIFIED.,.F.,.F.,(8,6,6,6,6,6,6,6,6,6,
    6,6,6,6,8),(0.,0.124210568426,0.208078606531,0.296772892691,
    0.326431895627,0.342550870384,0.375446659553,0.402716741291,
    0.415322805943,0.436788016925,0.482749030174,0.562021271317,
    0.667398328285,0.78496218979,1.),.UNSPECIFIED.);
#2361 = CARTESIAN_POINT('',(0.182069486732,5.391435597014));
#2362 = CARTESIAN_POINT('',(0.194480498463,5.411941929431));
#2363 = CARTESIAN_POINT('',(0.206754304559,5.434053072239));
#2364 = CARTESIAN_POINT('',(0.218878770686,5.457843889399));
#2365 = CARTESIAN_POINT('',(0.23083575796,5.48340680538));
#2366 = CARTESIAN_POINT('',(0.242601808663,5.510849115829));
#2367 = CARTESIAN_POINT('',(0.254147994738,5.540308706861));
#2368 = CARTESIAN_POINT('',(0.273062664482,5.593378436215));
#2369 = CARTESIAN_POINT('',(0.280567660315,5.615774309879));
#2370 = CARTESIAN_POINT('',(0.287944159442,5.639239844152));
#2371 = CARTESIAN_POINT('',(0.295177381966,5.663845649732));
#2372 = CARTESIAN_POINT('',(0.30224796576,5.689668257541));
#2373 = CARTESIAN_POINT('',(0.309131725628,5.716797618315));
#2374 = CARTESIAN_POINT('',(0.322849394272,5.775551112119));
#2375 = CARTESIAN_POINT('',(0.329649482356,5.807309448056));
#2376 = CARTESIAN_POINT('',(0.336172941321,5.840797552072));
#2377 = CARTESIAN_POINT('',(0.34236818324,5.876164782105));
#2378 = CARTESIAN_POINT('',(0.34816238254,5.913534039432));
#2379 = CARTESIAN_POINT('',(0.353463542418,5.953005871638));
#2380 = CARTESIAN_POINT('',(0.359730918264,6.008605916641));
#2381 = CARTESIAN_POINT('',(0.361233225655,6.022778465602));
#2382 = CARTESIAN_POINT('',(0.362662818508,6.037189979494));
#2383 = CARTESIAN_POINT('',(0.364014877249,6.051837747573));
#2384 = CARTESIAN_POINT('',(0.365284347417,6.066716284152));
#2385 = CARTESIAN_POINT('',(0.366466089266,6.081816896014));
#2386 = CARTESIAN_POINT('',(0.368146839767,6.105448069187));
#2387 = CARTESIAN_POINT('',(0.368711243547,6.113830760894));
#2388 = CARTESIAN_POINT('',(0.36924740638,6.122273270514));
#2389 = CARTESIAN_POINT('',(0.369754523662,6.130773181299));
#2390 = CARTESIAN_POINT('',(0.370231818512,6.139327714167));
#2391 = CARTESIAN_POINT('',(0.370678541767,6.147933727699));
#2392 = CARTESIAN_POINT('',(0.371941786767,6.174248881436));
#2393 = CARTESIAN_POINT('',(0.372659402578,6.192112230984));
#2394 = CARTESIAN_POINT('',(0.373240607488,6.210144203065));
#2395 = CARTESIAN_POINT('',(0.373680296767,6.228308288455));
#2396 = CARTESIAN_POINT('',(0.373974774369,6.246564348672));
#2397 = CARTESIAN_POINT('',(0.374122054432,6.26486793222));
#2398 = CARTESIAN_POINT('',(0.37412225255,6.298341372341));
#2399 = CARTESIAN_POINT('',(0.37402120677,6.31351402893));
#2400 = CARTESIAN_POINT('',(0.373819013479,6.328659964518));
#2401 = CARTESIAN_POINT('',(0.373516598672,6.343753610073));
#2402 = CARTESIAN_POINT('',(0.373115722095,6.358771166246));
#2403 = CARTESIAN_POINT('',(0.372618873079,6.37369034601));
#2404 = CARTESIAN_POINT('',(0.371756564286,6.395331566298));
#2405 = CARTESIAN_POINT('',(0.371464109328,6.402147712897));
#2406 = CARTESIAN_POINT('',(0.371152106589,6.408936630756));
#2407 = CARTESIAN_POINT('',(0.370820878688,6.415696529358));
#2408 = CARTESIAN_POINT('',(0.370470765765,6.422425754012));
#2409 = CARTESIAN_POINT('',(0.370102125481,6.429122785843));
#2410 = CARTESIAN_POINT('',(0.369056714959,6.447132565325));
#2411 = CARTESIAN_POINT('',(0.368345458839,6.458381546762));
#2412 = CARTESIAN_POINT('',(0.367583394471,6.469526389395));
#2413 = CARTESIAN_POINT('',(0.366772434843,6.480561520327));
#2414 = CARTESIAN_POINT('',(0.365914533473,6.49148247757));
#2415 = CARTESIAN_POINT('',(0.365011641773,6.502285797131));
#2416 = CARTESIAN_POINT('',(0.362040157023,6.535843412605));
#2417 = CARTESIAN_POINT('',(0.359817397418,6.558163433766));
#2418 = CARTESIAN_POINT('',(0.357415823571,6.57990977861));
#2419 = CARTESIAN_POINT('',(0.354853039831,6.601075398562));
#2420 = CARTESIAN_POINT('',(0.352145203014,6.621663608186));
#2421 = CARTESIAN_POINT('',(0.349306406503,6.64168631193));
#2422 = CARTESIAN_POINT('',(0.341245600416,6.694753738829));
#2423 = CARTESIAN_POINT('',(0.335790908143,6.726697012605));
#2424 = CARTESIAN_POINT('',(0.330041221696,6.757108013326));
#2425 = CARTESIAN_POINT('',(0.324042847386,6.786081698724));
#2426 = CARTESIAN_POINT('',(0.317832543195,6.813709556856));
#2427 = CARTESIAN_POINT('',(0.311437502455,6.840087049791));
#2428 = CARTESIAN_POINT('',(0.296148961748,6.898841269321));
#2429 = CARTESIAN_POINT('',(0.287133973564,6.930303865334));
#2430 = CARTESIAN_POINT('',(0.277874114345,6.959909064063));
#2431 = CARTESIAN_POINT('',(0.268404819264,6.987802330595));
#2432 = CARTESIAN_POINT('',(0.258753741267,7.014101522126));
#2433 = CARTESIAN_POINT('',(0.248941199022,7.038913543383));
#2434 = CARTESIAN_POINT('',(0.227865001412,7.088455450377));
#2435 = CARTESIAN_POINT('',(0.216569397318,7.112833493456));
#2436 = CARTESIAN_POINT('',(0.205113485848,7.135586201402));
#2437 = CARTESIAN_POINT('',(0.193515441732,7.156801058765));
#2438 = CARTESIAN_POINT('',(0.181790744269,7.176547032479));
#2439 = CARTESIAN_POINT('',(0.169952182015,7.194882394609));
#2440 = CARTESIAN_POINT('',(0.136165209377,7.242899051818));
#2441 = CARTESIAN_POINT('',(0.113980221854,7.269372850227));
#2442 = CARTESIAN_POINT('',(9.151674847716E-02,7.29157210626));
#2443 = CARTESIAN_POINT('',(6.883398014642E-02,7.309647155022));
#2444 = CARTESIAN_POINT('',(4.598780927975E-02,7.323703478821));
#2445 = CARTESIAN_POINT('',(2.302857132684E-02,7.333806330259));
#2446 = CARTESIAN_POINT('',(0.,7.339986695535));
#2447 = ( GEOMETRIC_REPRESENTATION_CONTEXT(2) 
PARAMETRIC_REPRESENTATION_CONTEXT() REPRESENTATION_CONTEXT('2D SPACE',''
  ) );
#2448 = ORIENTED_EDGE('',*,*,#2449,.T.);
#2449 = EDGE_CURVE('',#2173,#1936,#2450,.T.);
#2450 = SURFACE_CURVE('',#2451,(#2462,#2476),.PCURVE_S1.);
#2451 = B_SPLINE_CURVE_WITH_KNOTS('',5,(#2452,#2453,#2454,#2455,#2456,
    #2457,#2458,#2459,#2460,#2461),.UNSPECIFIED.,.F.,.F.,(6,4,6),(0.,
    0.113326160342,1.),.UNSPECIFIED.);
#2452 = CARTESIAN_POINT('',(-16.82947439737,115.33490392317,
    141.38989221983));
#2453 = CARTESIAN_POINT('',(-16.83220410186,115.4115231175,
    141.38989221983));
#2454 = CARTESIAN_POINT('',(-16.83494384698,115.48814188571,
    141.38989221983));
#2455 = CARTESIAN_POINT('',(-16.83769357944,115.56476025404,
    141.38989221983));
#2456 = CARTESIAN_POINT('',(-16.84045324748,115.64137819378,
    141.38989221983));
#2457 = CARTESIAN_POINT('',(-16.86489202525,116.3174579929,
    141.38989221983));
#2458 = CARTESIAN_POINT('',(-16.88716629569,116.91689483869,
    141.38989221983));
#2459 = CARTESIAN_POINT('',(-16.91002156269,117.51630666676,
    141.38989221983));
#2460 = CARTESIAN_POINT('',(-16.93343710911,118.1156938302,
    141.38989221983));
#2461 = CARTESIAN_POINT('',(-16.95739554966,118.71505662723,
    141.38989221983));
#2462 = PCURVE('',#1921,#2463);
#2463 = DEFINITIONAL_REPRESENTATION('',(#2464),#2475);
#2464 = B_SPLINE_CURVE_WITH_KNOTS('',5,(#2465,#2466,#2467,#2468,#2469,
    #2470,#2471,#2472,#2473,#2474),.UNSPECIFIED.,.F.,.F.,(6,4,6),(0.,
    0.113326160342,1.),.UNSPECIFIED.);
#2465 = CARTESIAN_POINT('',(3.380152720436,24.829474671694));
#2466 = CARTESIAN_POINT('',(3.303533526101,24.832204376178));
#2467 = CARTESIAN_POINT('',(3.226914699455,24.834943142259));
#2468 = CARTESIAN_POINT('',(3.150296397182,24.837693981502));
#2469 = CARTESIAN_POINT('',(3.073678433449,24.840453247487));
#2470 = CARTESIAN_POINT('',(2.397598634331,24.864892025253));
#2471 = CARTESIAN_POINT('',(1.798161788541,24.887166295694));
#2472 = CARTESIAN_POINT('',(1.198749960466,24.910021562692));
#2473 = CARTESIAN_POINT('',(0.599362797034,24.933437109117));
#2474 = CARTESIAN_POINT('',(0.,24.957395549667));
#2475 = ( GEOMETRIC_REPRESENTATION_CONTEXT(2) 
PARAMETRIC_REPRESENTATION_CONTEXT() REPRESENTATION_CONTEXT('2D SPACE',''
  ) );
#2476 = PCURVE('',#2023,#2477);
#2477 = DEFINITIONAL_REPRESENTATION('',(#2478),#2489);
#2478 = B_SPLINE_CURVE_WITH_KNOTS('',5,(#2479,#2480,#2481,#2482,#2483,
    #2484,#2485,#2486,#2487,#2488),.UNSPECIFIED.,.F.,.F.,(6,4,6),(0.,
    0.113326160342,1.),.UNSPECIFIED.);
#2479 = CARTESIAN_POINT('',(2.355169829971,97.804632031662));
#2480 = CARTESIAN_POINT('',(2.353298680155,97.728055616099));
#2481 = CARTESIAN_POINT('',(2.351429997286,97.651479027859));
#2482 = CARTESIAN_POINT('',(2.349563753827,97.574902243946));
#2483 = CARTESIAN_POINT('',(2.347699924649,97.498325296073));
#2484 = CARTESIAN_POINT('',(2.331274404964,96.822602011106));
#2485 = CARTESIAN_POINT('',(2.316856492398,96.223445194357));
#2486 = CARTESIAN_POINT('',(2.302572583184,95.624278745168));
#2487 = CARTESIAN_POINT('',(2.288411924901,95.025103544578));
#2488 = CARTESIAN_POINT('',(2.274365175399,94.42592032998));
#2489 = ( GEOMETRIC_REPRESENTATION_CONTEXT(2) 
PARAMETRIC_REPRESENTATION_CONTEXT() REPRESENTATION_CONTEXT('2D SPACE',''
  ) );
#2490 = ADVANCED_FACE('',(#2491),#2023,.F.);
#2491 = FACE_BOUND('',#2492,.F.);
#2492 = EDGE_LOOP('',(#2493,#2516,#2558,#2559));
#2493 = ORIENTED_EDGE('',*,*,#2494,.F.);
#2494 = EDGE_CURVE('',#2495,#2173,#2497,.T.);
#2495 = VERTEX_POINT('',#2496);
#2496 = CARTESIAN_POINT('',(-16.85484063233,115.41865240846,
    139.38989221983));
#2497 = SURFACE_CURVE('',#2498,(#2503,#2510),.PCURVE_S1.);
#2498 = CIRCLE('',#2499,2.);
#2499 = AXIS2_PLACEMENT_3D('',#2500,#2501,#2502);
#2500 = CARTESIAN_POINT('',(-18.57044622355,115.27287848822,
    140.40746158825));
#2501 = DIRECTION('',(5.952381395277E-02,-0.997321021254,
    -4.251700996627E-02));
#2502 = DIRECTION('',(-0.269062855141,2.498660241544E-02,-0.962798447071
    ));
#2503 = PCURVE('',#2023,#2504);
#2504 = DEFINITIONAL_REPRESENTATION('',(#2505),#2509);
#2505 = LINE('',#2506,#2507);
#2506 = CARTESIAN_POINT('',(0.,97.804632031662));
#2507 = VECTOR('',#2508,1.);
#2508 = DIRECTION('',(1.,0.));
#2509 = ( GEOMETRIC_REPRESENTATION_CONTEXT(2) 
PARAMETRIC_REPRESENTATION_CONTEXT() REPRESENTATION_CONTEXT('2D SPACE',''
  ) );
#2510 = PCURVE('',#2354,#2511);
#2511 = DEFINITIONAL_REPRESENTATION('',(#2512),#2515);
#2512 = B_SPLINE_CURVE_WITH_KNOTS('',1,(#2513,#2514),.UNSPECIFIED.,.F.,
  .F.,(2,2),(0.,6.28318530718),.PIECEWISE_BEZIER_KNOTS.);
#2513 = CARTESIAN_POINT('',(0.,9.695156525505));
#2514 = CARTESIAN_POINT('',(0.,3.411971218326));
#2515 = ( GEOMETRIC_REPRESENTATION_CONTEXT(2) 
PARAMETRIC_REPRESENTATION_CONTEXT() REPRESENTATION_CONTEXT('2D SPACE',''
  ) );
#2516 = ORIENTED_EDGE('',*,*,#2517,.T.);
#2517 = EDGE_CURVE('',#2495,#1957,#2518,.T.);
#2518 = SURFACE_CURVE('',#2519,(#2530,#2544),.PCURVE_S1.);
#2519 = B_SPLINE_CURVE_WITH_KNOTS('',5,(#2520,#2521,#2522,#2523,#2524,
    #2525,#2526,#2527,#2528,#2529),.UNSPECIFIED.,.F.,.F.,(6,4,6),(0.,
    0.118701746133,1.),.UNSPECIFIED.);
#2520 = CARTESIAN_POINT('',(-16.85484063233,115.41865240846,
    139.38989221983));
#2521 = CARTESIAN_POINT('',(-16.86149145962,115.49692564378,
    139.38989221983));
#2522 = CARTESIAN_POINT('',(-16.86815318071,115.57519802606,
    139.38989221983));
#2523 = CARTESIAN_POINT('',(-16.87482585749,115.65346953707,
    139.38989221983));
#2524 = CARTESIAN_POINT('',(-16.88150955423,115.73174018412,
    139.38989221983));
#2525 = CARTESIAN_POINT('',(-16.93790957985,116.39112196698,
    139.38989221983));
#2526 = CARTESIAN_POINT('',(-16.98822597753,116.97218564627,
    139.38989221983));
#2527 = CARTESIAN_POINT('',(-17.03917970924,117.55319829725,
    139.38989221983));
#2528 = CARTESIAN_POINT('',(-17.09080261623,118.13415660376,
    139.38989221983));
#2529 = CARTESIAN_POINT('',(-17.14313220058,118.71505662723,
    139.38989221983));
#2530 = PCURVE('',#2023,#2531);
#2531 = DEFINITIONAL_REPRESENTATION('',(#2532),#2543);
#2532 = B_SPLINE_CURVE_WITH_KNOTS('',5,(#2533,#2534,#2535,#2536,#2537,
    #2538,#2539,#2540,#2541,#2542),.UNSPECIFIED.,.F.,.F.,(6,4,6),(0.,
    0.118701746133,1.),.UNSPECIFIED.);
#2533 = CARTESIAN_POINT('',(1.30686740144,97.804632031662));
#2534 = CARTESIAN_POINT('',(1.304927594309,97.726172606066));
#2535 = CARTESIAN_POINT('',(1.302985009064,97.647713382792));
#2536 = CARTESIAN_POINT('',(1.301039614755,97.56925437633));
#2537 = CARTESIAN_POINT('',(1.299091379483,97.490795575553));
#2538 = CARTESIAN_POINT('',(1.282654313096,96.829823117845));
#2539 = CARTESIAN_POINT('',(1.268009914731,96.247321071905));
#2540 = CARTESIAN_POINT('',(1.253194064897,95.664831981022));
#2541 = CARTESIAN_POINT('',(1.238191203715,95.082357257155));
#2542 = CARTESIAN_POINT('',(1.222983222433,94.499898596059));
#2543 = ( GEOMETRIC_REPRESENTATION_CONTEXT(2) 
PARAMETRIC_REPRESENTATION_CONTEXT() REPRESENTATION_CONTEXT('2D SPACE',''
  ) );
#2544 = PCURVE('',#1970,#2545);
#2545 = DEFINITIONAL_REPRESENTATION('',(#2546),#2557);
#2546 = B_SPLINE_CURVE_WITH_KNOTS('',5,(#2547,#2548,#2549,#2550,#2551,
    #2552,#2553,#2554,#2555,#2556),.UNSPECIFIED.,.F.,.F.,(6,4,6),(0.,
    0.118701746133,1.),.UNSPECIFIED.);
#2547 = CARTESIAN_POINT('',(3.29640422654,24.854840762533));
#2548 = CARTESIAN_POINT('',(3.218130991216,24.861491589827));
#2549 = CARTESIAN_POINT('',(3.139858581277,24.868152847415));
#2550 = CARTESIAN_POINT('',(3.061587101492,24.87482604729));
#2551 = CARTESIAN_POINT('',(2.983316443109,24.881509554235));
#2552 = CARTESIAN_POINT('',(2.323934660251,24.937909579851));
#2553 = CARTESIAN_POINT('',(1.742870980959,24.988225977535));
#2554 = CARTESIAN_POINT('',(1.16185832998,25.039179709245));
#2555 = CARTESIAN_POINT('',(0.580900023469,25.090802616235));
#2556 = CARTESIAN_POINT('',(0.,25.143132200582));
#2557 = ( GEOMETRIC_REPRESENTATION_CONTEXT(2) 
PARAMETRIC_REPRESENTATION_CONTEXT() REPRESENTATION_CONTEXT('2D SPACE',''
  ) );
#2558 = ORIENTED_EDGE('',*,*,#1981,.F.);
#2559 = ORIENTED_EDGE('',*,*,#2449,.F.);
#2560 = ADVANCED_FACE('',(#2561),#1970,.T.);
#2561 = FACE_BOUND('',#2562,.T.);
#2562 = EDGE_LOOP('',(#2563,#2564,#2565,#2585,#2605,#3001));
#2563 = ORIENTED_EDGE('',*,*,#1956,.F.);
#2564 = ORIENTED_EDGE('',*,*,#2074,.F.);
#2565 = ORIENTED_EDGE('',*,*,#2566,.T.);
#2566 = EDGE_CURVE('',#2055,#2567,#2569,.T.);
#2567 = VERTEX_POINT('',#2568);
#2568 = CARTESIAN_POINT('',(-20.,74.715056627234,139.38989221983));
#2569 = SURFACE_CURVE('',#2570,(#2573,#2579),.PCURVE_S1.);
#2570 = B_SPLINE_CURVE_WITH_KNOTS('',1,(#2571,#2572),.UNSPECIFIED.,.F.,
  .F.,(2,2),(23.,28.),.PIECEWISE_BEZIER_KNOTS.);
#2571 = CARTESIAN_POINT('',(-15.,74.715056627234,139.38989221983));
#2572 = CARTESIAN_POINT('',(-20.,74.715056627234,139.38989221983));
#2573 = PCURVE('',#1970,#2574);
#2574 = DEFINITIONAL_REPRESENTATION('',(#2575),#2578);
#2575 = B_SPLINE_CURVE_WITH_KNOTS('',1,(#2576,#2577),.UNSPECIFIED.,.F.,
  .F.,(2,2),(23.,28.),.PIECEWISE_BEZIER_KNOTS.);
#2576 = CARTESIAN_POINT('',(44.,23.));
#2577 = CARTESIAN_POINT('',(44.,28.));
#2578 = ( GEOMETRIC_REPRESENTATION_CONTEXT(2) 
PARAMETRIC_REPRESENTATION_CONTEXT() REPRESENTATION_CONTEXT('2D SPACE',''
  ) );
#2579 = PCURVE('',#2111,#2580);
#2580 = DEFINITIONAL_REPRESENTATION('',(#2581),#2584);
#2581 = B_SPLINE_CURVE_WITH_KNOTS('',1,(#2582,#2583),.UNSPECIFIED.,.F.,
  .F.,(2,2),(23.,28.),.PIECEWISE_BEZIER_KNOTS.);
#2582 = CARTESIAN_POINT('',(0.,-23.));
#2583 = CARTESIAN_POINT('',(0.,-28.));
#2584 = ( GEOMETRIC_REPRESENTATION_CONTEXT(2) 
PARAMETRIC_REPRESENTATION_CONTEXT() REPRESENTATION_CONTEXT('2D SPACE',''
  ) );
#2585 = ORIENTED_EDGE('',*,*,#2586,.F.);
#2586 = EDGE_CURVE('',#2587,#2567,#2589,.T.);
#2587 = VERTEX_POINT('',#2588);
#2588 = CARTESIAN_POINT('',(-20.,109.38597453105,139.38989221983));
#2589 = SURFACE_CURVE('',#2590,(#2593,#2599),.PCURVE_S1.);
#2590 = B_SPLINE_CURVE_WITH_KNOTS('',1,(#2591,#2592),.UNSPECIFIED.,.F.,
  .F.,(2,2),(0.,44.),.PIECEWISE_BEZIER_KNOTS.);
#2591 = CARTESIAN_POINT('',(-20.,118.71505662723,139.38989221983));
#2592 = CARTESIAN_POINT('',(-20.,74.715056627234,139.38989221983));
#2593 = PCURVE('',#1970,#2594);
#2594 = DEFINITIONAL_REPRESENTATION('',(#2595),#2598);
#2595 = B_SPLINE_CURVE_WITH_KNOTS('',1,(#2596,#2597),.UNSPECIFIED.,.F.,
  .F.,(2,2),(0.,44.),.PIECEWISE_BEZIER_KNOTS.);
#2596 = CARTESIAN_POINT('',(0.,28.));
#2597 = CARTESIAN_POINT('',(44.,28.));
#2598 = ( GEOMETRIC_REPRESENTATION_CONTEXT(2) 
PARAMETRIC_REPRESENTATION_CONTEXT() REPRESENTATION_CONTEXT('2D SPACE',''
  ) );
#2599 = PCURVE('',#2161,#2600);
#2600 = DEFINITIONAL_REPRESENTATION('',(#2601),#2604);
#2601 = B_SPLINE_CURVE_WITH_KNOTS('',1,(#2602,#2603),.UNSPECIFIED.,.F.,
  .F.,(2,2),(0.,44.),.PIECEWISE_BEZIER_KNOTS.);
#2602 = CARTESIAN_POINT('',(0.,0.));
#2603 = CARTESIAN_POINT('',(0.,44.));
#2604 = ( GEOMETRIC_REPRESENTATION_CONTEXT(2) 
PARAMETRIC_REPRESENTATION_CONTEXT() REPRESENTATION_CONTEXT('2D SPACE',''
  ) );
#2605 = ORIENTED_EDGE('',*,*,#2606,.T.);
#2606 = EDGE_CURVE('',#2587,#2495,#2607,.T.);
#2607 = SURFACE_CURVE('',#2608,(#2737,#2869),.PCURVE_S1.);
#2608 = B_SPLINE_CURVE_WITH_KNOTS('',8,(#2609,#2610,#2611,#2612,#2613,
    #2614,#2615,#2616,#2617,#2618,#2619,#2620,#2621,#2622,#2623,#2624,
    #2625,#2626,#2627,#2628,#2629,#2630,#2631,#2632,#2633,#2634,#2635,
    #2636,#2637,#2638,#2639,#2640,#2641,#2642,#2643,#2644,#2645,#2646,
    #2647,#2648,#2649,#2650,#2651,#2652,#2653,#2654,#2655,#2656,#2657,
    #2658,#2659,#2660,#2661,#2662,#2663,#2664,#2665,#2666,#2667,#2668,
    #2669,#2670,#2671,#2672,#2673,#2674,#2675,#2676,#2677,#2678,#2679,
    #2680,#2681,#2682,#2683,#2684,#2685,#2686,#2687,#2688,#2689,#2690,
    #2691,#2692,#2693,#2694,#2695,#2696,#2697,#2698,#2699,#2700,#2701,
    #2702,#2703,#2704,#2705,#2706,#2707,#2708,#2709,#2710,#2711,#2712,
    #2713,#2714,#2715,#2716,#2717,#2718,#2719,#2720,#2721,#2722,#2723,
    #2724,#2725,#2726,#2727,#2728,#2729,#2730,#2731,#2732,#2733,#2734,
    #2735,#2736),.UNSPECIFIED.,.F.,.F.,(9,7,7,7,7,7,7,7,7,7,7,7,7,7,7,7,
    7,7,9),(0.,0.128383458475,0.171677000459,0.194995429708,
    0.209717262198,0.242142840406,0.281485642501,0.299882429654,
    0.331165635841,0.399781081798,0.516006041086,0.713600256839,
    0.818981725386,0.911412125904,0.956066860911,0.977743211274,
    0.988300916732,0.99357443504,1.),.UNSPECIFIED.);
#2609 = CARTESIAN_POINT('',(-20.,109.38597453105,139.38989221983));
#2610 = CARTESIAN_POINT('',(-19.9389559591,109.21617399955,
    139.38989221983));
#2611 = CARTESIAN_POINT('',(-19.86995505172,109.04977310402,
    139.38989221983));
#2612 = CARTESIAN_POINT('',(-19.79223642218,108.88729565655,
    139.38989221983));
#2613 = CARTESIAN_POINT('',(-19.70503364659,108.72973486067,
    139.38989221983));
#2614 = CARTESIAN_POINT('',(-19.60762396762,108.57853218038,
    139.38989221983));
#2615 = CARTESIAN_POINT('',(-19.49941246419,108.43552556188,
    139.38989221983));
#2616 = CARTESIAN_POINT('',(-19.37999384141,108.3029180383,
    139.38989221983));
#2617 = CARTESIAN_POINT('',(-19.20500607451,108.1429860713,
    139.38989221983));
#2618 = CARTESIAN_POINT('',(-19.15960073871,108.1041557993,
    139.38989221983));
#2619 = CARTESIAN_POINT('',(-19.11292351383,108.0669343088,
    139.38989221983));
#2620 = CARTESIAN_POINT('',(-19.06498860832,108.03143716308,
    139.38989221983));
#2621 = CARTESIAN_POINT('',(-19.01582093422,107.99778578932,
    139.38989221983));
#2622 = CARTESIAN_POINT('',(-18.96545759732,107.96610515579,
    139.38989221983));
#2623 = CARTESIAN_POINT('',(-18.91394938732,107.93652144896,
    139.38989221983));
#2624 = CARTESIAN_POINT('',(-18.83303820459,107.89442240657,
    139.38989221983));
#2625 = CARTESIAN_POINT('',(-18.80440147792,107.88032981228,
    139.38989221983));
#2626 = CARTESIAN_POINT('',(-18.77546277298,107.86690158568,
    139.38989221983));
#2627 = CARTESIAN_POINT('',(-18.7462340566,107.85415715671,
    139.38989221983));
#2628 = CARTESIAN_POINT('',(-18.71672864536,107.842115579,
    139.38989221983));
#2629 = CARTESIAN_POINT('',(-18.68696127363,107.83079534158,
    139.38989221983));
#2630 = CARTESIAN_POINT('',(-18.65694816152,107.82021418052,
    139.38989221983));
#2631 = CARTESIAN_POINT('',(-18.60761471231,107.80418580246,
    139.38989221983));
#2632 = CARTESIAN_POINT('',(-18.58843143321,107.79828395906,
    139.38989221983));
#2633 = CARTESIAN_POINT('',(-18.56916171379,107.79268762334,
    139.38989221983));
#2634 = CARTESIAN_POINT('',(-18.54981022801,107.78740084983,
    139.38989221983));
#2635 = CARTESIAN_POINT('',(-18.53038185564,107.78242748465,
    139.38989221983));
#2636 = CARTESIAN_POINT('',(-18.51088168224,107.77777116555,
    139.38989221983));
#2637 = CARTESIAN_POINT('',(-18.49131499916,107.77343532189,
    139.38989221983));
#2638 = CARTESIAN_POINT('',(-18.42845631458,107.76058621802,
    139.38989221983));
#2639 = CARTESIAN_POINT('',(-18.3849273913,107.75331912902,
    139.38989221983));
#2640 = CARTESIAN_POINT('',(-18.34116158204,107.7476564763,
    139.38989221983));
#2641 = CARTESIAN_POINT('',(-18.29722218443,107.74362613234,
    139.38989221983));
#2642 = CARTESIAN_POINT('',(-18.25317469909,107.74124872733,
    139.38989221983));
#2643 = CARTESIAN_POINT('',(-18.20908678342,107.74053710296,
    139.38989221983));
#2644 = CARTESIAN_POINT('',(-18.16502820538,107.74149576624,
    139.38989221983));
#2645 = CARTESIAN_POINT('',(-18.06773612412,107.7473048114,
    139.38989221983));
#2646 = CARTESIAN_POINT('',(-18.01454384707,107.75294223704,
    139.38989221983));
#2647 = CARTESIAN_POINT('',(-17.96162410509,107.7610250436,
    139.38989221983));
#2648 = CARTESIAN_POINT('',(-17.90909927138,107.77152694117,
    139.38989221983));
#2649 = CARTESIAN_POINT('',(-17.8570840714,107.78440457945,
    139.38989221983));
#2650 = CARTESIAN_POINT('',(-17.80568570099,107.79959920057,
    139.38989221983));
#2651 = CARTESIAN_POINT('',(-17.75500394458,107.81703829189,
    139.38989221983));
#2652 = CARTESIAN_POINT('',(-17.68181072376,107.84580175276,
    139.38989221983));
#2653 = CARTESIAN_POINT('',(-17.65866605023,107.85543896202,
    139.38989221983));
#2654 = CARTESIAN_POINT('',(-17.63570613139,107.86554035203,
    139.38989221983));
#2655 = CARTESIAN_POINT('',(-17.6129392466,107.87609710248,
    139.38989221983));
#2656 = CARTESIAN_POINT('',(-17.59037309579,107.88710008732,
    139.38989221983));
#2657 = CARTESIAN_POINT('',(-17.56801479956,107.89853987481,
    139.38989221983));
#2658 = CARTESIAN_POINT('',(-17.54587089908,107.91040672748,
    139.38989221983));
#2659 = CARTESIAN_POINT('',(-17.48666700348,107.94357897693,
    139.38989221983));
#2660 = CARTESIAN_POINT('',(-17.45002381262,107.96567346042,
    139.38989221983));
#2661 = CARTESIAN_POINT('',(-17.41404700462,107.98892530772,
    139.38989221983));
#2662 = CARTESIAN_POINT('',(-17.37876077586,108.01328469683,
    139.38989221983));
#2663 = CARTESIAN_POINT('',(-17.34418470078,108.03870135955,
    139.38989221983));
#2664 = CARTESIAN_POINT('',(-17.31033413459,108.06512521225,
    139.38989221983));
#2665 = CARTESIAN_POINT('',(-17.27722061603,108.09250698675,
    139.38989221983));
#2666 = CARTESIAN_POINT('',(-17.17385671807,108.18285322876,
    139.38989221983));
#2667 = CARTESIAN_POINT('',(-17.10646033515,108.24927342725,
    139.38989221983));
#2668 = CARTESIAN_POINT('',(-17.04272606273,108.31956795392,
    139.38989221983));
#2669 = CARTESIAN_POINT('',(-16.98265723227,108.39327179556,
    139.38989221983));
#2670 = CARTESIAN_POINT('',(-16.92621018725,108.4699572827,
    139.38989221983));
#2671 = CARTESIAN_POINT('',(-16.87330535609,108.54924324818,
    139.38989221983));
#2672 = CARTESIAN_POINT('',(-16.82383677611,108.63080249022,
    139.38989221983));
#2673 = CARTESIAN_POINT('',(-16.6994970682,108.85591503442,
    139.38989221983));
#2674 = CARTESIAN_POINT('',(-16.63087922189,109.00310369404,
    139.38989221983));
#2675 = CARTESIAN_POINT('',(-16.57116021882,109.15468608469,
    139.38989221983));
#2676 = CARTESIAN_POINT('',(-16.51971613506,109.30963296986,
    139.38989221983));
#2677 = CARTESIAN_POINT('',(-16.47592294556,109.46710811853,
    139.38989221983));
#2678 = CARTESIAN_POINT('',(-16.43916553569,109.62646770817,
    139.38989221983));
#2679 = CARTESIAN_POINT('',(-16.40886395878,109.78726802361,
    139.38989221983));
#2680 = CARTESIAN_POINT('',(-16.34303205037,110.22467669943,
    139.38989221983));
#2681 = CARTESIAN_POINT('',(-16.31876708515,110.50305716197,
    139.38989221983));
#2682 = CARTESIAN_POINT('',(-16.30898099928,110.78302179371,
    139.38989221983));
#2683 = CARTESIAN_POINT('',(-16.3115286122,111.06355898686,
    139.38989221983));
#2684 = CARTESIAN_POINT('',(-16.32441153751,111.34399329048,
    139.38989221983));
#2685 = CARTESIAN_POINT('',(-16.34583685836,111.62398795637,
    139.38989221983));
#2686 = CARTESIAN_POINT('',(-16.37414607192,111.90353491083,
    139.38989221983));
#2687 = CARTESIAN_POINT('',(-16.42574970855,112.33198511386,
    139.38989221983));
#2688 = CARTESIAN_POINT('',(-16.44521089653,112.48091028361,
    139.38989221983));
#2689 = CARTESIAN_POINT('',(-16.46594514623,112.62974999823,
    139.38989221983));
#2690 = CARTESIAN_POINT('',(-16.48771692832,112.7785229581,
    139.38989221983));
#2691 = CARTESIAN_POINT('',(-16.51029399437,112.92725296626,
    139.38989221983));
#2692 = CARTESIAN_POINT('',(-16.53344691707,113.0759689146,
    139.38989221983));
#2693 = CARTESIAN_POINT('',(-16.55694863046,113.22470476991,
    139.38989221983));
#2694 = CARTESIAN_POINT('',(-16.6012958261,113.50400791448,
    139.38989221983));
#2695 = CARTESIAN_POINT('',(-16.6221121151,113.63455734928,
    139.38989221983));
#2696 = CARTESIAN_POINT('',(-16.64287199928,113.76517262345,
    139.38989221983));
#2697 = CARTESIAN_POINT('',(-16.66342474489,113.89587653216,
    139.38989221983));
#2698 = CARTESIAN_POINT('',(-16.6836219731,114.026689494,139.38989221983
    ));
#2699 = CARTESIAN_POINT('',(-16.70331991085,114.15762913812,
    139.38989221983));
#2700 = CARTESIAN_POINT('',(-16.7223816416,114.28870989144,
    139.38989221983));
#2701 = CARTESIAN_POINT('',(-16.74951930052,114.48334335457,
    139.38989221983));
#2702 = CARTESIAN_POINT('',(-16.7581810263,114.5467792603,
    139.38989221983));
#2703 = CARTESIAN_POINT('',(-16.76664996669,114.61025129748,
    139.38989221983));
#2704 = CARTESIAN_POINT('',(-16.77491230371,114.67376016564,
    139.38989221983));
#2705 = CARTESIAN_POINT('',(-16.78295496822,114.73730624941,
    139.38989221983));
#2706 = CARTESIAN_POINT('',(-16.79076563993,114.80088961848,
    139.38989221983));
#2707 = CARTESIAN_POINT('',(-16.79833274738,114.86451002762,
    139.38989221983));
#2708 = CARTESIAN_POINT('',(-16.80919521678,114.95906731348,
    139.38989221983));
#2709 = CARTESIAN_POINT('',(-16.81268505017,114.98997630375,
    139.38989221983));
#2710 = CARTESIAN_POINT('',(-16.81611374835,115.02089382035,
    139.38989221983));
#2711 = CARTESIAN_POINT('',(-16.81948014987,115.05181977884,
    139.38989221983));
#2712 = CARTESIAN_POINT('',(-16.82278315161,115.08275407755,
    139.38989221983));
#2713 = CARTESIAN_POINT('',(-16.82602170879,115.11369659755,
    139.38989221983));
#2714 = CARTESIAN_POINT('',(-16.82919483495,115.14464720266,
    139.38989221983));
#2715 = CARTESIAN_POINT('',(-16.83381478707,115.19068443614,
    139.38989221983));
#2716 = CARTESIAN_POINT('',(-16.83531223059,115.20576501467,
    139.38989221983));
#2717 = CARTESIAN_POINT('',(-16.83679382573,115.22084745736,
    139.38989221983));
#2718 = CARTESIAN_POINT('',(-16.83825946941,115.23593174568,
    139.38989221983));
#2719 = CARTESIAN_POINT('',(-16.83970906222,115.25101786024,
    139.38989221983));
#2720 = CARTESIAN_POINT('',(-16.84114250846,115.26610578075,
    139.38989221983));
#2721 = CARTESIAN_POINT('',(-16.8425597161,115.28119548608,
    139.38989221983));
#2722 = CARTESIAN_POINT('',(-16.84466032936,115.30382506311,
    139.38989221983));
#2723 = CARTESIAN_POINT('',(-16.84535589467,115.31136260172,
    139.38989221983));
#2724 = CARTESIAN_POINT('',(-16.8460472855,115.31889958693,
    139.38989221983));
#2725 = CARTESIAN_POINT('',(-16.84673449481,115.32643603564,
    139.38989221983));
#2726 = CARTESIAN_POINT('',(-16.84741751574,115.33397196472,
    139.38989221983));
#2727 = CARTESIAN_POINT('',(-16.84809634162,115.341507391,
    139.38989221983));
#2728 = CARTESIAN_POINT('',(-16.84877096598,115.34904233132,
    139.38989221983));
#2729 = CARTESIAN_POINT('',(-16.85025825751,115.36575724539,
    139.38989221983));
#2730 = CARTESIAN_POINT('',(-16.85089861234,115.373023522,
    139.38989221983));
#2731 = CARTESIAN_POINT('',(-16.85153389994,115.38025080323,
    139.38989221983));
#2732 = CARTESIAN_POINT('',(-16.85225350476,115.38849165999,
    139.38989221983));
#2733 = CARTESIAN_POINT('',(-16.85306993207,115.39788568382,
    139.38989221983));
#2734 = CARTESIAN_POINT('',(-16.85389749349,115.40756092968,
    139.38989221983));
#2735 = CARTESIAN_POINT('',(-16.85457638126,115.41554245153,
    139.38989221983));
#2736 = CARTESIAN_POINT('',(-16.85484063233,115.41865240846,
    139.38989221983));
#2737 = PCURVE('',#1970,#2738);
#2738 = DEFINITIONAL_REPRESENTATION('',(#2739),#2868);
#2739 = B_SPLINE_CURVE_WITH_KNOTS('',8,(#2740,#2741,#2742,#2743,#2744,
    #2745,#2746,#2747,#2748,#2749,#2750,#2751,#2752,#2753,#2754,#2755,
    #2756,#2757,#2758,#2759,#2760,#2761,#2762,#2763,#2764,#2765,#2766,
    #2767,#2768,#2769,#2770,#2771,#2772,#2773,#2774,#2775,#2776,#2777,
    #2778,#2779,#2780,#2781,#2782,#2783,#2784,#2785,#2786,#2787,#2788,
    #2789,#2790,#2791,#2792,#2793,#2794,#2795,#2796,#2797,#2798,#2799,
    #2800,#2801,#2802,#2803,#2804,#2805,#2806,#2807,#2808,#2809,#2810,
    #2811,#2812,#2813,#2814,#2815,#2816,#2817,#2818,#2819,#2820,#2821,
    #2822,#2823,#2824,#2825,#2826,#2827,#2828,#2829,#2830,#2831,#2832,
    #2833,#2834,#2835,#2836,#2837,#2838,#2839,#2840,#2841,#2842,#2843,
    #2844,#2845,#2846,#2847,#2848,#2849,#2850,#2851,#2852,#2853,#2854,
    #2855,#2856,#2857,#2858,#2859,#2860,#2861,#2862,#2863,#2864,#2865,
    #2866,#2867),.UNSPECIFIED.,.F.,.F.,(9,7,7,7,7,7,7,7,7,7,7,7,7,7,7,7,
    7,7,9),(0.,0.128383458475,0.171677000459,0.194995429708,
    0.209717262198,0.242142840406,0.281485642501,0.299882429654,
    0.331165635841,0.399781081798,0.516006041086,0.713600256839,
    0.818981725386,0.911412125904,0.956066860911,0.977743211274,
    0.988300916732,0.99357443504,1.),.UNSPECIFIED.);
#2740 = CARTESIAN_POINT('',(9.329082096183,28.));
#2741 = CARTESIAN_POINT('',(9.498882627685,27.938955959102));
#2742 = CARTESIAN_POINT('',(9.665283523206,27.869955051729));
#2743 = CARTESIAN_POINT('',(9.827760970675,27.792236422189));
#2744 = CARTESIAN_POINT('',(9.985321766561,27.705033646594));
#2745 = CARTESIAN_POINT('',(10.136524446844,27.607623967623));
#2746 = CARTESIAN_POINT('',(10.279531065353,27.499412464192));
#2747 = CARTESIAN_POINT('',(10.412138588933,27.379993841412));
#2748 = CARTESIAN_POINT('',(10.572070555931,27.205006074513));
#2749 = CARTESIAN_POINT('',(10.610900827927,27.15960073871));
#2750 = CARTESIAN_POINT('',(10.648122318426,27.112923513832));
#2751 = CARTESIAN_POINT('',(10.683619464151,27.064988608321));
#2752 = CARTESIAN_POINT('',(10.71727083791,27.015820934222));
#2753 = CARTESIAN_POINT('',(10.748951471443,26.965457597329));
#2754 = CARTESIAN_POINT('',(10.778535178274,26.91394938732));
#2755 = CARTESIAN_POINT('',(10.820634220657,26.833038204593));
#2756 = CARTESIAN_POINT('',(10.834726814949,26.804401477927));
#2757 = CARTESIAN_POINT('',(10.848155041548,26.775462772984));
#2758 = CARTESIAN_POINT('',(10.860899470524,26.7462340566));
#2759 = CARTESIAN_POINT('',(10.872941048233,26.716728645367));
#2760 = CARTESIAN_POINT('',(10.884261285652,26.686961273634));
#2761 = CARTESIAN_POINT('',(10.894842446709,26.656948161524));
#2762 = CARTESIAN_POINT('',(10.910870824774,26.607614712319));
#2763 = CARTESIAN_POINT('',(10.916772668168,26.588431433219));
#2764 = CARTESIAN_POINT('',(10.922369003887,26.569161713798));
#2765 = CARTESIAN_POINT('',(10.927655777403,26.549810228019));
#2766 = CARTESIAN_POINT('',(10.932629142583,26.530381855645));
#2767 = CARTESIAN_POINT('',(10.937285461681,26.51088168224));
#2768 = CARTESIAN_POINT('',(10.941621305344,26.491314999164));
#2769 = CARTESIAN_POINT('',(10.954470409214,26.428456314589));
#2770 = CARTESIAN_POINT('',(10.961737498207,26.384927391301));
#2771 = CARTESIAN_POINT('',(10.967400150932,26.341161582046));
#2772 = CARTESIAN_POINT('',(10.971430494889,26.297222184432));
#2773 = CARTESIAN_POINT('',(10.973807899897,26.25317469909));
#2774 = CARTESIAN_POINT('',(10.974519524272,26.209086783428));
#2775 = CARTESIAN_POINT('',(10.973560860994,26.165028205382));
#2776 = CARTESIAN_POINT('',(10.967751815832,26.067736124129));
#2777 = CARTESIAN_POINT('',(10.962114390186,26.014543847075));
#2778 = CARTESIAN_POINT('',(10.954031583626,25.961624105096));
#2779 = CARTESIAN_POINT('',(10.943529686055,25.909099271388));
#2780 = CARTESIAN_POINT('',(10.930652047776,25.857084071402));
#2781 = CARTESIAN_POINT('',(10.915457426664,25.805685700999));
#2782 = CARTESIAN_POINT('',(10.898018335342,25.755003944586));
#2783 = CARTESIAN_POINT('',(10.869254874466,25.681810723764));
#2784 = CARTESIAN_POINT('',(10.85961766521,25.658666050231));
#2785 = CARTESIAN_POINT('',(10.849516275197,25.635706131396));
#2786 = CARTESIAN_POINT('',(10.838959524753,25.6129392466));
#2787 = CARTESIAN_POINT('',(10.827956539912,25.590373095798));
#2788 = CARTESIAN_POINT('',(10.816516752424,25.568014799563));
#2789 = CARTESIAN_POINT('',(10.80464989975,25.545870899084));
#2790 = CARTESIAN_POINT('',(10.771477650296,25.48666700348));
#2791 = CARTESIAN_POINT('',(10.749383166808,25.450023812621));
#2792 = CARTESIAN_POINT('',(10.726131319514,25.414047004626));
#2793 = CARTESIAN_POINT('',(10.7017719304,25.378760775868));
#2794 = CARTESIAN_POINT('',(10.676355267683,25.344184700782));
#2795 = CARTESIAN_POINT('',(10.649931414982,25.310334134592));
#2796 = CARTESIAN_POINT('',(10.622549640482,25.277220616035));
#2797 = CARTESIAN_POINT('',(10.532203398473,25.17385671807));
#2798 = CARTESIAN_POINT('',(10.465783199979,25.106460335156));
#2799 = CARTESIAN_POINT('',(10.395488673307,25.04272606273));
#2800 = CARTESIAN_POINT('',(10.321784831665,24.982657232274));
#2801 = CARTESIAN_POINT('',(10.245099344534,24.926210187259));
#2802 = CARTESIAN_POINT('',(10.165813379048,24.873305356091));
#2803 = CARTESIAN_POINT('',(10.084254137006,24.823836776114));
#2804 = CARTESIAN_POINT('',(9.859141592809,24.699497068209));
#2805 = CARTESIAN_POINT('',(9.711952933187,24.630879221895));
#2806 = CARTESIAN_POINT('',(9.560370542544,24.57116021882));
#2807 = CARTESIAN_POINT('',(9.405423657373,24.519716135061));
#2808 = CARTESIAN_POINT('',(9.247948508695,24.475922945568));
#2809 = CARTESIAN_POINT('',(9.088588919064,24.439165535698));
#2810 = CARTESIAN_POINT('',(8.927788603615,24.408863958787));
#2811 = CARTESIAN_POINT('',(8.490379927797,24.343032050375));
#2812 = CARTESIAN_POINT('',(8.211999465253,24.318767085154));
#2813 = CARTESIAN_POINT('',(7.932034833528,24.308980999288));
#2814 = CARTESIAN_POINT('',(7.651497640357,24.3115286122));
#2815 = CARTESIAN_POINT('',(7.371063336755,24.324411537515));
#2816 = CARTESIAN_POINT('',(7.091068670856,24.345836858368));
#2817 = CARTESIAN_POINT('',(6.811521716403,24.374146071922));
#2818 = CARTESIAN_POINT('',(6.383071513371,24.425749708554));
#2819 = CARTESIAN_POINT('',(6.234146343622,24.445210896539));
#2820 = CARTESIAN_POINT('',(6.085306628996,24.465945146238));
#2821 = CARTESIAN_POINT('',(5.936533669132,24.487716928325));
#2822 = CARTESIAN_POINT('',(5.787803660969,24.510293994372));
#2823 = CARTESIAN_POINT('',(5.639087712634,24.533446917073));
#2824 = CARTESIAN_POINT('',(5.490351857322,24.556948630468));
#2825 = CARTESIAN_POINT('',(5.211048712751,24.601295826109));
#2826 = CARTESIAN_POINT('',(5.080499277945,24.622112115108));
#2827 = CARTESIAN_POINT('',(4.949884003783,24.642871999286));
#2828 = CARTESIAN_POINT('',(4.819180095074,24.663424744891));
#2829 = CARTESIAN_POINT('',(4.688367133234,24.683621973105));
#2830 = CARTESIAN_POINT('',(4.55742748911,24.703319910852));
#2831 = CARTESIAN_POINT('',(4.426346735788,24.722381641602));
#2832 = CARTESIAN_POINT('',(4.231713272658,24.749519300527));
#2833 = CARTESIAN_POINT('',(4.168277366927,24.758181026303));
#2834 = CARTESIAN_POINT('',(4.104805329753,24.766649966691));
#2835 = CARTESIAN_POINT('',(4.041296461592,24.774912303712));
#2836 = CARTESIAN_POINT('',(3.977750377823,24.782954968227));
#2837 = CARTESIAN_POINT('',(3.914167008751,24.790765639937));
#2838 = CARTESIAN_POINT('',(3.850546599606,24.798332747385));
#2839 = CARTESIAN_POINT('',(3.755989313754,24.809195216784));
#2840 = CARTESIAN_POINT('',(3.725080323476,24.812685050174));
#2841 = CARTESIAN_POINT('',(3.69416280688,24.816113748353));
#2842 = CARTESIAN_POINT('',(3.663236848389,24.819480149873));
#2843 = CARTESIAN_POINT('',(3.632302549679,24.822783151617));
#2844 = CARTESIAN_POINT('',(3.601360029679,24.826021708796));
#2845 = CARTESIAN_POINT('',(3.570409424571,24.82919483495));
#2846 = CARTESIAN_POINT('',(3.52437219109,24.833814787074));
#2847 = CARTESIAN_POINT('',(3.509291612564,24.835312230596));
#2848 = CARTESIAN_POINT('',(3.494209169873,24.836793825738));
#2849 = CARTESIAN_POINT('',(3.479124881548,24.838259469414));
#2850 = CARTESIAN_POINT('',(3.464038766991,24.839709062224));
#2851 = CARTESIAN_POINT('',(3.448950846476,24.84114250846));
#2852 = CARTESIAN_POINT('',(3.433861141145,24.842559716101));
#2853 = CARTESIAN_POINT('',(3.411231564116,24.844660329363));
#2854 = CARTESIAN_POINT('',(3.403694025512,24.845355894673));
#2855 = CARTESIAN_POINT('',(3.396157040297,24.846047285507));
#2856 = CARTESIAN_POINT('',(3.388620591585,24.846734494817));
#2857 = CARTESIAN_POINT('',(3.38108466251,24.847417515744));
#2858 = CARTESIAN_POINT('',(3.373549236227,24.848096341625));
#2859 = CARTESIAN_POINT('',(3.366014295911,24.848770965984));
#2860 = CARTESIAN_POINT('',(3.349299381836,24.850258257517));
#2861 = CARTESIAN_POINT('',(3.342033064545,24.850899085919));
#2862 = CARTESIAN_POINT('',(3.334805981913,24.85153206179));
#2863 = CARTESIAN_POINT('',(3.326564687091,24.852256765699));
#2864 = CARTESIAN_POINT('',(3.317171218519,24.853066729735));
#2865 = CARTESIAN_POINT('',(3.307495554974,24.853899153106));
#2866 = CARTESIAN_POINT('',(3.299514194376,24.854576163859));
#2867 = CARTESIAN_POINT('',(3.296404237446,24.854840414929));
#2868 = ( GEOMETRIC_REPRESENTATION_CONTEXT(2) 
PARAMETRIC_REPRESENTATION_CONTEXT() REPRESENTATION_CONTEXT('2D SPACE',''
  ) );
#2869 = PCURVE('',#2354,#2870);
#2870 = DEFINITIONAL_REPRESENTATION('',(#2871),#3000);
#2871 = B_SPLINE_CURVE_WITH_KNOTS('',8,(#2872,#2873,#2874,#2875,#2876,
    #2877,#2878,#2879,#2880,#2881,#2882,#2883,#2884,#2885,#2886,#2887,
    #2888,#2889,#2890,#2891,#2892,#2893,#2894,#2895,#2896,#2897,#2898,
    #2899,#2900,#2901,#2902,#2903,#2904,#2905,#2906,#2907,#2908,#2909,
    #2910,#2911,#2912,#2913,#2914,#2915,#2916,#2917,#2918,#2919,#2920,
    #2921,#2922,#2923,#2924,#2925,#2926,#2927,#2928,#2929,#2930,#2931,
    #2932,#2933,#2934,#2935,#2936,#2937,#2938,#2939,#2940,#2941,#2942,
    #2943,#2944,#2945,#2946,#2947,#2948,#2949,#2950,#2951,#2952,#2953,
    #2954,#2955,#2956,#2957,#2958,#2959,#2960,#2961,#2962,#2963,#2964,
    #2965,#2966,#2967,#2968,#2969,#2970,#2971,#2972,#2973,#2974,#2975,
    #2976,#2977,#2978,#2979,#2980,#2981,#2982,#2983,#2984,#2985,#2986,
    #2987,#2988,#2989,#2990,#2991,#2992,#2993,#2994,#2995,#2996,#2997,
    #2998,#2999),.UNSPECIFIED.,.F.,.F.,(9,7,7,7,7,7,7,7,7,7,7,7,7,7,7,7,
    7,7,9),(0.,0.128383458475,0.171677000459,0.194995429708,
    0.209717262198,0.242142840406,0.281485642501,0.299882429654,
    0.331165635841,0.399781081798,0.516006041086,0.713600256839,
    0.818981725386,0.911412125904,0.956066860911,0.977743211274,
    0.988300916732,0.99357443504,1.),.UNSPECIFIED.);
#2872 = CARTESIAN_POINT('',(0.563323778998,5.188309682963));
#2873 = CARTESIAN_POINT('',(0.576361185787,5.243770235373));
#2874 = CARTESIAN_POINT('',(0.58890959485,5.301300087941));
#2875 = CARTESIAN_POINT('',(0.600951923898,5.361130656036));
#2876 = CARTESIAN_POINT('',(0.612439716182,5.423453555751));
#2877 = CARTESIAN_POINT('',(0.623300389205,5.488434909267));
#2878 = CARTESIAN_POINT('',(0.633444346608,5.556222222522));
#2879 = CARTESIAN_POINT('',(0.642767817169,5.626969150773));
#2880 = CARTESIAN_POINT('',(0.653973013548,5.725835639594));
#2881 = CARTESIAN_POINT('',(0.656689838681,5.751116667996));
#2882 = CARTESIAN_POINT('',(0.659292501055,5.776748054444));
#2883 = CARTESIAN_POINT('',(0.661775302674,5.80272895387));
#2884 = CARTESIAN_POINT('',(0.664132219152,5.829055824295));
#2885 = CARTESIAN_POINT('',(0.666357012198,5.855722076522));
#2886 = CARTESIAN_POINT('',(0.668443342101,5.882717723827));
#2887 = CARTESIAN_POINT('',(0.6714306163,5.924739234835));
#2888 = CARTESIAN_POINT('',(0.67243433674,5.939540833558));
#2889 = CARTESIAN_POINT('',(0.673395044541,5.954431468856));
#2890 = CARTESIAN_POINT('',(0.674311748355,5.969408462776));
#2891 = CARTESIAN_POINT('',(0.675183471207,5.984468780718));
#2892 = CARTESIAN_POINT('',(0.676009259236,5.999608993785));
#2893 = CARTESIAN_POINT('',(0.676788190426,6.014825241123));
#2894 = CARTESIAN_POINT('',(0.677981013907,6.039765071204));
#2895 = CARTESIAN_POINT('',(0.678423618687,6.049445549169));
#2896 = CARTESIAN_POINT('',(0.678846974179,6.05915354231));
#2897 = CARTESIAN_POINT('',(0.679250866508,6.06888790647));
#2898 = CARTESIAN_POINT('',(0.679635091427,6.078647437201));
#2899 = CARTESIAN_POINT('',(0.679999454319,6.088430869761));
#2900 = CARTESIAN_POINT('',(0.680343770195,6.098236879111));
#2901 = CARTESIAN_POINT('',(0.681381695961,6.129708985113));
#2902 = CARTESIAN_POINT('',(0.681997458132,6.151457665258));
#2903 = CARTESIAN_POINT('',(0.68251325533,6.173294062046));
#2904 = CARTESIAN_POINT('',(0.682927521229,6.195201914435));
#2905 = CARTESIAN_POINT('',(0.683239043396,6.217164496826));
#2906 = CARTESIAN_POINT('',(0.683446988641,6.239164357236));
#2907 = CARTESIAN_POINT('',(0.683550928367,6.261183055473));
#2908 = CARTESIAN_POINT('',(0.683550785717,6.309915729516));
#2909 = CARTESIAN_POINT('',(0.683397590242,6.336632539239));
#2910 = CARTESIAN_POINT('',(0.683091277374,6.363315303465));
#2911 = CARTESIAN_POINT('',(0.682632784989,6.389931147638));
#2912 = CARTESIAN_POINT('',(0.682023912658,6.416449679852));
#2913 = CARTESIAN_POINT('',(0.681267245355,6.44284232103));
#2914 = CARTESIAN_POINT('',(0.680366077163,6.469081635119));
#2915 = CARTESIAN_POINT('',(0.678837213863,6.507325920495));
#2916 = CARTESIAN_POINT('',(0.678319333935,6.519472295982));
#2917 = CARTESIAN_POINT('',(0.677771089448,6.531577360072));
#2918 = CARTESIAN_POINT('',(0.677192891292,6.54363884046));
#2919 = CARTESIAN_POINT('',(0.676585166986,6.555654618193));
#2920 = CARTESIAN_POINT('',(0.675948360675,6.567622727672));
#2921 = CARTESIAN_POINT('',(0.675282933133,6.579541356654));
#2922 = CARTESIAN_POINT('',(0.673409963639,6.611589170167));
#2923 = CARTESIAN_POINT('',(0.672149172533,6.631621627065));
#2924 = CARTESIAN_POINT('',(0.670809303812,6.651498131328));
#2925 = CARTESIAN_POINT('',(0.669392737622,6.671211962925));
#2926 = CARTESIAN_POINT('',(0.667901887295,6.690757645748));
#2927 = CARTESIAN_POINT('',(0.666339167745,6.710130825961));
#2928 = CARTESIAN_POINT('',(0.664706963869,6.729328150344));
#2929 = CARTESIAN_POINT('',(0.659280273777,6.790062714575));
#2930 = CARTESIAN_POINT('',(0.655230597192,6.830912003733));
#2931 = CARTESIAN_POINT('',(0.650882324759,6.87088159482));
#2932 = CARTESIAN_POINT('',(0.64625806341,6.909969413094));
#2933 = CARTESIAN_POINT('',(0.64137885928,6.948182653881));
#2934 = CARTESIAN_POINT('',(0.636263707732,6.985536747919));
#2935 = CARTESIAN_POINT('',(0.630928985552,7.022055364557));
#2936 = CARTESIAN_POINT('',(0.6160018218,7.118269506028));
#2937 = CARTESIAN_POINT('',(0.606031025514,7.176416300537));
#2938 = CARTESIAN_POINT('',(0.595536269647,7.232405905263));
#2939 = CARTESIAN_POINT('',(0.584569315584,7.28637308034));
#2940 = CARTESIAN_POINT('',(0.573174610969,7.338434636746));
#2941 = CARTESIAN_POINT('',(0.561388196283,7.388704561515));
#2942 = CARTESIAN_POINT('',(0.549235225518,7.437297794524));
#2943 = CARTESIAN_POINT('',(0.515463332054,7.564309884786));
#2944 = CARTESIAN_POINT('',(0.493211821593,7.639649623363));
#2945 = CARTESIAN_POINT('',(0.470050594813,7.71093854299));
#2946 = CARTESIAN_POINT('',(0.446049661166,7.778445989982));
#2947 = CARTESIAN_POINT('',(0.421272303764,7.842355711899));
#2948 = CARTESIAN_POINT('',(0.395768942546,7.902762179345));
#2949 = CARTESIAN_POINT('',(0.369570731158,7.959708989291));
#2950 = CARTESIAN_POINT('',(0.328344090903,8.04167651708));
#2951 = CARTESIAN_POINT('',(0.313814849061,8.069181756517));
#2952 = CARTESIAN_POINT('',(0.299100534732,8.09567237111));
#2953 = CARTESIAN_POINT('',(0.284206141247,8.121130120588));
#2954 = CARTESIAN_POINT('',(0.269136970363,8.145529050176));
#2955 = CARTESIAN_POINT('',(0.253898603287,8.168836223665));
#2956 = CARTESIAN_POINT('',(0.238496871693,8.191012456495));
#2957 = CARTESIAN_POINT('',(0.20929094575,8.230432731031));
#2958 = CARTESIAN_POINT('',(0.195523489598,8.247947321573));
#2959 = CARTESIAN_POINT('',(0.181639701906,8.264526841011));
#2960 = CARTESIAN_POINT('',(0.167644496561,8.280137101599));
#2961 = CARTESIAN_POINT('',(0.153543486455,8.294740982449));
#2962 = CARTESIAN_POINT('',(0.139343010224,8.308299704687));
#2963 = CARTESIAN_POINT('',(0.125050158983,8.320774106612));
#2964 = CARTESIAN_POINT('',(0.103726852217,8.337610176901));
#2965 = CARTESIAN_POINT('',(9.676121225519E-02,8.342832459648));
#2966 = CARTESIAN_POINT('',(8.977679496844E-02,8.347788361585));
#2967 = CARTESIAN_POINT('',(8.27745629524E-02,8.352473646291));
#2968 = CARTESIAN_POINT('',(7.575552960933E-02,8.356884246427));
#2969 = CARTESIAN_POINT('',(6.872075914774E-02,8.361016263745));
#2970 = CARTESIAN_POINT('',(6.167136658241E-02,8.36486596908));
#2971 = CARTESIAN_POINT('',(5.118006191284E-02,8.370159762208));
#2972 = CARTESIAN_POINT('',(4.77484350701E-02,8.371822374355));
#2973 = CARTESIAN_POINT('',(4.431377057902E-02,8.373417240723));
#2974 = CARTESIAN_POINT('',(4.087620423164E-02,8.374943980986));
#2975 = CARTESIAN_POINT('',(3.743587423924E-02,8.376402232567));
#2976 = CARTESIAN_POINT('',(3.39929212323E-02,8.377791650637));
#2977 = CARTESIAN_POINT('',(3.05474882605E-02,8.379111908117));
#2978 = CARTESIAN_POINT('',(2.542044763092E-02,8.380971905551));
#2979 = CARTESIAN_POINT('',(2.37406206176E-02,8.381564635516));
#2980 = CARTESIAN_POINT('',(2.206025654053E-02,8.382140850061));
#2981 = CARTESIAN_POINT('',(2.037937229962E-02,8.382700514872));
#2982 = CARTESIAN_POINT('',(1.869798490695E-02,8.383243596833));
#2983 = CARTESIAN_POINT('',(1.701611148672E-02,8.38377006403));
#2984 = CARTESIAN_POINT('',(1.533376927532E-02,8.384279885745));
#2985 = CARTESIAN_POINT('',(1.281042904806E-02,8.385019356648));
#2986 = CARTESIAN_POINT('',(1.196988247485E-02,8.385261487507));
#2987 = CARTESIAN_POINT('',(1.112933590162E-02,8.385499423965));
#2988 = CARTESIAN_POINT('',(1.028878932839E-02,8.385733164972));
#2989 = CARTESIAN_POINT('',(9.448242755157E-03,8.385962709499));
#2990 = CARTESIAN_POINT('',(8.607696181931E-03,8.386188056541));
#2991 = CARTESIAN_POINT('',(7.767149608717E-03,8.386409205112));
#2992 = CARTESIAN_POINT('',(5.902431639381E-03,8.386890497848));
#2993 = CARTESIAN_POINT('',(5.091727261449E-03,8.387093497903));
#2994 = CARTESIAN_POINT('',(4.285354996004E-03,8.387293776481));
#2995 = CARTESIAN_POINT('',(3.365841309257E-03,8.387517362329));
#2996 = CARTESIAN_POINT('',(2.31760516148E-03,8.387768333929));
#2997 = CARTESIAN_POINT('',(1.237854182684E-03,8.388013548664));
#2998 = CARTESIAN_POINT('',(3.470858210448E-04,8.388212051532));
#2999 = CARTESIAN_POINT('',(0.,8.388289124066));
#3000 = ( GEOMETRIC_REPRESENTATION_CONTEXT(2) 
PARAMETRIC_REPRESENTATION_CONTEXT() REPRESENTATION_CONTEXT('2D SPACE',''
  ) );
#3001 = ORIENTED_EDGE('',*,*,#2517,.T.);
#3002 = ADVANCED_FACE('',(#3003),#2111,.F.);
#3003 = FACE_BOUND('',#3004,.F.);
#3004 = EDGE_LOOP('',(#3005,#3006,#3007,#3008));
#3005 = ORIENTED_EDGE('',*,*,#2127,.F.);
#3006 = ORIENTED_EDGE('',*,*,#2099,.F.);
#3007 = ORIENTED_EDGE('',*,*,#2566,.T.);
#3008 = ORIENTED_EDGE('',*,*,#3009,.T.);
#3009 = EDGE_CURVE('',#2567,#2128,#3010,.T.);
#3010 = SURFACE_CURVE('',#3011,(#3014,#3020),.PCURVE_S1.);
#3011 = B_SPLINE_CURVE_WITH_KNOTS('',1,(#3012,#3013),.UNSPECIFIED.,.F.,
  .F.,(2,2),(0.,2.),.PIECEWISE_BEZIER_KNOTS.);
#3012 = CARTESIAN_POINT('',(-20.,74.715056627234,139.38989221983));
#3013 = CARTESIAN_POINT('',(-20.,74.715056627234,141.38989221983));
#3014 = PCURVE('',#2111,#3015);
#3015 = DEFINITIONAL_REPRESENTATION('',(#3016),#3019);
#3016 = B_SPLINE_CURVE_WITH_KNOTS('',1,(#3017,#3018),.UNSPECIFIED.,.F.,
  .F.,(2,2),(0.,2.),.PIECEWISE_BEZIER_KNOTS.);
#3017 = CARTESIAN_POINT('',(0.,-28.));
#3018 = CARTESIAN_POINT('',(2.,-28.));
#3019 = ( GEOMETRIC_REPRESENTATION_CONTEXT(2) 
PARAMETRIC_REPRESENTATION_CONTEXT() REPRESENTATION_CONTEXT('2D SPACE',''
  ) );
#3020 = PCURVE('',#2161,#3021);
#3021 = DEFINITIONAL_REPRESENTATION('',(#3022),#3025);
#3022 = B_SPLINE_CURVE_WITH_KNOTS('',1,(#3023,#3024),.UNSPECIFIED.,.F.,
  .F.,(2,2),(0.,2.),.PIECEWISE_BEZIER_KNOTS.);
#3023 = CARTESIAN_POINT('',(0.,44.));
#3024 = CARTESIAN_POINT('',(2.,44.));
#3025 = ( GEOMETRIC_REPRESENTATION_CONTEXT(2) 
PARAMETRIC_REPRESENTATION_CONTEXT() REPRESENTATION_CONTEXT('2D SPACE',''
  ) );
#3026 = ADVANCED_FACE('',(#3027),#2354,.F.);
#3027 = FACE_BOUND('',#3028,.F.);
#3028 = EDGE_LOOP('',(#3029,#3030,#3031,#3032));
#3029 = ORIENTED_EDGE('',*,*,#2606,.T.);
#3030 = ORIENTED_EDGE('',*,*,#2494,.T.);
#3031 = ORIENTED_EDGE('',*,*,#2172,.F.);
#3032 = ORIENTED_EDGE('',*,*,#3033,.F.);
#3033 = EDGE_CURVE('',#2587,#2148,#3034,.T.);
#3034 = SURFACE_CURVE('',#3035,(#3050,#3068),.PCURVE_S1.);
#3035 = B_SPLINE_CURVE_WITH_KNOTS('',4,(#3036,#3037,#3038,#3039,#3040,
    #3041,#3042,#3043,#3044,#3045,#3046,#3047,#3048,#3049),
  .UNSPECIFIED.,.F.,.F.,(5,3,3,3,5),(0.,0.251784062029,0.489769184676,
    0.718676410863,1.),.UNSPECIFIED.);
#3036 = CARTESIAN_POINT('',(-20.,109.38597453105,139.38989221983));
#3037 = CARTESIAN_POINT('',(-20.,109.59150306082,139.5609223673));
#3038 = CARTESIAN_POINT('',(-20.,109.80282832018,139.72499490689));
#3039 = CARTESIAN_POINT('',(-20.,110.01958033537,139.88183441133));
#3040 = CARTESIAN_POINT('',(-20.,110.45099966479,140.17239300794));
#3041 = CARTESIAN_POINT('',(-20.,110.66513038676,140.30690820384));
#3042 = CARTESIAN_POINT('',(-20.,110.88342902071,140.43455488817));
#3043 = CARTESIAN_POINT('',(-20.,111.31920064502,140.67118337898));
#3044 = CARTESIAN_POINT('',(-20.,111.53638763937,140.78069146447));
#3045 = CARTESIAN_POINT('',(-20.,111.75680585606,140.88354832249));
#3046 = CARTESIAN_POINT('',(-20.,112.25461455586,141.09773104339));
#3047 = CARTESIAN_POINT('',(-20.,112.53349367015,141.20560301266));
#3048 = CARTESIAN_POINT('',(-20.,112.81619212215,141.30303902443));
#3049 = CARTESIAN_POINT('',(-20.,113.10211158326,141.38989221983));
#3050 = PCURVE('',#2354,#3051);
#3051 = DEFINITIONAL_REPRESENTATION('',(#3052),#3067);
#3052 = B_SPLINE_CURVE_WITH_KNOTS('',4,(#3053,#3054,#3055,#3056,#3057,
    #3058,#3059,#3060,#3061,#3062,#3063,#3064,#3065,#3066),
  .UNSPECIFIED.,.F.,.F.,(5,3,3,3,5),(0.,0.251784062029,0.489769184676,
    0.718676410863,1.),.UNSPECIFIED.);
#3053 = CARTESIAN_POINT('',(0.563323778989,5.188309682968));
#3054 = CARTESIAN_POINT('',(0.538952622314,5.201672911933));
#3055 = CARTESIAN_POINT('',(0.514650130419,5.214951092013));
#3056 = CARTESIAN_POINT('',(0.490413992036,5.22813979179));
#3057 = CARTESIAN_POINT('',(0.443394551862,5.253611629242));
#3058 = CARTESIAN_POINT('',(0.420604416867,5.265904786003));
#3059 = CARTESIAN_POINT('',(0.397869544714,5.278110230398));
#3060 = CARTESIAN_POINT('',(0.353371639792,5.301875977721));
#3061 = CARTESIAN_POINT('',(0.331604612355,5.313443132347));
#3062 = CARTESIAN_POINT('',(0.309885194776,5.324922213743));
#3063 = CARTESIAN_POINT('',(0.261575269763,5.350304948367));
#3064 = CARTESIAN_POINT('',(0.235008188296,5.364161900089));
#3065 = CARTESIAN_POINT('',(0.208507286102,5.377874270712));
#3066 = CARTESIAN_POINT('',(0.18206948673,5.391435597011));
#3067 = ( GEOMETRIC_REPRESENTATION_CONTEXT(2) 
PARAMETRIC_REPRESENTATION_CONTEXT() REPRESENTATION_CONTEXT('2D SPACE',''
  ) );
#3068 = PCURVE('',#2161,#3069);
#3069 = DEFINITIONAL_REPRESENTATION('',(#3070),#3085);
#3070 = B_SPLINE_CURVE_WITH_KNOTS('',4,(#3071,#3072,#3073,#3074,#3075,
    #3076,#3077,#3078,#3079,#3080,#3081,#3082,#3083,#3084),
  .UNSPECIFIED.,.F.,.F.,(5,3,3,3,5),(0.,0.251784062029,0.489769184676,
    0.718676410863,1.),.UNSPECIFIED.);
#3071 = CARTESIAN_POINT('',(0.,9.329082096183));
#3072 = CARTESIAN_POINT('',(0.171030147467,9.123553566408));
#3073 = CARTESIAN_POINT('',(0.335102687059,8.912228307054));
#3074 = CARTESIAN_POINT('',(0.491942191497,8.695476291856));
#3075 = CARTESIAN_POINT('',(0.782500788108,8.264056962442));
#3076 = CARTESIAN_POINT('',(0.917015984011,8.049926240474));
#3077 = CARTESIAN_POINT('',(1.044662668333,7.831627606519));
#3078 = CARTESIAN_POINT('',(1.281291159152,7.395855982206));
#3079 = CARTESIAN_POINT('',(1.39079924464,7.178668987859));
#3080 = CARTESIAN_POINT('',(1.493656102663,6.958250771173));
#3081 = CARTESIAN_POINT('',(1.707838823563,6.460442071366));
#3082 = CARTESIAN_POINT('',(1.815710792831,6.181562957084));
#3083 = CARTESIAN_POINT('',(1.913146804601,5.898864505077));
#3084 = CARTESIAN_POINT('',(2.,5.612945043972));
#3085 = ( GEOMETRIC_REPRESENTATION_CONTEXT(2) 
PARAMETRIC_REPRESENTATION_CONTEXT() REPRESENTATION_CONTEXT('2D SPACE',''
  ) );
#3086 = ADVANCED_FACE('',(#3087),#2161,.F.);
#3087 = FACE_BOUND('',#3088,.F.);
#3088 = EDGE_LOOP('',(#3089,#3090,#3091,#3092));
#3089 = ORIENTED_EDGE('',*,*,#2586,.F.);
#3090 = ORIENTED_EDGE('',*,*,#3033,.T.);
#3091 = ORIENTED_EDGE('',*,*,#2147,.T.);
#3092 = ORIENTED_EDGE('',*,*,#3009,.F.);
#3093 = ( GEOMETRIC_REPRESENTATION_CONTEXT(3) 
GLOBAL_UNCERTAINTY_ASSIGNED_CONTEXT((#3097)) 
GLOBAL_UNIT_ASSIGNED_CONTEXT((#3094,#3095,#3096)) REPRESENTATION_CONTEXT
('Context #1','3D Context with UNIT and UNCERTAINTY') );
#3094 = ( LENGTH_UNIT() NAMED_UNIT(*) SI_UNIT(.MILLI.,.METRE.) );
#3095 = ( NAMED_UNIT(*) PLANE_ANGLE_UNIT() SI_UNIT($,.RADIAN.) );
#3096 = ( NAMED_UNIT(*) SI_UNIT($,.STERADIAN.) SOLID_ANGLE_UNIT() );
#3097 = UNCERTAINTY_MEASURE_WITH_UNIT(LENGTH_MEASURE(2.E-06),#3094,
  'distance_accuracy_value','confusion accuracy');
#3098 = CONTEXT_DEPENDENT_SHAPE_REPRESENTATION(#3099,#3101);
#3099 = ( REPRESENTATION_RELATIONSHIP('','',#36,#10) 
REPRESENTATION_RELATIONSHIP_WITH_TRANSFORMATION(#3100) 
SHAPE_REPRESENTATION_RELATIONSHIP() );
#3100 = ITEM_DEFINED_TRANSFORMATION('','',#11,#15);
#3101 = PRODUCT_DEFINITION_SHAPE('Placement','Placement of an item',
  #3102);
#3102 = NEXT_ASSEMBLY_USAGE_OCCURRENCE('20','','',#5,#31,$);
#3103 = PRODUCT_RELATED_PRODUCT_CATEGORY('part',$,(#33));
#3104 = SHAPE_DEFINITION_REPRESENTATION(#3105,#3111);
#3105 = PRODUCT_DEFINITION_SHAPE('','',#3106);
#3106 = PRODUCT_DEFINITION('design','',#3107,#3110);
#3107 = PRODUCT_DEFINITION_FORMATION('','',#3108);
#3108 = PRODUCT('Open CASCADE STEP translator 7.8 83.2',
  'Open CASCADE STEP translator 7.8 83.2','',(#3109));
#3109 = PRODUCT_CONTEXT('',#2,'mechanical');
#3110 = PRODUCT_DEFINITION_CONTEXT('part definition',#2,'design');
#3111 = ADVANCED_BREP_SHAPE_REPRESENTATION('',(#11,#3112),#3410);
#3112 = MANIFOLD_SOLID_BREP('',#3113);
#3113 = CLOSED_SHELL('',(#3114,#3223,#3290,#3336,#3379,#3403));
#3114 = ADVANCED_FACE('',(#3115),#3128,.T.);
#3115 = FACE_BOUND('',#3116,.T.);
#3116 = EDGE_LOOP('',(#3117,#3149,#3174,#3199));
#3117 = ORIENTED_EDGE('',*,*,#3118,.F.);
#3118 = EDGE_CURVE('',#3119,#3121,#3123,.T.);
#3119 = VERTEX_POINT('',#3120);
#3120 = CARTESIAN_POINT('',(-13.,118.71505662723,117.38989221983));
#3121 = VERTEX_POINT('',#3122);
#3122 = CARTESIAN_POINT('',(-13.,118.71505662723,134.38989221983));
#3123 = SURFACE_CURVE('',#3124,(#3127,#3138),.PCURVE_S1.);
#3124 = B_SPLINE_CURVE_WITH_KNOTS('',1,(#3125,#3126),.UNSPECIFIED.,.F.,
  .F.,(2,2),(0.,22.),.PIECEWISE_BEZIER_KNOTS.);
#3125 = CARTESIAN_POINT('',(-13.,118.71505662723,117.38989221983));
#3126 = CARTESIAN_POINT('',(-13.,118.71505662723,139.38989221983));
#3127 = PCURVE('',#3128,#3133);
#3128 = B_SPLINE_SURFACE_WITH_KNOTS('',1,1,(
    (#3129,#3130)
    ,(#3131,#3132
    )),.UNSPECIFIED.,.F.,.F.,.F.,(2,2),(2,2),(0.,22.),(-2.,0.),
  .PIECEWISE_BEZIER_KNOTS.);
#3129 = CARTESIAN_POINT('',(-15.,118.71505662723,117.38989221983));
#3130 = CARTESIAN_POINT('',(-13.,118.71505662723,117.38989221983));
#3131 = CARTESIAN_POINT('',(-15.,118.71505662723,139.38989221983));
#3132 = CARTESIAN_POINT('',(-13.,118.71505662723,139.38989221983));
#3133 = DEFINITIONAL_REPRESENTATION('',(#3134),#3137);
#3134 = B_SPLINE_CURVE_WITH_KNOTS('',1,(#3135,#3136),.UNSPECIFIED.,.F.,
  .F.,(2,2),(0.,22.),.PIECEWISE_BEZIER_KNOTS.);
#3135 = CARTESIAN_POINT('',(0.,0.));
#3136 = CARTESIAN_POINT('',(22.,0.));
#3137 = ( GEOMETRIC_REPRESENTATION_CONTEXT(2) 
PARAMETRIC_REPRESENTATION_CONTEXT() REPRESENTATION_CONTEXT('2D SPACE',''
  ) );
#3138 = PCURVE('',#3139,#3144);
#3139 = B_SPLINE_SURFACE_WITH_KNOTS('',1,1,(
    (#3140,#3141)
    ,(#3142,#3143
    )),.UNSPECIFIED.,.F.,.F.,.F.,(2,2),(2,2),(0.,22.),(0.,44.),
  .PIECEWISE_BEZIER_KNOTS.);
#3140 = CARTESIAN_POINT('',(-13.,118.71505662723,117.38989221983));
#3141 = CARTESIAN_POINT('',(-13.,74.715056627234,117.38989221983));
#3142 = CARTESIAN_POINT('',(-13.,118.71505662723,139.38989221983));
#3143 = CARTESIAN_POINT('',(-13.,74.715056627234,139.38989221983));
#3144 = DEFINITIONAL_REPRESENTATION('',(#3145),#3148);
#3145 = B_SPLINE_CURVE_WITH_KNOTS('',1,(#3146,#3147),.UNSPECIFIED.,.F.,
  .F.,(2,2),(0.,22.),.PIECEWISE_BEZIER_KNOTS.);
#3146 = CARTESIAN_POINT('',(0.,0.));
#3147 = CARTESIAN_POINT('',(22.,0.));
#3148 = ( GEOMETRIC_REPRESENTATION_CONTEXT(2) 
PARAMETRIC_REPRESENTATION_CONTEXT() REPRESENTATION_CONTEXT('2D SPACE',''
  ) );
#3149 = ORIENTED_EDGE('',*,*,#3150,.T.);
#3150 = EDGE_CURVE('',#3119,#3151,#3153,.T.);
#3151 = VERTEX_POINT('',#3152);
#3152 = CARTESIAN_POINT('',(-15.,118.71505662723,117.38989221983));
#3153 = SURFACE_CURVE('',#3154,(#3157,#3163),.PCURVE_S1.);
#3154 = B_SPLINE_CURVE_WITH_KNOTS('',1,(#3155,#3156),.UNSPECIFIED.,.F.,
  .F.,(2,2),(0.,2.),.PIECEWISE_BEZIER_KNOTS.);
#3155 = CARTESIAN_POINT('',(-13.,118.71505662723,117.38989221983));
#3156 = CARTESIAN_POINT('',(-15.,118.71505662723,117.38989221983));
#3157 = PCURVE('',#3128,#3158);
#3158 = DEFINITIONAL_REPRESENTATION('',(#3159),#3162);
#3159 = B_SPLINE_CURVE_WITH_KNOTS('',1,(#3160,#3161),.UNSPECIFIED.,.F.,
  .F.,(2,2),(0.,2.),.PIECEWISE_BEZIER_KNOTS.);
#3160 = CARTESIAN_POINT('',(0.,0.));
#3161 = CARTESIAN_POINT('',(0.,-2.));
#3162 = ( GEOMETRIC_REPRESENTATION_CONTEXT(2) 
PARAMETRIC_REPRESENTATION_CONTEXT() REPRESENTATION_CONTEXT('2D SPACE',''
  ) );
#3163 = PCURVE('',#3164,#3169);
#3164 = B_SPLINE_SURFACE_WITH_KNOTS('',1,1,(
    (#3165,#3166)
    ,(#3167,#3168
    )),.UNSPECIFIED.,.F.,.F.,.F.,(2,2),(2,2),(0.,44.),(0.,2.),
  .PIECEWISE_BEZIER_KNOTS.);
#3165 = CARTESIAN_POINT('',(-13.,118.71505662723,117.38989221983));
#3166 = CARTESIAN_POINT('',(-15.,118.71505662723,117.38989221983));
#3167 = CARTESIAN_POINT('',(-13.,74.715056627234,117.38989221983));
#3168 = CARTESIAN_POINT('',(-15.,74.715056627234,117.38989221983));
#3169 = DEFINITIONAL_REPRESENTATION('',(#3170),#3173);
#3170 = B_SPLINE_CURVE_WITH_KNOTS('',1,(#3171,#3172),.UNSPECIFIED.,.F.,
  .F.,(2,2),(0.,2.),.PIECEWISE_BEZIER_KNOTS.);
#3171 = CARTESIAN_POINT('',(0.,0.));
#3172 = CARTESIAN_POINT('',(0.,2.));
#3173 = ( GEOMETRIC_REPRESENTATION_CONTEXT(2) 
PARAMETRIC_REPRESENTATION_CONTEXT() REPRESENTATION_CONTEXT('2D SPACE',''
  ) );
#3174 = ORIENTED_EDGE('',*,*,#3175,.T.);
#3175 = EDGE_CURVE('',#3151,#3176,#3178,.T.);
#3176 = VERTEX_POINT('',#3177);
#3177 = CARTESIAN_POINT('',(-15.,118.71505662723,134.38989221983));
#3178 = SURFACE_CURVE('',#3179,(#3182,#3188),.PCURVE_S1.);
#3179 = B_SPLINE_CURVE_WITH_KNOTS('',1,(#3180,#3181),.UNSPECIFIED.,.F.,
  .F.,(2,2),(0.,22.),.PIECEWISE_BEZIER_KNOTS.);
#3180 = CARTESIAN_POINT('',(-15.,118.71505662723,117.38989221983));
#3181 = CARTESIAN_POINT('',(-15.,118.71505662723,139.38989221983));
#3182 = PCURVE('',#3128,#3183);
#3183 = DEFINITIONAL_REPRESENTATION('',(#3184),#3187);
#3184 = B_SPLINE_CURVE_WITH_KNOTS('',1,(#3185,#3186),.UNSPECIFIED.,.F.,
  .F.,(2,2),(0.,22.),.PIECEWISE_BEZIER_KNOTS.);
#3185 = CARTESIAN_POINT('',(0.,-2.));
#3186 = CARTESIAN_POINT('',(22.,-2.));
#3187 = ( GEOMETRIC_REPRESENTATION_CONTEXT(2) 
PARAMETRIC_REPRESENTATION_CONTEXT() REPRESENTATION_CONTEXT('2D SPACE',''
  ) );
#3188 = PCURVE('',#3189,#3194);
#3189 = B_SPLINE_SURFACE_WITH_KNOTS('',1,1,(
    (#3190,#3191)
    ,(#3192,#3193
    )),.UNSPECIFIED.,.F.,.F.,.F.,(2,2),(2,2),(0.,22.),(0.,44.),
  .PIECEWISE_BEZIER_KNOTS.);
#3190 = CARTESIAN_POINT('',(-15.,118.71505662723,117.38989221983));
#3191 = CARTESIAN_POINT('',(-15.,74.715056627234,117.38989221983));
#3192 = CARTESIAN_POINT('',(-15.,118.71505662723,139.38989221983));
#3193 = CARTESIAN_POINT('',(-15.,74.715056627234,139.38989221983));
#3194 = DEFINITIONAL_REPRESENTATION('',(#3195),#3198);
#3195 = B_SPLINE_CURVE_WITH_KNOTS('',1,(#3196,#3197),.UNSPECIFIED.,.F.,
  .F.,(2,2),(0.,22.),.PIECEWISE_BEZIER_KNOTS.);
#3196 = CARTESIAN_POINT('',(0.,0.));
#3197 = CARTESIAN_POINT('',(22.,0.));
#3198 = ( GEOMETRIC_REPRESENTATION_CONTEXT(2) 
PARAMETRIC_REPRESENTATION_CONTEXT() REPRESENTATION_CONTEXT('2D SPACE',''
  ) );
#3199 = ORIENTED_EDGE('',*,*,#3200,.F.);
#3200 = EDGE_CURVE('',#3121,#3176,#3201,.T.);
#3201 = SURFACE_CURVE('',#3202,(#3205,#3212),.PCURVE_S1.);
#3202 = B_SPLINE_CURVE_WITH_KNOTS('',1,(#3203,#3204),.UNSPECIFIED.,.F.,
  .F.,(2,2),(0.,42.),.PIECEWISE_BEZIER_KNOTS.);
#3203 = CARTESIAN_POINT('',(22.,118.71505662723,134.38989221983));
#3204 = CARTESIAN_POINT('',(-20.,118.71505662723,134.38989221983));
#3205 = PCURVE('',#3128,#3206);
#3206 = DEFINITIONAL_REPRESENTATION('',(#3207),#3211);
#3207 = B_SPLINE_CURVE_WITH_KNOTS('',2,(#3208,#3209,#3210),
  .UNSPECIFIED.,.F.,.F.,(3,3),(35.,37.),.PIECEWISE_BEZIER_KNOTS.);
#3208 = CARTESIAN_POINT('',(17.,-1.373900992974E-15));
#3209 = CARTESIAN_POINT('',(17.,-1.));
#3210 = CARTESIAN_POINT('',(17.,-2.));
#3211 = ( GEOMETRIC_REPRESENTATION_CONTEXT(2) 
PARAMETRIC_REPRESENTATION_CONTEXT() REPRESENTATION_CONTEXT('2D SPACE',''
  ) );
#3212 = PCURVE('',#3213,#3218);
#3213 = B_SPLINE_SURFACE_WITH_KNOTS('',1,1,(
    (#3214,#3215)
    ,(#3216,#3217
    )),.UNSPECIFIED.,.F.,.F.,.F.,(2,2),(2,2),(0.,44.),(0.,42.),
  .PIECEWISE_BEZIER_KNOTS.);
#3214 = CARTESIAN_POINT('',(22.,118.71505662723,134.38989221983));
#3215 = CARTESIAN_POINT('',(-20.,118.71505662723,134.38989221983));
#3216 = CARTESIAN_POINT('',(22.,74.715056627234,134.38989221983));
#3217 = CARTESIAN_POINT('',(-20.,74.715056627234,134.38989221983));
#3218 = DEFINITIONAL_REPRESENTATION('',(#3219),#3222);
#3219 = B_SPLINE_CURVE_WITH_KNOTS('',1,(#3220,#3221),.UNSPECIFIED.,.F.,
  .F.,(2,2),(0.,42.),.PIECEWISE_BEZIER_KNOTS.);
#3220 = CARTESIAN_POINT('',(0.,0.));
#3221 = CARTESIAN_POINT('',(0.,42.));
#3222 = ( GEOMETRIC_REPRESENTATION_CONTEXT(2) 
PARAMETRIC_REPRESENTATION_CONTEXT() REPRESENTATION_CONTEXT('2D SPACE',''
  ) );
#3223 = ADVANCED_FACE('',(#3224),#3139,.T.);
#3224 = FACE_BOUND('',#3225,.T.);
#3225 = EDGE_LOOP('',(#3226,#3253,#3271,#3272));
#3226 = ORIENTED_EDGE('',*,*,#3227,.F.);
#3227 = EDGE_CURVE('',#3228,#3230,#3232,.T.);
#3228 = VERTEX_POINT('',#3229);
#3229 = CARTESIAN_POINT('',(-13.,74.715056627234,117.38989221983));
#3230 = VERTEX_POINT('',#3231);
#3231 = CARTESIAN_POINT('',(-13.,74.715056627234,134.38989221983));
#3232 = SURFACE_CURVE('',#3233,(#3236,#3242),.PCURVE_S1.);
#3233 = B_SPLINE_CURVE_WITH_KNOTS('',1,(#3234,#3235),.UNSPECIFIED.,.F.,
  .F.,(2,2),(0.,22.),.PIECEWISE_BEZIER_KNOTS.);
#3234 = CARTESIAN_POINT('',(-13.,74.715056627234,117.38989221983));
#3235 = CARTESIAN_POINT('',(-13.,74.715056627234,139.38989221983));
#3236 = PCURVE('',#3139,#3237);
#3237 = DEFINITIONAL_REPRESENTATION('',(#3238),#3241);
#3238 = B_SPLINE_CURVE_WITH_KNOTS('',1,(#3239,#3240),.UNSPECIFIED.,.F.,
  .F.,(2,2),(0.,22.),.PIECEWISE_BEZIER_KNOTS.);
#3239 = CARTESIAN_POINT('',(0.,44.));
#3240 = CARTESIAN_POINT('',(22.,44.));
#3241 = ( GEOMETRIC_REPRESENTATION_CONTEXT(2) 
PARAMETRIC_REPRESENTATION_CONTEXT() REPRESENTATION_CONTEXT('2D SPACE',''
  ) );
#3242 = PCURVE('',#3243,#3248);
#3243 = B_SPLINE_SURFACE_WITH_KNOTS('',1,1,(
    (#3244,#3245)
    ,(#3246,#3247
    )),.UNSPECIFIED.,.F.,.F.,.F.,(2,2),(2,2),(0.,22.),(-2.,0.),
  .PIECEWISE_BEZIER_KNOTS.);
#3244 = CARTESIAN_POINT('',(-15.,74.715056627234,117.38989221983));
#3245 = CARTESIAN_POINT('',(-13.,74.715056627234,117.38989221983));
#3246 = CARTESIAN_POINT('',(-15.,74.715056627234,139.38989221983));
#3247 = CARTESIAN_POINT('',(-13.,74.715056627234,139.38989221983));
#3248 = DEFINITIONAL_REPRESENTATION('',(#3249),#3252);
#3249 = B_SPLINE_CURVE_WITH_KNOTS('',1,(#3250,#3251),.UNSPECIFIED.,.F.,
  .F.,(2,2),(0.,22.),.PIECEWISE_BEZIER_KNOTS.);
#3250 = CARTESIAN_POINT('',(0.,0.));
#3251 = CARTESIAN_POINT('',(22.,0.));
#3252 = ( GEOMETRIC_REPRESENTATION_CONTEXT(2) 
PARAMETRIC_REPRESENTATION_CONTEXT() REPRESENTATION_CONTEXT('2D SPACE',''
  ) );
#3253 = ORIENTED_EDGE('',*,*,#3254,.F.);
#3254 = EDGE_CURVE('',#3119,#3228,#3255,.T.);
#3255 = SURFACE_CURVE('',#3256,(#3259,#3265),.PCURVE_S1.);
#3256 = B_SPLINE_CURVE_WITH_KNOTS('',1,(#3257,#3258),.UNSPECIFIED.,.F.,
  .F.,(2,2),(0.,44.),.PIECEWISE_BEZIER_KNOTS.);
#3257 = CARTESIAN_POINT('',(-13.,118.71505662723,117.38989221983));
#3258 = CARTESIAN_POINT('',(-13.,74.715056627234,117.38989221983));
#3259 = PCURVE('',#3139,#3260);
#3260 = DEFINITIONAL_REPRESENTATION('',(#3261),#3264);
#3261 = B_SPLINE_CURVE_WITH_KNOTS('',1,(#3262,#3263),.UNSPECIFIED.,.F.,
  .F.,(2,2),(0.,44.),.PIECEWISE_BEZIER_KNOTS.);
#3262 = CARTESIAN_POINT('',(0.,0.));
#3263 = CARTESIAN_POINT('',(0.,44.));
#3264 = ( GEOMETRIC_REPRESENTATION_CONTEXT(2) 
PARAMETRIC_REPRESENTATION_CONTEXT() REPRESENTATION_CONTEXT('2D SPACE',''
  ) );
#3265 = PCURVE('',#3164,#3266);
#3266 = DEFINITIONAL_REPRESENTATION('',(#3267),#3270);
#3267 = B_SPLINE_CURVE_WITH_KNOTS('',1,(#3268,#3269),.UNSPECIFIED.,.F.,
  .F.,(2,2),(0.,44.),.PIECEWISE_BEZIER_KNOTS.);
#3268 = CARTESIAN_POINT('',(0.,0.));
#3269 = CARTESIAN_POINT('',(44.,0.));
#3270 = ( GEOMETRIC_REPRESENTATION_CONTEXT(2) 
PARAMETRIC_REPRESENTATION_CONTEXT() REPRESENTATION_CONTEXT('2D SPACE',''
  ) );
#3271 = ORIENTED_EDGE('',*,*,#3118,.T.);
#3272 = ORIENTED_EDGE('',*,*,#3273,.T.);
#3273 = EDGE_CURVE('',#3121,#3230,#3274,.T.);
#3274 = SURFACE_CURVE('',#3275,(#3278,#3284),.PCURVE_S1.);
#3275 = B_SPLINE_CURVE_WITH_KNOTS('',1,(#3276,#3277),.UNSPECIFIED.,.F.,
  .F.,(2,2),(0.,1.),.PIECEWISE_BEZIER_KNOTS.);
#3276 = CARTESIAN_POINT('',(-13.,118.71505662723,134.38989221983));
#3277 = CARTESIAN_POINT('',(-13.,74.715056627234,134.38989221983));
#3278 = PCURVE('',#3139,#3279);
#3279 = DEFINITIONAL_REPRESENTATION('',(#3280),#3283);
#3280 = B_SPLINE_CURVE_WITH_KNOTS('',1,(#3281,#3282),.UNSPECIFIED.,.F.,
  .F.,(2,2),(0.,1.),.PIECEWISE_BEZIER_KNOTS.);
#3281 = CARTESIAN_POINT('',(17.,0.));
#3282 = CARTESIAN_POINT('',(17.,44.));
#3283 = ( GEOMETRIC_REPRESENTATION_CONTEXT(2) 
PARAMETRIC_REPRESENTATION_CONTEXT() REPRESENTATION_CONTEXT('2D SPACE',''
  ) );
#3284 = PCURVE('',#3213,#3285);
#3285 = DEFINITIONAL_REPRESENTATION('',(#3286),#3289);
#3286 = B_SPLINE_CURVE_WITH_KNOTS('',1,(#3287,#3288),.UNSPECIFIED.,.F.,
  .F.,(2,2),(0.,1.),.PIECEWISE_BEZIER_KNOTS.);
#3287 = CARTESIAN_POINT('',(5.884022435954E-12,35.));
#3288 = CARTESIAN_POINT('',(43.999999999604,35.));
#3289 = ( GEOMETRIC_REPRESENTATION_CONTEXT(2) 
PARAMETRIC_REPRESENTATION_CONTEXT() REPRESENTATION_CONTEXT('2D SPACE',''
  ) );
#3290 = ADVANCED_FACE('',(#3291),#3213,.F.);
#3291 = FACE_BOUND('',#3292,.F.);
#3292 = EDGE_LOOP('',(#3293,#3315,#3316,#3317));
#3293 = ORIENTED_EDGE('',*,*,#3294,.F.);
#3294 = EDGE_CURVE('',#3176,#3295,#3297,.T.);
#3295 = VERTEX_POINT('',#3296);
#3296 = CARTESIAN_POINT('',(-15.,74.715056627234,134.38989221983));
#3297 = SURFACE_CURVE('',#3298,(#3301,#3308),.PCURVE_S1.);
#3298 = B_SPLINE_CURVE_WITH_KNOTS('',1,(#3299,#3300),.UNSPECIFIED.,.F.,
  .F.,(2,2),(0.,44.),.PIECEWISE_BEZIER_KNOTS.);
#3299 = CARTESIAN_POINT('',(-15.,118.71505662723,134.38989221983));
#3300 = CARTESIAN_POINT('',(-15.,74.715056627234,134.38989221983));
#3301 = PCURVE('',#3213,#3302);
#3302 = DEFINITIONAL_REPRESENTATION('',(#3303),#3307);
#3303 = B_SPLINE_CURVE_WITH_KNOTS('',2,(#3304,#3305,#3306),
  .UNSPECIFIED.,.F.,.F.,(3,3),(0.,44.),.PIECEWISE_BEZIER_KNOTS.);
#3304 = CARTESIAN_POINT('',(4.547577592273E-15,37.));
#3305 = CARTESIAN_POINT('',(22.,37.));
#3306 = CARTESIAN_POINT('',(44.,37.));
#3307 = ( GEOMETRIC_REPRESENTATION_CONTEXT(2) 
PARAMETRIC_REPRESENTATION_CONTEXT() REPRESENTATION_CONTEXT('2D SPACE',''
  ) );
#3308 = PCURVE('',#3189,#3309);
#3309 = DEFINITIONAL_REPRESENTATION('',(#3310),#3314);
#3310 = B_SPLINE_CURVE_WITH_KNOTS('',2,(#3311,#3312,#3313),
  .UNSPECIFIED.,.F.,.F.,(3,3),(0.,44.),.PIECEWISE_BEZIER_KNOTS.);
#3311 = CARTESIAN_POINT('',(17.,4.547577592273E-15));
#3312 = CARTESIAN_POINT('',(17.,22.));
#3313 = CARTESIAN_POINT('',(17.,44.));
#3314 = ( GEOMETRIC_REPRESENTATION_CONTEXT(2) 
PARAMETRIC_REPRESENTATION_CONTEXT() REPRESENTATION_CONTEXT('2D SPACE',''
  ) );
#3315 = ORIENTED_EDGE('',*,*,#3200,.F.);
#3316 = ORIENTED_EDGE('',*,*,#3273,.T.);
#3317 = ORIENTED_EDGE('',*,*,#3318,.T.);
#3318 = EDGE_CURVE('',#3230,#3295,#3319,.T.);
#3319 = SURFACE_CURVE('',#3320,(#3323,#3329),.PCURVE_S1.);
#3320 = B_SPLINE_CURVE_WITH_KNOTS('',1,(#3321,#3322),.UNSPECIFIED.,.F.,
  .F.,(2,2),(0.,42.),.PIECEWISE_BEZIER_KNOTS.);
#3321 = CARTESIAN_POINT('',(22.,74.715056627234,134.38989221983));
#3322 = CARTESIAN_POINT('',(-20.,74.715056627234,134.38989221983));
#3323 = PCURVE('',#3213,#3324);
#3324 = DEFINITIONAL_REPRESENTATION('',(#3325),#3328);
#3325 = B_SPLINE_CURVE_WITH_KNOTS('',1,(#3326,#3327),.UNSPECIFIED.,.F.,
  .F.,(2,2),(0.,42.),.PIECEWISE_BEZIER_KNOTS.);
#3326 = CARTESIAN_POINT('',(44.,0.));
#3327 = CARTESIAN_POINT('',(44.,42.));
#3328 = ( GEOMETRIC_REPRESENTATION_CONTEXT(2) 
PARAMETRIC_REPRESENTATION_CONTEXT() REPRESENTATION_CONTEXT('2D SPACE',''
  ) );
#3329 = PCURVE('',#3243,#3330);
#3330 = DEFINITIONAL_REPRESENTATION('',(#3331),#3335);
#3331 = B_SPLINE_CURVE_WITH_KNOTS('',2,(#3332,#3333,#3334),
  .UNSPECIFIED.,.F.,.F.,(3,3),(35.,37.),.PIECEWISE_BEZIER_KNOTS.);
#3332 = CARTESIAN_POINT('',(17.,-1.373900992974E-15));
#3333 = CARTESIAN_POINT('',(17.,-1.));
#3334 = CARTESIAN_POINT('',(17.,-2.));
#3335 = ( GEOMETRIC_REPRESENTATION_CONTEXT(2) 
PARAMETRIC_REPRESENTATION_CONTEXT() REPRESENTATION_CONTEXT('2D SPACE',''
  ) );
#3336 = ADVANCED_FACE('',(#3337),#3189,.F.);
#3337 = FACE_BOUND('',#3338,.F.);
#3338 = EDGE_LOOP('',(#3339,#3359,#3377,#3378));
#3339 = ORIENTED_EDGE('',*,*,#3340,.F.);
#3340 = EDGE_CURVE('',#3341,#3295,#3343,.T.);
#3341 = VERTEX_POINT('',#3342);
#3342 = CARTESIAN_POINT('',(-15.,74.715056627234,117.38989221983));
#3343 = SURFACE_CURVE('',#3344,(#3347,#3353),.PCURVE_S1.);
#3344 = B_SPLINE_CURVE_WITH_KNOTS('',1,(#3345,#3346),.UNSPECIFIED.,.F.,
  .F.,(2,2),(0.,22.),.PIECEWISE_BEZIER_KNOTS.);
#3345 = CARTESIAN_POINT('',(-15.,74.715056627234,117.38989221983));
#3346 = CARTESIAN_POINT('',(-15.,74.715056627234,139.38989221983));
#3347 = PCURVE('',#3189,#3348);
#3348 = DEFINITIONAL_REPRESENTATION('',(#3349),#3352);
#3349 = B_SPLINE_CURVE_WITH_KNOTS('',1,(#3350,#3351),.UNSPECIFIED.,.F.,
  .F.,(2,2),(0.,22.),.PIECEWISE_BEZIER_KNOTS.);
#3350 = CARTESIAN_POINT('',(0.,44.));
#3351 = CARTESIAN_POINT('',(22.,44.));
#3352 = ( GEOMETRIC_REPRESENTATION_CONTEXT(2) 
PARAMETRIC_REPRESENTATION_CONTEXT() REPRESENTATION_CONTEXT('2D SPACE',''
  ) );
#3353 = PCURVE('',#3243,#3354);
#3354 = DEFINITIONAL_REPRESENTATION('',(#3355),#3358);
#3355 = B_SPLINE_CURVE_WITH_KNOTS('',1,(#3356,#3357),.UNSPECIFIED.,.F.,
  .F.,(2,2),(0.,22.),.PIECEWISE_BEZIER_KNOTS.);
#3356 = CARTESIAN_POINT('',(0.,-2.));
#3357 = CARTESIAN_POINT('',(22.,-2.));
#3358 = ( GEOMETRIC_REPRESENTATION_CONTEXT(2) 
PARAMETRIC_REPRESENTATION_CONTEXT() REPRESENTATION_CONTEXT('2D SPACE',''
  ) );
#3359 = ORIENTED_EDGE('',*,*,#3360,.F.);
#3360 = EDGE_CURVE('',#3151,#3341,#3361,.T.);
#3361 = SURFACE_CURVE('',#3362,(#3365,#3371),.PCURVE_S1.);
#3362 = B_SPLINE_CURVE_WITH_KNOTS('',1,(#3363,#3364),.UNSPECIFIED.,.F.,
  .F.,(2,2),(0.,44.),.PIECEWISE_BEZIER_KNOTS.);
#3363 = CARTESIAN_POINT('',(-15.,118.71505662723,117.38989221983));
#3364 = CARTESIAN_POINT('',(-15.,74.715056627234,117.38989221983));
#3365 = PCURVE('',#3189,#3366);
#3366 = DEFINITIONAL_REPRESENTATION('',(#3367),#3370);
#3367 = B_SPLINE_CURVE_WITH_KNOTS('',1,(#3368,#3369),.UNSPECIFIED.,.F.,
  .F.,(2,2),(0.,44.),.PIECEWISE_BEZIER_KNOTS.);
#3368 = CARTESIAN_POINT('',(0.,0.));
#3369 = CARTESIAN_POINT('',(0.,44.));
#3370 = ( GEOMETRIC_REPRESENTATION_CONTEXT(2) 
PARAMETRIC_REPRESENTATION_CONTEXT() REPRESENTATION_CONTEXT('2D SPACE',''
  ) );
#3371 = PCURVE('',#3164,#3372);
#3372 = DEFINITIONAL_REPRESENTATION('',(#3373),#3376);
#3373 = B_SPLINE_CURVE_WITH_KNOTS('',1,(#3374,#3375),.UNSPECIFIED.,.F.,
  .F.,(2,2),(0.,44.),.PIECEWISE_BEZIER_KNOTS.);
#3374 = CARTESIAN_POINT('',(0.,2.));
#3375 = CARTESIAN_POINT('',(44.,2.));
#3376 = ( GEOMETRIC_REPRESENTATION_CONTEXT(2) 
PARAMETRIC_REPRESENTATION_CONTEXT() REPRESENTATION_CONTEXT('2D SPACE',''
  ) );
#3377 = ORIENTED_EDGE('',*,*,#3175,.T.);
#3378 = ORIENTED_EDGE('',*,*,#3294,.T.);
#3379 = ADVANCED_FACE('',(#3380),#3164,.T.);
#3380 = FACE_BOUND('',#3381,.T.);
#3381 = EDGE_LOOP('',(#3382,#3383,#3384,#3402));
#3382 = ORIENTED_EDGE('',*,*,#3150,.F.);
#3383 = ORIENTED_EDGE('',*,*,#3254,.T.);
#3384 = ORIENTED_EDGE('',*,*,#3385,.T.);
#3385 = EDGE_CURVE('',#3228,#3341,#3386,.T.);
#3386 = SURFACE_CURVE('',#3387,(#3390,#3396),.PCURVE_S1.);
#3387 = B_SPLINE_CURVE_WITH_KNOTS('',1,(#3388,#3389),.UNSPECIFIED.,.F.,
  .F.,(2,2),(0.,2.),.PIECEWISE_BEZIER_KNOTS.);
#3388 = CARTESIAN_POINT('',(-13.,74.715056627234,117.38989221983));
#3389 = CARTESIAN_POINT('',(-15.,74.715056627234,117.38989221983));
#3390 = PCURVE('',#3164,#3391);
#3391 = DEFINITIONAL_REPRESENTATION('',(#3392),#3395);
#3392 = B_SPLINE_CURVE_WITH_KNOTS('',1,(#3393,#3394),.UNSPECIFIED.,.F.,
  .F.,(2,2),(0.,2.),.PIECEWISE_BEZIER_KNOTS.);
#3393 = CARTESIAN_POINT('',(44.,0.));
#3394 = CARTESIAN_POINT('',(44.,2.));
#3395 = ( GEOMETRIC_REPRESENTATION_CONTEXT(2) 
PARAMETRIC_REPRESENTATION_CONTEXT() REPRESENTATION_CONTEXT('2D SPACE',''
  ) );
#3396 = PCURVE('',#3243,#3397);
#3397 = DEFINITIONAL_REPRESENTATION('',(#3398),#3401);
#3398 = B_SPLINE_CURVE_WITH_KNOTS('',1,(#3399,#3400),.UNSPECIFIED.,.F.,
  .F.,(2,2),(0.,2.),.PIECEWISE_BEZIER_KNOTS.);
#3399 = CARTESIAN_POINT('',(0.,0.));
#3400 = CARTESIAN_POINT('',(0.,-2.));
#3401 = ( GEOMETRIC_REPRESENTATION_CONTEXT(2) 
PARAMETRIC_REPRESENTATION_CONTEXT() REPRESENTATION_CONTEXT('2D SPACE',''
  ) );
#3402 = ORIENTED_EDGE('',*,*,#3360,.F.);
#3403 = ADVANCED_FACE('',(#3404),#3243,.F.);
#3404 = FACE_BOUND('',#3405,.F.);
#3405 = EDGE_LOOP('',(#3406,#3407,#3408,#3409));
#3406 = ORIENTED_EDGE('',*,*,#3227,.F.);
#3407 = ORIENTED_EDGE('',*,*,#3385,.T.);
#3408 = ORIENTED_EDGE('',*,*,#3340,.T.);
#3409 = ORIENTED_EDGE('',*,*,#3318,.F.);
#3410 = ( GEOMETRIC_REPRESENTATION_CONTEXT(3) 
GLOBAL_UNCERTAINTY_ASSIGNED_CONTEXT((#3414)) 
GLOBAL_UNIT_ASSIGNED_CONTEXT((#3411,#3412,#3413)) REPRESENTATION_CONTEXT
('Context #1','3D Context with UNIT and UNCERTAINTY') );
#3411 = ( LENGTH_UNIT() NAMED_UNIT(*) SI_UNIT(.MILLI.,.METRE.) );
#3412 = ( NAMED_UNIT(*) PLANE_ANGLE_UNIT() SI_UNIT($,.RADIAN.) );
#3413 = ( NAMED_UNIT(*) SI_UNIT($,.STERADIAN.) SOLID_ANGLE_UNIT() );
#3414 = UNCERTAINTY_MEASURE_WITH_UNIT(LENGTH_MEASURE(1.E-06),#3411,
  'distance_accuracy_value','confusion accuracy');
#3415 = CONTEXT_DEPENDENT_SHAPE_REPRESENTATION(#3416,#3418);
#3416 = ( REPRESENTATION_RELATIONSHIP('','',#3111,#10) 
REPRESENTATION_RELATIONSHIP_WITH_TRANSFORMATION(#3417) 
SHAPE_REPRESENTATION_RELATIONSHIP() );
#3417 = ITEM_DEFINED_TRANSFORMATION('','',#11,#19);
#3418 = PRODUCT_DEFINITION_SHAPE('Placement','Placement of an item',
  #3419);
#3419 = NEXT_ASSEMBLY_USAGE_OCCURRENCE('21','','',#5,#3106,$);
#3420 = PRODUCT_RELATED_PRODUCT_CATEGORY('part',$,(#3108));
ENDSEC;
END-ISO-10303-21;
