ISO-10303-21;
HEADER;
FILE_DESCRIPTION(('Open CASCADE Model'),'2;1');
FILE_NAME('Open CASCADE Shape Model','2026-09-29T09:31:46',('Author'),(
    'Open CASCADE'),'Open CASCADE STEP processor 7.8','Open CASCADE 7.8'
  ,'Unknown');
FILE_SCHEMA(('AUTOMOTIVE_DESIGN { 1 0 10303 214 1 1 1 1 }'));
ENDSEC;
DATA;
#1 = APPLICATION_PROTOCOL_DEFINITION('international standard',
  'automotive_design',2000,#2);
#2 = APPLICATION_CONTEXT(
  'core data for automotive mechanical design processes');
#3 = SHAPE_DEFINITION_REPRESENTATION(#4,#10);
#4 = PRODUCT_DEFINITION_SHAPE('','',#5);
#5 = PRODUCT_DEFINITION('design','',#6,#9);
#6 = PRODUCT_DEFINITION_FORMATION('','',#7);
#7 = PRODUCT('Open CASCADE STEP translator 7.8 93',
  'Open CASCADE STEP translator 7.8 93','',(#8));
#8 = PRODUCT_CONTEXT('',#2,'mechanical');
#9 = PRODUCT_DEFINITION_CONTEXT('part definition',#2,'design');
#10 = ADVANCED_BREP_SHAPE_REPRESENTATION('',(#11,#15),#3580);
#11 = AXIS2_PLACEMENT_3D('',#12,#13,#14);
#12 = CARTESIAN_POINT('',(0.,0.,0.));
#13 = DIRECTION('',(0.,0.,1.));
#14 = DIRECTION('',(1.,0.,-0.));
#15 = MANIFOLD_SOLID_BREP('',#16);
#16 = CLOSED_SHELL('',(#17,#375,#492,#1229,#1278,#2101,#2156,#2188,#2195
    ,#2250,#2282,#2289,#2954,#2978,#3011,#3060,#3106,#3148,#3155,#3181,
    #3237,#3265,#3334,#3341,#3368,#3453,#3538,#3565,#3572,#3576));
#17 = ADVANCED_FACE('',(#18),#31,.T.);
#18 = FACE_BOUND('',#19,.T.);
#19 = EDGE_LOOP('',(#20,#52,#77,#117,#142,#182,#202,#242,#267,#307,#327,
    #352));
#20 = ORIENTED_EDGE('',*,*,#21,.F.);
#21 = EDGE_CURVE('',#22,#24,#26,.T.);
#22 = VERTEX_POINT('',#23);
#23 = CARTESIAN_POINT('',(203.35251142247,25.,136.38989221983));
#24 = VERTEX_POINT('',#25);
#25 = CARTESIAN_POINT('',(203.35251142247,25.,139.38989221983));
#26 = SURFACE_CURVE('',#27,(#30,#41),.PCURVE_S1.);
#27 = B_SPLINE_CURVE_WITH_KNOTS('',1,(#28,#29),.UNSPECIFIED.,.F.,.F.,(2,
    2),(0.,5.),.PIECEWISE_BEZIER_KNOTS.);
#28 = CARTESIAN_POINT('',(203.35251142247,25.,134.38989221983));
#29 = CARTESIAN_POINT('',(203.35251142247,25.,139.38989221983));
#30 = PCURVE('',#31,#36);
#31 = B_SPLINE_SURFACE_WITH_KNOTS('',1,1,(
    (#32,#33)
    ,(#34,#35)),.UNSPECIFIED.,.F.,.F.,.F.,(2,2),(2,2),(0.,5.),(-45.,0.),
  .PIECEWISE_BEZIER_KNOTS.);
#32 = CARTESIAN_POINT('',(203.35251142247,-20.,134.38989221983));
#33 = CARTESIAN_POINT('',(203.35251142247,25.,134.38989221983));
#34 = CARTESIAN_POINT('',(203.35251142247,-20.,139.38989221983));
#35 = CARTESIAN_POINT('',(203.35251142247,25.,139.38989221983));
#36 = DEFINITIONAL_REPRESENTATION('',(#37),#40);
#37 = B_SPLINE_CURVE_WITH_KNOTS('',1,(#38,#39),.UNSPECIFIED.,.F.,.F.,(2,
    2),(0.,5.),.PIECEWISE_BEZIER_KNOTS.);
#38 = CARTESIAN_POINT('',(0.,0.));
#39 = CARTESIAN_POINT('',(5.,0.));
#40 = ( GEOMETRIC_REPRESENTATION_CONTEXT(2) 
PARAMETRIC_REPRESENTATION_CONTEXT() REPRESENTATION_CONTEXT('2D SPACE',''
  ) );
#41 = PCURVE('',#42,#47);
#42 = B_SPLINE_SURFACE_WITH_KNOTS('',1,1,(
    (#43,#44)
    ,(#45,#46)),.UNSPECIFIED.,.F.,.F.,.F.,(2,2),(2,2),(0.,5.),(0.,30.),
  .PIECEWISE_BEZIER_KNOTS.);
#43 = CARTESIAN_POINT('',(203.35251142247,25.,134.38989221983));
#44 = CARTESIAN_POINT('',(233.35251142247,25.,134.38989221983));
#45 = CARTESIAN_POINT('',(203.35251142247,25.,139.38989221983));
#46 = CARTESIAN_POINT('',(233.35251142247,25.,139.38989221983));
#47 = DEFINITIONAL_REPRESENTATION('',(#48),#51);
#48 = B_SPLINE_CURVE_WITH_KNOTS('',1,(#49,#50),.UNSPECIFIED.,.F.,.F.,(2,
    2),(0.,5.),.PIECEWISE_BEZIER_KNOTS.);
#49 = CARTESIAN_POINT('',(0.,0.));
#50 = CARTESIAN_POINT('',(5.,0.));
#51 = ( GEOMETRIC_REPRESENTATION_CONTEXT(2) 
PARAMETRIC_REPRESENTATION_CONTEXT() REPRESENTATION_CONTEXT('2D SPACE',''
  ) );
#52 = ORIENTED_EDGE('',*,*,#53,.F.);
#53 = EDGE_CURVE('',#54,#22,#56,.T.);
#54 = VERTEX_POINT('',#55);
#55 = CARTESIAN_POINT('',(203.35251142247,22.171574474206,
    136.38989221983));
#56 = SURFACE_CURVE('',#57,(#60,#66),.PCURVE_S1.);
#57 = B_SPLINE_CURVE_WITH_KNOTS('',1,(#58,#59),.UNSPECIFIED.,.F.,.F.,(2,
    2),(0.,1.),.PIECEWISE_BEZIER_KNOTS.);
#58 = CARTESIAN_POINT('',(203.35251142247,-8.,136.38989221983));
#59 = CARTESIAN_POINT('',(203.35251142247,25.,136.38989221983));
#60 = PCURVE('',#31,#61);
#61 = DEFINITIONAL_REPRESENTATION('',(#62),#65);
#62 = B_SPLINE_CURVE_WITH_KNOTS('',1,(#63,#64),.UNSPECIFIED.,.F.,.F.,(2,
    2),(0.,1.),.PIECEWISE_BEZIER_KNOTS.);
#63 = CARTESIAN_POINT('',(2.,-33.));
#64 = CARTESIAN_POINT('',(2.,0.));
#65 = ( GEOMETRIC_REPRESENTATION_CONTEXT(2) 
PARAMETRIC_REPRESENTATION_CONTEXT() REPRESENTATION_CONTEXT('2D SPACE',''
  ) );
#66 = PCURVE('',#67,#72);
#67 = PLANE('',#68);
#68 = AXIS2_PLACEMENT_3D('',#69,#70,#71);
#69 = CARTESIAN_POINT('',(195.,-10.,136.38989221983));
#70 = DIRECTION('',(0.,0.,1.));
#71 = DIRECTION('',(1.,0.,-0.));
#72 = DEFINITIONAL_REPRESENTATION('',(#73),#76);
#73 = B_SPLINE_CURVE_WITH_KNOTS('',1,(#74,#75),.UNSPECIFIED.,.F.,.F.,(2,
    2),(0.,1.),.PIECEWISE_BEZIER_KNOTS.);
#74 = CARTESIAN_POINT('',(8.352511422477,2.));
#75 = CARTESIAN_POINT('',(8.352511422477,35.));
#76 = ( GEOMETRIC_REPRESENTATION_CONTEXT(2) 
PARAMETRIC_REPRESENTATION_CONTEXT() REPRESENTATION_CONTEXT('2D SPACE',''
  ) );
#77 = ORIENTED_EDGE('',*,*,#78,.T.);
#78 = EDGE_CURVE('',#54,#79,#81,.T.);
#79 = VERTEX_POINT('',#80);
#80 = CARTESIAN_POINT('',(203.35251142247,22.171574474206,
    134.38989221983));
#81 = SURFACE_CURVE('',#82,(#90,#101),.PCURVE_S1.);
#82 = B_SPLINE_CURVE_WITH_KNOTS('',6,(#83,#84,#85,#86,#87,#88,#89),
  .UNSPECIFIED.,.F.,.F.,(7,7),(0.,1.),.PIECEWISE_BEZIER_KNOTS.);
#83 = CARTESIAN_POINT('',(203.35251142247,22.171574474206,
    136.38989281983));
#84 = CARTESIAN_POINT('',(203.35251142247,22.171574474206,
    136.15964706333));
#85 = CARTESIAN_POINT('',(203.35251142247,22.171574474206,
    135.78357442553));
#86 = CARTESIAN_POINT('',(203.35251142247,22.171574474206,
    135.39056775524));
#87 = CARTESIAN_POINT('',(203.35251142247,22.171574474206,
    135.04045562473));
#88 = CARTESIAN_POINT('',(203.35251142247,22.171574474206,
    134.72850457389));
#89 = CARTESIAN_POINT('',(203.35251142247,22.171574474206,
    134.38989221983));
#90 = PCURVE('',#31,#91);
#91 = DEFINITIONAL_REPRESENTATION('',(#92),#100);
#92 = B_SPLINE_CURVE_WITH_KNOTS('',6,(#93,#94,#95,#96,#97,#98,#99),
  .UNSPECIFIED.,.F.,.F.,(7,7),(0.,1.),.PIECEWISE_BEZIER_KNOTS.);
#93 = CARTESIAN_POINT('',(2.0000006,-2.828425525794));
#94 = CARTESIAN_POINT('',(1.7697548435,-2.828425525794));
#95 = CARTESIAN_POINT('',(1.393682205696,-2.828425525794));
#96 = CARTESIAN_POINT('',(1.000675535413,-2.828425525794));
#97 = CARTESIAN_POINT('',(0.650563404901,-2.828425525794));
#98 = CARTESIAN_POINT('',(0.338612354062,-2.828425525794));
#99 = CARTESIAN_POINT('',(0.,-2.828425525794));
#100 = ( GEOMETRIC_REPRESENTATION_CONTEXT(2) 
PARAMETRIC_REPRESENTATION_CONTEXT() REPRESENTATION_CONTEXT('2D SPACE',''
  ) );
#101 = PCURVE('',#102,#107);
#102 = CYLINDRICAL_SURFACE('',#103,2.2);
#103 = AXIS2_PLACEMENT_3D('',#104,#105,#106);
#104 = CARTESIAN_POINT('',(203.,20.,134.28989221983));
#105 = DIRECTION('',(0.,0.,1.));
#106 = DIRECTION('',(1.,0.,-0.));
#107 = DEFINITIONAL_REPRESENTATION('',(#108),#116);
#108 = B_SPLINE_CURVE_WITH_KNOTS('',6,(#109,#110,#111,#112,#113,#114,
    #115),.UNSPECIFIED.,.F.,.F.,(7,7),(0.,1.),.PIECEWISE_BEZIER_KNOTS.);
#109 = CARTESIAN_POINT('',(1.409870170657,2.1000006));
#110 = CARTESIAN_POINT('',(1.409870170657,1.8697548435));
#111 = CARTESIAN_POINT('',(1.409870170657,1.493682205696));
#112 = CARTESIAN_POINT('',(1.409870170657,1.100675535413));
#113 = CARTESIAN_POINT('',(1.409870170657,0.750563404901));
#114 = CARTESIAN_POINT('',(1.409870170657,0.438612354062));
#115 = CARTESIAN_POINT('',(1.409870170657,9.999999999999E-02));
#116 = ( GEOMETRIC_REPRESENTATION_CONTEXT(2) 
PARAMETRIC_REPRESENTATION_CONTEXT() REPRESENTATION_CONTEXT('2D SPACE',''
  ) );
#117 = ORIENTED_EDGE('',*,*,#118,.T.);
#118 = EDGE_CURVE('',#79,#119,#121,.T.);
#119 = VERTEX_POINT('',#120);
#120 = CARTESIAN_POINT('',(203.35251142247,17.828425525794,
    134.38989221983));
#121 = SURFACE_CURVE('',#122,(#125,#131),.PCURVE_S1.);
#122 = B_SPLINE_CURVE_WITH_KNOTS('',1,(#123,#124),.UNSPECIFIED.,.F.,.F.,
  (2,2),(0.,45.),.PIECEWISE_BEZIER_KNOTS.);
#123 = CARTESIAN_POINT('',(203.35251142247,25.,134.38989221983));
#124 = CARTESIAN_POINT('',(203.35251142247,-20.,134.38989221983));
#125 = PCURVE('',#31,#126);
#126 = DEFINITIONAL_REPRESENTATION('',(#127),#130);
#127 = B_SPLINE_CURVE_WITH_KNOTS('',1,(#128,#129),.UNSPECIFIED.,.F.,.F.,
  (2,2),(0.,45.),.PIECEWISE_BEZIER_KNOTS.);
#128 = CARTESIAN_POINT('',(0.,0.));
#129 = CARTESIAN_POINT('',(0.,-45.));
#130 = ( GEOMETRIC_REPRESENTATION_CONTEXT(2) 
PARAMETRIC_REPRESENTATION_CONTEXT() REPRESENTATION_CONTEXT('2D SPACE',''
  ) );
#131 = PCURVE('',#132,#137);
#132 = B_SPLINE_SURFACE_WITH_KNOTS('',1,1,(
    (#133,#134)
    ,(#135,#136
    )),.UNSPECIFIED.,.F.,.F.,.F.,(2,2),(2,2),(0.,30.),(0.,45.),
  .PIECEWISE_BEZIER_KNOTS.);
#133 = CARTESIAN_POINT('',(203.35251142247,25.,134.38989221983));
#134 = CARTESIAN_POINT('',(203.35251142247,-20.,134.38989221983));
#135 = CARTESIAN_POINT('',(233.35251142247,25.,134.38989221983));
#136 = CARTESIAN_POINT('',(233.35251142247,-20.,134.38989221983));
#137 = DEFINITIONAL_REPRESENTATION('',(#138),#141);
#138 = B_SPLINE_CURVE_WITH_KNOTS('',1,(#139,#140),.UNSPECIFIED.,.F.,.F.,
  (2,2),(0.,45.),.PIECEWISE_BEZIER_KNOTS.);
#139 = CARTESIAN_POINT('',(0.,0.));
#140 = CARTESIAN_POINT('',(0.,45.));
#141 = ( GEOMETRIC_REPRESENTATION_CONTEXT(2) 
PARAMETRIC_REPRESENTATION_CONTEXT() REPRESENTATION_CONTEXT('2D SPACE',''
  ) );
#142 = ORIENTED_EDGE('',*,*,#143,.F.);
#143 = EDGE_CURVE('',#144,#119,#146,.T.);
#144 = VERTEX_POINT('',#145);
#145 = CARTESIAN_POINT('',(203.35251142247,17.828425525794,
    136.38989221983));
#146 = SURFACE_CURVE('',#147,(#155,#166),.PCURVE_S1.);
#147 = B_SPLINE_CURVE_WITH_KNOTS('',6,(#148,#149,#150,#151,#152,#153,
    #154),.UNSPECIFIED.,.F.,.F.,(7,7),(0.,1.),.PIECEWISE_BEZIER_KNOTS.);
#148 = CARTESIAN_POINT('',(203.35251142247,17.828425525794,
    136.38989281983));
#149 = CARTESIAN_POINT('',(203.35251142247,17.828425525794,
    136.15964706333));
#150 = CARTESIAN_POINT('',(203.35251142247,17.828425525794,
    135.78357442553));
#151 = CARTESIAN_POINT('',(203.35251142247,17.828425525794,
    135.39056775524));
#152 = CARTESIAN_POINT('',(203.35251142247,17.828425525794,
    135.04045562473));
#153 = CARTESIAN_POINT('',(203.35251142247,17.828425525794,
    134.72850457389));
#154 = CARTESIAN_POINT('',(203.35251142247,17.828425525794,
    134.38989221983));
#155 = PCURVE('',#31,#156);
#156 = DEFINITIONAL_REPRESENTATION('',(#157),#165);
#157 = B_SPLINE_CURVE_WITH_KNOTS('',6,(#158,#159,#160,#161,#162,#163,
    #164),.UNSPECIFIED.,.F.,.F.,(7,7),(0.,1.),.PIECEWISE_BEZIER_KNOTS.);
#158 = CARTESIAN_POINT('',(2.0000006,-7.171574474206));
#159 = CARTESIAN_POINT('',(1.7697548435,-7.171574474206));
#160 = CARTESIAN_POINT('',(1.393682205696,-7.171574474206));
#161 = CARTESIAN_POINT('',(1.000675535413,-7.171574474206));
#162 = CARTESIAN_POINT('',(0.650563404901,-7.171574474206));
#163 = CARTESIAN_POINT('',(0.338612354062,-7.171574474206));
#164 = CARTESIAN_POINT('',(0.,-7.171574474206));
#165 = ( GEOMETRIC_REPRESENTATION_CONTEXT(2) 
PARAMETRIC_REPRESENTATION_CONTEXT() REPRESENTATION_CONTEXT('2D SPACE',''
  ) );
#166 = PCURVE('',#167,#172);
#167 = CYLINDRICAL_SURFACE('',#168,2.2);
#168 = AXIS2_PLACEMENT_3D('',#169,#170,#171);
#169 = CARTESIAN_POINT('',(203.,20.,134.28989221983));
#170 = DIRECTION('',(0.,0.,1.));
#171 = DIRECTION('',(1.,0.,-0.));
#172 = DEFINITIONAL_REPRESENTATION('',(#173),#181);
#173 = B_SPLINE_CURVE_WITH_KNOTS('',6,(#174,#175,#176,#177,#178,#179,
    #180),.UNSPECIFIED.,.F.,.F.,(7,7),(0.,1.),.PIECEWISE_BEZIER_KNOTS.);
#174 = CARTESIAN_POINT('',(4.873315136522,2.1000006));
#175 = CARTESIAN_POINT('',(4.873315136522,1.8697548435));
#176 = CARTESIAN_POINT('',(4.873315136522,1.493682205696));
#177 = CARTESIAN_POINT('',(4.873315136522,1.100675535413));
#178 = CARTESIAN_POINT('',(4.873315136522,0.750563404901));
#179 = CARTESIAN_POINT('',(4.873315136522,0.438612354062));
#180 = CARTESIAN_POINT('',(4.873315136522,9.999999999999E-02));
#181 = ( GEOMETRIC_REPRESENTATION_CONTEXT(2) 
PARAMETRIC_REPRESENTATION_CONTEXT() REPRESENTATION_CONTEXT('2D SPACE',''
  ) );
#182 = ORIENTED_EDGE('',*,*,#183,.F.);
#183 = EDGE_CURVE('',#184,#144,#186,.T.);
#184 = VERTEX_POINT('',#185);
#185 = CARTESIAN_POINT('',(203.35251142247,2.171574474206,
    136.38989221983));
#186 = SURFACE_CURVE('',#187,(#190,#196),.PCURVE_S1.);
#187 = B_SPLINE_CURVE_WITH_KNOTS('',1,(#188,#189),.UNSPECIFIED.,.F.,.F.,
  (2,2),(0.,1.),.PIECEWISE_BEZIER_KNOTS.);
#188 = CARTESIAN_POINT('',(203.35251142247,-8.,136.38989221983));
#189 = CARTESIAN_POINT('',(203.35251142247,25.,136.38989221983));
#190 = PCURVE('',#31,#191);
#191 = DEFINITIONAL_REPRESENTATION('',(#192),#195);
#192 = B_SPLINE_CURVE_WITH_KNOTS('',1,(#193,#194),.UNSPECIFIED.,.F.,.F.,
  (2,2),(0.,1.),.PIECEWISE_BEZIER_KNOTS.);
#193 = CARTESIAN_POINT('',(2.,-33.));
#194 = CARTESIAN_POINT('',(2.,0.));
#195 = ( GEOMETRIC_REPRESENTATION_CONTEXT(2) 
PARAMETRIC_REPRESENTATION_CONTEXT() REPRESENTATION_CONTEXT('2D SPACE',''
  ) );
#196 = PCURVE('',#67,#197);
#197 = DEFINITIONAL_REPRESENTATION('',(#198),#201);
#198 = B_SPLINE_CURVE_WITH_KNOTS('',1,(#199,#200),.UNSPECIFIED.,.F.,.F.,
  (2,2),(0.,1.),.PIECEWISE_BEZIER_KNOTS.);
#199 = CARTESIAN_POINT('',(8.352511422477,2.));
#200 = CARTESIAN_POINT('',(8.352511422477,35.));
#201 = ( GEOMETRIC_REPRESENTATION_CONTEXT(2) 
PARAMETRIC_REPRESENTATION_CONTEXT() REPRESENTATION_CONTEXT('2D SPACE',''
  ) );
#202 = ORIENTED_EDGE('',*,*,#203,.T.);
#203 = EDGE_CURVE('',#184,#204,#206,.T.);
#204 = VERTEX_POINT('',#205);
#205 = CARTESIAN_POINT('',(203.35251142247,2.171574474206,
    134.38989221983));
#206 = SURFACE_CURVE('',#207,(#215,#226),.PCURVE_S1.);
#207 = B_SPLINE_CURVE_WITH_KNOTS('',6,(#208,#209,#210,#211,#212,#213,
    #214),.UNSPECIFIED.,.F.,.F.,(7,7),(0.,1.),.PIECEWISE_BEZIER_KNOTS.);
#208 = CARTESIAN_POINT('',(203.35251142247,2.171574474206,
    136.38989281983));
#209 = CARTESIAN_POINT('',(203.35251142247,2.171574474206,
    136.15964706333));
#210 = CARTESIAN_POINT('',(203.35251142247,2.171574474206,
    135.78357442553));
#211 = CARTESIAN_POINT('',(203.35251142247,2.171574474206,
    135.39056775524));
#212 = CARTESIAN_POINT('',(203.35251142247,2.171574474206,
    135.04045562473));
#213 = CARTESIAN_POINT('',(203.35251142247,2.171574474206,
    134.72850457389));
#214 = CARTESIAN_POINT('',(203.35251142247,2.171574474206,
    134.38989221983));
#215 = PCURVE('',#31,#216);
#216 = DEFINITIONAL_REPRESENTATION('',(#217),#225);
#217 = B_SPLINE_CURVE_WITH_KNOTS('',6,(#218,#219,#220,#221,#222,#223,
    #224),.UNSPECIFIED.,.F.,.F.,(7,7),(0.,1.),.PIECEWISE_BEZIER_KNOTS.);
#218 = CARTESIAN_POINT('',(2.0000006,-22.82842552579));
#219 = CARTESIAN_POINT('',(1.7697548435,-22.82842552579));
#220 = CARTESIAN_POINT('',(1.393682205696,-22.82842552579));
#221 = CARTESIAN_POINT('',(1.000675535413,-22.82842552579));
#222 = CARTESIAN_POINT('',(0.650563404901,-22.82842552579));
#223 = CARTESIAN_POINT('',(0.338612354062,-22.82842552579));
#224 = CARTESIAN_POINT('',(0.,-22.82842552579));
#225 = ( GEOMETRIC_REPRESENTATION_CONTEXT(2) 
PARAMETRIC_REPRESENTATION_CONTEXT() REPRESENTATION_CONTEXT('2D SPACE',''
  ) );
#226 = PCURVE('',#227,#232);
#227 = CYLINDRICAL_SURFACE('',#228,2.2);
#228 = AXIS2_PLACEMENT_3D('',#229,#230,#231);
#229 = CARTESIAN_POINT('',(203.,0.,134.28989221983));
#230 = DIRECTION('',(0.,0.,1.));
#231 = DIRECTION('',(1.,0.,-0.));
#232 = DEFINITIONAL_REPRESENTATION('',(#233),#241);
#233 = B_SPLINE_CURVE_WITH_KNOTS('',6,(#234,#235,#236,#237,#238,#239,
    #240),.UNSPECIFIED.,.F.,.F.,(7,7),(0.,1.),.PIECEWISE_BEZIER_KNOTS.);
#234 = CARTESIAN_POINT('',(1.409870170657,2.1000006));
#235 = CARTESIAN_POINT('',(1.409870170657,1.8697548435));
#236 = CARTESIAN_POINT('',(1.409870170657,1.493682205696));
#237 = CARTESIAN_POINT('',(1.409870170657,1.100675535413));
#238 = CARTESIAN_POINT('',(1.409870170657,0.750563404901));
#239 = CARTESIAN_POINT('',(1.409870170657,0.438612354062));
#240 = CARTESIAN_POINT('',(1.409870170657,9.999999999999E-02));
#241 = ( GEOMETRIC_REPRESENTATION_CONTEXT(2) 
PARAMETRIC_REPRESENTATION_CONTEXT() REPRESENTATION_CONTEXT('2D SPACE',''
  ) );
#242 = ORIENTED_EDGE('',*,*,#243,.T.);
#243 = EDGE_CURVE('',#204,#244,#246,.T.);
#244 = VERTEX_POINT('',#245);
#245 = CARTESIAN_POINT('',(203.35251142247,-2.171574474206,
    134.38989221983));
#246 = SURFACE_CURVE('',#247,(#250,#256),.PCURVE_S1.);
#247 = B_SPLINE_CURVE_WITH_KNOTS('',1,(#248,#249),.UNSPECIFIED.,.F.,.F.,
  (2,2),(0.,45.),.PIECEWISE_BEZIER_KNOTS.);
#248 = CARTESIAN_POINT('',(203.35251142247,25.,134.38989221983));
#249 = CARTESIAN_POINT('',(203.35251142247,-20.,134.38989221983));
#250 = PCURVE('',#31,#251);
#251 = DEFINITIONAL_REPRESENTATION('',(#252),#255);
#252 = B_SPLINE_CURVE_WITH_KNOTS('',1,(#253,#254),.UNSPECIFIED.,.F.,.F.,
  (2,2),(0.,45.),.PIECEWISE_BEZIER_KNOTS.);
#253 = CARTESIAN_POINT('',(0.,0.));
#254 = CARTESIAN_POINT('',(0.,-45.));
#255 = ( GEOMETRIC_REPRESENTATION_CONTEXT(2) 
PARAMETRIC_REPRESENTATION_CONTEXT() REPRESENTATION_CONTEXT('2D SPACE',''
  ) );
#256 = PCURVE('',#257,#262);
#257 = B_SPLINE_SURFACE_WITH_KNOTS('',1,1,(
    (#258,#259)
    ,(#260,#261
    )),.UNSPECIFIED.,.F.,.F.,.F.,(2,2),(2,2),(0.,30.),(0.,45.),
  .PIECEWISE_BEZIER_KNOTS.);
#258 = CARTESIAN_POINT('',(203.35251142247,25.,134.38989221983));
#259 = CARTESIAN_POINT('',(203.35251142247,-20.,134.38989221983));
#260 = CARTESIAN_POINT('',(233.35251142247,25.,134.38989221983));
#261 = CARTESIAN_POINT('',(233.35251142247,-20.,134.38989221983));
#262 = DEFINITIONAL_REPRESENTATION('',(#263),#266);
#263 = B_SPLINE_CURVE_WITH_KNOTS('',1,(#264,#265),.UNSPECIFIED.,.F.,.F.,
  (2,2),(0.,45.),.PIECEWISE_BEZIER_KNOTS.);
#264 = CARTESIAN_POINT('',(0.,0.));
#265 = CARTESIAN_POINT('',(0.,45.));
#266 = ( GEOMETRIC_REPRESENTATION_CONTEXT(2) 
PARAMETRIC_REPRESENTATION_CONTEXT() REPRESENTATION_CONTEXT('2D SPACE',''
  ) );
#267 = ORIENTED_EDGE('',*,*,#268,.F.);
#268 = EDGE_CURVE('',#269,#244,#271,.T.);
#269 = VERTEX_POINT('',#270);
#270 = CARTESIAN_POINT('',(203.35251142247,-2.171574474206,
    136.38989221983));
#271 = SURFACE_CURVE('',#272,(#280,#291),.PCURVE_S1.);
#272 = B_SPLINE_CURVE_WITH_KNOTS('',6,(#273,#274,#275,#276,#277,#278,
    #279),.UNSPECIFIED.,.F.,.F.,(7,7),(0.,1.),.PIECEWISE_BEZIER_KNOTS.);
#273 = CARTESIAN_POINT('',(203.35251142247,-2.171574474206,
    136.38989281983));
#274 = CARTESIAN_POINT('',(203.35251142247,-2.171574474206,
    136.15964706333));
#275 = CARTESIAN_POINT('',(203.35251142247,-2.171574474206,
    135.78357442553));
#276 = CARTESIAN_POINT('',(203.35251142247,-2.171574474206,
    135.39056775524));
#277 = CARTESIAN_POINT('',(203.35251142247,-2.171574474206,
    135.04045562473));
#278 = CARTESIAN_POINT('',(203.35251142247,-2.171574474206,
    134.72850457389));
#279 = CARTESIAN_POINT('',(203.35251142247,-2.171574474206,
    134.38989221983));
#280 = PCURVE('',#31,#281);
#281 = DEFINITIONAL_REPRESENTATION('',(#282),#290);
#282 = B_SPLINE_CURVE_WITH_KNOTS('',6,(#283,#284,#285,#286,#287,#288,
    #289),.UNSPECIFIED.,.F.,.F.,(7,7),(0.,1.),.PIECEWISE_BEZIER_KNOTS.);
#283 = CARTESIAN_POINT('',(2.0000006,-27.1715744742));
#284 = CARTESIAN_POINT('',(1.7697548435,-27.1715744742));
#285 = CARTESIAN_POINT('',(1.393682205696,-27.1715744742));
#286 = CARTESIAN_POINT('',(1.000675535413,-27.1715744742));
#287 = CARTESIAN_POINT('',(0.650563404901,-27.1715744742));
#288 = CARTESIAN_POINT('',(0.338612354062,-27.1715744742));
#289 = CARTESIAN_POINT('',(0.,-27.1715744742));
#290 = ( GEOMETRIC_REPRESENTATION_CONTEXT(2) 
PARAMETRIC_REPRESENTATION_CONTEXT() REPRESENTATION_CONTEXT('2D SPACE',''
  ) );
#291 = PCURVE('',#292,#297);
#292 = CYLINDRICAL_SURFACE('',#293,2.2);
#293 = AXIS2_PLACEMENT_3D('',#294,#295,#296);
#294 = CARTESIAN_POINT('',(203.,0.,134.28989221983));
#295 = DIRECTION('',(0.,0.,1.));
#296 = DIRECTION('',(1.,0.,-0.));
#297 = DEFINITIONAL_REPRESENTATION('',(#298),#306);
#298 = B_SPLINE_CURVE_WITH_KNOTS('',6,(#299,#300,#301,#302,#303,#304,
    #305),.UNSPECIFIED.,.F.,.F.,(7,7),(0.,1.),.PIECEWISE_BEZIER_KNOTS.);
#299 = CARTESIAN_POINT('',(4.873315136522,2.1000006));
#300 = CARTESIAN_POINT('',(4.873315136522,1.8697548435));
#301 = CARTESIAN_POINT('',(4.873315136522,1.493682205696));
#302 = CARTESIAN_POINT('',(4.873315136522,1.100675535413));
#303 = CARTESIAN_POINT('',(4.873315136522,0.750563404901));
#304 = CARTESIAN_POINT('',(4.873315136522,0.438612354062));
#305 = CARTESIAN_POINT('',(4.873315136522,9.999999999999E-02));
#306 = ( GEOMETRIC_REPRESENTATION_CONTEXT(2) 
PARAMETRIC_REPRESENTATION_CONTEXT() REPRESENTATION_CONTEXT('2D SPACE',''
  ) );
#307 = ORIENTED_EDGE('',*,*,#308,.F.);
#308 = EDGE_CURVE('',#309,#269,#311,.T.);
#309 = VERTEX_POINT('',#310);
#310 = CARTESIAN_POINT('',(203.35251142247,-8.,136.38989221983));
#311 = SURFACE_CURVE('',#312,(#315,#321),.PCURVE_S1.);
#312 = B_SPLINE_CURVE_WITH_KNOTS('',1,(#313,#314),.UNSPECIFIED.,.F.,.F.,
  (2,2),(0.,1.),.PIECEWISE_BEZIER_KNOTS.);
#313 = CARTESIAN_POINT('',(203.35251142247,-8.,136.38989221983));
#314 = CARTESIAN_POINT('',(203.35251142247,25.,136.38989221983));
#315 = PCURVE('',#31,#316);
#316 = DEFINITIONAL_REPRESENTATION('',(#317),#320);
#317 = B_SPLINE_CURVE_WITH_KNOTS('',1,(#318,#319),.UNSPECIFIED.,.F.,.F.,
  (2,2),(0.,1.),.PIECEWISE_BEZIER_KNOTS.);
#318 = CARTESIAN_POINT('',(2.,-33.));
#319 = CARTESIAN_POINT('',(2.,0.));
#320 = ( GEOMETRIC_REPRESENTATION_CONTEXT(2) 
PARAMETRIC_REPRESENTATION_CONTEXT() REPRESENTATION_CONTEXT('2D SPACE',''
  ) );
#321 = PCURVE('',#67,#322);
#322 = DEFINITIONAL_REPRESENTATION('',(#323),#326);
#323 = B_SPLINE_CURVE_WITH_KNOTS('',1,(#324,#325),.UNSPECIFIED.,.F.,.F.,
  (2,2),(0.,1.),.PIECEWISE_BEZIER_KNOTS.);
#324 = CARTESIAN_POINT('',(8.352511422477,2.));
#325 = CARTESIAN_POINT('',(8.352511422477,35.));
#326 = ( GEOMETRIC_REPRESENTATION_CONTEXT(2) 
PARAMETRIC_REPRESENTATION_CONTEXT() REPRESENTATION_CONTEXT('2D SPACE',''
  ) );
#327 = ORIENTED_EDGE('',*,*,#328,.F.);
#328 = EDGE_CURVE('',#329,#309,#331,.T.);
#329 = VERTEX_POINT('',#330);
#330 = CARTESIAN_POINT('',(203.35251142247,-8.,139.38989221983));
#331 = SURFACE_CURVE('',#332,(#335,#341),.PCURVE_S1.);
#332 = B_SPLINE_CURVE_WITH_KNOTS('',1,(#333,#334),.UNSPECIFIED.,.F.,.F.,
  (2,2),(0.,1.),.PIECEWISE_BEZIER_KNOTS.);
#333 = CARTESIAN_POINT('',(203.35251142247,-8.,139.38989221983));
#334 = CARTESIAN_POINT('',(203.35251142247,-8.,136.38989221983));
#335 = PCURVE('',#31,#336);
#336 = DEFINITIONAL_REPRESENTATION('',(#337),#340);
#337 = B_SPLINE_CURVE_WITH_KNOTS('',1,(#338,#339),.UNSPECIFIED.,.F.,.F.,
  (2,2),(0.,1.),.PIECEWISE_BEZIER_KNOTS.);
#338 = CARTESIAN_POINT('',(5.,-33.));
#339 = CARTESIAN_POINT('',(2.,-33.));
#340 = ( GEOMETRIC_REPRESENTATION_CONTEXT(2) 
PARAMETRIC_REPRESENTATION_CONTEXT() REPRESENTATION_CONTEXT('2D SPACE',''
  ) );
#341 = PCURVE('',#342,#347);
#342 = PLANE('',#343);
#343 = AXIS2_PLACEMENT_3D('',#344,#345,#346);
#344 = CARTESIAN_POINT('',(195.,-8.,134.38989221983));
#345 = DIRECTION('',(-0.,1.,0.));
#346 = DIRECTION('',(0.,0.,1.));
#347 = DEFINITIONAL_REPRESENTATION('',(#348),#351);
#348 = B_SPLINE_CURVE_WITH_KNOTS('',1,(#349,#350),.UNSPECIFIED.,.F.,.F.,
  (2,2),(0.,1.),.PIECEWISE_BEZIER_KNOTS.);
#349 = CARTESIAN_POINT('',(5.,8.352511422477));
#350 = CARTESIAN_POINT('',(2.,8.352511422477));
#351 = ( GEOMETRIC_REPRESENTATION_CONTEXT(2) 
PARAMETRIC_REPRESENTATION_CONTEXT() REPRESENTATION_CONTEXT('2D SPACE',''
  ) );
#352 = ORIENTED_EDGE('',*,*,#353,.F.);
#353 = EDGE_CURVE('',#24,#329,#354,.T.);
#354 = SURFACE_CURVE('',#355,(#358,#364),.PCURVE_S1.);
#355 = B_SPLINE_CURVE_WITH_KNOTS('',1,(#356,#357),.UNSPECIFIED.,.F.,.F.,
  (2,2),(0.,45.),.PIECEWISE_BEZIER_KNOTS.);
#356 = CARTESIAN_POINT('',(203.35251142247,25.,139.38989221983));
#357 = CARTESIAN_POINT('',(203.35251142247,-20.,139.38989221983));
#358 = PCURVE('',#31,#359);
#359 = DEFINITIONAL_REPRESENTATION('',(#360),#363);
#360 = B_SPLINE_CURVE_WITH_KNOTS('',1,(#361,#362),.UNSPECIFIED.,.F.,.F.,
  (2,2),(0.,45.),.PIECEWISE_BEZIER_KNOTS.);
#361 = CARTESIAN_POINT('',(5.,0.));
#362 = CARTESIAN_POINT('',(5.,-45.));
#363 = ( GEOMETRIC_REPRESENTATION_CONTEXT(2) 
PARAMETRIC_REPRESENTATION_CONTEXT() REPRESENTATION_CONTEXT('2D SPACE',''
  ) );
#364 = PCURVE('',#365,#370);
#365 = B_SPLINE_SURFACE_WITH_KNOTS('',1,1,(
    (#366,#367)
    ,(#368,#369
    )),.UNSPECIFIED.,.F.,.F.,.F.,(2,2),(2,2),(0.,30.),(0.,45.),
  .PIECEWISE_BEZIER_KNOTS.);
#366 = CARTESIAN_POINT('',(203.35251142247,25.,139.38989221983));
#367 = CARTESIAN_POINT('',(203.35251142247,-20.,139.38989221983));
#368 = CARTESIAN_POINT('',(233.35251142247,25.,139.38989221983));
#369 = CARTESIAN_POINT('',(233.35251142247,-20.,139.38989221983));
#370 = DEFINITIONAL_REPRESENTATION('',(#371),#374);
#371 = B_SPLINE_CURVE_WITH_KNOTS('',1,(#372,#373),.UNSPECIFIED.,.F.,.F.,
  (2,2),(0.,45.),.PIECEWISE_BEZIER_KNOTS.);
#372 = CARTESIAN_POINT('',(0.,0.));
#373 = CARTESIAN_POINT('',(0.,45.));
#374 = ( GEOMETRIC_REPRESENTATION_CONTEXT(2) 
PARAMETRIC_REPRESENTATION_CONTEXT() REPRESENTATION_CONTEXT('2D SPACE',''
  ) );
#375 = ADVANCED_FACE('',(#376),#42,.T.);
#376 = FACE_BOUND('',#377,.T.);
#377 = EDGE_LOOP('',(#378,#405,#430,#448,#449,#469));
#378 = ORIENTED_EDGE('',*,*,#379,.F.);
#379 = EDGE_CURVE('',#380,#382,#384,.T.);
#380 = VERTEX_POINT('',#381);
#381 = CARTESIAN_POINT('',(225.,25.,134.38989221983));
#382 = VERTEX_POINT('',#383);
#383 = CARTESIAN_POINT('',(233.35251142247,25.,134.38989221983));
#384 = SURFACE_CURVE('',#385,(#388,#394),.PCURVE_S1.);
#385 = B_SPLINE_CURVE_WITH_KNOTS('',1,(#386,#387),.UNSPECIFIED.,.F.,.F.,
  (2,2),(0.,30.),.PIECEWISE_BEZIER_KNOTS.);
#386 = CARTESIAN_POINT('',(203.35251142247,25.,134.38989221983));
#387 = CARTESIAN_POINT('',(233.35251142247,25.,134.38989221983));
#388 = PCURVE('',#42,#389);
#389 = DEFINITIONAL_REPRESENTATION('',(#390),#393);
#390 = B_SPLINE_CURVE_WITH_KNOTS('',1,(#391,#392),.UNSPECIFIED.,.F.,.F.,
  (2,2),(0.,30.),.PIECEWISE_BEZIER_KNOTS.);
#391 = CARTESIAN_POINT('',(0.,0.));
#392 = CARTESIAN_POINT('',(0.,30.));
#393 = ( GEOMETRIC_REPRESENTATION_CONTEXT(2) 
PARAMETRIC_REPRESENTATION_CONTEXT() REPRESENTATION_CONTEXT('2D SPACE',''
  ) );
#394 = PCURVE('',#395,#400);
#395 = B_SPLINE_SURFACE_WITH_KNOTS('',1,1,(
    (#396,#397)
    ,(#398,#399
    )),.UNSPECIFIED.,.F.,.F.,.F.,(2,2),(2,2),(0.,30.),(0.,45.),
  .PIECEWISE_BEZIER_KNOTS.);
#396 = CARTESIAN_POINT('',(203.35251142247,25.,134.38989221983));
#397 = CARTESIAN_POINT('',(203.35251142247,-20.,134.38989221983));
#398 = CARTESIAN_POINT('',(233.35251142247,25.,134.38989221983));
#399 = CARTESIAN_POINT('',(233.35251142247,-20.,134.38989221983));
#400 = DEFINITIONAL_REPRESENTATION('',(#401),#404);
#401 = B_SPLINE_CURVE_WITH_KNOTS('',1,(#402,#403),.UNSPECIFIED.,.F.,.F.,
  (2,2),(0.,30.),.PIECEWISE_BEZIER_KNOTS.);
#402 = CARTESIAN_POINT('',(0.,0.));
#403 = CARTESIAN_POINT('',(30.,0.));
#404 = ( GEOMETRIC_REPRESENTATION_CONTEXT(2) 
PARAMETRIC_REPRESENTATION_CONTEXT() REPRESENTATION_CONTEXT('2D SPACE',''
  ) );
#405 = ORIENTED_EDGE('',*,*,#406,.F.);
#406 = EDGE_CURVE('',#407,#380,#409,.T.);
#407 = VERTEX_POINT('',#408);
#408 = CARTESIAN_POINT('',(225.,25.,136.38989221983));
#409 = SURFACE_CURVE('',#410,(#413,#419),.PCURVE_S1.);
#410 = B_SPLINE_CURVE_WITH_KNOTS('',1,(#411,#412),.UNSPECIFIED.,.F.,.F.,
  (2,2),(0.,1.),.PIECEWISE_BEZIER_KNOTS.);
#411 = CARTESIAN_POINT('',(225.,25.,136.38989221983));
#412 = CARTESIAN_POINT('',(225.,25.,134.38989221983));
#413 = PCURVE('',#42,#414);
#414 = DEFINITIONAL_REPRESENTATION('',(#415),#418);
#415 = B_SPLINE_CURVE_WITH_KNOTS('',1,(#416,#417),.UNSPECIFIED.,.F.,.F.,
  (2,2),(0.,1.),.PIECEWISE_BEZIER_KNOTS.);
#416 = CARTESIAN_POINT('',(2.,21.647488577523));
#417 = CARTESIAN_POINT('',(0.,21.647488577523));
#418 = ( GEOMETRIC_REPRESENTATION_CONTEXT(2) 
PARAMETRIC_REPRESENTATION_CONTEXT() REPRESENTATION_CONTEXT('2D SPACE',''
  ) );
#419 = PCURVE('',#420,#425);
#420 = PLANE('',#421);
#421 = AXIS2_PLACEMENT_3D('',#422,#423,#424);
#422 = CARTESIAN_POINT('',(225.,-10.,134.38989221983));
#423 = DIRECTION('',(1.,0.,-0.));
#424 = DIRECTION('',(0.,0.,1.));
#425 = DEFINITIONAL_REPRESENTATION('',(#426),#429);
#426 = B_SPLINE_CURVE_WITH_KNOTS('',1,(#427,#428),.UNSPECIFIED.,.F.,.F.,
  (2,2),(0.,1.),.PIECEWISE_BEZIER_KNOTS.);
#427 = CARTESIAN_POINT('',(2.,-35.));
#428 = CARTESIAN_POINT('',(0.,-35.));
#429 = ( GEOMETRIC_REPRESENTATION_CONTEXT(2) 
PARAMETRIC_REPRESENTATION_CONTEXT() REPRESENTATION_CONTEXT('2D SPACE',''
  ) );
#430 = ORIENTED_EDGE('',*,*,#431,.F.);
#431 = EDGE_CURVE('',#22,#407,#432,.T.);
#432 = SURFACE_CURVE('',#433,(#436,#442),.PCURVE_S1.);
#433 = B_SPLINE_CURVE_WITH_KNOTS('',1,(#434,#435),.UNSPECIFIED.,.F.,.F.,
  (2,2),(0.,1.),.PIECEWISE_BEZIER_KNOTS.);
#434 = CARTESIAN_POINT('',(203.35251142247,25.,136.38989221983));
#435 = CARTESIAN_POINT('',(225.,25.,136.38989221983));
#436 = PCURVE('',#42,#437);
#437 = DEFINITIONAL_REPRESENTATION('',(#438),#441);
#438 = B_SPLINE_CURVE_WITH_KNOTS('',1,(#439,#440),.UNSPECIFIED.,.F.,.F.,
  (2,2),(0.,1.),.PIECEWISE_BEZIER_KNOTS.);
#439 = CARTESIAN_POINT('',(2.,0.));
#440 = CARTESIAN_POINT('',(2.,21.647488577523));
#441 = ( GEOMETRIC_REPRESENTATION_CONTEXT(2) 
PARAMETRIC_REPRESENTATION_CONTEXT() REPRESENTATION_CONTEXT('2D SPACE',''
  ) );
#442 = PCURVE('',#67,#443);
#443 = DEFINITIONAL_REPRESENTATION('',(#444),#447);
#444 = B_SPLINE_CURVE_WITH_KNOTS('',1,(#445,#446),.UNSPECIFIED.,.F.,.F.,
  (2,2),(0.,1.),.PIECEWISE_BEZIER_KNOTS.);
#445 = CARTESIAN_POINT('',(8.352511422477,35.));
#446 = CARTESIAN_POINT('',(30.,35.));
#447 = ( GEOMETRIC_REPRESENTATION_CONTEXT(2) 
PARAMETRIC_REPRESENTATION_CONTEXT() REPRESENTATION_CONTEXT('2D SPACE',''
  ) );
#448 = ORIENTED_EDGE('',*,*,#21,.T.);
#449 = ORIENTED_EDGE('',*,*,#450,.T.);
#450 = EDGE_CURVE('',#24,#451,#453,.T.);
#451 = VERTEX_POINT('',#452);
#452 = CARTESIAN_POINT('',(233.35251142247,25.,139.38989221983));
#453 = SURFACE_CURVE('',#454,(#457,#463),.PCURVE_S1.);
#454 = B_SPLINE_CURVE_WITH_KNOTS('',1,(#455,#456),.UNSPECIFIED.,.F.,.F.,
  (2,2),(0.,30.),.PIECEWISE_BEZIER_KNOTS.);
#455 = CARTESIAN_POINT('',(203.35251142247,25.,139.38989221983));
#456 = CARTESIAN_POINT('',(233.35251142247,25.,139.38989221983));
#457 = PCURVE('',#42,#458);
#458 = DEFINITIONAL_REPRESENTATION('',(#459),#462);
#459 = B_SPLINE_CURVE_WITH_KNOTS('',1,(#460,#461),.UNSPECIFIED.,.F.,.F.,
  (2,2),(0.,30.),.PIECEWISE_BEZIER_KNOTS.);
#460 = CARTESIAN_POINT('',(5.,0.));
#461 = CARTESIAN_POINT('',(5.,30.));
#462 = ( GEOMETRIC_REPRESENTATION_CONTEXT(2) 
PARAMETRIC_REPRESENTATION_CONTEXT() REPRESENTATION_CONTEXT('2D SPACE',''
  ) );
#463 = PCURVE('',#365,#464);
#464 = DEFINITIONAL_REPRESENTATION('',(#465),#468);
#465 = B_SPLINE_CURVE_WITH_KNOTS('',1,(#466,#467),.UNSPECIFIED.,.F.,.F.,
  (2,2),(0.,30.),.PIECEWISE_BEZIER_KNOTS.);
#466 = CARTESIAN_POINT('',(0.,0.));
#467 = CARTESIAN_POINT('',(30.,0.));
#468 = ( GEOMETRIC_REPRESENTATION_CONTEXT(2) 
PARAMETRIC_REPRESENTATION_CONTEXT() REPRESENTATION_CONTEXT('2D SPACE',''
  ) );
#469 = ORIENTED_EDGE('',*,*,#470,.F.);
#470 = EDGE_CURVE('',#382,#451,#471,.T.);
#471 = SURFACE_CURVE('',#472,(#475,#481),.PCURVE_S1.);
#472 = B_SPLINE_CURVE_WITH_KNOTS('',1,(#473,#474),.UNSPECIFIED.,.F.,.F.,
  (2,2),(0.,5.),.PIECEWISE_BEZIER_KNOTS.);
#473 = CARTESIAN_POINT('',(233.35251142247,25.,134.38989221983));
#474 = CARTESIAN_POINT('',(233.35251142247,25.,139.38989221983));
#475 = PCURVE('',#42,#476);
#476 = DEFINITIONAL_REPRESENTATION('',(#477),#480);
#477 = B_SPLINE_CURVE_WITH_KNOTS('',1,(#478,#479),.UNSPECIFIED.,.F.,.F.,
  (2,2),(0.,5.),.PIECEWISE_BEZIER_KNOTS.);
#478 = CARTESIAN_POINT('',(0.,30.));
#479 = CARTESIAN_POINT('',(5.,30.));
#480 = ( GEOMETRIC_REPRESENTATION_CONTEXT(2) 
PARAMETRIC_REPRESENTATION_CONTEXT() REPRESENTATION_CONTEXT('2D SPACE',''
  ) );
#481 = PCURVE('',#482,#487);
#482 = B_SPLINE_SURFACE_WITH_KNOTS('',1,1,(
    (#483,#484)
    ,(#485,#486
    )),.UNSPECIFIED.,.F.,.F.,.F.,(2,2),(2,2),(0.,5.),(-45.,0.),
  .PIECEWISE_BEZIER_KNOTS.);
#483 = CARTESIAN_POINT('',(233.35251142247,-20.,134.38989221983));
#484 = CARTESIAN_POINT('',(233.35251142247,25.,134.38989221983));
#485 = CARTESIAN_POINT('',(233.35251142247,-20.,139.38989221983));
#486 = CARTESIAN_POINT('',(233.35251142247,25.,139.38989221983));
#487 = DEFINITIONAL_REPRESENTATION('',(#488),#491);
#488 = B_SPLINE_CURVE_WITH_KNOTS('',1,(#489,#490),.UNSPECIFIED.,.F.,.F.,
  (2,2),(0.,5.),.PIECEWISE_BEZIER_KNOTS.);
#489 = CARTESIAN_POINT('',(0.,0.));
#490 = CARTESIAN_POINT('',(5.,0.));
#491 = ( GEOMETRIC_REPRESENTATION_CONTEXT(2) 
PARAMETRIC_REPRESENTATION_CONTEXT() REPRESENTATION_CONTEXT('2D SPACE',''
  ) );
#492 = ADVANCED_FACE('',(#493,#635,#687,#739,#978),#365,.F.);
#493 = FACE_BOUND('',#494,.F.);
#494 = EDGE_LOOP('',(#495,#496,#497,#517,#542,#567,#592,#617));
#495 = ORIENTED_EDGE('',*,*,#353,.F.);
#496 = ORIENTED_EDGE('',*,*,#450,.T.);
#497 = ORIENTED_EDGE('',*,*,#498,.T.);
#498 = EDGE_CURVE('',#451,#499,#501,.T.);
#499 = VERTEX_POINT('',#500);
#500 = CARTESIAN_POINT('',(233.35251142247,-20.,139.38989221983));
#501 = SURFACE_CURVE('',#502,(#505,#511),.PCURVE_S1.);
#502 = B_SPLINE_CURVE_WITH_KNOTS('',1,(#503,#504),.UNSPECIFIED.,.F.,.F.,
  (2,2),(0.,45.),.PIECEWISE_BEZIER_KNOTS.);
#503 = CARTESIAN_POINT('',(233.35251142247,25.,139.38989221983));
#504 = CARTESIAN_POINT('',(233.35251142247,-20.,139.38989221983));
#505 = PCURVE('',#365,#506);
#506 = DEFINITIONAL_REPRESENTATION('',(#507),#510);
#507 = B_SPLINE_CURVE_WITH_KNOTS('',1,(#508,#509),.UNSPECIFIED.,.F.,.F.,
  (2,2),(0.,45.),.PIECEWISE_BEZIER_KNOTS.);
#508 = CARTESIAN_POINT('',(30.,0.));
#509 = CARTESIAN_POINT('',(30.,45.));
#510 = ( GEOMETRIC_REPRESENTATION_CONTEXT(2) 
PARAMETRIC_REPRESENTATION_CONTEXT() REPRESENTATION_CONTEXT('2D SPACE',''
  ) );
#511 = PCURVE('',#482,#512);
#512 = DEFINITIONAL_REPRESENTATION('',(#513),#516);
#513 = B_SPLINE_CURVE_WITH_KNOTS('',1,(#514,#515),.UNSPECIFIED.,.F.,.F.,
  (2,2),(0.,45.),.PIECEWISE_BEZIER_KNOTS.);
#514 = CARTESIAN_POINT('',(5.,0.));
#515 = CARTESIAN_POINT('',(5.,-45.));
#516 = ( GEOMETRIC_REPRESENTATION_CONTEXT(2) 
PARAMETRIC_REPRESENTATION_CONTEXT() REPRESENTATION_CONTEXT('2D SPACE',''
  ) );
#517 = ORIENTED_EDGE('',*,*,#518,.F.);
#518 = EDGE_CURVE('',#519,#499,#521,.T.);
#519 = VERTEX_POINT('',#520);
#520 = CARTESIAN_POINT('',(203.35251142247,-20.,139.38989221983));
#521 = SURFACE_CURVE('',#522,(#525,#531),.PCURVE_S1.);
#522 = B_SPLINE_CURVE_WITH_KNOTS('',1,(#523,#524),.UNSPECIFIED.,.F.,.F.,
  (2,2),(0.,30.),.PIECEWISE_BEZIER_KNOTS.);
#523 = CARTESIAN_POINT('',(203.35251142247,-20.,139.38989221983));
#524 = CARTESIAN_POINT('',(233.35251142247,-20.,139.38989221983));
#525 = PCURVE('',#365,#526);
#526 = DEFINITIONAL_REPRESENTATION('',(#527),#530);
#527 = B_SPLINE_CURVE_WITH_KNOTS('',1,(#528,#529),.UNSPECIFIED.,.F.,.F.,
  (2,2),(0.,30.),.PIECEWISE_BEZIER_KNOTS.);
#528 = CARTESIAN_POINT('',(0.,45.));
#529 = CARTESIAN_POINT('',(30.,45.));
#530 = ( GEOMETRIC_REPRESENTATION_CONTEXT(2) 
PARAMETRIC_REPRESENTATION_CONTEXT() REPRESENTATION_CONTEXT('2D SPACE',''
  ) );
#531 = PCURVE('',#532,#537);
#532 = B_SPLINE_SURFACE_WITH_KNOTS('',1,1,(
    (#533,#534)
    ,(#535,#536
  )),.UNSPECIFIED.,.F.,.F.,.F.,(2,2),(2,2),(0.,5.),(0.,30.),
  .PIECEWISE_BEZIER_KNOTS.);
#533 = CARTESIAN_POINT('',(203.35251142247,-20.,134.38989221983));
#534 = CARTESIAN_POINT('',(233.35251142247,-20.,134.38989221983));
#535 = CARTESIAN_POINT('',(203.35251142247,-20.,139.38989221983));
#536 = CARTESIAN_POINT('',(233.35251142247,-20.,139.38989221983));
#537 = DEFINITIONAL_REPRESENTATION('',(#538),#541);
#538 = B_SPLINE_CURVE_WITH_KNOTS('',1,(#539,#540),.UNSPECIFIED.,.F.,.F.,
  (2,2),(0.,30.),.PIECEWISE_BEZIER_KNOTS.);
#539 = CARTESIAN_POINT('',(5.,0.));
#540 = CARTESIAN_POINT('',(5.,30.));
#541 = ( GEOMETRIC_REPRESENTATION_CONTEXT(2) 
PARAMETRIC_REPRESENTATION_CONTEXT() REPRESENTATION_CONTEXT('2D SPACE',''
  ) );
#542 = ORIENTED_EDGE('',*,*,#543,.F.);
#543 = EDGE_CURVE('',#544,#519,#546,.T.);
#544 = VERTEX_POINT('',#545);
#545 = CARTESIAN_POINT('',(203.35251142247,-10.,139.38989221983));
#546 = SURFACE_CURVE('',#547,(#550,#556),.PCURVE_S1.);
#547 = B_SPLINE_CURVE_WITH_KNOTS('',1,(#548,#549),.UNSPECIFIED.,.F.,.F.,
  (2,2),(0.,45.),.PIECEWISE_BEZIER_KNOTS.);
#548 = CARTESIAN_POINT('',(203.35251142247,25.,139.38989221983));
#549 = CARTESIAN_POINT('',(203.35251142247,-20.,139.38989221983));
#550 = PCURVE('',#365,#551);
#551 = DEFINITIONAL_REPRESENTATION('',(#552),#555);
#552 = B_SPLINE_CURVE_WITH_KNOTS('',1,(#553,#554),.UNSPECIFIED.,.F.,.F.,
  (2,2),(0.,45.),.PIECEWISE_BEZIER_KNOTS.);
#553 = CARTESIAN_POINT('',(0.,0.));
#554 = CARTESIAN_POINT('',(0.,45.));
#555 = ( GEOMETRIC_REPRESENTATION_CONTEXT(2) 
PARAMETRIC_REPRESENTATION_CONTEXT() REPRESENTATION_CONTEXT('2D SPACE',''
  ) );
#556 = PCURVE('',#557,#562);
#557 = B_SPLINE_SURFACE_WITH_KNOTS('',1,1,(
    (#558,#559)
    ,(#560,#561
    )),.UNSPECIFIED.,.F.,.F.,.F.,(2,2),(2,2),(0.,5.),(-45.,0.),
  .PIECEWISE_BEZIER_KNOTS.);
#558 = CARTESIAN_POINT('',(203.35251142247,-20.,134.38989221983));
#559 = CARTESIAN_POINT('',(203.35251142247,25.,134.38989221983));
#560 = CARTESIAN_POINT('',(203.35251142247,-20.,139.38989221983));
#561 = CARTESIAN_POINT('',(203.35251142247,25.,139.38989221983));
#562 = DEFINITIONAL_REPRESENTATION('',(#563),#566);
#563 = B_SPLINE_CURVE_WITH_KNOTS('',1,(#564,#565),.UNSPECIFIED.,.F.,.F.,
  (2,2),(0.,45.),.PIECEWISE_BEZIER_KNOTS.);
#564 = CARTESIAN_POINT('',(5.,0.));
#565 = CARTESIAN_POINT('',(5.,-45.));
#566 = ( GEOMETRIC_REPRESENTATION_CONTEXT(2) 
PARAMETRIC_REPRESENTATION_CONTEXT() REPRESENTATION_CONTEXT('2D SPACE',''
  ) );
#567 = ORIENTED_EDGE('',*,*,#568,.F.);
#568 = EDGE_CURVE('',#569,#544,#571,.T.);
#569 = VERTEX_POINT('',#570);
#570 = CARTESIAN_POINT('',(225.,-10.,139.38989221983));
#571 = SURFACE_CURVE('',#572,(#575,#581),.PCURVE_S1.);
#572 = B_SPLINE_CURVE_WITH_KNOTS('',1,(#573,#574),.UNSPECIFIED.,.F.,.F.,
  (2,2),(0.,1.),.PIECEWISE_BEZIER_KNOTS.);
#573 = CARTESIAN_POINT('',(225.,-10.,139.38989221983));
#574 = CARTESIAN_POINT('',(203.35251142247,-10.,139.38989221983));
#575 = PCURVE('',#365,#576);
#576 = DEFINITIONAL_REPRESENTATION('',(#577),#580);
#577 = B_SPLINE_CURVE_WITH_KNOTS('',1,(#578,#579),.UNSPECIFIED.,.F.,.F.,
  (2,2),(0.,1.),.PIECEWISE_BEZIER_KNOTS.);
#578 = CARTESIAN_POINT('',(21.647488577523,35.));
#579 = CARTESIAN_POINT('',(0.,35.));
#580 = ( GEOMETRIC_REPRESENTATION_CONTEXT(2) 
PARAMETRIC_REPRESENTATION_CONTEXT() REPRESENTATION_CONTEXT('2D SPACE',''
  ) );
#581 = PCURVE('',#582,#587);
#582 = PLANE('',#583);
#583 = AXIS2_PLACEMENT_3D('',#584,#585,#586);
#584 = CARTESIAN_POINT('',(195.,-10.,134.38989221983));
#585 = DIRECTION('',(-0.,1.,0.));
#586 = DIRECTION('',(0.,0.,1.));
#587 = DEFINITIONAL_REPRESENTATION('',(#588),#591);
#588 = B_SPLINE_CURVE_WITH_KNOTS('',1,(#589,#590),.UNSPECIFIED.,.F.,.F.,
  (2,2),(0.,1.),.PIECEWISE_BEZIER_KNOTS.);
#589 = CARTESIAN_POINT('',(5.,30.));
#590 = CARTESIAN_POINT('',(5.,8.352511422477));
#591 = ( GEOMETRIC_REPRESENTATION_CONTEXT(2) 
PARAMETRIC_REPRESENTATION_CONTEXT() REPRESENTATION_CONTEXT('2D SPACE',''
  ) );
#592 = ORIENTED_EDGE('',*,*,#593,.F.);
#593 = EDGE_CURVE('',#594,#569,#596,.T.);
#594 = VERTEX_POINT('',#595);
#595 = CARTESIAN_POINT('',(225.,-8.,139.38989221983));
#596 = SURFACE_CURVE('',#597,(#600,#606),.PCURVE_S1.);
#597 = B_SPLINE_CURVE_WITH_KNOTS('',1,(#598,#599),.UNSPECIFIED.,.F.,.F.,
  (2,2),(0.,1.),.PIECEWISE_BEZIER_KNOTS.);
#598 = CARTESIAN_POINT('',(225.,-8.,139.38989221983));
#599 = CARTESIAN_POINT('',(225.,-10.,139.38989221983));
#600 = PCURVE('',#365,#601);
#601 = DEFINITIONAL_REPRESENTATION('',(#602),#605);
#602 = B_SPLINE_CURVE_WITH_KNOTS('',1,(#603,#604),.UNSPECIFIED.,.F.,.F.,
  (2,2),(0.,1.),.PIECEWISE_BEZIER_KNOTS.);
#603 = CARTESIAN_POINT('',(21.647488577523,33.));
#604 = CARTESIAN_POINT('',(21.647488577523,35.));
#605 = ( GEOMETRIC_REPRESENTATION_CONTEXT(2) 
PARAMETRIC_REPRESENTATION_CONTEXT() REPRESENTATION_CONTEXT('2D SPACE',''
  ) );
#606 = PCURVE('',#607,#612);
#607 = PLANE('',#608);
#608 = AXIS2_PLACEMENT_3D('',#609,#610,#611);
#609 = CARTESIAN_POINT('',(225.,-10.,134.38989221983));
#610 = DIRECTION('',(1.,0.,-0.));
#611 = DIRECTION('',(0.,0.,1.));
#612 = DEFINITIONAL_REPRESENTATION('',(#613),#616);
#613 = B_SPLINE_CURVE_WITH_KNOTS('',1,(#614,#615),.UNSPECIFIED.,.F.,.F.,
  (2,2),(0.,1.),.PIECEWISE_BEZIER_KNOTS.);
#614 = CARTESIAN_POINT('',(5.,-2.));
#615 = CARTESIAN_POINT('',(5.,0.));
#616 = ( GEOMETRIC_REPRESENTATION_CONTEXT(2) 
PARAMETRIC_REPRESENTATION_CONTEXT() REPRESENTATION_CONTEXT('2D SPACE',''
  ) );
#617 = ORIENTED_EDGE('',*,*,#618,.T.);
#618 = EDGE_CURVE('',#594,#329,#619,.T.);
#619 = SURFACE_CURVE('',#620,(#623,#629),.PCURVE_S1.);
#620 = B_SPLINE_CURVE_WITH_KNOTS('',1,(#621,#622),.UNSPECIFIED.,.F.,.F.,
  (2,2),(0.,1.),.PIECEWISE_BEZIER_KNOTS.);
#621 = CARTESIAN_POINT('',(225.,-8.,139.38989221983));
#622 = CARTESIAN_POINT('',(203.35251142247,-8.,139.38989221983));
#623 = PCURVE('',#365,#624);
#624 = DEFINITIONAL_REPRESENTATION('',(#625),#628);
#625 = B_SPLINE_CURVE_WITH_KNOTS('',1,(#626,#627),.UNSPECIFIED.,.F.,.F.,
  (2,2),(0.,1.),.PIECEWISE_BEZIER_KNOTS.);
#626 = CARTESIAN_POINT('',(21.647488577523,33.));
#627 = CARTESIAN_POINT('',(0.,33.));
#628 = ( GEOMETRIC_REPRESENTATION_CONTEXT(2) 
PARAMETRIC_REPRESENTATION_CONTEXT() REPRESENTATION_CONTEXT('2D SPACE',''
  ) );
#629 = PCURVE('',#342,#630);
#630 = DEFINITIONAL_REPRESENTATION('',(#631),#634);
#631 = B_SPLINE_CURVE_WITH_KNOTS('',1,(#632,#633),.UNSPECIFIED.,.F.,.F.,
  (2,2),(0.,1.),.PIECEWISE_BEZIER_KNOTS.);
#632 = CARTESIAN_POINT('',(5.,30.));
#633 = CARTESIAN_POINT('',(5.,8.352511422477));
#634 = ( GEOMETRIC_REPRESENTATION_CONTEXT(2) 
PARAMETRIC_REPRESENTATION_CONTEXT() REPRESENTATION_CONTEXT('2D SPACE',''
  ) );
#635 = FACE_BOUND('',#636,.F.);
#636 = EDGE_LOOP('',(#637));
#637 = ORIENTED_EDGE('',*,*,#638,.F.);
#638 = EDGE_CURVE('',#639,#639,#641,.T.);
#639 = VERTEX_POINT('',#640);
#640 = CARTESIAN_POINT('',(212.60251142247,15.,139.38989221983));
#641 = SURFACE_CURVE('',#642,(#650,#661),.PCURVE_S1.);
#642 = ( BOUNDED_CURVE() B_SPLINE_CURVE(2,(#643,#644,#645,#646,#647,#648
,#649),.UNSPECIFIED.,.T.,.F.) B_SPLINE_CURVE_WITH_KNOTS((1,2,2,2,2,1),(
    -2.094395102393,0.,2.094395102393,4.188790204786,6.28318530718,
8.377580409573),.UNSPECIFIED.) CURVE() GEOMETRIC_REPRESENTATION_ITEM() 
RATIONAL_B_SPLINE_CURVE((1.,0.5,1.,0.5,1.,0.5,1.)) REPRESENTATION_ITEM(
  '') );
#643 = CARTESIAN_POINT('',(212.60251142247,15.,139.38989221983));
#644 = CARTESIAN_POINT('',(212.60251142247,11.10288568297,
    139.38989221983));
#645 = CARTESIAN_POINT('',(209.22751142247,13.051442841485,
    139.38989221983));
#646 = CARTESIAN_POINT('',(205.85251142247,15.,139.38989221983));
#647 = CARTESIAN_POINT('',(209.22751142247,16.948557158515,
    139.38989221983));
#648 = CARTESIAN_POINT('',(212.60251142247,18.89711431703,
    139.38989221983));
#649 = CARTESIAN_POINT('',(212.60251142247,15.,139.38989221983));
#650 = PCURVE('',#365,#651);
#651 = DEFINITIONAL_REPRESENTATION('',(#652),#660);
#652 = ( BOUNDED_CURVE() B_SPLINE_CURVE(2,(#653,#654,#655,#656,#657,#658
,#659),.UNSPECIFIED.,.T.,.F.) B_SPLINE_CURVE_WITH_KNOTS((3,2,2,3),(0.,
    2.094395102393,4.188790204786,6.28318530718),
.PIECEWISE_BEZIER_KNOTS.) CURVE() GEOMETRIC_REPRESENTATION_ITEM() 
RATIONAL_B_SPLINE_CURVE((1.,0.5,1.,0.5,1.,0.5,1.)) REPRESENTATION_ITEM(
  '') );
#653 = CARTESIAN_POINT('',(9.25,10.));
#654 = CARTESIAN_POINT('',(9.25,13.89711431703));
#655 = CARTESIAN_POINT('',(5.875,11.948557158515));
#656 = CARTESIAN_POINT('',(2.5,10.));
#657 = CARTESIAN_POINT('',(5.875,8.051442841485));
#658 = CARTESIAN_POINT('',(9.25,6.10288568297));
#659 = CARTESIAN_POINT('',(9.25,10.));
#660 = ( GEOMETRIC_REPRESENTATION_CONTEXT(2) 
PARAMETRIC_REPRESENTATION_CONTEXT() REPRESENTATION_CONTEXT('2D SPACE',''
  ) );
#661 = PCURVE('',#662,#677);
#662 = ( BOUNDED_SURFACE() B_SPLINE_SURFACE(2,1,(
    (#663,#664)
    ,(#665,#666)
    ,(#667,#668)
    ,(#669,#670)
    ,(#671,#672)
    ,(#673,#674)
,(#675,#676
    )),.UNSPECIFIED.,.T.,.F.,.F.) B_SPLINE_SURFACE_WITH_KNOTS((1,2,2,2,2
    ,1),(2,2),(-2.094395102393,0.,2.094395102393,4.188790204786,
    6.28318530718,8.377580409573),(9.999999999999E-02,5.1),
.UNSPECIFIED.) GEOMETRIC_REPRESENTATION_ITEM() RATIONAL_B_SPLINE_SURFACE
((
    (1.,1.)
    ,(0.5,0.5)
    ,(1.,1.)
    ,(0.5,0.5)
    ,(1.,1.)
    ,(0.5,0.5)
,(1.,1.))) REPRESENTATION_ITEM('') SURFACE() );
#663 = CARTESIAN_POINT('',(212.60251142247,15.,134.38989221983));
#664 = CARTESIAN_POINT('',(212.60251142247,15.,139.38989221983));
#665 = CARTESIAN_POINT('',(212.60251142247,11.10288568297,
    134.38989221983));
#666 = CARTESIAN_POINT('',(212.60251142247,11.10288568297,
    139.38989221983));
#667 = CARTESIAN_POINT('',(209.22751142247,13.051442841485,
    134.38989221983));
#668 = CARTESIAN_POINT('',(209.22751142247,13.051442841485,
    139.38989221983));
#669 = CARTESIAN_POINT('',(205.85251142247,15.,134.38989221983));
#670 = CARTESIAN_POINT('',(205.85251142247,15.,139.38989221983));
#671 = CARTESIAN_POINT('',(209.22751142247,16.948557158515,
    134.38989221983));
#672 = CARTESIAN_POINT('',(209.22751142247,16.948557158515,
    139.38989221983));
#673 = CARTESIAN_POINT('',(212.60251142247,18.89711431703,
    134.38989221983));
#674 = CARTESIAN_POINT('',(212.60251142247,18.89711431703,
    139.38989221983));
#675 = CARTESIAN_POINT('',(212.60251142247,15.,134.38989221983));
#676 = CARTESIAN_POINT('',(212.60251142247,15.,139.38989221983));
#677 = DEFINITIONAL_REPRESENTATION('',(#678),#686);
#678 = B_SPLINE_CURVE_WITH_KNOTS('',2,(#679,#680,#681,#682,#683,#684,
    #685),.UNSPECIFIED.,.F.,.F.,(3,2,2,3),(0.,2.094395102393,
    4.188790204786,6.28318530718),.PIECEWISE_BEZIER_KNOTS.);
#679 = CARTESIAN_POINT('',(0.,5.1));
#680 = CARTESIAN_POINT('',(1.047197551197,5.1));
#681 = CARTESIAN_POINT('',(2.094395102393,5.1));
#682 = CARTESIAN_POINT('',(3.14159265359,5.1));
#683 = CARTESIAN_POINT('',(4.188790204786,5.1));
#684 = CARTESIAN_POINT('',(5.235987755983,5.1));
#685 = CARTESIAN_POINT('',(6.28318530718,5.1));
#686 = ( GEOMETRIC_REPRESENTATION_CONTEXT(2) 
PARAMETRIC_REPRESENTATION_CONTEXT() REPRESENTATION_CONTEXT('2D SPACE',''
  ) );
#687 = FACE_BOUND('',#688,.F.);
#688 = EDGE_LOOP('',(#689));
#689 = ORIENTED_EDGE('',*,*,#690,.F.);
#690 = EDGE_CURVE('',#691,#691,#693,.T.);
#691 = VERTEX_POINT('',#692);
#692 = CARTESIAN_POINT('',(228.60251142247,15.,139.38989221983));
#693 = SURFACE_CURVE('',#694,(#702,#713),.PCURVE_S1.);
#694 = ( BOUNDED_CURVE() B_SPLINE_CURVE(2,(#695,#696,#697,#698,#699,#700
,#701),.UNSPECIFIED.,.T.,.F.) B_SPLINE_CURVE_WITH_KNOTS((1,2,2,2,2,1),(
    -2.094395102393,0.,2.094395102393,4.188790204786,6.28318530718,
8.377580409573),.UNSPECIFIED.) CURVE() GEOMETRIC_REPRESENTATION_ITEM() 
RATIONAL_B_SPLINE_CURVE((1.,0.5,1.,0.5,1.,0.5,1.)) REPRESENTATION_ITEM(
  '') );
#695 = CARTESIAN_POINT('',(228.60251142247,15.,139.38989221983));
#696 = CARTESIAN_POINT('',(228.60251142247,11.10288568297,
    139.38989221983));
#697 = CARTESIAN_POINT('',(225.22751142247,13.051442841485,
    139.38989221983));
#698 = CARTESIAN_POINT('',(221.85251142247,15.,139.38989221983));
#699 = CARTESIAN_POINT('',(225.22751142247,16.948557158515,
    139.38989221983));
#700 = CARTESIAN_POINT('',(228.60251142247,18.89711431703,
    139.38989221983));
#701 = CARTESIAN_POINT('',(228.60251142247,15.,139.38989221983));
#702 = PCURVE('',#365,#703);
#703 = DEFINITIONAL_REPRESENTATION('',(#704),#712);
#704 = ( BOUNDED_CURVE() B_SPLINE_CURVE(2,(#705,#706,#707,#708,#709,#710
,#711),.UNSPECIFIED.,.T.,.F.) B_SPLINE_CURVE_WITH_KNOTS((3,2,2,3),(0.,
    2.094395102393,4.188790204786,6.28318530718),
.PIECEWISE_BEZIER_KNOTS.) CURVE() GEOMETRIC_REPRESENTATION_ITEM() 
RATIONAL_B_SPLINE_CURVE((1.,0.5,1.,0.5,1.,0.5,1.)) REPRESENTATION_ITEM(
  '') );
#705 = CARTESIAN_POINT('',(25.25,10.));
#706 = CARTESIAN_POINT('',(25.25,13.89711431703));
#707 = CARTESIAN_POINT('',(21.875,11.948557158515));
#708 = CARTESIAN_POINT('',(18.5,10.));
#709 = CARTESIAN_POINT('',(21.875,8.051442841485));
#710 = CARTESIAN_POINT('',(25.25,6.10288568297));
#711 = CARTESIAN_POINT('',(25.25,10.));
#712 = ( GEOMETRIC_REPRESENTATION_CONTEXT(2) 
PARAMETRIC_REPRESENTATION_CONTEXT() REPRESENTATION_CONTEXT('2D SPACE',''
  ) );
#713 = PCURVE('',#714,#729);
#714 = ( BOUNDED_SURFACE() B_SPLINE_SURFACE(2,1,(
    (#715,#716)
    ,(#717,#718)
    ,(#719,#720)
    ,(#721,#722)
    ,(#723,#724)
    ,(#725,#726)
,(#727,#728
    )),.UNSPECIFIED.,.T.,.F.,.F.) B_SPLINE_SURFACE_WITH_KNOTS((1,2,2,2,2
    ,1),(2,2),(-2.094395102393,0.,2.094395102393,4.188790204786,
    6.28318530718,8.377580409573),(9.999999999999E-02,5.1),
.UNSPECIFIED.) GEOMETRIC_REPRESENTATION_ITEM() RATIONAL_B_SPLINE_SURFACE
((
    (1.,1.)
    ,(0.5,0.5)
    ,(1.,1.)
    ,(0.5,0.5)
    ,(1.,1.)
    ,(0.5,0.5)
,(1.,1.))) REPRESENTATION_ITEM('') SURFACE() );
#715 = CARTESIAN_POINT('',(228.60251142247,15.,134.38989221983));
#716 = CARTESIAN_POINT('',(228.60251142247,15.,139.38989221983));
#717 = CARTESIAN_POINT('',(228.60251142247,11.10288568297,
    134.38989221983));
#718 = CARTESIAN_POINT('',(228.60251142247,11.10288568297,
    139.38989221983));
#719 = CARTESIAN_POINT('',(225.22751142247,13.051442841485,
    134.38989221983));
#720 = CARTESIAN_POINT('',(225.22751142247,13.051442841485,
    139.38989221983));
#721 = CARTESIAN_POINT('',(221.85251142247,15.,134.38989221983));
#722 = CARTESIAN_POINT('',(221.85251142247,15.,139.38989221983));
#723 = CARTESIAN_POINT('',(225.22751142247,16.948557158515,
    134.38989221983));
#724 = CARTESIAN_POINT('',(225.22751142247,16.948557158515,
    139.38989221983));
#725 = CARTESIAN_POINT('',(228.60251142247,18.89711431703,
    134.38989221983));
#726 = CARTESIAN_POINT('',(228.60251142247,18.89711431703,
    139.38989221983));
#727 = CARTESIAN_POINT('',(228.60251142247,15.,134.38989221983));
#728 = CARTESIAN_POINT('',(228.60251142247,15.,139.38989221983));
#729 = DEFINITIONAL_REPRESENTATION('',(#730),#738);
#730 = B_SPLINE_CURVE_WITH_KNOTS('',2,(#731,#732,#733,#734,#735,#736,
    #737),.UNSPECIFIED.,.F.,.F.,(3,2,2,3),(0.,2.094395102393,
    4.188790204786,6.28318530718),.PIECEWISE_BEZIER_KNOTS.);
#731 = CARTESIAN_POINT('',(0.,5.1));
#732 = CARTESIAN_POINT('',(1.047197551197,5.1));
#733 = CARTESIAN_POINT('',(2.094395102393,5.1));
#734 = CARTESIAN_POINT('',(3.14159265359,5.1));
#735 = CARTESIAN_POINT('',(4.188790204786,5.1));
#736 = CARTESIAN_POINT('',(5.235987755983,5.1));
#737 = CARTESIAN_POINT('',(6.28318530718,5.1));
#738 = ( GEOMETRIC_REPRESENTATION_CONTEXT(2) 
PARAMETRIC_REPRESENTATION_CONTEXT() REPRESENTATION_CONTEXT('2D SPACE',''
  ) );
#739 = FACE_BOUND('',#740,.F.);
#740 = EDGE_LOOP('',(#741,#840));
#741 = ORIENTED_EDGE('',*,*,#742,.T.);
#742 = EDGE_CURVE('',#743,#745,#747,.T.);
#743 = VERTEX_POINT('',#744);
#744 = CARTESIAN_POINT('',(212.05251142247,3.,139.38989221983));
#745 = VERTEX_POINT('',#746);
#746 = CARTESIAN_POINT('',(209.66883087204,4.556464231829,
    139.38989221983));
#747 = SURFACE_CURVE('',#748,(#775,#805),.PCURVE_S1.);
#748 = B_SPLINE_CURVE_WITH_KNOTS('',7,(#749,#750,#751,#752,#753,#754,
    #755,#756,#757,#758,#759,#760,#761,#762,#763,#764,#765,#766,#767,
    #768,#769,#770,#771,#772,#773,#774),.UNSPECIFIED.,.F.,.F.,(8,6,6,6,8
    ),(0.,0.398208633928,0.668266680058,0.803000474693,1.),
  .UNSPECIFIED.);
#749 = CARTESIAN_POINT('',(212.05251142247,3.,139.38989221983));
#750 = CARTESIAN_POINT('',(212.05251142247,3.191915474952,
    139.38989221983));
#751 = CARTESIAN_POINT('',(212.02723430718,3.383957097107,
    139.38989221983));
#752 = CARTESIAN_POINT('',(211.97662446649,3.571897496769,
    139.38989221983));
#753 = CARTESIAN_POINT('',(211.90157935834,3.751797616765,
    139.38989221983));
#754 = CARTESIAN_POINT('',(211.80362730263,3.91999243399,139.38989221983
    ));
#755 = CARTESIAN_POINT('',(211.68493472247,4.073070057642,
    139.38989221983));
#756 = CARTESIAN_POINT('',(211.45605979579,4.299661804604,
    139.38989221983));
#757 = CARTESIAN_POINT('',(211.35537512031,4.382983060793,
    139.38989221983));
#758 = CARTESIAN_POINT('',(211.24740374151,4.457151351873,
    139.38989221983));
#759 = CARTESIAN_POINT('',(211.13315104905,4.521421635914,
    139.38989221983));
#760 = CARTESIAN_POINT('',(211.01370166642,4.575183999876,
    139.38989221983));
#761 = CARTESIAN_POINT('',(210.89021416478,4.617966424929,
    139.38989221983));
#762 = CARTESIAN_POINT('',(210.70092741679,4.665179478179,
    139.38989221983));
#763 = CARTESIAN_POINT('',(210.6372230404,4.678086713747,139.38989221983
    ));
#764 = CARTESIAN_POINT('',(210.57296893263,4.688148822534,
    139.38989221983));
#765 = CARTESIAN_POINT('',(210.50831758495,4.695338431764,
    139.38989221983));
#766 = CARTESIAN_POINT('',(210.44342271576,4.699638448348,
    139.38989221983));
#767 = CARTESIAN_POINT('',(210.37843910357,4.701042077361,
    139.38989221983));
#768 = CARTESIAN_POINT('',(210.21860521087,4.697375369361,
    139.38989221983));
#769 = CARTESIAN_POINT('',(210.12382631601,4.689013015567,
    139.38989221983));
#770 = CARTESIAN_POINT('',(210.02967544152,4.674477470163,
    139.38989221983));
#771 = CARTESIAN_POINT('',(209.93663406963,4.653827058617,
    139.38989221983));
#772 = CARTESIAN_POINT('',(209.84517414631,4.627166494807,
    139.38989221983));
#773 = CARTESIAN_POINT('',(209.75575676863,4.594646635001,
    139.38989221983));
#774 = CARTESIAN_POINT('',(209.66883087204,4.556464231829,
    139.38989221983));
#775 = PCURVE('',#365,#776);
#776 = DEFINITIONAL_REPRESENTATION('',(#777),#804);
#777 = B_SPLINE_CURVE_WITH_KNOTS('',7,(#778,#779,#780,#781,#782,#783,
    #784,#785,#786,#787,#788,#789,#790,#791,#792,#793,#794,#795,#796,
    #797,#798,#799,#800,#801,#802,#803),.UNSPECIFIED.,.F.,.F.,(8,6,6,6,8
    ),(0.,0.398208633928,0.668266680058,0.803000474693,1.),
  .UNSPECIFIED.);
#778 = CARTESIAN_POINT('',(8.7,22.));
#779 = CARTESIAN_POINT('',(8.7,21.808084525048));
#780 = CARTESIAN_POINT('',(8.674722884711,21.616042902893));
#781 = CARTESIAN_POINT('',(8.624113044012,21.428102503231));
#782 = CARTESIAN_POINT('',(8.549067935862,21.248202383235));
#783 = CARTESIAN_POINT('',(8.451115880154,21.08000756601));
#784 = CARTESIAN_POINT('',(8.332423299999,20.926929942358));
#785 = CARTESIAN_POINT('',(8.103548373314,20.700338195396));
#786 = CARTESIAN_POINT('',(8.002863697835,20.617016939207));
#787 = CARTESIAN_POINT('',(7.894892319042,20.542848648127));
#788 = CARTESIAN_POINT('',(7.780639626574,20.478578364086));
#789 = CARTESIAN_POINT('',(7.661190243946,20.424816000124));
#790 = CARTESIAN_POINT('',(7.537702742306,20.382033575071));
#791 = CARTESIAN_POINT('',(7.348415994314,20.334820521821));
#792 = CARTESIAN_POINT('',(7.284711617932,20.321913286253));
#793 = CARTESIAN_POINT('',(7.220457510158,20.311851177466));
#794 = CARTESIAN_POINT('',(7.155806162482,20.304661568236));
#795 = CARTESIAN_POINT('',(7.090911293292,20.300361551652));
#796 = CARTESIAN_POINT('',(7.025927681102,20.298957922639));
#797 = CARTESIAN_POINT('',(6.866093788393,20.302624630639));
#798 = CARTESIAN_POINT('',(6.771314893539,20.310986984433));
#799 = CARTESIAN_POINT('',(6.677164019047,20.325522529837));
#800 = CARTESIAN_POINT('',(6.584122647153,20.346172941383));
#801 = CARTESIAN_POINT('',(6.492662723836,20.372833505193));
#802 = CARTESIAN_POINT('',(6.403245346153,20.405353364999));
#803 = CARTESIAN_POINT('',(6.31631944957,20.443535768171));
#804 = ( GEOMETRIC_REPRESENTATION_CONTEXT(2) 
PARAMETRIC_REPRESENTATION_CONTEXT() REPRESENTATION_CONTEXT('2D SPACE',''
  ) );
#805 = PCURVE('',#806,#811);
#806 = CYLINDRICAL_SURFACE('',#807,1.7);
#807 = AXIS2_PLACEMENT_3D('',#808,#809,#810);
#808 = CARTESIAN_POINT('',(210.35251142247,3.,74.389892219836));
#809 = DIRECTION('',(0.,0.,1.));
#810 = DIRECTION('',(1.,0.,-0.));
#811 = DEFINITIONAL_REPRESENTATION('',(#812),#839);
#812 = B_SPLINE_CURVE_WITH_KNOTS('',7,(#813,#814,#815,#816,#817,#818,
    #819,#820,#821,#822,#823,#824,#825,#826,#827,#828,#829,#830,#831,
    #832,#833,#834,#835,#836,#837,#838),.UNSPECIFIED.,.F.,.F.,(8,6,6,6,8
    ),(0.,0.398208633928,0.668266680058,0.803000474693,1.),
  .UNSPECIFIED.);
#813 = CARTESIAN_POINT('',(0.,65.));
#814 = CARTESIAN_POINT('',(0.112891455854,65.));
#815 = CARTESIAN_POINT('',(0.225857180629,65.));
#816 = CARTESIAN_POINT('',(0.338760103569,65.));
#817 = CARTESIAN_POINT('',(0.451647171369,65.));
#818 = CARTESIAN_POINT('',(0.564551594438,65.));
#819 = CARTESIAN_POINT('',(0.677520038737,65.));
#820 = CARTESIAN_POINT('',(0.866971579916,65.));
#821 = CARTESIAN_POINT('',(0.943543008827,65.));
#822 = CARTESIAN_POINT('',(1.020106292413,65.));
#823 = CARTESIAN_POINT('',(1.096664271386,65.));
#824 = CARTESIAN_POINT('',(1.173227091138,65.));
#825 = CARTESIAN_POINT('',(1.24979777923,65.));
#826 = CARTESIAN_POINT('',(1.364554246752,65.));
#827 = CARTESIAN_POINT('',(1.40275093061,65.));
#828 = CARTESIAN_POINT('',(1.440947360889,65.));
#829 = CARTESIAN_POINT('',(1.479143628822,65.));
#830 = CARTESIAN_POINT('',(1.51734004918,65.));
#831 = CARTESIAN_POINT('',(1.555536713793,65.));
#832 = CARTESIAN_POINT('',(1.64958138772,65.));
#833 = CARTESIAN_POINT('',(1.705431850882,65.));
#834 = CARTESIAN_POINT('',(1.761280760411,65.));
#835 = CARTESIAN_POINT('',(1.817128721736,65.));
#836 = CARTESIAN_POINT('',(1.872977737511,65.));
#837 = CARTESIAN_POINT('',(1.928828325264,65.));
#838 = CARTESIAN_POINT('',(1.984676635046,65.));
#839 = ( GEOMETRIC_REPRESENTATION_CONTEXT(2) 
PARAMETRIC_REPRESENTATION_CONTEXT() REPRESENTATION_CONTEXT('2D SPACE',''
  ) );
#840 = ORIENTED_EDGE('',*,*,#841,.T.);
#841 = EDGE_CURVE('',#745,#743,#842,.T.);
#842 = SURFACE_CURVE('',#843,(#886,#932),.PCURVE_S1.);
#843 = B_SPLINE_CURVE_WITH_KNOTS('',6,(#844,#845,#846,#847,#848,#849,
    #850,#851,#852,#853,#854,#855,#856,#857,#858,#859,#860,#861,#862,
    #863,#864,#865,#866,#867,#868,#869,#870,#871,#872,#873,#874,#875,
    #876,#877,#878,#879,#880,#881,#882,#883,#884,#885),.UNSPECIFIED.,.F.
  ,.F.,(7,5,5,5,5,5,5,5,7),(0.,0.135189751368,0.272559892842,
    0.407135582531,0.542986945097,0.639838902296,0.727994974503,
    0.868692150408,1.),.UNSPECIFIED.);
#844 = CARTESIAN_POINT('',(209.66883087204,4.556464231829,
    139.38989221983));
#845 = CARTESIAN_POINT('',(209.51809424436,4.49025281593,139.38989221983
    ));
#846 = CARTESIAN_POINT('',(209.37501776604,4.406508280359,
    139.38989221983));
#847 = CARTESIAN_POINT('',(209.2422314173,4.306368973857,139.38989221983
    ));
#848 = CARTESIAN_POINT('',(209.12199297287,4.191463658057,
    139.38989221983));
#849 = CARTESIAN_POINT('',(209.01627527991,4.063757119871,
    139.38989221983));
#850 = CARTESIAN_POINT('',(208.83553390306,3.785345054191,
    139.38989221983));
#851 = CARTESIAN_POINT('',(208.7609879455,3.634232766661,139.38989221983
    ));
#852 = CARTESIAN_POINT('',(208.70464455604,3.4748452356,139.38989221983)
  );
#853 = CARTESIAN_POINT('',(208.66753390792,3.309916257506,
    139.38989221983));
#854 = CARTESIAN_POINT('',(208.65023781868,3.142308641013,
    139.38989221983));
#855 = CARTESIAN_POINT('',(208.65510174215,2.811160194252,
    139.38989221983));
#856 = CARTESIAN_POINT('',(208.67646741993,2.647525479107,
    139.38989221983));
#857 = CARTESIAN_POINT('',(208.71676686254,2.48695833852,139.38989221983
    ));
#858 = CARTESIAN_POINT('',(208.77538679714,2.332137542281,
    139.38989221983));
#859 = CARTESIAN_POINT('',(208.85130189105,2.185609886229,
    139.38989221983));
#860 = CARTESIAN_POINT('',(209.03540151802,1.912528401921,
    139.38989221983));
#861 = CARTESIAN_POINT('',(209.14392932958,1.786111480411,
    139.38989221983));
#862 = CARTESIAN_POINT('',(209.26688612842,1.672886721509,
    139.38989221983));
#863 = CARTESIAN_POINT('',(209.40223318316,1.57481044326,139.38989221983
    ));
#864 = CARTESIAN_POINT('',(209.54764826349,1.493491635065,
    139.38989221983));
#865 = CARTESIAN_POINT('',(209.80936719675,1.384788987381,
    139.38989221983));
#866 = CARTESIAN_POINT('',(209.92206921832,1.348612999099,
    139.38989221983));
#867 = CARTESIAN_POINT('',(210.03758662233,1.321903875788,
    139.38989221983));
#868 = CARTESIAN_POINT('',(210.15492775409,1.304912937363,
    139.38989221983));
#869 = CARTESIAN_POINT('',(210.2730773166,1.29776545782,139.38989221983)
  );
#870 = CARTESIAN_POINT('',(210.49832948405,1.302866171082,
    139.38989221983));
#871 = CARTESIAN_POINT('',(210.60548210265,1.313431162767,
    139.38989221983));
#872 = CARTESIAN_POINT('',(210.71167494506,1.332112379688,
    139.38989221983));
#873 = CARTESIAN_POINT('',(210.81614470676,1.358795326559,
    139.38989221983));
#874 = CARTESIAN_POINT('',(210.91814865482,1.393270176932,
    139.38989221983));
#875 = CARTESIAN_POINT('',(211.17468495872,1.502204806988,
    139.38989221983));
#876 = CARTESIAN_POINT('',(211.32434343219,1.588271021419,
    139.38989221983));
#877 = CARTESIAN_POINT('',(211.46295512812,1.692183308819,
    139.38989221983));
#878 = CARTESIAN_POINT('',(211.58797029141,1.812111148909,
    139.38989221983));
#879 = CARTESIAN_POINT('',(211.69716743555,1.945836462874,
    139.38989221983));
#880 = CARTESIAN_POINT('',(211.87437238432,2.225718517799,
    139.38989221983));
#881 = CARTESIAN_POINT('',(211.94468280924,2.370513463594,
    139.38989221983));
#882 = CARTESIAN_POINT('',(211.99834506149,2.522783422872,
    139.38989221983));
#883 = CARTESIAN_POINT('',(212.03446043892,2.680140739876,
    139.38989221983));
#884 = CARTESIAN_POINT('',(212.05251142247,2.840087240514,
    139.38989221983));
#885 = CARTESIAN_POINT('',(212.05251142247,3.,139.38989221983));
#886 = PCURVE('',#365,#887);
#887 = DEFINITIONAL_REPRESENTATION('',(#888),#931);
#888 = B_SPLINE_CURVE_WITH_KNOTS('',6,(#889,#890,#891,#892,#893,#894,
    #895,#896,#897,#898,#899,#900,#901,#902,#903,#904,#905,#906,#907,
    #908,#909,#910,#911,#912,#913,#914,#915,#916,#917,#918,#919,#920,
    #921,#922,#923,#924,#925,#926,#927,#928,#929,#930),.UNSPECIFIED.,.F.
  ,.F.,(7,5,5,5,5,5,5,5,7),(0.,0.135189751368,0.272559892842,
    0.407135582531,0.542986945097,0.639838902296,0.727994974503,
    0.868692150408,1.),.UNSPECIFIED.);
#889 = CARTESIAN_POINT('',(6.31631944957,20.443535768171));
#890 = CARTESIAN_POINT('',(6.165582821884,20.50974718407));
#891 = CARTESIAN_POINT('',(6.02250634357,20.593491719641));
#892 = CARTESIAN_POINT('',(5.889719994825,20.693631026143));
#893 = CARTESIAN_POINT('',(5.769481550402,20.808536341943));
#894 = CARTESIAN_POINT('',(5.663763857441,20.936242880129));
#895 = CARTESIAN_POINT('',(5.483022480585,21.214654945809));
#896 = CARTESIAN_POINT('',(5.408476523022,21.365767233339));
#897 = CARTESIAN_POINT('',(5.352133133563,21.5251547644));
#898 = CARTESIAN_POINT('',(5.315022485452,21.690083742494));
#899 = CARTESIAN_POINT('',(5.297726396211,21.857691358987));
#900 = CARTESIAN_POINT('',(5.302590319675,22.188839805748));
#901 = CARTESIAN_POINT('',(5.323955997453,22.352474520893));
#902 = CARTESIAN_POINT('',(5.364255440066,22.51304166148));
#903 = CARTESIAN_POINT('',(5.422875374664,22.667862457719));
#904 = CARTESIAN_POINT('',(5.498790468575,22.814390113771));
#905 = CARTESIAN_POINT('',(5.682890095548,23.087471598079));
#906 = CARTESIAN_POINT('',(5.791417907112,23.213888519589));
#907 = CARTESIAN_POINT('',(5.914374705945,23.327113278491));
#908 = CARTESIAN_POINT('',(6.049721760685,23.42518955674));
#909 = CARTESIAN_POINT('',(6.195136841019,23.506508364935));
#910 = CARTESIAN_POINT('',(6.456855774273,23.615211012619));
#911 = CARTESIAN_POINT('',(6.569557795847,23.651387000901));
#912 = CARTESIAN_POINT('',(6.685075199858,23.678096124212));
#913 = CARTESIAN_POINT('',(6.802416331615,23.695087062637));
#914 = CARTESIAN_POINT('',(6.92056589413,23.70223454218));
#915 = CARTESIAN_POINT('',(7.145818061577,23.697133828918));
#916 = CARTESIAN_POINT('',(7.252970680178,23.686568837233));
#917 = CARTESIAN_POINT('',(7.35916352259,23.667887620312));
#918 = CARTESIAN_POINT('',(7.46363328429,23.641204673441));
#919 = CARTESIAN_POINT('',(7.565637232347,23.606729823068));
#920 = CARTESIAN_POINT('',(7.822173536249,23.497795193012));
#921 = CARTESIAN_POINT('',(7.971832009718,23.411728978581));
#922 = CARTESIAN_POINT('',(8.110443705652,23.307816691181));
#923 = CARTESIAN_POINT('',(8.235458868938,23.187888851091));
#924 = CARTESIAN_POINT('',(8.344656013075,23.054163537126));
#925 = CARTESIAN_POINT('',(8.521860961849,22.774281482201));
#926 = CARTESIAN_POINT('',(8.592171386766,22.629486536406));
#927 = CARTESIAN_POINT('',(8.645833639022,22.477216577128));
#928 = CARTESIAN_POINT('',(8.681949016446,22.319859260124));
#929 = CARTESIAN_POINT('',(8.7,22.159912759486));
#930 = CARTESIAN_POINT('',(8.7,22.));
#931 = ( GEOMETRIC_REPRESENTATION_CONTEXT(2) 
PARAMETRIC_REPRESENTATION_CONTEXT() REPRESENTATION_CONTEXT('2D SPACE',''
  ) );
#932 = PCURVE('',#806,#933);
#933 = DEFINITIONAL_REPRESENTATION('',(#934),#977);
#934 = B_SPLINE_CURVE_WITH_KNOTS('',6,(#935,#936,#937,#938,#939,#940,
    #941,#942,#943,#944,#945,#946,#947,#948,#949,#950,#951,#952,#953,
    #954,#955,#956,#957,#958,#959,#960,#961,#962,#963,#964,#965,#966,
    #967,#968,#969,#970,#971,#972,#973,#974,#975,#976),.UNSPECIFIED.,.F.
  ,.F.,(7,5,5,5,5,5,5,5,7),(0.,0.135189751368,0.272559892842,
    0.407135582531,0.542986945097,0.639838902296,0.727994974503,
    0.868692150408,1.),.UNSPECIFIED.);
#935 = CARTESIAN_POINT('',(1.984676635046,65.));
#936 = CARTESIAN_POINT('',(2.081522180612,65.));
#937 = CARTESIAN_POINT('',(2.178389545511,65.));
#938 = CARTESIAN_POINT('',(2.275231003,65.));
#939 = CARTESIAN_POINT('',(2.37207320884,65.));
#940 = CARTESIAN_POINT('',(2.468942573002,65.));
#941 = CARTESIAN_POINT('',(2.664198348493,65.));
#942 = CARTESIAN_POINT('',(2.76263144639,65.));
#943 = CARTESIAN_POINT('',(2.861035613654,65.));
#944 = CARTESIAN_POINT('',(2.959439439203,65.));
#945 = CARTESIAN_POINT('',(3.057871602805,65.));
#946 = CARTESIAN_POINT('',(3.252685817863,65.));
#947 = CARTESIAN_POINT('',(3.349115304576,65.));
#948 = CARTESIAN_POINT('',(3.44551948495,65.));
#949 = CARTESIAN_POINT('',(3.541923628009,65.));
#950 = CARTESIAN_POINT('',(3.638354176699,65.));
#951 = CARTESIAN_POINT('',(3.832084779901,65.));
#952 = CARTESIAN_POINT('',(3.929429987565,65.));
#953 = CARTESIAN_POINT('',(4.026747342736,65.));
#954 = CARTESIAN_POINT('',(4.12406391656,65.));
#955 = CARTESIAN_POINT('',(4.221407025806,65.));
#956 = CARTESIAN_POINT('',(4.388110319444,65.));
#957 = CARTESIAN_POINT('',(4.457497126303,65.));
#958 = CARTESIAN_POINT('',(4.526878823477,65.));
#959 = CARTESIAN_POINT('',(4.596260483998,65.));
#960 = CARTESIAN_POINT('',(4.665647188138,65.));
#961 = CARTESIAN_POINT('',(4.79818243019,65.));
#962 = CARTESIAN_POINT('',(4.861337941919,65.));
#963 = CARTESIAN_POINT('',(4.924490441348,65.));
#964 = CARTESIAN_POINT('',(4.987642947899,65.));
#965 = CARTESIAN_POINT('',(5.050798508179,65.));
#966 = CARTESIAN_POINT('',(5.214743841338,65.));
#967 = CARTESIAN_POINT('',(5.315562649473,65.));
#968 = CARTESIAN_POINT('',(5.416349892928,65.));
#969 = CARTESIAN_POINT('',(5.517138016452,65.));
#970 = CARTESIAN_POINT('',(5.617959167482,65.));
#971 = CARTESIAN_POINT('',(5.812820096099,65.));
#972 = CARTESIAN_POINT('',(5.906906628365,65.));
#973 = CARTESIAN_POINT('',(6.000970023473,65.));
#974 = CARTESIAN_POINT('',(6.095033164791,65.));
#975 = CARTESIAN_POINT('',(6.18911897807,65.));
#976 = CARTESIAN_POINT('',(6.28318530718,65.));
#977 = ( GEOMETRIC_REPRESENTATION_CONTEXT(2) 
PARAMETRIC_REPRESENTATION_CONTEXT() REPRESENTATION_CONTEXT('2D SPACE',''
  ) );
#978 = FACE_BOUND('',#979,.F.);
#979 = EDGE_LOOP('',(#980,#1067));
#980 = ORIENTED_EDGE('',*,*,#981,.T.);
#981 = EDGE_CURVE('',#982,#984,#986,.T.);
#982 = VERTEX_POINT('',#983);
#983 = CARTESIAN_POINT('',(228.05251142247,3.,139.38989221983));
#984 = VERTEX_POINT('',#985);
#985 = CARTESIAN_POINT('',(225.39443161629,4.404308757002,
    139.38989221983));
#986 = SURFACE_CURVE('',#987,(#1010,#1036),.PCURVE_S1.);
#987 = B_SPLINE_CURVE_WITH_KNOTS('',6,(#988,#989,#990,#991,#992,#993,
    #994,#995,#996,#997,#998,#999,#1000,#1001,#1002,#1003,#1004,#1005,
    #1006,#1007,#1008,#1009),.UNSPECIFIED.,.F.,.F.,(7,5,5,5,7),(0.,
    0.270538620571,0.476734454155,0.739747011474,1.),.UNSPECIFIED.);
#988 = CARTESIAN_POINT('',(228.05251142247,3.,139.38989221983));
#989 = CARTESIAN_POINT('',(228.05251142247,3.166290049587,
    139.38989221983));
#990 = CARTESIAN_POINT('',(228.03299196579,3.332621366269,
    139.38989221983));
#991 = CARTESIAN_POINT('',(227.99393606513,3.496037119635,
    139.38989221983));
#992 = CARTESIAN_POINT('',(227.9359523678,3.653733302865,139.38989221983
    ));
#993 = CARTESIAN_POINT('',(227.86008650767,3.803038207963,
    139.38989221983));
#994 = CARTESIAN_POINT('',(227.69779747711,4.047028678688,
    139.38989221983));
#995 = CARTESIAN_POINT('',(227.61815794928,4.146287125192,
    139.38989221983));
#996 = CARTESIAN_POINT('',(227.52978447657,4.238196630177,
    139.38989221983));
#997 = CARTESIAN_POINT('',(227.43353707752,4.321823798873,
    139.38989221983));
#998 = CARTESIAN_POINT('',(227.33039159253,4.396357177899,
    139.38989221983));
#999 = CARTESIAN_POINT('',(227.08251131011,4.543772974555,
    139.38989221983));
#1000 = CARTESIAN_POINT('',(226.93410267475,4.610568364828,
    139.38989221983));
#1001 = CARTESIAN_POINT('',(226.7785576769,4.660127068109,
    139.38989221983));
#1002 = CARTESIAN_POINT('',(226.61837051881,4.69159610041,
    139.38989221983));
#1003 = CARTESIAN_POINT('',(226.4561379436,4.704522288049,
    139.38989221983));
#1004 = CARTESIAN_POINT('',(226.13469647788,4.693560094853,
    139.38989221983));
#1005 = CARTESIAN_POINT('',(225.97540562107,4.670054240174,
    139.38989221983));
#1006 = CARTESIAN_POINT('',(225.81932118044,4.628570929555,
    139.38989221983));
#1007 = CARTESIAN_POINT('',(225.66892461645,4.569713238871,
    139.38989221983));
#1008 = CARTESIAN_POINT('',(225.52657401488,4.494461982209,
    139.38989221983));
#1009 = CARTESIAN_POINT('',(225.39443161629,4.404308757002,
    139.38989221983));
#1010 = PCURVE('',#365,#1011);
#1011 = DEFINITIONAL_REPRESENTATION('',(#1012),#1035);
#1012 = B_SPLINE_CURVE_WITH_KNOTS('',6,(#1013,#1014,#1015,#1016,#1017,
    #1018,#1019,#1020,#1021,#1022,#1023,#1024,#1025,#1026,#1027,#1028,
    #1029,#1030,#1031,#1032,#1033,#1034),.UNSPECIFIED.,.F.,.F.,(7,5,5,5,
    7),(0.,0.270538620571,0.476734454155,0.739747011474,1.),
  .UNSPECIFIED.);
#1013 = CARTESIAN_POINT('',(24.7,22.));
#1014 = CARTESIAN_POINT('',(24.7,21.833709950413));
#1015 = CARTESIAN_POINT('',(24.680480543313,21.667378633731));
#1016 = CARTESIAN_POINT('',(24.641424642662,21.503962880365));
#1017 = CARTESIAN_POINT('',(24.583440945329,21.346266697135));
#1018 = CARTESIAN_POINT('',(24.507575085197,21.196961792037));
#1019 = CARTESIAN_POINT('',(24.345286054634,20.952971321312));
#1020 = CARTESIAN_POINT('',(24.26564652681,20.853712874808));
#1021 = CARTESIAN_POINT('',(24.177273054096,20.761803369823));
#1022 = CARTESIAN_POINT('',(24.08102565505,20.678176201127));
#1023 = CARTESIAN_POINT('',(23.977880170055,20.603642822101));
#1024 = CARTESIAN_POINT('',(23.729999887636,20.456227025445));
#1025 = CARTESIAN_POINT('',(23.581591252275,20.389431635172));
#1026 = CARTESIAN_POINT('',(23.426046254426,20.339872931891));
#1027 = CARTESIAN_POINT('',(23.265859096332,20.30840389959));
#1028 = CARTESIAN_POINT('',(23.103626521125,20.295477711951));
#1029 = CARTESIAN_POINT('',(22.782185055404,20.306439905147));
#1030 = CARTESIAN_POINT('',(22.622894198596,20.329945759826));
#1031 = CARTESIAN_POINT('',(22.466809757971,20.371429070445));
#1032 = CARTESIAN_POINT('',(22.316413193975,20.430286761129));
#1033 = CARTESIAN_POINT('',(22.174062592412,20.505538017791));
#1034 = CARTESIAN_POINT('',(22.041920193821,20.595691242998));
#1035 = ( GEOMETRIC_REPRESENTATION_CONTEXT(2) 
PARAMETRIC_REPRESENTATION_CONTEXT() REPRESENTATION_CONTEXT('2D SPACE',''
  ) );
#1036 = PCURVE('',#1037,#1042);
#1037 = CYLINDRICAL_SURFACE('',#1038,1.7);
#1038 = AXIS2_PLACEMENT_3D('',#1039,#1040,#1041);
#1039 = CARTESIAN_POINT('',(226.35251142247,3.,74.389892219836));
#1040 = DIRECTION('',(0.,0.,1.));
#1041 = DIRECTION('',(1.,0.,-0.));
#1042 = DEFINITIONAL_REPRESENTATION('',(#1043),#1066);
#1043 = B_SPLINE_CURVE_WITH_KNOTS('',6,(#1044,#1045,#1046,#1047,#1048,
    #1049,#1050,#1051,#1052,#1053,#1054,#1055,#1056,#1057,#1058,#1059,
    #1060,#1061,#1062,#1063,#1064,#1065),.UNSPECIFIED.,.F.,.F.,(7,5,5,5,
    7),(0.,0.270538620571,0.476734454155,0.739747011474,1.),
  .UNSPECIFIED.);
#1044 = CARTESIAN_POINT('',(0.,65.));
#1045 = CARTESIAN_POINT('',(9.781767622745E-02,65.));
#1046 = CARTESIAN_POINT('',(0.195659151181,65.));
#1047 = CARTESIAN_POINT('',(0.293473125565,65.));
#1048 = CARTESIAN_POINT('',(0.391287344536,65.));
#1049 = CARTESIAN_POINT('',(0.489129597063,65.));
#1050 = CARTESIAN_POINT('',(0.661502692899,65.));
#1051 = CARTESIAN_POINT('',(0.73606273193,65.));
#1052 = CARTESIAN_POINT('',(0.810615063683,65.));
#1053 = CARTESIAN_POINT('',(0.885167022494,65.));
#1054 = CARTESIAN_POINT('',(0.959725982437,65.));
#1055 = CARTESIAN_POINT('',(1.129374562339,65.));
#1056 = CARTESIAN_POINT('',(1.224490931503,65.));
#1057 = CARTESIAN_POINT('',(1.319583033071,65.));
#1058 = CARTESIAN_POINT('',(1.4146749715,65.));
#1059 = CARTESIAN_POINT('',(1.509790900852,65.));
#1060 = CARTESIAN_POINT('',(1.698984038804,65.));
#1061 = CARTESIAN_POINT('',(1.793101008031,65.));
#1062 = CARTESIAN_POINT('',(1.887195259191,65.));
#1063 = CARTESIAN_POINT('',(1.981289752028,65.));
#1064 = CARTESIAN_POINT('',(2.075407335141,65.));
#1065 = CARTESIAN_POINT('',(2.169505159378,65.));
#1066 = ( GEOMETRIC_REPRESENTATION_CONTEXT(2) 
PARAMETRIC_REPRESENTATION_CONTEXT() REPRESENTATION_CONTEXT('2D SPACE',''
  ) );
#1067 = ORIENTED_EDGE('',*,*,#1068,.T.);
#1068 = EDGE_CURVE('',#984,#982,#1069,.T.);
#1069 = SURFACE_CURVE('',#1070,(#1121,#1175),.PCURVE_S1.);
#1070 = B_SPLINE_CURVE_WITH_KNOTS('',7,(#1071,#1072,#1073,#1074,#1075,
    #1076,#1077,#1078,#1079,#1080,#1081,#1082,#1083,#1084,#1085,#1086,
    #1087,#1088,#1089,#1090,#1091,#1092,#1093,#1094,#1095,#1096,#1097,
    #1098,#1099,#1100,#1101,#1102,#1103,#1104,#1105,#1106,#1107,#1108,
    #1109,#1110,#1111,#1112,#1113,#1114,#1115,#1116,#1117,#1118,#1119,
    #1120),.UNSPECIFIED.,.F.,.F.,(8,6,6,6,6,6,6,6,8),(0.,0.134733618226,
    0.257299988451,0.44063391393,0.53190728642,0.622478678856,
    0.703300240491,0.829279375577,1.),.UNSPECIFIED.);
#1071 = CARTESIAN_POINT('',(225.39443161629,4.404308757002,
    139.38989221983));
#1072 = CARTESIAN_POINT('',(225.28324762747,4.328454259956,
    139.38989221983));
#1073 = CARTESIAN_POINT('',(225.17905296967,4.242317953801,
    139.38989221983));
#1074 = CARTESIAN_POINT('',(225.08302104974,4.146692433925,
    139.38989221983));
#1075 = CARTESIAN_POINT('',(224.99616751452,4.042516980638,
    139.38989221983));
#1076 = CARTESIAN_POINT('',(224.91937426804,3.930848241106,
    139.38989221983));
#1077 = CARTESIAN_POINT('',(224.85338424016,3.812855294045,
    139.38989221983));
#1078 = CARTESIAN_POINT('',(224.74908184385,3.57793199539,
    139.38989221983));
#1079 = CARTESIAN_POINT('',(224.70879457755,3.461837373267,
    139.38989221983));
#1080 = CARTESIAN_POINT('',(224.67833974762,3.342524467171,
    139.38989221983));
#1081 = CARTESIAN_POINT('',(224.65800974424,3.2209927217,139.38989221983
    ));
#1082 = CARTESIAN_POINT('',(224.64797550302,3.098264158081,
    139.38989221983));
#1083 = CARTESIAN_POINT('',(224.64828573654,2.975379220426,
    139.38989221983));
#1084 = CARTESIAN_POINT('',(224.67463848133,2.670934595109,
    139.38989221983));
#1085 = CARTESIAN_POINT('',(224.71337444535,2.490358125267,
    139.38989221983));
#1086 = CARTESIAN_POINT('',(224.77477954165,2.315312540474,
    139.38989221983));
#1087 = CARTESIAN_POINT('',(224.85782405544,2.149150145849,
    139.38989221983));
#1088 = CARTESIAN_POINT('',(224.96096442551,1.994961006318,
    139.38989221983));
#1089 = CARTESIAN_POINT('',(225.08213706917,1.855583026617,
    139.38989221983));
#1090 = CARTESIAN_POINT('',(225.28651821552,1.672607092443,
    139.38989221983));
#1091 = CARTESIAN_POINT('',(225.35825779033,1.61603897385,
    139.38989221983));
#1092 = CARTESIAN_POINT('',(225.4334818848,1.5640087788,139.38989221983)
  );
#1093 = CARTESIAN_POINT('',(225.51184505776,1.516771730229,
    139.38989221983));
#1094 = CARTESIAN_POINT('',(225.59298064065,1.47454882391,
    139.38989221983));
#1095 = CARTESIAN_POINT('',(225.67650165412,1.437526280078,
    139.38989221983));
#1096 = CARTESIAN_POINT('',(225.8468442174,1.374427292687,
    139.38989221983));
#1097 = CARTESIAN_POINT('',(225.93364076666,1.348266879351,
    139.38989221983));
#1098 = CARTESIAN_POINT('',(226.02199416452,1.327520494481,
    139.38989221983));
#1099 = CARTESIAN_POINT('',(226.11149909416,1.312296697889,
    139.38989221983));
#1100 = CARTESIAN_POINT('',(226.20174313008,1.302665658125,
    139.38989221983));
#1101 = CARTESIAN_POINT('',(226.29230773833,1.298658940838,
    139.38989221983));
#1102 = CARTESIAN_POINT('',(226.46349280988,1.301706301773,
    139.38989221983));
#1103 = CARTESIAN_POINT('',(226.54413872079,1.307616145167,
    139.38989221983));
#1104 = CARTESIAN_POINT('',(226.62440650835,1.31799337086,
    139.38989221983));
#1105 = CARTESIAN_POINT('',(226.7039995215,1.332807954937,
    139.38989221983));
#1106 = CARTESIAN_POINT('',(226.78262548166,1.352005463892,
    139.38989221983));
#1107 = CARTESIAN_POINT('',(226.85999700511,1.375507212488,
    139.38989221983));
#1108 = CARTESIAN_POINT('',(227.05403873586,1.446392293592,
    139.38989221983));
#1109 = CARTESIAN_POINT('',(227.16853042315,1.499788486287,
    139.38989221983));
#1110 = CARTESIAN_POINT('',(227.27822142621,1.563007218636,
    139.38989221983));
#1111 = CARTESIAN_POINT('',(227.38211276768,1.635518910844,
    139.38989221983));
#1112 = CARTESIAN_POINT('',(227.47928188231,1.71667988142,
    139.38989221983));
#1113 = CARTESIAN_POINT('',(227.56888678027,1.805735054561,
    139.38989221983));
#1114 = CARTESIAN_POINT('',(227.76035568215,2.031981651934,
    139.38989221983));
#1115 = CARTESIAN_POINT('',(227.85533710719,2.17511377998,
    139.38989221983));
#1116 = CARTESIAN_POINT('',(227.93321097673,2.328974427169,
    139.38989221983));
#1117 = CARTESIAN_POINT('',(227.99260213035,2.491091526089,
    139.38989221983));
#1118 = CARTESIAN_POINT('',(228.03255092083,2.658843652446,
    139.38989221983));
#1119 = CARTESIAN_POINT('',(228.05251142247,2.829456854805,
    139.38989221983));
#1120 = CARTESIAN_POINT('',(228.05251142247,3.,139.38989221983));
#1121 = PCURVE('',#365,#1122);
#1122 = DEFINITIONAL_REPRESENTATION('',(#1123),#1174);
#1123 = B_SPLINE_CURVE_WITH_KNOTS('',7,(#1124,#1125,#1126,#1127,#1128,
    #1129,#1130,#1131,#1132,#1133,#1134,#1135,#1136,#1137,#1138,#1139,
    #1140,#1141,#1142,#1143,#1144,#1145,#1146,#1147,#1148,#1149,#1150,
    #1151,#1152,#1153,#1154,#1155,#1156,#1157,#1158,#1159,#1160,#1161,
    #1162,#1163,#1164,#1165,#1166,#1167,#1168,#1169,#1170,#1171,#1172,
    #1173),.UNSPECIFIED.,.F.,.F.,(8,6,6,6,6,6,6,6,8),(0.,0.134733618226,
    0.257299988451,0.44063391393,0.53190728642,0.622478678856,
    0.703300240491,0.829279375577,1.),.UNSPECIFIED.);
#1124 = CARTESIAN_POINT('',(22.041920193821,20.595691242998));
#1125 = CARTESIAN_POINT('',(21.930736205,20.671545740044));
#1126 = CARTESIAN_POINT('',(21.826541547199,20.757682046199));
#1127 = CARTESIAN_POINT('',(21.730509627263,20.853307566075));
#1128 = CARTESIAN_POINT('',(21.643656092044,20.957483019362));
#1129 = CARTESIAN_POINT('',(21.566862845564,21.069151758894));
#1130 = CARTESIAN_POINT('',(21.50087281769,21.187144705955));
#1131 = CARTESIAN_POINT('',(21.396570421373,21.42206800461));
#1132 = CARTESIAN_POINT('',(21.356283155078,21.538162626733));
#1133 = CARTESIAN_POINT('',(21.325828325144,21.657475532829));
#1134 = CARTESIAN_POINT('',(21.30549832177,21.7790072783));
#1135 = CARTESIAN_POINT('',(21.29546408055,21.901735841919));
#1136 = CARTESIAN_POINT('',(21.295774314072,22.024620779574));
#1137 = CARTESIAN_POINT('',(21.322127058859,22.329065404891));
#1138 = CARTESIAN_POINT('',(21.360863022873,22.509641874733));
#1139 = CARTESIAN_POINT('',(21.422268119174,22.684687459527));
#1140 = CARTESIAN_POINT('',(21.505312632965,22.850849854151));
#1141 = CARTESIAN_POINT('',(21.608453003039,23.005038993682));
#1142 = CARTESIAN_POINT('',(21.729625646702,23.144416973383));
#1143 = CARTESIAN_POINT('',(21.934006793045,23.327392907557));
#1144 = CARTESIAN_POINT('',(22.005746367853,23.38396102615));
#1145 = CARTESIAN_POINT('',(22.080970462328,23.4359912212));
#1146 = CARTESIAN_POINT('',(22.159333635291,23.483228269771));
#1147 = CARTESIAN_POINT('',(22.240469218178,23.52545117609));
#1148 = CARTESIAN_POINT('',(22.323990231646,23.562473719922));
#1149 = CARTESIAN_POINT('',(22.494332794926,23.625572707313));
#1150 = CARTESIAN_POINT('',(22.581129344189,23.651733120649));
#1151 = CARTESIAN_POINT('',(22.669482742051,23.672479505519));
#1152 = CARTESIAN_POINT('',(22.75898767169,23.687703302111));
#1153 = CARTESIAN_POINT('',(22.849231707608,23.697334341875));
#1154 = CARTESIAN_POINT('',(22.939796315856,23.701341059162));
#1155 = CARTESIAN_POINT('',(23.110981387411,23.698293698227));
#1156 = CARTESIAN_POINT('',(23.191627298322,23.692383854833));
#1157 = CARTESIAN_POINT('',(23.271895085874,23.68200662914));
#1158 = CARTESIAN_POINT('',(23.351488099024,23.667192045063));
#1159 = CARTESIAN_POINT('',(23.430114059188,23.647994536108));
#1160 = CARTESIAN_POINT('',(23.507485582633,23.624492787512));
#1161 = CARTESIAN_POINT('',(23.701527313384,23.553607706408));
#1162 = CARTESIAN_POINT('',(23.816019000674,23.500211513713));
#1163 = CARTESIAN_POINT('',(23.925710003737,23.436992781364));
#1164 = CARTESIAN_POINT('',(24.029601345206,23.364481089156));
#1165 = CARTESIAN_POINT('',(24.126770459839,23.28332011858));
#1166 = CARTESIAN_POINT('',(24.216375357802,23.194264945439));
#1167 = CARTESIAN_POINT('',(24.407844259675,22.968018348066));
#1168 = CARTESIAN_POINT('',(24.502825684718,22.82488622002));
#1169 = CARTESIAN_POINT('',(24.580699554257,22.671025572831));
#1170 = CARTESIAN_POINT('',(24.640090707877,22.508908473911));
#1171 = CARTESIAN_POINT('',(24.680039498353,22.341156347554));
#1172 = CARTESIAN_POINT('',(24.7,22.170543145195));
#1173 = CARTESIAN_POINT('',(24.7,22.));
#1174 = ( GEOMETRIC_REPRESENTATION_CONTEXT(2) 
PARAMETRIC_REPRESENTATION_CONTEXT() REPRESENTATION_CONTEXT('2D SPACE',''
  ) );
#1175 = PCURVE('',#1037,#1176);
#1176 = DEFINITIONAL_REPRESENTATION('',(#1177),#1228);
#1177 = B_SPLINE_CURVE_WITH_KNOTS('',7,(#1178,#1179,#1180,#1181,#1182,
    #1183,#1184,#1185,#1186,#1187,#1188,#1189,#1190,#1191,#1192,#1193,
    #1194,#1195,#1196,#1197,#1198,#1199,#1200,#1201,#1202,#1203,#1204,
    #1205,#1206,#1207,#1208,#1209,#1210,#1211,#1212,#1213,#1214,#1215,
    #1216,#1217,#1218,#1219,#1220,#1221,#1222,#1223,#1224,#1225,#1226,
    #1227),.UNSPECIFIED.,.F.,.F.,(8,6,6,6,6,6,6,6,8),(0.,0.134733618226,
    0.257299988451,0.44063391393,0.53190728642,0.622478678856,
    0.703300240491,0.829279375577,1.),.UNSPECIFIED.);
#1178 = CARTESIAN_POINT('',(2.169505159378,65.));
#1179 = CARTESIAN_POINT('',(2.248678623381,65.));
#1180 = CARTESIAN_POINT('',(2.327864187653,65.));
#1181 = CARTESIAN_POINT('',(2.407040776609,65.));
#1182 = CARTESIAN_POINT('',(2.48621219335,65.));
#1183 = CARTESIAN_POINT('',(2.565390333821,65.));
#1184 = CARTESIAN_POINT('',(2.64457811771,65.));
#1185 = CARTESIAN_POINT('',(2.795776269197,65.));
#1186 = CARTESIAN_POINT('',(2.867808361317,65.));
#1187 = CARTESIAN_POINT('',(2.939834522226,65.));
#1188 = CARTESIAN_POINT('',(3.011856861552,65.));
#1189 = CARTESIAN_POINT('',(3.083882810658,65.));
#1190 = CARTESIAN_POINT('',(3.155914399947,65.));
#1191 = CARTESIAN_POINT('',(3.335669131963,65.));
#1192 = CARTESIAN_POINT('',(3.443459905747,65.));
#1193 = CARTESIAN_POINT('',(3.551201369371,65.));
#1194 = CARTESIAN_POINT('',(3.658929044104,65.));
#1195 = CARTESIAN_POINT('',(3.766671468238,65.));
#1196 = CARTESIAN_POINT('',(3.874463378259,65.));
#1197 = CARTESIAN_POINT('',(4.035828494854,65.));
#1198 = CARTESIAN_POINT('',(4.089464360546,65.));
#1199 = CARTESIAN_POINT('',(4.143098833471,65.));
#1200 = CARTESIAN_POINT('',(4.196732392842,65.));
#1201 = CARTESIAN_POINT('',(4.250366710115,65.));
#1202 = CARTESIAN_POINT('',(4.304002287735,65.));
#1203 = CARTESIAN_POINT('',(4.410857412426,65.));
#1204 = CARTESIAN_POINT('',(4.464080355908,65.));
#1205 = CARTESIAN_POINT('',(4.517302033494,65.));
#1206 = CARTESIAN_POINT('',(4.570522930527,65.));
#1207 = CARTESIAN_POINT('',(4.623744634606,65.));
#1208 = CARTESIAN_POINT('',(4.676967557669,65.));
#1209 = CARTESIAN_POINT('',(4.777680612547,65.));
#1210 = CARTESIAN_POINT('',(4.825173749117,65.));
#1211 = CARTESIAN_POINT('',(4.872666223101,65.));
#1212 = CARTESIAN_POINT('',(4.92015821413,65.));
#1213 = CARTESIAN_POINT('',(4.967650618209,65.));
#1214 = CARTESIAN_POINT('',(5.015143739776,65.));
#1215 = CARTESIAN_POINT('',(5.136663652844,65.));
#1216 = CARTESIAN_POINT('',(5.210700271782,65.));
#1217 = CARTESIAN_POINT('',(5.284730253941,65.));
#1218 = CARTESIAN_POINT('',(5.358756183458,65.));
#1219 = CARTESIAN_POINT('',(5.432786663974,65.));
#1220 = CARTESIAN_POINT('',(5.506824107597,65.));
#1221 = CARTESIAN_POINT('',(5.681171991154,65.));
#1222 = CARTESIAN_POINT('',(5.781534427047,65.));
#1223 = CARTESIAN_POINT('',(5.881862286368,65.));
#1224 = CARTESIAN_POINT('',(5.982178388022,65.));
#1225 = CARTESIAN_POINT('',(6.082505080092,65.));
#1226 = CARTESIAN_POINT('',(6.182865810006,65.));
#1227 = CARTESIAN_POINT('',(6.28318530718,65.));
#1228 = ( GEOMETRIC_REPRESENTATION_CONTEXT(2) 
PARAMETRIC_REPRESENTATION_CONTEXT() REPRESENTATION_CONTEXT('2D SPACE',''
  ) );
#1229 = ADVANCED_FACE('',(#1230),#342,.F.);
#1230 = FACE_BOUND('',#1231,.F.);
#1231 = EDGE_LOOP('',(#1232,#1255,#1276,#1277));
#1232 = ORIENTED_EDGE('',*,*,#1233,.F.);
#1233 = EDGE_CURVE('',#1234,#594,#1236,.T.);
#1234 = VERTEX_POINT('',#1235);
#1235 = CARTESIAN_POINT('',(225.,-8.,136.38989221983));
#1236 = SURFACE_CURVE('',#1237,(#1241,#1248),.PCURVE_S1.);
#1237 = LINE('',#1238,#1239);
#1238 = CARTESIAN_POINT('',(225.,-8.,134.38989221983));
#1239 = VECTOR('',#1240,1.);
#1240 = DIRECTION('',(0.,0.,1.));
#1241 = PCURVE('',#342,#1242);
#1242 = DEFINITIONAL_REPRESENTATION('',(#1243),#1247);
#1243 = LINE('',#1244,#1245);
#1244 = CARTESIAN_POINT('',(0.,30.));
#1245 = VECTOR('',#1246,1.);
#1246 = DIRECTION('',(1.,0.));
#1247 = ( GEOMETRIC_REPRESENTATION_CONTEXT(2) 
PARAMETRIC_REPRESENTATION_CONTEXT() REPRESENTATION_CONTEXT('2D SPACE',''
  ) );
#1248 = PCURVE('',#607,#1249);
#1249 = DEFINITIONAL_REPRESENTATION('',(#1250),#1254);
#1250 = LINE('',#1251,#1252);
#1251 = CARTESIAN_POINT('',(0.,-2.));
#1252 = VECTOR('',#1253,1.);
#1253 = DIRECTION('',(1.,0.));
#1254 = ( GEOMETRIC_REPRESENTATION_CONTEXT(2) 
PARAMETRIC_REPRESENTATION_CONTEXT() REPRESENTATION_CONTEXT('2D SPACE',''
  ) );
#1255 = ORIENTED_EDGE('',*,*,#1256,.T.);
#1256 = EDGE_CURVE('',#1234,#309,#1257,.T.);
#1257 = SURFACE_CURVE('',#1258,(#1262,#1269),.PCURVE_S1.);
#1258 = LINE('',#1259,#1260);
#1259 = CARTESIAN_POINT('',(195.,-8.,136.38989221983));
#1260 = VECTOR('',#1261,1.);
#1261 = DIRECTION('',(-1.,-0.,0.));
#1262 = PCURVE('',#342,#1263);
#1263 = DEFINITIONAL_REPRESENTATION('',(#1264),#1268);
#1264 = LINE('',#1265,#1266);
#1265 = CARTESIAN_POINT('',(2.,0.));
#1266 = VECTOR('',#1267,1.);
#1267 = DIRECTION('',(0.,-1.));
#1268 = ( GEOMETRIC_REPRESENTATION_CONTEXT(2) 
PARAMETRIC_REPRESENTATION_CONTEXT() REPRESENTATION_CONTEXT('2D SPACE',''
  ) );
#1269 = PCURVE('',#67,#1270);
#1270 = DEFINITIONAL_REPRESENTATION('',(#1271),#1275);
#1271 = LINE('',#1272,#1273);
#1272 = CARTESIAN_POINT('',(0.,2.));
#1273 = VECTOR('',#1274,1.);
#1274 = DIRECTION('',(-1.,0.));
#1275 = ( GEOMETRIC_REPRESENTATION_CONTEXT(2) 
PARAMETRIC_REPRESENTATION_CONTEXT() REPRESENTATION_CONTEXT('2D SPACE',''
  ) );
#1276 = ORIENTED_EDGE('',*,*,#328,.F.);
#1277 = ORIENTED_EDGE('',*,*,#618,.F.);
#1278 = ADVANCED_FACE('',(#1279,#1595,#1621,#1652,#2070),#67,.F.);
#1279 = FACE_BOUND('',#1280,.F.);
#1280 = EDGE_LOOP('',(#1281,#1282,#1283,#1311,#1335,#1363,#1479,#1500,
    #1501,#1502,#1526,#1548,#1549,#1573));
#1281 = ORIENTED_EDGE('',*,*,#308,.F.);
#1282 = ORIENTED_EDGE('',*,*,#1256,.F.);
#1283 = ORIENTED_EDGE('',*,*,#1284,.T.);
#1284 = EDGE_CURVE('',#1234,#1285,#1287,.T.);
#1285 = VERTEX_POINT('',#1286);
#1286 = CARTESIAN_POINT('',(225.,1.970090852519,136.38989221983));
#1287 = SURFACE_CURVE('',#1288,(#1292,#1299),.PCURVE_S1.);
#1288 = LINE('',#1289,#1290);
#1289 = CARTESIAN_POINT('',(225.,-10.,136.38989221983));
#1290 = VECTOR('',#1291,1.);
#1291 = DIRECTION('',(-0.,1.,0.));
#1292 = PCURVE('',#67,#1293);
#1293 = DEFINITIONAL_REPRESENTATION('',(#1294),#1298);
#1294 = LINE('',#1295,#1296);
#1295 = CARTESIAN_POINT('',(30.,0.));
#1296 = VECTOR('',#1297,1.);
#1297 = DIRECTION('',(0.,1.));
#1298 = ( GEOMETRIC_REPRESENTATION_CONTEXT(2) 
PARAMETRIC_REPRESENTATION_CONTEXT() REPRESENTATION_CONTEXT('2D SPACE',''
  ) );
#1299 = PCURVE('',#1300,#1305);
#1300 = PLANE('',#1301);
#1301 = AXIS2_PLACEMENT_3D('',#1302,#1303,#1304);
#1302 = CARTESIAN_POINT('',(225.,-10.,134.38989221983));
#1303 = DIRECTION('',(1.,0.,-0.));
#1304 = DIRECTION('',(0.,0.,1.));
#1305 = DEFINITIONAL_REPRESENTATION('',(#1306),#1310);
#1306 = LINE('',#1307,#1308);
#1307 = CARTESIAN_POINT('',(2.,0.));
#1308 = VECTOR('',#1309,1.);
#1309 = DIRECTION('',(0.,-1.));
#1310 = ( GEOMETRIC_REPRESENTATION_CONTEXT(2) 
PARAMETRIC_REPRESENTATION_CONTEXT() REPRESENTATION_CONTEXT('2D SPACE',''
  ) );
#1311 = ORIENTED_EDGE('',*,*,#1312,.F.);
#1312 = EDGE_CURVE('',#1313,#1285,#1315,.T.);
#1313 = VERTEX_POINT('',#1314);
#1314 = CARTESIAN_POINT('',(225.,4.029909147481,136.38989221983));
#1315 = SURFACE_CURVE('',#1316,(#1321,#1328),.PCURVE_S1.);
#1316 = CIRCLE('',#1317,1.7);
#1317 = AXIS2_PLACEMENT_3D('',#1318,#1319,#1320);
#1318 = CARTESIAN_POINT('',(226.35251142247,3.,136.38989221983));
#1319 = DIRECTION('',(0.,0.,1.));
#1320 = DIRECTION('',(1.,0.,-0.));
#1321 = PCURVE('',#67,#1322);
#1322 = DEFINITIONAL_REPRESENTATION('',(#1323),#1327);
#1323 = CIRCLE('',#1324,1.7);
#1324 = AXIS2_PLACEMENT_2D('',#1325,#1326);
#1325 = CARTESIAN_POINT('',(31.352511422477,13.));
#1326 = DIRECTION('',(1.,0.));
#1327 = ( GEOMETRIC_REPRESENTATION_CONTEXT(2) 
PARAMETRIC_REPRESENTATION_CONTEXT() REPRESENTATION_CONTEXT('2D SPACE',''
  ) );
#1328 = PCURVE('',#1037,#1329);
#1329 = DEFINITIONAL_REPRESENTATION('',(#1330),#1334);
#1330 = LINE('',#1331,#1332);
#1331 = CARTESIAN_POINT('',(0.,62.));
#1332 = VECTOR('',#1333,1.);
#1333 = DIRECTION('',(1.,0.));
#1334 = ( GEOMETRIC_REPRESENTATION_CONTEXT(2) 
PARAMETRIC_REPRESENTATION_CONTEXT() REPRESENTATION_CONTEXT('2D SPACE',''
  ) );
#1335 = ORIENTED_EDGE('',*,*,#1336,.T.);
#1336 = EDGE_CURVE('',#1313,#1337,#1339,.T.);
#1337 = VERTEX_POINT('',#1338);
#1338 = CARTESIAN_POINT('',(225.,13.201886307246,136.38989221983));
#1339 = SURFACE_CURVE('',#1340,(#1344,#1351),.PCURVE_S1.);
#1340 = LINE('',#1341,#1342);
#1341 = CARTESIAN_POINT('',(225.,-10.,136.38989221983));
#1342 = VECTOR('',#1343,1.);
#1343 = DIRECTION('',(-0.,1.,0.));
#1344 = PCURVE('',#67,#1345);
#1345 = DEFINITIONAL_REPRESENTATION('',(#1346),#1350);
#1346 = LINE('',#1347,#1348);
#1347 = CARTESIAN_POINT('',(30.,0.));
#1348 = VECTOR('',#1349,1.);
#1349 = DIRECTION('',(0.,1.));
#1350 = ( GEOMETRIC_REPRESENTATION_CONTEXT(2) 
PARAMETRIC_REPRESENTATION_CONTEXT() REPRESENTATION_CONTEXT('2D SPACE',''
  ) );
#1351 = PCURVE('',#1352,#1357);
#1352 = PLANE('',#1353);
#1353 = AXIS2_PLACEMENT_3D('',#1354,#1355,#1356);
#1354 = CARTESIAN_POINT('',(225.,-10.,134.38989221983));
#1355 = DIRECTION('',(1.,0.,-0.));
#1356 = DIRECTION('',(0.,0.,1.));
#1357 = DEFINITIONAL_REPRESENTATION('',(#1358),#1362);
#1358 = LINE('',#1359,#1360);
#1359 = CARTESIAN_POINT('',(2.,0.));
#1360 = VECTOR('',#1361,1.);
#1361 = DIRECTION('',(0.,-1.));
#1362 = ( GEOMETRIC_REPRESENTATION_CONTEXT(2) 
PARAMETRIC_REPRESENTATION_CONTEXT() REPRESENTATION_CONTEXT('2D SPACE',''
  ) );
#1363 = ORIENTED_EDGE('',*,*,#1364,.F.);
#1364 = EDGE_CURVE('',#1365,#1337,#1367,.T.);
#1365 = VERTEX_POINT('',#1366);
#1366 = CARTESIAN_POINT('',(225.,16.798113692754,136.38989221983));
#1367 = SURFACE_CURVE('',#1368,(#1403,#1441),.PCURVE_S1.);
#1368 = B_SPLINE_CURVE_WITH_KNOTS('',5,(#1369,#1370,#1371,#1372,#1373,
    #1374,#1375,#1376,#1377,#1378,#1379,#1380,#1381,#1382,#1383,#1384,
    #1385,#1386,#1387,#1388,#1389,#1390,#1391,#1392,#1393,#1394,#1395,
    #1396,#1397,#1398,#1399,#1400,#1401,#1402),.UNSPECIFIED.,.F.,.F.,(6,
    4,4,4,4,4,4,4,6),(0.,0.141976149427,0.245314333327,0.320245800752,
    0.5,0.679754199248,0.754685666673,0.858023850573,1.),.UNSPECIFIED.);
#1369 = CARTESIAN_POINT('',(225.,16.798113692754,136.38989221983));
#1370 = CARTESIAN_POINT('',(224.90789433084,16.72883332961,
    136.38989221983));
#1371 = CARTESIAN_POINT('',(224.81962745954,16.653206108147,
    136.38989221983));
#1372 = CARTESIAN_POINT('',(224.73591705581,16.571533615369,
    136.38989221983));
#1373 = CARTESIAN_POINT('',(224.65740534196,16.484232801739,
    136.38989221983));
#1374 = CARTESIAN_POINT('',(224.53170198664,16.324568096473,
    136.38989221983));
#1375 = CARTESIAN_POINT('',(224.48180027762,16.254603360237,
    136.38989221983));
#1376 = CARTESIAN_POINT('',(224.43516486979,16.182133228962,
    136.38989221983));
#1377 = CARTESIAN_POINT('',(224.39198371024,16.107381152079,
    136.38989221983));
#1378 = CARTESIAN_POINT('',(224.32372677303,15.974913433501,
    136.38989221983));
#1379 = CARTESIAN_POINT('',(224.29693677725,15.918162875268,
    136.38989221983));
#1380 = CARTESIAN_POINT('',(224.27210787787,15.860434938698,
    136.38989221983));
#1381 = CARTESIAN_POINT('',(224.2492924685,15.801827560756,
    136.38989221983));
#1382 = CARTESIAN_POINT('',(224.17873772422,15.599984961123,
    136.38989221983));
#1383 = CARTESIAN_POINT('',(224.14077866546,15.453046827788,
    136.38989221983));
#1384 = CARTESIAN_POINT('',(224.11526768434,15.30305962352,
    136.38989221983));
#1385 = CARTESIAN_POINT('',(224.10251142247,15.151525850661,
    136.38989221983));
#1386 = CARTESIAN_POINT('',(224.10251142247,14.848474149339,
    136.38989221983));
#1387 = CARTESIAN_POINT('',(224.11526768434,14.696940376481,
    136.38989221983));
#1388 = CARTESIAN_POINT('',(224.14077866546,14.546953172213,
    136.38989221983));
#1389 = CARTESIAN_POINT('',(224.17873772422,14.400015038877,
    136.38989221983));
#1390 = CARTESIAN_POINT('',(224.2492924685,14.198172439244,
    136.38989221983));
#1391 = CARTESIAN_POINT('',(224.27210787787,14.139565061302,
    136.38989221983));
#1392 = CARTESIAN_POINT('',(224.29693677725,14.081837124732,
    136.38989221983));
#1393 = CARTESIAN_POINT('',(224.32372677303,14.0250865665,
    136.38989221983));
#1394 = CARTESIAN_POINT('',(224.39198371024,13.892618847922,
    136.38989221983));
#1395 = CARTESIAN_POINT('',(224.43516486979,13.817866771038,
    136.38989221983));
#1396 = CARTESIAN_POINT('',(224.48180027762,13.745396639763,
    136.38989221983));
#1397 = CARTESIAN_POINT('',(224.53170198664,13.675431903527,
    136.38989221983));
#1398 = CARTESIAN_POINT('',(224.65740534196,13.515767198261,
    136.38989221983));
#1399 = CARTESIAN_POINT('',(224.73591705581,13.428466384632,
    136.38989221983));
#1400 = CARTESIAN_POINT('',(224.81962745954,13.346793891853,
    136.38989221983));
#1401 = CARTESIAN_POINT('',(224.90789433084,13.27116667039,
    136.38989221983));
#1402 = CARTESIAN_POINT('',(225.,13.201886307246,136.38989221983));
#1403 = PCURVE('',#67,#1404);
#1404 = DEFINITIONAL_REPRESENTATION('',(#1405),#1440);
#1405 = B_SPLINE_CURVE_WITH_KNOTS('',5,(#1406,#1407,#1408,#1409,#1410,
    #1411,#1412,#1413,#1414,#1415,#1416,#1417,#1418,#1419,#1420,#1421,
    #1422,#1423,#1424,#1425,#1426,#1427,#1428,#1429,#1430,#1431,#1432,
    #1433,#1434,#1435,#1436,#1437,#1438,#1439),.UNSPECIFIED.,.F.,.F.,(6,
    4,4,4,4,4,4,4,6),(0.,0.141976149427,0.245314333327,0.320245800752,
    0.5,0.679754199248,0.754685666673,0.858023850573,1.),.UNSPECIFIED.);
#1406 = CARTESIAN_POINT('',(30.,26.798113692754));
#1407 = CARTESIAN_POINT('',(29.907894330845,26.72883332961));
#1408 = CARTESIAN_POINT('',(29.819627459541,26.653206108147));
#1409 = CARTESIAN_POINT('',(29.735917055814,26.571533615369));
#1410 = CARTESIAN_POINT('',(29.657405341965,26.484232801739));
#1411 = CARTESIAN_POINT('',(29.531701986648,26.324568096473));
#1412 = CARTESIAN_POINT('',(29.481800277623,26.254603360237));
#1413 = CARTESIAN_POINT('',(29.43516486979,26.182133228962));
#1414 = CARTESIAN_POINT('',(29.391983710247,26.107381152079));
#1415 = CARTESIAN_POINT('',(29.323726773035,25.974913433501));
#1416 = CARTESIAN_POINT('',(29.296936777253,25.918162875268));
#1417 = CARTESIAN_POINT('',(29.272107877873,25.860434938698));
#1418 = CARTESIAN_POINT('',(29.249292468507,25.801827560756));
#1419 = CARTESIAN_POINT('',(29.178737724226,25.599984961123));
#1420 = CARTESIAN_POINT('',(29.140778665468,25.453046827788));
#1421 = CARTESIAN_POINT('',(29.11526768434,25.30305962352));
#1422 = CARTESIAN_POINT('',(29.102511422477,25.151525850661));
#1423 = CARTESIAN_POINT('',(29.102511422477,24.848474149339));
#1424 = CARTESIAN_POINT('',(29.11526768434,24.696940376481));
#1425 = CARTESIAN_POINT('',(29.140778665468,24.546953172213));
#1426 = CARTESIAN_POINT('',(29.178737724226,24.400015038877));
#1427 = CARTESIAN_POINT('',(29.249292468506,24.198172439244));
#1428 = CARTESIAN_POINT('',(29.272107877872,24.139565061302));
#1429 = CARTESIAN_POINT('',(29.296936777253,24.081837124732));
#1430 = CARTESIAN_POINT('',(29.323726773035,24.0250865665));
#1431 = CARTESIAN_POINT('',(29.391983710246,23.892618847922));
#1432 = CARTESIAN_POINT('',(29.43516486979,23.817866771038));
#1433 = CARTESIAN_POINT('',(29.481800277622,23.745396639763));
#1434 = CARTESIAN_POINT('',(29.531701986648,23.675431903527));
#1435 = CARTESIAN_POINT('',(29.657405341964,23.515767198261));
#1436 = CARTESIAN_POINT('',(29.735917055814,23.428466384632));
#1437 = CARTESIAN_POINT('',(29.819627459541,23.346793891853));
#1438 = CARTESIAN_POINT('',(29.907894330844,23.27116667039));
#1439 = CARTESIAN_POINT('',(30.,23.201886307246));
#1440 = ( GEOMETRIC_REPRESENTATION_CONTEXT(2) 
PARAMETRIC_REPRESENTATION_CONTEXT() REPRESENTATION_CONTEXT('2D SPACE',''
  ) );
#1441 = PCURVE('',#714,#1442);
#1442 = DEFINITIONAL_REPRESENTATION('',(#1443),#1478);
#1443 = B_SPLINE_CURVE_WITH_KNOTS('',5,(#1444,#1445,#1446,#1447,#1448,
    #1449,#1450,#1451,#1452,#1453,#1454,#1455,#1456,#1457,#1458,#1459,
    #1460,#1461,#1462,#1463,#1464,#1465,#1466,#1467,#1468,#1469,#1470,
    #1471,#1472,#1473,#1474,#1475,#1476,#1477),.UNSPECIFIED.,.F.,.F.,(6,
    4,4,4,4,4,4,4,6),(0.,0.141976149427,0.245314333327,0.320245800752,
    0.5,0.679754199248,0.754685666673,0.858023850573,1.),.UNSPECIFIED.);
#1444 = CARTESIAN_POINT('',(4.046910386211,2.1));
#1445 = CARTESIAN_POINT('',(3.988882652313,2.1));
#1446 = CARTESIAN_POINT('',(3.932333205372,2.1));
#1447 = CARTESIAN_POINT('',(3.87709530793,2.1));
#1448 = CARTESIAN_POINT('',(3.823003479168,2.1));
#1449 = CARTESIAN_POINT('',(3.73126764205,2.1));
#1450 = CARTESIAN_POINT('',(3.693152841359,2.1));
#1451 = CARTESIAN_POINT('',(3.655508969723,2.1));
#1452 = CARTESIAN_POINT('',(3.618280786935,2.1));
#1453 = CARTESIAN_POINT('',(3.554684357235,2.1));
#1454 = CARTESIAN_POINT('',(3.528143875486,2.1));
#1455 = CARTESIAN_POINT('',(3.50177406941,2.1));
#1456 = CARTESIAN_POINT('',(3.475555366793,2.1));
#1457 = CARTESIAN_POINT('',(3.386889125711,2.1));
#1458 = CARTESIAN_POINT('',(3.325066210796,2.1));
#1459 = CARTESIAN_POINT('',(3.263745890299,2.1));
#1460 = CARTESIAN_POINT('',(3.202667651722,2.1));
#1461 = CARTESIAN_POINT('',(3.080517655458,2.1));
#1462 = CARTESIAN_POINT('',(3.019439416881,2.1));
#1463 = CARTESIAN_POINT('',(2.958119096384,2.1));
#1464 = CARTESIAN_POINT('',(2.896296181469,2.1));
#1465 = CARTESIAN_POINT('',(2.807629940387,2.1));
#1466 = CARTESIAN_POINT('',(2.781411237769,2.1));
#1467 = CARTESIAN_POINT('',(2.755041431693,2.1));
#1468 = CARTESIAN_POINT('',(2.728500949945,2.1));
#1469 = CARTESIAN_POINT('',(2.664904520245,2.1));
#1470 = CARTESIAN_POINT('',(2.627676337456,2.1));
#1471 = CARTESIAN_POINT('',(2.59003246582,2.1));
#1472 = CARTESIAN_POINT('',(2.55191766513,2.1));
#1473 = CARTESIAN_POINT('',(2.460181828012,2.1));
#1474 = CARTESIAN_POINT('',(2.40608999925,2.1));
#1475 = CARTESIAN_POINT('',(2.350852101808,2.1));
#1476 = CARTESIAN_POINT('',(2.294302654866,2.1));
#1477 = CARTESIAN_POINT('',(2.236274920969,2.1));
#1478 = ( GEOMETRIC_REPRESENTATION_CONTEXT(2) 
PARAMETRIC_REPRESENTATION_CONTEXT() REPRESENTATION_CONTEXT('2D SPACE',''
  ) );
#1479 = ORIENTED_EDGE('',*,*,#1480,.T.);
#1480 = EDGE_CURVE('',#1365,#407,#1481,.T.);
#1481 = SURFACE_CURVE('',#1482,(#1486,#1493),.PCURVE_S1.);
#1482 = LINE('',#1483,#1484);
#1483 = CARTESIAN_POINT('',(225.,-10.,136.38989221983));
#1484 = VECTOR('',#1485,1.);
#1485 = DIRECTION('',(-0.,1.,0.));
#1486 = PCURVE('',#67,#1487);
#1487 = DEFINITIONAL_REPRESENTATION('',(#1488),#1492);
#1488 = LINE('',#1489,#1490);
#1489 = CARTESIAN_POINT('',(30.,0.));
#1490 = VECTOR('',#1491,1.);
#1491 = DIRECTION('',(0.,1.));
#1492 = ( GEOMETRIC_REPRESENTATION_CONTEXT(2) 
PARAMETRIC_REPRESENTATION_CONTEXT() REPRESENTATION_CONTEXT('2D SPACE',''
  ) );
#1493 = PCURVE('',#420,#1494);
#1494 = DEFINITIONAL_REPRESENTATION('',(#1495),#1499);
#1495 = LINE('',#1496,#1497);
#1496 = CARTESIAN_POINT('',(2.,0.));
#1497 = VECTOR('',#1498,1.);
#1498 = DIRECTION('',(0.,-1.));
#1499 = ( GEOMETRIC_REPRESENTATION_CONTEXT(2) 
PARAMETRIC_REPRESENTATION_CONTEXT() REPRESENTATION_CONTEXT('2D SPACE',''
  ) );
#1500 = ORIENTED_EDGE('',*,*,#431,.F.);
#1501 = ORIENTED_EDGE('',*,*,#53,.F.);
#1502 = ORIENTED_EDGE('',*,*,#1503,.F.);
#1503 = EDGE_CURVE('',#1504,#54,#1506,.T.);
#1504 = VERTEX_POINT('',#1505);
#1505 = CARTESIAN_POINT('',(205.2,20.,136.38989221983));
#1506 = SURFACE_CURVE('',#1507,(#1512,#1519),.PCURVE_S1.);
#1507 = CIRCLE('',#1508,2.2);
#1508 = AXIS2_PLACEMENT_3D('',#1509,#1510,#1511);
#1509 = CARTESIAN_POINT('',(203.,20.,136.38989221983));
#1510 = DIRECTION('',(0.,0.,1.));
#1511 = DIRECTION('',(1.,0.,-0.));
#1512 = PCURVE('',#67,#1513);
#1513 = DEFINITIONAL_REPRESENTATION('',(#1514),#1518);
#1514 = CIRCLE('',#1515,2.2);
#1515 = AXIS2_PLACEMENT_2D('',#1516,#1517);
#1516 = CARTESIAN_POINT('',(8.,30.));
#1517 = DIRECTION('',(1.,0.));
#1518 = ( GEOMETRIC_REPRESENTATION_CONTEXT(2) 
PARAMETRIC_REPRESENTATION_CONTEXT() REPRESENTATION_CONTEXT('2D SPACE',''
  ) );
#1519 = PCURVE('',#102,#1520);
#1520 = DEFINITIONAL_REPRESENTATION('',(#1521),#1525);
#1521 = LINE('',#1522,#1523);
#1522 = CARTESIAN_POINT('',(0.,2.1));
#1523 = VECTOR('',#1524,1.);
#1524 = DIRECTION('',(1.,0.));
#1525 = ( GEOMETRIC_REPRESENTATION_CONTEXT(2) 
PARAMETRIC_REPRESENTATION_CONTEXT() REPRESENTATION_CONTEXT('2D SPACE',''
  ) );
#1526 = ORIENTED_EDGE('',*,*,#1527,.F.);
#1527 = EDGE_CURVE('',#144,#1504,#1528,.T.);
#1528 = SURFACE_CURVE('',#1529,(#1534,#1541),.PCURVE_S1.);
#1529 = CIRCLE('',#1530,2.2);
#1530 = AXIS2_PLACEMENT_3D('',#1531,#1532,#1533);
#1531 = CARTESIAN_POINT('',(203.,20.,136.38989221983));
#1532 = DIRECTION('',(0.,0.,1.));
#1533 = DIRECTION('',(1.,0.,-0.));
#1534 = PCURVE('',#67,#1535);
#1535 = DEFINITIONAL_REPRESENTATION('',(#1536),#1540);
#1536 = CIRCLE('',#1537,2.2);
#1537 = AXIS2_PLACEMENT_2D('',#1538,#1539);
#1538 = CARTESIAN_POINT('',(8.,30.));
#1539 = DIRECTION('',(1.,0.));
#1540 = ( GEOMETRIC_REPRESENTATION_CONTEXT(2) 
PARAMETRIC_REPRESENTATION_CONTEXT() REPRESENTATION_CONTEXT('2D SPACE',''
  ) );
#1541 = PCURVE('',#167,#1542);
#1542 = DEFINITIONAL_REPRESENTATION('',(#1543),#1547);
#1543 = LINE('',#1544,#1545);
#1544 = CARTESIAN_POINT('',(0.,2.1));
#1545 = VECTOR('',#1546,1.);
#1546 = DIRECTION('',(1.,0.));
#1547 = ( GEOMETRIC_REPRESENTATION_CONTEXT(2) 
PARAMETRIC_REPRESENTATION_CONTEXT() REPRESENTATION_CONTEXT('2D SPACE',''
  ) );
#1548 = ORIENTED_EDGE('',*,*,#183,.F.);
#1549 = ORIENTED_EDGE('',*,*,#1550,.F.);
#1550 = EDGE_CURVE('',#1551,#184,#1553,.T.);
#1551 = VERTEX_POINT('',#1552);
#1552 = CARTESIAN_POINT('',(205.2,0.,136.38989221983));
#1553 = SURFACE_CURVE('',#1554,(#1559,#1566),.PCURVE_S1.);
#1554 = CIRCLE('',#1555,2.2);
#1555 = AXIS2_PLACEMENT_3D('',#1556,#1557,#1558);
#1556 = CARTESIAN_POINT('',(203.,0.,136.38989221983));
#1557 = DIRECTION('',(0.,0.,1.));
#1558 = DIRECTION('',(1.,0.,-0.));
#1559 = PCURVE('',#67,#1560);
#1560 = DEFINITIONAL_REPRESENTATION('',(#1561),#1565);
#1561 = CIRCLE('',#1562,2.2);
#1562 = AXIS2_PLACEMENT_2D('',#1563,#1564);
#1563 = CARTESIAN_POINT('',(8.,10.));
#1564 = DIRECTION('',(1.,0.));
#1565 = ( GEOMETRIC_REPRESENTATION_CONTEXT(2) 
PARAMETRIC_REPRESENTATION_CONTEXT() REPRESENTATION_CONTEXT('2D SPACE',''
  ) );
#1566 = PCURVE('',#227,#1567);
#1567 = DEFINITIONAL_REPRESENTATION('',(#1568),#1572);
#1568 = LINE('',#1569,#1570);
#1569 = CARTESIAN_POINT('',(0.,2.1));
#1570 = VECTOR('',#1571,1.);
#1571 = DIRECTION('',(1.,0.));
#1572 = ( GEOMETRIC_REPRESENTATION_CONTEXT(2) 
PARAMETRIC_REPRESENTATION_CONTEXT() REPRESENTATION_CONTEXT('2D SPACE',''
  ) );
#1573 = ORIENTED_EDGE('',*,*,#1574,.F.);
#1574 = EDGE_CURVE('',#269,#1551,#1575,.T.);
#1575 = SURFACE_CURVE('',#1576,(#1581,#1588),.PCURVE_S1.);
#1576 = CIRCLE('',#1577,2.2);
#1577 = AXIS2_PLACEMENT_3D('',#1578,#1579,#1580);
#1578 = CARTESIAN_POINT('',(203.,0.,136.38989221983));
#1579 = DIRECTION('',(0.,0.,1.));
#1580 = DIRECTION('',(1.,0.,-0.));
#1581 = PCURVE('',#67,#1582);
#1582 = DEFINITIONAL_REPRESENTATION('',(#1583),#1587);
#1583 = CIRCLE('',#1584,2.2);
#1584 = AXIS2_PLACEMENT_2D('',#1585,#1586);
#1585 = CARTESIAN_POINT('',(8.,10.));
#1586 = DIRECTION('',(1.,0.));
#1587 = ( GEOMETRIC_REPRESENTATION_CONTEXT(2) 
PARAMETRIC_REPRESENTATION_CONTEXT() REPRESENTATION_CONTEXT('2D SPACE',''
  ) );
#1588 = PCURVE('',#292,#1589);
#1589 = DEFINITIONAL_REPRESENTATION('',(#1590),#1594);
#1590 = LINE('',#1591,#1592);
#1591 = CARTESIAN_POINT('',(0.,2.1));
#1592 = VECTOR('',#1593,1.);
#1593 = DIRECTION('',(1.,0.));
#1594 = ( GEOMETRIC_REPRESENTATION_CONTEXT(2) 
PARAMETRIC_REPRESENTATION_CONTEXT() REPRESENTATION_CONTEXT('2D SPACE',''
  ) );
#1595 = FACE_BOUND('',#1596,.F.);
#1596 = EDGE_LOOP('',(#1597));
#1597 = ORIENTED_EDGE('',*,*,#1598,.F.);
#1598 = EDGE_CURVE('',#1599,#1599,#1601,.T.);
#1599 = VERTEX_POINT('',#1600);
#1600 = CARTESIAN_POINT('',(212.05251142247,3.,136.38989221983));
#1601 = SURFACE_CURVE('',#1602,(#1607,#1614),.PCURVE_S1.);
#1602 = CIRCLE('',#1603,1.7);
#1603 = AXIS2_PLACEMENT_3D('',#1604,#1605,#1606);
#1604 = CARTESIAN_POINT('',(210.35251142247,3.,136.38989221983));
#1605 = DIRECTION('',(0.,0.,1.));
#1606 = DIRECTION('',(1.,0.,-0.));
#1607 = PCURVE('',#67,#1608);
#1608 = DEFINITIONAL_REPRESENTATION('',(#1609),#1613);
#1609 = CIRCLE('',#1610,1.7);
#1610 = AXIS2_PLACEMENT_2D('',#1611,#1612);
#1611 = CARTESIAN_POINT('',(15.352511422477,13.));
#1612 = DIRECTION('',(1.,0.));
#1613 = ( GEOMETRIC_REPRESENTATION_CONTEXT(2) 
PARAMETRIC_REPRESENTATION_CONTEXT() REPRESENTATION_CONTEXT('2D SPACE',''
  ) );
#1614 = PCURVE('',#806,#1615);
#1615 = DEFINITIONAL_REPRESENTATION('',(#1616),#1620);
#1616 = LINE('',#1617,#1618);
#1617 = CARTESIAN_POINT('',(0.,62.));
#1618 = VECTOR('',#1619,1.);
#1619 = DIRECTION('',(1.,0.));
#1620 = ( GEOMETRIC_REPRESENTATION_CONTEXT(2) 
PARAMETRIC_REPRESENTATION_CONTEXT() REPRESENTATION_CONTEXT('2D SPACE',''
  ) );
#1621 = FACE_BOUND('',#1622,.F.);
#1622 = EDGE_LOOP('',(#1623));
#1623 = ORIENTED_EDGE('',*,*,#1624,.F.);
#1624 = EDGE_CURVE('',#1625,#1625,#1627,.T.);
#1625 = VERTEX_POINT('',#1626);
#1626 = CARTESIAN_POINT('',(219.2,0.,136.38989221983));
#1627 = SURFACE_CURVE('',#1628,(#1633,#1640),.PCURVE_S1.);
#1628 = CIRCLE('',#1629,2.2);
#1629 = AXIS2_PLACEMENT_3D('',#1630,#1631,#1632);
#1630 = CARTESIAN_POINT('',(217.,0.,136.38989221983));
#1631 = DIRECTION('',(0.,0.,1.));
#1632 = DIRECTION('',(1.,0.,-0.));
#1633 = PCURVE('',#67,#1634);
#1634 = DEFINITIONAL_REPRESENTATION('',(#1635),#1639);
#1635 = CIRCLE('',#1636,2.2);
#1636 = AXIS2_PLACEMENT_2D('',#1637,#1638);
#1637 = CARTESIAN_POINT('',(22.,10.));
#1638 = DIRECTION('',(1.,0.));
#1639 = ( GEOMETRIC_REPRESENTATION_CONTEXT(2) 
PARAMETRIC_REPRESENTATION_CONTEXT() REPRESENTATION_CONTEXT('2D SPACE',''
  ) );
#1640 = PCURVE('',#1641,#1646);
#1641 = CYLINDRICAL_SURFACE('',#1642,2.2);
#1642 = AXIS2_PLACEMENT_3D('',#1643,#1644,#1645);
#1643 = CARTESIAN_POINT('',(217.,0.,134.28989221983));
#1644 = DIRECTION('',(0.,0.,1.));
#1645 = DIRECTION('',(1.,0.,-0.));
#1646 = DEFINITIONAL_REPRESENTATION('',(#1647),#1651);
#1647 = LINE('',#1648,#1649);
#1648 = CARTESIAN_POINT('',(0.,2.1));
#1649 = VECTOR('',#1650,1.);
#1650 = DIRECTION('',(1.,0.));
#1651 = ( GEOMETRIC_REPRESENTATION_CONTEXT(2) 
PARAMETRIC_REPRESENTATION_CONTEXT() REPRESENTATION_CONTEXT('2D SPACE',''
  ) );
#1652 = FACE_BOUND('',#1653,.F.);
#1653 = EDGE_LOOP('',(#1654));
#1654 = ORIENTED_EDGE('',*,*,#1655,.F.);
#1655 = EDGE_CURVE('',#1656,#1656,#1658,.T.);
#1656 = VERTEX_POINT('',#1657);
#1657 = CARTESIAN_POINT('',(212.60251142247,15.,136.38989221983));
#1658 = SURFACE_CURVE('',#1659,(#1794,#1932),.PCURVE_S1.);
#1659 = B_SPLINE_CURVE_WITH_KNOTS('',5,(#1660,#1661,#1662,#1663,#1664,
    #1665,#1666,#1667,#1668,#1669,#1670,#1671,#1672,#1673,#1674,#1675,
    #1676,#1677,#1678,#1679,#1680,#1681,#1682,#1683,#1684,#1685,#1686,
    #1687,#1688,#1689,#1690,#1691,#1692,#1693,#1694,#1695,#1696,#1697,
    #1698,#1699,#1700,#1701,#1702,#1703,#1704,#1705,#1706,#1707,#1708,
    #1709,#1710,#1711,#1712,#1713,#1714,#1715,#1716,#1717,#1718,#1719,
    #1720,#1721,#1722,#1723,#1724,#1725,#1726,#1727,#1728,#1729,#1730,
    #1731,#1732,#1733,#1734,#1735,#1736,#1737,#1738,#1739,#1740,#1741,
    #1742,#1743,#1744,#1745,#1746,#1747,#1748,#1749,#1750,#1751,#1752,
    #1753,#1754,#1755,#1756,#1757,#1758,#1759,#1760,#1761,#1762,#1763,
    #1764,#1765,#1766,#1767,#1768,#1769,#1770,#1771,#1772,#1773,#1774,
    #1775,#1776,#1777,#1778,#1779,#1780,#1781,#1782,#1783,#1784,#1785,
    #1786,#1787,#1788,#1789,#1790,#1791,#1792,#1793),.UNSPECIFIED.,.T.,
  .F.,(6,4,4,4,4,4,4,4,4,4,4,4,4,4,4,4,4,4,4,4,4,4,4,4,4,4,4,4,4,4,4,4,4
    ,6),(0.,4.724014899119E-02,8.087847521689E-02,0.105713437833,
    0.123724698803,0.166892062084,0.216433907228,0.236405021335,
    0.264945669673,0.304314008451,0.332775497257,0.339635143925,
    0.360779774041,0.399436664174,0.427469836352,0.447090903485,
    0.496851017026,0.546611130566,0.566232197699,0.594265369877,
    0.63292226001,0.647144271196,0.654129846997,0.661115422799,
    0.690099406536,0.730190467782,0.759255064258,0.77959280732,
    0.830044139776,0.874003967873,0.892345878889,0.917636760806,
    0.951892618147,1.),.UNSPECIFIED.);
#1660 = CARTESIAN_POINT('',(212.60251142247,15.,136.38989221983));
#1661 = CARTESIAN_POINT('',(212.60251151034,15.128923208052,
    136.38989221983));
#1662 = CARTESIAN_POINT('',(212.59327702975,15.259046207056,
    136.38989221983));
#1663 = CARTESIAN_POINT('',(212.57446675478,15.389267818503,
    136.38989221983));
#1664 = CARTESIAN_POINT('',(212.54597528382,15.518466603978,
    136.38989221983));
#1665 = CARTESIAN_POINT('',(212.48082831438,15.735993678096,
    136.38989221983));
#1666 = CARTESIAN_POINT('',(212.44888467222,15.82538216961,
    136.38989221983));
#1667 = CARTESIAN_POINT('',(212.41213660692,15.913284657022,
    136.38989221983));
#1668 = CARTESIAN_POINT('',(212.37068123159,15.999313336426,
    136.38989221983));
#1669 = CARTESIAN_POINT('',(212.29069815008,16.14495081384,
    136.38989221983));
#1670 = CARTESIAN_POINT('',(212.25424311374,16.205582470068,
    136.38989221983));
#1671 = CARTESIAN_POINT('',(212.21536399654,16.264840530994,
    136.38989221983));
#1672 = CARTESIAN_POINT('',(212.17413495432,16.322582881015,
    136.38989221983));
#1673 = CARTESIAN_POINT('',(212.09910276902,16.419354920628,
    136.38989221983));
#1674 = CARTESIAN_POINT('',(212.06637171615,16.459167060609,
    136.38989221983));
#1675 = CARTESIAN_POINT('',(212.03248441064,16.4980600173,
    136.38989221983));
#1676 = CARTESIAN_POINT('',(211.99747777091,16.535985131963,
    136.38989221983));
#1677 = CARTESIAN_POINT('',(211.87490646992,16.661360700496,
    136.38989221983));
#1678 = CARTESIAN_POINT('',(211.78221998072,16.744003448143,
    136.38989221983));
#1679 = CARTESIAN_POINT('',(211.68389401745,16.820185568707,
    136.38989221983));
#1680 = CARTESIAN_POINT('',(211.58057780711,16.889375678283,
    136.38989221983));
#1681 = CARTESIAN_POINT('',(211.34955487267,17.022046495793,
    136.38989221983));
#1682 = CARTESIAN_POINT('',(211.22048936815,17.083180693368,
    136.38989221983));
#1683 = CARTESIAN_POINT('',(211.08693167183,17.133912276776,
    136.38989221983));
#1684 = CARTESIAN_POINT('',(210.95008042519,17.173828981825,
    136.38989221983));
#1685 = CARTESIAN_POINT('',(210.75523313753,17.214403954919,
    136.38989221983));
#1686 = CARTESIAN_POINT('',(210.69892439695,17.224274288886,
    136.38989221983));
#1687 = CARTESIAN_POINT('',(210.6423696094,17.232345940887,
    136.38989221983));
#1688 = CARTESIAN_POINT('',(210.58565190671,17.238613714237,
    136.38989221983));
#1689 = CARTESIAN_POINT('',(210.44768650572,17.249460096515,
    136.38989221983));
#1690 = CARTESIAN_POINT('',(210.3663555143,17.25215990622,
    136.38989221983));
#1691 = CARTESIAN_POINT('',(210.28510656156,17.251182125687,
    136.38989221983));
#1692 = CARTESIAN_POINT('',(210.20418113605,17.246558235314,
    136.38989221983));
#1693 = CARTESIAN_POINT('',(210.01296623955,17.227021633443,
    136.38989221983));
#1694 = CARTESIAN_POINT('',(209.90318060073,17.208870815429,
    136.38989221983));
#1695 = CARTESIAN_POINT('',(209.79508966983,17.184051053517,
    136.38989221983));
#1696 = CARTESIAN_POINT('',(209.68928373235,17.152817438478,
    136.38989221983));
#1697 = CARTESIAN_POINT('',(209.51187196702,17.088562636429,
    136.38989221983));
#1698 = CARTESIAN_POINT('',(209.43891036734,17.058433593516,
    136.38989221983));
#1699 = CARTESIAN_POINT('',(209.36763674312,17.02527073832,
    136.38989221983));
#1700 = CARTESIAN_POINT('',(209.29823981253,16.989232868402,
    136.38989221983));
#1701 = CARTESIAN_POINT('',(209.21468285238,16.941184050867,
    136.38989221983));
#1702 = CARTESIAN_POINT('',(209.19848641604,16.931646582257,
    136.38989221983));
#1703 = CARTESIAN_POINT('',(209.18229146535,16.921880785068,
    136.38989221983));
#1704 = CARTESIAN_POINT('',(209.16610067751,16.911882830436,
    136.38989221983));
#1705 = CARTESIAN_POINT('',(209.10007418094,16.87012843962,
    136.38989221983));
#1706 = CARTESIAN_POINT('',(209.05105834978,16.836844338878,
    136.38989221983));
#1707 = CARTESIAN_POINT('',(209.0029841379,16.80183292692,
    136.38989221983));
#1708 = CARTESIAN_POINT('',(208.9559505201,16.765132941758,
    136.38989221983));
#1709 = CARTESIAN_POINT('',(208.82614072248,16.656697701114,
    136.38989221983));
#1710 = CARTESIAN_POINT('',(208.74602199361,16.581117185549,
    136.38989221983));
#1711 = CARTESIAN_POINT('',(208.67027794763,16.500347163297,
    136.38989221983));
#1712 = CARTESIAN_POINT('',(208.59942479072,16.41476712229,
    136.38989221983));
#1713 = CARTESIAN_POINT('',(208.48640509603,16.259625770524,
    136.38989221983));
#1714 = CARTESIAN_POINT('',(208.44170512792,16.192124224327,
    136.38989221983));
#1715 = CARTESIAN_POINT('',(208.3999840088,16.122510328044,
    136.38989221983));
#1716 = CARTESIAN_POINT('',(208.36139036535,16.050976112306,
    136.38989221983));
#1717 = CARTESIAN_POINT('',(208.30131542979,15.92646375463,
    136.38989221983));
#1718 = CARTESIAN_POINT('',(208.27817419428,15.874358458631,
    136.38989221983));
#1719 = CARTESIAN_POINT('',(208.25667009364,15.821485724815,
    136.38989221983));
#1720 = CARTESIAN_POINT('',(208.23684052059,15.767919780685,
    136.38989221983));
#1721 = CARTESIAN_POINT('',(208.17275475813,15.576329079534,
    136.38989221983));
#1722 = CARTESIAN_POINT('',(208.13776398411,15.43495081099,
    136.38989221983));
#1723 = CARTESIAN_POINT('',(208.11426279049,15.290876303782,
    136.38989221983));
#1724 = CARTESIAN_POINT('',(208.10251127669,15.145434810709,
    136.38989221983));
#1725 = CARTESIAN_POINT('',(208.10251127669,14.854565189292,
    136.38989221983));
#1726 = CARTESIAN_POINT('',(208.11426279049,14.709123696219,
    136.38989221983));
#1727 = CARTESIAN_POINT('',(208.13776398411,14.565049189011,
    136.38989221983));
#1728 = CARTESIAN_POINT('',(208.17275475813,14.423670920467,
    136.38989221983));
#1729 = CARTESIAN_POINT('',(208.23684052059,14.232080219315,
    136.38989221983));
#1730 = CARTESIAN_POINT('',(208.25667009364,14.178514275186,
    136.38989221983));
#1731 = CARTESIAN_POINT('',(208.27817419428,14.12564154137,
    136.38989221983));
#1732 = CARTESIAN_POINT('',(208.30131542979,14.07353624537,
    136.38989221983));
#1733 = CARTESIAN_POINT('',(208.36139036535,13.949023887695,
    136.38989221983));
#1734 = CARTESIAN_POINT('',(208.3999840088,13.877489671957,
    136.38989221983));
#1735 = CARTESIAN_POINT('',(208.44170512792,13.807875775673,
    136.38989221983));
#1736 = CARTESIAN_POINT('',(208.48640509603,13.740374229477,
    136.38989221983));
#1737 = CARTESIAN_POINT('',(208.59942479072,13.585232877711,
    136.38989221983));
#1738 = CARTESIAN_POINT('',(208.67027794763,13.499652836703,
    136.38989221983));
#1739 = CARTESIAN_POINT('',(208.7460219936,13.418882814451,
    136.38989221983));
#1740 = CARTESIAN_POINT('',(208.82614072248,13.343302298887,
    136.38989221983));
#1741 = CARTESIAN_POINT('',(208.94092372861,13.24741954215,
    136.38989221983));
#1742 = CARTESIAN_POINT('',(208.97230880851,13.222373623747,
    136.38989221983));
#1743 = CARTESIAN_POINT('',(209.00417870283,13.198084508719,
    136.38989221983));
#1744 = CARTESIAN_POINT('',(209.03650371949,13.174564892033,
    136.38989221983));
#1745 = CARTESIAN_POINT('',(209.08533919421,13.140656553476,
    136.38989221983));
#1746 = CARTESIAN_POINT('',(209.1014551048,13.129726043981,
    136.38989221983));
#1747 = CARTESIAN_POINT('',(209.11759545395,13.119032037397,
    136.38989221983));
#1748 = CARTESIAN_POINT('',(209.13375492733,13.108572286425,
    136.38989221983));
#1749 = CARTESIAN_POINT('',(209.16610067751,13.088117169564,
    136.38989221983));
#1750 = CARTESIAN_POINT('',(209.18229146535,13.078119214932,
    136.38989221983));
#1751 = CARTESIAN_POINT('',(209.19848641604,13.068353417743,
    136.38989221983));
#1752 = CARTESIAN_POINT('',(209.21468285237,13.058815949133,
    136.38989221983));
#1753 = CARTESIAN_POINT('',(209.29823981253,13.010767131598,
    136.38989221983));
#1754 = CARTESIAN_POINT('',(209.36763674312,12.97472926168,
    136.38989221983));
#1755 = CARTESIAN_POINT('',(209.43891036734,12.941566406484,
    136.38989221983));
#1756 = CARTESIAN_POINT('',(209.51187196702,12.911437363571,
    136.38989221983));
#1757 = CARTESIAN_POINT('',(209.68928373235,12.847182561523,
    136.38989221983));
#1758 = CARTESIAN_POINT('',(209.79508966983,12.815948946483,
    136.38989221983));
#1759 = CARTESIAN_POINT('',(209.90318060073,12.791129184571,
    136.38989221983));
#1760 = CARTESIAN_POINT('',(210.01296623955,12.772978366557,
    136.38989221983));
#1761 = CARTESIAN_POINT('',(210.20418113605,12.753441764686,
    136.38989221983));
#1762 = CARTESIAN_POINT('',(210.28510656155,12.748817874313,
    136.38989221983));
#1763 = CARTESIAN_POINT('',(210.3663555143,12.74784009378,
    136.38989221983));
#1764 = CARTESIAN_POINT('',(210.44768650572,12.750539903485,
    136.38989221983));
#1765 = CARTESIAN_POINT('',(210.58565190671,12.761386285763,
    136.38989221983));
#1766 = CARTESIAN_POINT('',(210.6423696094,12.767654059113,
    136.38989221983));
#1767 = CARTESIAN_POINT('',(210.69892439695,12.775725711114,
    136.38989221983));
#1768 = CARTESIAN_POINT('',(210.75523313753,12.785596045081,
    136.38989221983));
#1769 = CARTESIAN_POINT('',(210.95008042519,12.826171018175,
    136.38989221983));
#1770 = CARTESIAN_POINT('',(211.08693167183,12.866087723224,
    136.38989221983));
#1771 = CARTESIAN_POINT('',(211.22048936815,12.916819306632,
    136.38989221983));
#1772 = CARTESIAN_POINT('',(211.34955487267,12.977953504207,
    136.38989221983));
#1773 = CARTESIAN_POINT('',(211.58057780711,13.110624321717,
    136.38989221983));
#1774 = CARTESIAN_POINT('',(211.68389401745,13.179814431293,
    136.38989221983));
#1775 = CARTESIAN_POINT('',(211.78221998072,13.255996551857,
    136.38989221983));
#1776 = CARTESIAN_POINT('',(211.87490646992,13.338639299504,
    136.38989221983));
#1777 = CARTESIAN_POINT('',(211.99747777091,13.464014868037,
    136.38989221983));
#1778 = CARTESIAN_POINT('',(212.03248441064,13.5019399827,
    136.38989221983));
#1779 = CARTESIAN_POINT('',(212.06637171615,13.540832939391,
    136.38989221983));
#1780 = CARTESIAN_POINT('',(212.09910276902,13.580645079371,
    136.38989221983));
#1781 = CARTESIAN_POINT('',(212.17413495432,13.677417118985,
    136.38989221983));
#1782 = CARTESIAN_POINT('',(212.21536399654,13.735159469005,
    136.38989221983));
#1783 = CARTESIAN_POINT('',(212.25424311374,13.794417529931,
    136.38989221983));
#1784 = CARTESIAN_POINT('',(212.29069815008,13.85504918616,
    136.38989221983));
#1785 = CARTESIAN_POINT('',(212.37068123159,14.000686663574,
    136.38989221983));
#1786 = CARTESIAN_POINT('',(212.41213660692,14.086715342978,
    136.38989221983));
#1787 = CARTESIAN_POINT('',(212.44888467222,14.17461783039,
    136.38989221983));
#1788 = CARTESIAN_POINT('',(212.48082831438,14.264006321904,
    136.38989221983));
#1789 = CARTESIAN_POINT('',(212.54597528382,14.481533396021,
    136.38989221983));
#1790 = CARTESIAN_POINT('',(212.57446675478,14.610732181497,
    136.38989221983));
#1791 = CARTESIAN_POINT('',(212.59327702975,14.740953792944,
    136.38989221983));
#1792 = CARTESIAN_POINT('',(212.60251151034,14.871076791948,
    136.38989221983));
#1793 = CARTESIAN_POINT('',(212.60251142247,15.,136.38989221983));
#1794 = PCURVE('',#67,#1795);
#1795 = DEFINITIONAL_REPRESENTATION('',(#1796),#1931);
#1796 = B_SPLINE_CURVE_WITH_KNOTS('',5,(#1797,#1798,#1799,#1800,#1801,
    #1802,#1803,#1804,#1805,#1806,#1807,#1808,#1809,#1810,#1811,#1812,
    #1813,#1814,#1815,#1816,#1817,#1818,#1819,#1820,#1821,#1822,#1823,
    #1824,#1825,#1826,#1827,#1828,#1829,#1830,#1831,#1832,#1833,#1834,
    #1835,#1836,#1837,#1838,#1839,#1840,#1841,#1842,#1843,#1844,#1845,
    #1846,#1847,#1848,#1849,#1850,#1851,#1852,#1853,#1854,#1855,#1856,
    #1857,#1858,#1859,#1860,#1861,#1862,#1863,#1864,#1865,#1866,#1867,
    #1868,#1869,#1870,#1871,#1872,#1873,#1874,#1875,#1876,#1877,#1878,
    #1879,#1880,#1881,#1882,#1883,#1884,#1885,#1886,#1887,#1888,#1889,
    #1890,#1891,#1892,#1893,#1894,#1895,#1896,#1897,#1898,#1899,#1900,
    #1901,#1902,#1903,#1904,#1905,#1906,#1907,#1908,#1909,#1910,#1911,
    #1912,#1913,#1914,#1915,#1916,#1917,#1918,#1919,#1920,#1921,#1922,
    #1923,#1924,#1925,#1926,#1927,#1928,#1929,#1930),.UNSPECIFIED.,.F.,
  .F.,(6,4,4,4,4,4,4,4,4,4,4,4,4,4,4,4,4,4,4,4,4,4,4,4,4,4,4,4,4,4,4,4,4
    ,6),(0.,4.724014899119E-02,8.087847521689E-02,0.105713437833,
    0.123724698803,0.166892062084,0.216433907228,0.236405021335,
    0.264945669673,0.304314008451,0.332775497257,0.339635143925,
    0.360779774041,0.399436664174,0.427469836352,0.447090903485,
    0.496851017026,0.546611130566,0.566232197699,0.594265369877,
    0.63292226001,0.647144271196,0.654129846997,0.661115422799,
    0.690099406536,0.730190467782,0.759255064258,0.77959280732,
    0.830044139776,0.874003967873,0.892345878889,0.917636760806,
    0.951892618147,1.),.UNSPECIFIED.);
#1797 = CARTESIAN_POINT('',(17.602511422477,25.));
#1798 = CARTESIAN_POINT('',(17.602511510347,25.128923208052));
#1799 = CARTESIAN_POINT('',(17.593277029754,25.259046207056));
#1800 = CARTESIAN_POINT('',(17.574466754781,25.389267818503));
#1801 = CARTESIAN_POINT('',(17.545975283823,25.518466603978));
#1802 = CARTESIAN_POINT('',(17.480828314389,25.735993678096));
#1803 = CARTESIAN_POINT('',(17.448884672225,25.82538216961));
#1804 = CARTESIAN_POINT('',(17.412136606924,25.913284657022));
#1805 = CARTESIAN_POINT('',(17.370681231596,25.999313336426));
#1806 = CARTESIAN_POINT('',(17.290698150086,26.14495081384));
#1807 = CARTESIAN_POINT('',(17.254243113748,26.205582470068));
#1808 = CARTESIAN_POINT('',(17.215363996548,26.264840530994));
#1809 = CARTESIAN_POINT('',(17.174134954329,26.322582881015));
#1810 = CARTESIAN_POINT('',(17.099102769021,26.419354920628));
#1811 = CARTESIAN_POINT('',(17.066371716151,26.459167060609));
#1812 = CARTESIAN_POINT('',(17.032484410647,26.4980600173));
#1813 = CARTESIAN_POINT('',(16.997477770916,26.535985131963));
#1814 = CARTESIAN_POINT('',(16.874906469926,26.661360700496));
#1815 = CARTESIAN_POINT('',(16.78221998072,26.744003448143));
#1816 = CARTESIAN_POINT('',(16.683894017459,26.820185568707));
#1817 = CARTESIAN_POINT('',(16.580577807115,26.889375678283));
#1818 = CARTESIAN_POINT('',(16.349554872678,27.022046495793));
#1819 = CARTESIAN_POINT('',(16.220489368158,27.083180693368));
#1820 = CARTESIAN_POINT('',(16.086931671839,27.133912276776));
#1821 = CARTESIAN_POINT('',(15.950080425196,27.173828981825));
#1822 = CARTESIAN_POINT('',(15.755233137534,27.214403954919));
#1823 = CARTESIAN_POINT('',(15.698924396953,27.224274288886));
#1824 = CARTESIAN_POINT('',(15.642369609402,27.232345940887));
#1825 = CARTESIAN_POINT('',(15.585651906716,27.238613714237));
#1826 = CARTESIAN_POINT('',(15.447686505723,27.249460096515));
#1827 = CARTESIAN_POINT('',(15.366355514305,27.25215990622));
#1828 = CARTESIAN_POINT('',(15.28510656156,27.251182125687));
#1829 = CARTESIAN_POINT('',(15.204181136052,27.246558235314));
#1830 = CARTESIAN_POINT('',(15.012966239551,27.227021633443));
#1831 = CARTESIAN_POINT('',(14.903180600735,27.208870815429));
#1832 = CARTESIAN_POINT('',(14.795089669838,27.184051053517));
#1833 = CARTESIAN_POINT('',(14.689283732352,27.152817438478));
#1834 = CARTESIAN_POINT('',(14.511871967025,27.088562636429));
#1835 = CARTESIAN_POINT('',(14.438910367344,27.058433593516));
#1836 = CARTESIAN_POINT('',(14.367636743128,27.02527073832));
#1837 = CARTESIAN_POINT('',(14.298239812539,26.989232868402));
#1838 = CARTESIAN_POINT('',(14.21468285238,26.941184050867));
#1839 = CARTESIAN_POINT('',(14.198486416046,26.931646582257));
#1840 = CARTESIAN_POINT('',(14.182291465354,26.921880785068));
#1841 = CARTESIAN_POINT('',(14.166100677513,26.911882830436));
#1842 = CARTESIAN_POINT('',(14.100074180945,26.87012843962));
#1843 = CARTESIAN_POINT('',(14.051058349782,26.836844338878));
#1844 = CARTESIAN_POINT('',(14.002984137902,26.80183292692));
#1845 = CARTESIAN_POINT('',(13.955950520108,26.765132941758));
#1846 = CARTESIAN_POINT('',(13.826140722486,26.656697701114));
#1847 = CARTESIAN_POINT('',(13.74602199361,26.581117185549));
#1848 = CARTESIAN_POINT('',(13.670277947639,26.500347163297));
#1849 = CARTESIAN_POINT('',(13.599424790728,26.41476712229));
#1850 = CARTESIAN_POINT('',(13.486405096031,26.259625770524));
#1851 = CARTESIAN_POINT('',(13.441705127926,26.192124224327));
#1852 = CARTESIAN_POINT('',(13.399984008802,26.122510328044));
#1853 = CARTESIAN_POINT('',(13.361390365358,26.050976112306));
#1854 = CARTESIAN_POINT('',(13.301315429795,25.92646375463));
#1855 = CARTESIAN_POINT('',(13.278174194283,25.874358458631));
#1856 = CARTESIAN_POINT('',(13.25667009364,25.821485724815));
#1857 = CARTESIAN_POINT('',(13.236840520591,25.767919780685));
#1858 = CARTESIAN_POINT('',(13.172754758134,25.576329079534));
#1859 = CARTESIAN_POINT('',(13.13776398411,25.43495081099));
#1860 = CARTESIAN_POINT('',(13.114262790491,25.290876303782));
#1861 = CARTESIAN_POINT('',(13.102511276695,25.145434810709));
#1862 = CARTESIAN_POINT('',(13.102511276695,24.854565189292));
#1863 = CARTESIAN_POINT('',(13.114262790491,24.709123696219));
#1864 = CARTESIAN_POINT('',(13.13776398411,24.565049189011));
#1865 = CARTESIAN_POINT('',(13.172754758134,24.423670920467));
#1866 = CARTESIAN_POINT('',(13.236840520591,24.232080219315));
#1867 = CARTESIAN_POINT('',(13.25667009364,24.178514275186));
#1868 = CARTESIAN_POINT('',(13.278174194283,24.12564154137));
#1869 = CARTESIAN_POINT('',(13.301315429794,24.07353624537));
#1870 = CARTESIAN_POINT('',(13.361390365358,23.949023887695));
#1871 = CARTESIAN_POINT('',(13.399984008802,23.877489671957));
#1872 = CARTESIAN_POINT('',(13.441705127926,23.807875775673));
#1873 = CARTESIAN_POINT('',(13.486405096031,23.740374229477));
#1874 = CARTESIAN_POINT('',(13.599424790727,23.585232877711));
#1875 = CARTESIAN_POINT('',(13.670277947639,23.499652836703));
#1876 = CARTESIAN_POINT('',(13.746021993609,23.418882814451));
#1877 = CARTESIAN_POINT('',(13.826140722486,23.343302298887));
#1878 = CARTESIAN_POINT('',(13.94092372861,23.24741954215));
#1879 = CARTESIAN_POINT('',(13.972308808519,23.222373623747));
#1880 = CARTESIAN_POINT('',(14.004178702833,23.198084508719));
#1881 = CARTESIAN_POINT('',(14.036503719493,23.174564892033));
#1882 = CARTESIAN_POINT('',(14.08533919421,23.140656553476));
#1883 = CARTESIAN_POINT('',(14.101455104801,23.129726043981));
#1884 = CARTESIAN_POINT('',(14.117595453953,23.119032037397));
#1885 = CARTESIAN_POINT('',(14.133754927336,23.108572286425));
#1886 = CARTESIAN_POINT('',(14.166100677513,23.088117169564));
#1887 = CARTESIAN_POINT('',(14.182291465354,23.078119214932));
#1888 = CARTESIAN_POINT('',(14.198486416045,23.068353417743));
#1889 = CARTESIAN_POINT('',(14.214682852379,23.058815949133));
#1890 = CARTESIAN_POINT('',(14.298239812539,23.010767131598));
#1891 = CARTESIAN_POINT('',(14.367636743128,22.97472926168));
#1892 = CARTESIAN_POINT('',(14.438910367343,22.941566406484));
#1893 = CARTESIAN_POINT('',(14.511871967025,22.911437363571));
#1894 = CARTESIAN_POINT('',(14.689283732352,22.847182561523));
#1895 = CARTESIAN_POINT('',(14.795089669838,22.815948946483));
#1896 = CARTESIAN_POINT('',(14.903180600734,22.791129184571));
#1897 = CARTESIAN_POINT('',(15.01296623955,22.772978366557));
#1898 = CARTESIAN_POINT('',(15.204181136052,22.753441764686));
#1899 = CARTESIAN_POINT('',(15.285106561559,22.748817874313));
#1900 = CARTESIAN_POINT('',(15.366355514305,22.74784009378));
#1901 = CARTESIAN_POINT('',(15.447686505722,22.750539903485));
#1902 = CARTESIAN_POINT('',(15.585651906716,22.761386285763));
#1903 = CARTESIAN_POINT('',(15.642369609402,22.767654059113));
#1904 = CARTESIAN_POINT('',(15.698924396952,22.775725711114));
#1905 = CARTESIAN_POINT('',(15.755233137533,22.785596045081));
#1906 = CARTESIAN_POINT('',(15.950080425195,22.826171018175));
#1907 = CARTESIAN_POINT('',(16.086931671838,22.866087723224));
#1908 = CARTESIAN_POINT('',(16.220489368158,22.916819306632));
#1909 = CARTESIAN_POINT('',(16.349554872677,22.977953504207));
#1910 = CARTESIAN_POINT('',(16.580577807114,23.110624321717));
#1911 = CARTESIAN_POINT('',(16.683894017458,23.179814431293));
#1912 = CARTESIAN_POINT('',(16.78221998072,23.255996551857));
#1913 = CARTESIAN_POINT('',(16.874906469925,23.338639299504));
#1914 = CARTESIAN_POINT('',(16.997477770916,23.464014868037));
#1915 = CARTESIAN_POINT('',(17.032484410646,23.5019399827));
#1916 = CARTESIAN_POINT('',(17.066371716151,23.540832939391));
#1917 = CARTESIAN_POINT('',(17.099102769021,23.580645079371));
#1918 = CARTESIAN_POINT('',(17.174134954329,23.677417118985));
#1919 = CARTESIAN_POINT('',(17.215363996548,23.735159469005));
#1920 = CARTESIAN_POINT('',(17.254243113748,23.794417529931));
#1921 = CARTESIAN_POINT('',(17.290698150086,23.85504918616));
#1922 = CARTESIAN_POINT('',(17.370681231596,24.000686663574));
#1923 = CARTESIAN_POINT('',(17.412136606924,24.086715342978));
#1924 = CARTESIAN_POINT('',(17.448884672225,24.17461783039));
#1925 = CARTESIAN_POINT('',(17.480828314389,24.264006321904));
#1926 = CARTESIAN_POINT('',(17.545975283824,24.481533396021));
#1927 = CARTESIAN_POINT('',(17.574466754781,24.610732181497));
#1928 = CARTESIAN_POINT('',(17.593277029754,24.740953792944));
#1929 = CARTESIAN_POINT('',(17.602511510347,24.871076791948));
#1930 = CARTESIAN_POINT('',(17.602511422477,25.));
#1931 = ( GEOMETRIC_REPRESENTATION_CONTEXT(2) 
PARAMETRIC_REPRESENTATION_CONTEXT() REPRESENTATION_CONTEXT('2D SPACE',''
  ) );
#1932 = PCURVE('',#662,#1933);
#1933 = DEFINITIONAL_REPRESENTATION('',(#1934),#2069);
#1934 = B_SPLINE_CURVE_WITH_KNOTS('',5,(#1935,#1936,#1937,#1938,#1939,
    #1940,#1941,#1942,#1943,#1944,#1945,#1946,#1947,#1948,#1949,#1950,
    #1951,#1952,#1953,#1954,#1955,#1956,#1957,#1958,#1959,#1960,#1961,
    #1962,#1963,#1964,#1965,#1966,#1967,#1968,#1969,#1970,#1971,#1972,
    #1973,#1974,#1975,#1976,#1977,#1978,#1979,#1980,#1981,#1982,#1983,
    #1984,#1985,#1986,#1987,#1988,#1989,#1990,#1991,#1992,#1993,#1994,
    #1995,#1996,#1997,#1998,#1999,#2000,#2001,#2002,#2003,#2004,#2005,
    #2006,#2007,#2008,#2009,#2010,#2011,#2012,#2013,#2014,#2015,#2016,
    #2017,#2018,#2019,#2020,#2021,#2022,#2023,#2024,#2025,#2026,#2027,
    #2028,#2029,#2030,#2031,#2032,#2033,#2034,#2035,#2036,#2037,#2038,
    #2039,#2040,#2041,#2042,#2043,#2044,#2045,#2046,#2047,#2048,#2049,
    #2050,#2051,#2052,#2053,#2054,#2055,#2056,#2057,#2058,#2059,#2060,
    #2061,#2062,#2063,#2064,#2065,#2066,#2067,#2068),.UNSPECIFIED.,.F.,
  .F.,(6,4,4,4,4,4,4,4,4,4,4,4,4,4,4,4,4,4,4,4,4,4,4,4,4,4,4,4,4,4,4,4,4
    ,6),(0.,4.724014899119E-02,8.087847521689E-02,0.105713437833,
    0.123724698803,0.166892062084,0.216433907228,0.236405021335,
    0.264945669673,0.304314008451,0.332775497257,0.339635143925,
    0.360779774041,0.399436664174,0.427469836352,0.447090903485,
    0.496851017026,0.546611130566,0.566232197699,0.594265369877,
    0.63292226001,0.647144271196,0.654129846997,0.661115422799,
    0.690099406536,0.730190467782,0.759255064258,0.77959280732,
    0.830044139776,0.874003967873,0.892345878889,0.917636760806,
    0.951892618147,1.),.UNSPECIFIED.);
#1935 = CARTESIAN_POINT('',(6.28318530718,2.1));
#1936 = CARTESIAN_POINT('',(6.213899075697,2.1));
#1937 = CARTESIAN_POINT('',(6.146833582256,2.1));
#1938 = CARTESIAN_POINT('',(6.081737567037,2.1));
#1939 = CARTESIAN_POINT('',(6.01835348981,2.1));
#1940 = CARTESIAN_POINT('',(5.91238689612,2.1));
#1941 = CARTESIAN_POINT('',(5.869068346513,2.1));
#1942 = CARTESIAN_POINT('',(5.826421260832,2.1));
#1943 = CARTESIAN_POINT('',(5.784367064667,2.1));
#1944 = CARTESIAN_POINT('',(5.712165831744,2.1));
#1945 = CARTESIAN_POINT('',(5.681782866926,2.1));
#1946 = CARTESIAN_POINT('',(5.651652533113,2.1));
#1947 = CARTESIAN_POINT('',(5.621745874644,2.1));
#1948 = CARTESIAN_POINT('',(5.570487409709,2.1));
#1949 = CARTESIAN_POINT('',(5.549042816056,2.1));
#1950 = CARTESIAN_POINT('',(5.527690464067,2.1));
#1951 = CARTESIAN_POINT('',(5.506419875687,2.1));
#1952 = CARTESIAN_POINT('',(5.434413150028,2.1));
#1953 = CARTESIAN_POINT('',(5.384015705905,2.1));
#1954 = CARTESIAN_POINT('',(5.333887950911,2.1));
#1955 = CARTESIAN_POINT('',(5.283892157583,2.1));
#1956 = CARTESIAN_POINT('',(5.176511291295,2.1));
#1957 = CARTESIAN_POINT('',(5.119123882539,2.1));
#1958 = CARTESIAN_POINT('',(5.061527688075,2.1));
#1959 = CARTESIAN_POINT('',(5.003513597541,2.1));
#1960 = CARTESIAN_POINT('',(4.921225384794,2.1));
#1961 = CARTESIAN_POINT('',(4.897480981084,2.1));
#1962 = CARTESIAN_POINT('',(4.873619424392,2.1));
#1963 = CARTESIAN_POINT('',(4.849626167243,2.1));
#1964 = CARTESIAN_POINT('',(4.79098814,2.1));
#1965 = CARTESIAN_POINT('',(4.756190518823,2.1));
#1966 = CARTESIAN_POINT('',(4.721050027747,2.1));
#1967 = CARTESIAN_POINT('',(4.685521320127,2.1));
#1968 = CARTESIAN_POINT('',(4.59994891555,2.1));
#1969 = CARTESIAN_POINT('',(4.549512023178,2.1));
#1970 = CARTESIAN_POINT('',(4.498122246507,2.1));
#1971 = CARTESIAN_POINT('',(4.445647242691,2.1));
#1972 = CARTESIAN_POINT('',(4.353123397004,2.1));
#1973 = CARTESIAN_POINT('',(4.313659715299,2.1));
#1974 = CARTESIAN_POINT('',(4.273502255441,2.1));
#1975 = CARTESIAN_POINT('',(4.232596091323,2.1));
#1976 = CARTESIAN_POINT('',(4.180831503397,2.1));
#1977 = CARTESIAN_POINT('',(4.170778406906,2.1));
#1978 = CARTESIAN_POINT('',(4.160725310414,2.1));
#1979 = CARTESIAN_POINT('',(4.150672213923,2.1));
#1980 = CARTESIAN_POINT('',(4.109630785655,2.1));
#1981 = CARTESIAN_POINT('',(4.079080819449,2.1));
#1982 = CARTESIAN_POINT('',(4.048945080814,2.1));
#1983 = CARTESIAN_POINT('',(4.019200018912,2.1));
#1984 = CARTESIAN_POINT('',(3.936114615544,2.1));
#1985 = CARTESIAN_POINT('',(3.883635671949,2.1));
#1986 = CARTESIAN_POINT('',(3.832245647255,2.1));
#1987 = CARTESIAN_POINT('',(3.781812446638,2.1));
#1988 = CARTESIAN_POINT('',(3.696242913421,2.1));
#1989 = CARTESIAN_POINT('',(3.660711680973,2.1));
#1990 = CARTESIAN_POINT('',(3.625571146313,2.1));
#1991 = CARTESIAN_POINT('',(3.590776006382,2.1));
#1992 = CARTESIAN_POINT('',(3.532140347719,2.1));
#1993 = CARTESIAN_POINT('',(3.508145741765,2.1));
#1994 = CARTESIAN_POINT('',(3.484284177352,2.1));
#1995 = CARTESIAN_POINT('',(3.460541114725,2.1));
#1996 = CARTESIAN_POINT('',(3.376953178793,2.1));
#1997 = CARTESIAN_POINT('',(3.317672103382,2.1));
#1998 = CARTESIAN_POINT('',(3.258835191617,2.1));
#1999 = CARTESIAN_POINT('',(3.200212546083,2.1));
#2000 = CARTESIAN_POINT('',(3.082972761097,2.1));
#2001 = CARTESIAN_POINT('',(3.024350115563,2.1));
#2002 = CARTESIAN_POINT('',(2.965513203798,2.1));
#2003 = CARTESIAN_POINT('',(2.906232128387,2.1));
#2004 = CARTESIAN_POINT('',(2.822644192455,2.1));
#2005 = CARTESIAN_POINT('',(2.798901129828,2.1));
#2006 = CARTESIAN_POINT('',(2.775039565414,2.1));
#2007 = CARTESIAN_POINT('',(2.75104495946,2.1));
#2008 = CARTESIAN_POINT('',(2.692409300798,2.1));
#2009 = CARTESIAN_POINT('',(2.657614160866,2.1));
#2010 = CARTESIAN_POINT('',(2.622473626207,2.1));
#2011 = CARTESIAN_POINT('',(2.586942393759,2.1));
#2012 = CARTESIAN_POINT('',(2.501372860542,2.1));
#2013 = CARTESIAN_POINT('',(2.450939659925,2.1));
#2014 = CARTESIAN_POINT('',(2.399549635231,2.1));
#2015 = CARTESIAN_POINT('',(2.347070691636,2.1));
#2016 = CARTESIAN_POINT('',(2.27360324754,2.1));
#2017 = CARTESIAN_POINT('',(2.253677499648,2.1));
#2018 = CARTESIAN_POINT('',(2.23357841375,2.1));
#2019 = CARTESIAN_POINT('',(2.213298882761,2.1));
#2020 = CARTESIAN_POINT('',(2.182778575713,2.1));
#2021 = CARTESIAN_POINT('',(2.172725479224,2.1));
#2022 = CARTESIAN_POINT('',(2.162672382732,2.1));
#2023 = CARTESIAN_POINT('',(2.152619286239,2.1));
#2024 = CARTESIAN_POINT('',(2.132513093257,2.1));
#2025 = CARTESIAN_POINT('',(2.122459996765,2.1));
#2026 = CARTESIAN_POINT('',(2.112406900274,2.1));
#2027 = CARTESIAN_POINT('',(2.102353803782,2.1));
#2028 = CARTESIAN_POINT('',(2.050589215857,2.1));
#2029 = CARTESIAN_POINT('',(2.009683051738,2.1));
#2030 = CARTESIAN_POINT('',(1.969525591881,2.1));
#2031 = CARTESIAN_POINT('',(1.930061910176,2.1));
#2032 = CARTESIAN_POINT('',(1.837538064489,2.1));
#2033 = CARTESIAN_POINT('',(1.785063060672,2.1));
#2034 = CARTESIAN_POINT('',(1.733673284002,2.1));
#2035 = CARTESIAN_POINT('',(1.68323639163,2.1));
#2036 = CARTESIAN_POINT('',(1.597663987053,2.1));
#2037 = CARTESIAN_POINT('',(1.562135279433,2.1));
#2038 = CARTESIAN_POINT('',(1.526994788357,2.1));
#2039 = CARTESIAN_POINT('',(1.49219716718,2.1));
#2040 = CARTESIAN_POINT('',(1.433559139937,2.1));
#2041 = CARTESIAN_POINT('',(1.409565882788,2.1));
#2042 = CARTESIAN_POINT('',(1.385704326096,2.1));
#2043 = CARTESIAN_POINT('',(1.361959922386,2.1));
#2044 = CARTESIAN_POINT('',(1.279671709638,2.1));
#2045 = CARTESIAN_POINT('',(1.221657619104,2.1));
#2046 = CARTESIAN_POINT('',(1.16406142464,2.1));
#2047 = CARTESIAN_POINT('',(1.106674015884,2.1));
#2048 = CARTESIAN_POINT('',(0.999293149597,2.1));
#2049 = CARTESIAN_POINT('',(0.949297356269,2.1));
#2050 = CARTESIAN_POINT('',(0.899169601275,2.1));
#2051 = CARTESIAN_POINT('',(0.848772157151,2.1));
#2052 = CARTESIAN_POINT('',(0.776765431493,2.1));
#2053 = CARTESIAN_POINT('',(0.755494843113,2.1));
#2054 = CARTESIAN_POINT('',(0.734142491124,2.1));
#2055 = CARTESIAN_POINT('',(0.71269789747,2.1));
#2056 = CARTESIAN_POINT('',(0.661439432536,2.1));
#2057 = CARTESIAN_POINT('',(0.631532774067,2.1));
#2058 = CARTESIAN_POINT('',(0.601402440254,2.1));
#2059 = CARTESIAN_POINT('',(0.571019475435,2.1));
#2060 = CARTESIAN_POINT('',(0.498818242512,2.1));
#2061 = CARTESIAN_POINT('',(0.456764046348,2.1));
#2062 = CARTESIAN_POINT('',(0.414116960666,2.1));
#2063 = CARTESIAN_POINT('',(0.37079841106,2.1));
#2064 = CARTESIAN_POINT('',(0.26483181737,2.1));
#2065 = CARTESIAN_POINT('',(0.201447740143,2.1));
#2066 = CARTESIAN_POINT('',(0.136351724923,2.1));
#2067 = CARTESIAN_POINT('',(6.928623148221E-02,2.1));
#2068 = CARTESIAN_POINT('',(0.,2.1));
#2069 = ( GEOMETRIC_REPRESENTATION_CONTEXT(2) 
PARAMETRIC_REPRESENTATION_CONTEXT() REPRESENTATION_CONTEXT('2D SPACE',''
  ) );
#2070 = FACE_BOUND('',#2071,.F.);
#2071 = EDGE_LOOP('',(#2072));
#2072 = ORIENTED_EDGE('',*,*,#2073,.F.);
#2073 = EDGE_CURVE('',#2074,#2074,#2076,.T.);
#2074 = VERTEX_POINT('',#2075);
#2075 = CARTESIAN_POINT('',(219.2,20.,136.38989221983));
#2076 = SURFACE_CURVE('',#2077,(#2082,#2089),.PCURVE_S1.);
#2077 = CIRCLE('',#2078,2.2);
#2078 = AXIS2_PLACEMENT_3D('',#2079,#2080,#2081);
#2079 = CARTESIAN_POINT('',(217.,20.,136.38989221983));
#2080 = DIRECTION('',(0.,0.,1.));
#2081 = DIRECTION('',(1.,0.,-0.));
#2082 = PCURVE('',#67,#2083);
#2083 = DEFINITIONAL_REPRESENTATION('',(#2084),#2088);
#2084 = CIRCLE('',#2085,2.2);
#2085 = AXIS2_PLACEMENT_2D('',#2086,#2087);
#2086 = CARTESIAN_POINT('',(22.,30.));
#2087 = DIRECTION('',(1.,0.));
#2088 = ( GEOMETRIC_REPRESENTATION_CONTEXT(2) 
PARAMETRIC_REPRESENTATION_CONTEXT() REPRESENTATION_CONTEXT('2D SPACE',''
  ) );
#2089 = PCURVE('',#2090,#2095);
#2090 = CYLINDRICAL_SURFACE('',#2091,2.2);
#2091 = AXIS2_PLACEMENT_3D('',#2092,#2093,#2094);
#2092 = CARTESIAN_POINT('',(217.,20.,134.28989221983));
#2093 = DIRECTION('',(0.,0.,1.));
#2094 = DIRECTION('',(1.,0.,-0.));
#2095 = DEFINITIONAL_REPRESENTATION('',(#2096),#2100);
#2096 = LINE('',#2097,#2098);
#2097 = CARTESIAN_POINT('',(0.,2.1));
#2098 = VECTOR('',#2099,1.);
#2099 = DIRECTION('',(1.,0.));
#2100 = ( GEOMETRIC_REPRESENTATION_CONTEXT(2) 
PARAMETRIC_REPRESENTATION_CONTEXT() REPRESENTATION_CONTEXT('2D SPACE',''
  ) );
#2101 = ADVANCED_FACE('',(#2102),#292,.T.);
#2102 = FACE_BOUND('',#2103,.T.);
#2103 = EDGE_LOOP('',(#2104,#2127,#2128,#2129));
#2104 = ORIENTED_EDGE('',*,*,#2105,.T.);
#2105 = EDGE_CURVE('',#2106,#1551,#2108,.T.);
#2106 = VERTEX_POINT('',#2107);
#2107 = CARTESIAN_POINT('',(205.2,0.,134.38989221983));
#2108 = SURFACE_CURVE('',#2109,(#2113,#2120),.PCURVE_S1.);
#2109 = LINE('',#2110,#2111);
#2110 = CARTESIAN_POINT('',(205.2,0.,134.28989221983));
#2111 = VECTOR('',#2112,1.);
#2112 = DIRECTION('',(0.,0.,1.));
#2113 = PCURVE('',#292,#2114);
#2114 = DEFINITIONAL_REPRESENTATION('',(#2115),#2119);
#2115 = LINE('',#2116,#2117);
#2116 = CARTESIAN_POINT('',(6.28318530718,-0.));
#2117 = VECTOR('',#2118,1.);
#2118 = DIRECTION('',(0.,1.));
#2119 = ( GEOMETRIC_REPRESENTATION_CONTEXT(2) 
PARAMETRIC_REPRESENTATION_CONTEXT() REPRESENTATION_CONTEXT('2D SPACE',''
  ) );
#2120 = PCURVE('',#227,#2121);
#2121 = DEFINITIONAL_REPRESENTATION('',(#2122),#2126);
#2122 = LINE('',#2123,#2124);
#2123 = CARTESIAN_POINT('',(0.,-0.));
#2124 = VECTOR('',#2125,1.);
#2125 = DIRECTION('',(0.,1.));
#2126 = ( GEOMETRIC_REPRESENTATION_CONTEXT(2) 
PARAMETRIC_REPRESENTATION_CONTEXT() REPRESENTATION_CONTEXT('2D SPACE',''
  ) );
#2127 = ORIENTED_EDGE('',*,*,#1574,.F.);
#2128 = ORIENTED_EDGE('',*,*,#268,.T.);
#2129 = ORIENTED_EDGE('',*,*,#2130,.T.);
#2130 = EDGE_CURVE('',#244,#2106,#2131,.T.);
#2131 = SURFACE_CURVE('',#2132,(#2137,#2144),.PCURVE_S1.);
#2132 = CIRCLE('',#2133,2.2);
#2133 = AXIS2_PLACEMENT_3D('',#2134,#2135,#2136);
#2134 = CARTESIAN_POINT('',(203.,0.,134.38989221983));
#2135 = DIRECTION('',(0.,0.,1.));
#2136 = DIRECTION('',(1.,0.,-0.));
#2137 = PCURVE('',#292,#2138);
#2138 = DEFINITIONAL_REPRESENTATION('',(#2139),#2143);
#2139 = LINE('',#2140,#2141);
#2140 = CARTESIAN_POINT('',(0.,0.1));
#2141 = VECTOR('',#2142,1.);
#2142 = DIRECTION('',(1.,0.));
#2143 = ( GEOMETRIC_REPRESENTATION_CONTEXT(2) 
PARAMETRIC_REPRESENTATION_CONTEXT() REPRESENTATION_CONTEXT('2D SPACE',''
  ) );
#2144 = PCURVE('',#257,#2145);
#2145 = DEFINITIONAL_REPRESENTATION('',(#2146),#2155);
#2146 = B_SPLINE_CURVE_WITH_KNOTS('',7,(#2147,#2148,#2149,#2150,#2151,
    #2152,#2153,#2154),.UNSPECIFIED.,.F.,.F.,(8,8),(4.873315136522,
    6.28318530718),.PIECEWISE_BEZIER_KNOTS.);
#2147 = CARTESIAN_POINT('',(3.10038453244E-15,27.171574474206));
#2148 = CARTESIAN_POINT('',(0.437377075724,27.10057533436));
#2149 = CARTESIAN_POINT('',(0.858068946372,26.926800272209));
#2150 = CARTESIAN_POINT('',(1.233105998588,26.654963516135));
#2151 = CARTESIAN_POINT('',(1.535136204773,26.299951260706));
#2152 = CARTESIAN_POINT('',(1.743367530281,25.886202874332));
#2153 = CARTESIAN_POINT('',(1.847488802588,25.443102227833));
#2154 = CARTESIAN_POINT('',(1.847488577523,25.));
#2155 = ( GEOMETRIC_REPRESENTATION_CONTEXT(2) 
PARAMETRIC_REPRESENTATION_CONTEXT() REPRESENTATION_CONTEXT('2D SPACE',''
  ) );
#2156 = ADVANCED_FACE('',(#2157),#257,.T.);
#2157 = FACE_BOUND('',#2158,.T.);
#2158 = EDGE_LOOP('',(#2159,#2160,#2187));
#2159 = ORIENTED_EDGE('',*,*,#243,.F.);
#2160 = ORIENTED_EDGE('',*,*,#2161,.F.);
#2161 = EDGE_CURVE('',#2106,#204,#2162,.T.);
#2162 = SURFACE_CURVE('',#2163,(#2168,#2180),.PCURVE_S1.);
#2163 = CIRCLE('',#2164,2.2);
#2164 = AXIS2_PLACEMENT_3D('',#2165,#2166,#2167);
#2165 = CARTESIAN_POINT('',(203.,0.,134.38989221983));
#2166 = DIRECTION('',(0.,0.,1.));
#2167 = DIRECTION('',(1.,0.,-0.));
#2168 = PCURVE('',#257,#2169);
#2169 = DEFINITIONAL_REPRESENTATION('',(#2170),#2179);
#2170 = B_SPLINE_CURVE_WITH_KNOTS('',7,(#2171,#2172,#2173,#2174,#2175,
    #2176,#2177,#2178),.UNSPECIFIED.,.F.,.F.,(8,8),(0.,1.409870170657),
  .PIECEWISE_BEZIER_KNOTS.);
#2171 = CARTESIAN_POINT('',(1.847488577523,25.));
#2172 = CARTESIAN_POINT('',(1.847488802576,24.55689777232));
#2173 = CARTESIAN_POINT('',(1.743367530339,24.113797125581));
#2174 = CARTESIAN_POINT('',(1.535136204649,23.700048739556));
#2175 = CARTESIAN_POINT('',(1.233105998683,23.345036483632));
#2176 = CARTESIAN_POINT('',(0.858068946312,23.073199728009));
#2177 = CARTESIAN_POINT('',(0.437377075735,22.89942466572));
#2178 = CARTESIAN_POINT('',(4.440892098501E-16,22.828425525794));
#2179 = ( GEOMETRIC_REPRESENTATION_CONTEXT(2) 
PARAMETRIC_REPRESENTATION_CONTEXT() REPRESENTATION_CONTEXT('2D SPACE',''
  ) );
#2180 = PCURVE('',#227,#2181);
#2181 = DEFINITIONAL_REPRESENTATION('',(#2182),#2186);
#2182 = LINE('',#2183,#2184);
#2183 = CARTESIAN_POINT('',(0.,0.1));
#2184 = VECTOR('',#2185,1.);
#2185 = DIRECTION('',(1.,0.));
#2186 = ( GEOMETRIC_REPRESENTATION_CONTEXT(2) 
PARAMETRIC_REPRESENTATION_CONTEXT() REPRESENTATION_CONTEXT('2D SPACE',''
  ) );
#2187 = ORIENTED_EDGE('',*,*,#2130,.F.);
#2188 = ADVANCED_FACE('',(#2189),#227,.T.);
#2189 = FACE_BOUND('',#2190,.T.);
#2190 = EDGE_LOOP('',(#2191,#2192,#2193,#2194));
#2191 = ORIENTED_EDGE('',*,*,#1550,.F.);
#2192 = ORIENTED_EDGE('',*,*,#2105,.F.);
#2193 = ORIENTED_EDGE('',*,*,#2161,.T.);
#2194 = ORIENTED_EDGE('',*,*,#203,.F.);
#2195 = ADVANCED_FACE('',(#2196),#167,.T.);
#2196 = FACE_BOUND('',#2197,.T.);
#2197 = EDGE_LOOP('',(#2198,#2221,#2222,#2223));
#2198 = ORIENTED_EDGE('',*,*,#2199,.T.);
#2199 = EDGE_CURVE('',#2200,#1504,#2202,.T.);
#2200 = VERTEX_POINT('',#2201);
#2201 = CARTESIAN_POINT('',(205.2,20.,134.38989221983));
#2202 = SURFACE_CURVE('',#2203,(#2207,#2214),.PCURVE_S1.);
#2203 = LINE('',#2204,#2205);
#2204 = CARTESIAN_POINT('',(205.2,20.,134.28989221983));
#2205 = VECTOR('',#2206,1.);
#2206 = DIRECTION('',(0.,0.,1.));
#2207 = PCURVE('',#167,#2208);
#2208 = DEFINITIONAL_REPRESENTATION('',(#2209),#2213);
#2209 = LINE('',#2210,#2211);
#2210 = CARTESIAN_POINT('',(6.28318530718,-0.));
#2211 = VECTOR('',#2212,1.);
#2212 = DIRECTION('',(0.,1.));
#2213 = ( GEOMETRIC_REPRESENTATION_CONTEXT(2) 
PARAMETRIC_REPRESENTATION_CONTEXT() REPRESENTATION_CONTEXT('2D SPACE',''
  ) );
#2214 = PCURVE('',#102,#2215);
#2215 = DEFINITIONAL_REPRESENTATION('',(#2216),#2220);
#2216 = LINE('',#2217,#2218);
#2217 = CARTESIAN_POINT('',(0.,-0.));
#2218 = VECTOR('',#2219,1.);
#2219 = DIRECTION('',(0.,1.));
#2220 = ( GEOMETRIC_REPRESENTATION_CONTEXT(2) 
PARAMETRIC_REPRESENTATION_CONTEXT() REPRESENTATION_CONTEXT('2D SPACE',''
  ) );
#2221 = ORIENTED_EDGE('',*,*,#1527,.F.);
#2222 = ORIENTED_EDGE('',*,*,#143,.T.);
#2223 = ORIENTED_EDGE('',*,*,#2224,.T.);
#2224 = EDGE_CURVE('',#119,#2200,#2225,.T.);
#2225 = SURFACE_CURVE('',#2226,(#2231,#2238),.PCURVE_S1.);
#2226 = CIRCLE('',#2227,2.2);
#2227 = AXIS2_PLACEMENT_3D('',#2228,#2229,#2230);
#2228 = CARTESIAN_POINT('',(203.,20.,134.38989221983));
#2229 = DIRECTION('',(0.,0.,1.));
#2230 = DIRECTION('',(1.,0.,-0.));
#2231 = PCURVE('',#167,#2232);
#2232 = DEFINITIONAL_REPRESENTATION('',(#2233),#2237);
#2233 = LINE('',#2234,#2235);
#2234 = CARTESIAN_POINT('',(0.,0.1));
#2235 = VECTOR('',#2236,1.);
#2236 = DIRECTION('',(1.,0.));
#2237 = ( GEOMETRIC_REPRESENTATION_CONTEXT(2) 
PARAMETRIC_REPRESENTATION_CONTEXT() REPRESENTATION_CONTEXT('2D SPACE',''
  ) );
#2238 = PCURVE('',#132,#2239);
#2239 = DEFINITIONAL_REPRESENTATION('',(#2240),#2249);
#2240 = B_SPLINE_CURVE_WITH_KNOTS('',7,(#2241,#2242,#2243,#2244,#2245,
    #2246,#2247,#2248),.UNSPECIFIED.,.F.,.F.,(8,8),(4.873315136522,
    6.28318530718),.PIECEWISE_BEZIER_KNOTS.);
#2241 = CARTESIAN_POINT('',(3.10038453244E-15,7.171574474206));
#2242 = CARTESIAN_POINT('',(0.437377075724,7.100575334266));
#2243 = CARTESIAN_POINT('',(0.858068946372,6.926800272337));
#2244 = CARTESIAN_POINT('',(1.233105998588,6.654963516223));
#2245 = CARTESIAN_POINT('',(1.535136204773,6.299951260888));
#2246 = CARTESIAN_POINT('',(1.743367530281,5.886202874128));
#2247 = CARTESIAN_POINT('',(1.847488802588,5.443102227772));
#2248 = CARTESIAN_POINT('',(1.847488577523,5.));
#2249 = ( GEOMETRIC_REPRESENTATION_CONTEXT(2) 
PARAMETRIC_REPRESENTATION_CONTEXT() REPRESENTATION_CONTEXT('2D SPACE',''
  ) );
#2250 = ADVANCED_FACE('',(#2251),#132,.T.);
#2251 = FACE_BOUND('',#2252,.T.);
#2252 = EDGE_LOOP('',(#2253,#2254,#2281));
#2253 = ORIENTED_EDGE('',*,*,#118,.F.);
#2254 = ORIENTED_EDGE('',*,*,#2255,.F.);
#2255 = EDGE_CURVE('',#2200,#79,#2256,.T.);
#2256 = SURFACE_CURVE('',#2257,(#2262,#2274),.PCURVE_S1.);
#2257 = CIRCLE('',#2258,2.2);
#2258 = AXIS2_PLACEMENT_3D('',#2259,#2260,#2261);
#2259 = CARTESIAN_POINT('',(203.,20.,134.38989221983));
#2260 = DIRECTION('',(0.,0.,1.));
#2261 = DIRECTION('',(1.,0.,-0.));
#2262 = PCURVE('',#132,#2263);
#2263 = DEFINITIONAL_REPRESENTATION('',(#2264),#2273);
#2264 = B_SPLINE_CURVE_WITH_KNOTS('',7,(#2265,#2266,#2267,#2268,#2269,
    #2270,#2271,#2272),.UNSPECIFIED.,.F.,.F.,(8,8),(0.,1.409870170657),
  .PIECEWISE_BEZIER_KNOTS.);
#2265 = CARTESIAN_POINT('',(1.847488577523,5.));
#2266 = CARTESIAN_POINT('',(1.847488802576,4.556897772236));
#2267 = CARTESIAN_POINT('',(1.743367530339,4.113797125921));
#2268 = CARTESIAN_POINT('',(1.535136204649,3.700048738796));
#2269 = CARTESIAN_POINT('',(1.233105998683,3.345036483981));
#2270 = CARTESIAN_POINT('',(0.858068946312,3.073199727642));
#2271 = CARTESIAN_POINT('',(0.437377075735,2.899424665758));
#2272 = CARTESIAN_POINT('',(4.440892098501E-16,2.828425525794));
#2273 = ( GEOMETRIC_REPRESENTATION_CONTEXT(2) 
PARAMETRIC_REPRESENTATION_CONTEXT() REPRESENTATION_CONTEXT('2D SPACE',''
  ) );
#2274 = PCURVE('',#102,#2275);
#2275 = DEFINITIONAL_REPRESENTATION('',(#2276),#2280);
#2276 = LINE('',#2277,#2278);
#2277 = CARTESIAN_POINT('',(0.,0.1));
#2278 = VECTOR('',#2279,1.);
#2279 = DIRECTION('',(1.,0.));
#2280 = ( GEOMETRIC_REPRESENTATION_CONTEXT(2) 
PARAMETRIC_REPRESENTATION_CONTEXT() REPRESENTATION_CONTEXT('2D SPACE',''
  ) );
#2281 = ORIENTED_EDGE('',*,*,#2224,.F.);
#2282 = ADVANCED_FACE('',(#2283),#102,.T.);
#2283 = FACE_BOUND('',#2284,.T.);
#2284 = EDGE_LOOP('',(#2285,#2286,#2287,#2288));
#2285 = ORIENTED_EDGE('',*,*,#1503,.F.);
#2286 = ORIENTED_EDGE('',*,*,#2199,.F.);
#2287 = ORIENTED_EDGE('',*,*,#2255,.T.);
#2288 = ORIENTED_EDGE('',*,*,#78,.F.);
#2289 = ADVANCED_FACE('',(#2290),#395,.T.);
#2290 = FACE_BOUND('',#2291,.T.);
#2291 = EDGE_LOOP('',(#2292,#2315,#2316,#2336,#2356,#2376,#2404,#2432,
    #2455,#2619,#2699,#2863,#2886,#2921));
#2292 = ORIENTED_EDGE('',*,*,#2293,.T.);
#2293 = EDGE_CURVE('',#2294,#380,#2296,.T.);
#2294 = VERTEX_POINT('',#2295);
#2295 = CARTESIAN_POINT('',(225.,16.798113692754,134.38989221983));
#2296 = SURFACE_CURVE('',#2297,(#2301,#2308),.PCURVE_S1.);
#2297 = LINE('',#2298,#2299);
#2298 = CARTESIAN_POINT('',(225.,-10.,134.38989221983));
#2299 = VECTOR('',#2300,1.);
#2300 = DIRECTION('',(-0.,1.,0.));
#2301 = PCURVE('',#395,#2302);
#2302 = DEFINITIONAL_REPRESENTATION('',(#2303),#2307);
#2303 = B_SPLINE_CURVE_WITH_KNOTS('',2,(#2304,#2305,#2306),
  .UNSPECIFIED.,.F.,.F.,(3,3),(26.798113692754,35.),
  .PIECEWISE_BEZIER_KNOTS.);
#2304 = CARTESIAN_POINT('',(21.647488577523,8.201886307246));
#2305 = CARTESIAN_POINT('',(21.647488577523,4.100943153623));
#2306 = CARTESIAN_POINT('',(21.647488577523,0.));
#2307 = ( GEOMETRIC_REPRESENTATION_CONTEXT(2) 
PARAMETRIC_REPRESENTATION_CONTEXT() REPRESENTATION_CONTEXT('2D SPACE',''
  ) );
#2308 = PCURVE('',#420,#2309);
#2309 = DEFINITIONAL_REPRESENTATION('',(#2310),#2314);
#2310 = LINE('',#2311,#2312);
#2311 = CARTESIAN_POINT('',(0.,0.));
#2312 = VECTOR('',#2313,1.);
#2313 = DIRECTION('',(0.,-1.));
#2314 = ( GEOMETRIC_REPRESENTATION_CONTEXT(2) 
PARAMETRIC_REPRESENTATION_CONTEXT() REPRESENTATION_CONTEXT('2D SPACE',''
  ) );
#2315 = ORIENTED_EDGE('',*,*,#379,.T.);
#2316 = ORIENTED_EDGE('',*,*,#2317,.T.);
#2317 = EDGE_CURVE('',#382,#2318,#2320,.T.);
#2318 = VERTEX_POINT('',#2319);
#2319 = CARTESIAN_POINT('',(233.35251142247,-20.,134.38989221983));
#2320 = SURFACE_CURVE('',#2321,(#2324,#2330),.PCURVE_S1.);
#2321 = B_SPLINE_CURVE_WITH_KNOTS('',1,(#2322,#2323),.UNSPECIFIED.,.F.,
  .F.,(2,2),(0.,45.),.PIECEWISE_BEZIER_KNOTS.);
#2322 = CARTESIAN_POINT('',(233.35251142247,25.,134.38989221983));
#2323 = CARTESIAN_POINT('',(233.35251142247,-20.,134.38989221983));
#2324 = PCURVE('',#395,#2325);
#2325 = DEFINITIONAL_REPRESENTATION('',(#2326),#2329);
#2326 = B_SPLINE_CURVE_WITH_KNOTS('',1,(#2327,#2328),.UNSPECIFIED.,.F.,
  .F.,(2,2),(0.,45.),.PIECEWISE_BEZIER_KNOTS.);
#2327 = CARTESIAN_POINT('',(30.,0.));
#2328 = CARTESIAN_POINT('',(30.,45.));
#2329 = ( GEOMETRIC_REPRESENTATION_CONTEXT(2) 
PARAMETRIC_REPRESENTATION_CONTEXT() REPRESENTATION_CONTEXT('2D SPACE',''
  ) );
#2330 = PCURVE('',#482,#2331);
#2331 = DEFINITIONAL_REPRESENTATION('',(#2332),#2335);
#2332 = B_SPLINE_CURVE_WITH_KNOTS('',1,(#2333,#2334),.UNSPECIFIED.,.F.,
  .F.,(2,2),(0.,45.),.PIECEWISE_BEZIER_KNOTS.);
#2333 = CARTESIAN_POINT('',(0.,0.));
#2334 = CARTESIAN_POINT('',(0.,-45.));
#2335 = ( GEOMETRIC_REPRESENTATION_CONTEXT(2) 
PARAMETRIC_REPRESENTATION_CONTEXT() REPRESENTATION_CONTEXT('2D SPACE',''
  ) );
#2336 = ORIENTED_EDGE('',*,*,#2337,.F.);
#2337 = EDGE_CURVE('',#2338,#2318,#2340,.T.);
#2338 = VERTEX_POINT('',#2339);
#2339 = CARTESIAN_POINT('',(203.35251142247,-20.,134.38989221983));
#2340 = SURFACE_CURVE('',#2341,(#2344,#2350),.PCURVE_S1.);
#2341 = B_SPLINE_CURVE_WITH_KNOTS('',1,(#2342,#2343),.UNSPECIFIED.,.F.,
  .F.,(2,2),(0.,30.),.PIECEWISE_BEZIER_KNOTS.);
#2342 = CARTESIAN_POINT('',(203.35251142247,-20.,134.38989221983));
#2343 = CARTESIAN_POINT('',(233.35251142247,-20.,134.38989221983));
#2344 = PCURVE('',#395,#2345);
#2345 = DEFINITIONAL_REPRESENTATION('',(#2346),#2349);
#2346 = B_SPLINE_CURVE_WITH_KNOTS('',1,(#2347,#2348),.UNSPECIFIED.,.F.,
  .F.,(2,2),(0.,30.),.PIECEWISE_BEZIER_KNOTS.);
#2347 = CARTESIAN_POINT('',(0.,45.));
#2348 = CARTESIAN_POINT('',(30.,45.));
#2349 = ( GEOMETRIC_REPRESENTATION_CONTEXT(2) 
PARAMETRIC_REPRESENTATION_CONTEXT() REPRESENTATION_CONTEXT('2D SPACE',''
  ) );
#2350 = PCURVE('',#532,#2351);
#2351 = DEFINITIONAL_REPRESENTATION('',(#2352),#2355);
#2352 = B_SPLINE_CURVE_WITH_KNOTS('',1,(#2353,#2354),.UNSPECIFIED.,.F.,
  .F.,(2,2),(0.,30.),.PIECEWISE_BEZIER_KNOTS.);
#2353 = CARTESIAN_POINT('',(0.,0.));
#2354 = CARTESIAN_POINT('',(0.,30.));
#2355 = ( GEOMETRIC_REPRESENTATION_CONTEXT(2) 
PARAMETRIC_REPRESENTATION_CONTEXT() REPRESENTATION_CONTEXT('2D SPACE',''
  ) );
#2356 = ORIENTED_EDGE('',*,*,#2357,.F.);
#2357 = EDGE_CURVE('',#2358,#2338,#2360,.T.);
#2358 = VERTEX_POINT('',#2359);
#2359 = CARTESIAN_POINT('',(203.35251142247,-10.,134.38989221983));
#2360 = SURFACE_CURVE('',#2361,(#2364,#2370),.PCURVE_S1.);
#2361 = B_SPLINE_CURVE_WITH_KNOTS('',1,(#2362,#2363),.UNSPECIFIED.,.F.,
  .F.,(2,2),(0.,45.),.PIECEWISE_BEZIER_KNOTS.);
#2362 = CARTESIAN_POINT('',(203.35251142247,25.,134.38989221983));
#2363 = CARTESIAN_POINT('',(203.35251142247,-20.,134.38989221983));
#2364 = PCURVE('',#395,#2365);
#2365 = DEFINITIONAL_REPRESENTATION('',(#2366),#2369);
#2366 = B_SPLINE_CURVE_WITH_KNOTS('',1,(#2367,#2368),.UNSPECIFIED.,.F.,
  .F.,(2,2),(0.,45.),.PIECEWISE_BEZIER_KNOTS.);
#2367 = CARTESIAN_POINT('',(0.,0.));
#2368 = CARTESIAN_POINT('',(0.,45.));
#2369 = ( GEOMETRIC_REPRESENTATION_CONTEXT(2) 
PARAMETRIC_REPRESENTATION_CONTEXT() REPRESENTATION_CONTEXT('2D SPACE',''
  ) );
#2370 = PCURVE('',#557,#2371);
#2371 = DEFINITIONAL_REPRESENTATION('',(#2372),#2375);
#2372 = B_SPLINE_CURVE_WITH_KNOTS('',1,(#2373,#2374),.UNSPECIFIED.,.F.,
  .F.,(2,2),(0.,45.),.PIECEWISE_BEZIER_KNOTS.);
#2373 = CARTESIAN_POINT('',(0.,0.));
#2374 = CARTESIAN_POINT('',(0.,-45.));
#2375 = ( GEOMETRIC_REPRESENTATION_CONTEXT(2) 
PARAMETRIC_REPRESENTATION_CONTEXT() REPRESENTATION_CONTEXT('2D SPACE',''
  ) );
#2376 = ORIENTED_EDGE('',*,*,#2377,.T.);
#2377 = EDGE_CURVE('',#2358,#2378,#2380,.T.);
#2378 = VERTEX_POINT('',#2379);
#2379 = CARTESIAN_POINT('',(225.,-10.,134.38989221983));
#2380 = SURFACE_CURVE('',#2381,(#2385,#2392),.PCURVE_S1.);
#2381 = LINE('',#2382,#2383);
#2382 = CARTESIAN_POINT('',(195.,-10.,134.38989221983));
#2383 = VECTOR('',#2384,1.);
#2384 = DIRECTION('',(1.,0.,-0.));
#2385 = PCURVE('',#395,#2386);
#2386 = DEFINITIONAL_REPRESENTATION('',(#2387),#2391);
#2387 = B_SPLINE_CURVE_WITH_KNOTS('',2,(#2388,#2389,#2390),
  .UNSPECIFIED.,.F.,.F.,(3,3),(8.352511422477,30.),
  .PIECEWISE_BEZIER_KNOTS.);
#2388 = CARTESIAN_POINT('',(3.10038453244E-15,35.));
#2389 = CARTESIAN_POINT('',(10.823744288761,35.));
#2390 = CARTESIAN_POINT('',(21.647488577523,35.));
#2391 = ( GEOMETRIC_REPRESENTATION_CONTEXT(2) 
PARAMETRIC_REPRESENTATION_CONTEXT() REPRESENTATION_CONTEXT('2D SPACE',''
  ) );
#2392 = PCURVE('',#2393,#2398);
#2393 = PLANE('',#2394);
#2394 = AXIS2_PLACEMENT_3D('',#2395,#2396,#2397);
#2395 = CARTESIAN_POINT('',(195.,-10.,134.38989221983));
#2396 = DIRECTION('',(-0.,1.,0.));
#2397 = DIRECTION('',(0.,0.,1.));
#2398 = DEFINITIONAL_REPRESENTATION('',(#2399),#2403);
#2399 = LINE('',#2400,#2401);
#2400 = CARTESIAN_POINT('',(0.,0.));
#2401 = VECTOR('',#2402,1.);
#2402 = DIRECTION('',(0.,1.));
#2403 = ( GEOMETRIC_REPRESENTATION_CONTEXT(2) 
PARAMETRIC_REPRESENTATION_CONTEXT() REPRESENTATION_CONTEXT('2D SPACE',''
  ) );
#2404 = ORIENTED_EDGE('',*,*,#2405,.T.);
#2405 = EDGE_CURVE('',#2378,#2406,#2408,.T.);
#2406 = VERTEX_POINT('',#2407);
#2407 = CARTESIAN_POINT('',(225.,-8.,134.38989221983));
#2408 = SURFACE_CURVE('',#2409,(#2413,#2420),.PCURVE_S1.);
#2409 = LINE('',#2410,#2411);
#2410 = CARTESIAN_POINT('',(225.,-10.,134.38989221983));
#2411 = VECTOR('',#2412,1.);
#2412 = DIRECTION('',(-0.,1.,0.));
#2413 = PCURVE('',#395,#2414);
#2414 = DEFINITIONAL_REPRESENTATION('',(#2415),#2419);
#2415 = B_SPLINE_CURVE_WITH_KNOTS('',2,(#2416,#2417,#2418),
  .UNSPECIFIED.,.F.,.F.,(3,3),(0.,2.),.PIECEWISE_BEZIER_KNOTS.);
#2416 = CARTESIAN_POINT('',(21.647488577523,35.));
#2417 = CARTESIAN_POINT('',(21.647488577523,34.));
#2418 = CARTESIAN_POINT('',(21.647488577523,33.));
#2419 = ( GEOMETRIC_REPRESENTATION_CONTEXT(2) 
PARAMETRIC_REPRESENTATION_CONTEXT() REPRESENTATION_CONTEXT('2D SPACE',''
  ) );
#2420 = PCURVE('',#2421,#2426);
#2421 = PLANE('',#2422);
#2422 = AXIS2_PLACEMENT_3D('',#2423,#2424,#2425);
#2423 = CARTESIAN_POINT('',(225.,-10.,134.38989221983));
#2424 = DIRECTION('',(1.,0.,-0.));
#2425 = DIRECTION('',(0.,0.,1.));
#2426 = DEFINITIONAL_REPRESENTATION('',(#2427),#2431);
#2427 = LINE('',#2428,#2429);
#2428 = CARTESIAN_POINT('',(0.,0.));
#2429 = VECTOR('',#2430,1.);
#2430 = DIRECTION('',(0.,-1.));
#2431 = ( GEOMETRIC_REPRESENTATION_CONTEXT(2) 
PARAMETRIC_REPRESENTATION_CONTEXT() REPRESENTATION_CONTEXT('2D SPACE',''
  ) );
#2432 = ORIENTED_EDGE('',*,*,#2433,.T.);
#2433 = EDGE_CURVE('',#2406,#2434,#2436,.T.);
#2434 = VERTEX_POINT('',#2435);
#2435 = CARTESIAN_POINT('',(225.,1.970090832411,134.38989221983));
#2436 = SURFACE_CURVE('',#2437,(#2441,#2448),.PCURVE_S1.);
#2437 = LINE('',#2438,#2439);
#2438 = CARTESIAN_POINT('',(225.,-10.,134.38989221983));
#2439 = VECTOR('',#2440,1.);
#2440 = DIRECTION('',(-0.,1.,0.));
#2441 = PCURVE('',#395,#2442);
#2442 = DEFINITIONAL_REPRESENTATION('',(#2443),#2447);
#2443 = B_SPLINE_CURVE_WITH_KNOTS('',2,(#2444,#2445,#2446),
  .UNSPECIFIED.,.F.,.F.,(3,3),(2.,11.970090832411),
  .PIECEWISE_BEZIER_KNOTS.);
#2444 = CARTESIAN_POINT('',(21.647488577523,33.));
#2445 = CARTESIAN_POINT('',(21.647488577523,28.014954583795));
#2446 = CARTESIAN_POINT('',(21.647488577523,23.029909167589));
#2447 = ( GEOMETRIC_REPRESENTATION_CONTEXT(2) 
PARAMETRIC_REPRESENTATION_CONTEXT() REPRESENTATION_CONTEXT('2D SPACE',''
  ) );
#2448 = PCURVE('',#1300,#2449);
#2449 = DEFINITIONAL_REPRESENTATION('',(#2450),#2454);
#2450 = LINE('',#2451,#2452);
#2451 = CARTESIAN_POINT('',(0.,0.));
#2452 = VECTOR('',#2453,1.);
#2453 = DIRECTION('',(0.,-1.));
#2454 = ( GEOMETRIC_REPRESENTATION_CONTEXT(2) 
PARAMETRIC_REPRESENTATION_CONTEXT() REPRESENTATION_CONTEXT('2D SPACE',''
  ) );
#2455 = ORIENTED_EDGE('',*,*,#2456,.T.);
#2456 = EDGE_CURVE('',#2434,#2457,#2459,.T.);
#2457 = VERTEX_POINT('',#2458);
#2458 = CARTESIAN_POINT('',(228.05251142247,3.,134.38989221983));
#2459 = SURFACE_CURVE('',#2460,(#2511,#2565),.PCURVE_S1.);
#2460 = B_SPLINE_CURVE_WITH_KNOTS('',7,(#2461,#2462,#2463,#2464,#2465,
    #2466,#2467,#2468,#2469,#2470,#2471,#2472,#2473,#2474,#2475,#2476,
    #2477,#2478,#2479,#2480,#2481,#2482,#2483,#2484,#2485,#2486,#2487,
    #2488,#2489,#2490,#2491,#2492,#2493,#2494,#2495,#2496,#2497,#2498,
    #2499,#2500,#2501,#2502,#2503,#2504,#2505,#2506,#2507,#2508,#2509,
    #2510),.UNSPECIFIED.,.F.,.F.,(8,6,6,6,6,6,6,6,8),(0.,0.134733618226,
    0.257299988451,0.44063391393,0.53190728642,0.622478678856,
    0.703300240491,0.829279375577,1.),.UNSPECIFIED.);
#2461 = CARTESIAN_POINT('',(225.39443161629,4.404308757002,
    134.38989221983));
#2462 = CARTESIAN_POINT('',(225.28324762747,4.328454259956,
    134.38989221983));
#2463 = CARTESIAN_POINT('',(225.17905296967,4.242317953801,
    134.38989221983));
#2464 = CARTESIAN_POINT('',(225.08302104974,4.146692433925,
    134.38989221983));
#2465 = CARTESIAN_POINT('',(224.99616751452,4.042516980638,
    134.38989221983));
#2466 = CARTESIAN_POINT('',(224.91937426804,3.930848241106,
    134.38989221983));
#2467 = CARTESIAN_POINT('',(224.85338424016,3.812855294045,
    134.38989221983));
#2468 = CARTESIAN_POINT('',(224.74908184385,3.57793199539,
    134.38989221983));
#2469 = CARTESIAN_POINT('',(224.70879457755,3.461837373267,
    134.38989221983));
#2470 = CARTESIAN_POINT('',(224.67833974762,3.342524467171,
    134.38989221983));
#2471 = CARTESIAN_POINT('',(224.65800974424,3.2209927217,134.38989221983
    ));
#2472 = CARTESIAN_POINT('',(224.64797550302,3.098264158081,
    134.38989221983));
#2473 = CARTESIAN_POINT('',(224.64828573654,2.975379220426,
    134.38989221983));
#2474 = CARTESIAN_POINT('',(224.67463848133,2.670934595109,
    134.38989221983));
#2475 = CARTESIAN_POINT('',(224.71337444535,2.490358125267,
    134.38989221983));
#2476 = CARTESIAN_POINT('',(224.77477954165,2.315312540474,
    134.38989221983));
#2477 = CARTESIAN_POINT('',(224.85782405544,2.149150145849,
    134.38989221983));
#2478 = CARTESIAN_POINT('',(224.96096442551,1.994961006318,
    134.38989221983));
#2479 = CARTESIAN_POINT('',(225.08213706917,1.855583026617,
    134.38989221983));
#2480 = CARTESIAN_POINT('',(225.28651821552,1.672607092443,
    134.38989221983));
#2481 = CARTESIAN_POINT('',(225.35825779033,1.61603897385,
    134.38989221983));
#2482 = CARTESIAN_POINT('',(225.4334818848,1.5640087788,134.38989221983)
  );
#2483 = CARTESIAN_POINT('',(225.51184505776,1.516771730229,
    134.38989221983));
#2484 = CARTESIAN_POINT('',(225.59298064065,1.47454882391,
    134.38989221983));
#2485 = CARTESIAN_POINT('',(225.67650165412,1.437526280078,
    134.38989221983));
#2486 = CARTESIAN_POINT('',(225.8468442174,1.374427292687,
    134.38989221983));
#2487 = CARTESIAN_POINT('',(225.93364076666,1.348266879351,
    134.38989221983));
#2488 = CARTESIAN_POINT('',(226.02199416452,1.327520494481,
    134.38989221983));
#2489 = CARTESIAN_POINT('',(226.11149909416,1.312296697889,
    134.38989221983));
#2490 = CARTESIAN_POINT('',(226.20174313008,1.302665658125,
    134.38989221983));
#2491 = CARTESIAN_POINT('',(226.29230773833,1.298658940838,
    134.38989221983));
#2492 = CARTESIAN_POINT('',(226.46349280988,1.301706301773,
    134.38989221983));
#2493 = CARTESIAN_POINT('',(226.54413872079,1.307616145167,
    134.38989221983));
#2494 = CARTESIAN_POINT('',(226.62440650835,1.31799337086,
    134.38989221983));
#2495 = CARTESIAN_POINT('',(226.7039995215,1.332807954937,
    134.38989221983));
#2496 = CARTESIAN_POINT('',(226.78262548166,1.352005463892,
    134.38989221983));
#2497 = CARTESIAN_POINT('',(226.85999700511,1.375507212488,
    134.38989221983));
#2498 = CARTESIAN_POINT('',(227.05403873586,1.446392293592,
    134.38989221983));
#2499 = CARTESIAN_POINT('',(227.16853042315,1.499788486287,
    134.38989221983));
#2500 = CARTESIAN_POINT('',(227.27822142621,1.563007218636,
    134.38989221983));
#2501 = CARTESIAN_POINT('',(227.38211276768,1.635518910844,
    134.38989221983));
#2502 = CARTESIAN_POINT('',(227.47928188231,1.71667988142,
    134.38989221983));
#2503 = CARTESIAN_POINT('',(227.56888678027,1.805735054561,
    134.38989221983));
#2504 = CARTESIAN_POINT('',(227.76035568215,2.031981651934,
    134.38989221983));
#2505 = CARTESIAN_POINT('',(227.85533710719,2.17511377998,
    134.38989221983));
#2506 = CARTESIAN_POINT('',(227.93321097673,2.328974427169,
    134.38989221983));
#2507 = CARTESIAN_POINT('',(227.99260213035,2.491091526089,
    134.38989221983));
#2508 = CARTESIAN_POINT('',(228.03255092083,2.658843652446,
    134.38989221983));
#2509 = CARTESIAN_POINT('',(228.05251142247,2.829456854805,
    134.38989221983));
#2510 = CARTESIAN_POINT('',(228.05251142247,3.,134.38989221983));
#2511 = PCURVE('',#395,#2512);
#2512 = DEFINITIONAL_REPRESENTATION('',(#2513),#2564);
#2513 = B_SPLINE_CURVE_WITH_KNOTS('',7,(#2514,#2515,#2516,#2517,#2518,
    #2519,#2520,#2521,#2522,#2523,#2524,#2525,#2526,#2527,#2528,#2529,
    #2530,#2531,#2532,#2533,#2534,#2535,#2536,#2537,#2538,#2539,#2540,
    #2541,#2542,#2543,#2544,#2545,#2546,#2547,#2548,#2549,#2550,#2551,
    #2552,#2553,#2554,#2555,#2556,#2557,#2558,#2559,#2560,#2561,#2562,
    #2563),.UNSPECIFIED.,.F.,.F.,(8,6,6,6,6,6,6,6,8),(0.,0.134733618226,
    0.257299988451,0.44063391393,0.53190728642,0.622478678856,
    0.703300240491,0.829279375577,1.),.UNSPECIFIED.);
#2514 = CARTESIAN_POINT('',(22.041920193821,20.595691242998));
#2515 = CARTESIAN_POINT('',(21.930736205,20.671545740044));
#2516 = CARTESIAN_POINT('',(21.826541547199,20.757682046199));
#2517 = CARTESIAN_POINT('',(21.730509627263,20.853307566075));
#2518 = CARTESIAN_POINT('',(21.643656092044,20.957483019362));
#2519 = CARTESIAN_POINT('',(21.566862845564,21.069151758894));
#2520 = CARTESIAN_POINT('',(21.50087281769,21.187144705955));
#2521 = CARTESIAN_POINT('',(21.396570421373,21.42206800461));
#2522 = CARTESIAN_POINT('',(21.356283155078,21.538162626733));
#2523 = CARTESIAN_POINT('',(21.325828325144,21.657475532829));
#2524 = CARTESIAN_POINT('',(21.30549832177,21.7790072783));
#2525 = CARTESIAN_POINT('',(21.29546408055,21.901735841919));
#2526 = CARTESIAN_POINT('',(21.295774314072,22.024620779574));
#2527 = CARTESIAN_POINT('',(21.322127058859,22.329065404891));
#2528 = CARTESIAN_POINT('',(21.360863022873,22.509641874734));
#2529 = CARTESIAN_POINT('',(21.422268119173,22.684687459526));
#2530 = CARTESIAN_POINT('',(21.505312632966,22.850849854152));
#2531 = CARTESIAN_POINT('',(21.608453003039,23.005038993682));
#2532 = CARTESIAN_POINT('',(21.729625646702,23.144416973383));
#2533 = CARTESIAN_POINT('',(21.934006793045,23.327392907557));
#2534 = CARTESIAN_POINT('',(22.005746367853,23.38396102615));
#2535 = CARTESIAN_POINT('',(22.080970462328,23.4359912212));
#2536 = CARTESIAN_POINT('',(22.159333635291,23.483228269771));
#2537 = CARTESIAN_POINT('',(22.240469218178,23.52545117609));
#2538 = CARTESIAN_POINT('',(22.323990231646,23.562473719922));
#2539 = CARTESIAN_POINT('',(22.494332794926,23.625572707313));
#2540 = CARTESIAN_POINT('',(22.581129344189,23.651733120649));
#2541 = CARTESIAN_POINT('',(22.669482742051,23.672479505519));
#2542 = CARTESIAN_POINT('',(22.75898767169,23.687703302111));
#2543 = CARTESIAN_POINT('',(22.849231707608,23.697334341875));
#2544 = CARTESIAN_POINT('',(22.939796315856,23.701341059162));
#2545 = CARTESIAN_POINT('',(23.110981387411,23.698293698227));
#2546 = CARTESIAN_POINT('',(23.191627298322,23.692383854833));
#2547 = CARTESIAN_POINT('',(23.271895085874,23.68200662914));
#2548 = CARTESIAN_POINT('',(23.351488099024,23.667192045063));
#2549 = CARTESIAN_POINT('',(23.430114059188,23.647994536108));
#2550 = CARTESIAN_POINT('',(23.507485582633,23.624492787512));
#2551 = CARTESIAN_POINT('',(23.701527313384,23.553607706408));
#2552 = CARTESIAN_POINT('',(23.816019000674,23.500211513713));
#2553 = CARTESIAN_POINT('',(23.925710003737,23.436992781364));
#2554 = CARTESIAN_POINT('',(24.029601345206,23.364481089156));
#2555 = CARTESIAN_POINT('',(24.126770459839,23.28332011858));
#2556 = CARTESIAN_POINT('',(24.216375357802,23.194264945439));
#2557 = CARTESIAN_POINT('',(24.407844259675,22.968018348066));
#2558 = CARTESIAN_POINT('',(24.502825684718,22.824886220021));
#2559 = CARTESIAN_POINT('',(24.580699554257,22.671025572831));
#2560 = CARTESIAN_POINT('',(24.640090707877,22.508908473911));
#2561 = CARTESIAN_POINT('',(24.680039498352,22.341156347554));
#2562 = CARTESIAN_POINT('',(24.7,22.170543145195));
#2563 = CARTESIAN_POINT('',(24.7,22.));
#2564 = ( GEOMETRIC_REPRESENTATION_CONTEXT(2) 
PARAMETRIC_REPRESENTATION_CONTEXT() REPRESENTATION_CONTEXT('2D SPACE',''
  ) );
#2565 = PCURVE('',#1037,#2566);
#2566 = DEFINITIONAL_REPRESENTATION('',(#2567),#2618);
#2567 = B_SPLINE_CURVE_WITH_KNOTS('',7,(#2568,#2569,#2570,#2571,#2572,
    #2573,#2574,#2575,#2576,#2577,#2578,#2579,#2580,#2581,#2582,#2583,
    #2584,#2585,#2586,#2587,#2588,#2589,#2590,#2591,#2592,#2593,#2594,
    #2595,#2596,#2597,#2598,#2599,#2600,#2601,#2602,#2603,#2604,#2605,
    #2606,#2607,#2608,#2609,#2610,#2611,#2612,#2613,#2614,#2615,#2616,
    #2617),.UNSPECIFIED.,.F.,.F.,(8,6,6,6,6,6,6,6,8),(0.,0.134733618226,
    0.257299988451,0.44063391393,0.53190728642,0.622478678856,
    0.703300240491,0.829279375577,1.),.UNSPECIFIED.);
#2568 = CARTESIAN_POINT('',(2.169505159378,60.));
#2569 = CARTESIAN_POINT('',(2.248678623381,60.));
#2570 = CARTESIAN_POINT('',(2.327864187653,60.));
#2571 = CARTESIAN_POINT('',(2.407040776609,60.));
#2572 = CARTESIAN_POINT('',(2.48621219335,60.));
#2573 = CARTESIAN_POINT('',(2.565390333821,60.));
#2574 = CARTESIAN_POINT('',(2.64457811771,60.));
#2575 = CARTESIAN_POINT('',(2.795776269197,60.));
#2576 = CARTESIAN_POINT('',(2.867808361317,60.));
#2577 = CARTESIAN_POINT('',(2.939834522226,60.));
#2578 = CARTESIAN_POINT('',(3.011856861552,60.));
#2579 = CARTESIAN_POINT('',(3.083882810658,60.));
#2580 = CARTESIAN_POINT('',(3.155914399947,60.));
#2581 = CARTESIAN_POINT('',(3.335669131963,60.));
#2582 = CARTESIAN_POINT('',(3.443459905747,60.));
#2583 = CARTESIAN_POINT('',(3.55120136937,60.));
#2584 = CARTESIAN_POINT('',(3.658929044104,60.));
#2585 = CARTESIAN_POINT('',(3.766671468238,60.));
#2586 = CARTESIAN_POINT('',(3.874463378259,60.));
#2587 = CARTESIAN_POINT('',(4.035828494854,60.));
#2588 = CARTESIAN_POINT('',(4.089464360546,60.));
#2589 = CARTESIAN_POINT('',(4.143098833471,60.));
#2590 = CARTESIAN_POINT('',(4.196732392842,60.));
#2591 = CARTESIAN_POINT('',(4.250366710115,60.));
#2592 = CARTESIAN_POINT('',(4.304002287735,60.));
#2593 = CARTESIAN_POINT('',(4.410857412426,60.));
#2594 = CARTESIAN_POINT('',(4.464080355908,60.));
#2595 = CARTESIAN_POINT('',(4.517302033494,60.));
#2596 = CARTESIAN_POINT('',(4.570522930527,60.));
#2597 = CARTESIAN_POINT('',(4.623744634606,60.));
#2598 = CARTESIAN_POINT('',(4.676967557669,60.));
#2599 = CARTESIAN_POINT('',(4.777680612547,60.));
#2600 = CARTESIAN_POINT('',(4.825173749117,60.));
#2601 = CARTESIAN_POINT('',(4.872666223101,60.));
#2602 = CARTESIAN_POINT('',(4.92015821413,60.));
#2603 = CARTESIAN_POINT('',(4.967650618209,60.));
#2604 = CARTESIAN_POINT('',(5.015143739776,60.));
#2605 = CARTESIAN_POINT('',(5.136663652844,60.));
#2606 = CARTESIAN_POINT('',(5.210700271782,60.));
#2607 = CARTESIAN_POINT('',(5.284730253941,60.));
#2608 = CARTESIAN_POINT('',(5.358756183458,60.));
#2609 = CARTESIAN_POINT('',(5.432786663974,60.));
#2610 = CARTESIAN_POINT('',(5.506824107597,60.));
#2611 = CARTESIAN_POINT('',(5.681171991154,60.));
#2612 = CARTESIAN_POINT('',(5.781534427046,60.));
#2613 = CARTESIAN_POINT('',(5.881862286368,60.));
#2614 = CARTESIAN_POINT('',(5.982178388022,60.));
#2615 = CARTESIAN_POINT('',(6.082505080092,60.));
#2616 = CARTESIAN_POINT('',(6.182865810006,60.));
#2617 = CARTESIAN_POINT('',(6.28318530718,60.));
#2618 = ( GEOMETRIC_REPRESENTATION_CONTEXT(2) 
PARAMETRIC_REPRESENTATION_CONTEXT() REPRESENTATION_CONTEXT('2D SPACE',''
  ) );
#2619 = ORIENTED_EDGE('',*,*,#2620,.T.);
#2620 = EDGE_CURVE('',#2457,#2621,#2623,.T.);
#2621 = VERTEX_POINT('',#2622);
#2622 = CARTESIAN_POINT('',(225.39443161629,4.404308757002,
    134.38989221983));
#2623 = SURFACE_CURVE('',#2624,(#2647,#2673),.PCURVE_S1.);
#2624 = B_SPLINE_CURVE_WITH_KNOTS('',6,(#2625,#2626,#2627,#2628,#2629,
    #2630,#2631,#2632,#2633,#2634,#2635,#2636,#2637,#2638,#2639,#2640,
    #2641,#2642,#2643,#2644,#2645,#2646),.UNSPECIFIED.,.F.,.F.,(7,5,5,5,
    7),(0.,0.270538620571,0.476734454155,0.739747011474,1.),
  .UNSPECIFIED.);
#2625 = CARTESIAN_POINT('',(228.05251142247,3.,134.38989221983));
#2626 = CARTESIAN_POINT('',(228.05251142247,3.166290049587,
    134.38989221983));
#2627 = CARTESIAN_POINT('',(228.03299196579,3.332621366269,
    134.38989221983));
#2628 = CARTESIAN_POINT('',(227.99393606513,3.496037119635,
    134.38989221983));
#2629 = CARTESIAN_POINT('',(227.9359523678,3.653733302865,
    134.38989221983));
#2630 = CARTESIAN_POINT('',(227.86008650767,3.803038207963,
    134.38989221983));
#2631 = CARTESIAN_POINT('',(227.69779747711,4.047028678688,
    134.38989221983));
#2632 = CARTESIAN_POINT('',(227.61815794928,4.146287125192,
    134.38989221983));
#2633 = CARTESIAN_POINT('',(227.52978447657,4.238196630177,
    134.38989221983));
#2634 = CARTESIAN_POINT('',(227.43353707752,4.321823798873,
    134.38989221983));
#2635 = CARTESIAN_POINT('',(227.33039159253,4.396357177899,
    134.38989221983));
#2636 = CARTESIAN_POINT('',(227.08251131011,4.543772974555,
    134.38989221983));
#2637 = CARTESIAN_POINT('',(226.93410267475,4.610568364828,
    134.38989221983));
#2638 = CARTESIAN_POINT('',(226.7785576769,4.660127068109,
    134.38989221983));
#2639 = CARTESIAN_POINT('',(226.61837051881,4.69159610041,
    134.38989221983));
#2640 = CARTESIAN_POINT('',(226.4561379436,4.704522288049,
    134.38989221983));
#2641 = CARTESIAN_POINT('',(226.13469647788,4.693560094853,
    134.38989221983));
#2642 = CARTESIAN_POINT('',(225.97540562107,4.670054240174,
    134.38989221983));
#2643 = CARTESIAN_POINT('',(225.81932118044,4.628570929555,
    134.38989221983));
#2644 = CARTESIAN_POINT('',(225.66892461645,4.569713238871,
    134.38989221983));
#2645 = CARTESIAN_POINT('',(225.52657401488,4.494461982209,
    134.38989221983));
#2646 = CARTESIAN_POINT('',(225.39443161629,4.404308757002,
    134.38989221983));
#2647 = PCURVE('',#395,#2648);
#2648 = DEFINITIONAL_REPRESENTATION('',(#2649),#2672);
#2649 = B_SPLINE_CURVE_WITH_KNOTS('',6,(#2650,#2651,#2652,#2653,#2654,
    #2655,#2656,#2657,#2658,#2659,#2660,#2661,#2662,#2663,#2664,#2665,
    #2666,#2667,#2668,#2669,#2670,#2671),.UNSPECIFIED.,.F.,.F.,(7,5,5,5,
    7),(0.,0.270538620571,0.476734454155,0.739747011474,1.),
  .UNSPECIFIED.);
#2650 = CARTESIAN_POINT('',(24.7,22.));
#2651 = CARTESIAN_POINT('',(24.7,21.833709950413));
#2652 = CARTESIAN_POINT('',(24.680480543313,21.667378633731));
#2653 = CARTESIAN_POINT('',(24.641424642662,21.503962880365));
#2654 = CARTESIAN_POINT('',(24.583440945329,21.346266697135));
#2655 = CARTESIAN_POINT('',(24.507575085197,21.196961792037));
#2656 = CARTESIAN_POINT('',(24.345286054634,20.952971321312));
#2657 = CARTESIAN_POINT('',(24.26564652681,20.853712874808));
#2658 = CARTESIAN_POINT('',(24.177273054096,20.761803369823));
#2659 = CARTESIAN_POINT('',(24.08102565505,20.678176201127));
#2660 = CARTESIAN_POINT('',(23.977880170055,20.603642822101));
#2661 = CARTESIAN_POINT('',(23.729999887636,20.456227025445));
#2662 = CARTESIAN_POINT('',(23.581591252275,20.389431635172));
#2663 = CARTESIAN_POINT('',(23.426046254426,20.339872931891));
#2664 = CARTESIAN_POINT('',(23.265859096332,20.30840389959));
#2665 = CARTESIAN_POINT('',(23.103626521125,20.295477711951));
#2666 = CARTESIAN_POINT('',(22.782185055404,20.306439905147));
#2667 = CARTESIAN_POINT('',(22.622894198596,20.329945759826));
#2668 = CARTESIAN_POINT('',(22.466809757972,20.371429070445));
#2669 = CARTESIAN_POINT('',(22.316413193975,20.430286761129));
#2670 = CARTESIAN_POINT('',(22.174062592412,20.505538017791));
#2671 = CARTESIAN_POINT('',(22.041920193821,20.595691242998));
#2672 = ( GEOMETRIC_REPRESENTATION_CONTEXT(2) 
PARAMETRIC_REPRESENTATION_CONTEXT() REPRESENTATION_CONTEXT('2D SPACE',''
  ) );
#2673 = PCURVE('',#1037,#2674);
#2674 = DEFINITIONAL_REPRESENTATION('',(#2675),#2698);
#2675 = B_SPLINE_CURVE_WITH_KNOTS('',6,(#2676,#2677,#2678,#2679,#2680,
    #2681,#2682,#2683,#2684,#2685,#2686,#2687,#2688,#2689,#2690,#2691,
    #2692,#2693,#2694,#2695,#2696,#2697),.UNSPECIFIED.,.F.,.F.,(7,5,5,5,
    7),(0.,0.270538620571,0.476734454155,0.739747011474,1.),
  .UNSPECIFIED.);
#2676 = CARTESIAN_POINT('',(0.,60.));
#2677 = CARTESIAN_POINT('',(9.781767622746E-02,60.));
#2678 = CARTESIAN_POINT('',(0.195659151181,60.));
#2679 = CARTESIAN_POINT('',(0.293473125565,60.));
#2680 = CARTESIAN_POINT('',(0.391287344536,60.));
#2681 = CARTESIAN_POINT('',(0.489129597063,60.));
#2682 = CARTESIAN_POINT('',(0.661502692899,60.));
#2683 = CARTESIAN_POINT('',(0.73606273193,60.));
#2684 = CARTESIAN_POINT('',(0.810615063683,60.));
#2685 = CARTESIAN_POINT('',(0.885167022494,60.));
#2686 = CARTESIAN_POINT('',(0.959725982437,60.));
#2687 = CARTESIAN_POINT('',(1.129374562339,60.));
#2688 = CARTESIAN_POINT('',(1.224490931503,60.));
#2689 = CARTESIAN_POINT('',(1.319583033071,60.));
#2690 = CARTESIAN_POINT('',(1.4146749715,60.));
#2691 = CARTESIAN_POINT('',(1.509790900852,60.));
#2692 = CARTESIAN_POINT('',(1.698984038804,60.));
#2693 = CARTESIAN_POINT('',(1.793101008031,60.));
#2694 = CARTESIAN_POINT('',(1.887195259191,60.));
#2695 = CARTESIAN_POINT('',(1.981289752028,60.));
#2696 = CARTESIAN_POINT('',(2.075407335141,60.));
#2697 = CARTESIAN_POINT('',(2.169505159378,60.));
#2698 = ( GEOMETRIC_REPRESENTATION_CONTEXT(2) 
PARAMETRIC_REPRESENTATION_CONTEXT() REPRESENTATION_CONTEXT('2D SPACE',''
  ) );
#2699 = ORIENTED_EDGE('',*,*,#2700,.T.);
#2700 = EDGE_CURVE('',#2621,#2701,#2703,.T.);
#2701 = VERTEX_POINT('',#2702);
#2702 = CARTESIAN_POINT('',(225.,4.029909147639,134.38989221983));
#2703 = SURFACE_CURVE('',#2704,(#2755,#2809),.PCURVE_S1.);
#2704 = B_SPLINE_CURVE_WITH_KNOTS('',7,(#2705,#2706,#2707,#2708,#2709,
    #2710,#2711,#2712,#2713,#2714,#2715,#2716,#2717,#2718,#2719,#2720,
    #2721,#2722,#2723,#2724,#2725,#2726,#2727,#2728,#2729,#2730,#2731,
    #2732,#2733,#2734,#2735,#2736,#2737,#2738,#2739,#2740,#2741,#2742,
    #2743,#2744,#2745,#2746,#2747,#2748,#2749,#2750,#2751,#2752,#2753,
    #2754),.UNSPECIFIED.,.F.,.F.,(8,6,6,6,6,6,6,6,8),(0.,0.134733618226,
    0.257299988451,0.44063391393,0.53190728642,0.622478678856,
    0.703300240491,0.829279375577,1.),.UNSPECIFIED.);
#2705 = CARTESIAN_POINT('',(225.39443161629,4.404308757002,
    134.38989221983));
#2706 = CARTESIAN_POINT('',(225.28324762747,4.328454259956,
    134.38989221983));
#2707 = CARTESIAN_POINT('',(225.17905296967,4.242317953801,
    134.38989221983));
#2708 = CARTESIAN_POINT('',(225.08302104974,4.146692433925,
    134.38989221983));
#2709 = CARTESIAN_POINT('',(224.99616751452,4.042516980638,
    134.38989221983));
#2710 = CARTESIAN_POINT('',(224.91937426804,3.930848241106,
    134.38989221983));
#2711 = CARTESIAN_POINT('',(224.85338424016,3.812855294045,
    134.38989221983));
#2712 = CARTESIAN_POINT('',(224.74908184385,3.57793199539,
    134.38989221983));
#2713 = CARTESIAN_POINT('',(224.70879457755,3.461837373267,
    134.38989221983));
#2714 = CARTESIAN_POINT('',(224.67833974762,3.342524467171,
    134.38989221983));
#2715 = CARTESIAN_POINT('',(224.65800974424,3.2209927217,134.38989221983
    ));
#2716 = CARTESIAN_POINT('',(224.64797550302,3.098264158081,
    134.38989221983));
#2717 = CARTESIAN_POINT('',(224.64828573654,2.975379220426,
    134.38989221983));
#2718 = CARTESIAN_POINT('',(224.67463848133,2.670934595109,
    134.38989221983));
#2719 = CARTESIAN_POINT('',(224.71337444535,2.490358125267,
    134.38989221983));
#2720 = CARTESIAN_POINT('',(224.77477954165,2.315312540474,
    134.38989221983));
#2721 = CARTESIAN_POINT('',(224.85782405544,2.149150145849,
    134.38989221983));
#2722 = CARTESIAN_POINT('',(224.96096442551,1.994961006318,
    134.38989221983));
#2723 = CARTESIAN_POINT('',(225.08213706917,1.855583026617,
    134.38989221983));
#2724 = CARTESIAN_POINT('',(225.28651821552,1.672607092443,
    134.38989221983));
#2725 = CARTESIAN_POINT('',(225.35825779033,1.61603897385,
    134.38989221983));
#2726 = CARTESIAN_POINT('',(225.4334818848,1.5640087788,134.38989221983)
  );
#2727 = CARTESIAN_POINT('',(225.51184505776,1.516771730229,
    134.38989221983));
#2728 = CARTESIAN_POINT('',(225.59298064065,1.47454882391,
    134.38989221983));
#2729 = CARTESIAN_POINT('',(225.67650165412,1.437526280078,
    134.38989221983));
#2730 = CARTESIAN_POINT('',(225.8468442174,1.374427292687,
    134.38989221983));
#2731 = CARTESIAN_POINT('',(225.93364076666,1.348266879351,
    134.38989221983));
#2732 = CARTESIAN_POINT('',(226.02199416452,1.327520494481,
    134.38989221983));
#2733 = CARTESIAN_POINT('',(226.11149909416,1.312296697889,
    134.38989221983));
#2734 = CARTESIAN_POINT('',(226.20174313008,1.302665658125,
    134.38989221983));
#2735 = CARTESIAN_POINT('',(226.29230773833,1.298658940838,
    134.38989221983));
#2736 = CARTESIAN_POINT('',(226.46349280988,1.301706301773,
    134.38989221983));
#2737 = CARTESIAN_POINT('',(226.54413872079,1.307616145167,
    134.38989221983));
#2738 = CARTESIAN_POINT('',(226.62440650835,1.31799337086,
    134.38989221983));
#2739 = CARTESIAN_POINT('',(226.7039995215,1.332807954937,
    134.38989221983));
#2740 = CARTESIAN_POINT('',(226.78262548166,1.352005463892,
    134.38989221983));
#2741 = CARTESIAN_POINT('',(226.85999700511,1.375507212488,
    134.38989221983));
#2742 = CARTESIAN_POINT('',(227.05403873586,1.446392293592,
    134.38989221983));
#2743 = CARTESIAN_POINT('',(227.16853042315,1.499788486287,
    134.38989221983));
#2744 = CARTESIAN_POINT('',(227.27822142621,1.563007218636,
    134.38989221983));
#2745 = CARTESIAN_POINT('',(227.38211276768,1.635518910844,
    134.38989221983));
#2746 = CARTESIAN_POINT('',(227.47928188231,1.71667988142,
    134.38989221983));
#2747 = CARTESIAN_POINT('',(227.56888678027,1.805735054561,
    134.38989221983));
#2748 = CARTESIAN_POINT('',(227.76035568215,2.031981651934,
    134.38989221983));
#2749 = CARTESIAN_POINT('',(227.85533710719,2.17511377998,
    134.38989221983));
#2750 = CARTESIAN_POINT('',(227.93321097673,2.328974427169,
    134.38989221983));
#2751 = CARTESIAN_POINT('',(227.99260213035,2.491091526089,
    134.38989221983));
#2752 = CARTESIAN_POINT('',(228.03255092083,2.658843652446,
    134.38989221983));
#2753 = CARTESIAN_POINT('',(228.05251142247,2.829456854805,
    134.38989221983));
#2754 = CARTESIAN_POINT('',(228.05251142247,3.,134.38989221983));
#2755 = PCURVE('',#395,#2756);
#2756 = DEFINITIONAL_REPRESENTATION('',(#2757),#2808);
#2757 = B_SPLINE_CURVE_WITH_KNOTS('',7,(#2758,#2759,#2760,#2761,#2762,
    #2763,#2764,#2765,#2766,#2767,#2768,#2769,#2770,#2771,#2772,#2773,
    #2774,#2775,#2776,#2777,#2778,#2779,#2780,#2781,#2782,#2783,#2784,
    #2785,#2786,#2787,#2788,#2789,#2790,#2791,#2792,#2793,#2794,#2795,
    #2796,#2797,#2798,#2799,#2800,#2801,#2802,#2803,#2804,#2805,#2806,
    #2807),.UNSPECIFIED.,.F.,.F.,(8,6,6,6,6,6,6,6,8),(0.,0.134733618226,
    0.257299988451,0.44063391393,0.53190728642,0.622478678856,
    0.703300240491,0.829279375577,1.),.UNSPECIFIED.);
#2758 = CARTESIAN_POINT('',(22.041920193821,20.595691242998));
#2759 = CARTESIAN_POINT('',(21.930736205,20.671545740044));
#2760 = CARTESIAN_POINT('',(21.826541547199,20.757682046199));
#2761 = CARTESIAN_POINT('',(21.730509627263,20.853307566075));
#2762 = CARTESIAN_POINT('',(21.643656092044,20.957483019362));
#2763 = CARTESIAN_POINT('',(21.566862845564,21.069151758894));
#2764 = CARTESIAN_POINT('',(21.50087281769,21.187144705955));
#2765 = CARTESIAN_POINT('',(21.396570421373,21.42206800461));
#2766 = CARTESIAN_POINT('',(21.356283155078,21.538162626733));
#2767 = CARTESIAN_POINT('',(21.325828325144,21.657475532829));
#2768 = CARTESIAN_POINT('',(21.30549832177,21.7790072783));
#2769 = CARTESIAN_POINT('',(21.29546408055,21.901735841919));
#2770 = CARTESIAN_POINT('',(21.295774314072,22.024620779574));
#2771 = CARTESIAN_POINT('',(21.322127058859,22.329065404891));
#2772 = CARTESIAN_POINT('',(21.360863022873,22.509641874734));
#2773 = CARTESIAN_POINT('',(21.422268119173,22.684687459526));
#2774 = CARTESIAN_POINT('',(21.505312632966,22.850849854152));
#2775 = CARTESIAN_POINT('',(21.608453003039,23.005038993682));
#2776 = CARTESIAN_POINT('',(21.729625646702,23.144416973383));
#2777 = CARTESIAN_POINT('',(21.934006793045,23.327392907557));
#2778 = CARTESIAN_POINT('',(22.005746367853,23.38396102615));
#2779 = CARTESIAN_POINT('',(22.080970462328,23.4359912212));
#2780 = CARTESIAN_POINT('',(22.159333635291,23.483228269771));
#2781 = CARTESIAN_POINT('',(22.240469218178,23.52545117609));
#2782 = CARTESIAN_POINT('',(22.323990231646,23.562473719922));
#2783 = CARTESIAN_POINT('',(22.494332794926,23.625572707313));
#2784 = CARTESIAN_POINT('',(22.581129344189,23.651733120649));
#2785 = CARTESIAN_POINT('',(22.669482742051,23.672479505519));
#2786 = CARTESIAN_POINT('',(22.75898767169,23.687703302111));
#2787 = CARTESIAN_POINT('',(22.849231707608,23.697334341875));
#2788 = CARTESIAN_POINT('',(22.939796315856,23.701341059162));
#2789 = CARTESIAN_POINT('',(23.110981387411,23.698293698227));
#2790 = CARTESIAN_POINT('',(23.191627298322,23.692383854833));
#2791 = CARTESIAN_POINT('',(23.271895085874,23.68200662914));
#2792 = CARTESIAN_POINT('',(23.351488099024,23.667192045063));
#2793 = CARTESIAN_POINT('',(23.430114059188,23.647994536108));
#2794 = CARTESIAN_POINT('',(23.507485582633,23.624492787512));
#2795 = CARTESIAN_POINT('',(23.701527313384,23.553607706408));
#2796 = CARTESIAN_POINT('',(23.816019000674,23.500211513713));
#2797 = CARTESIAN_POINT('',(23.925710003737,23.436992781364));
#2798 = CARTESIAN_POINT('',(24.029601345206,23.364481089156));
#2799 = CARTESIAN_POINT('',(24.126770459839,23.28332011858));
#2800 = CARTESIAN_POINT('',(24.216375357802,23.194264945439));
#2801 = CARTESIAN_POINT('',(24.407844259675,22.968018348066));
#2802 = CARTESIAN_POINT('',(24.502825684718,22.824886220021));
#2803 = CARTESIAN_POINT('',(24.580699554257,22.671025572831));
#2804 = CARTESIAN_POINT('',(24.640090707877,22.508908473911));
#2805 = CARTESIAN_POINT('',(24.680039498352,22.341156347554));
#2806 = CARTESIAN_POINT('',(24.7,22.170543145195));
#2807 = CARTESIAN_POINT('',(24.7,22.));
#2808 = ( GEOMETRIC_REPRESENTATION_CONTEXT(2) 
PARAMETRIC_REPRESENTATION_CONTEXT() REPRESENTATION_CONTEXT('2D SPACE',''
  ) );
#2809 = PCURVE('',#1037,#2810);
#2810 = DEFINITIONAL_REPRESENTATION('',(#2811),#2862);
#2811 = B_SPLINE_CURVE_WITH_KNOTS('',7,(#2812,#2813,#2814,#2815,#2816,
    #2817,#2818,#2819,#2820,#2821,#2822,#2823,#2824,#2825,#2826,#2827,
    #2828,#2829,#2830,#2831,#2832,#2833,#2834,#2835,#2836,#2837,#2838,
    #2839,#2840,#2841,#2842,#2843,#2844,#2845,#2846,#2847,#2848,#2849,
    #2850,#2851,#2852,#2853,#2854,#2855,#2856,#2857,#2858,#2859,#2860,
    #2861),.UNSPECIFIED.,.F.,.F.,(8,6,6,6,6,6,6,6,8),(0.,0.134733618226,
    0.257299988451,0.44063391393,0.53190728642,0.622478678856,
    0.703300240491,0.829279375577,1.),.UNSPECIFIED.);
#2812 = CARTESIAN_POINT('',(2.169505159378,60.));
#2813 = CARTESIAN_POINT('',(2.248678623381,60.));
#2814 = CARTESIAN_POINT('',(2.327864187653,60.));
#2815 = CARTESIAN_POINT('',(2.407040776609,60.));
#2816 = CARTESIAN_POINT('',(2.48621219335,60.));
#2817 = CARTESIAN_POINT('',(2.565390333821,60.));
#2818 = CARTESIAN_POINT('',(2.64457811771,60.));
#2819 = CARTESIAN_POINT('',(2.795776269197,60.));
#2820 = CARTESIAN_POINT('',(2.867808361317,60.));
#2821 = CARTESIAN_POINT('',(2.939834522226,60.));
#2822 = CARTESIAN_POINT('',(3.011856861552,60.));
#2823 = CARTESIAN_POINT('',(3.083882810658,60.));
#2824 = CARTESIAN_POINT('',(3.155914399947,60.));
#2825 = CARTESIAN_POINT('',(3.335669131963,60.));
#2826 = CARTESIAN_POINT('',(3.443459905747,60.));
#2827 = CARTESIAN_POINT('',(3.55120136937,60.));
#2828 = CARTESIAN_POINT('',(3.658929044104,60.));
#2829 = CARTESIAN_POINT('',(3.766671468238,60.));
#2830 = CARTESIAN_POINT('',(3.874463378259,60.));
#2831 = CARTESIAN_POINT('',(4.035828494854,60.));
#2832 = CARTESIAN_POINT('',(4.089464360546,60.));
#2833 = CARTESIAN_POINT('',(4.143098833471,60.));
#2834 = CARTESIAN_POINT('',(4.196732392842,60.));
#2835 = CARTESIAN_POINT('',(4.250366710115,60.));
#2836 = CARTESIAN_POINT('',(4.304002287735,60.));
#2837 = CARTESIAN_POINT('',(4.410857412426,60.));
#2838 = CARTESIAN_POINT('',(4.464080355908,60.));
#2839 = CARTESIAN_POINT('',(4.517302033494,60.));
#2840 = CARTESIAN_POINT('',(4.570522930527,60.));
#2841 = CARTESIAN_POINT('',(4.623744634606,60.));
#2842 = CARTESIAN_POINT('',(4.676967557669,60.));
#2843 = CARTESIAN_POINT('',(4.777680612547,60.));
#2844 = CARTESIAN_POINT('',(4.825173749117,60.));
#2845 = CARTESIAN_POINT('',(4.872666223101,60.));
#2846 = CARTESIAN_POINT('',(4.92015821413,60.));
#2847 = CARTESIAN_POINT('',(4.967650618209,60.));
#2848 = CARTESIAN_POINT('',(5.015143739776,60.));
#2849 = CARTESIAN_POINT('',(5.136663652844,60.));
#2850 = CARTESIAN_POINT('',(5.210700271782,60.));
#2851 = CARTESIAN_POINT('',(5.284730253941,60.));
#2852 = CARTESIAN_POINT('',(5.358756183458,60.));
#2853 = CARTESIAN_POINT('',(5.432786663974,60.));
#2854 = CARTESIAN_POINT('',(5.506824107597,60.));
#2855 = CARTESIAN_POINT('',(5.681171991154,60.));
#2856 = CARTESIAN_POINT('',(5.781534427046,60.));
#2857 = CARTESIAN_POINT('',(5.881862286368,60.));
#2858 = CARTESIAN_POINT('',(5.982178388022,60.));
#2859 = CARTESIAN_POINT('',(6.082505080092,60.));
#2860 = CARTESIAN_POINT('',(6.182865810006,60.));
#2861 = CARTESIAN_POINT('',(6.28318530718,60.));
#2862 = ( GEOMETRIC_REPRESENTATION_CONTEXT(2) 
PARAMETRIC_REPRESENTATION_CONTEXT() REPRESENTATION_CONTEXT('2D SPACE',''
  ) );
#2863 = ORIENTED_EDGE('',*,*,#2864,.T.);
#2864 = EDGE_CURVE('',#2701,#2865,#2867,.T.);
#2865 = VERTEX_POINT('',#2866);
#2866 = CARTESIAN_POINT('',(225.,13.201886307246,134.38989221983));
#2867 = SURFACE_CURVE('',#2868,(#2872,#2879),.PCURVE_S1.);
#2868 = LINE('',#2869,#2870);
#2869 = CARTESIAN_POINT('',(225.,-10.,134.38989221983));
#2870 = VECTOR('',#2871,1.);
#2871 = DIRECTION('',(-0.,1.,0.));
#2872 = PCURVE('',#395,#2873);
#2873 = DEFINITIONAL_REPRESENTATION('',(#2874),#2878);
#2874 = B_SPLINE_CURVE_WITH_KNOTS('',2,(#2875,#2876,#2877),
  .UNSPECIFIED.,.F.,.F.,(3,3),(14.029909147639,23.201886307246),
  .PIECEWISE_BEZIER_KNOTS.);
#2875 = CARTESIAN_POINT('',(21.647488577523,20.970090852361));
#2876 = CARTESIAN_POINT('',(21.647488577523,16.384102272557));
#2877 = CARTESIAN_POINT('',(21.647488577523,11.798113692754));
#2878 = ( GEOMETRIC_REPRESENTATION_CONTEXT(2) 
PARAMETRIC_REPRESENTATION_CONTEXT() REPRESENTATION_CONTEXT('2D SPACE',''
  ) );
#2879 = PCURVE('',#1352,#2880);
#2880 = DEFINITIONAL_REPRESENTATION('',(#2881),#2885);
#2881 = LINE('',#2882,#2883);
#2882 = CARTESIAN_POINT('',(0.,0.));
#2883 = VECTOR('',#2884,1.);
#2884 = DIRECTION('',(0.,-1.));
#2885 = ( GEOMETRIC_REPRESENTATION_CONTEXT(2) 
PARAMETRIC_REPRESENTATION_CONTEXT() REPRESENTATION_CONTEXT('2D SPACE',''
  ) );
#2886 = ORIENTED_EDGE('',*,*,#2887,.F.);
#2887 = EDGE_CURVE('',#2888,#2865,#2890,.T.);
#2888 = VERTEX_POINT('',#2889);
#2889 = CARTESIAN_POINT('',(228.60251142247,15.,134.38989221983));
#2890 = SURFACE_CURVE('',#2891,(#2899,#2910),.PCURVE_S1.);
#2891 = ( BOUNDED_CURVE() B_SPLINE_CURVE(2,(#2892,#2893,#2894,#2895,
#2896,#2897,#2898),.UNSPECIFIED.,.T.,.F.) B_SPLINE_CURVE_WITH_KNOTS((1,2
    ,2,2,2,1),(-2.094395102393,0.,2.094395102393,4.188790204786,
6.28318530718,8.377580409573),.UNSPECIFIED.) CURVE() 
GEOMETRIC_REPRESENTATION_ITEM() RATIONAL_B_SPLINE_CURVE((1.,0.5,1.,0.5,
1.,0.5,1.)) REPRESENTATION_ITEM('') );
#2892 = CARTESIAN_POINT('',(228.60251142247,15.,134.38989221983));
#2893 = CARTESIAN_POINT('',(228.60251142247,11.10288568297,
    134.38989221983));
#2894 = CARTESIAN_POINT('',(225.22751142247,13.051442841485,
    134.38989221983));
#2895 = CARTESIAN_POINT('',(221.85251142247,15.,134.38989221983));
#2896 = CARTESIAN_POINT('',(225.22751142247,16.948557158515,
    134.38989221983));
#2897 = CARTESIAN_POINT('',(228.60251142247,18.89711431703,
    134.38989221983));
#2898 = CARTESIAN_POINT('',(228.60251142247,15.,134.38989221983));
#2899 = PCURVE('',#395,#2900);
#2900 = DEFINITIONAL_REPRESENTATION('',(#2901),#2909);
#2901 = ( BOUNDED_CURVE() B_SPLINE_CURVE(2,(#2902,#2903,#2904,#2905,
#2906,#2907,#2908),.UNSPECIFIED.,.T.,.F.) B_SPLINE_CURVE_WITH_KNOTS((3,2
    ,2,3),(0.,2.094395102393,4.188790204786,6.28318530718),
.PIECEWISE_BEZIER_KNOTS.) CURVE() GEOMETRIC_REPRESENTATION_ITEM() 
RATIONAL_B_SPLINE_CURVE((1.,0.5,1.,0.5,1.,0.5,1.)) REPRESENTATION_ITEM(
  '') );
#2902 = CARTESIAN_POINT('',(25.25,10.));
#2903 = CARTESIAN_POINT('',(25.25,13.89711431703));
#2904 = CARTESIAN_POINT('',(21.875,11.948557158515));
#2905 = CARTESIAN_POINT('',(18.5,10.));
#2906 = CARTESIAN_POINT('',(21.875,8.051442841485));
#2907 = CARTESIAN_POINT('',(25.25,6.10288568297));
#2908 = CARTESIAN_POINT('',(25.25,10.));
#2909 = ( GEOMETRIC_REPRESENTATION_CONTEXT(2) 
PARAMETRIC_REPRESENTATION_CONTEXT() REPRESENTATION_CONTEXT('2D SPACE',''
  ) );
#2910 = PCURVE('',#714,#2911);
#2911 = DEFINITIONAL_REPRESENTATION('',(#2912),#2920);
#2912 = B_SPLINE_CURVE_WITH_KNOTS('',2,(#2913,#2914,#2915,#2916,#2917,
    #2918,#2919),.UNSPECIFIED.,.F.,.F.,(3,2,2,3),(0.,2.094395102393,
    4.188790204786,6.28318530718),.PIECEWISE_BEZIER_KNOTS.);
#2913 = CARTESIAN_POINT('',(0.,9.999999999999E-02));
#2914 = CARTESIAN_POINT('',(1.047197551197,9.999999999999E-02));
#2915 = CARTESIAN_POINT('',(2.094395102393,9.999999999999E-02));
#2916 = CARTESIAN_POINT('',(3.14159265359,0.1));
#2917 = CARTESIAN_POINT('',(4.188790204786,9.999999999999E-02));
#2918 = CARTESIAN_POINT('',(5.235987755983,0.1));
#2919 = CARTESIAN_POINT('',(6.28318530718,9.999999999999E-02));
#2920 = ( GEOMETRIC_REPRESENTATION_CONTEXT(2) 
PARAMETRIC_REPRESENTATION_CONTEXT() REPRESENTATION_CONTEXT('2D SPACE',''
  ) );
#2921 = ORIENTED_EDGE('',*,*,#2922,.F.);
#2922 = EDGE_CURVE('',#2294,#2888,#2923,.T.);
#2923 = SURFACE_CURVE('',#2924,(#2932,#2943),.PCURVE_S1.);
#2924 = ( BOUNDED_CURVE() B_SPLINE_CURVE(2,(#2925,#2926,#2927,#2928,
#2929,#2930,#2931),.UNSPECIFIED.,.T.,.F.) B_SPLINE_CURVE_WITH_KNOTS((1,2
    ,2,2,2,1),(-2.094395102393,0.,2.094395102393,4.188790204786,
6.28318530718,8.377580409573),.UNSPECIFIED.) CURVE() 
GEOMETRIC_REPRESENTATION_ITEM() RATIONAL_B_SPLINE_CURVE((1.,0.5,1.,0.5,
1.,0.5,1.)) REPRESENTATION_ITEM('') );
#2925 = CARTESIAN_POINT('',(228.60251142247,15.,134.38989221983));
#2926 = CARTESIAN_POINT('',(228.60251142247,11.10288568297,
    134.38989221983));
#2927 = CARTESIAN_POINT('',(225.22751142247,13.051442841485,
    134.38989221983));
#2928 = CARTESIAN_POINT('',(221.85251142247,15.,134.38989221983));
#2929 = CARTESIAN_POINT('',(225.22751142247,16.948557158515,
    134.38989221983));
#2930 = CARTESIAN_POINT('',(228.60251142247,18.89711431703,
    134.38989221983));
#2931 = CARTESIAN_POINT('',(228.60251142247,15.,134.38989221983));
#2932 = PCURVE('',#395,#2933);
#2933 = DEFINITIONAL_REPRESENTATION('',(#2934),#2942);
#2934 = ( BOUNDED_CURVE() B_SPLINE_CURVE(2,(#2935,#2936,#2937,#2938,
#2939,#2940,#2941),.UNSPECIFIED.,.T.,.F.) B_SPLINE_CURVE_WITH_KNOTS((3,2
    ,2,3),(0.,2.094395102393,4.188790204786,6.28318530718),
.PIECEWISE_BEZIER_KNOTS.) CURVE() GEOMETRIC_REPRESENTATION_ITEM() 
RATIONAL_B_SPLINE_CURVE((1.,0.5,1.,0.5,1.,0.5,1.)) REPRESENTATION_ITEM(
  '') );
#2935 = CARTESIAN_POINT('',(25.25,10.));
#2936 = CARTESIAN_POINT('',(25.25,13.89711431703));
#2937 = CARTESIAN_POINT('',(21.875,11.948557158515));
#2938 = CARTESIAN_POINT('',(18.5,10.));
#2939 = CARTESIAN_POINT('',(21.875,8.051442841485));
#2940 = CARTESIAN_POINT('',(25.25,6.10288568297));
#2941 = CARTESIAN_POINT('',(25.25,10.));
#2942 = ( GEOMETRIC_REPRESENTATION_CONTEXT(2) 
PARAMETRIC_REPRESENTATION_CONTEXT() REPRESENTATION_CONTEXT('2D SPACE',''
  ) );
#2943 = PCURVE('',#714,#2944);
#2944 = DEFINITIONAL_REPRESENTATION('',(#2945),#2953);
#2945 = B_SPLINE_CURVE_WITH_KNOTS('',2,(#2946,#2947,#2948,#2949,#2950,
    #2951,#2952),.UNSPECIFIED.,.F.,.F.,(3,2,2,3),(0.,2.094395102393,
    4.188790204786,6.28318530718),.PIECEWISE_BEZIER_KNOTS.);
#2946 = CARTESIAN_POINT('',(0.,9.999999999999E-02));
#2947 = CARTESIAN_POINT('',(1.047197551197,9.999999999999E-02));
#2948 = CARTESIAN_POINT('',(2.094395102393,9.999999999999E-02));
#2949 = CARTESIAN_POINT('',(3.14159265359,0.1));
#2950 = CARTESIAN_POINT('',(4.188790204786,9.999999999999E-02));
#2951 = CARTESIAN_POINT('',(5.235987755983,0.1));
#2952 = CARTESIAN_POINT('',(6.28318530718,9.999999999999E-02));
#2953 = ( GEOMETRIC_REPRESENTATION_CONTEXT(2) 
PARAMETRIC_REPRESENTATION_CONTEXT() REPRESENTATION_CONTEXT('2D SPACE',''
  ) );
#2954 = ADVANCED_FACE('',(#2955),#482,.F.);
#2955 = FACE_BOUND('',#2956,.F.);
#2956 = EDGE_LOOP('',(#2957,#2958,#2959,#2977));
#2957 = ORIENTED_EDGE('',*,*,#470,.F.);
#2958 = ORIENTED_EDGE('',*,*,#2317,.T.);
#2959 = ORIENTED_EDGE('',*,*,#2960,.T.);
#2960 = EDGE_CURVE('',#2318,#499,#2961,.T.);
#2961 = SURFACE_CURVE('',#2962,(#2965,#2971),.PCURVE_S1.);
#2962 = B_SPLINE_CURVE_WITH_KNOTS('',1,(#2963,#2964),.UNSPECIFIED.,.F.,
  .F.,(2,2),(0.,5.),.PIECEWISE_BEZIER_KNOTS.);
#2963 = CARTESIAN_POINT('',(233.35251142247,-20.,134.38989221983));
#2964 = CARTESIAN_POINT('',(233.35251142247,-20.,139.38989221983));
#2965 = PCURVE('',#482,#2966);
#2966 = DEFINITIONAL_REPRESENTATION('',(#2967),#2970);
#2967 = B_SPLINE_CURVE_WITH_KNOTS('',1,(#2968,#2969),.UNSPECIFIED.,.F.,
  .F.,(2,2),(0.,5.),.PIECEWISE_BEZIER_KNOTS.);
#2968 = CARTESIAN_POINT('',(0.,-45.));
#2969 = CARTESIAN_POINT('',(5.,-45.));
#2970 = ( GEOMETRIC_REPRESENTATION_CONTEXT(2) 
PARAMETRIC_REPRESENTATION_CONTEXT() REPRESENTATION_CONTEXT('2D SPACE',''
  ) );
#2971 = PCURVE('',#532,#2972);
#2972 = DEFINITIONAL_REPRESENTATION('',(#2973),#2976);
#2973 = B_SPLINE_CURVE_WITH_KNOTS('',1,(#2974,#2975),.UNSPECIFIED.,.F.,
  .F.,(2,2),(0.,5.),.PIECEWISE_BEZIER_KNOTS.);
#2974 = CARTESIAN_POINT('',(0.,30.));
#2975 = CARTESIAN_POINT('',(5.,30.));
#2976 = ( GEOMETRIC_REPRESENTATION_CONTEXT(2) 
PARAMETRIC_REPRESENTATION_CONTEXT() REPRESENTATION_CONTEXT('2D SPACE',''
  ) );
#2977 = ORIENTED_EDGE('',*,*,#498,.F.);
#2978 = ADVANCED_FACE('',(#2979),#420,.F.);
#2979 = FACE_BOUND('',#2980,.F.);
#2980 = EDGE_LOOP('',(#2981,#3008,#3009,#3010));
#2981 = ORIENTED_EDGE('',*,*,#2982,.F.);
#2982 = EDGE_CURVE('',#2294,#1365,#2983,.T.);
#2983 = SURFACE_CURVE('',#2984,(#2990,#2999),.PCURVE_S1.);
#2984 = B_SPLINE_CURVE_WITH_KNOTS('',4,(#2985,#2986,#2987,#2988,#2989),
  .UNSPECIFIED.,.F.,.F.,(5,5),(0.,1.),.PIECEWISE_BEZIER_KNOTS.);
#2985 = CARTESIAN_POINT('',(225.,16.798113692754,134.38989221983));
#2986 = CARTESIAN_POINT('',(225.,16.798113692754,134.88989221983));
#2987 = CARTESIAN_POINT('',(225.,16.798113692754,135.38989221983));
#2988 = CARTESIAN_POINT('',(225.,16.798113692754,135.88989221983));
#2989 = CARTESIAN_POINT('',(225.,16.798113692754,136.38989221983));
#2990 = PCURVE('',#420,#2991);
#2991 = DEFINITIONAL_REPRESENTATION('',(#2992),#2998);
#2992 = B_SPLINE_CURVE_WITH_KNOTS('',4,(#2993,#2994,#2995,#2996,#2997),
  .UNSPECIFIED.,.F.,.F.,(5,5),(0.,1.),.PIECEWISE_BEZIER_KNOTS.);
#2993 = CARTESIAN_POINT('',(-2.84217094304E-14,-26.79811369275));
#2994 = CARTESIAN_POINT('',(0.5,-26.79811369275));
#2995 = CARTESIAN_POINT('',(1.,-26.79811369275));
#2996 = CARTESIAN_POINT('',(1.5,-26.79811369275));
#2997 = CARTESIAN_POINT('',(2.,-26.79811369275));
#2998 = ( GEOMETRIC_REPRESENTATION_CONTEXT(2) 
PARAMETRIC_REPRESENTATION_CONTEXT() REPRESENTATION_CONTEXT('2D SPACE',''
  ) );
#2999 = PCURVE('',#714,#3000);
#3000 = DEFINITIONAL_REPRESENTATION('',(#3001),#3007);
#3001 = B_SPLINE_CURVE_WITH_KNOTS('',4,(#3002,#3003,#3004,#3005,#3006),
  .UNSPECIFIED.,.F.,.F.,(5,5),(0.,1.),.PIECEWISE_BEZIER_KNOTS.);
#3002 = CARTESIAN_POINT('',(4.046910386211,9.999999999999E-02));
#3003 = CARTESIAN_POINT('',(4.046910386211,0.6));
#3004 = CARTESIAN_POINT('',(4.046910386211,1.1));
#3005 = CARTESIAN_POINT('',(4.046910386211,1.6));
#3006 = CARTESIAN_POINT('',(4.046910386211,2.1));
#3007 = ( GEOMETRIC_REPRESENTATION_CONTEXT(2) 
PARAMETRIC_REPRESENTATION_CONTEXT() REPRESENTATION_CONTEXT('2D SPACE',''
  ) );
#3008 = ORIENTED_EDGE('',*,*,#2293,.T.);
#3009 = ORIENTED_EDGE('',*,*,#406,.F.);
#3010 = ORIENTED_EDGE('',*,*,#1480,.F.);
#3011 = ADVANCED_FACE('',(#3012),#607,.F.);
#3012 = FACE_BOUND('',#3013,.F.);
#3013 = EDGE_LOOP('',(#3014,#3037,#3058,#3059));
#3014 = ORIENTED_EDGE('',*,*,#3015,.F.);
#3015 = EDGE_CURVE('',#3016,#569,#3018,.T.);
#3016 = VERTEX_POINT('',#3017);
#3017 = CARTESIAN_POINT('',(225.,-10.,136.38989221983));
#3018 = SURFACE_CURVE('',#3019,(#3023,#3030),.PCURVE_S1.);
#3019 = LINE('',#3020,#3021);
#3020 = CARTESIAN_POINT('',(225.,-10.,134.38989221983));
#3021 = VECTOR('',#3022,1.);
#3022 = DIRECTION('',(0.,0.,1.));
#3023 = PCURVE('',#607,#3024);
#3024 = DEFINITIONAL_REPRESENTATION('',(#3025),#3029);
#3025 = LINE('',#3026,#3027);
#3026 = CARTESIAN_POINT('',(0.,0.));
#3027 = VECTOR('',#3028,1.);
#3028 = DIRECTION('',(1.,0.));
#3029 = ( GEOMETRIC_REPRESENTATION_CONTEXT(2) 
PARAMETRIC_REPRESENTATION_CONTEXT() REPRESENTATION_CONTEXT('2D SPACE',''
  ) );
#3030 = PCURVE('',#582,#3031);
#3031 = DEFINITIONAL_REPRESENTATION('',(#3032),#3036);
#3032 = LINE('',#3033,#3034);
#3033 = CARTESIAN_POINT('',(0.,30.));
#3034 = VECTOR('',#3035,1.);
#3035 = DIRECTION('',(1.,0.));
#3036 = ( GEOMETRIC_REPRESENTATION_CONTEXT(2) 
PARAMETRIC_REPRESENTATION_CONTEXT() REPRESENTATION_CONTEXT('2D SPACE',''
  ) );
#3037 = ORIENTED_EDGE('',*,*,#3038,.T.);
#3038 = EDGE_CURVE('',#3016,#1234,#3039,.T.);
#3039 = SURFACE_CURVE('',#3040,(#3044,#3051),.PCURVE_S1.);
#3040 = LINE('',#3041,#3042);
#3041 = CARTESIAN_POINT('',(225.,-10.,136.38989221983));
#3042 = VECTOR('',#3043,1.);
#3043 = DIRECTION('',(-0.,1.,0.));
#3044 = PCURVE('',#607,#3045);
#3045 = DEFINITIONAL_REPRESENTATION('',(#3046),#3050);
#3046 = LINE('',#3047,#3048);
#3047 = CARTESIAN_POINT('',(2.,0.));
#3048 = VECTOR('',#3049,1.);
#3049 = DIRECTION('',(0.,-1.));
#3050 = ( GEOMETRIC_REPRESENTATION_CONTEXT(2) 
PARAMETRIC_REPRESENTATION_CONTEXT() REPRESENTATION_CONTEXT('2D SPACE',''
  ) );
#3051 = PCURVE('',#2421,#3052);
#3052 = DEFINITIONAL_REPRESENTATION('',(#3053),#3057);
#3053 = LINE('',#3054,#3055);
#3054 = CARTESIAN_POINT('',(2.,0.));
#3055 = VECTOR('',#3056,1.);
#3056 = DIRECTION('',(0.,-1.));
#3057 = ( GEOMETRIC_REPRESENTATION_CONTEXT(2) 
PARAMETRIC_REPRESENTATION_CONTEXT() REPRESENTATION_CONTEXT('2D SPACE',''
  ) );
#3058 = ORIENTED_EDGE('',*,*,#1233,.T.);
#3059 = ORIENTED_EDGE('',*,*,#593,.T.);
#3060 = ADVANCED_FACE('',(#3061),#582,.T.);
#3061 = FACE_BOUND('',#3062,.T.);
#3062 = EDGE_LOOP('',(#3063,#3086,#3104,#3105));
#3063 = ORIENTED_EDGE('',*,*,#3064,.F.);
#3064 = EDGE_CURVE('',#3065,#3016,#3067,.T.);
#3065 = VERTEX_POINT('',#3066);
#3066 = CARTESIAN_POINT('',(203.35251142247,-10.,136.38989221983));
#3067 = SURFACE_CURVE('',#3068,(#3072,#3079),.PCURVE_S1.);
#3068 = LINE('',#3069,#3070);
#3069 = CARTESIAN_POINT('',(195.,-10.,136.38989221983));
#3070 = VECTOR('',#3071,1.);
#3071 = DIRECTION('',(1.,0.,-0.));
#3072 = PCURVE('',#582,#3073);
#3073 = DEFINITIONAL_REPRESENTATION('',(#3074),#3078);
#3074 = LINE('',#3075,#3076);
#3075 = CARTESIAN_POINT('',(2.,0.));
#3076 = VECTOR('',#3077,1.);
#3077 = DIRECTION('',(0.,1.));
#3078 = ( GEOMETRIC_REPRESENTATION_CONTEXT(2) 
PARAMETRIC_REPRESENTATION_CONTEXT() REPRESENTATION_CONTEXT('2D SPACE',''
  ) );
#3079 = PCURVE('',#2393,#3080);
#3080 = DEFINITIONAL_REPRESENTATION('',(#3081),#3085);
#3081 = LINE('',#3082,#3083);
#3082 = CARTESIAN_POINT('',(2.,0.));
#3083 = VECTOR('',#3084,1.);
#3084 = DIRECTION('',(0.,1.));
#3085 = ( GEOMETRIC_REPRESENTATION_CONTEXT(2) 
PARAMETRIC_REPRESENTATION_CONTEXT() REPRESENTATION_CONTEXT('2D SPACE',''
  ) );
#3086 = ORIENTED_EDGE('',*,*,#3087,.F.);
#3087 = EDGE_CURVE('',#544,#3065,#3088,.T.);
#3088 = SURFACE_CURVE('',#3089,(#3092,#3098),.PCURVE_S1.);
#3089 = B_SPLINE_CURVE_WITH_KNOTS('',1,(#3090,#3091),.UNSPECIFIED.,.F.,
  .F.,(2,2),(0.,1.),.PIECEWISE_BEZIER_KNOTS.);
#3090 = CARTESIAN_POINT('',(203.35251142247,-10.,139.38989221983));
#3091 = CARTESIAN_POINT('',(203.35251142247,-10.,136.38989221983));
#3092 = PCURVE('',#582,#3093);
#3093 = DEFINITIONAL_REPRESENTATION('',(#3094),#3097);
#3094 = B_SPLINE_CURVE_WITH_KNOTS('',1,(#3095,#3096),.UNSPECIFIED.,.F.,
  .F.,(2,2),(0.,1.),.PIECEWISE_BEZIER_KNOTS.);
#3095 = CARTESIAN_POINT('',(5.,8.352511422477));
#3096 = CARTESIAN_POINT('',(2.,8.352511422477));
#3097 = ( GEOMETRIC_REPRESENTATION_CONTEXT(2) 
PARAMETRIC_REPRESENTATION_CONTEXT() REPRESENTATION_CONTEXT('2D SPACE',''
  ) );
#3098 = PCURVE('',#557,#3099);
#3099 = DEFINITIONAL_REPRESENTATION('',(#3100),#3103);
#3100 = B_SPLINE_CURVE_WITH_KNOTS('',1,(#3101,#3102),.UNSPECIFIED.,.F.,
  .F.,(2,2),(0.,1.),.PIECEWISE_BEZIER_KNOTS.);
#3101 = CARTESIAN_POINT('',(5.,-35.));
#3102 = CARTESIAN_POINT('',(2.,-35.));
#3103 = ( GEOMETRIC_REPRESENTATION_CONTEXT(2) 
PARAMETRIC_REPRESENTATION_CONTEXT() REPRESENTATION_CONTEXT('2D SPACE',''
  ) );
#3104 = ORIENTED_EDGE('',*,*,#568,.F.);
#3105 = ORIENTED_EDGE('',*,*,#3015,.F.);
#3106 = ADVANCED_FACE('',(#3107),#557,.T.);
#3107 = FACE_BOUND('',#3108,.T.);
#3108 = EDGE_LOOP('',(#3109,#3110,#3111,#3129,#3130));
#3109 = ORIENTED_EDGE('',*,*,#543,.F.);
#3110 = ORIENTED_EDGE('',*,*,#3087,.T.);
#3111 = ORIENTED_EDGE('',*,*,#3112,.T.);
#3112 = EDGE_CURVE('',#3065,#2358,#3113,.T.);
#3113 = SURFACE_CURVE('',#3114,(#3117,#3123),.PCURVE_S1.);
#3114 = B_SPLINE_CURVE_WITH_KNOTS('',1,(#3115,#3116),.UNSPECIFIED.,.F.,
  .F.,(2,2),(0.,1.),.PIECEWISE_BEZIER_KNOTS.);
#3115 = CARTESIAN_POINT('',(203.35251142247,-10.,136.38989221983));
#3116 = CARTESIAN_POINT('',(203.35251142247,-10.,134.38989221983));
#3117 = PCURVE('',#557,#3118);
#3118 = DEFINITIONAL_REPRESENTATION('',(#3119),#3122);
#3119 = B_SPLINE_CURVE_WITH_KNOTS('',1,(#3120,#3121),.UNSPECIFIED.,.F.,
  .F.,(2,2),(0.,1.),.PIECEWISE_BEZIER_KNOTS.);
#3120 = CARTESIAN_POINT('',(2.,-35.));
#3121 = CARTESIAN_POINT('',(0.,-35.));
#3122 = ( GEOMETRIC_REPRESENTATION_CONTEXT(2) 
PARAMETRIC_REPRESENTATION_CONTEXT() REPRESENTATION_CONTEXT('2D SPACE',''
  ) );
#3123 = PCURVE('',#2393,#3124);
#3124 = DEFINITIONAL_REPRESENTATION('',(#3125),#3128);
#3125 = B_SPLINE_CURVE_WITH_KNOTS('',1,(#3126,#3127),.UNSPECIFIED.,.F.,
  .F.,(2,2),(0.,1.),.PIECEWISE_BEZIER_KNOTS.);
#3126 = CARTESIAN_POINT('',(2.,8.352511422477));
#3127 = CARTESIAN_POINT('',(0.,8.352511422477));
#3128 = ( GEOMETRIC_REPRESENTATION_CONTEXT(2) 
PARAMETRIC_REPRESENTATION_CONTEXT() REPRESENTATION_CONTEXT('2D SPACE',''
  ) );
#3129 = ORIENTED_EDGE('',*,*,#2357,.T.);
#3130 = ORIENTED_EDGE('',*,*,#3131,.T.);
#3131 = EDGE_CURVE('',#2338,#519,#3132,.T.);
#3132 = SURFACE_CURVE('',#3133,(#3136,#3142),.PCURVE_S1.);
#3133 = B_SPLINE_CURVE_WITH_KNOTS('',1,(#3134,#3135),.UNSPECIFIED.,.F.,
  .F.,(2,2),(0.,5.),.PIECEWISE_BEZIER_KNOTS.);
#3134 = CARTESIAN_POINT('',(203.35251142247,-20.,134.38989221983));
#3135 = CARTESIAN_POINT('',(203.35251142247,-20.,139.38989221983));
#3136 = PCURVE('',#557,#3137);
#3137 = DEFINITIONAL_REPRESENTATION('',(#3138),#3141);
#3138 = B_SPLINE_CURVE_WITH_KNOTS('',1,(#3139,#3140),.UNSPECIFIED.,.F.,
  .F.,(2,2),(0.,5.),.PIECEWISE_BEZIER_KNOTS.);
#3139 = CARTESIAN_POINT('',(0.,-45.));
#3140 = CARTESIAN_POINT('',(5.,-45.));
#3141 = ( GEOMETRIC_REPRESENTATION_CONTEXT(2) 
PARAMETRIC_REPRESENTATION_CONTEXT() REPRESENTATION_CONTEXT('2D SPACE',''
  ) );
#3142 = PCURVE('',#532,#3143);
#3143 = DEFINITIONAL_REPRESENTATION('',(#3144),#3147);
#3144 = B_SPLINE_CURVE_WITH_KNOTS('',1,(#3145,#3146),.UNSPECIFIED.,.F.,
  .F.,(2,2),(0.,5.),.PIECEWISE_BEZIER_KNOTS.);
#3145 = CARTESIAN_POINT('',(0.,0.));
#3146 = CARTESIAN_POINT('',(5.,0.));
#3147 = ( GEOMETRIC_REPRESENTATION_CONTEXT(2) 
PARAMETRIC_REPRESENTATION_CONTEXT() REPRESENTATION_CONTEXT('2D SPACE',''
  ) );
#3148 = ADVANCED_FACE('',(#3149),#532,.F.);
#3149 = FACE_BOUND('',#3150,.F.);
#3150 = EDGE_LOOP('',(#3151,#3152,#3153,#3154));
#3151 = ORIENTED_EDGE('',*,*,#2337,.F.);
#3152 = ORIENTED_EDGE('',*,*,#3131,.T.);
#3153 = ORIENTED_EDGE('',*,*,#518,.T.);
#3154 = ORIENTED_EDGE('',*,*,#2960,.F.);
#3155 = ADVANCED_FACE('',(#3156),#662,.T.);
#3156 = FACE_BOUND('',#3157,.T.);
#3157 = EDGE_LOOP('',(#3158,#3178,#3179,#3180));
#3158 = ORIENTED_EDGE('',*,*,#3159,.T.);
#3159 = EDGE_CURVE('',#1656,#639,#3160,.T.);
#3160 = SEAM_CURVE('',#3161,(#3164,#3171),.PCURVE_S1.);
#3161 = B_SPLINE_CURVE_WITH_KNOTS('',1,(#3162,#3163),.UNSPECIFIED.,.F.,
  .F.,(2,2),(9.999999999999E-02,5.1),.PIECEWISE_BEZIER_KNOTS.);
#3162 = CARTESIAN_POINT('',(212.60251142247,15.,134.38989221983));
#3163 = CARTESIAN_POINT('',(212.60251142247,15.,139.38989221983));
#3164 = PCURVE('',#662,#3165);
#3165 = DEFINITIONAL_REPRESENTATION('',(#3166),#3170);
#3166 = B_SPLINE_CURVE_WITH_KNOTS('',2,(#3167,#3168,#3169),
  .UNSPECIFIED.,.F.,.F.,(3,3),(9.999999999999E-02,5.1),
  .PIECEWISE_BEZIER_KNOTS.);
#3167 = CARTESIAN_POINT('',(6.28318530718,9.999999999999E-02));
#3168 = CARTESIAN_POINT('',(6.28318530718,2.6));
#3169 = CARTESIAN_POINT('',(6.28318530718,5.1));
#3170 = ( GEOMETRIC_REPRESENTATION_CONTEXT(2) 
PARAMETRIC_REPRESENTATION_CONTEXT() REPRESENTATION_CONTEXT('2D SPACE',''
  ) );
#3171 = PCURVE('',#662,#3172);
#3172 = DEFINITIONAL_REPRESENTATION('',(#3173),#3177);
#3173 = B_SPLINE_CURVE_WITH_KNOTS('',2,(#3174,#3175,#3176),
  .UNSPECIFIED.,.F.,.F.,(3,3),(9.999999999999E-02,5.1),
  .PIECEWISE_BEZIER_KNOTS.);
#3174 = CARTESIAN_POINT('',(0.,9.999999999999E-02));
#3175 = CARTESIAN_POINT('',(8.881784197001E-16,2.6));
#3176 = CARTESIAN_POINT('',(0.,5.1));
#3177 = ( GEOMETRIC_REPRESENTATION_CONTEXT(2) 
PARAMETRIC_REPRESENTATION_CONTEXT() REPRESENTATION_CONTEXT('2D SPACE',''
  ) );
#3178 = ORIENTED_EDGE('',*,*,#638,.F.);
#3179 = ORIENTED_EDGE('',*,*,#3159,.F.);
#3180 = ORIENTED_EDGE('',*,*,#1655,.F.);
#3181 = ADVANCED_FACE('',(#3182),#714,.T.);
#3182 = FACE_BOUND('',#3183,.T.);
#3183 = EDGE_LOOP('',(#3184,#3204,#3205,#3206,#3207,#3234,#3235,#3236));
#3184 = ORIENTED_EDGE('',*,*,#3185,.T.);
#3185 = EDGE_CURVE('',#2888,#691,#3186,.T.);
#3186 = SEAM_CURVE('',#3187,(#3190,#3197),.PCURVE_S1.);
#3187 = B_SPLINE_CURVE_WITH_KNOTS('',1,(#3188,#3189),.UNSPECIFIED.,.F.,
  .F.,(2,2),(9.999999999999E-02,5.1),.PIECEWISE_BEZIER_KNOTS.);
#3188 = CARTESIAN_POINT('',(228.60251142247,15.,134.38989221983));
#3189 = CARTESIAN_POINT('',(228.60251142247,15.,139.38989221983));
#3190 = PCURVE('',#714,#3191);
#3191 = DEFINITIONAL_REPRESENTATION('',(#3192),#3196);
#3192 = B_SPLINE_CURVE_WITH_KNOTS('',2,(#3193,#3194,#3195),
  .UNSPECIFIED.,.F.,.F.,(3,3),(9.999999999999E-02,5.1),
  .PIECEWISE_BEZIER_KNOTS.);
#3193 = CARTESIAN_POINT('',(6.28318530718,9.999999999999E-02));
#3194 = CARTESIAN_POINT('',(6.28318530718,2.6));
#3195 = CARTESIAN_POINT('',(6.28318530718,5.1));
#3196 = ( GEOMETRIC_REPRESENTATION_CONTEXT(2) 
PARAMETRIC_REPRESENTATION_CONTEXT() REPRESENTATION_CONTEXT('2D SPACE',''
  ) );
#3197 = PCURVE('',#714,#3198);
#3198 = DEFINITIONAL_REPRESENTATION('',(#3199),#3203);
#3199 = B_SPLINE_CURVE_WITH_KNOTS('',2,(#3200,#3201,#3202),
  .UNSPECIFIED.,.F.,.F.,(3,3),(9.999999999999E-02,5.1),
  .PIECEWISE_BEZIER_KNOTS.);
#3200 = CARTESIAN_POINT('',(0.,9.999999999999E-02));
#3201 = CARTESIAN_POINT('',(8.881784197001E-16,2.6));
#3202 = CARTESIAN_POINT('',(0.,5.1));
#3203 = ( GEOMETRIC_REPRESENTATION_CONTEXT(2) 
PARAMETRIC_REPRESENTATION_CONTEXT() REPRESENTATION_CONTEXT('2D SPACE',''
  ) );
#3204 = ORIENTED_EDGE('',*,*,#690,.F.);
#3205 = ORIENTED_EDGE('',*,*,#3185,.F.);
#3206 = ORIENTED_EDGE('',*,*,#2887,.T.);
#3207 = ORIENTED_EDGE('',*,*,#3208,.T.);
#3208 = EDGE_CURVE('',#2865,#1337,#3209,.T.);
#3209 = SURFACE_CURVE('',#3210,(#3216,#3225),.PCURVE_S1.);
#3210 = B_SPLINE_CURVE_WITH_KNOTS('',4,(#3211,#3212,#3213,#3214,#3215),
  .UNSPECIFIED.,.F.,.F.,(5,5),(0.,1.),.PIECEWISE_BEZIER_KNOTS.);
#3211 = CARTESIAN_POINT('',(225.,13.201886307246,134.38989221983));
#3212 = CARTESIAN_POINT('',(225.,13.201886307246,134.88989221983));
#3213 = CARTESIAN_POINT('',(225.,13.201886307246,135.38989221983));
#3214 = CARTESIAN_POINT('',(225.,13.201886307246,135.88989221983));
#3215 = CARTESIAN_POINT('',(225.,13.201886307246,136.38989221983));
#3216 = PCURVE('',#714,#3217);
#3217 = DEFINITIONAL_REPRESENTATION('',(#3218),#3224);
#3218 = B_SPLINE_CURVE_WITH_KNOTS('',4,(#3219,#3220,#3221,#3222,#3223),
  .UNSPECIFIED.,.F.,.F.,(5,5),(0.,1.),.PIECEWISE_BEZIER_KNOTS.);
#3219 = CARTESIAN_POINT('',(2.236274920969,9.999999999999E-02));
#3220 = CARTESIAN_POINT('',(2.236274920969,0.6));
#3221 = CARTESIAN_POINT('',(2.236274920969,1.1));
#3222 = CARTESIAN_POINT('',(2.236274920969,1.6));
#3223 = CARTESIAN_POINT('',(2.236274920969,2.1));
#3224 = ( GEOMETRIC_REPRESENTATION_CONTEXT(2) 
PARAMETRIC_REPRESENTATION_CONTEXT() REPRESENTATION_CONTEXT('2D SPACE',''
  ) );
#3225 = PCURVE('',#1352,#3226);
#3226 = DEFINITIONAL_REPRESENTATION('',(#3227),#3233);
#3227 = B_SPLINE_CURVE_WITH_KNOTS('',4,(#3228,#3229,#3230,#3231,#3232),
  .UNSPECIFIED.,.F.,.F.,(5,5),(0.,1.),.PIECEWISE_BEZIER_KNOTS.);
#3228 = CARTESIAN_POINT('',(0.,-23.20188630724));
#3229 = CARTESIAN_POINT('',(0.5,-23.20188630724));
#3230 = CARTESIAN_POINT('',(1.,-23.20188630724));
#3231 = CARTESIAN_POINT('',(1.5,-23.20188630724));
#3232 = CARTESIAN_POINT('',(2.,-23.20188630724));
#3233 = ( GEOMETRIC_REPRESENTATION_CONTEXT(2) 
PARAMETRIC_REPRESENTATION_CONTEXT() REPRESENTATION_CONTEXT('2D SPACE',''
  ) );
#3234 = ORIENTED_EDGE('',*,*,#1364,.F.);
#3235 = ORIENTED_EDGE('',*,*,#2982,.F.);
#3236 = ORIENTED_EDGE('',*,*,#2922,.T.);
#3237 = ADVANCED_FACE('',(#3238),#806,.F.);
#3238 = FACE_BOUND('',#3239,.F.);
#3239 = EDGE_LOOP('',(#3240,#3261,#3262,#3263,#3264));
#3240 = ORIENTED_EDGE('',*,*,#3241,.T.);
#3241 = EDGE_CURVE('',#1599,#743,#3242,.T.);
#3242 = SEAM_CURVE('',#3243,(#3247,#3254),.PCURVE_S1.);
#3243 = LINE('',#3244,#3245);
#3244 = CARTESIAN_POINT('',(212.05251142247,3.,74.389892219836));
#3245 = VECTOR('',#3246,1.);
#3246 = DIRECTION('',(0.,0.,1.));
#3247 = PCURVE('',#806,#3248);
#3248 = DEFINITIONAL_REPRESENTATION('',(#3249),#3253);
#3249 = LINE('',#3250,#3251);
#3250 = CARTESIAN_POINT('',(6.28318530718,-0.));
#3251 = VECTOR('',#3252,1.);
#3252 = DIRECTION('',(0.,1.));
#3253 = ( GEOMETRIC_REPRESENTATION_CONTEXT(2) 
PARAMETRIC_REPRESENTATION_CONTEXT() REPRESENTATION_CONTEXT('2D SPACE',''
  ) );
#3254 = PCURVE('',#806,#3255);
#3255 = DEFINITIONAL_REPRESENTATION('',(#3256),#3260);
#3256 = LINE('',#3257,#3258);
#3257 = CARTESIAN_POINT('',(0.,-0.));
#3258 = VECTOR('',#3259,1.);
#3259 = DIRECTION('',(0.,1.));
#3260 = ( GEOMETRIC_REPRESENTATION_CONTEXT(2) 
PARAMETRIC_REPRESENTATION_CONTEXT() REPRESENTATION_CONTEXT('2D SPACE',''
  ) );
#3261 = ORIENTED_EDGE('',*,*,#841,.F.);
#3262 = ORIENTED_EDGE('',*,*,#742,.F.);
#3263 = ORIENTED_EDGE('',*,*,#3241,.F.);
#3264 = ORIENTED_EDGE('',*,*,#1598,.T.);
#3265 = ADVANCED_FACE('',(#3266),#1037,.F.);
#3266 = FACE_BOUND('',#3267,.F.);
#3267 = EDGE_LOOP('',(#3268,#3289,#3290,#3291,#3292,#3293,#3294,#3313,
    #3314,#3333));
#3268 = ORIENTED_EDGE('',*,*,#3269,.T.);
#3269 = EDGE_CURVE('',#2457,#982,#3270,.T.);
#3270 = SEAM_CURVE('',#3271,(#3275,#3282),.PCURVE_S1.);
#3271 = LINE('',#3272,#3273);
#3272 = CARTESIAN_POINT('',(228.05251142247,3.,74.389892219836));
#3273 = VECTOR('',#3274,1.);
#3274 = DIRECTION('',(0.,0.,1.));
#3275 = PCURVE('',#1037,#3276);
#3276 = DEFINITIONAL_REPRESENTATION('',(#3277),#3281);
#3277 = LINE('',#3278,#3279);
#3278 = CARTESIAN_POINT('',(6.28318530718,-0.));
#3279 = VECTOR('',#3280,1.);
#3280 = DIRECTION('',(0.,1.));
#3281 = ( GEOMETRIC_REPRESENTATION_CONTEXT(2) 
PARAMETRIC_REPRESENTATION_CONTEXT() REPRESENTATION_CONTEXT('2D SPACE',''
  ) );
#3282 = PCURVE('',#1037,#3283);
#3283 = DEFINITIONAL_REPRESENTATION('',(#3284),#3288);
#3284 = LINE('',#3285,#3286);
#3285 = CARTESIAN_POINT('',(0.,-0.));
#3286 = VECTOR('',#3287,1.);
#3287 = DIRECTION('',(0.,1.));
#3288 = ( GEOMETRIC_REPRESENTATION_CONTEXT(2) 
PARAMETRIC_REPRESENTATION_CONTEXT() REPRESENTATION_CONTEXT('2D SPACE',''
  ) );
#3289 = ORIENTED_EDGE('',*,*,#1068,.F.);
#3290 = ORIENTED_EDGE('',*,*,#981,.F.);
#3291 = ORIENTED_EDGE('',*,*,#3269,.F.);
#3292 = ORIENTED_EDGE('',*,*,#2620,.T.);
#3293 = ORIENTED_EDGE('',*,*,#2700,.T.);
#3294 = ORIENTED_EDGE('',*,*,#3295,.T.);
#3295 = EDGE_CURVE('',#2701,#1313,#3296,.T.);
#3296 = SURFACE_CURVE('',#3297,(#3301,#3307),.PCURVE_S1.);
#3297 = LINE('',#3298,#3299);
#3298 = CARTESIAN_POINT('',(225.,4.029909147483,74.389892219836));
#3299 = VECTOR('',#3300,1.);
#3300 = DIRECTION('',(0.,0.,1.));
#3301 = PCURVE('',#1037,#3302);
#3302 = DEFINITIONAL_REPRESENTATION('',(#3303),#3306);
#3303 = B_SPLINE_CURVE_WITH_KNOTS('',1,(#3304,#3305),.UNSPECIFIED.,.F.,
  .F.,(2,2),(59.9999994,62.2),.PIECEWISE_BEZIER_KNOTS.);
#3304 = CARTESIAN_POINT('',(2.490785324206,59.9999994));
#3305 = CARTESIAN_POINT('',(2.490785324206,62.2));
#3306 = ( GEOMETRIC_REPRESENTATION_CONTEXT(2) 
PARAMETRIC_REPRESENTATION_CONTEXT() REPRESENTATION_CONTEXT('2D SPACE',''
  ) );
#3307 = PCURVE('',#1352,#3308);
#3308 = DEFINITIONAL_REPRESENTATION('',(#3309),#3312);
#3309 = B_SPLINE_CURVE_WITH_KNOTS('',1,(#3310,#3311),.UNSPECIFIED.,.F.,
  .F.,(2,2),(59.9999994,62.2),.PIECEWISE_BEZIER_KNOTS.);
#3310 = CARTESIAN_POINT('',(-5.999999928008E-07,-14.02990914748));
#3311 = CARTESIAN_POINT('',(2.2,-14.02990914748));
#3312 = ( GEOMETRIC_REPRESENTATION_CONTEXT(2) 
PARAMETRIC_REPRESENTATION_CONTEXT() REPRESENTATION_CONTEXT('2D SPACE',''
  ) );
#3313 = ORIENTED_EDGE('',*,*,#1312,.T.);
#3314 = ORIENTED_EDGE('',*,*,#3315,.F.);
#3315 = EDGE_CURVE('',#2434,#1285,#3316,.T.);
#3316 = SURFACE_CURVE('',#3317,(#3321,#3327),.PCURVE_S1.);
#3317 = LINE('',#3318,#3319);
#3318 = CARTESIAN_POINT('',(225.,1.970090852517,74.389892219836));
#3319 = VECTOR('',#3320,1.);
#3320 = DIRECTION('',(0.,0.,1.));
#3321 = PCURVE('',#1037,#3322);
#3322 = DEFINITIONAL_REPRESENTATION('',(#3323),#3326);
#3323 = B_SPLINE_CURVE_WITH_KNOTS('',1,(#3324,#3325),.UNSPECIFIED.,.F.,
  .F.,(2,2),(59.9999994,62.2),.PIECEWISE_BEZIER_KNOTS.);
#3324 = CARTESIAN_POINT('',(3.792399982973,59.9999994));
#3325 = CARTESIAN_POINT('',(3.792399982973,62.2));
#3326 = ( GEOMETRIC_REPRESENTATION_CONTEXT(2) 
PARAMETRIC_REPRESENTATION_CONTEXT() REPRESENTATION_CONTEXT('2D SPACE',''
  ) );
#3327 = PCURVE('',#1300,#3328);
#3328 = DEFINITIONAL_REPRESENTATION('',(#3329),#3332);
#3329 = B_SPLINE_CURVE_WITH_KNOTS('',1,(#3330,#3331),.UNSPECIFIED.,.F.,
  .F.,(2,2),(59.9999994,62.2),.PIECEWISE_BEZIER_KNOTS.);
#3330 = CARTESIAN_POINT('',(-5.999999928008E-07,-11.97009085251));
#3331 = CARTESIAN_POINT('',(2.2,-11.97009085251));
#3332 = ( GEOMETRIC_REPRESENTATION_CONTEXT(2) 
PARAMETRIC_REPRESENTATION_CONTEXT() REPRESENTATION_CONTEXT('2D SPACE',''
  ) );
#3333 = ORIENTED_EDGE('',*,*,#2456,.T.);
#3334 = ADVANCED_FACE('',(#3335),#1352,.F.);
#3335 = FACE_BOUND('',#3336,.F.);
#3336 = EDGE_LOOP('',(#3337,#3338,#3339,#3340));
#3337 = ORIENTED_EDGE('',*,*,#3295,.F.);
#3338 = ORIENTED_EDGE('',*,*,#2864,.T.);
#3339 = ORIENTED_EDGE('',*,*,#3208,.T.);
#3340 = ORIENTED_EDGE('',*,*,#1336,.F.);
#3341 = ADVANCED_FACE('',(#3342),#1300,.F.);
#3342 = FACE_BOUND('',#3343,.F.);
#3343 = EDGE_LOOP('',(#3344,#3365,#3366,#3367));
#3344 = ORIENTED_EDGE('',*,*,#3345,.F.);
#3345 = EDGE_CURVE('',#2406,#1234,#3346,.T.);
#3346 = SURFACE_CURVE('',#3347,(#3351,#3358),.PCURVE_S1.);
#3347 = LINE('',#3348,#3349);
#3348 = CARTESIAN_POINT('',(225.,-8.,134.38989221983));
#3349 = VECTOR('',#3350,1.);
#3350 = DIRECTION('',(0.,0.,1.));
#3351 = PCURVE('',#1300,#3352);
#3352 = DEFINITIONAL_REPRESENTATION('',(#3353),#3357);
#3353 = LINE('',#3354,#3355);
#3354 = CARTESIAN_POINT('',(0.,-2.));
#3355 = VECTOR('',#3356,1.);
#3356 = DIRECTION('',(1.,0.));
#3357 = ( GEOMETRIC_REPRESENTATION_CONTEXT(2) 
PARAMETRIC_REPRESENTATION_CONTEXT() REPRESENTATION_CONTEXT('2D SPACE',''
  ) );
#3358 = PCURVE('',#2421,#3359);
#3359 = DEFINITIONAL_REPRESENTATION('',(#3360),#3364);
#3360 = LINE('',#3361,#3362);
#3361 = CARTESIAN_POINT('',(0.,-2.));
#3362 = VECTOR('',#3363,1.);
#3363 = DIRECTION('',(1.,0.));
#3364 = ( GEOMETRIC_REPRESENTATION_CONTEXT(2) 
PARAMETRIC_REPRESENTATION_CONTEXT() REPRESENTATION_CONTEXT('2D SPACE',''
  ) );
#3365 = ORIENTED_EDGE('',*,*,#2433,.T.);
#3366 = ORIENTED_EDGE('',*,*,#3315,.T.);
#3367 = ORIENTED_EDGE('',*,*,#1284,.F.);
#3368 = ADVANCED_FACE('',(#3369),#1641,.T.);
#3369 = FACE_BOUND('',#3370,.T.);
#3370 = EDGE_LOOP('',(#3371,#3372,#3395,#3452));
#3371 = ORIENTED_EDGE('',*,*,#1624,.F.);
#3372 = ORIENTED_EDGE('',*,*,#3373,.F.);
#3373 = EDGE_CURVE('',#3374,#1625,#3376,.T.);
#3374 = VERTEX_POINT('',#3375);
#3375 = CARTESIAN_POINT('',(219.2,0.,134.38989221983));
#3376 = SEAM_CURVE('',#3377,(#3381,#3388),.PCURVE_S1.);
#3377 = LINE('',#3378,#3379);
#3378 = CARTESIAN_POINT('',(219.2,0.,134.28989221983));
#3379 = VECTOR('',#3380,1.);
#3380 = DIRECTION('',(0.,0.,1.));
#3381 = PCURVE('',#1641,#3382);
#3382 = DEFINITIONAL_REPRESENTATION('',(#3383),#3387);
#3383 = LINE('',#3384,#3385);
#3384 = CARTESIAN_POINT('',(6.28318530718,-0.));
#3385 = VECTOR('',#3386,1.);
#3386 = DIRECTION('',(0.,1.));
#3387 = ( GEOMETRIC_REPRESENTATION_CONTEXT(2) 
PARAMETRIC_REPRESENTATION_CONTEXT() REPRESENTATION_CONTEXT('2D SPACE',''
  ) );
#3388 = PCURVE('',#1641,#3389);
#3389 = DEFINITIONAL_REPRESENTATION('',(#3390),#3394);
#3390 = LINE('',#3391,#3392);
#3391 = CARTESIAN_POINT('',(0.,-0.));
#3392 = VECTOR('',#3393,1.);
#3393 = DIRECTION('',(0.,1.));
#3394 = ( GEOMETRIC_REPRESENTATION_CONTEXT(2) 
PARAMETRIC_REPRESENTATION_CONTEXT() REPRESENTATION_CONTEXT('2D SPACE',''
  ) );
#3395 = ORIENTED_EDGE('',*,*,#3396,.T.);
#3396 = EDGE_CURVE('',#3374,#3374,#3397,.T.);
#3397 = SURFACE_CURVE('',#3398,(#3403,#3410),.PCURVE_S1.);
#3398 = CIRCLE('',#3399,2.2);
#3399 = AXIS2_PLACEMENT_3D('',#3400,#3401,#3402);
#3400 = CARTESIAN_POINT('',(217.,0.,134.38989221983));
#3401 = DIRECTION('',(0.,0.,1.));
#3402 = DIRECTION('',(1.,0.,-0.));
#3403 = PCURVE('',#1641,#3404);
#3404 = DEFINITIONAL_REPRESENTATION('',(#3405),#3409);
#3405 = LINE('',#3406,#3407);
#3406 = CARTESIAN_POINT('',(0.,0.1));
#3407 = VECTOR('',#3408,1.);
#3408 = DIRECTION('',(1.,0.));
#3409 = ( GEOMETRIC_REPRESENTATION_CONTEXT(2) 
PARAMETRIC_REPRESENTATION_CONTEXT() REPRESENTATION_CONTEXT('2D SPACE',''
  ) );
#3410 = PCURVE('',#3411,#3416);
#3411 = B_SPLINE_SURFACE_WITH_KNOTS('',1,1,(
    (#3412,#3413)
    ,(#3414,#3415
    )),.UNSPECIFIED.,.F.,.F.,.F.,(2,2),(2,2),(0.,30.),(0.,45.),
  .PIECEWISE_BEZIER_KNOTS.);
#3412 = CARTESIAN_POINT('',(203.35251142247,25.,134.38989221983));
#3413 = CARTESIAN_POINT('',(203.35251142247,-20.,134.38989221983));
#3414 = CARTESIAN_POINT('',(233.35251142247,25.,134.38989221983));
#3415 = CARTESIAN_POINT('',(233.35251142247,-20.,134.38989221983));
#3416 = DEFINITIONAL_REPRESENTATION('',(#3417),#3451);
#3417 = B_SPLINE_CURVE_WITH_KNOTS('',8,(#3418,#3419,#3420,#3421,#3422,
    #3423,#3424,#3425,#3426,#3427,#3428,#3429,#3430,#3431,#3432,#3433,
    #3434,#3435,#3436,#3437,#3438,#3439,#3440,#3441,#3442,#3443,#3444,
    #3445,#3446,#3447,#3448,#3449,#3450),.UNSPECIFIED.,.F.,.F.,(9,8,8,8,
    9),(0.,1.570796326795,2.748893571891,4.516039439535,6.28318530718),
  .UNSPECIFIED.);
#3418 = CARTESIAN_POINT('',(15.847488577523,25.));
#3419 = CARTESIAN_POINT('',(15.847489015003,24.568030615828));
#3420 = CARTESIAN_POINT('',(15.75055232411,24.136064303417));
#3421 = CARTESIAN_POINT('',(15.556694500552,23.72946479745));
#3422 = CARTESIAN_POINT('',(15.273849680161,23.37363889729));
#3423 = CARTESIAN_POINT('',(14.918023779921,23.09079407699));
#3424 = CARTESIAN_POINT('',(14.511424274245,22.896936253221));
#3425 = CARTESIAN_POINT('',(14.079457961718,22.799999562607));
#3426 = CARTESIAN_POINT('',(13.647488577523,22.8));
#3427 = CARTESIAN_POINT('',(13.323511804086,22.799999949421));
#3428 = CARTESIAN_POINT('',(12.999535272301,22.854525461096));
#3429 = CARTESIAN_POINT('',(12.686263917579,22.963574709658));
#3430 = CARTESIAN_POINT('',(12.394406049956,23.124629467828));
#3431 = CARTESIAN_POINT('',(12.13392168415,23.332637989775));
#3432 = CARTESIAN_POINT('',(11.913289558829,23.580331643238));
#3433 = CARTESIAN_POINT('',(11.738934102827,23.858780919304));
#3434 = CARTESIAN_POINT('',(11.614953605998,24.158096448797));
#3435 = CARTESIAN_POINT('',(11.428982770703,24.607069591133));
#3436 = CARTESIAN_POINT('',(11.356355333526,25.10299177171));
#3437 = CARTESIAN_POINT('',(11.410896598769,25.612475911854));
#3438 = CARTESIAN_POINT('',(11.594642279088,26.097269186983));
#3439 = CARTESIAN_POINT('',(11.895649545593,26.519384889165));
#3440 = CARTESIAN_POINT('',(12.288968616776,26.847788504034));
#3441 = CARTESIAN_POINT('',(12.741662484659,27.062920602708));
#3442 = CARTESIAN_POINT('',(13.218289869087,27.157727616887));
#3443 = CARTESIAN_POINT('',(13.694917228117,27.252534759973));
#3444 = CARTESIAN_POINT('',(14.195479314454,27.227017063298));
#3445 = CARTESIAN_POINT('',(14.684533380903,27.074128364213));
#3446 = CARTESIAN_POINT('',(15.124164505047,26.799334825249));
#3447 = CARTESIAN_POINT('',(15.479445748031,26.4217606436));
#3448 = CARTESIAN_POINT('',(15.724806442449,25.971930727072));
#3449 = CARTESIAN_POINT('',(15.847488643034,25.485965053958));
#3450 = CARTESIAN_POINT('',(15.847488577523,25.));
#3451 = ( GEOMETRIC_REPRESENTATION_CONTEXT(2) 
PARAMETRIC_REPRESENTATION_CONTEXT() REPRESENTATION_CONTEXT('2D SPACE',''
  ) );
#3452 = ORIENTED_EDGE('',*,*,#3373,.T.);
#3453 = ADVANCED_FACE('',(#3454),#2090,.T.);
#3454 = FACE_BOUND('',#3455,.T.);
#3455 = EDGE_LOOP('',(#3456,#3457,#3480,#3537));
#3456 = ORIENTED_EDGE('',*,*,#2073,.F.);
#3457 = ORIENTED_EDGE('',*,*,#3458,.F.);
#3458 = EDGE_CURVE('',#3459,#2074,#3461,.T.);
#3459 = VERTEX_POINT('',#3460);
#3460 = CARTESIAN_POINT('',(219.2,20.,134.38989221983));
#3461 = SEAM_CURVE('',#3462,(#3466,#3473),.PCURVE_S1.);
#3462 = LINE('',#3463,#3464);
#3463 = CARTESIAN_POINT('',(219.2,20.,134.28989221983));
#3464 = VECTOR('',#3465,1.);
#3465 = DIRECTION('',(0.,0.,1.));
#3466 = PCURVE('',#2090,#3467);
#3467 = DEFINITIONAL_REPRESENTATION('',(#3468),#3472);
#3468 = LINE('',#3469,#3470);
#3469 = CARTESIAN_POINT('',(6.28318530718,-0.));
#3470 = VECTOR('',#3471,1.);
#3471 = DIRECTION('',(0.,1.));
#3472 = ( GEOMETRIC_REPRESENTATION_CONTEXT(2) 
PARAMETRIC_REPRESENTATION_CONTEXT() REPRESENTATION_CONTEXT('2D SPACE',''
  ) );
#3473 = PCURVE('',#2090,#3474);
#3474 = DEFINITIONAL_REPRESENTATION('',(#3475),#3479);
#3475 = LINE('',#3476,#3477);
#3476 = CARTESIAN_POINT('',(0.,-0.));
#3477 = VECTOR('',#3478,1.);
#3478 = DIRECTION('',(0.,1.));
#3479 = ( GEOMETRIC_REPRESENTATION_CONTEXT(2) 
PARAMETRIC_REPRESENTATION_CONTEXT() REPRESENTATION_CONTEXT('2D SPACE',''
  ) );
#3480 = ORIENTED_EDGE('',*,*,#3481,.T.);
#3481 = EDGE_CURVE('',#3459,#3459,#3482,.T.);
#3482 = SURFACE_CURVE('',#3483,(#3488,#3495),.PCURVE_S1.);
#3483 = CIRCLE('',#3484,2.2);
#3484 = AXIS2_PLACEMENT_3D('',#3485,#3486,#3487);
#3485 = CARTESIAN_POINT('',(217.,20.,134.38989221983));
#3486 = DIRECTION('',(0.,0.,1.));
#3487 = DIRECTION('',(1.,0.,-0.));
#3488 = PCURVE('',#2090,#3489);
#3489 = DEFINITIONAL_REPRESENTATION('',(#3490),#3494);
#3490 = LINE('',#3491,#3492);
#3491 = CARTESIAN_POINT('',(0.,0.1));
#3492 = VECTOR('',#3493,1.);
#3493 = DIRECTION('',(1.,0.));
#3494 = ( GEOMETRIC_REPRESENTATION_CONTEXT(2) 
PARAMETRIC_REPRESENTATION_CONTEXT() REPRESENTATION_CONTEXT('2D SPACE',''
  ) );
#3495 = PCURVE('',#3496,#3501);
#3496 = B_SPLINE_SURFACE_WITH_KNOTS('',1,1,(
    (#3497,#3498)
    ,(#3499,#3500
    )),.UNSPECIFIED.,.F.,.F.,.F.,(2,2),(2,2),(0.,30.),(0.,45.),
  .PIECEWISE_BEZIER_KNOTS.);
#3497 = CARTESIAN_POINT('',(203.35251142247,25.,134.38989221983));
#3498 = CARTESIAN_POINT('',(203.35251142247,-20.,134.38989221983));
#3499 = CARTESIAN_POINT('',(233.35251142247,25.,134.38989221983));
#3500 = CARTESIAN_POINT('',(233.35251142247,-20.,134.38989221983));
#3501 = DEFINITIONAL_REPRESENTATION('',(#3502),#3536);
#3502 = B_SPLINE_CURVE_WITH_KNOTS('',8,(#3503,#3504,#3505,#3506,#3507,
    #3508,#3509,#3510,#3511,#3512,#3513,#3514,#3515,#3516,#3517,#3518,
    #3519,#3520,#3521,#3522,#3523,#3524,#3525,#3526,#3527,#3528,#3529,
    #3530,#3531,#3532,#3533,#3534,#3535),.UNSPECIFIED.,.F.,.F.,(9,8,8,8,
    9),(0.,1.570796326795,2.748893571891,4.516039439535,6.28318530718),
  .UNSPECIFIED.);
#3503 = CARTESIAN_POINT('',(15.847488577523,5.));
#3504 = CARTESIAN_POINT('',(15.847489015003,4.568030615803));
#3505 = CARTESIAN_POINT('',(15.75055232411,4.136064303307));
#3506 = CARTESIAN_POINT('',(15.556694500552,3.729464797608));
#3507 = CARTESIAN_POINT('',(15.273849680161,3.373638897401));
#3508 = CARTESIAN_POINT('',(14.918023779921,3.090794076982));
#3509 = CARTESIAN_POINT('',(14.511424274245,2.896936253331));
#3510 = CARTESIAN_POINT('',(14.079457961718,2.79999956256));
#3511 = CARTESIAN_POINT('',(13.647488577523,2.8));
#3512 = CARTESIAN_POINT('',(13.323511804086,2.799999949326));
#3513 = CARTESIAN_POINT('',(12.999535272301,2.854525461375));
#3514 = CARTESIAN_POINT('',(12.686263917579,2.963574709372));
#3515 = CARTESIAN_POINT('',(12.394406049956,3.124629467969));
#3516 = CARTESIAN_POINT('',(12.13392168415,3.332637990198));
#3517 = CARTESIAN_POINT('',(11.913289558829,3.580331642866));
#3518 = CARTESIAN_POINT('',(11.738934102827,3.85878091936));
#3519 = CARTESIAN_POINT('',(11.614953605998,4.158096448797));
#3520 = CARTESIAN_POINT('',(11.428982770703,4.607069590715));
#3521 = CARTESIAN_POINT('',(11.356355333526,5.102991773048));
#3522 = CARTESIAN_POINT('',(11.410896598769,5.612475907838));
#3523 = CARTESIAN_POINT('',(11.594642279088,6.097269203106));
#3524 = CARTESIAN_POINT('',(11.895649545593,6.519384885556));
#3525 = CARTESIAN_POINT('',(12.288968616776,6.847788505533));
#3526 = CARTESIAN_POINT('',(12.741662484659,7.062920602257));
#3527 = CARTESIAN_POINT('',(13.218289869087,7.157727616887));
#3528 = CARTESIAN_POINT('',(13.694917228117,7.252534759955));
#3529 = CARTESIAN_POINT('',(14.195479314454,7.227017061989));
#3530 = CARTESIAN_POINT('',(14.684533380903,7.074128370296));
#3531 = CARTESIAN_POINT('',(15.124164505047,6.79933482554));
#3532 = CARTESIAN_POINT('',(15.479445748031,6.421760650352));
#3533 = CARTESIAN_POINT('',(15.724806442449,5.971930725238));
#3534 = CARTESIAN_POINT('',(15.847488643034,5.485965054031));
#3535 = CARTESIAN_POINT('',(15.847488577523,5.));
#3536 = ( GEOMETRIC_REPRESENTATION_CONTEXT(2) 
PARAMETRIC_REPRESENTATION_CONTEXT() REPRESENTATION_CONTEXT('2D SPACE',''
  ) );
#3537 = ORIENTED_EDGE('',*,*,#3458,.T.);
#3538 = ADVANCED_FACE('',(#3539),#2421,.F.);
#3539 = FACE_BOUND('',#3540,.F.);
#3540 = EDGE_LOOP('',(#3541,#3562,#3563,#3564));
#3541 = ORIENTED_EDGE('',*,*,#3542,.F.);
#3542 = EDGE_CURVE('',#2378,#3016,#3543,.T.);
#3543 = SURFACE_CURVE('',#3544,(#3548,#3555),.PCURVE_S1.);
#3544 = LINE('',#3545,#3546);
#3545 = CARTESIAN_POINT('',(225.,-10.,134.38989221983));
#3546 = VECTOR('',#3547,1.);
#3547 = DIRECTION('',(0.,0.,1.));
#3548 = PCURVE('',#2421,#3549);
#3549 = DEFINITIONAL_REPRESENTATION('',(#3550),#3554);
#3550 = LINE('',#3551,#3552);
#3551 = CARTESIAN_POINT('',(0.,0.));
#3552 = VECTOR('',#3553,1.);
#3553 = DIRECTION('',(1.,0.));
#3554 = ( GEOMETRIC_REPRESENTATION_CONTEXT(2) 
PARAMETRIC_REPRESENTATION_CONTEXT() REPRESENTATION_CONTEXT('2D SPACE',''
  ) );
#3555 = PCURVE('',#2393,#3556);
#3556 = DEFINITIONAL_REPRESENTATION('',(#3557),#3561);
#3557 = LINE('',#3558,#3559);
#3558 = CARTESIAN_POINT('',(0.,30.));
#3559 = VECTOR('',#3560,1.);
#3560 = DIRECTION('',(1.,0.));
#3561 = ( GEOMETRIC_REPRESENTATION_CONTEXT(2) 
PARAMETRIC_REPRESENTATION_CONTEXT() REPRESENTATION_CONTEXT('2D SPACE',''
  ) );
#3562 = ORIENTED_EDGE('',*,*,#2405,.T.);
#3563 = ORIENTED_EDGE('',*,*,#3345,.T.);
#3564 = ORIENTED_EDGE('',*,*,#3038,.F.);
#3565 = ADVANCED_FACE('',(#3566),#2393,.T.);
#3566 = FACE_BOUND('',#3567,.T.);
#3567 = EDGE_LOOP('',(#3568,#3569,#3570,#3571));
#3568 = ORIENTED_EDGE('',*,*,#2377,.F.);
#3569 = ORIENTED_EDGE('',*,*,#3112,.F.);
#3570 = ORIENTED_EDGE('',*,*,#3064,.T.);
#3571 = ORIENTED_EDGE('',*,*,#3542,.F.);
#3572 = ADVANCED_FACE('',(#3573),#3411,.T.);
#3573 = FACE_BOUND('',#3574,.T.);
#3574 = EDGE_LOOP('',(#3575));
#3575 = ORIENTED_EDGE('',*,*,#3396,.F.);
#3576 = ADVANCED_FACE('',(#3577),#3496,.T.);
#3577 = FACE_BOUND('',#3578,.T.);
#3578 = EDGE_LOOP('',(#3579));
#3579 = ORIENTED_EDGE('',*,*,#3481,.F.);
#3580 = ( GEOMETRIC_REPRESENTATION_CONTEXT(3) 
GLOBAL_UNCERTAINTY_ASSIGNED_CONTEXT((#3584)) 
GLOBAL_UNIT_ASSIGNED_CONTEXT((#3581,#3582,#3583)) REPRESENTATION_CONTEXT
('Context #1','3D Context with UNIT and UNCERTAINTY') );
#3581 = ( LENGTH_UNIT() NAMED_UNIT(*) SI_UNIT(.MILLI.,.METRE.) );
#3582 = ( NAMED_UNIT(*) PLANE_ANGLE_UNIT() SI_UNIT($,.RADIAN.) );
#3583 = ( NAMED_UNIT(*) SI_UNIT($,.STERADIAN.) SOLID_ANGLE_UNIT() );
#3584 = UNCERTAINTY_MEASURE_WITH_UNIT(LENGTH_MEASURE(2.E-06),#3581,
  'distance_accuracy_value','confusion accuracy');
#3585 = PRODUCT_RELATED_PRODUCT_CATEGORY('part',$,(#7));
ENDSEC;
END-ISO-10303-21;
