ISO-10303-21;
HEADER;
FILE_DESCRIPTION(('Open CASCADE Model'),'2;1');
FILE_NAME('Open CASCADE Shape Model','2026-09-29T09:31:47',('Author'),(
    'Open CASCADE'),'Open CASCADE STEP processor 7.8','Open CASCADE 7.8'
  ,'Unknown');
FILE_SCHEMA(('AUTOMOTIVE_DESIGN { 1 0 10303 214 1 1 1 1 }'));
ENDSEC;
DATA;
#1 = APPLICATION_PROTOCOL_DEFINITION('international standard',
  'automotive_design',2000,#2);
#2 = APPLICATION_CONTEXT(
  'core data for automotive mechanical design processes');
#3 = SHAPE_DEFINITION_REPRESENTATION(#4,#10);
#4 = PRODUCT_DEFINITION_SHAPE('','',#5);
#5 = PRODUCT_DEFINITION('design','',#6,#9);
#6 = PRODUCT_DEFINITION_FORMATION('','',#7);
#7 = PRODUCT('Open CASCADE STEP translator 7.8 103',
  'Open CASCADE STEP translator 7.8 103','',(#8));
#8 = PRODUCT_CONTEXT('',#2,'mechanical');
#9 = PRODUCT_DEFINITION_CONTEXT('part definition',#2,'design');
#10 = ADVANCED_BREP_SHAPE_REPRESENTATION('',(#11,#15),#3122);
#11 = AXIS2_PLACEMENT_3D('',#12,#13,#14);
#12 = CARTESIAN_POINT('',(0.,0.,0.));
#13 = DIRECTION('',(0.,0.,1.));
#14 = DIRECTION('',(1.,0.,-0.));
#15 = MANIFOLD_SOLID_BREP('',#16);
#16 = CLOSED_SHELL('',(#17,#125,#242,#737,#780,#1415,#1470,#2276,#2488,
    #2532,#2581,#2628,#2635,#2691,#2717,#2786,#2813,#2840,#2847,#2854,
    #2894,#2934,#3019,#3104,#3109,#3114,#3118));
#17 = ADVANCED_FACE('',(#18),#31,.T.);
#18 = FACE_BOUND('',#19,.T.);
#19 = EDGE_LOOP('',(#20,#52,#77,#102));
#20 = ORIENTED_EDGE('',*,*,#21,.F.);
#21 = EDGE_CURVE('',#22,#24,#26,.T.);
#22 = VERTEX_POINT('',#23);
#23 = CARTESIAN_POINT('',(233.35251142247,168.43011325446,
    134.38989221983));
#24 = VERTEX_POINT('',#25);
#25 = CARTESIAN_POINT('',(233.35251142247,168.43011325446,
    139.38989221983));
#26 = SURFACE_CURVE('',#27,(#30,#41),.PCURVE_S1.);
#27 = B_SPLINE_CURVE_WITH_KNOTS('',1,(#28,#29),.UNSPECIFIED.,.F.,.F.,(2,
    2),(0.,5.),.PIECEWISE_BEZIER_KNOTS.);
#28 = CARTESIAN_POINT('',(233.35251142247,168.43011325446,
    134.38989221983));
#29 = CARTESIAN_POINT('',(233.35251142247,168.43011325446,
    139.38989221983));
#30 = PCURVE('',#31,#36);
#31 = B_SPLINE_SURFACE_WITH_KNOTS('',1,1,(
    (#32,#33)
    ,(#34,#35)),.UNSPECIFIED.,.F.,.F.,.F.,(2,2),(2,2),(0.,5.),(-45.,0.),
  .PIECEWISE_BEZIER_KNOTS.);
#32 = CARTESIAN_POINT('',(233.35251142247,213.43011325446,
    134.38989221983));
#33 = CARTESIAN_POINT('',(233.35251142247,168.43011325446,
    134.38989221983));
#34 = CARTESIAN_POINT('',(233.35251142247,213.43011325446,
    139.38989221983));
#35 = CARTESIAN_POINT('',(233.35251142247,168.43011325446,
    139.38989221983));
#36 = DEFINITIONAL_REPRESENTATION('',(#37),#40);
#37 = B_SPLINE_CURVE_WITH_KNOTS('',1,(#38,#39),.UNSPECIFIED.,.F.,.F.,(2,
    2),(0.,5.),.PIECEWISE_BEZIER_KNOTS.);
#38 = CARTESIAN_POINT('',(0.,0.));
#39 = CARTESIAN_POINT('',(5.,0.));
#40 = ( GEOMETRIC_REPRESENTATION_CONTEXT(2) 
PARAMETRIC_REPRESENTATION_CONTEXT() REPRESENTATION_CONTEXT('2D SPACE',''
  ) );
#41 = PCURVE('',#42,#47);
#42 = B_SPLINE_SURFACE_WITH_KNOTS('',1,1,(
    (#43,#44)
    ,(#45,#46)),.UNSPECIFIED.,.F.,.F.,.F.,(2,2),(2,2),(0.,5.),(0.,30.),
  .PIECEWISE_BEZIER_KNOTS.);
#43 = CARTESIAN_POINT('',(233.35251142247,168.43011325446,
    134.38989221983));
#44 = CARTESIAN_POINT('',(203.35251142247,168.43011325446,
    134.38989221983));
#45 = CARTESIAN_POINT('',(233.35251142247,168.43011325446,
    139.38989221983));
#46 = CARTESIAN_POINT('',(203.35251142247,168.43011325446,
    139.38989221983));
#47 = DEFINITIONAL_REPRESENTATION('',(#48),#51);
#48 = B_SPLINE_CURVE_WITH_KNOTS('',1,(#49,#50),.UNSPECIFIED.,.F.,.F.,(2,
    2),(0.,5.),.PIECEWISE_BEZIER_KNOTS.);
#49 = CARTESIAN_POINT('',(0.,0.));
#50 = CARTESIAN_POINT('',(5.,0.));
#51 = ( GEOMETRIC_REPRESENTATION_CONTEXT(2) 
PARAMETRIC_REPRESENTATION_CONTEXT() REPRESENTATION_CONTEXT('2D SPACE',''
  ) );
#52 = ORIENTED_EDGE('',*,*,#53,.T.);
#53 = EDGE_CURVE('',#22,#54,#56,.T.);
#54 = VERTEX_POINT('',#55);
#55 = CARTESIAN_POINT('',(233.35251142247,213.43011325446,
    134.38989221983));
#56 = SURFACE_CURVE('',#57,(#60,#66),.PCURVE_S1.);
#57 = B_SPLINE_CURVE_WITH_KNOTS('',1,(#58,#59),.UNSPECIFIED.,.F.,.F.,(2,
    2),(0.,45.),.PIECEWISE_BEZIER_KNOTS.);
#58 = CARTESIAN_POINT('',(233.35251142247,168.43011325446,
    134.38989221983));
#59 = CARTESIAN_POINT('',(233.35251142247,213.43011325446,
    134.38989221983));
#60 = PCURVE('',#31,#61);
#61 = DEFINITIONAL_REPRESENTATION('',(#62),#65);
#62 = B_SPLINE_CURVE_WITH_KNOTS('',1,(#63,#64),.UNSPECIFIED.,.F.,.F.,(2,
    2),(0.,45.),.PIECEWISE_BEZIER_KNOTS.);
#63 = CARTESIAN_POINT('',(0.,0.));
#64 = CARTESIAN_POINT('',(0.,-45.));
#65 = ( GEOMETRIC_REPRESENTATION_CONTEXT(2) 
PARAMETRIC_REPRESENTATION_CONTEXT() REPRESENTATION_CONTEXT('2D SPACE',''
  ) );
#66 = PCURVE('',#67,#72);
#67 = B_SPLINE_SURFACE_WITH_KNOTS('',1,1,(
    (#68,#69)
    ,(#70,#71)),.UNSPECIFIED.,.F.,.F.,.F.,(2,2),(2,2),(0.,30.),(0.,45.),
  .PIECEWISE_BEZIER_KNOTS.);
#68 = CARTESIAN_POINT('',(233.35251142247,168.43011325446,
    134.38989221983));
#69 = CARTESIAN_POINT('',(233.35251142247,213.43011325446,
    134.38989221983));
#70 = CARTESIAN_POINT('',(203.35251142247,168.43011325446,
    134.38989221983));
#71 = CARTESIAN_POINT('',(203.35251142247,213.43011325446,
    134.38989221983));
#72 = DEFINITIONAL_REPRESENTATION('',(#73),#76);
#73 = B_SPLINE_CURVE_WITH_KNOTS('',1,(#74,#75),.UNSPECIFIED.,.F.,.F.,(2,
    2),(0.,45.),.PIECEWISE_BEZIER_KNOTS.);
#74 = CARTESIAN_POINT('',(0.,0.));
#75 = CARTESIAN_POINT('',(0.,45.));
#76 = ( GEOMETRIC_REPRESENTATION_CONTEXT(2) 
PARAMETRIC_REPRESENTATION_CONTEXT() REPRESENTATION_CONTEXT('2D SPACE',''
  ) );
#77 = ORIENTED_EDGE('',*,*,#78,.T.);
#78 = EDGE_CURVE('',#54,#79,#81,.T.);
#79 = VERTEX_POINT('',#80);
#80 = CARTESIAN_POINT('',(233.35251142247,213.43011325446,
    139.38989221983));
#81 = SURFACE_CURVE('',#82,(#85,#91),.PCURVE_S1.);
#82 = B_SPLINE_CURVE_WITH_KNOTS('',1,(#83,#84),.UNSPECIFIED.,.F.,.F.,(2,
    2),(0.,5.),.PIECEWISE_BEZIER_KNOTS.);
#83 = CARTESIAN_POINT('',(233.35251142247,213.43011325446,
    134.38989221983));
#84 = CARTESIAN_POINT('',(233.35251142247,213.43011325446,
    139.38989221983));
#85 = PCURVE('',#31,#86);
#86 = DEFINITIONAL_REPRESENTATION('',(#87),#90);
#87 = B_SPLINE_CURVE_WITH_KNOTS('',1,(#88,#89),.UNSPECIFIED.,.F.,.F.,(2,
    2),(0.,5.),.PIECEWISE_BEZIER_KNOTS.);
#88 = CARTESIAN_POINT('',(0.,-45.));
#89 = CARTESIAN_POINT('',(5.,-45.));
#90 = ( GEOMETRIC_REPRESENTATION_CONTEXT(2) 
PARAMETRIC_REPRESENTATION_CONTEXT() REPRESENTATION_CONTEXT('2D SPACE',''
  ) );
#91 = PCURVE('',#92,#97);
#92 = B_SPLINE_SURFACE_WITH_KNOTS('',1,1,(
    (#93,#94)
    ,(#95,#96)),.UNSPECIFIED.,.F.,.F.,.F.,(2,2),(2,2),(0.,5.),(0.,30.),
  .PIECEWISE_BEZIER_KNOTS.);
#93 = CARTESIAN_POINT('',(233.35251142247,213.43011325446,
    134.38989221983));
#94 = CARTESIAN_POINT('',(203.35251142247,213.43011325446,
    134.38989221983));
#95 = CARTESIAN_POINT('',(233.35251142247,213.43011325446,
    139.38989221983));
#96 = CARTESIAN_POINT('',(203.35251142247,213.43011325446,
    139.38989221983));
#97 = DEFINITIONAL_REPRESENTATION('',(#98),#101);
#98 = B_SPLINE_CURVE_WITH_KNOTS('',1,(#99,#100),.UNSPECIFIED.,.F.,.F.,(2
    ,2),(0.,5.),.PIECEWISE_BEZIER_KNOTS.);
#99 = CARTESIAN_POINT('',(0.,0.));
#100 = CARTESIAN_POINT('',(5.,0.));
#101 = ( GEOMETRIC_REPRESENTATION_CONTEXT(2) 
PARAMETRIC_REPRESENTATION_CONTEXT() REPRESENTATION_CONTEXT('2D SPACE',''
  ) );
#102 = ORIENTED_EDGE('',*,*,#103,.F.);
#103 = EDGE_CURVE('',#24,#79,#104,.T.);
#104 = SURFACE_CURVE('',#105,(#108,#114),.PCURVE_S1.);
#105 = B_SPLINE_CURVE_WITH_KNOTS('',1,(#106,#107),.UNSPECIFIED.,.F.,.F.,
  (2,2),(0.,45.),.PIECEWISE_BEZIER_KNOTS.);
#106 = CARTESIAN_POINT('',(233.35251142247,168.43011325446,
    139.38989221983));
#107 = CARTESIAN_POINT('',(233.35251142247,213.43011325446,
    139.38989221983));
#108 = PCURVE('',#31,#109);
#109 = DEFINITIONAL_REPRESENTATION('',(#110),#113);
#110 = B_SPLINE_CURVE_WITH_KNOTS('',1,(#111,#112),.UNSPECIFIED.,.F.,.F.,
  (2,2),(0.,45.),.PIECEWISE_BEZIER_KNOTS.);
#111 = CARTESIAN_POINT('',(5.,0.));
#112 = CARTESIAN_POINT('',(5.,-45.));
#113 = ( GEOMETRIC_REPRESENTATION_CONTEXT(2) 
PARAMETRIC_REPRESENTATION_CONTEXT() REPRESENTATION_CONTEXT('2D SPACE',''
  ) );
#114 = PCURVE('',#115,#120);
#115 = B_SPLINE_SURFACE_WITH_KNOTS('',1,1,(
    (#116,#117)
    ,(#118,#119
    )),.UNSPECIFIED.,.F.,.F.,.F.,(2,2),(2,2),(0.,30.),(0.,45.),
  .PIECEWISE_BEZIER_KNOTS.);
#116 = CARTESIAN_POINT('',(233.35251142247,168.43011325446,
    139.38989221983));
#117 = CARTESIAN_POINT('',(233.35251142247,213.43011325446,
    139.38989221983));
#118 = CARTESIAN_POINT('',(203.35251142247,168.43011325446,
    139.38989221983));
#119 = CARTESIAN_POINT('',(203.35251142247,213.43011325446,
    139.38989221983));
#120 = DEFINITIONAL_REPRESENTATION('',(#121),#124);
#121 = B_SPLINE_CURVE_WITH_KNOTS('',1,(#122,#123),.UNSPECIFIED.,.F.,.F.,
  (2,2),(0.,45.),.PIECEWISE_BEZIER_KNOTS.);
#122 = CARTESIAN_POINT('',(0.,0.));
#123 = CARTESIAN_POINT('',(0.,45.));
#124 = ( GEOMETRIC_REPRESENTATION_CONTEXT(2) 
PARAMETRIC_REPRESENTATION_CONTEXT() REPRESENTATION_CONTEXT('2D SPACE',''
  ) );
#125 = ADVANCED_FACE('',(#126),#42,.T.);
#126 = FACE_BOUND('',#127,.T.);
#127 = EDGE_LOOP('',(#128,#148,#149,#169,#194,#219));
#128 = ORIENTED_EDGE('',*,*,#129,.F.);
#129 = EDGE_CURVE('',#22,#130,#132,.T.);
#130 = VERTEX_POINT('',#131);
#131 = CARTESIAN_POINT('',(225.,168.43011325446,134.38989221983));
#132 = SURFACE_CURVE('',#133,(#136,#142),.PCURVE_S1.);
#133 = B_SPLINE_CURVE_WITH_KNOTS('',1,(#134,#135),.UNSPECIFIED.,.F.,.F.,
  (2,2),(0.,30.),.PIECEWISE_BEZIER_KNOTS.);
#134 = CARTESIAN_POINT('',(233.35251142247,168.43011325446,
    134.38989221983));
#135 = CARTESIAN_POINT('',(203.35251142247,168.43011325446,
    134.38989221983));
#136 = PCURVE('',#42,#137);
#137 = DEFINITIONAL_REPRESENTATION('',(#138),#141);
#138 = B_SPLINE_CURVE_WITH_KNOTS('',1,(#139,#140),.UNSPECIFIED.,.F.,.F.,
  (2,2),(0.,30.),.PIECEWISE_BEZIER_KNOTS.);
#139 = CARTESIAN_POINT('',(0.,0.));
#140 = CARTESIAN_POINT('',(0.,30.));
#141 = ( GEOMETRIC_REPRESENTATION_CONTEXT(2) 
PARAMETRIC_REPRESENTATION_CONTEXT() REPRESENTATION_CONTEXT('2D SPACE',''
  ) );
#142 = PCURVE('',#67,#143);
#143 = DEFINITIONAL_REPRESENTATION('',(#144),#147);
#144 = B_SPLINE_CURVE_WITH_KNOTS('',1,(#145,#146),.UNSPECIFIED.,.F.,.F.,
  (2,2),(0.,30.),.PIECEWISE_BEZIER_KNOTS.);
#145 = CARTESIAN_POINT('',(0.,0.));
#146 = CARTESIAN_POINT('',(30.,0.));
#147 = ( GEOMETRIC_REPRESENTATION_CONTEXT(2) 
PARAMETRIC_REPRESENTATION_CONTEXT() REPRESENTATION_CONTEXT('2D SPACE',''
  ) );
#148 = ORIENTED_EDGE('',*,*,#21,.T.);
#149 = ORIENTED_EDGE('',*,*,#150,.T.);
#150 = EDGE_CURVE('',#24,#151,#153,.T.);
#151 = VERTEX_POINT('',#152);
#152 = CARTESIAN_POINT('',(203.35251142247,168.43011325446,
    139.38989221983));
#153 = SURFACE_CURVE('',#154,(#157,#163),.PCURVE_S1.);
#154 = B_SPLINE_CURVE_WITH_KNOTS('',1,(#155,#156),.UNSPECIFIED.,.F.,.F.,
  (2,2),(0.,30.),.PIECEWISE_BEZIER_KNOTS.);
#155 = CARTESIAN_POINT('',(233.35251142247,168.43011325446,
    139.38989221983));
#156 = CARTESIAN_POINT('',(203.35251142247,168.43011325446,
    139.38989221983));
#157 = PCURVE('',#42,#158);
#158 = DEFINITIONAL_REPRESENTATION('',(#159),#162);
#159 = B_SPLINE_CURVE_WITH_KNOTS('',1,(#160,#161),.UNSPECIFIED.,.F.,.F.,
  (2,2),(0.,30.),.PIECEWISE_BEZIER_KNOTS.);
#160 = CARTESIAN_POINT('',(5.,0.));
#161 = CARTESIAN_POINT('',(5.,30.));
#162 = ( GEOMETRIC_REPRESENTATION_CONTEXT(2) 
PARAMETRIC_REPRESENTATION_CONTEXT() REPRESENTATION_CONTEXT('2D SPACE',''
  ) );
#163 = PCURVE('',#115,#164);
#164 = DEFINITIONAL_REPRESENTATION('',(#165),#168);
#165 = B_SPLINE_CURVE_WITH_KNOTS('',1,(#166,#167),.UNSPECIFIED.,.F.,.F.,
  (2,2),(0.,30.),.PIECEWISE_BEZIER_KNOTS.);
#166 = CARTESIAN_POINT('',(0.,0.));
#167 = CARTESIAN_POINT('',(30.,0.));
#168 = ( GEOMETRIC_REPRESENTATION_CONTEXT(2) 
PARAMETRIC_REPRESENTATION_CONTEXT() REPRESENTATION_CONTEXT('2D SPACE',''
  ) );
#169 = ORIENTED_EDGE('',*,*,#170,.F.);
#170 = EDGE_CURVE('',#171,#151,#173,.T.);
#171 = VERTEX_POINT('',#172);
#172 = CARTESIAN_POINT('',(203.35251142247,168.43011325446,
    136.38989221983));
#173 = SURFACE_CURVE('',#174,(#177,#183),.PCURVE_S1.);
#174 = B_SPLINE_CURVE_WITH_KNOTS('',1,(#175,#176),.UNSPECIFIED.,.F.,.F.,
  (2,2),(0.,5.),.PIECEWISE_BEZIER_KNOTS.);
#175 = CARTESIAN_POINT('',(203.35251142247,168.43011325446,
    134.38989221983));
#176 = CARTESIAN_POINT('',(203.35251142247,168.43011325446,
    139.38989221983));
#177 = PCURVE('',#42,#178);
#178 = DEFINITIONAL_REPRESENTATION('',(#179),#182);
#179 = B_SPLINE_CURVE_WITH_KNOTS('',1,(#180,#181),.UNSPECIFIED.,.F.,.F.,
  (2,2),(0.,5.),.PIECEWISE_BEZIER_KNOTS.);
#180 = CARTESIAN_POINT('',(0.,30.));
#181 = CARTESIAN_POINT('',(5.,30.));
#182 = ( GEOMETRIC_REPRESENTATION_CONTEXT(2) 
PARAMETRIC_REPRESENTATION_CONTEXT() REPRESENTATION_CONTEXT('2D SPACE',''
  ) );
#183 = PCURVE('',#184,#189);
#184 = B_SPLINE_SURFACE_WITH_KNOTS('',1,1,(
    (#185,#186)
    ,(#187,#188
    )),.UNSPECIFIED.,.F.,.F.,.F.,(2,2),(2,2),(0.,5.),(-45.,0.),
  .PIECEWISE_BEZIER_KNOTS.);
#185 = CARTESIAN_POINT('',(203.35251142247,213.43011325446,
    134.38989221983));
#186 = CARTESIAN_POINT('',(203.35251142247,168.43011325446,
    134.38989221983));
#187 = CARTESIAN_POINT('',(203.35251142247,213.43011325446,
    139.38989221983));
#188 = CARTESIAN_POINT('',(203.35251142247,168.43011325446,
    139.38989221983));
#189 = DEFINITIONAL_REPRESENTATION('',(#190),#193);
#190 = B_SPLINE_CURVE_WITH_KNOTS('',1,(#191,#192),.UNSPECIFIED.,.F.,.F.,
  (2,2),(0.,5.),.PIECEWISE_BEZIER_KNOTS.);
#191 = CARTESIAN_POINT('',(0.,0.));
#192 = CARTESIAN_POINT('',(5.,0.));
#193 = ( GEOMETRIC_REPRESENTATION_CONTEXT(2) 
PARAMETRIC_REPRESENTATION_CONTEXT() REPRESENTATION_CONTEXT('2D SPACE',''
  ) );
#194 = ORIENTED_EDGE('',*,*,#195,.F.);
#195 = EDGE_CURVE('',#196,#171,#198,.T.);
#196 = VERTEX_POINT('',#197);
#197 = CARTESIAN_POINT('',(225.,168.43011325446,136.38989221983));
#198 = SURFACE_CURVE('',#199,(#202,#208),.PCURVE_S1.);
#199 = B_SPLINE_CURVE_WITH_KNOTS('',1,(#200,#201),.UNSPECIFIED.,.F.,.F.,
  (2,2),(0.,1.),.PIECEWISE_BEZIER_KNOTS.);
#200 = CARTESIAN_POINT('',(225.,168.43011325446,136.38989221983));
#201 = CARTESIAN_POINT('',(203.35251142247,168.43011325446,
    136.38989221983));
#202 = PCURVE('',#42,#203);
#203 = DEFINITIONAL_REPRESENTATION('',(#204),#207);
#204 = B_SPLINE_CURVE_WITH_KNOTS('',1,(#205,#206),.UNSPECIFIED.,.F.,.F.,
  (2,2),(0.,1.),.PIECEWISE_BEZIER_KNOTS.);
#205 = CARTESIAN_POINT('',(2.,8.352511422477));
#206 = CARTESIAN_POINT('',(2.,30.));
#207 = ( GEOMETRIC_REPRESENTATION_CONTEXT(2) 
PARAMETRIC_REPRESENTATION_CONTEXT() REPRESENTATION_CONTEXT('2D SPACE',''
  ) );
#208 = PCURVE('',#209,#214);
#209 = PLANE('',#210);
#210 = AXIS2_PLACEMENT_3D('',#211,#212,#213);
#211 = CARTESIAN_POINT('',(225.,203.,136.38989221983));
#212 = DIRECTION('',(0.,0.,1.));
#213 = DIRECTION('',(-1.,1.224646799147E-16,0.));
#214 = DEFINITIONAL_REPRESENTATION('',(#215),#218);
#215 = B_SPLINE_CURVE_WITH_KNOTS('',1,(#216,#217),.UNSPECIFIED.,.F.,.F.,
  (2,2),(0.,1.),.PIECEWISE_BEZIER_KNOTS.);
#216 = CARTESIAN_POINT('',(-4.898587196589E-15,34.569886745531));
#217 = CARTESIAN_POINT('',(21.647488577523,34.569886745531));
#218 = ( GEOMETRIC_REPRESENTATION_CONTEXT(2) 
PARAMETRIC_REPRESENTATION_CONTEXT() REPRESENTATION_CONTEXT('2D SPACE',''
  ) );
#219 = ORIENTED_EDGE('',*,*,#220,.T.);
#220 = EDGE_CURVE('',#196,#130,#221,.T.);
#221 = SURFACE_CURVE('',#222,(#225,#231),.PCURVE_S1.);
#222 = B_SPLINE_CURVE_WITH_KNOTS('',1,(#223,#224),.UNSPECIFIED.,.F.,.F.,
  (2,2),(0.,1.),.PIECEWISE_BEZIER_KNOTS.);
#223 = CARTESIAN_POINT('',(225.,168.43011325446,136.38989221983));
#224 = CARTESIAN_POINT('',(225.,168.43011325446,134.38989221983));
#225 = PCURVE('',#42,#226);
#226 = DEFINITIONAL_REPRESENTATION('',(#227),#230);
#227 = B_SPLINE_CURVE_WITH_KNOTS('',1,(#228,#229),.UNSPECIFIED.,.F.,.F.,
  (2,2),(0.,1.),.PIECEWISE_BEZIER_KNOTS.);
#228 = CARTESIAN_POINT('',(2.,8.352511422477));
#229 = CARTESIAN_POINT('',(0.,8.352511422477));
#230 = ( GEOMETRIC_REPRESENTATION_CONTEXT(2) 
PARAMETRIC_REPRESENTATION_CONTEXT() REPRESENTATION_CONTEXT('2D SPACE',''
  ) );
#231 = PCURVE('',#232,#237);
#232 = PLANE('',#233);
#233 = AXIS2_PLACEMENT_3D('',#234,#235,#236);
#234 = CARTESIAN_POINT('',(225.,203.,134.38989221983));
#235 = DIRECTION('',(-1.,1.224646799147E-16,0.));
#236 = DIRECTION('',(0.,0.,1.));
#237 = DEFINITIONAL_REPRESENTATION('',(#238),#241);
#238 = B_SPLINE_CURVE_WITH_KNOTS('',1,(#239,#240),.UNSPECIFIED.,.F.,.F.,
  (2,2),(0.,1.),.PIECEWISE_BEZIER_KNOTS.);
#239 = CARTESIAN_POINT('',(2.,-34.56988674553));
#240 = CARTESIAN_POINT('',(0.,-34.56988674553));
#241 = ( GEOMETRIC_REPRESENTATION_CONTEXT(2) 
PARAMETRIC_REPRESENTATION_CONTEXT() REPRESENTATION_CONTEXT('2D SPACE',''
  ) );
#242 = ADVANCED_FACE('',(#243,#385,#437,#489),#115,.F.);
#243 = FACE_BOUND('',#244,.F.);
#244 = EDGE_LOOP('',(#245,#265,#266,#267,#287,#312,#337,#362));
#245 = ORIENTED_EDGE('',*,*,#246,.F.);
#246 = EDGE_CURVE('',#79,#247,#249,.T.);
#247 = VERTEX_POINT('',#248);
#248 = CARTESIAN_POINT('',(203.35251142247,213.43011325446,
    139.38989221983));
#249 = SURFACE_CURVE('',#250,(#253,#259),.PCURVE_S1.);
#250 = B_SPLINE_CURVE_WITH_KNOTS('',1,(#251,#252),.UNSPECIFIED.,.F.,.F.,
  (2,2),(0.,30.),.PIECEWISE_BEZIER_KNOTS.);
#251 = CARTESIAN_POINT('',(233.35251142247,213.43011325446,
    139.38989221983));
#252 = CARTESIAN_POINT('',(203.35251142247,213.43011325446,
    139.38989221983));
#253 = PCURVE('',#115,#254);
#254 = DEFINITIONAL_REPRESENTATION('',(#255),#258);
#255 = B_SPLINE_CURVE_WITH_KNOTS('',1,(#256,#257),.UNSPECIFIED.,.F.,.F.,
  (2,2),(0.,30.),.PIECEWISE_BEZIER_KNOTS.);
#256 = CARTESIAN_POINT('',(0.,45.));
#257 = CARTESIAN_POINT('',(30.,45.));
#258 = ( GEOMETRIC_REPRESENTATION_CONTEXT(2) 
PARAMETRIC_REPRESENTATION_CONTEXT() REPRESENTATION_CONTEXT('2D SPACE',''
  ) );
#259 = PCURVE('',#92,#260);
#260 = DEFINITIONAL_REPRESENTATION('',(#261),#264);
#261 = B_SPLINE_CURVE_WITH_KNOTS('',1,(#262,#263),.UNSPECIFIED.,.F.,.F.,
  (2,2),(0.,30.),.PIECEWISE_BEZIER_KNOTS.);
#262 = CARTESIAN_POINT('',(5.,0.));
#263 = CARTESIAN_POINT('',(5.,30.));
#264 = ( GEOMETRIC_REPRESENTATION_CONTEXT(2) 
PARAMETRIC_REPRESENTATION_CONTEXT() REPRESENTATION_CONTEXT('2D SPACE',''
  ) );
#265 = ORIENTED_EDGE('',*,*,#103,.F.);
#266 = ORIENTED_EDGE('',*,*,#150,.T.);
#267 = ORIENTED_EDGE('',*,*,#268,.T.);
#268 = EDGE_CURVE('',#151,#269,#271,.T.);
#269 = VERTEX_POINT('',#270);
#270 = CARTESIAN_POINT('',(203.35251142247,201.,139.38989221983));
#271 = SURFACE_CURVE('',#272,(#275,#281),.PCURVE_S1.);
#272 = B_SPLINE_CURVE_WITH_KNOTS('',1,(#273,#274),.UNSPECIFIED.,.F.,.F.,
  (2,2),(0.,45.),.PIECEWISE_BEZIER_KNOTS.);
#273 = CARTESIAN_POINT('',(203.35251142247,168.43011325446,
    139.38989221983));
#274 = CARTESIAN_POINT('',(203.35251142247,213.43011325446,
    139.38989221983));
#275 = PCURVE('',#115,#276);
#276 = DEFINITIONAL_REPRESENTATION('',(#277),#280);
#277 = B_SPLINE_CURVE_WITH_KNOTS('',1,(#278,#279),.UNSPECIFIED.,.F.,.F.,
  (2,2),(0.,45.),.PIECEWISE_BEZIER_KNOTS.);
#278 = CARTESIAN_POINT('',(30.,0.));
#279 = CARTESIAN_POINT('',(30.,45.));
#280 = ( GEOMETRIC_REPRESENTATION_CONTEXT(2) 
PARAMETRIC_REPRESENTATION_CONTEXT() REPRESENTATION_CONTEXT('2D SPACE',''
  ) );
#281 = PCURVE('',#184,#282);
#282 = DEFINITIONAL_REPRESENTATION('',(#283),#286);
#283 = B_SPLINE_CURVE_WITH_KNOTS('',1,(#284,#285),.UNSPECIFIED.,.F.,.F.,
  (2,2),(0.,45.),.PIECEWISE_BEZIER_KNOTS.);
#284 = CARTESIAN_POINT('',(5.,0.));
#285 = CARTESIAN_POINT('',(5.,-45.));
#286 = ( GEOMETRIC_REPRESENTATION_CONTEXT(2) 
PARAMETRIC_REPRESENTATION_CONTEXT() REPRESENTATION_CONTEXT('2D SPACE',''
  ) );
#287 = ORIENTED_EDGE('',*,*,#288,.T.);
#288 = EDGE_CURVE('',#269,#289,#291,.T.);
#289 = VERTEX_POINT('',#290);
#290 = CARTESIAN_POINT('',(225.,201.,139.38989221983));
#291 = SURFACE_CURVE('',#292,(#295,#301),.PCURVE_S1.);
#292 = B_SPLINE_CURVE_WITH_KNOTS('',1,(#293,#294),.UNSPECIFIED.,.F.,.F.,
  (2,2),(0.,1.),.PIECEWISE_BEZIER_KNOTS.);
#293 = CARTESIAN_POINT('',(203.35251142247,201.,139.38989221983));
#294 = CARTESIAN_POINT('',(225.,201.,139.38989221983));
#295 = PCURVE('',#115,#296);
#296 = DEFINITIONAL_REPRESENTATION('',(#297),#300);
#297 = B_SPLINE_CURVE_WITH_KNOTS('',1,(#298,#299),.UNSPECIFIED.,.F.,.F.,
  (2,2),(0.,1.),.PIECEWISE_BEZIER_KNOTS.);
#298 = CARTESIAN_POINT('',(30.,32.569886745531));
#299 = CARTESIAN_POINT('',(8.352511422477,32.569886745531));
#300 = ( GEOMETRIC_REPRESENTATION_CONTEXT(2) 
PARAMETRIC_REPRESENTATION_CONTEXT() REPRESENTATION_CONTEXT('2D SPACE',''
  ) );
#301 = PCURVE('',#302,#307);
#302 = PLANE('',#303);
#303 = AXIS2_PLACEMENT_3D('',#304,#305,#306);
#304 = CARTESIAN_POINT('',(225.,201.,134.38989221983));
#305 = DIRECTION('',(-1.224646799147E-16,-1.,0.));
#306 = DIRECTION('',(0.,0.,1.));
#307 = DEFINITIONAL_REPRESENTATION('',(#308),#311);
#308 = B_SPLINE_CURVE_WITH_KNOTS('',1,(#309,#310),.UNSPECIFIED.,.F.,.F.,
  (2,2),(0.,1.),.PIECEWISE_BEZIER_KNOTS.);
#309 = CARTESIAN_POINT('',(5.,21.647488577523));
#310 = CARTESIAN_POINT('',(5.,0.));
#311 = ( GEOMETRIC_REPRESENTATION_CONTEXT(2) 
PARAMETRIC_REPRESENTATION_CONTEXT() REPRESENTATION_CONTEXT('2D SPACE',''
  ) );
#312 = ORIENTED_EDGE('',*,*,#313,.T.);
#313 = EDGE_CURVE('',#289,#314,#316,.T.);
#314 = VERTEX_POINT('',#315);
#315 = CARTESIAN_POINT('',(225.,203.,139.38989221983));
#316 = SURFACE_CURVE('',#317,(#320,#326),.PCURVE_S1.);
#317 = B_SPLINE_CURVE_WITH_KNOTS('',1,(#318,#319),.UNSPECIFIED.,.F.,.F.,
  (2,2),(0.,1.),.PIECEWISE_BEZIER_KNOTS.);
#318 = CARTESIAN_POINT('',(225.,201.,139.38989221983));
#319 = CARTESIAN_POINT('',(225.,203.,139.38989221983));
#320 = PCURVE('',#115,#321);
#321 = DEFINITIONAL_REPRESENTATION('',(#322),#325);
#322 = B_SPLINE_CURVE_WITH_KNOTS('',1,(#323,#324),.UNSPECIFIED.,.F.,.F.,
  (2,2),(0.,1.),.PIECEWISE_BEZIER_KNOTS.);
#323 = CARTESIAN_POINT('',(8.352511422477,32.569886745531));
#324 = CARTESIAN_POINT('',(8.352511422477,34.569886745531));
#325 = ( GEOMETRIC_REPRESENTATION_CONTEXT(2) 
PARAMETRIC_REPRESENTATION_CONTEXT() REPRESENTATION_CONTEXT('2D SPACE',''
  ) );
#326 = PCURVE('',#327,#332);
#327 = PLANE('',#328);
#328 = AXIS2_PLACEMENT_3D('',#329,#330,#331);
#329 = CARTESIAN_POINT('',(225.,203.,134.38989221983));
#330 = DIRECTION('',(-1.,1.224646799147E-16,0.));
#331 = DIRECTION('',(0.,0.,1.));
#332 = DEFINITIONAL_REPRESENTATION('',(#333),#336);
#333 = B_SPLINE_CURVE_WITH_KNOTS('',1,(#334,#335),.UNSPECIFIED.,.F.,.F.,
  (2,2),(0.,1.),.PIECEWISE_BEZIER_KNOTS.);
#334 = CARTESIAN_POINT('',(5.,-2.));
#335 = CARTESIAN_POINT('',(5.,0.));
#336 = ( GEOMETRIC_REPRESENTATION_CONTEXT(2) 
PARAMETRIC_REPRESENTATION_CONTEXT() REPRESENTATION_CONTEXT('2D SPACE',''
  ) );
#337 = ORIENTED_EDGE('',*,*,#338,.F.);
#338 = EDGE_CURVE('',#339,#314,#341,.T.);
#339 = VERTEX_POINT('',#340);
#340 = CARTESIAN_POINT('',(203.35251142247,203.,139.38989221983));
#341 = SURFACE_CURVE('',#342,(#345,#351),.PCURVE_S1.);
#342 = B_SPLINE_CURVE_WITH_KNOTS('',1,(#343,#344),.UNSPECIFIED.,.F.,.F.,
  (2,2),(0.,1.),.PIECEWISE_BEZIER_KNOTS.);
#343 = CARTESIAN_POINT('',(203.35251142247,203.,139.38989221983));
#344 = CARTESIAN_POINT('',(225.,203.,139.38989221983));
#345 = PCURVE('',#115,#346);
#346 = DEFINITIONAL_REPRESENTATION('',(#347),#350);
#347 = B_SPLINE_CURVE_WITH_KNOTS('',1,(#348,#349),.UNSPECIFIED.,.F.,.F.,
  (2,2),(0.,1.),.PIECEWISE_BEZIER_KNOTS.);
#348 = CARTESIAN_POINT('',(30.,34.569886745531));
#349 = CARTESIAN_POINT('',(8.352511422477,34.569886745531));
#350 = ( GEOMETRIC_REPRESENTATION_CONTEXT(2) 
PARAMETRIC_REPRESENTATION_CONTEXT() REPRESENTATION_CONTEXT('2D SPACE',''
  ) );
#351 = PCURVE('',#352,#357);
#352 = PLANE('',#353);
#353 = AXIS2_PLACEMENT_3D('',#354,#355,#356);
#354 = CARTESIAN_POINT('',(225.,203.,134.38989221983));
#355 = DIRECTION('',(-1.224646799147E-16,-1.,0.));
#356 = DIRECTION('',(0.,0.,1.));
#357 = DEFINITIONAL_REPRESENTATION('',(#358),#361);
#358 = B_SPLINE_CURVE_WITH_KNOTS('',1,(#359,#360),.UNSPECIFIED.,.F.,.F.,
  (2,2),(0.,1.),.PIECEWISE_BEZIER_KNOTS.);
#359 = CARTESIAN_POINT('',(5.,21.647488577523));
#360 = CARTESIAN_POINT('',(5.,0.));
#361 = ( GEOMETRIC_REPRESENTATION_CONTEXT(2) 
PARAMETRIC_REPRESENTATION_CONTEXT() REPRESENTATION_CONTEXT('2D SPACE',''
  ) );
#362 = ORIENTED_EDGE('',*,*,#363,.T.);
#363 = EDGE_CURVE('',#339,#247,#364,.T.);
#364 = SURFACE_CURVE('',#365,(#368,#374),.PCURVE_S1.);
#365 = B_SPLINE_CURVE_WITH_KNOTS('',1,(#366,#367),.UNSPECIFIED.,.F.,.F.,
  (2,2),(0.,45.),.PIECEWISE_BEZIER_KNOTS.);
#366 = CARTESIAN_POINT('',(203.35251142247,168.43011325446,
    139.38989221983));
#367 = CARTESIAN_POINT('',(203.35251142247,213.43011325446,
    139.38989221983));
#368 = PCURVE('',#115,#369);
#369 = DEFINITIONAL_REPRESENTATION('',(#370),#373);
#370 = B_SPLINE_CURVE_WITH_KNOTS('',1,(#371,#372),.UNSPECIFIED.,.F.,.F.,
  (2,2),(0.,45.),.PIECEWISE_BEZIER_KNOTS.);
#371 = CARTESIAN_POINT('',(30.,0.));
#372 = CARTESIAN_POINT('',(30.,45.));
#373 = ( GEOMETRIC_REPRESENTATION_CONTEXT(2) 
PARAMETRIC_REPRESENTATION_CONTEXT() REPRESENTATION_CONTEXT('2D SPACE',''
  ) );
#374 = PCURVE('',#375,#380);
#375 = B_SPLINE_SURFACE_WITH_KNOTS('',1,1,(
    (#376,#377)
    ,(#378,#379
    )),.UNSPECIFIED.,.F.,.F.,.F.,(2,2),(2,2),(0.,5.),(-45.,0.),
  .PIECEWISE_BEZIER_KNOTS.);
#376 = CARTESIAN_POINT('',(203.35251142247,213.43011325446,
    134.38989221983));
#377 = CARTESIAN_POINT('',(203.35251142247,168.43011325446,
    134.38989221983));
#378 = CARTESIAN_POINT('',(203.35251142247,213.43011325446,
    139.38989221983));
#379 = CARTESIAN_POINT('',(203.35251142247,168.43011325446,
    139.38989221983));
#380 = DEFINITIONAL_REPRESENTATION('',(#381),#384);
#381 = B_SPLINE_CURVE_WITH_KNOTS('',1,(#382,#383),.UNSPECIFIED.,.F.,.F.,
  (2,2),(0.,45.),.PIECEWISE_BEZIER_KNOTS.);
#382 = CARTESIAN_POINT('',(5.,0.));
#383 = CARTESIAN_POINT('',(5.,-45.));
#384 = ( GEOMETRIC_REPRESENTATION_CONTEXT(2) 
PARAMETRIC_REPRESENTATION_CONTEXT() REPRESENTATION_CONTEXT('2D SPACE',''
  ) );
#385 = FACE_BOUND('',#386,.F.);
#386 = EDGE_LOOP('',(#387));
#387 = ORIENTED_EDGE('',*,*,#388,.F.);
#388 = EDGE_CURVE('',#389,#389,#391,.T.);
#389 = VERTEX_POINT('',#390);
#390 = CARTESIAN_POINT('',(224.10251142247,178.43011325446,
    139.38989221983));
#391 = SURFACE_CURVE('',#392,(#400,#411),.PCURVE_S1.);
#392 = ( BOUNDED_CURVE() B_SPLINE_CURVE(2,(#393,#394,#395,#396,#397,#398
,#399),.UNSPECIFIED.,.T.,.F.) B_SPLINE_CURVE_WITH_KNOTS((1,2,2,2,2,1),(
    -2.094395102393,0.,2.094395102393,4.188790204786,6.28318530718,
8.377580409573),.UNSPECIFIED.) CURVE() GEOMETRIC_REPRESENTATION_ITEM() 
RATIONAL_B_SPLINE_CURVE((1.,0.5,1.,0.5,1.,0.5,1.)) REPRESENTATION_ITEM(
  '') );
#393 = CARTESIAN_POINT('',(224.10251142247,178.43011325446,
    139.38989221983));
#394 = CARTESIAN_POINT('',(224.10251142247,182.32722757149,
    139.38989221983));
#395 = CARTESIAN_POINT('',(227.47751142247,180.37867041298,
    139.38989221983));
#396 = CARTESIAN_POINT('',(230.85251142247,178.43011325446,
    139.38989221983));
#397 = CARTESIAN_POINT('',(227.47751142247,176.48155609595,
    139.38989221983));
#398 = CARTESIAN_POINT('',(224.10251142247,174.53299893743,
    139.38989221983));
#399 = CARTESIAN_POINT('',(224.10251142247,178.43011325446,
    139.38989221983));
#400 = PCURVE('',#115,#401);
#401 = DEFINITIONAL_REPRESENTATION('',(#402),#410);
#402 = ( BOUNDED_CURVE() B_SPLINE_CURVE(2,(#403,#404,#405,#406,#407,#408
,#409),.UNSPECIFIED.,.T.,.F.) B_SPLINE_CURVE_WITH_KNOTS((3,2,2,3),(0.,
    2.094395102393,4.188790204786,6.28318530718),
.PIECEWISE_BEZIER_KNOTS.) CURVE() GEOMETRIC_REPRESENTATION_ITEM() 
RATIONAL_B_SPLINE_CURVE((1.,0.5,1.,0.5,1.,0.5,1.)) REPRESENTATION_ITEM(
  '') );
#403 = CARTESIAN_POINT('',(9.25,10.));
#404 = CARTESIAN_POINT('',(9.25,13.89711431703));
#405 = CARTESIAN_POINT('',(5.875,11.948557158515));
#406 = CARTESIAN_POINT('',(2.5,10.));
#407 = CARTESIAN_POINT('',(5.875,8.051442841485));
#408 = CARTESIAN_POINT('',(9.25,6.10288568297));
#409 = CARTESIAN_POINT('',(9.25,10.));
#410 = ( GEOMETRIC_REPRESENTATION_CONTEXT(2) 
PARAMETRIC_REPRESENTATION_CONTEXT() REPRESENTATION_CONTEXT('2D SPACE',''
  ) );
#411 = PCURVE('',#412,#427);
#412 = ( BOUNDED_SURFACE() B_SPLINE_SURFACE(2,1,(
    (#413,#414)
    ,(#415,#416)
    ,(#417,#418)
    ,(#419,#420)
    ,(#421,#422)
    ,(#423,#424)
,(#425,#426
    )),.UNSPECIFIED.,.T.,.F.,.F.) B_SPLINE_SURFACE_WITH_KNOTS((1,2,2,2,2
    ,1),(2,2),(-2.094395102393,0.,2.094395102393,4.188790204786,
    6.28318530718,8.377580409573),(9.999999999999E-02,5.1),
.UNSPECIFIED.) GEOMETRIC_REPRESENTATION_ITEM() RATIONAL_B_SPLINE_SURFACE
((
    (1.,1.)
    ,(0.5,0.5)
    ,(1.,1.)
    ,(0.5,0.5)
    ,(1.,1.)
    ,(0.5,0.5)
,(1.,1.))) REPRESENTATION_ITEM('') SURFACE() );
#413 = CARTESIAN_POINT('',(224.10251142247,178.43011325446,
    134.38989221983));
#414 = CARTESIAN_POINT('',(224.10251142247,178.43011325446,
    139.38989221983));
#415 = CARTESIAN_POINT('',(224.10251142247,182.32722757149,
    134.38989221983));
#416 = CARTESIAN_POINT('',(224.10251142247,182.32722757149,
    139.38989221983));
#417 = CARTESIAN_POINT('',(227.47751142247,180.37867041298,
    134.38989221983));
#418 = CARTESIAN_POINT('',(227.47751142247,180.37867041298,
    139.38989221983));
#419 = CARTESIAN_POINT('',(230.85251142247,178.43011325446,
    134.38989221983));
#420 = CARTESIAN_POINT('',(230.85251142247,178.43011325446,
    139.38989221983));
#421 = CARTESIAN_POINT('',(227.47751142247,176.48155609595,
    134.38989221983));
#422 = CARTESIAN_POINT('',(227.47751142247,176.48155609595,
    139.38989221983));
#423 = CARTESIAN_POINT('',(224.10251142247,174.53299893743,
    134.38989221983));
#424 = CARTESIAN_POINT('',(224.10251142247,174.53299893743,
    139.38989221983));
#425 = CARTESIAN_POINT('',(224.10251142247,178.43011325446,
    134.38989221983));
#426 = CARTESIAN_POINT('',(224.10251142247,178.43011325446,
    139.38989221983));
#427 = DEFINITIONAL_REPRESENTATION('',(#428),#436);
#428 = B_SPLINE_CURVE_WITH_KNOTS('',2,(#429,#430,#431,#432,#433,#434,
    #435),.UNSPECIFIED.,.F.,.F.,(3,2,2,3),(0.,2.094395102393,
    4.188790204786,6.28318530718),.PIECEWISE_BEZIER_KNOTS.);
#429 = CARTESIAN_POINT('',(0.,5.1));
#430 = CARTESIAN_POINT('',(1.047197551197,5.1));
#431 = CARTESIAN_POINT('',(2.094395102393,5.1));
#432 = CARTESIAN_POINT('',(3.14159265359,5.1));
#433 = CARTESIAN_POINT('',(4.188790204786,5.1));
#434 = CARTESIAN_POINT('',(5.235987755983,5.1));
#435 = CARTESIAN_POINT('',(6.28318530718,5.1));
#436 = ( GEOMETRIC_REPRESENTATION_CONTEXT(2) 
PARAMETRIC_REPRESENTATION_CONTEXT() REPRESENTATION_CONTEXT('2D SPACE',''
  ) );
#437 = FACE_BOUND('',#438,.F.);
#438 = EDGE_LOOP('',(#439));
#439 = ORIENTED_EDGE('',*,*,#440,.F.);
#440 = EDGE_CURVE('',#441,#441,#443,.T.);
#441 = VERTEX_POINT('',#442);
#442 = CARTESIAN_POINT('',(208.10251142247,178.43011325446,
    139.38989221983));
#443 = SURFACE_CURVE('',#444,(#452,#463),.PCURVE_S1.);
#444 = ( BOUNDED_CURVE() B_SPLINE_CURVE(2,(#445,#446,#447,#448,#449,#450
,#451),.UNSPECIFIED.,.T.,.F.) B_SPLINE_CURVE_WITH_KNOTS((1,2,2,2,2,1),(
    -2.094395102393,0.,2.094395102393,4.188790204786,6.28318530718,
8.377580409573),.UNSPECIFIED.) CURVE() GEOMETRIC_REPRESENTATION_ITEM() 
RATIONAL_B_SPLINE_CURVE((1.,0.5,1.,0.5,1.,0.5,1.)) REPRESENTATION_ITEM(
  '') );
#445 = CARTESIAN_POINT('',(208.10251142247,178.43011325446,
    139.38989221983));
#446 = CARTESIAN_POINT('',(208.10251142247,182.32722757149,
    139.38989221983));
#447 = CARTESIAN_POINT('',(211.47751142247,180.37867041298,
    139.38989221983));
#448 = CARTESIAN_POINT('',(214.85251142247,178.43011325446,
    139.38989221983));
#449 = CARTESIAN_POINT('',(211.47751142247,176.48155609595,
    139.38989221983));
#450 = CARTESIAN_POINT('',(208.10251142247,174.53299893743,
    139.38989221983));
#451 = CARTESIAN_POINT('',(208.10251142247,178.43011325446,
    139.38989221983));
#452 = PCURVE('',#115,#453);
#453 = DEFINITIONAL_REPRESENTATION('',(#454),#462);
#454 = ( BOUNDED_CURVE() B_SPLINE_CURVE(2,(#455,#456,#457,#458,#459,#460
,#461),.UNSPECIFIED.,.T.,.F.) B_SPLINE_CURVE_WITH_KNOTS((3,2,2,3),(0.,
    2.094395102393,4.188790204786,6.28318530718),
.PIECEWISE_BEZIER_KNOTS.) CURVE() GEOMETRIC_REPRESENTATION_ITEM() 
RATIONAL_B_SPLINE_CURVE((1.,0.5,1.,0.5,1.,0.5,1.)) REPRESENTATION_ITEM(
  '') );
#455 = CARTESIAN_POINT('',(25.25,10.));
#456 = CARTESIAN_POINT('',(25.25,13.89711431703));
#457 = CARTESIAN_POINT('',(21.875,11.948557158515));
#458 = CARTESIAN_POINT('',(18.5,10.));
#459 = CARTESIAN_POINT('',(21.875,8.051442841485));
#460 = CARTESIAN_POINT('',(25.25,6.10288568297));
#461 = CARTESIAN_POINT('',(25.25,10.));
#462 = ( GEOMETRIC_REPRESENTATION_CONTEXT(2) 
PARAMETRIC_REPRESENTATION_CONTEXT() REPRESENTATION_CONTEXT('2D SPACE',''
  ) );
#463 = PCURVE('',#464,#479);
#464 = ( BOUNDED_SURFACE() B_SPLINE_SURFACE(2,1,(
    (#465,#466)
    ,(#467,#468)
    ,(#469,#470)
    ,(#471,#472)
    ,(#473,#474)
    ,(#475,#476)
,(#477,#478
    )),.UNSPECIFIED.,.T.,.F.,.F.) B_SPLINE_SURFACE_WITH_KNOTS((1,2,2,2,2
    ,1),(2,2),(-2.094395102393,0.,2.094395102393,4.188790204786,
    6.28318530718,8.377580409573),(9.999999999999E-02,5.1),
.UNSPECIFIED.) GEOMETRIC_REPRESENTATION_ITEM() RATIONAL_B_SPLINE_SURFACE
((
    (1.,1.)
    ,(0.5,0.5)
    ,(1.,1.)
    ,(0.5,0.5)
    ,(1.,1.)
    ,(0.5,0.5)
,(1.,1.))) REPRESENTATION_ITEM('') SURFACE() );
#465 = CARTESIAN_POINT('',(208.10251142247,178.43011325446,
    134.38989221983));
#466 = CARTESIAN_POINT('',(208.10251142247,178.43011325446,
    139.38989221983));
#467 = CARTESIAN_POINT('',(208.10251142247,182.32722757149,
    134.38989221983));
#468 = CARTESIAN_POINT('',(208.10251142247,182.32722757149,
    139.38989221983));
#469 = CARTESIAN_POINT('',(211.47751142247,180.37867041298,
    134.38989221983));
#470 = CARTESIAN_POINT('',(211.47751142247,180.37867041298,
    139.38989221983));
#471 = CARTESIAN_POINT('',(214.85251142247,178.43011325446,
    134.38989221983));
#472 = CARTESIAN_POINT('',(214.85251142247,178.43011325446,
    139.38989221983));
#473 = CARTESIAN_POINT('',(211.47751142247,176.48155609595,
    134.38989221983));
#474 = CARTESIAN_POINT('',(211.47751142247,176.48155609595,
    139.38989221983));
#475 = CARTESIAN_POINT('',(208.10251142247,174.53299893743,
    134.38989221983));
#476 = CARTESIAN_POINT('',(208.10251142247,174.53299893743,
    139.38989221983));
#477 = CARTESIAN_POINT('',(208.10251142247,178.43011325446,
    134.38989221983));
#478 = CARTESIAN_POINT('',(208.10251142247,178.43011325446,
    139.38989221983));
#479 = DEFINITIONAL_REPRESENTATION('',(#480),#488);
#480 = B_SPLINE_CURVE_WITH_KNOTS('',2,(#481,#482,#483,#484,#485,#486,
    #487),.UNSPECIFIED.,.F.,.F.,(3,2,2,3),(0.,2.094395102393,
    4.188790204786,6.28318530718),.PIECEWISE_BEZIER_KNOTS.);
#481 = CARTESIAN_POINT('',(0.,5.1));
#482 = CARTESIAN_POINT('',(1.047197551197,5.1));
#483 = CARTESIAN_POINT('',(2.094395102393,5.1));
#484 = CARTESIAN_POINT('',(3.14159265359,5.1));
#485 = CARTESIAN_POINT('',(4.188790204786,5.1));
#486 = CARTESIAN_POINT('',(5.235987755983,5.1));
#487 = CARTESIAN_POINT('',(6.28318530718,5.1));
#488 = ( GEOMETRIC_REPRESENTATION_CONTEXT(2) 
PARAMETRIC_REPRESENTATION_CONTEXT() REPRESENTATION_CONTEXT('2D SPACE',''
  ) );
#489 = FACE_BOUND('',#490,.F.);
#490 = EDGE_LOOP('',(#491,#698));
#491 = ORIENTED_EDGE('',*,*,#492,.T.);
#492 = EDGE_CURVE('',#493,#495,#497,.T.);
#493 = VERTEX_POINT('',#494);
#494 = CARTESIAN_POINT('',(228.05251142247,190.43011325446,
    139.38989221983));
#495 = VERTEX_POINT('',#496);
#496 = CARTESIAN_POINT('',(227.0361919729,188.87364902263,
    139.38989221983));
#497 = SURFACE_CURVE('',#498,(#561,#627),.PCURVE_S1.);
#498 = B_SPLINE_CURVE_WITH_KNOTS('',7,(#499,#500,#501,#502,#503,#504,
    #505,#506,#507,#508,#509,#510,#511,#512,#513,#514,#515,#516,#517,
    #518,#519,#520,#521,#522,#523,#524,#525,#526,#527,#528,#529,#530,
    #531,#532,#533,#534,#535,#536,#537,#538,#539,#540,#541,#542,#543,
    #544,#545,#546,#547,#548,#549,#550,#551,#552,#553,#554,#555,#556,
    #557,#558,#559,#560),.UNSPECIFIED.,.F.,.F.,(8,6,6,6,6,6,6,6,6,6,8),(
    0.,0.115709993127,0.229625935228,0.310839562667,0.38476139772,
    0.502740717461,0.629436546619,0.767019110503,0.871570899264,
    0.923732498315,1.),.UNSPECIFIED.);
#499 = CARTESIAN_POINT('',(228.05251142247,190.43011325446,
    139.38989221983));
#500 = CARTESIAN_POINT('',(228.05251142247,190.57415726731,
    139.38989221983));
#501 = CARTESIAN_POINT('',(228.03827207012,190.71823219425,
    139.38989221983));
#502 = CARTESIAN_POINT('',(228.00978289925,190.8605936681,
    139.38989221983));
#503 = CARTESIAN_POINT('',(227.96731390659,190.99956570292,
    139.38989221983));
#504 = CARTESIAN_POINT('',(227.91135741511,191.13353512668,
    139.38989221983));
#505 = CARTESIAN_POINT('',(227.84262584078,191.26096114172,
    139.38989221983));
#506 = CARTESIAN_POINT('',(227.68283333201,191.49798701837,
    139.38989221983));
#507 = CARTESIAN_POINT('',(227.5921014615,191.60788265364,
    139.38989221983));
#508 = CARTESIAN_POINT('',(227.49083248743,191.7087016363,
    139.38989221983));
#509 = CARTESIAN_POINT('',(227.3801308359,191.79925922365,
    139.38989221983));
#510 = CARTESIAN_POINT('',(227.26124249596,191.87853675642,
    139.38989221983));
#511 = CARTESIAN_POINT('',(227.13554735664,191.94568736447,
    139.38989221983));
#512 = CARTESIAN_POINT('',(226.91121684245,192.03886106247,
    139.38989221983));
#513 = CARTESIAN_POINT('',(226.81515420424,192.0711642587,
    139.38989221983));
#514 = CARTESIAN_POINT('',(226.71694368152,192.09676261153,
    139.38989221983));
#515 = CARTESIAN_POINT('',(226.61714716622,192.11549120942,
    139.38989221983));
#516 = CARTESIAN_POINT('',(226.51633807309,192.1272424541,
    139.38989221983));
#517 = CARTESIAN_POINT('',(226.41509984008,192.13196633515,
    139.38989221983));
#518 = CARTESIAN_POINT('',(226.22202655374,192.12759429523,
    139.38989221983));
#519 = CARTESIAN_POINT('',(226.13015577636,192.11970066077,
    139.38989221983));
#520 = CARTESIAN_POINT('',(226.03885911826,192.10600711063,
    139.38989221983));
#521 = CARTESIAN_POINT('',(225.94857514508,192.08656532617,
    139.38989221983));
#522 = CARTESIAN_POINT('',(225.85973415325,192.06146797072,
    139.38989221983));
#523 = CARTESIAN_POINT('',(225.77275707563,192.03084843808,
    139.38989221983));
#524 = CARTESIAN_POINT('',(225.55286881517,191.93747589808,
    139.38989221983));
#525 = CARTESIAN_POINT('',(225.42343897688,191.8664325802,
    139.38989221983));
#526 = CARTESIAN_POINT('',(225.30147272965,191.78246378332,
    139.38989221983));
#527 = CARTESIAN_POINT('',(225.18848978999,191.68653230015,
    139.38989221983));
#528 = CARTESIAN_POINT('',(225.08585336978,191.5797948733,
    139.38989221983));
#529 = CARTESIAN_POINT('',(224.99476098992,191.46359512851,
    139.38989221983));
#530 = CARTESIAN_POINT('',(224.8318233271,191.20624719223,
    139.38989221983));
#531 = CARTESIAN_POINT('',(224.76185006321,191.06381532439,
    139.38989221983));
#532 = CARTESIAN_POINT('',(224.7075237591,190.9141497658,139.38989221983
    ));
#533 = CARTESIAN_POINT('',(224.66968613724,190.75931562547,
    139.38989221983));
#534 = CARTESIAN_POINT('',(224.64886248239,190.60146397119,
    139.38989221983));
#535 = CARTESIAN_POINT('',(224.64525796441,190.44281528636,
    139.38989221983));
#536 = CARTESIAN_POINT('',(224.67321232302,190.1150117375,
    139.38989221983));
#537 = CARTESIAN_POINT('',(224.70783026739,189.94599746844,
    139.38989221983));
#538 = CARTESIAN_POINT('',(224.76228920183,189.7815842504,
    139.38989221983));
#539 = CARTESIAN_POINT('',(224.83579666091,189.62452404471,
    139.38989221983));
#540 = CARTESIAN_POINT('',(224.92715473313,189.47737808022,
    139.38989221983));
#541 = CARTESIAN_POINT('',(225.03475761928,189.34252003824,
    139.38989221983));
#542 = CARTESIAN_POINT('',(225.24896304797,189.13045145086,
    139.38989221983));
#543 = CARTESIAN_POINT('',(225.34964772342,189.04713019454,
    139.38989221983));
#544 = CARTESIAN_POINT('',(225.4576191022,188.97296190333,
    139.38989221983));
#545 = CARTESIAN_POINT('',(225.57187179468,188.90869161917,
    139.38989221983));
#546 = CARTESIAN_POINT('',(225.69132117732,188.85492925509,
    139.38989221983));
#547 = CARTESIAN_POINT('',(225.81480867899,188.81214682992,
    139.38989221983));
#548 = CARTESIAN_POINT('',(226.00409542833,188.7649337762,
    139.38989221983));
#549 = CARTESIAN_POINT('',(226.06779980604,188.75202654037,
    139.38989221983));
#550 = CARTESIAN_POINT('',(226.13205391517,188.74196443145,
    139.38989221983));
#551 = CARTESIAN_POINT('',(226.19670526422,188.73477482221,
    139.38989221983));
#552 = CARTESIAN_POINT('',(226.26160013478,188.73047480573,
    139.38989221983));
#553 = CARTESIAN_POINT('',(226.32658374834,188.72907117695,
    139.38989221983));
#554 = CARTESIAN_POINT('',(226.4864176412,188.73273788573,
    139.38989221983));
#555 = CARTESIAN_POINT('',(226.58119653482,188.74110023981,
    139.38989221983));
#556 = CARTESIAN_POINT('',(226.67534740808,188.75563578533,
    139.38989221983));
#557 = CARTESIAN_POINT('',(226.76838877875,188.77628619685,
    139.38989221983));
#558 = CARTESIAN_POINT('',(226.85984870087,188.80294676047,
    139.38989221983));
#559 = CARTESIAN_POINT('',(226.94926607741,188.83546661994,
    139.38989221983));
#560 = CARTESIAN_POINT('',(227.0361919729,188.87364902263,
    139.38989221983));
#561 = PCURVE('',#115,#562);
#562 = DEFINITIONAL_REPRESENTATION('',(#563),#626);
#563 = B_SPLINE_CURVE_WITH_KNOTS('',7,(#564,#565,#566,#567,#568,#569,
    #570,#571,#572,#573,#574,#575,#576,#577,#578,#579,#580,#581,#582,
    #583,#584,#585,#586,#587,#588,#589,#590,#591,#592,#593,#594,#595,
    #596,#597,#598,#599,#600,#601,#602,#603,#604,#605,#606,#607,#608,
    #609,#610,#611,#612,#613,#614,#615,#616,#617,#618,#619,#620,#621,
    #622,#623,#624,#625),.UNSPECIFIED.,.F.,.F.,(8,6,6,6,6,6,6,6,6,6,8),(
    0.,0.115709993127,0.229625935228,0.310839562667,0.38476139772,
    0.502740717461,0.629436546619,0.767019110503,0.871570899264,
    0.923732498315,1.),.UNSPECIFIED.);
#564 = CARTESIAN_POINT('',(5.3,22.));
#565 = CARTESIAN_POINT('',(5.3,22.144044012843));
#566 = CARTESIAN_POINT('',(5.314239352349,22.288118939785));
#567 = CARTESIAN_POINT('',(5.342728523225,22.430480413632));
#568 = CARTESIAN_POINT('',(5.385197515887,22.569452448454));
#569 = CARTESIAN_POINT('',(5.441154007358,22.703421872212));
#570 = CARTESIAN_POINT('',(5.509885581694,22.830847887259));
#571 = CARTESIAN_POINT('',(5.669678090459,23.067873763903));
#572 = CARTESIAN_POINT('',(5.760409960972,23.177769399179));
#573 = CARTESIAN_POINT('',(5.861678935038,23.278588381837));
#574 = CARTESIAN_POINT('',(5.972380586569,23.369145969184));
#575 = CARTESIAN_POINT('',(6.091268926515,23.448423501951));
#576 = CARTESIAN_POINT('',(6.21696406583,23.515574110006));
#577 = CARTESIAN_POINT('',(6.441294580027,23.608747808009));
#578 = CARTESIAN_POINT('',(6.537357218231,23.64105100424));
#579 = CARTESIAN_POINT('',(6.63556774095,23.666649357066));
#580 = CARTESIAN_POINT('',(6.735364256255,23.685377954952));
#581 = CARTESIAN_POINT('',(6.836173349383,23.697129199638));
#582 = CARTESIAN_POINT('',(6.937411582395,23.70185308069));
#583 = CARTESIAN_POINT('',(7.130484868736,23.697481040768));
#584 = CARTESIAN_POINT('',(7.222355646114,23.689587406307));
#585 = CARTESIAN_POINT('',(7.313652304217,23.67589385617));
#586 = CARTESIAN_POINT('',(7.403936277391,23.656452071703));
#587 = CARTESIAN_POINT('',(7.492777269221,23.631354716259));
#588 = CARTESIAN_POINT('',(7.579754346841,23.600735183613));
#589 = CARTESIAN_POINT('',(7.7996426073,23.50736264362));
#590 = CARTESIAN_POINT('',(7.929072445588,23.436319325739));
#591 = CARTESIAN_POINT('',(8.051038692821,23.352350528856));
#592 = CARTESIAN_POINT('',(8.164021632486,23.256419045689));
#593 = CARTESIAN_POINT('',(8.266658052695,23.149681618835));
#594 = CARTESIAN_POINT('',(8.357750432557,23.03348187405));
#595 = CARTESIAN_POINT('',(8.520688095375,22.776133937763));
#596 = CARTESIAN_POINT('',(8.590661359258,22.63370206993));
#597 = CARTESIAN_POINT('',(8.644987663378,22.484036511331));
#598 = CARTESIAN_POINT('',(8.682825285232,22.32920237101));
#599 = CARTESIAN_POINT('',(8.703648940087,22.171350716724));
#600 = CARTESIAN_POINT('',(8.707253458058,22.012702031896));
#601 = CARTESIAN_POINT('',(8.679299099453,21.684898483035));
#602 = CARTESIAN_POINT('',(8.644681155084,21.515884213977));
#603 = CARTESIAN_POINT('',(8.590222220643,21.351470995931));
#604 = CARTESIAN_POINT('',(8.516714761558,21.194410790251));
#605 = CARTESIAN_POINT('',(8.425356689339,21.04726482576));
#606 = CARTESIAN_POINT('',(8.317753803192,20.912406783774));
#607 = CARTESIAN_POINT('',(8.103548374504,20.700338196401));
#608 = CARTESIAN_POINT('',(8.002863699052,20.617016940079));
#609 = CARTESIAN_POINT('',(7.894892320269,20.542848648869));
#610 = CARTESIAN_POINT('',(7.780639627797,20.478578364703));
#611 = CARTESIAN_POINT('',(7.661190245152,20.424816000622));
#612 = CARTESIAN_POINT('',(7.537702743483,20.382033575457));
#613 = CARTESIAN_POINT('',(7.348415994146,20.334820521733));
#614 = CARTESIAN_POINT('',(7.284711616429,20.321913285911));
#615 = CARTESIAN_POINT('',(7.220457507298,20.311851176988));
#616 = CARTESIAN_POINT('',(7.155806158253,20.304661567743));
#617 = CARTESIAN_POINT('',(7.09091128769,20.300361551266));
#618 = CARTESIAN_POINT('',(7.025927674136,20.298957922481));
#619 = CARTESIAN_POINT('',(6.866093781277,20.302624631267));
#620 = CARTESIAN_POINT('',(6.771314887648,20.310986985343));
#621 = CARTESIAN_POINT('',(6.67716401439,20.325522530871));
#622 = CARTESIAN_POINT('',(6.584122643719,20.346172942384));
#623 = CARTESIAN_POINT('',(6.492662721598,20.372833506006));
#624 = CARTESIAN_POINT('',(6.403245345066,20.405353365476));
#625 = CARTESIAN_POINT('',(6.31631944957,20.443535768171));
#626 = ( GEOMETRIC_REPRESENTATION_CONTEXT(2) 
PARAMETRIC_REPRESENTATION_CONTEXT() REPRESENTATION_CONTEXT('2D SPACE',''
  ) );
#627 = PCURVE('',#628,#633);
#628 = CYLINDRICAL_SURFACE('',#629,1.7);
#629 = AXIS2_PLACEMENT_3D('',#630,#631,#632);
#630 = CARTESIAN_POINT('',(226.35251142247,190.43011325446,
    74.389892219836));
#631 = DIRECTION('',(0.,0.,1.));
#632 = DIRECTION('',(1.,0.,-0.));
#633 = DEFINITIONAL_REPRESENTATION('',(#634),#697);
#634 = B_SPLINE_CURVE_WITH_KNOTS('',7,(#635,#636,#637,#638,#639,#640,
    #641,#642,#643,#644,#645,#646,#647,#648,#649,#650,#651,#652,#653,
    #654,#655,#656,#657,#658,#659,#660,#661,#662,#663,#664,#665,#666,
    #667,#668,#669,#670,#671,#672,#673,#674,#675,#676,#677,#678,#679,
    #680,#681,#682,#683,#684,#685,#686,#687,#688,#689,#690,#691,#692,
    #693,#694,#695,#696),.UNSPECIFIED.,.F.,.F.,(8,6,6,6,6,6,6,6,6,6,8),(
    0.,0.115709993127,0.229625935228,0.310839562667,0.38476139772,
    0.502740717461,0.629436546619,0.767019110503,0.871570899264,
    0.923732498315,1.),.UNSPECIFIED.);
#635 = CARTESIAN_POINT('',(0.,65.));
#636 = CARTESIAN_POINT('',(8.473177226056E-02,65.));
#637 = CARTESIAN_POINT('',(0.169481374728,65.));
#638 = CARTESIAN_POINT('',(0.254218320076,65.));
#639 = CARTESIAN_POINT('',(0.338947348961,65.));
#640 = CARTESIAN_POINT('',(0.423685335466,65.));
#641 = CARTESIAN_POINT('',(0.508437065275,65.));
#642 = CARTESIAN_POINT('',(0.676588949222,65.));
#643 = CARTESIAN_POINT('',(0.760024417518,65.));
#644 = CARTESIAN_POINT('',(0.843447251232,65.));
#645 = CARTESIAN_POINT('',(0.926861792229,65.));
#646 = CARTESIAN_POINT('',(1.010283579912,65.));
#647 = CARTESIAN_POINT('',(1.093717341412,65.));
#648 = CARTESIAN_POINT('',(1.236605878802,65.));
#649 = CARTESIAN_POINT('',(1.296079670739,65.));
#650 = CARTESIAN_POINT('',(1.355551156784,65.));
#651 = CARTESIAN_POINT('',(1.415021167212,65.));
#652 = CARTESIAN_POINT('',(1.474492602964,65.));
#653 = CARTESIAN_POINT('',(1.533966303198,65.));
#654 = CARTESIAN_POINT('',(1.647567939218,65.));
#655 = CARTESIAN_POINT('',(1.701700856302,65.));
#656 = CARTESIAN_POINT('',(1.755832430744,65.));
#657 = CARTESIAN_POINT('',(1.809963147581,65.));
#658 = CARTESIAN_POINT('',(1.864094739963,65.));
#659 = CARTESIAN_POINT('',(1.918227716231,65.));
#660 = CARTESIAN_POINT('',(2.058752287482,65.));
#661 = CARTESIAN_POINT('',(2.145164621935,65.));
#662 = CARTESIAN_POINT('',(2.231562706218,65.));
#663 = CARTESIAN_POINT('',(2.317952149193,65.));
#664 = CARTESIAN_POINT('',(2.404351405771,65.));
#665 = CARTESIAN_POINT('',(2.490765608072,65.));
#666 = CARTESIAN_POINT('',(2.669937716354,65.));
#667 = CARTESIAN_POINT('',(2.762743378789,65.));
#668 = CARTESIAN_POINT('',(2.855528125514,65.));
#669 = CARTESIAN_POINT('',(2.948299430876,65.));
#670 = CARTESIAN_POINT('',(3.041083508499,65.));
#671 = CARTESIAN_POINT('',(3.133887926307,65.));
#672 = CARTESIAN_POINT('',(3.327413415996,65.));
#673 = CARTESIAN_POINT('',(3.428204324643,65.));
#674 = CARTESIAN_POINT('',(3.52896041954,65.));
#675 = CARTESIAN_POINT('',(3.629705768938,65.));
#676 = CARTESIAN_POINT('',(3.730463010437,65.));
#677 = CARTESIAN_POINT('',(3.831255388763,65.));
#678 = CARTESIAN_POINT('',(4.008564232593,65.));
#679 = CARTESIAN_POINT('',(4.085135661541,65.));
#680 = CARTESIAN_POINT('',(4.161698945165,65.));
#681 = CARTESIAN_POINT('',(4.238256924175,65.));
#682 = CARTESIAN_POINT('',(4.314819743964,65.));
#683 = CARTESIAN_POINT('',(4.391390432093,65.));
#684 = CARTESIAN_POINT('',(4.50614690045,65.));
#685 = CARTESIAN_POINT('',(4.544343585105,65.));
#686 = CARTESIAN_POINT('',(4.582540016181,65.));
#687 = CARTESIAN_POINT('',(4.620736284911,65.));
#688 = CARTESIAN_POINT('',(4.658932706067,65.));
#689 = CARTESIAN_POINT('',(4.697129371477,65.));
#690 = CARTESIAN_POINT('',(4.791174045503,65.));
#691 = CARTESIAN_POINT('',(4.847024507966,65.));
#692 = CARTESIAN_POINT('',(4.902873416796,65.));
#693 = CARTESIAN_POINT('',(4.958721377422,65.));
#694 = CARTESIAN_POINT('',(5.014570392499,65.));
#695 = CARTESIAN_POINT('',(5.070420979553,65.));
#696 = CARTESIAN_POINT('',(5.126269288635,65.));
#697 = ( GEOMETRIC_REPRESENTATION_CONTEXT(2) 
PARAMETRIC_REPRESENTATION_CONTEXT() REPRESENTATION_CONTEXT('2D SPACE',''
  ) );
#698 = ORIENTED_EDGE('',*,*,#699,.T.);
#699 = EDGE_CURVE('',#495,#493,#700,.T.);
#700 = SURFACE_CURVE('',#701,(#711,#724),.PCURVE_S1.);
#701 = B_SPLINE_CURVE_WITH_KNOTS('',8,(#702,#703,#704,#705,#706,#707,
    #708,#709,#710),.UNSPECIFIED.,.F.,.F.,(9,9),(0.,1.),
  .PIECEWISE_BEZIER_KNOTS.);
#702 = CARTESIAN_POINT('',(227.0361919729,188.87364902263,
    139.38989221983));
#703 = CARTESIAN_POINT('',(227.26107576645,188.97242975438,
    139.38989221983));
#704 = CARTESIAN_POINT('',(227.47022388024,189.10859784945,
    139.38989221983));
#705 = CARTESIAN_POINT('',(227.65537037979,189.27891130497,
    139.38989221983));
#706 = CARTESIAN_POINT('',(227.81045781085,189.47810760774,
    139.38989221983));
#707 = CARTESIAN_POINT('',(227.93047369228,189.70021261621,
    139.38989221983));
#708 = CARTESIAN_POINT('',(228.01195735471,189.93823479144,
    139.38989221983));
#709 = CARTESIAN_POINT('',(228.05251142247,190.18450609547,
    139.38989221983));
#710 = CARTESIAN_POINT('',(228.05251142247,190.43011325446,
    139.38989221983));
#711 = PCURVE('',#115,#712);
#712 = DEFINITIONAL_REPRESENTATION('',(#713),#723);
#713 = B_SPLINE_CURVE_WITH_KNOTS('',8,(#714,#715,#716,#717,#718,#719,
    #720,#721,#722),.UNSPECIFIED.,.F.,.F.,(9,9),(0.,1.),
  .PIECEWISE_BEZIER_KNOTS.);
#714 = CARTESIAN_POINT('',(6.31631944957,20.443535768171));
#715 = CARTESIAN_POINT('',(6.091435656021,20.542316499917));
#716 = CARTESIAN_POINT('',(5.882287542231,20.678484594988));
#717 = CARTESIAN_POINT('',(5.697141042686,20.848798050502));
#718 = CARTESIAN_POINT('',(5.542053611619,21.047994353281));
#719 = CARTESIAN_POINT('',(5.422037730193,21.270099361743));
#720 = CARTESIAN_POINT('',(5.340554067762,21.508121536978));
#721 = CARTESIAN_POINT('',(5.3,21.754392841004));
#722 = CARTESIAN_POINT('',(5.3,22.));
#723 = ( GEOMETRIC_REPRESENTATION_CONTEXT(2) 
PARAMETRIC_REPRESENTATION_CONTEXT() REPRESENTATION_CONTEXT('2D SPACE',''
  ) );
#724 = PCURVE('',#628,#725);
#725 = DEFINITIONAL_REPRESENTATION('',(#726),#736);
#726 = B_SPLINE_CURVE_WITH_KNOTS('',8,(#727,#728,#729,#730,#731,#732,
    #733,#734,#735),.UNSPECIFIED.,.F.,.F.,(9,9),(0.,1.),
  .PIECEWISE_BEZIER_KNOTS.);
#727 = CARTESIAN_POINT('',(5.126269288635,65.));
#728 = CARTESIAN_POINT('',(5.270753041587,65.));
#729 = CARTESIAN_POINT('',(5.415605119728,65.));
#730 = CARTESIAN_POINT('',(5.560215636326,65.));
#731 = CARTESIAN_POINT('',(5.704720393441,65.));
#732 = CARTESIAN_POINT('',(5.849228234148,65.));
#733 = CARTESIAN_POINT('',(5.993846745271,65.));
#734 = CARTESIAN_POINT('',(6.13871050777,65.));
#735 = CARTESIAN_POINT('',(6.28318530718,65.));
#736 = ( GEOMETRIC_REPRESENTATION_CONTEXT(2) 
PARAMETRIC_REPRESENTATION_CONTEXT() REPRESENTATION_CONTEXT('2D SPACE',''
  ) );
#737 = ADVANCED_FACE('',(#738),#92,.F.);
#738 = FACE_BOUND('',#739,.F.);
#739 = EDGE_LOOP('',(#740,#760,#761,#762));
#740 = ORIENTED_EDGE('',*,*,#741,.F.);
#741 = EDGE_CURVE('',#54,#742,#744,.T.);
#742 = VERTEX_POINT('',#743);
#743 = CARTESIAN_POINT('',(203.35251142247,213.43011325446,
    134.38989221983));
#744 = SURFACE_CURVE('',#745,(#748,#754),.PCURVE_S1.);
#745 = B_SPLINE_CURVE_WITH_KNOTS('',1,(#746,#747),.UNSPECIFIED.,.F.,.F.,
  (2,2),(0.,30.),.PIECEWISE_BEZIER_KNOTS.);
#746 = CARTESIAN_POINT('',(233.35251142247,213.43011325446,
    134.38989221983));
#747 = CARTESIAN_POINT('',(203.35251142247,213.43011325446,
    134.38989221983));
#748 = PCURVE('',#92,#749);
#749 = DEFINITIONAL_REPRESENTATION('',(#750),#753);
#750 = B_SPLINE_CURVE_WITH_KNOTS('',1,(#751,#752),.UNSPECIFIED.,.F.,.F.,
  (2,2),(0.,30.),.PIECEWISE_BEZIER_KNOTS.);
#751 = CARTESIAN_POINT('',(0.,0.));
#752 = CARTESIAN_POINT('',(0.,30.));
#753 = ( GEOMETRIC_REPRESENTATION_CONTEXT(2) 
PARAMETRIC_REPRESENTATION_CONTEXT() REPRESENTATION_CONTEXT('2D SPACE',''
  ) );
#754 = PCURVE('',#67,#755);
#755 = DEFINITIONAL_REPRESENTATION('',(#756),#759);
#756 = B_SPLINE_CURVE_WITH_KNOTS('',1,(#757,#758),.UNSPECIFIED.,.F.,.F.,
  (2,2),(0.,30.),.PIECEWISE_BEZIER_KNOTS.);
#757 = CARTESIAN_POINT('',(0.,45.));
#758 = CARTESIAN_POINT('',(30.,45.));
#759 = ( GEOMETRIC_REPRESENTATION_CONTEXT(2) 
PARAMETRIC_REPRESENTATION_CONTEXT() REPRESENTATION_CONTEXT('2D SPACE',''
  ) );
#760 = ORIENTED_EDGE('',*,*,#78,.T.);
#761 = ORIENTED_EDGE('',*,*,#246,.T.);
#762 = ORIENTED_EDGE('',*,*,#763,.F.);
#763 = EDGE_CURVE('',#742,#247,#764,.T.);
#764 = SURFACE_CURVE('',#765,(#768,#774),.PCURVE_S1.);
#765 = B_SPLINE_CURVE_WITH_KNOTS('',1,(#766,#767),.UNSPECIFIED.,.F.,.F.,
  (2,2),(0.,5.),.PIECEWISE_BEZIER_KNOTS.);
#766 = CARTESIAN_POINT('',(203.35251142247,213.43011325446,
    134.38989221983));
#767 = CARTESIAN_POINT('',(203.35251142247,213.43011325446,
    139.38989221983));
#768 = PCURVE('',#92,#769);
#769 = DEFINITIONAL_REPRESENTATION('',(#770),#773);
#770 = B_SPLINE_CURVE_WITH_KNOTS('',1,(#771,#772),.UNSPECIFIED.,.F.,.F.,
  (2,2),(0.,5.),.PIECEWISE_BEZIER_KNOTS.);
#771 = CARTESIAN_POINT('',(0.,30.));
#772 = CARTESIAN_POINT('',(5.,30.));
#773 = ( GEOMETRIC_REPRESENTATION_CONTEXT(2) 
PARAMETRIC_REPRESENTATION_CONTEXT() REPRESENTATION_CONTEXT('2D SPACE',''
  ) );
#774 = PCURVE('',#375,#775);
#775 = DEFINITIONAL_REPRESENTATION('',(#776),#779);
#776 = B_SPLINE_CURVE_WITH_KNOTS('',1,(#777,#778),.UNSPECIFIED.,.F.,.F.,
  (2,2),(0.,5.),.PIECEWISE_BEZIER_KNOTS.);
#777 = CARTESIAN_POINT('',(0.,-45.));
#778 = CARTESIAN_POINT('',(5.,-45.));
#779 = ( GEOMETRIC_REPRESENTATION_CONTEXT(2) 
PARAMETRIC_REPRESENTATION_CONTEXT() REPRESENTATION_CONTEXT('2D SPACE',''
  ) );
#780 = ADVANCED_FACE('',(#781),#67,.T.);
#781 = FACE_BOUND('',#782,.T.);
#782 = EDGE_LOOP('',(#783,#784,#785,#786,#809,#844,#872,#1072,#1113,
    #1313,#1341,#1369,#1397));
#783 = ORIENTED_EDGE('',*,*,#741,.F.);
#784 = ORIENTED_EDGE('',*,*,#53,.F.);
#785 = ORIENTED_EDGE('',*,*,#129,.T.);
#786 = ORIENTED_EDGE('',*,*,#787,.F.);
#787 = EDGE_CURVE('',#788,#130,#790,.T.);
#788 = VERTEX_POINT('',#789);
#789 = CARTESIAN_POINT('',(225.,176.63199956171,134.38989221983));
#790 = SURFACE_CURVE('',#791,(#795,#802),.PCURVE_S1.);
#791 = LINE('',#792,#793);
#792 = CARTESIAN_POINT('',(225.,203.,134.38989221983));
#793 = VECTOR('',#794,1.);
#794 = DIRECTION('',(-1.224646799147E-16,-1.,0.));
#795 = PCURVE('',#67,#796);
#796 = DEFINITIONAL_REPRESENTATION('',(#797),#801);
#797 = B_SPLINE_CURVE_WITH_KNOTS('',2,(#798,#799,#800),.UNSPECIFIED.,.F.
  ,.F.,(3,3),(26.368000438285,34.569886745531),
  .PIECEWISE_BEZIER_KNOTS.);
#798 = CARTESIAN_POINT('',(8.352511422477,8.201886307246));
#799 = CARTESIAN_POINT('',(8.352511422477,4.100943153623));
#800 = CARTESIAN_POINT('',(8.352511422477,7.105427357601E-15));
#801 = ( GEOMETRIC_REPRESENTATION_CONTEXT(2) 
PARAMETRIC_REPRESENTATION_CONTEXT() REPRESENTATION_CONTEXT('2D SPACE',''
  ) );
#802 = PCURVE('',#232,#803);
#803 = DEFINITIONAL_REPRESENTATION('',(#804),#808);
#804 = LINE('',#805,#806);
#805 = CARTESIAN_POINT('',(0.,0.));
#806 = VECTOR('',#807,1.);
#807 = DIRECTION('',(0.,-1.));
#808 = ( GEOMETRIC_REPRESENTATION_CONTEXT(2) 
PARAMETRIC_REPRESENTATION_CONTEXT() REPRESENTATION_CONTEXT('2D SPACE',''
  ) );
#809 = ORIENTED_EDGE('',*,*,#810,.F.);
#810 = EDGE_CURVE('',#811,#788,#813,.T.);
#811 = VERTEX_POINT('',#812);
#812 = CARTESIAN_POINT('',(225.,180.22822694722,134.38989221983));
#813 = SURFACE_CURVE('',#814,(#822,#833),.PCURVE_S1.);
#814 = ( BOUNDED_CURVE() B_SPLINE_CURVE(2,(#815,#816,#817,#818,#819,#820
,#821),.UNSPECIFIED.,.T.,.F.) B_SPLINE_CURVE_WITH_KNOTS((1,2,2,2,2,1),(
    -2.094395102393,0.,2.094395102393,4.188790204786,6.28318530718,
8.377580409573),.UNSPECIFIED.) CURVE() GEOMETRIC_REPRESENTATION_ITEM() 
RATIONAL_B_SPLINE_CURVE((1.,0.5,1.,0.5,1.,0.5,1.)) REPRESENTATION_ITEM(
  '') );
#815 = CARTESIAN_POINT('',(224.10251142247,178.43011325446,
    134.38989221983));
#816 = CARTESIAN_POINT('',(224.10251142247,182.32722757149,
    134.38989221983));
#817 = CARTESIAN_POINT('',(227.47751142247,180.37867041298,
    134.38989221983));
#818 = CARTESIAN_POINT('',(230.85251142247,178.43011325446,
    134.38989221983));
#819 = CARTESIAN_POINT('',(227.47751142247,176.48155609595,
    134.38989221983));
#820 = CARTESIAN_POINT('',(224.10251142247,174.53299893743,
    134.38989221983));
#821 = CARTESIAN_POINT('',(224.10251142247,178.43011325446,
    134.38989221983));
#822 = PCURVE('',#67,#823);
#823 = DEFINITIONAL_REPRESENTATION('',(#824),#832);
#824 = ( BOUNDED_CURVE() B_SPLINE_CURVE(2,(#825,#826,#827,#828,#829,#830
,#831),.UNSPECIFIED.,.T.,.F.) B_SPLINE_CURVE_WITH_KNOTS((3,2,2,3),(0.,
    2.094395102393,4.188790204786,6.28318530718),
.PIECEWISE_BEZIER_KNOTS.) CURVE() GEOMETRIC_REPRESENTATION_ITEM() 
RATIONAL_B_SPLINE_CURVE((1.,0.5,1.,0.5,1.,0.5,1.)) REPRESENTATION_ITEM(
  '') );
#825 = CARTESIAN_POINT('',(9.25,10.));
#826 = CARTESIAN_POINT('',(9.25,13.89711431703));
#827 = CARTESIAN_POINT('',(5.875,11.948557158515));
#828 = CARTESIAN_POINT('',(2.5,10.));
#829 = CARTESIAN_POINT('',(5.875,8.051442841485));
#830 = CARTESIAN_POINT('',(9.25,6.10288568297));
#831 = CARTESIAN_POINT('',(9.25,10.));
#832 = ( GEOMETRIC_REPRESENTATION_CONTEXT(2) 
PARAMETRIC_REPRESENTATION_CONTEXT() REPRESENTATION_CONTEXT('2D SPACE',''
  ) );
#833 = PCURVE('',#412,#834);
#834 = DEFINITIONAL_REPRESENTATION('',(#835),#843);
#835 = B_SPLINE_CURVE_WITH_KNOTS('',2,(#836,#837,#838,#839,#840,#841,
    #842),.UNSPECIFIED.,.F.,.F.,(3,2,2,3),(0.,2.094395102393,
    4.188790204786,6.28318530718),.PIECEWISE_BEZIER_KNOTS.);
#836 = CARTESIAN_POINT('',(0.,9.999999999999E-02));
#837 = CARTESIAN_POINT('',(1.047197551197,9.999999999997E-02));
#838 = CARTESIAN_POINT('',(2.094395102393,9.999999999999E-02));
#839 = CARTESIAN_POINT('',(3.14159265359,0.1));
#840 = CARTESIAN_POINT('',(4.188790204786,9.999999999999E-02));
#841 = CARTESIAN_POINT('',(5.235987755983,0.1));
#842 = CARTESIAN_POINT('',(6.28318530718,9.999999999999E-02));
#843 = ( GEOMETRIC_REPRESENTATION_CONTEXT(2) 
PARAMETRIC_REPRESENTATION_CONTEXT() REPRESENTATION_CONTEXT('2D SPACE',''
  ) );
#844 = ORIENTED_EDGE('',*,*,#845,.F.);
#845 = EDGE_CURVE('',#846,#811,#848,.T.);
#846 = VERTEX_POINT('',#847);
#847 = CARTESIAN_POINT('',(225.,189.40020410705,134.38989221983));
#848 = SURFACE_CURVE('',#849,(#853,#860),.PCURVE_S1.);
#849 = LINE('',#850,#851);
#850 = CARTESIAN_POINT('',(225.,203.,134.38989221983));
#851 = VECTOR('',#852,1.);
#852 = DIRECTION('',(-1.224646799147E-16,-1.,0.));
#853 = PCURVE('',#67,#854);
#854 = DEFINITIONAL_REPRESENTATION('',(#855),#859);
#855 = B_SPLINE_CURVE_WITH_KNOTS('',2,(#856,#857,#858),.UNSPECIFIED.,.F.
  ,.F.,(3,3),(13.599795892946,22.771773052777),
  .PIECEWISE_BEZIER_KNOTS.);
#856 = CARTESIAN_POINT('',(8.352511422477,20.970090852585));
#857 = CARTESIAN_POINT('',(8.352511422477,16.38410227267));
#858 = CARTESIAN_POINT('',(8.352511422477,11.798113692754));
#859 = ( GEOMETRIC_REPRESENTATION_CONTEXT(2) 
PARAMETRIC_REPRESENTATION_CONTEXT() REPRESENTATION_CONTEXT('2D SPACE',''
  ) );
#860 = PCURVE('',#861,#866);
#861 = PLANE('',#862);
#862 = AXIS2_PLACEMENT_3D('',#863,#864,#865);
#863 = CARTESIAN_POINT('',(225.,203.,134.38989221983));
#864 = DIRECTION('',(-1.,1.224646799147E-16,0.));
#865 = DIRECTION('',(0.,0.,1.));
#866 = DEFINITIONAL_REPRESENTATION('',(#867),#871);
#867 = LINE('',#868,#869);
#868 = CARTESIAN_POINT('',(0.,0.));
#869 = VECTOR('',#870,1.);
#870 = DIRECTION('',(0.,-1.));
#871 = ( GEOMETRIC_REPRESENTATION_CONTEXT(2) 
PARAMETRIC_REPRESENTATION_CONTEXT() REPRESENTATION_CONTEXT('2D SPACE',''
  ) );
#872 = ORIENTED_EDGE('',*,*,#873,.T.);
#873 = EDGE_CURVE('',#846,#874,#876,.T.);
#874 = VERTEX_POINT('',#875);
#875 = CARTESIAN_POINT('',(227.0361919729,188.87364902263,
    134.38989221983));
#876 = SURFACE_CURVE('',#877,(#940,#1006),.PCURVE_S1.);
#877 = B_SPLINE_CURVE_WITH_KNOTS('',7,(#878,#879,#880,#881,#882,#883,
    #884,#885,#886,#887,#888,#889,#890,#891,#892,#893,#894,#895,#896,
    #897,#898,#899,#900,#901,#902,#903,#904,#905,#906,#907,#908,#909,
    #910,#911,#912,#913,#914,#915,#916,#917,#918,#919,#920,#921,#922,
    #923,#924,#925,#926,#927,#928,#929,#930,#931,#932,#933,#934,#935,
    #936,#937,#938,#939),.UNSPECIFIED.,.F.,.F.,(8,6,6,6,6,6,6,6,6,6,8),(
    0.,0.115709993127,0.229625935228,0.310839562666,0.38476139772,
    0.502740717461,0.629436546618,0.767019110503,0.871570899264,
    0.923732498315,1.),.UNSPECIFIED.);
#878 = CARTESIAN_POINT('',(228.05251142247,190.43011325446,
    134.38989221983));
#879 = CARTESIAN_POINT('',(228.05251142247,190.57415726731,
    134.38989221983));
#880 = CARTESIAN_POINT('',(228.03827207012,190.71823219425,
    134.38989221983));
#881 = CARTESIAN_POINT('',(228.00978289925,190.8605936681,
    134.38989221983));
#882 = CARTESIAN_POINT('',(227.96731390659,190.99956570292,
    134.38989221983));
#883 = CARTESIAN_POINT('',(227.91135741511,191.13353512668,
    134.38989221983));
#884 = CARTESIAN_POINT('',(227.84262584078,191.26096114172,
    134.38989221983));
#885 = CARTESIAN_POINT('',(227.68283333201,191.49798701837,
    134.38989221983));
#886 = CARTESIAN_POINT('',(227.5921014615,191.60788265364,
    134.38989221983));
#887 = CARTESIAN_POINT('',(227.49083248743,191.7087016363,
    134.38989221983));
#888 = CARTESIAN_POINT('',(227.3801308359,191.79925922365,
    134.38989221983));
#889 = CARTESIAN_POINT('',(227.26124249596,191.87853675642,
    134.38989221983));
#890 = CARTESIAN_POINT('',(227.13554735664,191.94568736447,
    134.38989221983));
#891 = CARTESIAN_POINT('',(226.91121684245,192.03886106247,
    134.38989221983));
#892 = CARTESIAN_POINT('',(226.81515420424,192.0711642587,
    134.38989221983));
#893 = CARTESIAN_POINT('',(226.71694368152,192.09676261153,
    134.38989221983));
#894 = CARTESIAN_POINT('',(226.61714716622,192.11549120942,
    134.38989221983));
#895 = CARTESIAN_POINT('',(226.51633807309,192.1272424541,
    134.38989221983));
#896 = CARTESIAN_POINT('',(226.41509984008,192.13196633515,
    134.38989221983));
#897 = CARTESIAN_POINT('',(226.22202655374,192.12759429523,
    134.38989221983));
#898 = CARTESIAN_POINT('',(226.13015577636,192.11970066077,
    134.38989221983));
#899 = CARTESIAN_POINT('',(226.03885911826,192.10600711063,
    134.38989221983));
#900 = CARTESIAN_POINT('',(225.94857514508,192.08656532617,
    134.38989221983));
#901 = CARTESIAN_POINT('',(225.85973415325,192.06146797072,
    134.38989221983));
#902 = CARTESIAN_POINT('',(225.77275707563,192.03084843808,
    134.38989221983));
#903 = CARTESIAN_POINT('',(225.55286881517,191.93747589808,
    134.38989221983));
#904 = CARTESIAN_POINT('',(225.42343897688,191.8664325802,
    134.38989221983));
#905 = CARTESIAN_POINT('',(225.30147272965,191.78246378332,
    134.38989221983));
#906 = CARTESIAN_POINT('',(225.18848978999,191.68653230015,
    134.38989221983));
#907 = CARTESIAN_POINT('',(225.08585336978,191.5797948733,
    134.38989221983));
#908 = CARTESIAN_POINT('',(224.99476098992,191.46359512851,
    134.38989221983));
#909 = CARTESIAN_POINT('',(224.8318233271,191.20624719223,
    134.38989221983));
#910 = CARTESIAN_POINT('',(224.76185006321,191.06381532439,
    134.38989221983));
#911 = CARTESIAN_POINT('',(224.7075237591,190.9141497658,134.38989221983
    ));
#912 = CARTESIAN_POINT('',(224.66968613724,190.75931562547,
    134.38989221983));
#913 = CARTESIAN_POINT('',(224.64886248239,190.60146397119,
    134.38989221983));
#914 = CARTESIAN_POINT('',(224.64525796441,190.44281528636,
    134.38989221983));
#915 = CARTESIAN_POINT('',(224.67321232302,190.1150117375,
    134.38989221983));
#916 = CARTESIAN_POINT('',(224.70783026739,189.94599746844,
    134.38989221983));
#917 = CARTESIAN_POINT('',(224.76228920183,189.7815842504,
    134.38989221983));
#918 = CARTESIAN_POINT('',(224.83579666091,189.62452404472,
    134.38989221983));
#919 = CARTESIAN_POINT('',(224.92715473313,189.47737808022,
    134.38989221983));
#920 = CARTESIAN_POINT('',(225.03475761928,189.34252003824,
    134.38989221983));
#921 = CARTESIAN_POINT('',(225.24896304797,189.13045145086,
    134.38989221983));
#922 = CARTESIAN_POINT('',(225.34964772342,189.04713019454,
    134.38989221983));
#923 = CARTESIAN_POINT('',(225.4576191022,188.97296190333,
    134.38989221983));
#924 = CARTESIAN_POINT('',(225.57187179468,188.90869161917,
    134.38989221983));
#925 = CARTESIAN_POINT('',(225.69132117732,188.85492925509,
    134.38989221983));
#926 = CARTESIAN_POINT('',(225.81480867899,188.81214682992,
    134.38989221983));
#927 = CARTESIAN_POINT('',(226.00409542833,188.7649337762,
    134.38989221983));
#928 = CARTESIAN_POINT('',(226.06779980604,188.75202654037,
    134.38989221983));
#929 = CARTESIAN_POINT('',(226.13205391517,188.74196443145,
    134.38989221983));
#930 = CARTESIAN_POINT('',(226.19670526422,188.73477482221,
    134.38989221983));
#931 = CARTESIAN_POINT('',(226.26160013478,188.73047480573,
    134.38989221983));
#932 = CARTESIAN_POINT('',(226.32658374834,188.72907117695,
    134.38989221983));
#933 = CARTESIAN_POINT('',(226.4864176412,188.73273788573,
    134.38989221983));
#934 = CARTESIAN_POINT('',(226.58119653482,188.74110023981,
    134.38989221983));
#935 = CARTESIAN_POINT('',(226.67534740808,188.75563578533,
    134.38989221983));
#936 = CARTESIAN_POINT('',(226.76838877875,188.77628619685,
    134.38989221983));
#937 = CARTESIAN_POINT('',(226.85984870087,188.80294676047,
    134.38989221983));
#938 = CARTESIAN_POINT('',(226.94926607741,188.83546661994,
    134.38989221983));
#939 = CARTESIAN_POINT('',(227.0361919729,188.87364902263,
    134.38989221983));
#940 = PCURVE('',#67,#941);
#941 = DEFINITIONAL_REPRESENTATION('',(#942),#1005);
#942 = B_SPLINE_CURVE_WITH_KNOTS('',7,(#943,#944,#945,#946,#947,#948,
    #949,#950,#951,#952,#953,#954,#955,#956,#957,#958,#959,#960,#961,
    #962,#963,#964,#965,#966,#967,#968,#969,#970,#971,#972,#973,#974,
    #975,#976,#977,#978,#979,#980,#981,#982,#983,#984,#985,#986,#987,
    #988,#989,#990,#991,#992,#993,#994,#995,#996,#997,#998,#999,#1000,
    #1001,#1002,#1003,#1004),.UNSPECIFIED.,.F.,.F.,(8,6,6,6,6,6,6,6,6,6,
    8),(0.,0.115709993127,0.229625935228,0.310839562666,0.38476139772,
    0.502740717461,0.629436546618,0.767019110503,0.871570899264,
    0.923732498315,1.),.UNSPECIFIED.);
#943 = CARTESIAN_POINT('',(5.3,22.));
#944 = CARTESIAN_POINT('',(5.3,22.144044012843));
#945 = CARTESIAN_POINT('',(5.314239352349,22.288118939785));
#946 = CARTESIAN_POINT('',(5.342728523225,22.430480413632));
#947 = CARTESIAN_POINT('',(5.385197515887,22.569452448453));
#948 = CARTESIAN_POINT('',(5.441154007358,22.703421872212));
#949 = CARTESIAN_POINT('',(5.509885581694,22.830847887259));
#950 = CARTESIAN_POINT('',(5.669678090459,23.067873763903));
#951 = CARTESIAN_POINT('',(5.760409960972,23.177769399179));
#952 = CARTESIAN_POINT('',(5.861678935038,23.278588381837));
#953 = CARTESIAN_POINT('',(5.972380586569,23.369145969184));
#954 = CARTESIAN_POINT('',(6.091268926515,23.448423501951));
#955 = CARTESIAN_POINT('',(6.21696406583,23.515574110006));
#956 = CARTESIAN_POINT('',(6.441294580027,23.608747808009));
#957 = CARTESIAN_POINT('',(6.537357218231,23.64105100424));
#958 = CARTESIAN_POINT('',(6.63556774095,23.666649357066));
#959 = CARTESIAN_POINT('',(6.735364256255,23.685377954952));
#960 = CARTESIAN_POINT('',(6.836173349383,23.697129199638));
#961 = CARTESIAN_POINT('',(6.937411582395,23.70185308069));
#962 = CARTESIAN_POINT('',(7.130484868736,23.697481040768));
#963 = CARTESIAN_POINT('',(7.222355646114,23.689587406307));
#964 = CARTESIAN_POINT('',(7.313652304217,23.67589385617));
#965 = CARTESIAN_POINT('',(7.403936277391,23.656452071703));
#966 = CARTESIAN_POINT('',(7.492777269221,23.631354716259));
#967 = CARTESIAN_POINT('',(7.579754346841,23.600735183613));
#968 = CARTESIAN_POINT('',(7.7996426073,23.50736264362));
#969 = CARTESIAN_POINT('',(7.929072445588,23.436319325739));
#970 = CARTESIAN_POINT('',(8.051038692821,23.352350528856));
#971 = CARTESIAN_POINT('',(8.164021632486,23.256419045689));
#972 = CARTESIAN_POINT('',(8.266658052695,23.149681618835));
#973 = CARTESIAN_POINT('',(8.357750432557,23.03348187405));
#974 = CARTESIAN_POINT('',(8.520688095375,22.776133937763));
#975 = CARTESIAN_POINT('',(8.590661359258,22.63370206993));
#976 = CARTESIAN_POINT('',(8.644987663378,22.484036511331));
#977 = CARTESIAN_POINT('',(8.682825285232,22.32920237101));
#978 = CARTESIAN_POINT('',(8.703648940087,22.171350716724));
#979 = CARTESIAN_POINT('',(8.707253458058,22.012702031896));
#980 = CARTESIAN_POINT('',(8.679299099453,21.684898483035));
#981 = CARTESIAN_POINT('',(8.644681155084,21.515884213977));
#982 = CARTESIAN_POINT('',(8.590222220643,21.351470995931));
#983 = CARTESIAN_POINT('',(8.516714761558,21.194410790251));
#984 = CARTESIAN_POINT('',(8.425356689339,21.04726482576));
#985 = CARTESIAN_POINT('',(8.317753803192,20.912406783774));
#986 = CARTESIAN_POINT('',(8.103548374504,20.700338196401));
#987 = CARTESIAN_POINT('',(8.002863699052,20.617016940079));
#988 = CARTESIAN_POINT('',(7.894892320269,20.542848648869));
#989 = CARTESIAN_POINT('',(7.780639627797,20.478578364703));
#990 = CARTESIAN_POINT('',(7.661190245152,20.424816000622));
#991 = CARTESIAN_POINT('',(7.537702743483,20.382033575457));
#992 = CARTESIAN_POINT('',(7.348415994146,20.334820521733));
#993 = CARTESIAN_POINT('',(7.284711616429,20.321913285911));
#994 = CARTESIAN_POINT('',(7.220457507298,20.311851176988));
#995 = CARTESIAN_POINT('',(7.155806158253,20.304661567743));
#996 = CARTESIAN_POINT('',(7.09091128769,20.300361551266));
#997 = CARTESIAN_POINT('',(7.025927674136,20.298957922481));
#998 = CARTESIAN_POINT('',(6.866093781277,20.302624631267));
#999 = CARTESIAN_POINT('',(6.771314887648,20.310986985343));
#1000 = CARTESIAN_POINT('',(6.67716401439,20.325522530871));
#1001 = CARTESIAN_POINT('',(6.584122643719,20.346172942384));
#1002 = CARTESIAN_POINT('',(6.492662721598,20.372833506006));
#1003 = CARTESIAN_POINT('',(6.403245345066,20.405353365476));
#1004 = CARTESIAN_POINT('',(6.31631944957,20.443535768171));
#1005 = ( GEOMETRIC_REPRESENTATION_CONTEXT(2) 
PARAMETRIC_REPRESENTATION_CONTEXT() REPRESENTATION_CONTEXT('2D SPACE',''
  ) );
#1006 = PCURVE('',#628,#1007);
#1007 = DEFINITIONAL_REPRESENTATION('',(#1008),#1071);
#1008 = B_SPLINE_CURVE_WITH_KNOTS('',7,(#1009,#1010,#1011,#1012,#1013,
    #1014,#1015,#1016,#1017,#1018,#1019,#1020,#1021,#1022,#1023,#1024,
    #1025,#1026,#1027,#1028,#1029,#1030,#1031,#1032,#1033,#1034,#1035,
    #1036,#1037,#1038,#1039,#1040,#1041,#1042,#1043,#1044,#1045,#1046,
    #1047,#1048,#1049,#1050,#1051,#1052,#1053,#1054,#1055,#1056,#1057,
    #1058,#1059,#1060,#1061,#1062,#1063,#1064,#1065,#1066,#1067,#1068,
    #1069,#1070),.UNSPECIFIED.,.F.,.F.,(8,6,6,6,6,6,6,6,6,6,8),(0.,
    0.115709993127,0.229625935228,0.310839562666,0.38476139772,
    0.502740717461,0.629436546618,0.767019110503,0.871570899264,
    0.923732498315,1.),.UNSPECIFIED.);
#1009 = CARTESIAN_POINT('',(0.,60.));
#1010 = CARTESIAN_POINT('',(8.473177226056E-02,60.));
#1011 = CARTESIAN_POINT('',(0.169481374728,60.));
#1012 = CARTESIAN_POINT('',(0.254218320076,60.));
#1013 = CARTESIAN_POINT('',(0.338947348961,60.));
#1014 = CARTESIAN_POINT('',(0.423685335466,60.));
#1015 = CARTESIAN_POINT('',(0.508437065275,60.));
#1016 = CARTESIAN_POINT('',(0.676588949222,60.));
#1017 = CARTESIAN_POINT('',(0.760024417518,60.));
#1018 = CARTESIAN_POINT('',(0.843447251232,60.));
#1019 = CARTESIAN_POINT('',(0.926861792229,60.));
#1020 = CARTESIAN_POINT('',(1.010283579912,60.));
#1021 = CARTESIAN_POINT('',(1.093717341412,60.));
#1022 = CARTESIAN_POINT('',(1.236605878802,60.));
#1023 = CARTESIAN_POINT('',(1.296079670738,60.));
#1024 = CARTESIAN_POINT('',(1.355551156784,60.));
#1025 = CARTESIAN_POINT('',(1.415021167212,60.));
#1026 = CARTESIAN_POINT('',(1.474492602964,60.));
#1027 = CARTESIAN_POINT('',(1.533966303199,60.));
#1028 = CARTESIAN_POINT('',(1.647567939218,60.));
#1029 = CARTESIAN_POINT('',(1.701700856302,60.));
#1030 = CARTESIAN_POINT('',(1.755832430744,60.));
#1031 = CARTESIAN_POINT('',(1.809963147581,60.));
#1032 = CARTESIAN_POINT('',(1.864094739963,60.));
#1033 = CARTESIAN_POINT('',(1.918227716231,60.));
#1034 = CARTESIAN_POINT('',(2.058752287482,60.));
#1035 = CARTESIAN_POINT('',(2.145164621935,60.));
#1036 = CARTESIAN_POINT('',(2.231562706218,60.));
#1037 = CARTESIAN_POINT('',(2.317952149193,60.));
#1038 = CARTESIAN_POINT('',(2.404351405771,60.));
#1039 = CARTESIAN_POINT('',(2.490765608072,60.));
#1040 = CARTESIAN_POINT('',(2.669937716354,60.));
#1041 = CARTESIAN_POINT('',(2.762743378789,60.));
#1042 = CARTESIAN_POINT('',(2.855528125514,60.));
#1043 = CARTESIAN_POINT('',(2.948299430876,60.));
#1044 = CARTESIAN_POINT('',(3.041083508499,60.));
#1045 = CARTESIAN_POINT('',(3.133887926307,60.));
#1046 = CARTESIAN_POINT('',(3.327413415996,60.));
#1047 = CARTESIAN_POINT('',(3.428204324642,60.));
#1048 = CARTESIAN_POINT('',(3.528960419541,60.));
#1049 = CARTESIAN_POINT('',(3.629705768938,60.));
#1050 = CARTESIAN_POINT('',(3.730463010437,60.));
#1051 = CARTESIAN_POINT('',(3.831255388763,60.));
#1052 = CARTESIAN_POINT('',(4.008564232593,60.));
#1053 = CARTESIAN_POINT('',(4.085135661541,60.));
#1054 = CARTESIAN_POINT('',(4.161698945165,60.));
#1055 = CARTESIAN_POINT('',(4.238256924175,60.));
#1056 = CARTESIAN_POINT('',(4.314819743964,60.));
#1057 = CARTESIAN_POINT('',(4.391390432093,60.));
#1058 = CARTESIAN_POINT('',(4.50614690045,60.));
#1059 = CARTESIAN_POINT('',(4.544343585105,60.));
#1060 = CARTESIAN_POINT('',(4.582540016181,60.));
#1061 = CARTESIAN_POINT('',(4.620736284911,60.));
#1062 = CARTESIAN_POINT('',(4.658932706067,60.));
#1063 = CARTESIAN_POINT('',(4.697129371477,60.));
#1064 = CARTESIAN_POINT('',(4.791174045503,60.));
#1065 = CARTESIAN_POINT('',(4.847024507966,60.));
#1066 = CARTESIAN_POINT('',(4.902873416796,60.));
#1067 = CARTESIAN_POINT('',(4.958721377422,60.));
#1068 = CARTESIAN_POINT('',(5.014570392499,60.));
#1069 = CARTESIAN_POINT('',(5.070420979553,60.));
#1070 = CARTESIAN_POINT('',(5.126269288635,60.));
#1071 = ( GEOMETRIC_REPRESENTATION_CONTEXT(2) 
PARAMETRIC_REPRESENTATION_CONTEXT() REPRESENTATION_CONTEXT('2D SPACE',''
  ) );
#1072 = ORIENTED_EDGE('',*,*,#1073,.T.);
#1073 = EDGE_CURVE('',#874,#1074,#1076,.T.);
#1074 = VERTEX_POINT('',#1075);
#1075 = CARTESIAN_POINT('',(228.05251142247,190.43011325446,
    134.38989221983));
#1076 = SURFACE_CURVE('',#1077,(#1087,#1100),.PCURVE_S1.);
#1077 = B_SPLINE_CURVE_WITH_KNOTS('',8,(#1078,#1079,#1080,#1081,#1082,
    #1083,#1084,#1085,#1086),.UNSPECIFIED.,.F.,.F.,(9,9),(0.,1.),
  .PIECEWISE_BEZIER_KNOTS.);
#1078 = CARTESIAN_POINT('',(227.0361919729,188.87364902263,
    134.38989221983));
#1079 = CARTESIAN_POINT('',(227.26107576645,188.97242975438,
    134.38989221983));
#1080 = CARTESIAN_POINT('',(227.47022388024,189.10859784945,
    134.38989221983));
#1081 = CARTESIAN_POINT('',(227.65537037979,189.27891130497,
    134.38989221983));
#1082 = CARTESIAN_POINT('',(227.81045781085,189.47810760774,
    134.38989221983));
#1083 = CARTESIAN_POINT('',(227.93047369228,189.70021261621,
    134.38989221983));
#1084 = CARTESIAN_POINT('',(228.01195735471,189.93823479144,
    134.38989221983));
#1085 = CARTESIAN_POINT('',(228.05251142247,190.18450609547,
    134.38989221983));
#1086 = CARTESIAN_POINT('',(228.05251142247,190.43011325446,
    134.38989221983));
#1087 = PCURVE('',#67,#1088);
#1088 = DEFINITIONAL_REPRESENTATION('',(#1089),#1099);
#1089 = B_SPLINE_CURVE_WITH_KNOTS('',8,(#1090,#1091,#1092,#1093,#1094,
    #1095,#1096,#1097,#1098),.UNSPECIFIED.,.F.,.F.,(9,9),(0.,1.),
  .PIECEWISE_BEZIER_KNOTS.);
#1090 = CARTESIAN_POINT('',(6.31631944957,20.443535768171));
#1091 = CARTESIAN_POINT('',(6.091435656021,20.542316499917));
#1092 = CARTESIAN_POINT('',(5.882287542231,20.678484594988));
#1093 = CARTESIAN_POINT('',(5.697141042686,20.848798050502));
#1094 = CARTESIAN_POINT('',(5.542053611619,21.04799435328));
#1095 = CARTESIAN_POINT('',(5.422037730193,21.270099361743));
#1096 = CARTESIAN_POINT('',(5.340554067762,21.508121536978));
#1097 = CARTESIAN_POINT('',(5.3,21.754392841004));
#1098 = CARTESIAN_POINT('',(5.3,22.));
#1099 = ( GEOMETRIC_REPRESENTATION_CONTEXT(2) 
PARAMETRIC_REPRESENTATION_CONTEXT() REPRESENTATION_CONTEXT('2D SPACE',''
  ) );
#1100 = PCURVE('',#628,#1101);
#1101 = DEFINITIONAL_REPRESENTATION('',(#1102),#1112);
#1102 = B_SPLINE_CURVE_WITH_KNOTS('',8,(#1103,#1104,#1105,#1106,#1107,
    #1108,#1109,#1110,#1111),.UNSPECIFIED.,.F.,.F.,(9,9),(0.,1.),
  .PIECEWISE_BEZIER_KNOTS.);
#1103 = CARTESIAN_POINT('',(5.126269288635,60.));
#1104 = CARTESIAN_POINT('',(5.270753041587,60.));
#1105 = CARTESIAN_POINT('',(5.415605119728,60.));
#1106 = CARTESIAN_POINT('',(5.560215636327,60.));
#1107 = CARTESIAN_POINT('',(5.704720393441,60.));
#1108 = CARTESIAN_POINT('',(5.849228234149,60.));
#1109 = CARTESIAN_POINT('',(5.993846745271,60.));
#1110 = CARTESIAN_POINT('',(6.13871050777,60.));
#1111 = CARTESIAN_POINT('',(6.28318530718,60.));
#1112 = ( GEOMETRIC_REPRESENTATION_CONTEXT(2) 
PARAMETRIC_REPRESENTATION_CONTEXT() REPRESENTATION_CONTEXT('2D SPACE',''
  ) );
#1113 = ORIENTED_EDGE('',*,*,#1114,.T.);
#1114 = EDGE_CURVE('',#1074,#1115,#1117,.T.);
#1115 = VERTEX_POINT('',#1116);
#1116 = CARTESIAN_POINT('',(225.,191.46002239113,134.38989221983));
#1117 = SURFACE_CURVE('',#1118,(#1181,#1247),.PCURVE_S1.);
#1118 = B_SPLINE_CURVE_WITH_KNOTS('',7,(#1119,#1120,#1121,#1122,#1123,
    #1124,#1125,#1126,#1127,#1128,#1129,#1130,#1131,#1132,#1133,#1134,
    #1135,#1136,#1137,#1138,#1139,#1140,#1141,#1142,#1143,#1144,#1145,
    #1146,#1147,#1148,#1149,#1150,#1151,#1152,#1153,#1154,#1155,#1156,
    #1157,#1158,#1159,#1160,#1161,#1162,#1163,#1164,#1165,#1166,#1167,
    #1168,#1169,#1170,#1171,#1172,#1173,#1174,#1175,#1176,#1177,#1178,
    #1179,#1180),.UNSPECIFIED.,.F.,.F.,(8,6,6,6,6,6,6,6,6,6,8),(0.,
    0.115709993127,0.229625935228,0.310839562666,0.38476139772,
    0.502740717461,0.629436546618,0.767019110503,0.871570899264,
    0.923732498315,1.),.UNSPECIFIED.);
#1119 = CARTESIAN_POINT('',(228.05251142247,190.43011325446,
    134.38989221983));
#1120 = CARTESIAN_POINT('',(228.05251142247,190.57415726731,
    134.38989221983));
#1121 = CARTESIAN_POINT('',(228.03827207012,190.71823219425,
    134.38989221983));
#1122 = CARTESIAN_POINT('',(228.00978289925,190.8605936681,
    134.38989221983));
#1123 = CARTESIAN_POINT('',(227.96731390659,190.99956570292,
    134.38989221983));
#1124 = CARTESIAN_POINT('',(227.91135741511,191.13353512668,
    134.38989221983));
#1125 = CARTESIAN_POINT('',(227.84262584078,191.26096114172,
    134.38989221983));
#1126 = CARTESIAN_POINT('',(227.68283333201,191.49798701837,
    134.38989221983));
#1127 = CARTESIAN_POINT('',(227.5921014615,191.60788265364,
    134.38989221983));
#1128 = CARTESIAN_POINT('',(227.49083248743,191.7087016363,
    134.38989221983));
#1129 = CARTESIAN_POINT('',(227.3801308359,191.79925922365,
    134.38989221983));
#1130 = CARTESIAN_POINT('',(227.26124249596,191.87853675642,
    134.38989221983));
#1131 = CARTESIAN_POINT('',(227.13554735664,191.94568736447,
    134.38989221983));
#1132 = CARTESIAN_POINT('',(226.91121684245,192.03886106247,
    134.38989221983));
#1133 = CARTESIAN_POINT('',(226.81515420424,192.0711642587,
    134.38989221983));
#1134 = CARTESIAN_POINT('',(226.71694368152,192.09676261153,
    134.38989221983));
#1135 = CARTESIAN_POINT('',(226.61714716622,192.11549120942,
    134.38989221983));
#1136 = CARTESIAN_POINT('',(226.51633807309,192.1272424541,
    134.38989221983));
#1137 = CARTESIAN_POINT('',(226.41509984008,192.13196633515,
    134.38989221983));
#1138 = CARTESIAN_POINT('',(226.22202655374,192.12759429523,
    134.38989221983));
#1139 = CARTESIAN_POINT('',(226.13015577636,192.11970066077,
    134.38989221983));
#1140 = CARTESIAN_POINT('',(226.03885911826,192.10600711063,
    134.38989221983));
#1141 = CARTESIAN_POINT('',(225.94857514508,192.08656532617,
    134.38989221983));
#1142 = CARTESIAN_POINT('',(225.85973415325,192.06146797072,
    134.38989221983));
#1143 = CARTESIAN_POINT('',(225.77275707563,192.03084843808,
    134.38989221983));
#1144 = CARTESIAN_POINT('',(225.55286881517,191.93747589808,
    134.38989221983));
#1145 = CARTESIAN_POINT('',(225.42343897688,191.8664325802,
    134.38989221983));
#1146 = CARTESIAN_POINT('',(225.30147272965,191.78246378332,
    134.38989221983));
#1147 = CARTESIAN_POINT('',(225.18848978999,191.68653230015,
    134.38989221983));
#1148 = CARTESIAN_POINT('',(225.08585336978,191.5797948733,
    134.38989221983));
#1149 = CARTESIAN_POINT('',(224.99476098992,191.46359512851,
    134.38989221983));
#1150 = CARTESIAN_POINT('',(224.8318233271,191.20624719223,
    134.38989221983));
#1151 = CARTESIAN_POINT('',(224.76185006321,191.06381532439,
    134.38989221983));
#1152 = CARTESIAN_POINT('',(224.7075237591,190.9141497658,
    134.38989221983));
#1153 = CARTESIAN_POINT('',(224.66968613724,190.75931562547,
    134.38989221983));
#1154 = CARTESIAN_POINT('',(224.64886248239,190.60146397119,
    134.38989221983));
#1155 = CARTESIAN_POINT('',(224.64525796441,190.44281528636,
    134.38989221983));
#1156 = CARTESIAN_POINT('',(224.67321232302,190.1150117375,
    134.38989221983));
#1157 = CARTESIAN_POINT('',(224.70783026739,189.94599746844,
    134.38989221983));
#1158 = CARTESIAN_POINT('',(224.76228920183,189.7815842504,
    134.38989221983));
#1159 = CARTESIAN_POINT('',(224.83579666091,189.62452404472,
    134.38989221983));
#1160 = CARTESIAN_POINT('',(224.92715473313,189.47737808022,
    134.38989221983));
#1161 = CARTESIAN_POINT('',(225.03475761928,189.34252003824,
    134.38989221983));
#1162 = CARTESIAN_POINT('',(225.24896304797,189.13045145086,
    134.38989221983));
#1163 = CARTESIAN_POINT('',(225.34964772342,189.04713019454,
    134.38989221983));
#1164 = CARTESIAN_POINT('',(225.4576191022,188.97296190333,
    134.38989221983));
#1165 = CARTESIAN_POINT('',(225.57187179468,188.90869161917,
    134.38989221983));
#1166 = CARTESIAN_POINT('',(225.69132117732,188.85492925509,
    134.38989221983));
#1167 = CARTESIAN_POINT('',(225.81480867899,188.81214682992,
    134.38989221983));
#1168 = CARTESIAN_POINT('',(226.00409542833,188.7649337762,
    134.38989221983));
#1169 = CARTESIAN_POINT('',(226.06779980604,188.75202654037,
    134.38989221983));
#1170 = CARTESIAN_POINT('',(226.13205391517,188.74196443145,
    134.38989221983));
#1171 = CARTESIAN_POINT('',(226.19670526422,188.73477482221,
    134.38989221983));
#1172 = CARTESIAN_POINT('',(226.26160013478,188.73047480573,
    134.38989221983));
#1173 = CARTESIAN_POINT('',(226.32658374834,188.72907117695,
    134.38989221983));
#1174 = CARTESIAN_POINT('',(226.4864176412,188.73273788573,
    134.38989221983));
#1175 = CARTESIAN_POINT('',(226.58119653482,188.74110023981,
    134.38989221983));
#1176 = CARTESIAN_POINT('',(226.67534740808,188.75563578533,
    134.38989221983));
#1177 = CARTESIAN_POINT('',(226.76838877875,188.77628619685,
    134.38989221983));
#1178 = CARTESIAN_POINT('',(226.85984870087,188.80294676047,
    134.38989221983));
#1179 = CARTESIAN_POINT('',(226.94926607741,188.83546661994,
    134.38989221983));
#1180 = CARTESIAN_POINT('',(227.0361919729,188.87364902263,
    134.38989221983));
#1181 = PCURVE('',#67,#1182);
#1182 = DEFINITIONAL_REPRESENTATION('',(#1183),#1246);
#1183 = B_SPLINE_CURVE_WITH_KNOTS('',7,(#1184,#1185,#1186,#1187,#1188,
    #1189,#1190,#1191,#1192,#1193,#1194,#1195,#1196,#1197,#1198,#1199,
    #1200,#1201,#1202,#1203,#1204,#1205,#1206,#1207,#1208,#1209,#1210,
    #1211,#1212,#1213,#1214,#1215,#1216,#1217,#1218,#1219,#1220,#1221,
    #1222,#1223,#1224,#1225,#1226,#1227,#1228,#1229,#1230,#1231,#1232,
    #1233,#1234,#1235,#1236,#1237,#1238,#1239,#1240,#1241,#1242,#1243,
    #1244,#1245),.UNSPECIFIED.,.F.,.F.,(8,6,6,6,6,6,6,6,6,6,8),(0.,
    0.115709993127,0.229625935228,0.310839562666,0.38476139772,
    0.502740717461,0.629436546618,0.767019110503,0.871570899264,
    0.923732498315,1.),.UNSPECIFIED.);
#1184 = CARTESIAN_POINT('',(5.3,22.));
#1185 = CARTESIAN_POINT('',(5.3,22.144044012843));
#1186 = CARTESIAN_POINT('',(5.314239352349,22.288118939785));
#1187 = CARTESIAN_POINT('',(5.342728523225,22.430480413632));
#1188 = CARTESIAN_POINT('',(5.385197515887,22.569452448453));
#1189 = CARTESIAN_POINT('',(5.441154007358,22.703421872212));
#1190 = CARTESIAN_POINT('',(5.509885581694,22.830847887259));
#1191 = CARTESIAN_POINT('',(5.669678090459,23.067873763903));
#1192 = CARTESIAN_POINT('',(5.760409960972,23.177769399179));
#1193 = CARTESIAN_POINT('',(5.861678935038,23.278588381837));
#1194 = CARTESIAN_POINT('',(5.972380586569,23.369145969184));
#1195 = CARTESIAN_POINT('',(6.091268926515,23.448423501951));
#1196 = CARTESIAN_POINT('',(6.21696406583,23.515574110006));
#1197 = CARTESIAN_POINT('',(6.441294580027,23.608747808009));
#1198 = CARTESIAN_POINT('',(6.537357218231,23.64105100424));
#1199 = CARTESIAN_POINT('',(6.63556774095,23.666649357066));
#1200 = CARTESIAN_POINT('',(6.735364256255,23.685377954952));
#1201 = CARTESIAN_POINT('',(6.836173349383,23.697129199638));
#1202 = CARTESIAN_POINT('',(6.937411582395,23.70185308069));
#1203 = CARTESIAN_POINT('',(7.130484868736,23.697481040768));
#1204 = CARTESIAN_POINT('',(7.222355646114,23.689587406307));
#1205 = CARTESIAN_POINT('',(7.313652304217,23.67589385617));
#1206 = CARTESIAN_POINT('',(7.403936277391,23.656452071703));
#1207 = CARTESIAN_POINT('',(7.492777269221,23.631354716259));
#1208 = CARTESIAN_POINT('',(7.579754346841,23.600735183613));
#1209 = CARTESIAN_POINT('',(7.7996426073,23.50736264362));
#1210 = CARTESIAN_POINT('',(7.929072445588,23.436319325739));
#1211 = CARTESIAN_POINT('',(8.051038692821,23.352350528856));
#1212 = CARTESIAN_POINT('',(8.164021632486,23.256419045689));
#1213 = CARTESIAN_POINT('',(8.266658052695,23.149681618835));
#1214 = CARTESIAN_POINT('',(8.357750432557,23.03348187405));
#1215 = CARTESIAN_POINT('',(8.520688095375,22.776133937763));
#1216 = CARTESIAN_POINT('',(8.590661359258,22.63370206993));
#1217 = CARTESIAN_POINT('',(8.644987663378,22.484036511331));
#1218 = CARTESIAN_POINT('',(8.682825285232,22.32920237101));
#1219 = CARTESIAN_POINT('',(8.703648940087,22.171350716724));
#1220 = CARTESIAN_POINT('',(8.707253458058,22.012702031896));
#1221 = CARTESIAN_POINT('',(8.679299099453,21.684898483035));
#1222 = CARTESIAN_POINT('',(8.644681155084,21.515884213977));
#1223 = CARTESIAN_POINT('',(8.590222220643,21.351470995931));
#1224 = CARTESIAN_POINT('',(8.516714761558,21.194410790251));
#1225 = CARTESIAN_POINT('',(8.425356689339,21.04726482576));
#1226 = CARTESIAN_POINT('',(8.317753803192,20.912406783774));
#1227 = CARTESIAN_POINT('',(8.103548374504,20.700338196401));
#1228 = CARTESIAN_POINT('',(8.002863699052,20.617016940079));
#1229 = CARTESIAN_POINT('',(7.894892320269,20.542848648869));
#1230 = CARTESIAN_POINT('',(7.780639627797,20.478578364703));
#1231 = CARTESIAN_POINT('',(7.661190245152,20.424816000622));
#1232 = CARTESIAN_POINT('',(7.537702743483,20.382033575457));
#1233 = CARTESIAN_POINT('',(7.348415994146,20.334820521733));
#1234 = CARTESIAN_POINT('',(7.284711616429,20.321913285911));
#1235 = CARTESIAN_POINT('',(7.220457507298,20.311851176988));
#1236 = CARTESIAN_POINT('',(7.155806158253,20.304661567743));
#1237 = CARTESIAN_POINT('',(7.09091128769,20.300361551266));
#1238 = CARTESIAN_POINT('',(7.025927674136,20.298957922481));
#1239 = CARTESIAN_POINT('',(6.866093781277,20.302624631267));
#1240 = CARTESIAN_POINT('',(6.771314887648,20.310986985343));
#1241 = CARTESIAN_POINT('',(6.67716401439,20.325522530871));
#1242 = CARTESIAN_POINT('',(6.584122643719,20.346172942384));
#1243 = CARTESIAN_POINT('',(6.492662721598,20.372833506006));
#1244 = CARTESIAN_POINT('',(6.403245345066,20.405353365476));
#1245 = CARTESIAN_POINT('',(6.31631944957,20.443535768171));
#1246 = ( GEOMETRIC_REPRESENTATION_CONTEXT(2) 
PARAMETRIC_REPRESENTATION_CONTEXT() REPRESENTATION_CONTEXT('2D SPACE',''
  ) );
#1247 = PCURVE('',#628,#1248);
#1248 = DEFINITIONAL_REPRESENTATION('',(#1249),#1312);
#1249 = B_SPLINE_CURVE_WITH_KNOTS('',7,(#1250,#1251,#1252,#1253,#1254,
    #1255,#1256,#1257,#1258,#1259,#1260,#1261,#1262,#1263,#1264,#1265,
    #1266,#1267,#1268,#1269,#1270,#1271,#1272,#1273,#1274,#1275,#1276,
    #1277,#1278,#1279,#1280,#1281,#1282,#1283,#1284,#1285,#1286,#1287,
    #1288,#1289,#1290,#1291,#1292,#1293,#1294,#1295,#1296,#1297,#1298,
    #1299,#1300,#1301,#1302,#1303,#1304,#1305,#1306,#1307,#1308,#1309,
    #1310,#1311),.UNSPECIFIED.,.F.,.F.,(8,6,6,6,6,6,6,6,6,6,8),(0.,
    0.115709993127,0.229625935228,0.310839562666,0.38476139772,
    0.502740717461,0.629436546618,0.767019110503,0.871570899264,
    0.923732498315,1.),.UNSPECIFIED.);
#1250 = CARTESIAN_POINT('',(0.,60.));
#1251 = CARTESIAN_POINT('',(8.473177226056E-02,60.));
#1252 = CARTESIAN_POINT('',(0.169481374728,60.));
#1253 = CARTESIAN_POINT('',(0.254218320076,60.));
#1254 = CARTESIAN_POINT('',(0.338947348961,60.));
#1255 = CARTESIAN_POINT('',(0.423685335466,60.));
#1256 = CARTESIAN_POINT('',(0.508437065275,60.));
#1257 = CARTESIAN_POINT('',(0.676588949222,60.));
#1258 = CARTESIAN_POINT('',(0.760024417518,60.));
#1259 = CARTESIAN_POINT('',(0.843447251232,60.));
#1260 = CARTESIAN_POINT('',(0.926861792229,60.));
#1261 = CARTESIAN_POINT('',(1.010283579912,60.));
#1262 = CARTESIAN_POINT('',(1.093717341412,60.));
#1263 = CARTESIAN_POINT('',(1.236605878802,60.));
#1264 = CARTESIAN_POINT('',(1.296079670738,60.));
#1265 = CARTESIAN_POINT('',(1.355551156784,60.));
#1266 = CARTESIAN_POINT('',(1.415021167212,60.));
#1267 = CARTESIAN_POINT('',(1.474492602964,60.));
#1268 = CARTESIAN_POINT('',(1.533966303199,60.));
#1269 = CARTESIAN_POINT('',(1.647567939218,60.));
#1270 = CARTESIAN_POINT('',(1.701700856302,60.));
#1271 = CARTESIAN_POINT('',(1.755832430744,60.));
#1272 = CARTESIAN_POINT('',(1.809963147581,60.));
#1273 = CARTESIAN_POINT('',(1.864094739963,60.));
#1274 = CARTESIAN_POINT('',(1.918227716231,60.));
#1275 = CARTESIAN_POINT('',(2.058752287482,60.));
#1276 = CARTESIAN_POINT('',(2.145164621935,60.));
#1277 = CARTESIAN_POINT('',(2.231562706218,60.));
#1278 = CARTESIAN_POINT('',(2.317952149193,60.));
#1279 = CARTESIAN_POINT('',(2.404351405771,60.));
#1280 = CARTESIAN_POINT('',(2.490765608072,60.));
#1281 = CARTESIAN_POINT('',(2.669937716354,60.));
#1282 = CARTESIAN_POINT('',(2.762743378789,60.));
#1283 = CARTESIAN_POINT('',(2.855528125514,60.));
#1284 = CARTESIAN_POINT('',(2.948299430876,60.));
#1285 = CARTESIAN_POINT('',(3.041083508499,60.));
#1286 = CARTESIAN_POINT('',(3.133887926307,60.));
#1287 = CARTESIAN_POINT('',(3.327413415996,60.));
#1288 = CARTESIAN_POINT('',(3.428204324642,60.));
#1289 = CARTESIAN_POINT('',(3.528960419541,60.));
#1290 = CARTESIAN_POINT('',(3.629705768938,60.));
#1291 = CARTESIAN_POINT('',(3.730463010437,60.));
#1292 = CARTESIAN_POINT('',(3.831255388763,60.));
#1293 = CARTESIAN_POINT('',(4.008564232593,60.));
#1294 = CARTESIAN_POINT('',(4.085135661541,60.));
#1295 = CARTESIAN_POINT('',(4.161698945165,60.));
#1296 = CARTESIAN_POINT('',(4.238256924175,60.));
#1297 = CARTESIAN_POINT('',(4.314819743964,60.));
#1298 = CARTESIAN_POINT('',(4.391390432093,60.));
#1299 = CARTESIAN_POINT('',(4.50614690045,60.));
#1300 = CARTESIAN_POINT('',(4.544343585105,60.));
#1301 = CARTESIAN_POINT('',(4.582540016181,60.));
#1302 = CARTESIAN_POINT('',(4.620736284911,60.));
#1303 = CARTESIAN_POINT('',(4.658932706067,60.));
#1304 = CARTESIAN_POINT('',(4.697129371477,60.));
#1305 = CARTESIAN_POINT('',(4.791174045503,60.));
#1306 = CARTESIAN_POINT('',(4.847024507966,60.));
#1307 = CARTESIAN_POINT('',(4.902873416796,60.));
#1308 = CARTESIAN_POINT('',(4.958721377422,60.));
#1309 = CARTESIAN_POINT('',(5.014570392499,60.));
#1310 = CARTESIAN_POINT('',(5.070420979553,60.));
#1311 = CARTESIAN_POINT('',(5.126269288635,60.));
#1312 = ( GEOMETRIC_REPRESENTATION_CONTEXT(2) 
PARAMETRIC_REPRESENTATION_CONTEXT() REPRESENTATION_CONTEXT('2D SPACE',''
  ) );
#1313 = ORIENTED_EDGE('',*,*,#1314,.F.);
#1314 = EDGE_CURVE('',#1315,#1115,#1317,.T.);
#1315 = VERTEX_POINT('',#1316);
#1316 = CARTESIAN_POINT('',(225.,201.,134.38989221983));
#1317 = SURFACE_CURVE('',#1318,(#1322,#1329),.PCURVE_S1.);
#1318 = LINE('',#1319,#1320);
#1319 = CARTESIAN_POINT('',(225.,203.,134.38989221983));
#1320 = VECTOR('',#1321,1.);
#1321 = DIRECTION('',(-1.224646799147E-16,-1.,0.));
#1322 = PCURVE('',#67,#1323);
#1323 = DEFINITIONAL_REPRESENTATION('',(#1324),#1328);
#1324 = B_SPLINE_CURVE_WITH_KNOTS('',2,(#1325,#1326,#1327),
  .UNSPECIFIED.,.F.,.F.,(3,3),(2.,11.539977608865),
  .PIECEWISE_BEZIER_KNOTS.);
#1325 = CARTESIAN_POINT('',(8.352511422477,32.569886745531));
#1326 = CARTESIAN_POINT('',(8.352511422477,27.799897941099));
#1327 = CARTESIAN_POINT('',(8.352511422477,23.029909136666));
#1328 = ( GEOMETRIC_REPRESENTATION_CONTEXT(2) 
PARAMETRIC_REPRESENTATION_CONTEXT() REPRESENTATION_CONTEXT('2D SPACE',''
  ) );
#1329 = PCURVE('',#1330,#1335);
#1330 = PLANE('',#1331);
#1331 = AXIS2_PLACEMENT_3D('',#1332,#1333,#1334);
#1332 = CARTESIAN_POINT('',(225.,203.,134.38989221983));
#1333 = DIRECTION('',(-1.,1.224646799147E-16,0.));
#1334 = DIRECTION('',(0.,0.,1.));
#1335 = DEFINITIONAL_REPRESENTATION('',(#1336),#1340);
#1336 = LINE('',#1337,#1338);
#1337 = CARTESIAN_POINT('',(0.,0.));
#1338 = VECTOR('',#1339,1.);
#1339 = DIRECTION('',(0.,-1.));
#1340 = ( GEOMETRIC_REPRESENTATION_CONTEXT(2) 
PARAMETRIC_REPRESENTATION_CONTEXT() REPRESENTATION_CONTEXT('2D SPACE',''
  ) );
#1341 = ORIENTED_EDGE('',*,*,#1342,.F.);
#1342 = EDGE_CURVE('',#1343,#1315,#1345,.T.);
#1343 = VERTEX_POINT('',#1344);
#1344 = CARTESIAN_POINT('',(225.,203.,134.38989221983));
#1345 = SURFACE_CURVE('',#1346,(#1350,#1357),.PCURVE_S1.);
#1346 = LINE('',#1347,#1348);
#1347 = CARTESIAN_POINT('',(225.,203.,134.38989221983));
#1348 = VECTOR('',#1349,1.);
#1349 = DIRECTION('',(-1.224646799147E-16,-1.,0.));
#1350 = PCURVE('',#67,#1351);
#1351 = DEFINITIONAL_REPRESENTATION('',(#1352),#1356);
#1352 = B_SPLINE_CURVE_WITH_KNOTS('',2,(#1353,#1354,#1355),
  .UNSPECIFIED.,.F.,.F.,(3,3),(0.,2.),.PIECEWISE_BEZIER_KNOTS.);
#1353 = CARTESIAN_POINT('',(8.352511422477,34.569886745531));
#1354 = CARTESIAN_POINT('',(8.352511422477,33.569886745531));
#1355 = CARTESIAN_POINT('',(8.352511422477,32.569886745531));
#1356 = ( GEOMETRIC_REPRESENTATION_CONTEXT(2) 
PARAMETRIC_REPRESENTATION_CONTEXT() REPRESENTATION_CONTEXT('2D SPACE',''
  ) );
#1357 = PCURVE('',#1358,#1363);
#1358 = PLANE('',#1359);
#1359 = AXIS2_PLACEMENT_3D('',#1360,#1361,#1362);
#1360 = CARTESIAN_POINT('',(225.,203.,134.38989221983));
#1361 = DIRECTION('',(-1.,1.224646799147E-16,0.));
#1362 = DIRECTION('',(0.,0.,1.));
#1363 = DEFINITIONAL_REPRESENTATION('',(#1364),#1368);
#1364 = LINE('',#1365,#1366);
#1365 = CARTESIAN_POINT('',(0.,0.));
#1366 = VECTOR('',#1367,1.);
#1367 = DIRECTION('',(0.,-1.));
#1368 = ( GEOMETRIC_REPRESENTATION_CONTEXT(2) 
PARAMETRIC_REPRESENTATION_CONTEXT() REPRESENTATION_CONTEXT('2D SPACE',''
  ) );
#1369 = ORIENTED_EDGE('',*,*,#1370,.T.);
#1370 = EDGE_CURVE('',#1343,#1371,#1373,.T.);
#1371 = VERTEX_POINT('',#1372);
#1372 = CARTESIAN_POINT('',(203.35251142247,203.,134.38989221983));
#1373 = SURFACE_CURVE('',#1374,(#1378,#1385),.PCURVE_S1.);
#1374 = LINE('',#1375,#1376);
#1375 = CARTESIAN_POINT('',(225.,203.,134.38989221983));
#1376 = VECTOR('',#1377,1.);
#1377 = DIRECTION('',(-1.,1.224646799147E-16,0.));
#1378 = PCURVE('',#67,#1379);
#1379 = DEFINITIONAL_REPRESENTATION('',(#1380),#1384);
#1380 = B_SPLINE_CURVE_WITH_KNOTS('',2,(#1381,#1382,#1383),
  .UNSPECIFIED.,.F.,.F.,(3,3),(0.,21.647488577523),
  .PIECEWISE_BEZIER_KNOTS.);
#1381 = CARTESIAN_POINT('',(8.352511422477,34.569886745531));
#1382 = CARTESIAN_POINT('',(19.176255711239,34.569886745531));
#1383 = CARTESIAN_POINT('',(30.,34.569886745531));
#1384 = ( GEOMETRIC_REPRESENTATION_CONTEXT(2) 
PARAMETRIC_REPRESENTATION_CONTEXT() REPRESENTATION_CONTEXT('2D SPACE',''
  ) );
#1385 = PCURVE('',#1386,#1391);
#1386 = PLANE('',#1387);
#1387 = AXIS2_PLACEMENT_3D('',#1388,#1389,#1390);
#1388 = CARTESIAN_POINT('',(225.,203.,134.38989221983));
#1389 = DIRECTION('',(-1.224646799147E-16,-1.,0.));
#1390 = DIRECTION('',(0.,0.,1.));
#1391 = DEFINITIONAL_REPRESENTATION('',(#1392),#1396);
#1392 = LINE('',#1393,#1394);
#1393 = CARTESIAN_POINT('',(0.,0.));
#1394 = VECTOR('',#1395,1.);
#1395 = DIRECTION('',(0.,1.));
#1396 = ( GEOMETRIC_REPRESENTATION_CONTEXT(2) 
PARAMETRIC_REPRESENTATION_CONTEXT() REPRESENTATION_CONTEXT('2D SPACE',''
  ) );
#1397 = ORIENTED_EDGE('',*,*,#1398,.T.);
#1398 = EDGE_CURVE('',#1371,#742,#1399,.T.);
#1399 = SURFACE_CURVE('',#1400,(#1403,#1409),.PCURVE_S1.);
#1400 = B_SPLINE_CURVE_WITH_KNOTS('',1,(#1401,#1402),.UNSPECIFIED.,.F.,
  .F.,(2,2),(0.,45.),.PIECEWISE_BEZIER_KNOTS.);
#1401 = CARTESIAN_POINT('',(203.35251142247,168.43011325446,
    134.38989221983));
#1402 = CARTESIAN_POINT('',(203.35251142247,213.43011325446,
    134.38989221983));
#1403 = PCURVE('',#67,#1404);
#1404 = DEFINITIONAL_REPRESENTATION('',(#1405),#1408);
#1405 = B_SPLINE_CURVE_WITH_KNOTS('',1,(#1406,#1407),.UNSPECIFIED.,.F.,
  .F.,(2,2),(0.,45.),.PIECEWISE_BEZIER_KNOTS.);
#1406 = CARTESIAN_POINT('',(30.,0.));
#1407 = CARTESIAN_POINT('',(30.,45.));
#1408 = ( GEOMETRIC_REPRESENTATION_CONTEXT(2) 
PARAMETRIC_REPRESENTATION_CONTEXT() REPRESENTATION_CONTEXT('2D SPACE',''
  ) );
#1409 = PCURVE('',#375,#1410);
#1410 = DEFINITIONAL_REPRESENTATION('',(#1411),#1414);
#1411 = B_SPLINE_CURVE_WITH_KNOTS('',1,(#1412,#1413),.UNSPECIFIED.,.F.,
  .F.,(2,2),(0.,45.),.PIECEWISE_BEZIER_KNOTS.);
#1412 = CARTESIAN_POINT('',(0.,0.));
#1413 = CARTESIAN_POINT('',(0.,-45.));
#1414 = ( GEOMETRIC_REPRESENTATION_CONTEXT(2) 
PARAMETRIC_REPRESENTATION_CONTEXT() REPRESENTATION_CONTEXT('2D SPACE',''
  ) );
#1415 = ADVANCED_FACE('',(#1416),#232,.T.);
#1416 = FACE_BOUND('',#1417,.T.);
#1417 = EDGE_LOOP('',(#1418,#1447,#1448,#1449));
#1418 = ORIENTED_EDGE('',*,*,#1419,.F.);
#1419 = EDGE_CURVE('',#788,#1420,#1422,.T.);
#1420 = VERTEX_POINT('',#1421);
#1421 = CARTESIAN_POINT('',(225.,176.63199956171,136.38989221983));
#1422 = SURFACE_CURVE('',#1423,(#1429,#1438),.PCURVE_S1.);
#1423 = B_SPLINE_CURVE_WITH_KNOTS('',4,(#1424,#1425,#1426,#1427,#1428),
  .UNSPECIFIED.,.F.,.F.,(5,5),(0.,1.),.PIECEWISE_BEZIER_KNOTS.);
#1424 = CARTESIAN_POINT('',(225.,176.63199956171,134.38989221983));
#1425 = CARTESIAN_POINT('',(225.,176.63199956171,134.88989221983));
#1426 = CARTESIAN_POINT('',(225.,176.63199956171,135.38989221983));
#1427 = CARTESIAN_POINT('',(225.,176.63199956171,135.88989221983));
#1428 = CARTESIAN_POINT('',(225.,176.63199956171,136.38989221983));
#1429 = PCURVE('',#232,#1430);
#1430 = DEFINITIONAL_REPRESENTATION('',(#1431),#1437);
#1431 = B_SPLINE_CURVE_WITH_KNOTS('',4,(#1432,#1433,#1434,#1435,#1436),
  .UNSPECIFIED.,.F.,.F.,(5,5),(0.,1.),.PIECEWISE_BEZIER_KNOTS.);
#1432 = CARTESIAN_POINT('',(-2.84217094304E-14,-26.36800043828));
#1433 = CARTESIAN_POINT('',(0.5,-26.36800043828));
#1434 = CARTESIAN_POINT('',(1.,-26.36800043828));
#1435 = CARTESIAN_POINT('',(1.5,-26.36800043828));
#1436 = CARTESIAN_POINT('',(2.,-26.36800043828));
#1437 = ( GEOMETRIC_REPRESENTATION_CONTEXT(2) 
PARAMETRIC_REPRESENTATION_CONTEXT() REPRESENTATION_CONTEXT('2D SPACE',''
  ) );
#1438 = PCURVE('',#412,#1439);
#1439 = DEFINITIONAL_REPRESENTATION('',(#1440),#1446);
#1440 = B_SPLINE_CURVE_WITH_KNOTS('',4,(#1441,#1442,#1443,#1444,#1445),
  .UNSPECIFIED.,.F.,.F.,(5,5),(0.,1.),.PIECEWISE_BEZIER_KNOTS.);
#1441 = CARTESIAN_POINT('',(5.346128221966,9.999999999999E-02));
#1442 = CARTESIAN_POINT('',(5.346128221966,0.6));
#1443 = CARTESIAN_POINT('',(5.346128221966,1.1));
#1444 = CARTESIAN_POINT('',(5.346128221966,1.6));
#1445 = CARTESIAN_POINT('',(5.346128221966,2.1));
#1446 = ( GEOMETRIC_REPRESENTATION_CONTEXT(2) 
PARAMETRIC_REPRESENTATION_CONTEXT() REPRESENTATION_CONTEXT('2D SPACE',''
  ) );
#1447 = ORIENTED_EDGE('',*,*,#787,.T.);
#1448 = ORIENTED_EDGE('',*,*,#220,.F.);
#1449 = ORIENTED_EDGE('',*,*,#1450,.F.);
#1450 = EDGE_CURVE('',#1420,#196,#1451,.T.);
#1451 = SURFACE_CURVE('',#1452,(#1456,#1463),.PCURVE_S1.);
#1452 = LINE('',#1453,#1454);
#1453 = CARTESIAN_POINT('',(225.,203.,136.38989221983));
#1454 = VECTOR('',#1455,1.);
#1455 = DIRECTION('',(-1.224646799147E-16,-1.,0.));
#1456 = PCURVE('',#232,#1457);
#1457 = DEFINITIONAL_REPRESENTATION('',(#1458),#1462);
#1458 = LINE('',#1459,#1460);
#1459 = CARTESIAN_POINT('',(2.,0.));
#1460 = VECTOR('',#1461,1.);
#1461 = DIRECTION('',(0.,-1.));
#1462 = ( GEOMETRIC_REPRESENTATION_CONTEXT(2) 
PARAMETRIC_REPRESENTATION_CONTEXT() REPRESENTATION_CONTEXT('2D SPACE',''
  ) );
#1463 = PCURVE('',#209,#1464);
#1464 = DEFINITIONAL_REPRESENTATION('',(#1465),#1469);
#1465 = LINE('',#1466,#1467);
#1466 = CARTESIAN_POINT('',(0.,0.));
#1467 = VECTOR('',#1468,1.);
#1468 = DIRECTION('',(0.,1.));
#1469 = ( GEOMETRIC_REPRESENTATION_CONTEXT(2) 
PARAMETRIC_REPRESENTATION_CONTEXT() REPRESENTATION_CONTEXT('2D SPACE',''
  ) );
#1470 = ADVANCED_FACE('',(#1471,#1796,#1827,#1858),#209,.F.);
#1471 = FACE_BOUND('',#1472,.F.);
#1472 = EDGE_LOOP('',(#1473,#1498,#1521,#1541,#1570,#1590,#1619,#1637,
    #1638,#1639,#1695,#1751,#1774));
#1473 = ORIENTED_EDGE('',*,*,#1474,.F.);
#1474 = EDGE_CURVE('',#1475,#1477,#1479,.T.);
#1475 = VERTEX_POINT('',#1476);
#1476 = CARTESIAN_POINT('',(225.,201.,136.38989221983));
#1477 = VERTEX_POINT('',#1478);
#1478 = CARTESIAN_POINT('',(225.,191.46002240193,136.38989221983));
#1479 = SURFACE_CURVE('',#1480,(#1484,#1491),.PCURVE_S1.);
#1480 = LINE('',#1481,#1482);
#1481 = CARTESIAN_POINT('',(225.,203.,136.38989221983));
#1482 = VECTOR('',#1483,1.);
#1483 = DIRECTION('',(-1.224646799147E-16,-1.,0.));
#1484 = PCURVE('',#209,#1485);
#1485 = DEFINITIONAL_REPRESENTATION('',(#1486),#1490);
#1486 = LINE('',#1487,#1488);
#1487 = CARTESIAN_POINT('',(0.,0.));
#1488 = VECTOR('',#1489,1.);
#1489 = DIRECTION('',(0.,1.));
#1490 = ( GEOMETRIC_REPRESENTATION_CONTEXT(2) 
PARAMETRIC_REPRESENTATION_CONTEXT() REPRESENTATION_CONTEXT('2D SPACE',''
  ) );
#1491 = PCURVE('',#1330,#1492);
#1492 = DEFINITIONAL_REPRESENTATION('',(#1493),#1497);
#1493 = LINE('',#1494,#1495);
#1494 = CARTESIAN_POINT('',(2.,0.));
#1495 = VECTOR('',#1496,1.);
#1496 = DIRECTION('',(0.,-1.));
#1497 = ( GEOMETRIC_REPRESENTATION_CONTEXT(2) 
PARAMETRIC_REPRESENTATION_CONTEXT() REPRESENTATION_CONTEXT('2D SPACE',''
  ) );
#1498 = ORIENTED_EDGE('',*,*,#1499,.F.);
#1499 = EDGE_CURVE('',#1500,#1475,#1502,.T.);
#1500 = VERTEX_POINT('',#1501);
#1501 = CARTESIAN_POINT('',(203.35251142247,201.,136.38989221983));
#1502 = SURFACE_CURVE('',#1503,(#1507,#1514),.PCURVE_S1.);
#1503 = LINE('',#1504,#1505);
#1504 = CARTESIAN_POINT('',(225.,201.,136.38989221983));
#1505 = VECTOR('',#1506,1.);
#1506 = DIRECTION('',(1.,-1.224646799147E-16,0.));
#1507 = PCURVE('',#209,#1508);
#1508 = DEFINITIONAL_REPRESENTATION('',(#1509),#1513);
#1509 = LINE('',#1510,#1511);
#1510 = CARTESIAN_POINT('',(-2.449293598295E-16,2.));
#1511 = VECTOR('',#1512,1.);
#1512 = DIRECTION('',(-1.,0.));
#1513 = ( GEOMETRIC_REPRESENTATION_CONTEXT(2) 
PARAMETRIC_REPRESENTATION_CONTEXT() REPRESENTATION_CONTEXT('2D SPACE',''
  ) );
#1514 = PCURVE('',#302,#1515);
#1515 = DEFINITIONAL_REPRESENTATION('',(#1516),#1520);
#1516 = LINE('',#1517,#1518);
#1517 = CARTESIAN_POINT('',(2.,0.));
#1518 = VECTOR('',#1519,1.);
#1519 = DIRECTION('',(0.,-1.));
#1520 = ( GEOMETRIC_REPRESENTATION_CONTEXT(2) 
PARAMETRIC_REPRESENTATION_CONTEXT() REPRESENTATION_CONTEXT('2D SPACE',''
  ) );
#1521 = ORIENTED_EDGE('',*,*,#1522,.T.);
#1522 = EDGE_CURVE('',#1500,#1523,#1525,.T.);
#1523 = VERTEX_POINT('',#1524);
#1524 = CARTESIAN_POINT('',(203.35251142247,195.1715744742,
    136.38989221983));
#1525 = SURFACE_CURVE('',#1526,(#1529,#1535),.PCURVE_S1.);
#1526 = B_SPLINE_CURVE_WITH_KNOTS('',1,(#1527,#1528),.UNSPECIFIED.,.F.,
  .F.,(2,2),(0.,1.),.PIECEWISE_BEZIER_KNOTS.);
#1527 = CARTESIAN_POINT('',(203.35251142247,201.,136.38989221983));
#1528 = CARTESIAN_POINT('',(203.35251142247,168.43011325446,
    136.38989221983));
#1529 = PCURVE('',#209,#1530);
#1530 = DEFINITIONAL_REPRESENTATION('',(#1531),#1534);
#1531 = B_SPLINE_CURVE_WITH_KNOTS('',1,(#1532,#1533),.UNSPECIFIED.,.F.,
  .F.,(2,2),(0.,1.),.PIECEWISE_BEZIER_KNOTS.);
#1532 = CARTESIAN_POINT('',(21.647488577523,2.));
#1533 = CARTESIAN_POINT('',(21.647488577523,34.569886745531));
#1534 = ( GEOMETRIC_REPRESENTATION_CONTEXT(2) 
PARAMETRIC_REPRESENTATION_CONTEXT() REPRESENTATION_CONTEXT('2D SPACE',''
  ) );
#1535 = PCURVE('',#184,#1536);
#1536 = DEFINITIONAL_REPRESENTATION('',(#1537),#1540);
#1537 = B_SPLINE_CURVE_WITH_KNOTS('',1,(#1538,#1539),.UNSPECIFIED.,.F.,
  .F.,(2,2),(0.,1.),.PIECEWISE_BEZIER_KNOTS.);
#1538 = CARTESIAN_POINT('',(2.,-32.56988674553));
#1539 = CARTESIAN_POINT('',(2.,0.));
#1540 = ( GEOMETRIC_REPRESENTATION_CONTEXT(2) 
PARAMETRIC_REPRESENTATION_CONTEXT() REPRESENTATION_CONTEXT('2D SPACE',''
  ) );
#1541 = ORIENTED_EDGE('',*,*,#1542,.F.);
#1542 = EDGE_CURVE('',#1543,#1523,#1545,.T.);
#1543 = VERTEX_POINT('',#1544);
#1544 = CARTESIAN_POINT('',(203.35251142247,190.82842552579,
    136.38989221983));
#1545 = SURFACE_CURVE('',#1546,(#1551,#1558),.PCURVE_S1.);
#1546 = CIRCLE('',#1547,2.2);
#1547 = AXIS2_PLACEMENT_3D('',#1548,#1549,#1550);
#1548 = CARTESIAN_POINT('',(203.,193.,136.38989221983));
#1549 = DIRECTION('',(0.,0.,1.));
#1550 = DIRECTION('',(-1.,1.224646799147E-16,0.));
#1551 = PCURVE('',#209,#1552);
#1552 = DEFINITIONAL_REPRESENTATION('',(#1553),#1557);
#1553 = CIRCLE('',#1554,2.2);
#1554 = AXIS2_PLACEMENT_2D('',#1555,#1556);
#1555 = CARTESIAN_POINT('',(22.,10.));
#1556 = DIRECTION('',(1.,0.));
#1557 = ( GEOMETRIC_REPRESENTATION_CONTEXT(2) 
PARAMETRIC_REPRESENTATION_CONTEXT() REPRESENTATION_CONTEXT('2D SPACE',''
  ) );
#1558 = PCURVE('',#1559,#1564);
#1559 = CYLINDRICAL_SURFACE('',#1560,2.2);
#1560 = AXIS2_PLACEMENT_3D('',#1561,#1562,#1563);
#1561 = CARTESIAN_POINT('',(203.,193.,134.28989221983));
#1562 = DIRECTION('',(0.,0.,1.));
#1563 = DIRECTION('',(-1.,1.224646799147E-16,0.));
#1564 = DEFINITIONAL_REPRESENTATION('',(#1565),#1569);
#1565 = LINE('',#1566,#1567);
#1566 = CARTESIAN_POINT('',(0.,2.1));
#1567 = VECTOR('',#1568,1.);
#1568 = DIRECTION('',(1.,0.));
#1569 = ( GEOMETRIC_REPRESENTATION_CONTEXT(2) 
PARAMETRIC_REPRESENTATION_CONTEXT() REPRESENTATION_CONTEXT('2D SPACE',''
  ) );
#1570 = ORIENTED_EDGE('',*,*,#1571,.T.);
#1571 = EDGE_CURVE('',#1543,#1572,#1574,.T.);
#1572 = VERTEX_POINT('',#1573);
#1573 = CARTESIAN_POINT('',(203.35251142247,175.1715744742,
    136.38989221983));
#1574 = SURFACE_CURVE('',#1575,(#1578,#1584),.PCURVE_S1.);
#1575 = B_SPLINE_CURVE_WITH_KNOTS('',1,(#1576,#1577),.UNSPECIFIED.,.F.,
  .F.,(2,2),(0.,1.),.PIECEWISE_BEZIER_KNOTS.);
#1576 = CARTESIAN_POINT('',(203.35251142247,201.,136.38989221983));
#1577 = CARTESIAN_POINT('',(203.35251142247,168.43011325446,
    136.38989221983));
#1578 = PCURVE('',#209,#1579);
#1579 = DEFINITIONAL_REPRESENTATION('',(#1580),#1583);
#1580 = B_SPLINE_CURVE_WITH_KNOTS('',1,(#1581,#1582),.UNSPECIFIED.,.F.,
  .F.,(2,2),(0.,1.),.PIECEWISE_BEZIER_KNOTS.);
#1581 = CARTESIAN_POINT('',(21.647488577523,2.));
#1582 = CARTESIAN_POINT('',(21.647488577523,34.569886745531));
#1583 = ( GEOMETRIC_REPRESENTATION_CONTEXT(2) 
PARAMETRIC_REPRESENTATION_CONTEXT() REPRESENTATION_CONTEXT('2D SPACE',''
  ) );
#1584 = PCURVE('',#184,#1585);
#1585 = DEFINITIONAL_REPRESENTATION('',(#1586),#1589);
#1586 = B_SPLINE_CURVE_WITH_KNOTS('',1,(#1587,#1588),.UNSPECIFIED.,.F.,
  .F.,(2,2),(0.,1.),.PIECEWISE_BEZIER_KNOTS.);
#1587 = CARTESIAN_POINT('',(2.,-32.56988674553));
#1588 = CARTESIAN_POINT('',(2.,0.));
#1589 = ( GEOMETRIC_REPRESENTATION_CONTEXT(2) 
PARAMETRIC_REPRESENTATION_CONTEXT() REPRESENTATION_CONTEXT('2D SPACE',''
  ) );
#1590 = ORIENTED_EDGE('',*,*,#1591,.F.);
#1591 = EDGE_CURVE('',#1592,#1572,#1594,.T.);
#1592 = VERTEX_POINT('',#1593);
#1593 = CARTESIAN_POINT('',(203.35251142247,170.82842552579,
    136.38989221983));
#1594 = SURFACE_CURVE('',#1595,(#1600,#1607),.PCURVE_S1.);
#1595 = CIRCLE('',#1596,2.2);
#1596 = AXIS2_PLACEMENT_3D('',#1597,#1598,#1599);
#1597 = CARTESIAN_POINT('',(203.,173.,136.38989221983));
#1598 = DIRECTION('',(0.,0.,1.));
#1599 = DIRECTION('',(-1.,1.224646799147E-16,0.));
#1600 = PCURVE('',#209,#1601);
#1601 = DEFINITIONAL_REPRESENTATION('',(#1602),#1606);
#1602 = CIRCLE('',#1603,2.2);
#1603 = AXIS2_PLACEMENT_2D('',#1604,#1605);
#1604 = CARTESIAN_POINT('',(22.,30.));
#1605 = DIRECTION('',(1.,0.));
#1606 = ( GEOMETRIC_REPRESENTATION_CONTEXT(2) 
PARAMETRIC_REPRESENTATION_CONTEXT() REPRESENTATION_CONTEXT('2D SPACE',''
  ) );
#1607 = PCURVE('',#1608,#1613);
#1608 = CYLINDRICAL_SURFACE('',#1609,2.2);
#1609 = AXIS2_PLACEMENT_3D('',#1610,#1611,#1612);
#1610 = CARTESIAN_POINT('',(203.,173.,134.28989221983));
#1611 = DIRECTION('',(0.,0.,1.));
#1612 = DIRECTION('',(-1.,1.224646799147E-16,0.));
#1613 = DEFINITIONAL_REPRESENTATION('',(#1614),#1618);
#1614 = LINE('',#1615,#1616);
#1615 = CARTESIAN_POINT('',(0.,2.1));
#1616 = VECTOR('',#1617,1.);
#1617 = DIRECTION('',(1.,0.));
#1618 = ( GEOMETRIC_REPRESENTATION_CONTEXT(2) 
PARAMETRIC_REPRESENTATION_CONTEXT() REPRESENTATION_CONTEXT('2D SPACE',''
  ) );
#1619 = ORIENTED_EDGE('',*,*,#1620,.T.);
#1620 = EDGE_CURVE('',#1592,#171,#1621,.T.);
#1621 = SURFACE_CURVE('',#1622,(#1625,#1631),.PCURVE_S1.);
#1622 = B_SPLINE_CURVE_WITH_KNOTS('',1,(#1623,#1624),.UNSPECIFIED.,.F.,
  .F.,(2,2),(0.,1.),.PIECEWISE_BEZIER_KNOTS.);
#1623 = CARTESIAN_POINT('',(203.35251142247,201.,136.38989221983));
#1624 = CARTESIAN_POINT('',(203.35251142247,168.43011325446,
    136.38989221983));
#1625 = PCURVE('',#209,#1626);
#1626 = DEFINITIONAL_REPRESENTATION('',(#1627),#1630);
#1627 = B_SPLINE_CURVE_WITH_KNOTS('',1,(#1628,#1629),.UNSPECIFIED.,.F.,
  .F.,(2,2),(0.,1.),.PIECEWISE_BEZIER_KNOTS.);
#1628 = CARTESIAN_POINT('',(21.647488577523,2.));
#1629 = CARTESIAN_POINT('',(21.647488577523,34.569886745531));
#1630 = ( GEOMETRIC_REPRESENTATION_CONTEXT(2) 
PARAMETRIC_REPRESENTATION_CONTEXT() REPRESENTATION_CONTEXT('2D SPACE',''
  ) );
#1631 = PCURVE('',#184,#1632);
#1632 = DEFINITIONAL_REPRESENTATION('',(#1633),#1636);
#1633 = B_SPLINE_CURVE_WITH_KNOTS('',1,(#1634,#1635),.UNSPECIFIED.,.F.,
  .F.,(2,2),(0.,1.),.PIECEWISE_BEZIER_KNOTS.);
#1634 = CARTESIAN_POINT('',(2.,-32.56988674553));
#1635 = CARTESIAN_POINT('',(2.,0.));
#1636 = ( GEOMETRIC_REPRESENTATION_CONTEXT(2) 
PARAMETRIC_REPRESENTATION_CONTEXT() REPRESENTATION_CONTEXT('2D SPACE',''
  ) );
#1637 = ORIENTED_EDGE('',*,*,#195,.F.);
#1638 = ORIENTED_EDGE('',*,*,#1450,.F.);
#1639 = ORIENTED_EDGE('',*,*,#1640,.F.);
#1640 = EDGE_CURVE('',#1641,#1420,#1643,.T.);
#1641 = VERTEX_POINT('',#1642);
#1642 = CARTESIAN_POINT('',(224.10251142247,178.43011325446,
    136.38989221983));
#1643 = SURFACE_CURVE('',#1644,(#1659,#1677),.PCURVE_S1.);
#1644 = B_SPLINE_CURVE_WITH_KNOTS('',7,(#1645,#1646,#1647,#1648,#1649,
    #1650,#1651,#1652,#1653,#1654,#1655,#1656,#1657,#1658),
  .UNSPECIFIED.,.F.,.F.,(8,6,8),(0.,0.313740113956,1.),.UNSPECIFIED.);
#1645 = CARTESIAN_POINT('',(224.10251142247,178.43011325446,
    136.38989221983));
#1646 = CARTESIAN_POINT('',(224.10251142247,178.33989292638,
    136.38989221983));
#1647 = CARTESIAN_POINT('',(224.10673214511,178.24912454284,
    136.38989221983));
#1648 = CARTESIAN_POINT('',(224.11526537672,178.15810356129,
    136.38989221983));
#1649 = CARTESIAN_POINT('',(224.12817182761,178.06712840842,
    136.38989221983));
#1650 = CARTESIAN_POINT('',(224.14548151626,177.97649947888,
    136.38989221983));
#1651 = CARTESIAN_POINT('',(224.16719415352,177.88651813414,
    136.38989221983));
#1652 = CARTESIAN_POINT('',(224.25033740556,177.60274048204,
    136.38989221983));
#1653 = CARTESIAN_POINT('',(224.32834646534,177.41243203804,
    136.38989221983));
#1654 = CARTESIAN_POINT('',(224.4269839194,177.22985714776,
    136.38989221983));
#1655 = CARTESIAN_POINT('',(224.54522681196,177.05798481044,
    136.38989221983));
#1656 = CARTESIAN_POINT('',(224.68157006083,176.89950227576,
    136.38989221983));
#1657 = CARTESIAN_POINT('',(224.83402975872,176.75683963607,
    136.38989221983));
#1658 = CARTESIAN_POINT('',(225.,176.63199956171,136.38989221983));
#1659 = PCURVE('',#209,#1660);
#1660 = DEFINITIONAL_REPRESENTATION('',(#1661),#1676);
#1661 = B_SPLINE_CURVE_WITH_KNOTS('',7,(#1662,#1663,#1664,#1665,#1666,
    #1667,#1668,#1669,#1670,#1671,#1672,#1673,#1674,#1675),
  .UNSPECIFIED.,.F.,.F.,(8,6,8),(0.,0.313740113956,1.),.UNSPECIFIED.);
#1662 = CARTESIAN_POINT('',(0.897488577523,24.569886745531));
#1663 = CARTESIAN_POINT('',(0.897488577523,24.660107073612));
#1664 = CARTESIAN_POINT('',(0.893267854884,24.750875457156));
#1665 = CARTESIAN_POINT('',(0.884734623271,24.841896438702));
#1666 = CARTESIAN_POINT('',(0.871828172381,24.932871591579));
#1667 = CARTESIAN_POINT('',(0.854518483739,25.023500521118));
#1668 = CARTESIAN_POINT('',(0.832805846472,25.113481865859));
#1669 = CARTESIAN_POINT('',(0.749662594433,25.397259517951));
#1670 = CARTESIAN_POINT('',(0.671653534659,25.587567961953));
#1671 = CARTESIAN_POINT('',(0.573016080598,25.770142852239));
#1672 = CARTESIAN_POINT('',(0.454773188035,25.942015189557));
#1673 = CARTESIAN_POINT('',(0.318429939162,26.100497724238));
#1674 = CARTESIAN_POINT('',(0.165970241272,26.243160363925));
#1675 = CARTESIAN_POINT('',(-4.898587196589E-15,26.368000438285));
#1676 = ( GEOMETRIC_REPRESENTATION_CONTEXT(2) 
PARAMETRIC_REPRESENTATION_CONTEXT() REPRESENTATION_CONTEXT('2D SPACE',''
  ) );
#1677 = PCURVE('',#412,#1678);
#1678 = DEFINITIONAL_REPRESENTATION('',(#1679),#1694);
#1679 = B_SPLINE_CURVE_WITH_KNOTS('',7,(#1680,#1681,#1682,#1683,#1684,
    #1685,#1686,#1687,#1688,#1689,#1690,#1691,#1692,#1693),
  .UNSPECIFIED.,.F.,.F.,(8,6,8),(0.,0.313740113956,1.),.UNSPECIFIED.);
#1680 = CARTESIAN_POINT('',(6.28318530718,2.1));
#1681 = CARTESIAN_POINT('',(6.234698914968,2.1));
#1682 = CARTESIAN_POINT('',(6.18722764803,2.1));
#1683 = CARTESIAN_POINT('',(6.140703878045,2.1));
#1684 = CARTESIAN_POINT('',(6.09505924061,2.1));
#1685 = CARTESIAN_POINT('',(6.050226417055,2.1));
#1686 = CARTESIAN_POINT('',(6.006140916269,2.1));
#1687 = CARTESIAN_POINT('',(5.867816048568,2.1));
#1688 = CARTESIAN_POINT('',(5.776127680548,2.1));
#1689 = CARTESIAN_POINT('',(5.68711971689,2.1));
#1690 = CARTESIAN_POINT('',(5.600157581195,2.1));
#1691 = CARTESIAN_POINT('',(5.514679245215,2.1));
#1692 = CARTESIAN_POINT('',(5.430145920494,2.1));
#1693 = CARTESIAN_POINT('',(5.346128221966,2.1));
#1694 = ( GEOMETRIC_REPRESENTATION_CONTEXT(2) 
PARAMETRIC_REPRESENTATION_CONTEXT() REPRESENTATION_CONTEXT('2D SPACE',''
  ) );
#1695 = ORIENTED_EDGE('',*,*,#1696,.F.);
#1696 = EDGE_CURVE('',#1697,#1641,#1699,.T.);
#1697 = VERTEX_POINT('',#1698);
#1698 = CARTESIAN_POINT('',(225.,180.22822694722,136.38989221983));
#1699 = SURFACE_CURVE('',#1700,(#1715,#1733),.PCURVE_S1.);
#1700 = B_SPLINE_CURVE_WITH_KNOTS('',7,(#1701,#1702,#1703,#1704,#1705,
    #1706,#1707,#1708,#1709,#1710,#1711,#1712,#1713,#1714),
  .UNSPECIFIED.,.F.,.F.,(8,6,8),(0.,0.686259886044,1.),.UNSPECIFIED.);
#1701 = CARTESIAN_POINT('',(225.,180.22822694722,136.38989221983));
#1702 = CARTESIAN_POINT('',(224.83402975872,180.10338687286,
    136.38989221983));
#1703 = CARTESIAN_POINT('',(224.68157006083,179.96072423317,
    136.38989221983));
#1704 = CARTESIAN_POINT('',(224.54522681196,179.80224169849,
    136.38989221983));
#1705 = CARTESIAN_POINT('',(224.4269839194,179.63036936117,
    136.38989221983));
#1706 = CARTESIAN_POINT('',(224.32834646534,179.44779447089,
    136.38989221983));
#1707 = CARTESIAN_POINT('',(224.25033740556,179.25748602688,
    136.38989221983));
#1708 = CARTESIAN_POINT('',(224.16719415352,178.97370837479,
    136.38989221983));
#1709 = CARTESIAN_POINT('',(224.14548151626,178.88372703005,
    136.38989221983));
#1710 = CARTESIAN_POINT('',(224.12817182761,178.79309810051,
    136.38989221983));
#1711 = CARTESIAN_POINT('',(224.11526537673,178.70212294763,
    136.38989221983));
#1712 = CARTESIAN_POINT('',(224.10673214511,178.61110196609,
    136.38989221983));
#1713 = CARTESIAN_POINT('',(224.10251142247,178.52033358254,
    136.38989221983));
#1714 = CARTESIAN_POINT('',(224.10251142247,178.43011325446,
    136.38989221983));
#1715 = PCURVE('',#209,#1716);
#1716 = DEFINITIONAL_REPRESENTATION('',(#1717),#1732);
#1717 = B_SPLINE_CURVE_WITH_KNOTS('',7,(#1718,#1719,#1720,#1721,#1722,
    #1723,#1724,#1725,#1726,#1727,#1728,#1729,#1730,#1731),
  .UNSPECIFIED.,.F.,.F.,(8,6,8),(0.,0.686259886044,1.),.UNSPECIFIED.);
#1718 = CARTESIAN_POINT('',(-4.898587196589E-15,22.771773052778));
#1719 = CARTESIAN_POINT('',(0.165970241272,22.896613127138));
#1720 = CARTESIAN_POINT('',(0.318429939162,23.039275766825));
#1721 = CARTESIAN_POINT('',(0.454773188035,23.197758301506));
#1722 = CARTESIAN_POINT('',(0.573016080598,23.369630638823));
#1723 = CARTESIAN_POINT('',(0.671653534658,23.552205529109));
#1724 = CARTESIAN_POINT('',(0.749662594433,23.742513973112));
#1725 = CARTESIAN_POINT('',(0.832805846472,24.026291625204));
#1726 = CARTESIAN_POINT('',(0.854518483739,24.116272969945));
#1727 = CARTESIAN_POINT('',(0.871828172381,24.206901899484));
#1728 = CARTESIAN_POINT('',(0.88473462327,24.297877052361));
#1729 = CARTESIAN_POINT('',(0.893267854884,24.388898033906));
#1730 = CARTESIAN_POINT('',(0.897488577523,24.479666417451));
#1731 = CARTESIAN_POINT('',(0.897488577523,24.569886745531));
#1732 = ( GEOMETRIC_REPRESENTATION_CONTEXT(2) 
PARAMETRIC_REPRESENTATION_CONTEXT() REPRESENTATION_CONTEXT('2D SPACE',''
  ) );
#1733 = PCURVE('',#412,#1734);
#1734 = DEFINITIONAL_REPRESENTATION('',(#1735),#1750);
#1735 = B_SPLINE_CURVE_WITH_KNOTS('',7,(#1736,#1737,#1738,#1739,#1740,
    #1741,#1742,#1743,#1744,#1745,#1746,#1747,#1748,#1749),
  .UNSPECIFIED.,.F.,.F.,(8,6,8),(0.,0.686259886044,1.),.UNSPECIFIED.);
#1736 = CARTESIAN_POINT('',(0.937057085213,2.1));
#1737 = CARTESIAN_POINT('',(0.853039386686,2.1));
#1738 = CARTESIAN_POINT('',(0.768506061965,2.1));
#1739 = CARTESIAN_POINT('',(0.683027725984,2.1));
#1740 = CARTESIAN_POINT('',(0.59606559029,2.1));
#1741 = CARTESIAN_POINT('',(0.507057626631,2.1));
#1742 = CARTESIAN_POINT('',(0.415369258612,2.1));
#1743 = CARTESIAN_POINT('',(0.277044390911,2.1));
#1744 = CARTESIAN_POINT('',(0.232958890124,2.1));
#1745 = CARTESIAN_POINT('',(0.18812606657,2.1));
#1746 = CARTESIAN_POINT('',(0.142481429134,2.1));
#1747 = CARTESIAN_POINT('',(9.595765914974E-02,2.1));
#1748 = CARTESIAN_POINT('',(4.84863922115E-02,2.1));
#1749 = CARTESIAN_POINT('',(0.,2.1));
#1750 = ( GEOMETRIC_REPRESENTATION_CONTEXT(2) 
PARAMETRIC_REPRESENTATION_CONTEXT() REPRESENTATION_CONTEXT('2D SPACE',''
  ) );
#1751 = ORIENTED_EDGE('',*,*,#1752,.F.);
#1752 = EDGE_CURVE('',#1753,#1697,#1755,.T.);
#1753 = VERTEX_POINT('',#1754);
#1754 = CARTESIAN_POINT('',(225.,189.40020410699,136.38989221983));
#1755 = SURFACE_CURVE('',#1756,(#1760,#1767),.PCURVE_S1.);
#1756 = LINE('',#1757,#1758);
#1757 = CARTESIAN_POINT('',(225.,203.,136.38989221983));
#1758 = VECTOR('',#1759,1.);
#1759 = DIRECTION('',(-1.224646799147E-16,-1.,0.));
#1760 = PCURVE('',#209,#1761);
#1761 = DEFINITIONAL_REPRESENTATION('',(#1762),#1766);
#1762 = LINE('',#1763,#1764);
#1763 = CARTESIAN_POINT('',(0.,0.));
#1764 = VECTOR('',#1765,1.);
#1765 = DIRECTION('',(0.,1.));
#1766 = ( GEOMETRIC_REPRESENTATION_CONTEXT(2) 
PARAMETRIC_REPRESENTATION_CONTEXT() REPRESENTATION_CONTEXT('2D SPACE',''
  ) );
#1767 = PCURVE('',#861,#1768);
#1768 = DEFINITIONAL_REPRESENTATION('',(#1769),#1773);
#1769 = LINE('',#1770,#1771);
#1770 = CARTESIAN_POINT('',(2.,0.));
#1771 = VECTOR('',#1772,1.);
#1772 = DIRECTION('',(0.,-1.));
#1773 = ( GEOMETRIC_REPRESENTATION_CONTEXT(2) 
PARAMETRIC_REPRESENTATION_CONTEXT() REPRESENTATION_CONTEXT('2D SPACE',''
  ) );
#1774 = ORIENTED_EDGE('',*,*,#1775,.F.);
#1775 = EDGE_CURVE('',#1477,#1753,#1776,.T.);
#1776 = SURFACE_CURVE('',#1777,(#1782,#1789),.PCURVE_S1.);
#1777 = CIRCLE('',#1778,1.7);
#1778 = AXIS2_PLACEMENT_3D('',#1779,#1780,#1781);
#1779 = CARTESIAN_POINT('',(226.35251142247,190.43011325446,
    136.38989221983));
#1780 = DIRECTION('',(0.,0.,1.));
#1781 = DIRECTION('',(1.,0.,-0.));
#1782 = PCURVE('',#209,#1783);
#1783 = DEFINITIONAL_REPRESENTATION('',(#1784),#1788);
#1784 = CIRCLE('',#1785,1.7);
#1785 = AXIS2_PLACEMENT_2D('',#1786,#1787);
#1786 = CARTESIAN_POINT('',(-1.352511422477,12.569886745531));
#1787 = DIRECTION('',(-1.,-1.224646799147E-16));
#1788 = ( GEOMETRIC_REPRESENTATION_CONTEXT(2) 
PARAMETRIC_REPRESENTATION_CONTEXT() REPRESENTATION_CONTEXT('2D SPACE',''
  ) );
#1789 = PCURVE('',#628,#1790);
#1790 = DEFINITIONAL_REPRESENTATION('',(#1791),#1795);
#1791 = LINE('',#1792,#1793);
#1792 = CARTESIAN_POINT('',(0.,62.));
#1793 = VECTOR('',#1794,1.);
#1794 = DIRECTION('',(1.,0.));
#1795 = ( GEOMETRIC_REPRESENTATION_CONTEXT(2) 
PARAMETRIC_REPRESENTATION_CONTEXT() REPRESENTATION_CONTEXT('2D SPACE',''
  ) );
#1796 = FACE_BOUND('',#1797,.F.);
#1797 = EDGE_LOOP('',(#1798));
#1798 = ORIENTED_EDGE('',*,*,#1799,.F.);
#1799 = EDGE_CURVE('',#1800,#1800,#1802,.T.);
#1800 = VERTEX_POINT('',#1801);
#1801 = CARTESIAN_POINT('',(214.8,193.,136.38989221983));
#1802 = SURFACE_CURVE('',#1803,(#1808,#1815),.PCURVE_S1.);
#1803 = CIRCLE('',#1804,2.2);
#1804 = AXIS2_PLACEMENT_3D('',#1805,#1806,#1807);
#1805 = CARTESIAN_POINT('',(217.,193.,136.38989221983));
#1806 = DIRECTION('',(0.,0.,1.));
#1807 = DIRECTION('',(-1.,1.224646799147E-16,0.));
#1808 = PCURVE('',#209,#1809);
#1809 = DEFINITIONAL_REPRESENTATION('',(#1810),#1814);
#1810 = CIRCLE('',#1811,2.2);
#1811 = AXIS2_PLACEMENT_2D('',#1812,#1813);
#1812 = CARTESIAN_POINT('',(8.,10.));
#1813 = DIRECTION('',(1.,0.));
#1814 = ( GEOMETRIC_REPRESENTATION_CONTEXT(2) 
PARAMETRIC_REPRESENTATION_CONTEXT() REPRESENTATION_CONTEXT('2D SPACE',''
  ) );
#1815 = PCURVE('',#1816,#1821);
#1816 = CYLINDRICAL_SURFACE('',#1817,2.2);
#1817 = AXIS2_PLACEMENT_3D('',#1818,#1819,#1820);
#1818 = CARTESIAN_POINT('',(217.,193.,134.28989221983));
#1819 = DIRECTION('',(0.,0.,1.));
#1820 = DIRECTION('',(-1.,1.224646799147E-16,0.));
#1821 = DEFINITIONAL_REPRESENTATION('',(#1822),#1826);
#1822 = LINE('',#1823,#1824);
#1823 = CARTESIAN_POINT('',(0.,2.1));
#1824 = VECTOR('',#1825,1.);
#1825 = DIRECTION('',(1.,0.));
#1826 = ( GEOMETRIC_REPRESENTATION_CONTEXT(2) 
PARAMETRIC_REPRESENTATION_CONTEXT() REPRESENTATION_CONTEXT('2D SPACE',''
  ) );
#1827 = FACE_BOUND('',#1828,.F.);
#1828 = EDGE_LOOP('',(#1829));
#1829 = ORIENTED_EDGE('',*,*,#1830,.F.);
#1830 = EDGE_CURVE('',#1831,#1831,#1833,.T.);
#1831 = VERTEX_POINT('',#1832);
#1832 = CARTESIAN_POINT('',(214.8,173.,136.38989221983));
#1833 = SURFACE_CURVE('',#1834,(#1839,#1846),.PCURVE_S1.);
#1834 = CIRCLE('',#1835,2.2);
#1835 = AXIS2_PLACEMENT_3D('',#1836,#1837,#1838);
#1836 = CARTESIAN_POINT('',(217.,173.,136.38989221983));
#1837 = DIRECTION('',(0.,0.,1.));
#1838 = DIRECTION('',(-1.,1.224646799147E-16,0.));
#1839 = PCURVE('',#209,#1840);
#1840 = DEFINITIONAL_REPRESENTATION('',(#1841),#1845);
#1841 = CIRCLE('',#1842,2.2);
#1842 = AXIS2_PLACEMENT_2D('',#1843,#1844);
#1843 = CARTESIAN_POINT('',(8.,30.));
#1844 = DIRECTION('',(1.,0.));
#1845 = ( GEOMETRIC_REPRESENTATION_CONTEXT(2) 
PARAMETRIC_REPRESENTATION_CONTEXT() REPRESENTATION_CONTEXT('2D SPACE',''
  ) );
#1846 = PCURVE('',#1847,#1852);
#1847 = CYLINDRICAL_SURFACE('',#1848,2.2);
#1848 = AXIS2_PLACEMENT_3D('',#1849,#1850,#1851);
#1849 = CARTESIAN_POINT('',(217.,173.,134.28989221983));
#1850 = DIRECTION('',(0.,0.,1.));
#1851 = DIRECTION('',(-1.,1.224646799147E-16,0.));
#1852 = DEFINITIONAL_REPRESENTATION('',(#1853),#1857);
#1853 = LINE('',#1854,#1855);
#1854 = CARTESIAN_POINT('',(0.,2.1));
#1855 = VECTOR('',#1856,1.);
#1856 = DIRECTION('',(1.,0.));
#1857 = ( GEOMETRIC_REPRESENTATION_CONTEXT(2) 
PARAMETRIC_REPRESENTATION_CONTEXT() REPRESENTATION_CONTEXT('2D SPACE',''
  ) );
#1858 = FACE_BOUND('',#1859,.F.);
#1859 = EDGE_LOOP('',(#1860));
#1860 = ORIENTED_EDGE('',*,*,#1861,.F.);
#1861 = EDGE_CURVE('',#1862,#1862,#1864,.T.);
#1862 = VERTEX_POINT('',#1863);
#1863 = CARTESIAN_POINT('',(208.10251142247,178.43011325446,
    136.38989221983));
#1864 = SURFACE_CURVE('',#1865,(#2000,#2138),.PCURVE_S1.);
#1865 = B_SPLINE_CURVE_WITH_KNOTS('',5,(#1866,#1867,#1868,#1869,#1870,
    #1871,#1872,#1873,#1874,#1875,#1876,#1877,#1878,#1879,#1880,#1881,
    #1882,#1883,#1884,#1885,#1886,#1887,#1888,#1889,#1890,#1891,#1892,
    #1893,#1894,#1895,#1896,#1897,#1898,#1899,#1900,#1901,#1902,#1903,
    #1904,#1905,#1906,#1907,#1908,#1909,#1910,#1911,#1912,#1913,#1914,
    #1915,#1916,#1917,#1918,#1919,#1920,#1921,#1922,#1923,#1924,#1925,
    #1926,#1927,#1928,#1929,#1930,#1931,#1932,#1933,#1934,#1935,#1936,
    #1937,#1938,#1939,#1940,#1941,#1942,#1943,#1944,#1945,#1946,#1947,
    #1948,#1949,#1950,#1951,#1952,#1953,#1954,#1955,#1956,#1957,#1958,
    #1959,#1960,#1961,#1962,#1963,#1964,#1965,#1966,#1967,#1968,#1969,
    #1970,#1971,#1972,#1973,#1974,#1975,#1976,#1977,#1978,#1979,#1980,
    #1981,#1982,#1983,#1984,#1985,#1986,#1987,#1988,#1989,#1990,#1991,
    #1992,#1993,#1994,#1995,#1996,#1997,#1998,#1999),.UNSPECIFIED.,.T.,
  .F.,(6,4,4,4,4,4,4,4,4,4,4,4,4,4,4,4,4,4,4,4,4,4,4,4,4,4,4,4,4,4,4,4,4
    ,6),(0.,4.724014899107E-02,8.087847521681E-02,0.105713437833,
    0.123724698803,0.166892062084,0.216433907228,0.236405021336,
    0.264945669673,0.304314008451,0.332775497257,0.339635143926,
    0.360779774042,0.399436664175,0.427469836354,0.447090903486,
    0.496851017027,0.546611130567,0.5662321977,0.594265369879,
    0.632922260011,0.647144271197,0.654129846998,0.6611154228,
    0.690099406537,0.730190467783,0.759255064259,0.779592807321,
    0.830044139777,0.874003967874,0.892345878889,0.917636760806,
    0.951892618147,1.),.UNSPECIFIED.);
#1866 = CARTESIAN_POINT('',(208.10251142247,178.43011325446,
    136.38989221983));
#1867 = CARTESIAN_POINT('',(208.1025113346,178.30119004641,
    136.38989221983));
#1868 = CARTESIAN_POINT('',(208.1117458152,178.17106704741,
    136.38989221983));
#1869 = CARTESIAN_POINT('',(208.13055609017,178.04084543596,
    136.38989221983));
#1870 = CARTESIAN_POINT('',(208.15904756113,177.91164665049,
    136.38989221983));
#1871 = CARTESIAN_POINT('',(208.22419453056,177.69411957637,
    136.38989221983));
#1872 = CARTESIAN_POINT('',(208.25613817273,177.60473108485,
    136.38989221983));
#1873 = CARTESIAN_POINT('',(208.29288623803,177.51682859744,
    136.38989221983));
#1874 = CARTESIAN_POINT('',(208.33434161335,177.43079991804,
    136.38989221983));
#1875 = CARTESIAN_POINT('',(208.41432469486,177.28516244062,
    136.38989221983));
#1876 = CARTESIAN_POINT('',(208.4507797312,177.2245307844,
    136.38989221983));
#1877 = CARTESIAN_POINT('',(208.4896588484,177.16527272347,
    136.38989221983));
#1878 = CARTESIAN_POINT('',(208.53088789062,177.10753037345,
    136.38989221983));
#1879 = CARTESIAN_POINT('',(208.60592007593,177.01075833384,
    136.38989221983));
#1880 = CARTESIAN_POINT('',(208.6386511288,176.97094619386,
    136.38989221983));
#1881 = CARTESIAN_POINT('',(208.6725384343,176.93205323716,
    136.38989221983));
#1882 = CARTESIAN_POINT('',(208.70754507403,176.8941281225,
    136.38989221983));
#1883 = CARTESIAN_POINT('',(208.83011637502,176.76875255397,
    136.38989221983));
#1884 = CARTESIAN_POINT('',(208.92280286423,176.68610980632,
    136.38989221983));
#1885 = CARTESIAN_POINT('',(209.02112882749,176.60992768576,
    136.38989221983));
#1886 = CARTESIAN_POINT('',(209.12444503784,176.54073757618,
    136.38989221983));
#1887 = CARTESIAN_POINT('',(209.35546797227,176.40806675867,
    136.38989221983));
#1888 = CARTESIAN_POINT('',(209.48453347679,176.3469325611,
    136.38989221983));
#1889 = CARTESIAN_POINT('',(209.61809117311,176.29620097769,
    136.38989221983));
#1890 = CARTESIAN_POINT('',(209.75494241975,176.25628427264,
    136.38989221983));
#1891 = CARTESIAN_POINT('',(209.94978970742,176.21570929955,
    136.38989221983));
#1892 = CARTESIAN_POINT('',(210.006098448,176.20583896558,
    136.38989221983));
#1893 = CARTESIAN_POINT('',(210.06265323555,176.19776731358,
    136.38989221983));
#1894 = CARTESIAN_POINT('',(210.11937093823,176.19149954023,
    136.38989221983));
#1895 = CARTESIAN_POINT('',(210.25733633923,176.18065315795,
    136.38989221983));
#1896 = CARTESIAN_POINT('',(210.33866733064,176.17795334824,
    136.38989221983));
#1897 = CARTESIAN_POINT('',(210.41991628339,176.17893112878,
    136.38989221983));
#1898 = CARTESIAN_POINT('',(210.5008417089,176.18355501915,
    136.38989221983));
#1899 = CARTESIAN_POINT('',(210.6920566054,176.20309162102,
    136.38989221983));
#1900 = CARTESIAN_POINT('',(210.80184224422,176.22124243903,
    136.38989221983));
#1901 = CARTESIAN_POINT('',(210.90993317511,176.24606220095,
    136.38989221983));
#1902 = CARTESIAN_POINT('',(211.0157391126,176.27729581599,
    136.38989221983));
#1903 = CARTESIAN_POINT('',(211.19315087792,176.34155061803,
    136.38989221983));
#1904 = CARTESIAN_POINT('',(211.26611247761,176.37167966095,
    136.38989221983));
#1905 = CARTESIAN_POINT('',(211.33738610182,176.40484251614,
    136.38989221983));
#1906 = CARTESIAN_POINT('',(211.40678303241,176.44088038606,
    136.38989221983));
#1907 = CARTESIAN_POINT('',(211.49033999257,176.4889292036,
    136.38989221983));
#1908 = CARTESIAN_POINT('',(211.5065364289,176.49846667221,
    136.38989221983));
#1909 = CARTESIAN_POINT('',(211.5227313796,176.5082324694,
    136.38989221983));
#1910 = CARTESIAN_POINT('',(211.53892216744,176.51823042403,
    136.38989221983));
#1911 = CARTESIAN_POINT('',(211.604948664,176.55998481484,
    136.38989221983));
#1912 = CARTESIAN_POINT('',(211.65396449517,176.59326891559,
    136.38989221983));
#1913 = CARTESIAN_POINT('',(211.70203870705,176.62828032754,
    136.38989221983));
#1914 = CARTESIAN_POINT('',(211.74907232484,176.66498031271,
    136.38989221983));
#1915 = CARTESIAN_POINT('',(211.87888212246,176.77341555335,
    136.38989221983));
#1916 = CARTESIAN_POINT('',(211.95900085134,176.84899606892,
    136.38989221983));
#1917 = CARTESIAN_POINT('',(212.03474489731,176.92976609117,
    136.38989221983));
#1918 = CARTESIAN_POINT('',(212.10559805422,177.01534613217,
    136.38989221983));
#1919 = CARTESIAN_POINT('',(212.21861774892,177.17048748394,
    136.38989221983));
#1920 = CARTESIAN_POINT('',(212.26331771702,177.23798903014,
    136.38989221983));
#1921 = CARTESIAN_POINT('',(212.30503883615,177.30760292642,
    136.38989221983));
#1922 = CARTESIAN_POINT('',(212.34363247959,177.37913714216,
    136.38989221983));
#1923 = CARTESIAN_POINT('',(212.40370741516,177.50364949983,
    136.38989221983));
#1924 = CARTESIAN_POINT('',(212.42684865067,177.55575479583,
    136.38989221983));
#1925 = CARTESIAN_POINT('',(212.44835275131,177.60862752965,
    136.38989221983));
#1926 = CARTESIAN_POINT('',(212.46818232436,177.66219347378,
    136.38989221983));
#1927 = CARTESIAN_POINT('',(212.53226808682,177.85378417493,
    136.38989221983));
#1928 = CARTESIAN_POINT('',(212.56725886084,177.99516244347,
    136.38989221983));
#1929 = CARTESIAN_POINT('',(212.59076005446,178.13923695068,
    136.38989221983));
#1930 = CARTESIAN_POINT('',(212.60251156825,178.28467844376,
    136.38989221983));
#1931 = CARTESIAN_POINT('',(212.60251156825,178.57554806517,
    136.38989221983));
#1932 = CARTESIAN_POINT('',(212.59076005446,178.72098955825,
    136.38989221983));
#1933 = CARTESIAN_POINT('',(212.56725886084,178.86506406545,
    136.38989221983));
#1934 = CARTESIAN_POINT('',(212.53226808682,179.006442334,
    136.38989221983));
#1935 = CARTESIAN_POINT('',(212.46818232436,179.19803303515,
    136.38989221983));
#1936 = CARTESIAN_POINT('',(212.44835275131,179.25159897928,
    136.38989221983));
#1937 = CARTESIAN_POINT('',(212.42684865067,179.30447171309,
    136.38989221983));
#1938 = CARTESIAN_POINT('',(212.40370741516,179.35657700909,
    136.38989221983));
#1939 = CARTESIAN_POINT('',(212.34363247959,179.48108936677,
    136.38989221983));
#1940 = CARTESIAN_POINT('',(212.30503883615,179.55262358251,
    136.38989221983));
#1941 = CARTESIAN_POINT('',(212.26331771702,179.62223747879,
    136.38989221983));
#1942 = CARTESIAN_POINT('',(212.21861774892,179.68973902499,
    136.38989221983));
#1943 = CARTESIAN_POINT('',(212.10559805422,179.84488037675,
    136.38989221983));
#1944 = CARTESIAN_POINT('',(212.03474489731,179.93046041776,
    136.38989221983));
#1945 = CARTESIAN_POINT('',(211.95900085134,180.01123044001,
    136.38989221983));
#1946 = CARTESIAN_POINT('',(211.87888212246,180.08681095558,
    136.38989221983));
#1947 = CARTESIAN_POINT('',(211.76409911634,180.18269371231,
    136.38989221983));
#1948 = CARTESIAN_POINT('',(211.73271403643,180.20773963072,
    136.38989221983));
#1949 = CARTESIAN_POINT('',(211.70084414212,180.23202874575,
    136.38989221983));
#1950 = CARTESIAN_POINT('',(211.66851912546,180.25554836243,
    136.38989221983));
#1951 = CARTESIAN_POINT('',(211.61968365074,180.28945670099,
    136.38989221983));
#1952 = CARTESIAN_POINT('',(211.60356774015,180.30038721048,
    136.38989221983));
#1953 = CARTESIAN_POINT('',(211.587427391,180.31108121707,
    136.38989221983));
#1954 = CARTESIAN_POINT('',(211.57126791761,180.32154096804,
    136.38989221983));
#1955 = CARTESIAN_POINT('',(211.53892216744,180.3419960849,
    136.38989221983));
#1956 = CARTESIAN_POINT('',(211.5227313796,180.35199403953,
    136.38989221983));
#1957 = CARTESIAN_POINT('',(211.5065364289,180.36175983672,
    136.38989221983));
#1958 = CARTESIAN_POINT('',(211.49033999257,180.37129730533,
    136.38989221983));
#1959 = CARTESIAN_POINT('',(211.40678303241,180.41934612287,
    136.38989221983));
#1960 = CARTESIAN_POINT('',(211.33738610182,180.45538399278,
    136.38989221983));
#1961 = CARTESIAN_POINT('',(211.26611247761,180.48854684798,
    136.38989221983));
#1962 = CARTESIAN_POINT('',(211.19315087792,180.51867589089,
    136.38989221983));
#1963 = CARTESIAN_POINT('',(211.0157391126,180.58293069294,
    136.38989221983));
#1964 = CARTESIAN_POINT('',(210.90993317511,180.61416430798,
    136.38989221983));
#1965 = CARTESIAN_POINT('',(210.80184224422,180.63898406989,
    136.38989221983));
#1966 = CARTESIAN_POINT('',(210.6920566054,180.65713488791,
    136.38989221983));
#1967 = CARTESIAN_POINT('',(210.5008417089,180.67667148978,
    136.38989221983));
#1968 = CARTESIAN_POINT('',(210.41991628339,180.68129538015,
    136.38989221983));
#1969 = CARTESIAN_POINT('',(210.33866733065,180.68227316068,
    136.38989221983));
#1970 = CARTESIAN_POINT('',(210.25733633923,180.67957335098,
    136.38989221983));
#1971 = CARTESIAN_POINT('',(210.11937093823,180.6687269687,
    136.38989221983));
#1972 = CARTESIAN_POINT('',(210.06265323555,180.66245919535,
    136.38989221983));
#1973 = CARTESIAN_POINT('',(210.006098448,180.65438754335,
    136.38989221983));
#1974 = CARTESIAN_POINT('',(209.94978970742,180.64451720938,
    136.38989221983));
#1975 = CARTESIAN_POINT('',(209.75494241975,180.60394223629,
    136.38989221983));
#1976 = CARTESIAN_POINT('',(209.61809117311,180.56402553124,
    136.38989221983));
#1977 = CARTESIAN_POINT('',(209.48453347679,180.51329394783,
    136.38989221983));
#1978 = CARTESIAN_POINT('',(209.35546797227,180.45215975026,
    136.38989221983));
#1979 = CARTESIAN_POINT('',(209.12444503784,180.31948893275,
    136.38989221983));
#1980 = CARTESIAN_POINT('',(209.02112882749,180.25029882317,
    136.38989221983));
#1981 = CARTESIAN_POINT('',(208.92280286423,180.17411670261,
    136.38989221983));
#1982 = CARTESIAN_POINT('',(208.83011637502,180.09147395496,
    136.38989221983));
#1983 = CARTESIAN_POINT('',(208.70754507403,179.96609838643,
    136.38989221983));
#1984 = CARTESIAN_POINT('',(208.6725384343,179.92817327176,
    136.38989221983));
#1985 = CARTESIAN_POINT('',(208.6386511288,179.88928031507,
    136.38989221983));
#1986 = CARTESIAN_POINT('',(208.60592007593,179.84946817509,
    136.38989221983));
#1987 = CARTESIAN_POINT('',(208.53088789062,179.75269613548,
    136.38989221983));
#1988 = CARTESIAN_POINT('',(208.4896588484,179.69495378546,
    136.38989221983));
#1989 = CARTESIAN_POINT('',(208.4507797312,179.63569572453,
    136.38989221983));
#1990 = CARTESIAN_POINT('',(208.41432469486,179.5750640683,
    136.38989221983));
#1991 = CARTESIAN_POINT('',(208.33434161335,179.42942659089,
    136.38989221983));
#1992 = CARTESIAN_POINT('',(208.29288623803,179.34339791149,
    136.38989221983));
#1993 = CARTESIAN_POINT('',(208.25613817273,179.25549542407,
    136.38989221983));
#1994 = CARTESIAN_POINT('',(208.22419453056,179.16610693256,
    136.38989221983));
#1995 = CARTESIAN_POINT('',(208.15904756113,178.94857985844,
    136.38989221983));
#1996 = CARTESIAN_POINT('',(208.13055609017,178.81938107297,
    136.38989221983));
#1997 = CARTESIAN_POINT('',(208.1117458152,178.68915946152,
    136.38989221983));
#1998 = CARTESIAN_POINT('',(208.1025113346,178.55903646252,
    136.38989221983));
#1999 = CARTESIAN_POINT('',(208.10251142247,178.43011325446,
    136.38989221983));
#2000 = PCURVE('',#209,#2001);
#2001 = DEFINITIONAL_REPRESENTATION('',(#2002),#2137);
#2002 = B_SPLINE_CURVE_WITH_KNOTS('',5,(#2003,#2004,#2005,#2006,#2007,
    #2008,#2009,#2010,#2011,#2012,#2013,#2014,#2015,#2016,#2017,#2018,
    #2019,#2020,#2021,#2022,#2023,#2024,#2025,#2026,#2027,#2028,#2029,
    #2030,#2031,#2032,#2033,#2034,#2035,#2036,#2037,#2038,#2039,#2040,
    #2041,#2042,#2043,#2044,#2045,#2046,#2047,#2048,#2049,#2050,#2051,
    #2052,#2053,#2054,#2055,#2056,#2057,#2058,#2059,#2060,#2061,#2062,
    #2063,#2064,#2065,#2066,#2067,#2068,#2069,#2070,#2071,#2072,#2073,
    #2074,#2075,#2076,#2077,#2078,#2079,#2080,#2081,#2082,#2083,#2084,
    #2085,#2086,#2087,#2088,#2089,#2090,#2091,#2092,#2093,#2094,#2095,
    #2096,#2097,#2098,#2099,#2100,#2101,#2102,#2103,#2104,#2105,#2106,
    #2107,#2108,#2109,#2110,#2111,#2112,#2113,#2114,#2115,#2116,#2117,
    #2118,#2119,#2120,#2121,#2122,#2123,#2124,#2125,#2126,#2127,#2128,
    #2129,#2130,#2131,#2132,#2133,#2134,#2135,#2136),.UNSPECIFIED.,.F.,
  .F.,(6,4,4,4,4,4,4,4,4,4,4,4,4,4,4,4,4,4,4,4,4,4,4,4,4,4,4,4,4,4,4,4,4
    ,6),(0.,4.724014899107E-02,8.087847521681E-02,0.105713437833,
    0.123724698803,0.166892062084,0.216433907228,0.236405021336,
    0.264945669673,0.304314008451,0.332775497257,0.339635143926,
    0.360779774042,0.399436664175,0.427469836354,0.447090903486,
    0.496851017027,0.546611130567,0.5662321977,0.594265369879,
    0.632922260011,0.647144271197,0.654129846998,0.6611154228,
    0.690099406537,0.730190467783,0.759255064259,0.779592807321,
    0.830044139777,0.874003967874,0.892345878889,0.917636760806,
    0.951892618147,1.),.UNSPECIFIED.);
#2003 = CARTESIAN_POINT('',(16.897488577523,24.569886745531));
#2004 = CARTESIAN_POINT('',(16.897488665393,24.698809953583));
#2005 = CARTESIAN_POINT('',(16.8882541848,24.828932952587));
#2006 = CARTESIAN_POINT('',(16.869443909826,24.959154564035));
#2007 = CARTESIAN_POINT('',(16.840952438869,25.08835334951));
#2008 = CARTESIAN_POINT('',(16.775805469435,25.305880423627));
#2009 = CARTESIAN_POINT('',(16.74386182727,25.395268915141));
#2010 = CARTESIAN_POINT('',(16.707113761969,25.483171402553));
#2011 = CARTESIAN_POINT('',(16.665658386641,25.569200081957));
#2012 = CARTESIAN_POINT('',(16.585675305132,25.714837559371));
#2013 = CARTESIAN_POINT('',(16.549220268794,25.7754692156));
#2014 = CARTESIAN_POINT('',(16.510341151594,25.834727276526));
#2015 = CARTESIAN_POINT('',(16.469112109375,25.892469626546));
#2016 = CARTESIAN_POINT('',(16.394079924067,25.98924166616));
#2017 = CARTESIAN_POINT('',(16.361348871197,26.02905380614));
#2018 = CARTESIAN_POINT('',(16.327461565692,26.067946762831));
#2019 = CARTESIAN_POINT('',(16.292454925962,26.105871877494));
#2020 = CARTESIAN_POINT('',(16.169883624971,26.231247446027));
#2021 = CARTESIAN_POINT('',(16.077197135766,26.313890193674));
#2022 = CARTESIAN_POINT('',(15.978871172504,26.390072314238));
#2023 = CARTESIAN_POINT('',(15.87555496216,26.459262423814));
#2024 = CARTESIAN_POINT('',(15.644532027723,26.591933241324));
#2025 = CARTESIAN_POINT('',(15.515466523204,26.653067438899));
#2026 = CARTESIAN_POINT('',(15.381908826885,26.703799022307));
#2027 = CARTESIAN_POINT('',(15.245057580241,26.743715727356));
#2028 = CARTESIAN_POINT('',(15.050210292579,26.78429070045));
#2029 = CARTESIAN_POINT('',(14.993901551998,26.794161034417));
#2030 = CARTESIAN_POINT('',(14.937346764448,26.802232686418));
#2031 = CARTESIAN_POINT('',(14.880629061762,26.808500459768));
#2032 = CARTESIAN_POINT('',(14.742663660769,26.819346842047));
#2033 = CARTESIAN_POINT('',(14.661332669351,26.822046651752));
#2034 = CARTESIAN_POINT('',(14.580083716606,26.821068871218));
#2035 = CARTESIAN_POINT('',(14.499158291098,26.816444980845));
#2036 = CARTESIAN_POINT('',(14.307943394597,26.796908378975));
#2037 = CARTESIAN_POINT('',(14.19815775578,26.778757560961));
#2038 = CARTESIAN_POINT('',(14.090066824884,26.753937799048));
#2039 = CARTESIAN_POINT('',(13.984260887398,26.722704184009));
#2040 = CARTESIAN_POINT('',(13.806849122071,26.658449381961));
#2041 = CARTESIAN_POINT('',(13.733887522389,26.628320339047));
#2042 = CARTESIAN_POINT('',(13.662613898174,26.595157483852));
#2043 = CARTESIAN_POINT('',(13.593216967585,26.559119613933));
#2044 = CARTESIAN_POINT('',(13.509660007425,26.511070796398));
#2045 = CARTESIAN_POINT('',(13.493463571091,26.501533327788));
#2046 = CARTESIAN_POINT('',(13.4772686204,26.4917675306));
#2047 = CARTESIAN_POINT('',(13.461077832559,26.481769575968));
#2048 = CARTESIAN_POINT('',(13.395051335991,26.440015185151));
#2049 = CARTESIAN_POINT('',(13.346035504828,26.40673108441));
#2050 = CARTESIAN_POINT('',(13.297961292948,26.371719672451));
#2051 = CARTESIAN_POINT('',(13.250927675153,26.33501968729));
#2052 = CARTESIAN_POINT('',(13.121117877532,26.226584446645));
#2053 = CARTESIAN_POINT('',(13.040999148655,26.15100393108));
#2054 = CARTESIAN_POINT('',(12.965255102685,26.070233908829));
#2055 = CARTESIAN_POINT('',(12.894401945773,25.984653867821));
#2056 = CARTESIAN_POINT('',(12.781382251077,25.829512516055));
#2057 = CARTESIAN_POINT('',(12.736682282972,25.762010969859));
#2058 = CARTESIAN_POINT('',(12.694961163848,25.692397073575));
#2059 = CARTESIAN_POINT('',(12.656367520404,25.620862857837));
#2060 = CARTESIAN_POINT('',(12.59629258484,25.496350500162));
#2061 = CARTESIAN_POINT('',(12.573151349329,25.444245204162));
#2062 = CARTESIAN_POINT('',(12.551647248686,25.391372470346));
#2063 = CARTESIAN_POINT('',(12.531817675637,25.337806526217));
#2064 = CARTESIAN_POINT('',(12.46773191318,25.146215825065));
#2065 = CARTESIAN_POINT('',(12.432741139155,25.004837556521));
#2066 = CARTESIAN_POINT('',(12.409239945537,24.860763049313));
#2067 = CARTESIAN_POINT('',(12.397488431741,24.71532155624));
#2068 = CARTESIAN_POINT('',(12.397488431741,24.424451934824));
#2069 = CARTESIAN_POINT('',(12.409239945537,24.27901044175));
#2070 = CARTESIAN_POINT('',(12.432741139155,24.134935934542));
#2071 = CARTESIAN_POINT('',(12.46773191318,23.993557665998));
#2072 = CARTESIAN_POINT('',(12.531817675636,23.801966964847));
#2073 = CARTESIAN_POINT('',(12.551647248686,23.748401020717));
#2074 = CARTESIAN_POINT('',(12.573151349329,23.695528286901));
#2075 = CARTESIAN_POINT('',(12.59629258484,23.643422990902));
#2076 = CARTESIAN_POINT('',(12.656367520404,23.518910633226));
#2077 = CARTESIAN_POINT('',(12.694961163848,23.447376417488));
#2078 = CARTESIAN_POINT('',(12.736682282972,23.377762521204));
#2079 = CARTESIAN_POINT('',(12.781382251076,23.310260975008));
#2080 = CARTESIAN_POINT('',(12.894401945773,23.155119623242));
#2081 = CARTESIAN_POINT('',(12.965255102685,23.069539582234));
#2082 = CARTESIAN_POINT('',(13.040999148655,22.988769559983));
#2083 = CARTESIAN_POINT('',(13.121117877532,22.913189044418));
#2084 = CARTESIAN_POINT('',(13.235900883656,22.817306287681));
#2085 = CARTESIAN_POINT('',(13.267285963565,22.792260369278));
#2086 = CARTESIAN_POINT('',(13.299155857879,22.76797125425));
#2087 = CARTESIAN_POINT('',(13.331480874539,22.744451637564));
#2088 = CARTESIAN_POINT('',(13.380316349256,22.710543299007));
#2089 = CARTESIAN_POINT('',(13.396432259847,22.699612789512));
#2090 = CARTESIAN_POINT('',(13.412572608999,22.688918782929));
#2091 = CARTESIAN_POINT('',(13.428732082382,22.678459031956));
#2092 = CARTESIAN_POINT('',(13.461077832559,22.658003915095));
#2093 = CARTESIAN_POINT('',(13.4772686204,22.648005960463));
#2094 = CARTESIAN_POINT('',(13.493463571091,22.638240163275));
#2095 = CARTESIAN_POINT('',(13.509660007425,22.628702694665));
#2096 = CARTESIAN_POINT('',(13.593216967584,22.58065387713));
#2097 = CARTESIAN_POINT('',(13.662613898174,22.544616007211));
#2098 = CARTESIAN_POINT('',(13.733887522389,22.511453152016));
#2099 = CARTESIAN_POINT('',(13.806849122071,22.481324109102));
#2100 = CARTESIAN_POINT('',(13.984260887397,22.417069307054));
#2101 = CARTESIAN_POINT('',(14.090066824883,22.385835692015));
#2102 = CARTESIAN_POINT('',(14.19815775578,22.361015930102));
#2103 = CARTESIAN_POINT('',(14.307943394596,22.342865112088));
#2104 = CARTESIAN_POINT('',(14.499158291098,22.323328510217));
#2105 = CARTESIAN_POINT('',(14.580083716605,22.318704619844));
#2106 = CARTESIAN_POINT('',(14.66133266935,22.317726839311));
#2107 = CARTESIAN_POINT('',(14.742663660768,22.320426649016));
#2108 = CARTESIAN_POINT('',(14.880629061761,22.331273031294));
#2109 = CARTESIAN_POINT('',(14.937346764447,22.337540804644));
#2110 = CARTESIAN_POINT('',(14.993901551998,22.345612456645));
#2111 = CARTESIAN_POINT('',(15.050210292579,22.355482790612));
#2112 = CARTESIAN_POINT('',(15.245057580241,22.396057763706));
#2113 = CARTESIAN_POINT('',(15.381908826884,22.435974468755));
#2114 = CARTESIAN_POINT('',(15.515466523203,22.486706052163));
#2115 = CARTESIAN_POINT('',(15.644532027723,22.547840249738));
#2116 = CARTESIAN_POINT('',(15.87555496216,22.680511067248));
#2117 = CARTESIAN_POINT('',(15.978871172504,22.749701176824));
#2118 = CARTESIAN_POINT('',(16.077197135765,22.825883297388));
#2119 = CARTESIAN_POINT('',(16.169883624971,22.908526045036));
#2120 = CARTESIAN_POINT('',(16.292454925961,23.033901613568));
#2121 = CARTESIAN_POINT('',(16.327461565692,23.071826728231));
#2122 = CARTESIAN_POINT('',(16.361348871196,23.110719684923));
#2123 = CARTESIAN_POINT('',(16.394079924067,23.150531824903));
#2124 = CARTESIAN_POINT('',(16.469112109374,23.247303864516));
#2125 = CARTESIAN_POINT('',(16.510341151593,23.305046214537));
#2126 = CARTESIAN_POINT('',(16.549220268793,23.364304275463));
#2127 = CARTESIAN_POINT('',(16.585675305132,23.424935931692));
#2128 = CARTESIAN_POINT('',(16.665658386641,23.570573409105));
#2129 = CARTESIAN_POINT('',(16.707113761969,23.656602088509));
#2130 = CARTESIAN_POINT('',(16.74386182727,23.744504575921));
#2131 = CARTESIAN_POINT('',(16.775805469435,23.833893067435));
#2132 = CARTESIAN_POINT('',(16.840952438869,24.051420141553));
#2133 = CARTESIAN_POINT('',(16.869443909826,24.180618927028));
#2134 = CARTESIAN_POINT('',(16.8882541848,24.310840538475));
#2135 = CARTESIAN_POINT('',(16.897488665393,24.44096353748));
#2136 = CARTESIAN_POINT('',(16.897488577523,24.569886745531));
#2137 = ( GEOMETRIC_REPRESENTATION_CONTEXT(2) 
PARAMETRIC_REPRESENTATION_CONTEXT() REPRESENTATION_CONTEXT('2D SPACE',''
  ) );
#2138 = PCURVE('',#464,#2139);
#2139 = DEFINITIONAL_REPRESENTATION('',(#2140),#2275);
#2140 = B_SPLINE_CURVE_WITH_KNOTS('',5,(#2141,#2142,#2143,#2144,#2145,
    #2146,#2147,#2148,#2149,#2150,#2151,#2152,#2153,#2154,#2155,#2156,
    #2157,#2158,#2159,#2160,#2161,#2162,#2163,#2164,#2165,#2166,#2167,
    #2168,#2169,#2170,#2171,#2172,#2173,#2174,#2175,#2176,#2177,#2178,
    #2179,#2180,#2181,#2182,#2183,#2184,#2185,#2186,#2187,#2188,#2189,
    #2190,#2191,#2192,#2193,#2194,#2195,#2196,#2197,#2198,#2199,#2200,
    #2201,#2202,#2203,#2204,#2205,#2206,#2207,#2208,#2209,#2210,#2211,
    #2212,#2213,#2214,#2215,#2216,#2217,#2218,#2219,#2220,#2221,#2222,
    #2223,#2224,#2225,#2226,#2227,#2228,#2229,#2230,#2231,#2232,#2233,
    #2234,#2235,#2236,#2237,#2238,#2239,#2240,#2241,#2242,#2243,#2244,
    #2245,#2246,#2247,#2248,#2249,#2250,#2251,#2252,#2253,#2254,#2255,
    #2256,#2257,#2258,#2259,#2260,#2261,#2262,#2263,#2264,#2265,#2266,
    #2267,#2268,#2269,#2270,#2271,#2272,#2273,#2274),.UNSPECIFIED.,.F.,
  .F.,(6,4,4,4,4,4,4,4,4,4,4,4,4,4,4,4,4,4,4,4,4,4,4,4,4,4,4,4,4,4,4,4,4
    ,6),(0.,4.724014899107E-02,8.087847521681E-02,0.105713437833,
    0.123724698803,0.166892062084,0.216433907228,0.236405021336,
    0.264945669673,0.304314008451,0.332775497257,0.339635143926,
    0.360779774042,0.399436664175,0.427469836354,0.447090903486,
    0.496851017027,0.546611130567,0.5662321977,0.594265369879,
    0.632922260011,0.647144271197,0.654129846998,0.6611154228,
    0.690099406537,0.730190467783,0.759255064259,0.779592807321,
    0.830044139777,0.874003967874,0.892345878889,0.917636760806,
    0.951892618147,1.),.UNSPECIFIED.);
#2141 = CARTESIAN_POINT('',(6.28318530718,2.1));
#2142 = CARTESIAN_POINT('',(6.213899075698,2.1));
#2143 = CARTESIAN_POINT('',(6.146833582256,2.1));
#2144 = CARTESIAN_POINT('',(6.081737567037,2.1));
#2145 = CARTESIAN_POINT('',(6.018353489809,2.1));
#2146 = CARTESIAN_POINT('',(5.91238689612,2.1));
#2147 = CARTESIAN_POINT('',(5.869068346513,2.1));
#2148 = CARTESIAN_POINT('',(5.826421260832,2.1));
#2149 = CARTESIAN_POINT('',(5.784367064667,2.1));
#2150 = CARTESIAN_POINT('',(5.712165831744,2.1));
#2151 = CARTESIAN_POINT('',(5.681782866926,2.1));
#2152 = CARTESIAN_POINT('',(5.651652533113,2.1));
#2153 = CARTESIAN_POINT('',(5.621745874644,2.1));
#2154 = CARTESIAN_POINT('',(5.570487409709,2.1));
#2155 = CARTESIAN_POINT('',(5.549042816056,2.1));
#2156 = CARTESIAN_POINT('',(5.527690464067,2.1));
#2157 = CARTESIAN_POINT('',(5.506419875687,2.1));
#2158 = CARTESIAN_POINT('',(5.434413150028,2.1));
#2159 = CARTESIAN_POINT('',(5.384015705905,2.1));
#2160 = CARTESIAN_POINT('',(5.333887950911,2.1));
#2161 = CARTESIAN_POINT('',(5.283892157583,2.1));
#2162 = CARTESIAN_POINT('',(5.176511291295,2.1));
#2163 = CARTESIAN_POINT('',(5.119123882539,2.1));
#2164 = CARTESIAN_POINT('',(5.061527688075,2.1));
#2165 = CARTESIAN_POINT('',(5.003513597541,2.1));
#2166 = CARTESIAN_POINT('',(4.921225384794,2.1));
#2167 = CARTESIAN_POINT('',(4.897480981084,2.1));
#2168 = CARTESIAN_POINT('',(4.873619424392,2.1));
#2169 = CARTESIAN_POINT('',(4.849626167243,2.1));
#2170 = CARTESIAN_POINT('',(4.79098814,2.1));
#2171 = CARTESIAN_POINT('',(4.756190518823,2.1));
#2172 = CARTESIAN_POINT('',(4.721050027747,2.1));
#2173 = CARTESIAN_POINT('',(4.685521320127,2.1));
#2174 = CARTESIAN_POINT('',(4.59994891555,2.1));
#2175 = CARTESIAN_POINT('',(4.549512023178,2.1));
#2176 = CARTESIAN_POINT('',(4.498122246507,2.1));
#2177 = CARTESIAN_POINT('',(4.445647242691,2.1));
#2178 = CARTESIAN_POINT('',(4.353123397004,2.1));
#2179 = CARTESIAN_POINT('',(4.313659715299,2.1));
#2180 = CARTESIAN_POINT('',(4.273502255441,2.1));
#2181 = CARTESIAN_POINT('',(4.232596091323,2.1));
#2182 = CARTESIAN_POINT('',(4.180831503397,2.1));
#2183 = CARTESIAN_POINT('',(4.170778406906,2.1));
#2184 = CARTESIAN_POINT('',(4.160725310414,2.1));
#2185 = CARTESIAN_POINT('',(4.150672213923,2.1));
#2186 = CARTESIAN_POINT('',(4.109630785655,2.1));
#2187 = CARTESIAN_POINT('',(4.079080819449,2.1));
#2188 = CARTESIAN_POINT('',(4.048945080814,2.1));
#2189 = CARTESIAN_POINT('',(4.019200018912,2.1));
#2190 = CARTESIAN_POINT('',(3.936114615544,2.1));
#2191 = CARTESIAN_POINT('',(3.883635671949,2.1));
#2192 = CARTESIAN_POINT('',(3.832245647255,2.1));
#2193 = CARTESIAN_POINT('',(3.781812446638,2.1));
#2194 = CARTESIAN_POINT('',(3.696242913421,2.1));
#2195 = CARTESIAN_POINT('',(3.660711680973,2.1));
#2196 = CARTESIAN_POINT('',(3.625571146313,2.1));
#2197 = CARTESIAN_POINT('',(3.590776006382,2.1));
#2198 = CARTESIAN_POINT('',(3.53214034772,2.1));
#2199 = CARTESIAN_POINT('',(3.508145741765,2.1));
#2200 = CARTESIAN_POINT('',(3.484284177352,2.1));
#2201 = CARTESIAN_POINT('',(3.460541114725,2.1));
#2202 = CARTESIAN_POINT('',(3.376953178793,2.1));
#2203 = CARTESIAN_POINT('',(3.317672103382,2.1));
#2204 = CARTESIAN_POINT('',(3.258835191616,2.1));
#2205 = CARTESIAN_POINT('',(3.200212546083,2.1));
#2206 = CARTESIAN_POINT('',(3.082972761097,2.1));
#2207 = CARTESIAN_POINT('',(3.024350115563,2.1));
#2208 = CARTESIAN_POINT('',(2.965513203798,2.1));
#2209 = CARTESIAN_POINT('',(2.906232128387,2.1));
#2210 = CARTESIAN_POINT('',(2.822644192455,2.1));
#2211 = CARTESIAN_POINT('',(2.798901129828,2.1));
#2212 = CARTESIAN_POINT('',(2.775039565414,2.1));
#2213 = CARTESIAN_POINT('',(2.75104495946,2.1));
#2214 = CARTESIAN_POINT('',(2.692409300798,2.1));
#2215 = CARTESIAN_POINT('',(2.657614160866,2.1));
#2216 = CARTESIAN_POINT('',(2.622473626207,2.1));
#2217 = CARTESIAN_POINT('',(2.586942393759,2.1));
#2218 = CARTESIAN_POINT('',(2.501372860542,2.1));
#2219 = CARTESIAN_POINT('',(2.450939659925,2.1));
#2220 = CARTESIAN_POINT('',(2.399549635231,2.1));
#2221 = CARTESIAN_POINT('',(2.347070691636,2.1));
#2222 = CARTESIAN_POINT('',(2.27360324754,2.1));
#2223 = CARTESIAN_POINT('',(2.253677499648,2.1));
#2224 = CARTESIAN_POINT('',(2.23357841375,2.1));
#2225 = CARTESIAN_POINT('',(2.213298882761,2.1));
#2226 = CARTESIAN_POINT('',(2.182778575713,2.1));
#2227 = CARTESIAN_POINT('',(2.172725479224,2.1));
#2228 = CARTESIAN_POINT('',(2.162672382732,2.1));
#2229 = CARTESIAN_POINT('',(2.152619286239,2.1));
#2230 = CARTESIAN_POINT('',(2.132513093257,2.1));
#2231 = CARTESIAN_POINT('',(2.122459996765,2.1));
#2232 = CARTESIAN_POINT('',(2.112406900274,2.1));
#2233 = CARTESIAN_POINT('',(2.102353803782,2.1));
#2234 = CARTESIAN_POINT('',(2.050589215857,2.1));
#2235 = CARTESIAN_POINT('',(2.009683051738,2.1));
#2236 = CARTESIAN_POINT('',(1.969525591881,2.1));
#2237 = CARTESIAN_POINT('',(1.930061910176,2.1));
#2238 = CARTESIAN_POINT('',(1.837538064489,2.1));
#2239 = CARTESIAN_POINT('',(1.785063060672,2.1));
#2240 = CARTESIAN_POINT('',(1.733673284002,2.1));
#2241 = CARTESIAN_POINT('',(1.68323639163,2.1));
#2242 = CARTESIAN_POINT('',(1.597663987053,2.1));
#2243 = CARTESIAN_POINT('',(1.562135279433,2.1));
#2244 = CARTESIAN_POINT('',(1.526994788357,2.1));
#2245 = CARTESIAN_POINT('',(1.49219716718,2.1));
#2246 = CARTESIAN_POINT('',(1.433559139937,2.1));
#2247 = CARTESIAN_POINT('',(1.409565882788,2.1));
#2248 = CARTESIAN_POINT('',(1.385704326096,2.1));
#2249 = CARTESIAN_POINT('',(1.361959922386,2.1));
#2250 = CARTESIAN_POINT('',(1.279671709638,2.1));
#2251 = CARTESIAN_POINT('',(1.221657619104,2.1));
#2252 = CARTESIAN_POINT('',(1.16406142464,2.1));
#2253 = CARTESIAN_POINT('',(1.106674015884,2.1));
#2254 = CARTESIAN_POINT('',(0.999293149597,2.1));
#2255 = CARTESIAN_POINT('',(0.949297356269,2.1));
#2256 = CARTESIAN_POINT('',(0.899169601275,2.1));
#2257 = CARTESIAN_POINT('',(0.848772157151,2.1));
#2258 = CARTESIAN_POINT('',(0.776765431493,2.1));
#2259 = CARTESIAN_POINT('',(0.755494843113,2.1));
#2260 = CARTESIAN_POINT('',(0.734142491124,2.1));
#2261 = CARTESIAN_POINT('',(0.71269789747,2.1));
#2262 = CARTESIAN_POINT('',(0.661439432536,2.1));
#2263 = CARTESIAN_POINT('',(0.631532774067,2.1));
#2264 = CARTESIAN_POINT('',(0.601402440254,2.1));
#2265 = CARTESIAN_POINT('',(0.571019475435,2.1));
#2266 = CARTESIAN_POINT('',(0.498818242512,2.1));
#2267 = CARTESIAN_POINT('',(0.456764046348,2.1));
#2268 = CARTESIAN_POINT('',(0.414116960666,2.1));
#2269 = CARTESIAN_POINT('',(0.37079841106,2.1));
#2270 = CARTESIAN_POINT('',(0.26483181737,2.1));
#2271 = CARTESIAN_POINT('',(0.201447740143,2.1));
#2272 = CARTESIAN_POINT('',(0.136351724923,2.1));
#2273 = CARTESIAN_POINT('',(6.928623148229E-02,2.1));
#2274 = CARTESIAN_POINT('',(-3.552713678801E-15,2.1));
#2275 = ( GEOMETRIC_REPRESENTATION_CONTEXT(2) 
PARAMETRIC_REPRESENTATION_CONTEXT() REPRESENTATION_CONTEXT('2D SPACE',''
  ) );
#2276 = ADVANCED_FACE('',(#2277),#184,.F.);
#2277 = FACE_BOUND('',#2278,.F.);
#2278 = EDGE_LOOP('',(#2279,#2280,#2281,#2316,#2341,#2374,#2375,#2410,
    #2435,#2468,#2469,#2487));
#2279 = ORIENTED_EDGE('',*,*,#170,.F.);
#2280 = ORIENTED_EDGE('',*,*,#1620,.F.);
#2281 = ORIENTED_EDGE('',*,*,#2282,.T.);
#2282 = EDGE_CURVE('',#1592,#2283,#2285,.T.);
#2283 = VERTEX_POINT('',#2284);
#2284 = CARTESIAN_POINT('',(203.35251142247,170.82842552579,
    134.38989221983));
#2285 = SURFACE_CURVE('',#2286,(#2294,#2305),.PCURVE_S1.);
#2286 = B_SPLINE_CURVE_WITH_KNOTS('',6,(#2287,#2288,#2289,#2290,#2291,
    #2292,#2293),.UNSPECIFIED.,.F.,.F.,(7,7),(0.,1.),
  .PIECEWISE_BEZIER_KNOTS.);
#2287 = CARTESIAN_POINT('',(203.35251142247,170.82842552579,
    136.38989281983));
#2288 = CARTESIAN_POINT('',(203.35251142247,170.82842552579,
    136.15964706333));
#2289 = CARTESIAN_POINT('',(203.35251142247,170.82842552579,
    135.78357442553));
#2290 = CARTESIAN_POINT('',(203.35251142247,170.82842552579,
    135.39056775524));
#2291 = CARTESIAN_POINT('',(203.35251142247,170.82842552579,
    135.04045562473));
#2292 = CARTESIAN_POINT('',(203.35251142247,170.82842552579,
    134.72850457389));
#2293 = CARTESIAN_POINT('',(203.35251142247,170.82842552579,
    134.38989221983));
#2294 = PCURVE('',#184,#2295);
#2295 = DEFINITIONAL_REPRESENTATION('',(#2296),#2304);
#2296 = B_SPLINE_CURVE_WITH_KNOTS('',6,(#2297,#2298,#2299,#2300,#2301,
    #2302,#2303),.UNSPECIFIED.,.F.,.F.,(7,7),(0.,1.),
  .PIECEWISE_BEZIER_KNOTS.);
#2297 = CARTESIAN_POINT('',(2.0000006,-2.398312271325));
#2298 = CARTESIAN_POINT('',(1.7697548435,-2.398312271325));
#2299 = CARTESIAN_POINT('',(1.393682205696,-2.398312271325));
#2300 = CARTESIAN_POINT('',(1.000675535413,-2.398312271325));
#2301 = CARTESIAN_POINT('',(0.650563404901,-2.398312271325));
#2302 = CARTESIAN_POINT('',(0.338612354062,-2.398312271325));
#2303 = CARTESIAN_POINT('',(0.,-2.398312271325));
#2304 = ( GEOMETRIC_REPRESENTATION_CONTEXT(2) 
PARAMETRIC_REPRESENTATION_CONTEXT() REPRESENTATION_CONTEXT('2D SPACE',''
  ) );
#2305 = PCURVE('',#1608,#2306);
#2306 = DEFINITIONAL_REPRESENTATION('',(#2307),#2315);
#2307 = B_SPLINE_CURVE_WITH_KNOTS('',6,(#2308,#2309,#2310,#2311,#2312,
    #2313,#2314),.UNSPECIFIED.,.F.,.F.,(7,7),(0.,1.),
  .PIECEWISE_BEZIER_KNOTS.);
#2308 = CARTESIAN_POINT('',(1.731722482932,2.1000006));
#2309 = CARTESIAN_POINT('',(1.731722482932,1.8697548435));
#2310 = CARTESIAN_POINT('',(1.731722482932,1.493682205696));
#2311 = CARTESIAN_POINT('',(1.731722482932,1.100675535413));
#2312 = CARTESIAN_POINT('',(1.731722482932,0.750563404901));
#2313 = CARTESIAN_POINT('',(1.731722482932,0.438612354062));
#2314 = CARTESIAN_POINT('',(1.731722482932,9.999999999999E-02));
#2315 = ( GEOMETRIC_REPRESENTATION_CONTEXT(2) 
PARAMETRIC_REPRESENTATION_CONTEXT() REPRESENTATION_CONTEXT('2D SPACE',''
  ) );
#2316 = ORIENTED_EDGE('',*,*,#2317,.T.);
#2317 = EDGE_CURVE('',#2283,#2318,#2320,.T.);
#2318 = VERTEX_POINT('',#2319);
#2319 = CARTESIAN_POINT('',(203.35251142247,175.1715744742,
    134.38989221983));
#2320 = SURFACE_CURVE('',#2321,(#2324,#2330),.PCURVE_S1.);
#2321 = B_SPLINE_CURVE_WITH_KNOTS('',1,(#2322,#2323),.UNSPECIFIED.,.F.,
  .F.,(2,2),(0.,45.),.PIECEWISE_BEZIER_KNOTS.);
#2322 = CARTESIAN_POINT('',(203.35251142247,168.43011325446,
    134.38989221983));
#2323 = CARTESIAN_POINT('',(203.35251142247,213.43011325446,
    134.38989221983));
#2324 = PCURVE('',#184,#2325);
#2325 = DEFINITIONAL_REPRESENTATION('',(#2326),#2329);
#2326 = B_SPLINE_CURVE_WITH_KNOTS('',1,(#2327,#2328),.UNSPECIFIED.,.F.,
  .F.,(2,2),(0.,45.),.PIECEWISE_BEZIER_KNOTS.);
#2327 = CARTESIAN_POINT('',(0.,0.));
#2328 = CARTESIAN_POINT('',(0.,-45.));
#2329 = ( GEOMETRIC_REPRESENTATION_CONTEXT(2) 
PARAMETRIC_REPRESENTATION_CONTEXT() REPRESENTATION_CONTEXT('2D SPACE',''
  ) );
#2330 = PCURVE('',#2331,#2336);
#2331 = B_SPLINE_SURFACE_WITH_KNOTS('',1,1,(
    (#2332,#2333)
    ,(#2334,#2335
    )),.UNSPECIFIED.,.F.,.F.,.F.,(2,2),(2,2),(0.,30.),(0.,45.),
  .PIECEWISE_BEZIER_KNOTS.);
#2332 = CARTESIAN_POINT('',(233.35251142247,168.43011325446,
    134.38989221983));
#2333 = CARTESIAN_POINT('',(233.35251142247,213.43011325446,
    134.38989221983));
#2334 = CARTESIAN_POINT('',(203.35251142247,168.43011325446,
    134.38989221983));
#2335 = CARTESIAN_POINT('',(203.35251142247,213.43011325446,
    134.38989221983));
#2336 = DEFINITIONAL_REPRESENTATION('',(#2337),#2340);
#2337 = B_SPLINE_CURVE_WITH_KNOTS('',1,(#2338,#2339),.UNSPECIFIED.,.F.,
  .F.,(2,2),(0.,45.),.PIECEWISE_BEZIER_KNOTS.);
#2338 = CARTESIAN_POINT('',(30.,0.));
#2339 = CARTESIAN_POINT('',(30.,45.));
#2340 = ( GEOMETRIC_REPRESENTATION_CONTEXT(2) 
PARAMETRIC_REPRESENTATION_CONTEXT() REPRESENTATION_CONTEXT('2D SPACE',''
  ) );
#2341 = ORIENTED_EDGE('',*,*,#2342,.F.);
#2342 = EDGE_CURVE('',#1572,#2318,#2343,.T.);
#2343 = SURFACE_CURVE('',#2344,(#2352,#2363),.PCURVE_S1.);
#2344 = B_SPLINE_CURVE_WITH_KNOTS('',6,(#2345,#2346,#2347,#2348,#2349,
    #2350,#2351),.UNSPECIFIED.,.F.,.F.,(7,7),(0.,1.),
  .PIECEWISE_BEZIER_KNOTS.);
#2345 = CARTESIAN_POINT('',(203.35251142247,175.1715744742,
    136.38989281983));
#2346 = CARTESIAN_POINT('',(203.35251142247,175.1715744742,
    136.15964706333));
#2347 = CARTESIAN_POINT('',(203.35251142247,175.1715744742,
    135.78357442553));
#2348 = CARTESIAN_POINT('',(203.35251142247,175.1715744742,
    135.39056775524));
#2349 = CARTESIAN_POINT('',(203.35251142247,175.1715744742,
    135.04045562473));
#2350 = CARTESIAN_POINT('',(203.35251142247,175.1715744742,
    134.72850457389));
#2351 = CARTESIAN_POINT('',(203.35251142247,175.1715744742,
    134.38989221983));
#2352 = PCURVE('',#184,#2353);
#2353 = DEFINITIONAL_REPRESENTATION('',(#2354),#2362);
#2354 = B_SPLINE_CURVE_WITH_KNOTS('',6,(#2355,#2356,#2357,#2358,#2359,
    #2360,#2361),.UNSPECIFIED.,.F.,.F.,(7,7),(0.,1.),
  .PIECEWISE_BEZIER_KNOTS.);
#2355 = CARTESIAN_POINT('',(2.0000006,-6.741461219737));
#2356 = CARTESIAN_POINT('',(1.7697548435,-6.741461219737));
#2357 = CARTESIAN_POINT('',(1.393682205696,-6.741461219737));
#2358 = CARTESIAN_POINT('',(1.000675535413,-6.741461219737));
#2359 = CARTESIAN_POINT('',(0.650563404901,-6.741461219737));
#2360 = CARTESIAN_POINT('',(0.338612354062,-6.741461219737));
#2361 = CARTESIAN_POINT('',(0.,-6.741461219737));
#2362 = ( GEOMETRIC_REPRESENTATION_CONTEXT(2) 
PARAMETRIC_REPRESENTATION_CONTEXT() REPRESENTATION_CONTEXT('2D SPACE',''
  ) );
#2363 = PCURVE('',#1608,#2364);
#2364 = DEFINITIONAL_REPRESENTATION('',(#2365),#2373);
#2365 = B_SPLINE_CURVE_WITH_KNOTS('',6,(#2366,#2367,#2368,#2369,#2370,
    #2371,#2372),.UNSPECIFIED.,.F.,.F.,(7,7),(0.,1.),
  .PIECEWISE_BEZIER_KNOTS.);
#2366 = CARTESIAN_POINT('',(4.551462824247,2.1000006));
#2367 = CARTESIAN_POINT('',(4.551462824247,1.8697548435));
#2368 = CARTESIAN_POINT('',(4.551462824247,1.493682205696));
#2369 = CARTESIAN_POINT('',(4.551462824247,1.100675535413));
#2370 = CARTESIAN_POINT('',(4.551462824247,0.750563404901));
#2371 = CARTESIAN_POINT('',(4.551462824247,0.438612354062));
#2372 = CARTESIAN_POINT('',(4.551462824247,9.999999999999E-02));
#2373 = ( GEOMETRIC_REPRESENTATION_CONTEXT(2) 
PARAMETRIC_REPRESENTATION_CONTEXT() REPRESENTATION_CONTEXT('2D SPACE',''
  ) );
#2374 = ORIENTED_EDGE('',*,*,#1571,.F.);
#2375 = ORIENTED_EDGE('',*,*,#2376,.T.);
#2376 = EDGE_CURVE('',#1543,#2377,#2379,.T.);
#2377 = VERTEX_POINT('',#2378);
#2378 = CARTESIAN_POINT('',(203.35251142247,190.82842552579,
    134.38989221983));
#2379 = SURFACE_CURVE('',#2380,(#2388,#2399),.PCURVE_S1.);
#2380 = B_SPLINE_CURVE_WITH_KNOTS('',6,(#2381,#2382,#2383,#2384,#2385,
    #2386,#2387),.UNSPECIFIED.,.F.,.F.,(7,7),(0.,1.),
  .PIECEWISE_BEZIER_KNOTS.);
#2381 = CARTESIAN_POINT('',(203.35251142247,190.82842552579,
    136.38989281983));
#2382 = CARTESIAN_POINT('',(203.35251142247,190.82842552579,
    136.15964706333));
#2383 = CARTESIAN_POINT('',(203.35251142247,190.82842552579,
    135.78357442553));
#2384 = CARTESIAN_POINT('',(203.35251142247,190.82842552579,
    135.39056775524));
#2385 = CARTESIAN_POINT('',(203.35251142247,190.82842552579,
    135.04045562473));
#2386 = CARTESIAN_POINT('',(203.35251142247,190.82842552579,
    134.72850457389));
#2387 = CARTESIAN_POINT('',(203.35251142247,190.82842552579,
    134.38989221983));
#2388 = PCURVE('',#184,#2389);
#2389 = DEFINITIONAL_REPRESENTATION('',(#2390),#2398);
#2390 = B_SPLINE_CURVE_WITH_KNOTS('',6,(#2391,#2392,#2393,#2394,#2395,
    #2396,#2397),.UNSPECIFIED.,.F.,.F.,(7,7),(0.,1.),
  .PIECEWISE_BEZIER_KNOTS.);
#2391 = CARTESIAN_POINT('',(2.0000006,-22.39831227132));
#2392 = CARTESIAN_POINT('',(1.7697548435,-22.39831227132));
#2393 = CARTESIAN_POINT('',(1.393682205696,-22.39831227132));
#2394 = CARTESIAN_POINT('',(1.000675535413,-22.39831227132));
#2395 = CARTESIAN_POINT('',(0.650563404901,-22.39831227132));
#2396 = CARTESIAN_POINT('',(0.338612354062,-22.39831227132));
#2397 = CARTESIAN_POINT('',(0.,-22.39831227132));
#2398 = ( GEOMETRIC_REPRESENTATION_CONTEXT(2) 
PARAMETRIC_REPRESENTATION_CONTEXT() REPRESENTATION_CONTEXT('2D SPACE',''
  ) );
#2399 = PCURVE('',#1559,#2400);
#2400 = DEFINITIONAL_REPRESENTATION('',(#2401),#2409);
#2401 = B_SPLINE_CURVE_WITH_KNOTS('',6,(#2402,#2403,#2404,#2405,#2406,
    #2407,#2408),.UNSPECIFIED.,.F.,.F.,(7,7),(0.,1.),
  .PIECEWISE_BEZIER_KNOTS.);
#2402 = CARTESIAN_POINT('',(1.731722482932,2.1000006));
#2403 = CARTESIAN_POINT('',(1.731722482932,1.8697548435));
#2404 = CARTESIAN_POINT('',(1.731722482932,1.493682205696));
#2405 = CARTESIAN_POINT('',(1.731722482932,1.100675535413));
#2406 = CARTESIAN_POINT('',(1.731722482932,0.750563404901));
#2407 = CARTESIAN_POINT('',(1.731722482932,0.438612354062));
#2408 = CARTESIAN_POINT('',(1.731722482932,9.999999999999E-02));
#2409 = ( GEOMETRIC_REPRESENTATION_CONTEXT(2) 
PARAMETRIC_REPRESENTATION_CONTEXT() REPRESENTATION_CONTEXT('2D SPACE',''
  ) );
#2410 = ORIENTED_EDGE('',*,*,#2411,.T.);
#2411 = EDGE_CURVE('',#2377,#2412,#2414,.T.);
#2412 = VERTEX_POINT('',#2413);
#2413 = CARTESIAN_POINT('',(203.35251142247,195.1715744742,
    134.38989221983));
#2414 = SURFACE_CURVE('',#2415,(#2418,#2424),.PCURVE_S1.);
#2415 = B_SPLINE_CURVE_WITH_KNOTS('',1,(#2416,#2417),.UNSPECIFIED.,.F.,
  .F.,(2,2),(0.,45.),.PIECEWISE_BEZIER_KNOTS.);
#2416 = CARTESIAN_POINT('',(203.35251142247,168.43011325446,
    134.38989221983));
#2417 = CARTESIAN_POINT('',(203.35251142247,213.43011325446,
    134.38989221983));
#2418 = PCURVE('',#184,#2419);
#2419 = DEFINITIONAL_REPRESENTATION('',(#2420),#2423);
#2420 = B_SPLINE_CURVE_WITH_KNOTS('',1,(#2421,#2422),.UNSPECIFIED.,.F.,
  .F.,(2,2),(0.,45.),.PIECEWISE_BEZIER_KNOTS.);
#2421 = CARTESIAN_POINT('',(0.,0.));
#2422 = CARTESIAN_POINT('',(0.,-45.));
#2423 = ( GEOMETRIC_REPRESENTATION_CONTEXT(2) 
PARAMETRIC_REPRESENTATION_CONTEXT() REPRESENTATION_CONTEXT('2D SPACE',''
  ) );
#2424 = PCURVE('',#2425,#2430);
#2425 = B_SPLINE_SURFACE_WITH_KNOTS('',1,1,(
    (#2426,#2427)
    ,(#2428,#2429
    )),.UNSPECIFIED.,.F.,.F.,.F.,(2,2),(2,2),(0.,30.),(0.,45.),
  .PIECEWISE_BEZIER_KNOTS.);
#2426 = CARTESIAN_POINT('',(233.35251142247,168.43011325446,
    134.38989221983));
#2427 = CARTESIAN_POINT('',(233.35251142247,213.43011325446,
    134.38989221983));
#2428 = CARTESIAN_POINT('',(203.35251142247,168.43011325446,
    134.38989221983));
#2429 = CARTESIAN_POINT('',(203.35251142247,213.43011325446,
    134.38989221983));
#2430 = DEFINITIONAL_REPRESENTATION('',(#2431),#2434);
#2431 = B_SPLINE_CURVE_WITH_KNOTS('',1,(#2432,#2433),.UNSPECIFIED.,.F.,
  .F.,(2,2),(0.,45.),.PIECEWISE_BEZIER_KNOTS.);
#2432 = CARTESIAN_POINT('',(30.,0.));
#2433 = CARTESIAN_POINT('',(30.,45.));
#2434 = ( GEOMETRIC_REPRESENTATION_CONTEXT(2) 
PARAMETRIC_REPRESENTATION_CONTEXT() REPRESENTATION_CONTEXT('2D SPACE',''
  ) );
#2435 = ORIENTED_EDGE('',*,*,#2436,.F.);
#2436 = EDGE_CURVE('',#1523,#2412,#2437,.T.);
#2437 = SURFACE_CURVE('',#2438,(#2446,#2457),.PCURVE_S1.);
#2438 = B_SPLINE_CURVE_WITH_KNOTS('',6,(#2439,#2440,#2441,#2442,#2443,
    #2444,#2445),.UNSPECIFIED.,.F.,.F.,(7,7),(0.,1.),
  .PIECEWISE_BEZIER_KNOTS.);
#2439 = CARTESIAN_POINT('',(203.35251142247,195.1715744742,
    136.38989281983));
#2440 = CARTESIAN_POINT('',(203.35251142247,195.1715744742,
    136.15964706333));
#2441 = CARTESIAN_POINT('',(203.35251142247,195.1715744742,
    135.78357442553));
#2442 = CARTESIAN_POINT('',(203.35251142247,195.1715744742,
    135.39056775524));
#2443 = CARTESIAN_POINT('',(203.35251142247,195.1715744742,
    135.04045562473));
#2444 = CARTESIAN_POINT('',(203.35251142247,195.1715744742,
    134.72850457389));
#2445 = CARTESIAN_POINT('',(203.35251142247,195.1715744742,
    134.38989221983));
#2446 = PCURVE('',#184,#2447);
#2447 = DEFINITIONAL_REPRESENTATION('',(#2448),#2456);
#2448 = B_SPLINE_CURVE_WITH_KNOTS('',6,(#2449,#2450,#2451,#2452,#2453,
    #2454,#2455),.UNSPECIFIED.,.F.,.F.,(7,7),(0.,1.),
  .PIECEWISE_BEZIER_KNOTS.);
#2449 = CARTESIAN_POINT('',(2.0000006,-26.74146121973));
#2450 = CARTESIAN_POINT('',(1.7697548435,-26.74146121973));
#2451 = CARTESIAN_POINT('',(1.393682205696,-26.74146121973));
#2452 = CARTESIAN_POINT('',(1.000675535413,-26.74146121973));
#2453 = CARTESIAN_POINT('',(0.650563404901,-26.74146121973));
#2454 = CARTESIAN_POINT('',(0.338612354062,-26.74146121973));
#2455 = CARTESIAN_POINT('',(0.,-26.74146121973));
#2456 = ( GEOMETRIC_REPRESENTATION_CONTEXT(2) 
PARAMETRIC_REPRESENTATION_CONTEXT() REPRESENTATION_CONTEXT('2D SPACE',''
  ) );
#2457 = PCURVE('',#1559,#2458);
#2458 = DEFINITIONAL_REPRESENTATION('',(#2459),#2467);
#2459 = B_SPLINE_CURVE_WITH_KNOTS('',6,(#2460,#2461,#2462,#2463,#2464,
    #2465,#2466),.UNSPECIFIED.,.F.,.F.,(7,7),(0.,1.),
  .PIECEWISE_BEZIER_KNOTS.);
#2460 = CARTESIAN_POINT('',(4.551462824247,2.1000006));
#2461 = CARTESIAN_POINT('',(4.551462824247,1.8697548435));
#2462 = CARTESIAN_POINT('',(4.551462824247,1.493682205696));
#2463 = CARTESIAN_POINT('',(4.551462824247,1.100675535413));
#2464 = CARTESIAN_POINT('',(4.551462824247,0.750563404901));
#2465 = CARTESIAN_POINT('',(4.551462824247,0.438612354062));
#2466 = CARTESIAN_POINT('',(4.551462824247,9.999999999999E-02));
#2467 = ( GEOMETRIC_REPRESENTATION_CONTEXT(2) 
PARAMETRIC_REPRESENTATION_CONTEXT() REPRESENTATION_CONTEXT('2D SPACE',''
  ) );
#2468 = ORIENTED_EDGE('',*,*,#1522,.F.);
#2469 = ORIENTED_EDGE('',*,*,#2470,.F.);
#2470 = EDGE_CURVE('',#269,#1500,#2471,.T.);
#2471 = SURFACE_CURVE('',#2472,(#2475,#2481),.PCURVE_S1.);
#2472 = B_SPLINE_CURVE_WITH_KNOTS('',1,(#2473,#2474),.UNSPECIFIED.,.F.,
  .F.,(2,2),(0.,1.),.PIECEWISE_BEZIER_KNOTS.);
#2473 = CARTESIAN_POINT('',(203.35251142247,201.,139.38989221983));
#2474 = CARTESIAN_POINT('',(203.35251142247,201.,136.38989221983));
#2475 = PCURVE('',#184,#2476);
#2476 = DEFINITIONAL_REPRESENTATION('',(#2477),#2480);
#2477 = B_SPLINE_CURVE_WITH_KNOTS('',1,(#2478,#2479),.UNSPECIFIED.,.F.,
  .F.,(2,2),(0.,1.),.PIECEWISE_BEZIER_KNOTS.);
#2478 = CARTESIAN_POINT('',(5.,-32.56988674553));
#2479 = CARTESIAN_POINT('',(2.,-32.56988674553));
#2480 = ( GEOMETRIC_REPRESENTATION_CONTEXT(2) 
PARAMETRIC_REPRESENTATION_CONTEXT() REPRESENTATION_CONTEXT('2D SPACE',''
  ) );
#2481 = PCURVE('',#302,#2482);
#2482 = DEFINITIONAL_REPRESENTATION('',(#2483),#2486);
#2483 = B_SPLINE_CURVE_WITH_KNOTS('',1,(#2484,#2485),.UNSPECIFIED.,.F.,
  .F.,(2,2),(0.,1.),.PIECEWISE_BEZIER_KNOTS.);
#2484 = CARTESIAN_POINT('',(5.,21.647488577523));
#2485 = CARTESIAN_POINT('',(2.,21.647488577523));
#2486 = ( GEOMETRIC_REPRESENTATION_CONTEXT(2) 
PARAMETRIC_REPRESENTATION_CONTEXT() REPRESENTATION_CONTEXT('2D SPACE',''
  ) );
#2487 = ORIENTED_EDGE('',*,*,#268,.F.);
#2488 = ADVANCED_FACE('',(#2489),#375,.F.);
#2489 = FACE_BOUND('',#2490,.F.);
#2490 = EDGE_LOOP('',(#2491,#2492,#2512,#2530,#2531));
#2491 = ORIENTED_EDGE('',*,*,#363,.F.);
#2492 = ORIENTED_EDGE('',*,*,#2493,.T.);
#2493 = EDGE_CURVE('',#339,#2494,#2496,.T.);
#2494 = VERTEX_POINT('',#2495);
#2495 = CARTESIAN_POINT('',(203.35251142247,203.,136.38989221983));
#2496 = SURFACE_CURVE('',#2497,(#2500,#2506),.PCURVE_S1.);
#2497 = B_SPLINE_CURVE_WITH_KNOTS('',1,(#2498,#2499),.UNSPECIFIED.,.F.,
  .F.,(2,2),(0.,1.),.PIECEWISE_BEZIER_KNOTS.);
#2498 = CARTESIAN_POINT('',(203.35251142247,203.,139.38989221983));
#2499 = CARTESIAN_POINT('',(203.35251142247,203.,136.38989221983));
#2500 = PCURVE('',#375,#2501);
#2501 = DEFINITIONAL_REPRESENTATION('',(#2502),#2505);
#2502 = B_SPLINE_CURVE_WITH_KNOTS('',1,(#2503,#2504),.UNSPECIFIED.,.F.,
  .F.,(2,2),(0.,1.),.PIECEWISE_BEZIER_KNOTS.);
#2503 = CARTESIAN_POINT('',(5.,-34.56988674553));
#2504 = CARTESIAN_POINT('',(2.,-34.56988674553));
#2505 = ( GEOMETRIC_REPRESENTATION_CONTEXT(2) 
PARAMETRIC_REPRESENTATION_CONTEXT() REPRESENTATION_CONTEXT('2D SPACE',''
  ) );
#2506 = PCURVE('',#352,#2507);
#2507 = DEFINITIONAL_REPRESENTATION('',(#2508),#2511);
#2508 = B_SPLINE_CURVE_WITH_KNOTS('',1,(#2509,#2510),.UNSPECIFIED.,.F.,
  .F.,(2,2),(0.,1.),.PIECEWISE_BEZIER_KNOTS.);
#2509 = CARTESIAN_POINT('',(5.,21.647488577523));
#2510 = CARTESIAN_POINT('',(2.,21.647488577523));
#2511 = ( GEOMETRIC_REPRESENTATION_CONTEXT(2) 
PARAMETRIC_REPRESENTATION_CONTEXT() REPRESENTATION_CONTEXT('2D SPACE',''
  ) );
#2512 = ORIENTED_EDGE('',*,*,#2513,.T.);
#2513 = EDGE_CURVE('',#2494,#1371,#2514,.T.);
#2514 = SURFACE_CURVE('',#2515,(#2518,#2524),.PCURVE_S1.);
#2515 = B_SPLINE_CURVE_WITH_KNOTS('',1,(#2516,#2517),.UNSPECIFIED.,.F.,
  .F.,(2,2),(0.,1.),.PIECEWISE_BEZIER_KNOTS.);
#2516 = CARTESIAN_POINT('',(203.35251142247,203.,136.38989221983));
#2517 = CARTESIAN_POINT('',(203.35251142247,203.,134.38989221983));
#2518 = PCURVE('',#375,#2519);
#2519 = DEFINITIONAL_REPRESENTATION('',(#2520),#2523);
#2520 = B_SPLINE_CURVE_WITH_KNOTS('',1,(#2521,#2522),.UNSPECIFIED.,.F.,
  .F.,(2,2),(0.,1.),.PIECEWISE_BEZIER_KNOTS.);
#2521 = CARTESIAN_POINT('',(2.,-34.56988674553));
#2522 = CARTESIAN_POINT('',(0.,-34.56988674553));
#2523 = ( GEOMETRIC_REPRESENTATION_CONTEXT(2) 
PARAMETRIC_REPRESENTATION_CONTEXT() REPRESENTATION_CONTEXT('2D SPACE',''
  ) );
#2524 = PCURVE('',#1386,#2525);
#2525 = DEFINITIONAL_REPRESENTATION('',(#2526),#2529);
#2526 = B_SPLINE_CURVE_WITH_KNOTS('',1,(#2527,#2528),.UNSPECIFIED.,.F.,
  .F.,(2,2),(0.,1.),.PIECEWISE_BEZIER_KNOTS.);
#2527 = CARTESIAN_POINT('',(2.,21.647488577523));
#2528 = CARTESIAN_POINT('',(0.,21.647488577523));
#2529 = ( GEOMETRIC_REPRESENTATION_CONTEXT(2) 
PARAMETRIC_REPRESENTATION_CONTEXT() REPRESENTATION_CONTEXT('2D SPACE',''
  ) );
#2530 = ORIENTED_EDGE('',*,*,#1398,.T.);
#2531 = ORIENTED_EDGE('',*,*,#763,.T.);
#2532 = ADVANCED_FACE('',(#2533),#352,.T.);
#2533 = FACE_BOUND('',#2534,.T.);
#2534 = EDGE_LOOP('',(#2535,#2558,#2579,#2580));
#2535 = ORIENTED_EDGE('',*,*,#2536,.F.);
#2536 = EDGE_CURVE('',#2537,#2494,#2539,.T.);
#2537 = VERTEX_POINT('',#2538);
#2538 = CARTESIAN_POINT('',(225.,203.,136.38989221983));
#2539 = SURFACE_CURVE('',#2540,(#2544,#2551),.PCURVE_S1.);
#2540 = LINE('',#2541,#2542);
#2541 = CARTESIAN_POINT('',(225.,203.,136.38989221983));
#2542 = VECTOR('',#2543,1.);
#2543 = DIRECTION('',(-1.,1.224646799147E-16,0.));
#2544 = PCURVE('',#352,#2545);
#2545 = DEFINITIONAL_REPRESENTATION('',(#2546),#2550);
#2546 = LINE('',#2547,#2548);
#2547 = CARTESIAN_POINT('',(2.,0.));
#2548 = VECTOR('',#2549,1.);
#2549 = DIRECTION('',(0.,1.));
#2550 = ( GEOMETRIC_REPRESENTATION_CONTEXT(2) 
PARAMETRIC_REPRESENTATION_CONTEXT() REPRESENTATION_CONTEXT('2D SPACE',''
  ) );
#2551 = PCURVE('',#1386,#2552);
#2552 = DEFINITIONAL_REPRESENTATION('',(#2553),#2557);
#2553 = LINE('',#2554,#2555);
#2554 = CARTESIAN_POINT('',(2.,0.));
#2555 = VECTOR('',#2556,1.);
#2556 = DIRECTION('',(0.,1.));
#2557 = ( GEOMETRIC_REPRESENTATION_CONTEXT(2) 
PARAMETRIC_REPRESENTATION_CONTEXT() REPRESENTATION_CONTEXT('2D SPACE',''
  ) );
#2558 = ORIENTED_EDGE('',*,*,#2559,.T.);
#2559 = EDGE_CURVE('',#2537,#314,#2560,.T.);
#2560 = SURFACE_CURVE('',#2561,(#2565,#2572),.PCURVE_S1.);
#2561 = LINE('',#2562,#2563);
#2562 = CARTESIAN_POINT('',(225.,203.,134.38989221983));
#2563 = VECTOR('',#2564,1.);
#2564 = DIRECTION('',(0.,0.,1.));
#2565 = PCURVE('',#352,#2566);
#2566 = DEFINITIONAL_REPRESENTATION('',(#2567),#2571);
#2567 = LINE('',#2568,#2569);
#2568 = CARTESIAN_POINT('',(0.,0.));
#2569 = VECTOR('',#2570,1.);
#2570 = DIRECTION('',(1.,0.));
#2571 = ( GEOMETRIC_REPRESENTATION_CONTEXT(2) 
PARAMETRIC_REPRESENTATION_CONTEXT() REPRESENTATION_CONTEXT('2D SPACE',''
  ) );
#2572 = PCURVE('',#327,#2573);
#2573 = DEFINITIONAL_REPRESENTATION('',(#2574),#2578);
#2574 = LINE('',#2575,#2576);
#2575 = CARTESIAN_POINT('',(0.,0.));
#2576 = VECTOR('',#2577,1.);
#2577 = DIRECTION('',(1.,0.));
#2578 = ( GEOMETRIC_REPRESENTATION_CONTEXT(2) 
PARAMETRIC_REPRESENTATION_CONTEXT() REPRESENTATION_CONTEXT('2D SPACE',''
  ) );
#2579 = ORIENTED_EDGE('',*,*,#338,.F.);
#2580 = ORIENTED_EDGE('',*,*,#2493,.T.);
#2581 = ADVANCED_FACE('',(#2582),#327,.T.);
#2582 = FACE_BOUND('',#2583,.T.);
#2583 = EDGE_LOOP('',(#2584,#2585,#2606,#2627));
#2584 = ORIENTED_EDGE('',*,*,#2559,.F.);
#2585 = ORIENTED_EDGE('',*,*,#2586,.T.);
#2586 = EDGE_CURVE('',#2537,#1475,#2587,.T.);
#2587 = SURFACE_CURVE('',#2588,(#2592,#2599),.PCURVE_S1.);
#2588 = LINE('',#2589,#2590);
#2589 = CARTESIAN_POINT('',(225.,203.,136.38989221983));
#2590 = VECTOR('',#2591,1.);
#2591 = DIRECTION('',(-1.224646799147E-16,-1.,0.));
#2592 = PCURVE('',#327,#2593);
#2593 = DEFINITIONAL_REPRESENTATION('',(#2594),#2598);
#2594 = LINE('',#2595,#2596);
#2595 = CARTESIAN_POINT('',(2.,0.));
#2596 = VECTOR('',#2597,1.);
#2597 = DIRECTION('',(0.,-1.));
#2598 = ( GEOMETRIC_REPRESENTATION_CONTEXT(2) 
PARAMETRIC_REPRESENTATION_CONTEXT() REPRESENTATION_CONTEXT('2D SPACE',''
  ) );
#2599 = PCURVE('',#1358,#2600);
#2600 = DEFINITIONAL_REPRESENTATION('',(#2601),#2605);
#2601 = LINE('',#2602,#2603);
#2602 = CARTESIAN_POINT('',(2.,0.));
#2603 = VECTOR('',#2604,1.);
#2604 = DIRECTION('',(0.,-1.));
#2605 = ( GEOMETRIC_REPRESENTATION_CONTEXT(2) 
PARAMETRIC_REPRESENTATION_CONTEXT() REPRESENTATION_CONTEXT('2D SPACE',''
  ) );
#2606 = ORIENTED_EDGE('',*,*,#2607,.T.);
#2607 = EDGE_CURVE('',#1475,#289,#2608,.T.);
#2608 = SURFACE_CURVE('',#2609,(#2613,#2620),.PCURVE_S1.);
#2609 = LINE('',#2610,#2611);
#2610 = CARTESIAN_POINT('',(225.,201.,134.38989221983));
#2611 = VECTOR('',#2612,1.);
#2612 = DIRECTION('',(0.,0.,1.));
#2613 = PCURVE('',#327,#2614);
#2614 = DEFINITIONAL_REPRESENTATION('',(#2615),#2619);
#2615 = LINE('',#2616,#2617);
#2616 = CARTESIAN_POINT('',(0.,-2.));
#2617 = VECTOR('',#2618,1.);
#2618 = DIRECTION('',(1.,0.));
#2619 = ( GEOMETRIC_REPRESENTATION_CONTEXT(2) 
PARAMETRIC_REPRESENTATION_CONTEXT() REPRESENTATION_CONTEXT('2D SPACE',''
  ) );
#2620 = PCURVE('',#302,#2621);
#2621 = DEFINITIONAL_REPRESENTATION('',(#2622),#2626);
#2622 = LINE('',#2623,#2624);
#2623 = CARTESIAN_POINT('',(0.,0.));
#2624 = VECTOR('',#2625,1.);
#2625 = DIRECTION('',(1.,0.));
#2626 = ( GEOMETRIC_REPRESENTATION_CONTEXT(2) 
PARAMETRIC_REPRESENTATION_CONTEXT() REPRESENTATION_CONTEXT('2D SPACE',''
  ) );
#2627 = ORIENTED_EDGE('',*,*,#313,.T.);
#2628 = ADVANCED_FACE('',(#2629),#302,.F.);
#2629 = FACE_BOUND('',#2630,.F.);
#2630 = EDGE_LOOP('',(#2631,#2632,#2633,#2634));
#2631 = ORIENTED_EDGE('',*,*,#2470,.T.);
#2632 = ORIENTED_EDGE('',*,*,#1499,.T.);
#2633 = ORIENTED_EDGE('',*,*,#2607,.T.);
#2634 = ORIENTED_EDGE('',*,*,#288,.F.);
#2635 = ADVANCED_FACE('',(#2636),#412,.T.);
#2636 = FACE_BOUND('',#2637,.T.);
#2637 = EDGE_LOOP('',(#2638,#2658,#2659,#2660,#2661,#2688,#2689,#2690));
#2638 = ORIENTED_EDGE('',*,*,#2639,.T.);
#2639 = EDGE_CURVE('',#1641,#389,#2640,.T.);
#2640 = SEAM_CURVE('',#2641,(#2644,#2651),.PCURVE_S1.);
#2641 = B_SPLINE_CURVE_WITH_KNOTS('',1,(#2642,#2643),.UNSPECIFIED.,.F.,
  .F.,(2,2),(9.999999999999E-02,5.1),.PIECEWISE_BEZIER_KNOTS.);
#2642 = CARTESIAN_POINT('',(224.10251142247,178.43011325446,
    134.38989221983));
#2643 = CARTESIAN_POINT('',(224.10251142247,178.43011325446,
    139.38989221983));
#2644 = PCURVE('',#412,#2645);
#2645 = DEFINITIONAL_REPRESENTATION('',(#2646),#2650);
#2646 = B_SPLINE_CURVE_WITH_KNOTS('',2,(#2647,#2648,#2649),
  .UNSPECIFIED.,.F.,.F.,(3,3),(9.999999999999E-02,5.1),
  .PIECEWISE_BEZIER_KNOTS.);
#2647 = CARTESIAN_POINT('',(6.28318530718,9.999999999999E-02));
#2648 = CARTESIAN_POINT('',(6.28318530718,2.6));
#2649 = CARTESIAN_POINT('',(6.28318530718,5.1));
#2650 = ( GEOMETRIC_REPRESENTATION_CONTEXT(2) 
PARAMETRIC_REPRESENTATION_CONTEXT() REPRESENTATION_CONTEXT('2D SPACE',''
  ) );
#2651 = PCURVE('',#412,#2652);
#2652 = DEFINITIONAL_REPRESENTATION('',(#2653),#2657);
#2653 = B_SPLINE_CURVE_WITH_KNOTS('',2,(#2654,#2655,#2656),
  .UNSPECIFIED.,.F.,.F.,(3,3),(9.999999999999E-02,5.1),
  .PIECEWISE_BEZIER_KNOTS.);
#2654 = CARTESIAN_POINT('',(0.,9.999999999999E-02));
#2655 = CARTESIAN_POINT('',(8.881784197001E-16,2.6));
#2656 = CARTESIAN_POINT('',(0.,5.1));
#2657 = ( GEOMETRIC_REPRESENTATION_CONTEXT(2) 
PARAMETRIC_REPRESENTATION_CONTEXT() REPRESENTATION_CONTEXT('2D SPACE',''
  ) );
#2658 = ORIENTED_EDGE('',*,*,#388,.F.);
#2659 = ORIENTED_EDGE('',*,*,#2639,.F.);
#2660 = ORIENTED_EDGE('',*,*,#1696,.F.);
#2661 = ORIENTED_EDGE('',*,*,#2662,.F.);
#2662 = EDGE_CURVE('',#811,#1697,#2663,.T.);
#2663 = SURFACE_CURVE('',#2664,(#2670,#2679),.PCURVE_S1.);
#2664 = B_SPLINE_CURVE_WITH_KNOTS('',4,(#2665,#2666,#2667,#2668,#2669),
  .UNSPECIFIED.,.F.,.F.,(5,5),(0.,1.),.PIECEWISE_BEZIER_KNOTS.);
#2665 = CARTESIAN_POINT('',(225.,180.22822694722,134.38989221983));
#2666 = CARTESIAN_POINT('',(225.,180.22822694722,134.88989221983));
#2667 = CARTESIAN_POINT('',(225.,180.22822694722,135.38989221983));
#2668 = CARTESIAN_POINT('',(225.,180.22822694722,135.88989221983));
#2669 = CARTESIAN_POINT('',(225.,180.22822694722,136.38989221983));
#2670 = PCURVE('',#412,#2671);
#2671 = DEFINITIONAL_REPRESENTATION('',(#2672),#2678);
#2672 = B_SPLINE_CURVE_WITH_KNOTS('',4,(#2673,#2674,#2675,#2676,#2677),
  .UNSPECIFIED.,.F.,.F.,(5,5),(0.,1.),.PIECEWISE_BEZIER_KNOTS.);
#2673 = CARTESIAN_POINT('',(0.937057085213,9.999999999999E-02));
#2674 = CARTESIAN_POINT('',(0.937057085213,0.6));
#2675 = CARTESIAN_POINT('',(0.937057085213,1.1));
#2676 = CARTESIAN_POINT('',(0.937057085213,1.6));
#2677 = CARTESIAN_POINT('',(0.937057085213,2.1));
#2678 = ( GEOMETRIC_REPRESENTATION_CONTEXT(2) 
PARAMETRIC_REPRESENTATION_CONTEXT() REPRESENTATION_CONTEXT('2D SPACE',''
  ) );
#2679 = PCURVE('',#861,#2680);
#2680 = DEFINITIONAL_REPRESENTATION('',(#2681),#2687);
#2681 = B_SPLINE_CURVE_WITH_KNOTS('',4,(#2682,#2683,#2684,#2685,#2686),
  .UNSPECIFIED.,.F.,.F.,(5,5),(0.,1.),.PIECEWISE_BEZIER_KNOTS.);
#2682 = CARTESIAN_POINT('',(0.,-22.77177305277));
#2683 = CARTESIAN_POINT('',(0.5,-22.77177305277));
#2684 = CARTESIAN_POINT('',(1.,-22.77177305277));
#2685 = CARTESIAN_POINT('',(1.5,-22.77177305277));
#2686 = CARTESIAN_POINT('',(2.,-22.77177305277));
#2687 = ( GEOMETRIC_REPRESENTATION_CONTEXT(2) 
PARAMETRIC_REPRESENTATION_CONTEXT() REPRESENTATION_CONTEXT('2D SPACE',''
  ) );
#2688 = ORIENTED_EDGE('',*,*,#810,.T.);
#2689 = ORIENTED_EDGE('',*,*,#1419,.T.);
#2690 = ORIENTED_EDGE('',*,*,#1640,.F.);
#2691 = ADVANCED_FACE('',(#2692),#464,.T.);
#2692 = FACE_BOUND('',#2693,.T.);
#2693 = EDGE_LOOP('',(#2694,#2714,#2715,#2716));
#2694 = ORIENTED_EDGE('',*,*,#2695,.T.);
#2695 = EDGE_CURVE('',#1862,#441,#2696,.T.);
#2696 = SEAM_CURVE('',#2697,(#2700,#2707),.PCURVE_S1.);
#2697 = B_SPLINE_CURVE_WITH_KNOTS('',1,(#2698,#2699),.UNSPECIFIED.,.F.,
  .F.,(2,2),(9.999999999999E-02,5.1),.PIECEWISE_BEZIER_KNOTS.);
#2698 = CARTESIAN_POINT('',(208.10251142247,178.43011325446,
    134.38989221983));
#2699 = CARTESIAN_POINT('',(208.10251142247,178.43011325446,
    139.38989221983));
#2700 = PCURVE('',#464,#2701);
#2701 = DEFINITIONAL_REPRESENTATION('',(#2702),#2706);
#2702 = B_SPLINE_CURVE_WITH_KNOTS('',2,(#2703,#2704,#2705),
  .UNSPECIFIED.,.F.,.F.,(3,3),(9.999999999999E-02,5.1),
  .PIECEWISE_BEZIER_KNOTS.);
#2703 = CARTESIAN_POINT('',(6.28318530718,9.999999999999E-02));
#2704 = CARTESIAN_POINT('',(6.28318530718,2.6));
#2705 = CARTESIAN_POINT('',(6.28318530718,5.1));
#2706 = ( GEOMETRIC_REPRESENTATION_CONTEXT(2) 
PARAMETRIC_REPRESENTATION_CONTEXT() REPRESENTATION_CONTEXT('2D SPACE',''
  ) );
#2707 = PCURVE('',#464,#2708);
#2708 = DEFINITIONAL_REPRESENTATION('',(#2709),#2713);
#2709 = B_SPLINE_CURVE_WITH_KNOTS('',2,(#2710,#2711,#2712),
  .UNSPECIFIED.,.F.,.F.,(3,3),(9.999999999999E-02,5.1),
  .PIECEWISE_BEZIER_KNOTS.);
#2710 = CARTESIAN_POINT('',(-8.881784197001E-16,9.999999999999E-02));
#2711 = CARTESIAN_POINT('',(-3.552713678801E-15,2.6));
#2712 = CARTESIAN_POINT('',(-8.881784197001E-16,5.1));
#2713 = ( GEOMETRIC_REPRESENTATION_CONTEXT(2) 
PARAMETRIC_REPRESENTATION_CONTEXT() REPRESENTATION_CONTEXT('2D SPACE',''
  ) );
#2714 = ORIENTED_EDGE('',*,*,#440,.F.);
#2715 = ORIENTED_EDGE('',*,*,#2695,.F.);
#2716 = ORIENTED_EDGE('',*,*,#1861,.F.);
#2717 = ADVANCED_FACE('',(#2718),#628,.F.);
#2718 = FACE_BOUND('',#2719,.F.);
#2719 = EDGE_LOOP('',(#2720,#2741,#2742,#2743,#2744,#2745,#2764,#2765,
    #2784,#2785));
#2720 = ORIENTED_EDGE('',*,*,#2721,.T.);
#2721 = EDGE_CURVE('',#1074,#493,#2722,.T.);
#2722 = SEAM_CURVE('',#2723,(#2727,#2734),.PCURVE_S1.);
#2723 = LINE('',#2724,#2725);
#2724 = CARTESIAN_POINT('',(228.05251142247,190.43011325446,
    74.389892219836));
#2725 = VECTOR('',#2726,1.);
#2726 = DIRECTION('',(0.,0.,1.));
#2727 = PCURVE('',#628,#2728);
#2728 = DEFINITIONAL_REPRESENTATION('',(#2729),#2733);
#2729 = LINE('',#2730,#2731);
#2730 = CARTESIAN_POINT('',(6.28318530718,-0.));
#2731 = VECTOR('',#2732,1.);
#2732 = DIRECTION('',(0.,1.));
#2733 = ( GEOMETRIC_REPRESENTATION_CONTEXT(2) 
PARAMETRIC_REPRESENTATION_CONTEXT() REPRESENTATION_CONTEXT('2D SPACE',''
  ) );
#2734 = PCURVE('',#628,#2735);
#2735 = DEFINITIONAL_REPRESENTATION('',(#2736),#2740);
#2736 = LINE('',#2737,#2738);
#2737 = CARTESIAN_POINT('',(0.,-0.));
#2738 = VECTOR('',#2739,1.);
#2739 = DIRECTION('',(0.,1.));
#2740 = ( GEOMETRIC_REPRESENTATION_CONTEXT(2) 
PARAMETRIC_REPRESENTATION_CONTEXT() REPRESENTATION_CONTEXT('2D SPACE',''
  ) );
#2741 = ORIENTED_EDGE('',*,*,#699,.F.);
#2742 = ORIENTED_EDGE('',*,*,#492,.F.);
#2743 = ORIENTED_EDGE('',*,*,#2721,.F.);
#2744 = ORIENTED_EDGE('',*,*,#1114,.T.);
#2745 = ORIENTED_EDGE('',*,*,#2746,.T.);
#2746 = EDGE_CURVE('',#1115,#1477,#2747,.T.);
#2747 = SURFACE_CURVE('',#2748,(#2752,#2758),.PCURVE_S1.);
#2748 = LINE('',#2749,#2750);
#2749 = CARTESIAN_POINT('',(225.,191.46002240195,74.389892219836));
#2750 = VECTOR('',#2751,1.);
#2751 = DIRECTION('',(0.,0.,1.));
#2752 = PCURVE('',#628,#2753);
#2753 = DEFINITIONAL_REPRESENTATION('',(#2754),#2757);
#2754 = B_SPLINE_CURVE_WITH_KNOTS('',1,(#2755,#2756),.UNSPECIFIED.,.F.,
  .F.,(2,2),(59.9999994,62.2),.PIECEWISE_BEZIER_KNOTS.);
#2755 = CARTESIAN_POINT('',(2.490785324206,59.9999994));
#2756 = CARTESIAN_POINT('',(2.490785324206,62.2));
#2757 = ( GEOMETRIC_REPRESENTATION_CONTEXT(2) 
PARAMETRIC_REPRESENTATION_CONTEXT() REPRESENTATION_CONTEXT('2D SPACE',''
  ) );
#2758 = PCURVE('',#1330,#2759);
#2759 = DEFINITIONAL_REPRESENTATION('',(#2760),#2763);
#2760 = B_SPLINE_CURVE_WITH_KNOTS('',1,(#2761,#2762),.UNSPECIFIED.,.F.,
  .F.,(2,2),(59.9999994,62.2),.PIECEWISE_BEZIER_KNOTS.);
#2761 = CARTESIAN_POINT('',(-5.999999928008E-07,-11.53997759804));
#2762 = CARTESIAN_POINT('',(2.2,-11.53997759804));
#2763 = ( GEOMETRIC_REPRESENTATION_CONTEXT(2) 
PARAMETRIC_REPRESENTATION_CONTEXT() REPRESENTATION_CONTEXT('2D SPACE',''
  ) );
#2764 = ORIENTED_EDGE('',*,*,#1775,.T.);
#2765 = ORIENTED_EDGE('',*,*,#2766,.F.);
#2766 = EDGE_CURVE('',#846,#1753,#2767,.T.);
#2767 = SURFACE_CURVE('',#2768,(#2772,#2778),.PCURVE_S1.);
#2768 = LINE('',#2769,#2770);
#2769 = CARTESIAN_POINT('',(225.,189.40020410698,74.389892219836));
#2770 = VECTOR('',#2771,1.);
#2771 = DIRECTION('',(0.,0.,1.));
#2772 = PCURVE('',#628,#2773);
#2773 = DEFINITIONAL_REPRESENTATION('',(#2774),#2777);
#2774 = B_SPLINE_CURVE_WITH_KNOTS('',1,(#2775,#2776),.UNSPECIFIED.,.F.,
  .F.,(2,2),(59.9999994,62.2),.PIECEWISE_BEZIER_KNOTS.);
#2775 = CARTESIAN_POINT('',(3.792399982973,59.9999994));
#2776 = CARTESIAN_POINT('',(3.792399982973,62.2));
#2777 = ( GEOMETRIC_REPRESENTATION_CONTEXT(2) 
PARAMETRIC_REPRESENTATION_CONTEXT() REPRESENTATION_CONTEXT('2D SPACE',''
  ) );
#2778 = PCURVE('',#861,#2779);
#2779 = DEFINITIONAL_REPRESENTATION('',(#2780),#2783);
#2780 = B_SPLINE_CURVE_WITH_KNOTS('',1,(#2781,#2782),.UNSPECIFIED.,.F.,
  .F.,(2,2),(59.9999994,62.2),.PIECEWISE_BEZIER_KNOTS.);
#2781 = CARTESIAN_POINT('',(-5.999999928008E-07,-13.59979589301));
#2782 = CARTESIAN_POINT('',(2.2,-13.59979589301));
#2783 = ( GEOMETRIC_REPRESENTATION_CONTEXT(2) 
PARAMETRIC_REPRESENTATION_CONTEXT() REPRESENTATION_CONTEXT('2D SPACE',''
  ) );
#2784 = ORIENTED_EDGE('',*,*,#873,.T.);
#2785 = ORIENTED_EDGE('',*,*,#1073,.T.);
#2786 = ADVANCED_FACE('',(#2787),#1386,.T.);
#2787 = FACE_BOUND('',#2788,.T.);
#2788 = EDGE_LOOP('',(#2789,#2790,#2811,#2812));
#2789 = ORIENTED_EDGE('',*,*,#1370,.F.);
#2790 = ORIENTED_EDGE('',*,*,#2791,.T.);
#2791 = EDGE_CURVE('',#1343,#2537,#2792,.T.);
#2792 = SURFACE_CURVE('',#2793,(#2797,#2804),.PCURVE_S1.);
#2793 = LINE('',#2794,#2795);
#2794 = CARTESIAN_POINT('',(225.,203.,134.38989221983));
#2795 = VECTOR('',#2796,1.);
#2796 = DIRECTION('',(0.,0.,1.));
#2797 = PCURVE('',#1386,#2798);
#2798 = DEFINITIONAL_REPRESENTATION('',(#2799),#2803);
#2799 = LINE('',#2800,#2801);
#2800 = CARTESIAN_POINT('',(0.,0.));
#2801 = VECTOR('',#2802,1.);
#2802 = DIRECTION('',(1.,0.));
#2803 = ( GEOMETRIC_REPRESENTATION_CONTEXT(2) 
PARAMETRIC_REPRESENTATION_CONTEXT() REPRESENTATION_CONTEXT('2D SPACE',''
  ) );
#2804 = PCURVE('',#1358,#2805);
#2805 = DEFINITIONAL_REPRESENTATION('',(#2806),#2810);
#2806 = LINE('',#2807,#2808);
#2807 = CARTESIAN_POINT('',(0.,0.));
#2808 = VECTOR('',#2809,1.);
#2809 = DIRECTION('',(1.,0.));
#2810 = ( GEOMETRIC_REPRESENTATION_CONTEXT(2) 
PARAMETRIC_REPRESENTATION_CONTEXT() REPRESENTATION_CONTEXT('2D SPACE',''
  ) );
#2811 = ORIENTED_EDGE('',*,*,#2536,.T.);
#2812 = ORIENTED_EDGE('',*,*,#2513,.T.);
#2813 = ADVANCED_FACE('',(#2814),#1358,.T.);
#2814 = FACE_BOUND('',#2815,.T.);
#2815 = EDGE_LOOP('',(#2816,#2817,#2818,#2839));
#2816 = ORIENTED_EDGE('',*,*,#2791,.F.);
#2817 = ORIENTED_EDGE('',*,*,#1342,.T.);
#2818 = ORIENTED_EDGE('',*,*,#2819,.T.);
#2819 = EDGE_CURVE('',#1315,#1475,#2820,.T.);
#2820 = SURFACE_CURVE('',#2821,(#2825,#2832),.PCURVE_S1.);
#2821 = LINE('',#2822,#2823);
#2822 = CARTESIAN_POINT('',(225.,201.,134.38989221983));
#2823 = VECTOR('',#2824,1.);
#2824 = DIRECTION('',(0.,0.,1.));
#2825 = PCURVE('',#1358,#2826);
#2826 = DEFINITIONAL_REPRESENTATION('',(#2827),#2831);
#2827 = LINE('',#2828,#2829);
#2828 = CARTESIAN_POINT('',(0.,-2.));
#2829 = VECTOR('',#2830,1.);
#2830 = DIRECTION('',(1.,0.));
#2831 = ( GEOMETRIC_REPRESENTATION_CONTEXT(2) 
PARAMETRIC_REPRESENTATION_CONTEXT() REPRESENTATION_CONTEXT('2D SPACE',''
  ) );
#2832 = PCURVE('',#1330,#2833);
#2833 = DEFINITIONAL_REPRESENTATION('',(#2834),#2838);
#2834 = LINE('',#2835,#2836);
#2835 = CARTESIAN_POINT('',(0.,-2.));
#2836 = VECTOR('',#2837,1.);
#2837 = DIRECTION('',(1.,0.));
#2838 = ( GEOMETRIC_REPRESENTATION_CONTEXT(2) 
PARAMETRIC_REPRESENTATION_CONTEXT() REPRESENTATION_CONTEXT('2D SPACE',''
  ) );
#2839 = ORIENTED_EDGE('',*,*,#2586,.F.);
#2840 = ADVANCED_FACE('',(#2841),#1330,.T.);
#2841 = FACE_BOUND('',#2842,.T.);
#2842 = EDGE_LOOP('',(#2843,#2844,#2845,#2846));
#2843 = ORIENTED_EDGE('',*,*,#2819,.F.);
#2844 = ORIENTED_EDGE('',*,*,#1314,.T.);
#2845 = ORIENTED_EDGE('',*,*,#2746,.T.);
#2846 = ORIENTED_EDGE('',*,*,#1474,.F.);
#2847 = ADVANCED_FACE('',(#2848),#861,.T.);
#2848 = FACE_BOUND('',#2849,.T.);
#2849 = EDGE_LOOP('',(#2850,#2851,#2852,#2853));
#2850 = ORIENTED_EDGE('',*,*,#2766,.F.);
#2851 = ORIENTED_EDGE('',*,*,#845,.T.);
#2852 = ORIENTED_EDGE('',*,*,#2662,.T.);
#2853 = ORIENTED_EDGE('',*,*,#1752,.F.);
#2854 = ADVANCED_FACE('',(#2855),#1608,.T.);
#2855 = FACE_BOUND('',#2856,.T.);
#2856 = EDGE_LOOP('',(#2857,#2858,#2859,#2893));
#2857 = ORIENTED_EDGE('',*,*,#1591,.F.);
#2858 = ORIENTED_EDGE('',*,*,#2282,.T.);
#2859 = ORIENTED_EDGE('',*,*,#2860,.T.);
#2860 = EDGE_CURVE('',#2283,#2318,#2861,.T.);
#2861 = SURFACE_CURVE('',#2862,(#2867,#2874),.PCURVE_S1.);
#2862 = CIRCLE('',#2863,2.2);
#2863 = AXIS2_PLACEMENT_3D('',#2864,#2865,#2866);
#2864 = CARTESIAN_POINT('',(203.,173.,134.38989221983));
#2865 = DIRECTION('',(0.,0.,1.));
#2866 = DIRECTION('',(-1.,1.224646799147E-16,0.));
#2867 = PCURVE('',#1608,#2868);
#2868 = DEFINITIONAL_REPRESENTATION('',(#2869),#2873);
#2869 = LINE('',#2870,#2871);
#2870 = CARTESIAN_POINT('',(0.,0.1));
#2871 = VECTOR('',#2872,1.);
#2872 = DIRECTION('',(1.,0.));
#2873 = ( GEOMETRIC_REPRESENTATION_CONTEXT(2) 
PARAMETRIC_REPRESENTATION_CONTEXT() REPRESENTATION_CONTEXT('2D SPACE',''
  ) );
#2874 = PCURVE('',#2331,#2875);
#2875 = DEFINITIONAL_REPRESENTATION('',(#2876),#2892);
#2876 = B_SPLINE_CURVE_WITH_KNOTS('',7,(#2877,#2878,#2879,#2880,#2881,
    #2882,#2883,#2884,#2885,#2886,#2887,#2888,#2889,#2890,#2891),
  .UNSPECIFIED.,.F.,.F.,(8,7,8),(1.731722482932,3.14159265359,
    4.551462824247),.PIECEWISE_BEZIER_KNOTS.);
#2877 = CARTESIAN_POINT('',(30.,2.398312271325));
#2878 = CARTESIAN_POINT('',(29.562622924313,2.469311411283));
#2879 = CARTESIAN_POINT('',(29.141931053804,2.64308647317));
#2880 = CARTESIAN_POINT('',(28.76689400099,2.9149232296));
#2881 = CARTESIAN_POINT('',(28.464863795205,3.269935484423));
#2882 = CARTESIAN_POINT('',(28.256632469536,3.683683871444));
#2883 = CARTESIAN_POINT('',(28.152511197466,4.126784517764));
#2884 = CARTESIAN_POINT('',(28.152511422477,4.569886745531));
#2885 = CARTESIAN_POINT('',(28.152511197375,5.012988973313));
#2886 = CARTESIAN_POINT('',(28.256632469886,5.456089619584));
#2887 = CARTESIAN_POINT('',(28.464863794507,5.869838006649));
#2888 = CARTESIAN_POINT('',(28.766894001339,6.224850261504));
#2889 = CARTESIAN_POINT('',(29.141931053455,6.496687017872));
#2890 = CARTESIAN_POINT('',(29.562622924375,6.670462079783));
#2891 = CARTESIAN_POINT('',(30.,6.741461219737));
#2892 = ( GEOMETRIC_REPRESENTATION_CONTEXT(2) 
PARAMETRIC_REPRESENTATION_CONTEXT() REPRESENTATION_CONTEXT('2D SPACE',''
  ) );
#2893 = ORIENTED_EDGE('',*,*,#2342,.F.);
#2894 = ADVANCED_FACE('',(#2895),#1559,.T.);
#2895 = FACE_BOUND('',#2896,.T.);
#2896 = EDGE_LOOP('',(#2897,#2898,#2899,#2933));
#2897 = ORIENTED_EDGE('',*,*,#1542,.F.);
#2898 = ORIENTED_EDGE('',*,*,#2376,.T.);
#2899 = ORIENTED_EDGE('',*,*,#2900,.T.);
#2900 = EDGE_CURVE('',#2377,#2412,#2901,.T.);
#2901 = SURFACE_CURVE('',#2902,(#2907,#2914),.PCURVE_S1.);
#2902 = CIRCLE('',#2903,2.2);
#2903 = AXIS2_PLACEMENT_3D('',#2904,#2905,#2906);
#2904 = CARTESIAN_POINT('',(203.,193.,134.38989221983));
#2905 = DIRECTION('',(0.,0.,1.));
#2906 = DIRECTION('',(-1.,1.224646799147E-16,0.));
#2907 = PCURVE('',#1559,#2908);
#2908 = DEFINITIONAL_REPRESENTATION('',(#2909),#2913);
#2909 = LINE('',#2910,#2911);
#2910 = CARTESIAN_POINT('',(0.,0.1));
#2911 = VECTOR('',#2912,1.);
#2912 = DIRECTION('',(1.,0.));
#2913 = ( GEOMETRIC_REPRESENTATION_CONTEXT(2) 
PARAMETRIC_REPRESENTATION_CONTEXT() REPRESENTATION_CONTEXT('2D SPACE',''
  ) );
#2914 = PCURVE('',#2425,#2915);
#2915 = DEFINITIONAL_REPRESENTATION('',(#2916),#2932);
#2916 = B_SPLINE_CURVE_WITH_KNOTS('',7,(#2917,#2918,#2919,#2920,#2921,
    #2922,#2923,#2924,#2925,#2926,#2927,#2928,#2929,#2930,#2931),
  .UNSPECIFIED.,.F.,.F.,(8,7,8),(1.731722482932,3.14159265359,
    4.551462824247),.PIECEWISE_BEZIER_KNOTS.);
#2917 = CARTESIAN_POINT('',(30.,22.398312271325));
#2918 = CARTESIAN_POINT('',(29.562622924313,22.469311411238));
#2919 = CARTESIAN_POINT('',(29.141931053804,22.643086473385));
#2920 = CARTESIAN_POINT('',(28.76689400099,22.914923228614));
#2921 = CARTESIAN_POINT('',(28.464863795205,23.269935484976));
#2922 = CARTESIAN_POINT('',(28.256632469536,23.683683871102));
#2923 = CARTESIAN_POINT('',(28.152511197466,24.12678451787));
#2924 = CARTESIAN_POINT('',(28.152511422477,24.569886745531));
#2925 = CARTESIAN_POINT('',(28.152511197375,25.012988973369));
#2926 = CARTESIAN_POINT('',(28.256632469886,25.456089619431));
#2927 = CARTESIAN_POINT('',(28.464863794507,25.869838007085));
#2928 = CARTESIAN_POINT('',(28.766894001339,26.224850261526));
#2929 = CARTESIAN_POINT('',(29.141931053455,26.496687017905));
#2930 = CARTESIAN_POINT('',(29.562622924375,26.670462079848));
#2931 = CARTESIAN_POINT('',(30.,26.741461219737));
#2932 = ( GEOMETRIC_REPRESENTATION_CONTEXT(2) 
PARAMETRIC_REPRESENTATION_CONTEXT() REPRESENTATION_CONTEXT('2D SPACE',''
  ) );
#2933 = ORIENTED_EDGE('',*,*,#2436,.F.);
#2934 = ADVANCED_FACE('',(#2935),#1816,.T.);
#2935 = FACE_BOUND('',#2936,.T.);
#2936 = EDGE_LOOP('',(#2937,#2938,#2961,#3018));
#2937 = ORIENTED_EDGE('',*,*,#1799,.F.);
#2938 = ORIENTED_EDGE('',*,*,#2939,.F.);
#2939 = EDGE_CURVE('',#2940,#1800,#2942,.T.);
#2940 = VERTEX_POINT('',#2941);
#2941 = CARTESIAN_POINT('',(214.8,193.,134.38989221983));
#2942 = SEAM_CURVE('',#2943,(#2947,#2954),.PCURVE_S1.);
#2943 = LINE('',#2944,#2945);
#2944 = CARTESIAN_POINT('',(214.8,193.,134.28989221983));
#2945 = VECTOR('',#2946,1.);
#2946 = DIRECTION('',(0.,0.,1.));
#2947 = PCURVE('',#1816,#2948);
#2948 = DEFINITIONAL_REPRESENTATION('',(#2949),#2953);
#2949 = LINE('',#2950,#2951);
#2950 = CARTESIAN_POINT('',(6.28318530718,-0.));
#2951 = VECTOR('',#2952,1.);
#2952 = DIRECTION('',(0.,1.));
#2953 = ( GEOMETRIC_REPRESENTATION_CONTEXT(2) 
PARAMETRIC_REPRESENTATION_CONTEXT() REPRESENTATION_CONTEXT('2D SPACE',''
  ) );
#2954 = PCURVE('',#1816,#2955);
#2955 = DEFINITIONAL_REPRESENTATION('',(#2956),#2960);
#2956 = LINE('',#2957,#2958);
#2957 = CARTESIAN_POINT('',(0.,-0.));
#2958 = VECTOR('',#2959,1.);
#2959 = DIRECTION('',(0.,1.));
#2960 = ( GEOMETRIC_REPRESENTATION_CONTEXT(2) 
PARAMETRIC_REPRESENTATION_CONTEXT() REPRESENTATION_CONTEXT('2D SPACE',''
  ) );
#2961 = ORIENTED_EDGE('',*,*,#2962,.T.);
#2962 = EDGE_CURVE('',#2940,#2940,#2963,.T.);
#2963 = SURFACE_CURVE('',#2964,(#2969,#2976),.PCURVE_S1.);
#2964 = CIRCLE('',#2965,2.2);
#2965 = AXIS2_PLACEMENT_3D('',#2966,#2967,#2968);
#2966 = CARTESIAN_POINT('',(217.,193.,134.38989221983));
#2967 = DIRECTION('',(0.,0.,1.));
#2968 = DIRECTION('',(-1.,1.224646799147E-16,0.));
#2969 = PCURVE('',#1816,#2970);
#2970 = DEFINITIONAL_REPRESENTATION('',(#2971),#2975);
#2971 = LINE('',#2972,#2973);
#2972 = CARTESIAN_POINT('',(0.,0.1));
#2973 = VECTOR('',#2974,1.);
#2974 = DIRECTION('',(1.,0.));
#2975 = ( GEOMETRIC_REPRESENTATION_CONTEXT(2) 
PARAMETRIC_REPRESENTATION_CONTEXT() REPRESENTATION_CONTEXT('2D SPACE',''
  ) );
#2976 = PCURVE('',#2977,#2982);
#2977 = B_SPLINE_SURFACE_WITH_KNOTS('',1,1,(
    (#2978,#2979)
    ,(#2980,#2981
    )),.UNSPECIFIED.,.F.,.F.,.F.,(2,2),(2,2),(0.,30.),(0.,45.),
  .PIECEWISE_BEZIER_KNOTS.);
#2978 = CARTESIAN_POINT('',(233.35251142247,168.43011325446,
    134.38989221983));
#2979 = CARTESIAN_POINT('',(233.35251142247,213.43011325446,
    134.38989221983));
#2980 = CARTESIAN_POINT('',(203.35251142247,168.43011325446,
    134.38989221983));
#2981 = CARTESIAN_POINT('',(203.35251142247,213.43011325446,
    134.38989221983));
#2982 = DEFINITIONAL_REPRESENTATION('',(#2983),#3017);
#2983 = B_SPLINE_CURVE_WITH_KNOTS('',8,(#2984,#2985,#2986,#2987,#2988,
    #2989,#2990,#2991,#2992,#2993,#2994,#2995,#2996,#2997,#2998,#2999,
    #3000,#3001,#3002,#3003,#3004,#3005,#3006,#3007,#3008,#3009,#3010,
    #3011,#3012,#3013,#3014,#3015,#3016),.UNSPECIFIED.,.F.,.F.,(9,8,8,8,
    9),(0.,1.570796326795,2.748893571891,4.516039439535,6.28318530718),
  .UNSPECIFIED.);
#2984 = CARTESIAN_POINT('',(18.552511422477,24.569886745531));
#2985 = CARTESIAN_POINT('',(18.552511859934,24.137917361443));
#2986 = CARTESIAN_POINT('',(18.455575169186,23.70595104867));
#2987 = CARTESIAN_POINT('',(18.261717345369,23.29935154367));
#2988 = CARTESIAN_POINT('',(17.978872525142,22.943525643015));
#2989 = CARTESIAN_POINT('',(17.623046625054,22.660680822079));
#2990 = CARTESIAN_POINT('',(17.216447119093,22.466822999038));
#2991 = CARTESIAN_POINT('',(16.784480806689,22.36988630806));
#2992 = CARTESIAN_POINT('',(16.352511422477,22.369886745531));
#2993 = CARTESIAN_POINT('',(16.028534649001,22.369886694858));
#2994 = CARTESIAN_POINT('',(15.704558117384,22.424412207062));
#2995 = CARTESIAN_POINT('',(15.391286762174,22.533461454714));
#2996 = CARTESIAN_POINT('',(15.099428894799,22.694516213582));
#2997 = CARTESIAN_POINT('',(14.8389445293,22.90252473602));
#2998 = CARTESIAN_POINT('',(14.618312403608,23.15021838826));
#2999 = CARTESIAN_POINT('',(14.443956947824,23.428667664954));
#3000 = CARTESIAN_POINT('',(14.319976450952,23.727983194328));
#3001 = CARTESIAN_POINT('',(14.134005615757,24.176956336203));
#3002 = CARTESIAN_POINT('',(14.061378177401,24.672878520272));
#3003 = CARTESIAN_POINT('',(14.115919445991,25.182362649124));
#3004 = CARTESIAN_POINT('',(14.299665118684,25.667155945906));
#3005 = CARTESIAN_POINT('',(14.600672393804,26.089271629462));
#3006 = CARTESIAN_POINT('',(14.993991461932,26.417675252189));
#3007 = CARTESIAN_POINT('',(15.446685329691,26.632807347793));
#3008 = CARTESIAN_POINT('',(15.923312714042,26.727614362419));
#3009 = CARTESIAN_POINT('',(16.399940072959,26.822421505363));
#3010 = CARTESIAN_POINT('',(16.900502160832,26.79690381058));
#3011 = CARTESIAN_POINT('',(17.389556225156,26.644015112426));
#3012 = CARTESIAN_POINT('',(17.829187353724,26.369221577188));
#3013 = CARTESIAN_POINT('',(18.184468592866,25.991647390183));
#3014 = CARTESIAN_POINT('',(18.429829287052,25.541817472607));
#3015 = CARTESIAN_POINT('',(18.55251148784,25.055851799247));
#3016 = CARTESIAN_POINT('',(18.552511422477,24.569886745531));
#3017 = ( GEOMETRIC_REPRESENTATION_CONTEXT(2) 
PARAMETRIC_REPRESENTATION_CONTEXT() REPRESENTATION_CONTEXT('2D SPACE',''
  ) );
#3018 = ORIENTED_EDGE('',*,*,#2939,.T.);
#3019 = ADVANCED_FACE('',(#3020),#1847,.T.);
#3020 = FACE_BOUND('',#3021,.T.);
#3021 = EDGE_LOOP('',(#3022,#3023,#3046,#3103));
#3022 = ORIENTED_EDGE('',*,*,#1830,.F.);
#3023 = ORIENTED_EDGE('',*,*,#3024,.F.);
#3024 = EDGE_CURVE('',#3025,#1831,#3027,.T.);
#3025 = VERTEX_POINT('',#3026);
#3026 = CARTESIAN_POINT('',(214.8,173.,134.38989221983));
#3027 = SEAM_CURVE('',#3028,(#3032,#3039),.PCURVE_S1.);
#3028 = LINE('',#3029,#3030);
#3029 = CARTESIAN_POINT('',(214.8,173.,134.28989221983));
#3030 = VECTOR('',#3031,1.);
#3031 = DIRECTION('',(0.,0.,1.));
#3032 = PCURVE('',#1847,#3033);
#3033 = DEFINITIONAL_REPRESENTATION('',(#3034),#3038);
#3034 = LINE('',#3035,#3036);
#3035 = CARTESIAN_POINT('',(6.28318530718,-0.));
#3036 = VECTOR('',#3037,1.);
#3037 = DIRECTION('',(0.,1.));
#3038 = ( GEOMETRIC_REPRESENTATION_CONTEXT(2) 
PARAMETRIC_REPRESENTATION_CONTEXT() REPRESENTATION_CONTEXT('2D SPACE',''
  ) );
#3039 = PCURVE('',#1847,#3040);
#3040 = DEFINITIONAL_REPRESENTATION('',(#3041),#3045);
#3041 = LINE('',#3042,#3043);
#3042 = CARTESIAN_POINT('',(0.,-0.));
#3043 = VECTOR('',#3044,1.);
#3044 = DIRECTION('',(0.,1.));
#3045 = ( GEOMETRIC_REPRESENTATION_CONTEXT(2) 
PARAMETRIC_REPRESENTATION_CONTEXT() REPRESENTATION_CONTEXT('2D SPACE',''
  ) );
#3046 = ORIENTED_EDGE('',*,*,#3047,.T.);
#3047 = EDGE_CURVE('',#3025,#3025,#3048,.T.);
#3048 = SURFACE_CURVE('',#3049,(#3054,#3061),.PCURVE_S1.);
#3049 = CIRCLE('',#3050,2.2);
#3050 = AXIS2_PLACEMENT_3D('',#3051,#3052,#3053);
#3051 = CARTESIAN_POINT('',(217.,173.,134.38989221983));
#3052 = DIRECTION('',(0.,0.,1.));
#3053 = DIRECTION('',(-1.,1.224646799147E-16,0.));
#3054 = PCURVE('',#1847,#3055);
#3055 = DEFINITIONAL_REPRESENTATION('',(#3056),#3060);
#3056 = LINE('',#3057,#3058);
#3057 = CARTESIAN_POINT('',(0.,0.1));
#3058 = VECTOR('',#3059,1.);
#3059 = DIRECTION('',(1.,0.));
#3060 = ( GEOMETRIC_REPRESENTATION_CONTEXT(2) 
PARAMETRIC_REPRESENTATION_CONTEXT() REPRESENTATION_CONTEXT('2D SPACE',''
  ) );
#3061 = PCURVE('',#3062,#3067);
#3062 = B_SPLINE_SURFACE_WITH_KNOTS('',1,1,(
    (#3063,#3064)
    ,(#3065,#3066
    )),.UNSPECIFIED.,.F.,.F.,.F.,(2,2),(2,2),(0.,30.),(0.,45.),
  .PIECEWISE_BEZIER_KNOTS.);
#3063 = CARTESIAN_POINT('',(233.35251142247,168.43011325446,
    134.38989221983));
#3064 = CARTESIAN_POINT('',(233.35251142247,213.43011325446,
    134.38989221983));
#3065 = CARTESIAN_POINT('',(203.35251142247,168.43011325446,
    134.38989221983));
#3066 = CARTESIAN_POINT('',(203.35251142247,213.43011325446,
    134.38989221983));
#3067 = DEFINITIONAL_REPRESENTATION('',(#3068),#3102);
#3068 = B_SPLINE_CURVE_WITH_KNOTS('',8,(#3069,#3070,#3071,#3072,#3073,
    #3074,#3075,#3076,#3077,#3078,#3079,#3080,#3081,#3082,#3083,#3084,
    #3085,#3086,#3087,#3088,#3089,#3090,#3091,#3092,#3093,#3094,#3095,
    #3096,#3097,#3098,#3099,#3100,#3101),.UNSPECIFIED.,.F.,.F.,(9,8,8,8,
    9),(0.,1.570796326795,2.748893571891,4.516039439535,6.28318530718),
  .UNSPECIFIED.);
#3069 = CARTESIAN_POINT('',(18.552511422477,4.569886745531));
#3070 = CARTESIAN_POINT('',(18.552511859934,4.137917361333));
#3071 = CARTESIAN_POINT('',(18.455575169186,3.705951048858));
#3072 = CARTESIAN_POINT('',(18.261717345369,3.299351543107));
#3073 = CARTESIAN_POINT('',(17.978872525142,2.943525642948));
#3074 = CARTESIAN_POINT('',(17.623046625054,2.660680822548));
#3075 = CARTESIAN_POINT('',(17.216447119093,2.46682299881));
#3076 = CARTESIAN_POINT('',(16.784480806689,2.369886308095));
#3077 = CARTESIAN_POINT('',(16.352511422477,2.369886745531));
#3078 = CARTESIAN_POINT('',(16.028534649001,2.369886694857));
#3079 = CARTESIAN_POINT('',(15.704558117384,2.424412206878));
#3080 = CARTESIAN_POINT('',(15.391286762174,2.533461454865));
#3081 = CARTESIAN_POINT('',(15.099428894799,2.694516213445));
#3082 = CARTESIAN_POINT('',(14.8389445293,2.902524735682));
#3083 = CARTESIAN_POINT('',(14.618312403608,3.150218388393));
#3084 = CARTESIAN_POINT('',(14.443956947824,3.428667664892));
#3085 = CARTESIAN_POINT('',(14.319976450952,3.727983194328));
#3086 = CARTESIAN_POINT('',(14.134005615757,4.176956336183));
#3087 = CARTESIAN_POINT('',(14.061378177401,4.672878519006));
#3088 = CARTESIAN_POINT('',(14.115919445991,5.182362652267));
#3089 = CARTESIAN_POINT('',(14.299665118684,5.667155949515));
#3090 = CARTESIAN_POINT('',(14.600672393804,6.08927162952));
#3091 = CARTESIAN_POINT('',(14.993991461932,6.417675251359));
#3092 = CARTESIAN_POINT('',(15.446685329691,6.632807347713));
#3093 = CARTESIAN_POINT('',(15.923312714042,6.727614362419));
#3094 = CARTESIAN_POINT('',(16.399940072959,6.822421505613));
#3095 = CARTESIAN_POINT('',(16.900502160832,6.796903806913));
#3096 = CARTESIAN_POINT('',(17.389556225156,6.644015116821));
#3097 = CARTESIAN_POINT('',(17.829187353724,6.369221569214));
#3098 = CARTESIAN_POINT('',(18.184468592866,5.991647397081));
#3099 = CARTESIAN_POINT('',(18.429829287052,5.541817469799));
#3100 = CARTESIAN_POINT('',(18.55251148784,5.055851799647));
#3101 = CARTESIAN_POINT('',(18.552511422477,4.569886745531));
#3102 = ( GEOMETRIC_REPRESENTATION_CONTEXT(2) 
PARAMETRIC_REPRESENTATION_CONTEXT() REPRESENTATION_CONTEXT('2D SPACE',''
  ) );
#3103 = ORIENTED_EDGE('',*,*,#3024,.T.);
#3104 = ADVANCED_FACE('',(#3105),#2425,.T.);
#3105 = FACE_BOUND('',#3106,.T.);
#3106 = EDGE_LOOP('',(#3107,#3108));
#3107 = ORIENTED_EDGE('',*,*,#2411,.T.);
#3108 = ORIENTED_EDGE('',*,*,#2900,.F.);
#3109 = ADVANCED_FACE('',(#3110),#2331,.T.);
#3110 = FACE_BOUND('',#3111,.T.);
#3111 = EDGE_LOOP('',(#3112,#3113));
#3112 = ORIENTED_EDGE('',*,*,#2860,.F.);
#3113 = ORIENTED_EDGE('',*,*,#2317,.T.);
#3114 = ADVANCED_FACE('',(#3115),#2977,.T.);
#3115 = FACE_BOUND('',#3116,.T.);
#3116 = EDGE_LOOP('',(#3117));
#3117 = ORIENTED_EDGE('',*,*,#2962,.F.);
#3118 = ADVANCED_FACE('',(#3119),#3062,.T.);
#3119 = FACE_BOUND('',#3120,.T.);
#3120 = EDGE_LOOP('',(#3121));
#3121 = ORIENTED_EDGE('',*,*,#3047,.F.);
#3122 = ( GEOMETRIC_REPRESENTATION_CONTEXT(3) 
GLOBAL_UNCERTAINTY_ASSIGNED_CONTEXT((#3126)) 
GLOBAL_UNIT_ASSIGNED_CONTEXT((#3123,#3124,#3125)) REPRESENTATION_CONTEXT
('Context #1','3D Context with UNIT and UNCERTAINTY') );
#3123 = ( LENGTH_UNIT() NAMED_UNIT(*) SI_UNIT(.MILLI.,.METRE.) );
#3124 = ( NAMED_UNIT(*) PLANE_ANGLE_UNIT() SI_UNIT($,.RADIAN.) );
#3125 = ( NAMED_UNIT(*) SI_UNIT($,.STERADIAN.) SOLID_ANGLE_UNIT() );
#3126 = UNCERTAINTY_MEASURE_WITH_UNIT(LENGTH_MEASURE(2.E-06),#3123,
  'distance_accuracy_value','confusion accuracy');
#3127 = PRODUCT_RELATED_PRODUCT_CATEGORY('part',$,(#7));
ENDSEC;
END-ISO-10303-21;
