ISO-10303-21;
HEADER;
FILE_DESCRIPTION(('Open CASCADE Model'),'2;1');
FILE_NAME('Open CASCADE Shape Model','2026-09-29T09:31:47',('Author'),(
    'Open CASCADE'),'Open CASCADE STEP processor 7.8','Open CASCADE 7.8'
  ,'Unknown');
FILE_SCHEMA(('AUTOMOTIVE_DESIGN { 1 0 10303 214 1 1 1 1 }'));
ENDSEC;
DATA;
#1 = APPLICATION_PROTOCOL_DEFINITION('international standard',
  'automotive_design',2000,#2);
#2 = APPLICATION_CONTEXT(
  'core data for automotive mechanical design processes');
#3 = SHAPE_DEFINITION_REPRESENTATION(#4,#10);
#4 = PRODUCT_DEFINITION_SHAPE('','',#5);
#5 = PRODUCT_DEFINITION('design','',#6,#9);
#6 = PRODUCT_DEFINITION_FORMATION('','',#7);
#7 = PRODUCT('Open CASCADE STEP translator 7.8 110',
  'Open CASCADE STEP translator 7.8 110','',(#8));
#8 = PRODUCT_CONTEXT('',#2,'mechanical');
#9 = PRODUCT_DEFINITION_CONTEXT('part definition',#2,'design');
#10 = SHAPE_REPRESENTATION('',(#11,#15,#19),#23);
#11 = AXIS2_PLACEMENT_3D('',#12,#13,#14);
#12 = CARTESIAN_POINT('',(0.,0.,0.));
#13 = DIRECTION('',(0.,0.,1.));
#14 = DIRECTION('',(1.,0.,-0.));
#15 = AXIS2_PLACEMENT_3D('',#16,#17,#18);
#16 = CARTESIAN_POINT('',(0.,0.,0.));
#17 = DIRECTION('',(0.,0.,1.));
#18 = DIRECTION('',(1.,0.,-0.));
#19 = AXIS2_PLACEMENT_3D('',#20,#21,#22);
#20 = CARTESIAN_POINT('',(0.,0.,0.));
#21 = DIRECTION('',(0.,0.,1.));
#22 = DIRECTION('',(1.,0.,-0.));
#23 = ( GEOMETRIC_REPRESENTATION_CONTEXT(3) 
GLOBAL_UNCERTAINTY_ASSIGNED_CONTEXT((#27)) GLOBAL_UNIT_ASSIGNED_CONTEXT(
(#24,#25,#26)) REPRESENTATION_CONTEXT('Context #1',
  '3D Context with UNIT and UNCERTAINTY') );
#24 = ( LENGTH_UNIT() NAMED_UNIT(*) SI_UNIT(.MILLI.,.METRE.) );
#25 = ( NAMED_UNIT(*) PLANE_ANGLE_UNIT() SI_UNIT($,.RADIAN.) );
#26 = ( NAMED_UNIT(*) SI_UNIT($,.STERADIAN.) SOLID_ANGLE_UNIT() );
#27 = UNCERTAINTY_MEASURE_WITH_UNIT(LENGTH_MEASURE(2.E-06),#24,
  'distance_accuracy_value','confusion accuracy');
#28 = PRODUCT_RELATED_PRODUCT_CATEGORY('part',$,(#7));
#29 = SHAPE_DEFINITION_REPRESENTATION(#30,#36);
#30 = PRODUCT_DEFINITION_SHAPE('','',#31);
#31 = PRODUCT_DEFINITION('design','',#32,#35);
#32 = PRODUCT_DEFINITION_FORMATION('','',#33);
#33 = PRODUCT('Open CASCADE STEP translator 7.8 110.1',
  'Open CASCADE STEP translator 7.8 110.1','',(#34));
#34 = PRODUCT_CONTEXT('',#2,'mechanical');
#35 = PRODUCT_DEFINITION_CONTEXT('part definition',#2,'design');
#36 = ADVANCED_BREP_SHAPE_REPRESENTATION('',(#11,#37),#1437);
#37 = MANIFOLD_SOLID_BREP('',#38);
#38 = CLOSED_SHELL('',(#39,#147,#418,#464,#871,#895,#922,#946,#975,#1047
    ,#1071,#1099,#1127,#1195,#1224,#1296,#1320,#1382,#1406,#1430));
#39 = ADVANCED_FACE('',(#40),#53,.T.);
#40 = FACE_BOUND('',#41,.T.);
#41 = EDGE_LOOP('',(#42,#74,#99,#124));
#42 = ORIENTED_EDGE('',*,*,#43,.F.);
#43 = EDGE_CURVE('',#44,#46,#48,.T.);
#44 = VERTEX_POINT('',#45);
#45 = CARTESIAN_POINT('',(76.586605785827,183.43011325446,
    141.38989221983));
#46 = VERTEX_POINT('',#47);
#47 = CARTESIAN_POINT('',(76.586605785827,201.,141.38989221983));
#48 = SURFACE_CURVE('',#49,(#52,#63),.PCURVE_S1.);
#49 = B_SPLINE_CURVE_WITH_KNOTS('',1,(#50,#51),.UNSPECIFIED.,.F.,.F.,(2,
    2),(0.,23.),.PIECEWISE_BEZIER_KNOTS.);
#50 = CARTESIAN_POINT('',(76.586605785827,183.43011325446,
    141.38989221983));
#51 = CARTESIAN_POINT('',(76.586605785827,206.43011325446,
    141.38989221983));
#52 = PCURVE('',#53,#58);
#53 = B_SPLINE_SURFACE_WITH_KNOTS('',1,1,(
    (#54,#55)
    ,(#56,#57)),.UNSPECIFIED.,.F.,.F.,.F.,(2,2),(2,2),(0.,2.),(-23.,0.),
  .PIECEWISE_BEZIER_KNOTS.);
#54 = CARTESIAN_POINT('',(76.586605785827,206.43011325446,
    139.38989221983));
#55 = CARTESIAN_POINT('',(76.586605785827,183.43011325446,
    139.38989221983));
#56 = CARTESIAN_POINT('',(76.586605785827,206.43011325446,
    141.38989221983));
#57 = CARTESIAN_POINT('',(76.586605785827,183.43011325446,
    141.38989221983));
#58 = DEFINITIONAL_REPRESENTATION('',(#59),#62);
#59 = B_SPLINE_CURVE_WITH_KNOTS('',1,(#60,#61),.UNSPECIFIED.,.F.,.F.,(2,
    2),(0.,23.),.PIECEWISE_BEZIER_KNOTS.);
#60 = CARTESIAN_POINT('',(2.,0.));
#61 = CARTESIAN_POINT('',(2.,-23.));
#62 = ( GEOMETRIC_REPRESENTATION_CONTEXT(2) 
PARAMETRIC_REPRESENTATION_CONTEXT() REPRESENTATION_CONTEXT('2D SPACE',''
  ) );
#63 = PCURVE('',#64,#69);
#64 = B_SPLINE_SURFACE_WITH_KNOTS('',1,1,(
    (#65,#66)
    ,(#67,#68)),.UNSPECIFIED.,.F.,.F.,.F.,(2,2),(2,2),(0.,30.),(0.,23.),
  .PIECEWISE_BEZIER_KNOTS.);
#65 = CARTESIAN_POINT('',(76.586605785827,183.43011325446,
    141.38989221983));
#66 = CARTESIAN_POINT('',(76.586605785827,206.43011325446,
    141.38989221983));
#67 = CARTESIAN_POINT('',(46.586605785827,183.43011325446,
    141.38989221983));
#68 = CARTESIAN_POINT('',(46.586605785827,206.43011325446,
    141.38989221983));
#69 = DEFINITIONAL_REPRESENTATION('',(#70),#73);
#70 = B_SPLINE_CURVE_WITH_KNOTS('',1,(#71,#72),.UNSPECIFIED.,.F.,.F.,(2,
    2),(0.,23.),.PIECEWISE_BEZIER_KNOTS.);
#71 = CARTESIAN_POINT('',(0.,0.));
#72 = CARTESIAN_POINT('',(0.,23.));
#73 = ( GEOMETRIC_REPRESENTATION_CONTEXT(2) 
PARAMETRIC_REPRESENTATION_CONTEXT() REPRESENTATION_CONTEXT('2D SPACE',''
  ) );
#74 = ORIENTED_EDGE('',*,*,#75,.F.);
#75 = EDGE_CURVE('',#76,#44,#78,.T.);
#76 = VERTEX_POINT('',#77);
#77 = CARTESIAN_POINT('',(76.586605785827,183.43011325446,
    139.38989221983));
#78 = SURFACE_CURVE('',#79,(#82,#88),.PCURVE_S1.);
#79 = B_SPLINE_CURVE_WITH_KNOTS('',1,(#80,#81),.UNSPECIFIED.,.F.,.F.,(2,
    2),(0.,2.),.PIECEWISE_BEZIER_KNOTS.);
#80 = CARTESIAN_POINT('',(76.586605785827,183.43011325446,
    139.38989221983));
#81 = CARTESIAN_POINT('',(76.586605785827,183.43011325446,
    141.38989221983));
#82 = PCURVE('',#53,#83);
#83 = DEFINITIONAL_REPRESENTATION('',(#84),#87);
#84 = B_SPLINE_CURVE_WITH_KNOTS('',1,(#85,#86),.UNSPECIFIED.,.F.,.F.,(2,
    2),(0.,2.),.PIECEWISE_BEZIER_KNOTS.);
#85 = CARTESIAN_POINT('',(0.,0.));
#86 = CARTESIAN_POINT('',(2.,0.));
#87 = ( GEOMETRIC_REPRESENTATION_CONTEXT(2) 
PARAMETRIC_REPRESENTATION_CONTEXT() REPRESENTATION_CONTEXT('2D SPACE',''
  ) );
#88 = PCURVE('',#89,#94);
#89 = B_SPLINE_SURFACE_WITH_KNOTS('',1,1,(
    (#90,#91)
    ,(#92,#93)),.UNSPECIFIED.,.F.,.F.,.F.,(2,2),(2,2),(0.,2.),(0.,30.),
  .PIECEWISE_BEZIER_KNOTS.);
#90 = CARTESIAN_POINT('',(76.586605785827,183.43011325446,
    139.38989221983));
#91 = CARTESIAN_POINT('',(46.586605785827,183.43011325446,
    139.38989221983));
#92 = CARTESIAN_POINT('',(76.586605785827,183.43011325446,
    141.38989221983));
#93 = CARTESIAN_POINT('',(46.586605785827,183.43011325446,
    141.38989221983));
#94 = DEFINITIONAL_REPRESENTATION('',(#95),#98);
#95 = B_SPLINE_CURVE_WITH_KNOTS('',1,(#96,#97),.UNSPECIFIED.,.F.,.F.,(2,
    2),(0.,2.),.PIECEWISE_BEZIER_KNOTS.);
#96 = CARTESIAN_POINT('',(0.,0.));
#97 = CARTESIAN_POINT('',(2.,0.));
#98 = ( GEOMETRIC_REPRESENTATION_CONTEXT(2) 
PARAMETRIC_REPRESENTATION_CONTEXT() REPRESENTATION_CONTEXT('2D SPACE',''
  ) );
#99 = ORIENTED_EDGE('',*,*,#100,.T.);
#100 = EDGE_CURVE('',#76,#101,#103,.T.);
#101 = VERTEX_POINT('',#102);
#102 = CARTESIAN_POINT('',(76.586605785827,201.,139.38989221983));
#103 = SURFACE_CURVE('',#104,(#107,#113),.PCURVE_S1.);
#104 = B_SPLINE_CURVE_WITH_KNOTS('',1,(#105,#106),.UNSPECIFIED.,.F.,.F.,
  (2,2),(0.,23.),.PIECEWISE_BEZIER_KNOTS.);
#105 = CARTESIAN_POINT('',(76.586605785827,183.43011325446,
    139.38989221983));
#106 = CARTESIAN_POINT('',(76.586605785827,206.43011325446,
    139.38989221983));
#107 = PCURVE('',#53,#108);
#108 = DEFINITIONAL_REPRESENTATION('',(#109),#112);
#109 = B_SPLINE_CURVE_WITH_KNOTS('',1,(#110,#111),.UNSPECIFIED.,.F.,.F.,
  (2,2),(0.,23.),.PIECEWISE_BEZIER_KNOTS.);
#110 = CARTESIAN_POINT('',(0.,0.));
#111 = CARTESIAN_POINT('',(0.,-23.));
#112 = ( GEOMETRIC_REPRESENTATION_CONTEXT(2) 
PARAMETRIC_REPRESENTATION_CONTEXT() REPRESENTATION_CONTEXT('2D SPACE',''
  ) );
#113 = PCURVE('',#114,#119);
#114 = B_SPLINE_SURFACE_WITH_KNOTS('',1,1,(
    (#115,#116)
    ,(#117,#118
    )),.UNSPECIFIED.,.F.,.F.,.F.,(2,2),(2,2),(0.,30.),(0.,23.),
  .PIECEWISE_BEZIER_KNOTS.);
#115 = CARTESIAN_POINT('',(76.586605785827,183.43011325446,
    139.38989221983));
#116 = CARTESIAN_POINT('',(76.586605785827,206.43011325446,
    139.38989221983));
#117 = CARTESIAN_POINT('',(46.586605785827,183.43011325446,
    139.38989221983));
#118 = CARTESIAN_POINT('',(46.586605785827,206.43011325446,
    139.38989221983));
#119 = DEFINITIONAL_REPRESENTATION('',(#120),#123);
#120 = B_SPLINE_CURVE_WITH_KNOTS('',1,(#121,#122),.UNSPECIFIED.,.F.,.F.,
  (2,2),(0.,23.),.PIECEWISE_BEZIER_KNOTS.);
#121 = CARTESIAN_POINT('',(0.,0.));
#122 = CARTESIAN_POINT('',(0.,23.));
#123 = ( GEOMETRIC_REPRESENTATION_CONTEXT(2) 
PARAMETRIC_REPRESENTATION_CONTEXT() REPRESENTATION_CONTEXT('2D SPACE',''
  ) );
#124 = ORIENTED_EDGE('',*,*,#125,.F.);
#125 = EDGE_CURVE('',#46,#101,#126,.T.);
#126 = SURFACE_CURVE('',#127,(#130,#136),.PCURVE_S1.);
#127 = B_SPLINE_CURVE_WITH_KNOTS('',1,(#128,#129),.UNSPECIFIED.,.F.,.F.,
  (2,2),(0.,1.),.PIECEWISE_BEZIER_KNOTS.);
#128 = CARTESIAN_POINT('',(76.586605785827,201.,141.38989221983));
#129 = CARTESIAN_POINT('',(76.586605785827,201.,139.38989221983));
#130 = PCURVE('',#53,#131);
#131 = DEFINITIONAL_REPRESENTATION('',(#132),#135);
#132 = B_SPLINE_CURVE_WITH_KNOTS('',1,(#133,#134),.UNSPECIFIED.,.F.,.F.,
  (2,2),(0.,1.),.PIECEWISE_BEZIER_KNOTS.);
#133 = CARTESIAN_POINT('',(2.,-17.56988674553));
#134 = CARTESIAN_POINT('',(0.,-17.56988674553));
#135 = ( GEOMETRIC_REPRESENTATION_CONTEXT(2) 
PARAMETRIC_REPRESENTATION_CONTEXT() REPRESENTATION_CONTEXT('2D SPACE',''
  ) );
#136 = PCURVE('',#137,#142);
#137 = PLANE('',#138);
#138 = AXIS2_PLACEMENT_3D('',#139,#140,#141);
#139 = CARTESIAN_POINT('',(95.,201.,134.38989221983));
#140 = DIRECTION('',(-1.224646799147E-16,-1.,0.));
#141 = DIRECTION('',(0.,0.,1.));
#142 = DEFINITIONAL_REPRESENTATION('',(#143),#146);
#143 = B_SPLINE_CURVE_WITH_KNOTS('',1,(#144,#145),.UNSPECIFIED.,.F.,.F.,
  (2,2),(0.,1.),.PIECEWISE_BEZIER_KNOTS.);
#144 = CARTESIAN_POINT('',(7.,18.413394214173));
#145 = CARTESIAN_POINT('',(5.,18.413394214173));
#146 = ( GEOMETRIC_REPRESENTATION_CONTEXT(2) 
PARAMETRIC_REPRESENTATION_CONTEXT() REPRESENTATION_CONTEXT('2D SPACE',''
  ) );
#147 = ADVANCED_FACE('',(#148,#314,#366),#64,.F.);
#148 = FACE_BOUND('',#149,.F.);
#149 = EDGE_LOOP('',(#150,#151,#171,#196,#221,#246,#271,#296));
#150 = ORIENTED_EDGE('',*,*,#43,.F.);
#151 = ORIENTED_EDGE('',*,*,#152,.T.);
#152 = EDGE_CURVE('',#44,#153,#155,.T.);
#153 = VERTEX_POINT('',#154);
#154 = CARTESIAN_POINT('',(46.586605785827,183.43011325446,
    141.38989221983));
#155 = SURFACE_CURVE('',#156,(#159,#165),.PCURVE_S1.);
#156 = B_SPLINE_CURVE_WITH_KNOTS('',1,(#157,#158),.UNSPECIFIED.,.F.,.F.,
  (2,2),(0.,30.),.PIECEWISE_BEZIER_KNOTS.);
#157 = CARTESIAN_POINT('',(76.586605785827,183.43011325446,
    141.38989221983));
#158 = CARTESIAN_POINT('',(46.586605785827,183.43011325446,
    141.38989221983));
#159 = PCURVE('',#64,#160);
#160 = DEFINITIONAL_REPRESENTATION('',(#161),#164);
#161 = B_SPLINE_CURVE_WITH_KNOTS('',1,(#162,#163),.UNSPECIFIED.,.F.,.F.,
  (2,2),(0.,30.),.PIECEWISE_BEZIER_KNOTS.);
#162 = CARTESIAN_POINT('',(0.,0.));
#163 = CARTESIAN_POINT('',(30.,0.));
#164 = ( GEOMETRIC_REPRESENTATION_CONTEXT(2) 
PARAMETRIC_REPRESENTATION_CONTEXT() REPRESENTATION_CONTEXT('2D SPACE',''
  ) );
#165 = PCURVE('',#89,#166);
#166 = DEFINITIONAL_REPRESENTATION('',(#167),#170);
#167 = B_SPLINE_CURVE_WITH_KNOTS('',1,(#168,#169),.UNSPECIFIED.,.F.,.F.,
  (2,2),(0.,30.),.PIECEWISE_BEZIER_KNOTS.);
#168 = CARTESIAN_POINT('',(2.,0.));
#169 = CARTESIAN_POINT('',(2.,30.));
#170 = ( GEOMETRIC_REPRESENTATION_CONTEXT(2) 
PARAMETRIC_REPRESENTATION_CONTEXT() REPRESENTATION_CONTEXT('2D SPACE',''
  ) );
#171 = ORIENTED_EDGE('',*,*,#172,.T.);
#172 = EDGE_CURVE('',#153,#173,#175,.T.);
#173 = VERTEX_POINT('',#174);
#174 = CARTESIAN_POINT('',(46.586605785827,206.43011325446,
    141.38989221983));
#175 = SURFACE_CURVE('',#176,(#179,#185),.PCURVE_S1.);
#176 = B_SPLINE_CURVE_WITH_KNOTS('',1,(#177,#178),.UNSPECIFIED.,.F.,.F.,
  (2,2),(0.,23.),.PIECEWISE_BEZIER_KNOTS.);
#177 = CARTESIAN_POINT('',(46.586605785827,183.43011325446,
    141.38989221983));
#178 = CARTESIAN_POINT('',(46.586605785827,206.43011325446,
    141.38989221983));
#179 = PCURVE('',#64,#180);
#180 = DEFINITIONAL_REPRESENTATION('',(#181),#184);
#181 = B_SPLINE_CURVE_WITH_KNOTS('',1,(#182,#183),.UNSPECIFIED.,.F.,.F.,
  (2,2),(0.,23.),.PIECEWISE_BEZIER_KNOTS.);
#182 = CARTESIAN_POINT('',(30.,0.));
#183 = CARTESIAN_POINT('',(30.,23.));
#184 = ( GEOMETRIC_REPRESENTATION_CONTEXT(2) 
PARAMETRIC_REPRESENTATION_CONTEXT() REPRESENTATION_CONTEXT('2D SPACE',''
  ) );
#185 = PCURVE('',#186,#191);
#186 = B_SPLINE_SURFACE_WITH_KNOTS('',1,1,(
    (#187,#188)
    ,(#189,#190
    )),.UNSPECIFIED.,.F.,.F.,.F.,(2,2),(2,2),(0.,2.),(-23.,0.),
  .PIECEWISE_BEZIER_KNOTS.);
#187 = CARTESIAN_POINT('',(46.586605785827,206.43011325446,
    139.38989221983));
#188 = CARTESIAN_POINT('',(46.586605785827,183.43011325446,
    139.38989221983));
#189 = CARTESIAN_POINT('',(46.586605785827,206.43011325446,
    141.38989221983));
#190 = CARTESIAN_POINT('',(46.586605785827,183.43011325446,
    141.38989221983));
#191 = DEFINITIONAL_REPRESENTATION('',(#192),#195);
#192 = B_SPLINE_CURVE_WITH_KNOTS('',1,(#193,#194),.UNSPECIFIED.,.F.,.F.,
  (2,2),(0.,23.),.PIECEWISE_BEZIER_KNOTS.);
#193 = CARTESIAN_POINT('',(2.,0.));
#194 = CARTESIAN_POINT('',(2.,-23.));
#195 = ( GEOMETRIC_REPRESENTATION_CONTEXT(2) 
PARAMETRIC_REPRESENTATION_CONTEXT() REPRESENTATION_CONTEXT('2D SPACE',''
  ) );
#196 = ORIENTED_EDGE('',*,*,#197,.F.);
#197 = EDGE_CURVE('',#198,#173,#200,.T.);
#198 = VERTEX_POINT('',#199);
#199 = CARTESIAN_POINT('',(76.586605785827,206.43011325446,
    141.38989221983));
#200 = SURFACE_CURVE('',#201,(#204,#210),.PCURVE_S1.);
#201 = B_SPLINE_CURVE_WITH_KNOTS('',1,(#202,#203),.UNSPECIFIED.,.F.,.F.,
  (2,2),(0.,30.),.PIECEWISE_BEZIER_KNOTS.);
#202 = CARTESIAN_POINT('',(76.586605785827,206.43011325446,
    141.38989221983));
#203 = CARTESIAN_POINT('',(46.586605785827,206.43011325446,
    141.38989221983));
#204 = PCURVE('',#64,#205);
#205 = DEFINITIONAL_REPRESENTATION('',(#206),#209);
#206 = B_SPLINE_CURVE_WITH_KNOTS('',1,(#207,#208),.UNSPECIFIED.,.F.,.F.,
  (2,2),(0.,30.),.PIECEWISE_BEZIER_KNOTS.);
#207 = CARTESIAN_POINT('',(0.,23.));
#208 = CARTESIAN_POINT('',(30.,23.));
#209 = ( GEOMETRIC_REPRESENTATION_CONTEXT(2) 
PARAMETRIC_REPRESENTATION_CONTEXT() REPRESENTATION_CONTEXT('2D SPACE',''
  ) );
#210 = PCURVE('',#211,#216);
#211 = B_SPLINE_SURFACE_WITH_KNOTS('',1,1,(
    (#212,#213)
    ,(#214,#215
  )),.UNSPECIFIED.,.F.,.F.,.F.,(2,2),(2,2),(0.,30.),(0.,2.),
  .PIECEWISE_BEZIER_KNOTS.);
#212 = CARTESIAN_POINT('',(76.586605785827,206.43011325446,
    141.38989221983));
#213 = CARTESIAN_POINT('',(76.586605785827,208.43011325446,
    141.38989221983));
#214 = CARTESIAN_POINT('',(46.586605785827,206.43011325446,
    141.38989221983));
#215 = CARTESIAN_POINT('',(46.586605785827,208.43011325446,
    141.38989221983));
#216 = DEFINITIONAL_REPRESENTATION('',(#217),#220);
#217 = B_SPLINE_CURVE_WITH_KNOTS('',1,(#218,#219),.UNSPECIFIED.,.F.,.F.,
  (2,2),(0.,30.),.PIECEWISE_BEZIER_KNOTS.);
#218 = CARTESIAN_POINT('',(0.,0.));
#219 = CARTESIAN_POINT('',(30.,0.));
#220 = ( GEOMETRIC_REPRESENTATION_CONTEXT(2) 
PARAMETRIC_REPRESENTATION_CONTEXT() REPRESENTATION_CONTEXT('2D SPACE',''
  ) );
#221 = ORIENTED_EDGE('',*,*,#222,.F.);
#222 = EDGE_CURVE('',#223,#198,#225,.T.);
#223 = VERTEX_POINT('',#224);
#224 = CARTESIAN_POINT('',(76.586605785827,203.,141.38989221983));
#225 = SURFACE_CURVE('',#226,(#229,#235),.PCURVE_S1.);
#226 = B_SPLINE_CURVE_WITH_KNOTS('',1,(#227,#228),.UNSPECIFIED.,.F.,.F.,
  (2,2),(0.,23.),.PIECEWISE_BEZIER_KNOTS.);
#227 = CARTESIAN_POINT('',(76.586605785827,183.43011325446,
    141.38989221983));
#228 = CARTESIAN_POINT('',(76.586605785827,206.43011325446,
    141.38989221983));
#229 = PCURVE('',#64,#230);
#230 = DEFINITIONAL_REPRESENTATION('',(#231),#234);
#231 = B_SPLINE_CURVE_WITH_KNOTS('',1,(#232,#233),.UNSPECIFIED.,.F.,.F.,
  (2,2),(0.,23.),.PIECEWISE_BEZIER_KNOTS.);
#232 = CARTESIAN_POINT('',(0.,0.));
#233 = CARTESIAN_POINT('',(0.,23.));
#234 = ( GEOMETRIC_REPRESENTATION_CONTEXT(2) 
PARAMETRIC_REPRESENTATION_CONTEXT() REPRESENTATION_CONTEXT('2D SPACE',''
  ) );
#235 = PCURVE('',#236,#241);
#236 = B_SPLINE_SURFACE_WITH_KNOTS('',1,1,(
    (#237,#238)
    ,(#239,#240
    )),.UNSPECIFIED.,.F.,.F.,.F.,(2,2),(2,2),(0.,2.),(-23.,0.),
  .PIECEWISE_BEZIER_KNOTS.);
#237 = CARTESIAN_POINT('',(76.586605785827,206.43011325446,
    139.38989221983));
#238 = CARTESIAN_POINT('',(76.586605785827,183.43011325446,
    139.38989221983));
#239 = CARTESIAN_POINT('',(76.586605785827,206.43011325446,
    141.38989221983));
#240 = CARTESIAN_POINT('',(76.586605785827,183.43011325446,
    141.38989221983));
#241 = DEFINITIONAL_REPRESENTATION('',(#242),#245);
#242 = B_SPLINE_CURVE_WITH_KNOTS('',1,(#243,#244),.UNSPECIFIED.,.F.,.F.,
  (2,2),(0.,23.),.PIECEWISE_BEZIER_KNOTS.);
#243 = CARTESIAN_POINT('',(2.,0.));
#244 = CARTESIAN_POINT('',(2.,-23.));
#245 = ( GEOMETRIC_REPRESENTATION_CONTEXT(2) 
PARAMETRIC_REPRESENTATION_CONTEXT() REPRESENTATION_CONTEXT('2D SPACE',''
  ) );
#246 = ORIENTED_EDGE('',*,*,#247,.F.);
#247 = EDGE_CURVE('',#248,#223,#250,.T.);
#248 = VERTEX_POINT('',#249);
#249 = CARTESIAN_POINT('',(65.,203.,141.38989221983));
#250 = SURFACE_CURVE('',#251,(#254,#260),.PCURVE_S1.);
#251 = B_SPLINE_CURVE_WITH_KNOTS('',1,(#252,#253),.UNSPECIFIED.,.F.,.F.,
  (2,2),(0.,1.),.PIECEWISE_BEZIER_KNOTS.);
#252 = CARTESIAN_POINT('',(65.,203.,141.38989221983));
#253 = CARTESIAN_POINT('',(76.586605785827,203.,141.38989221983));
#254 = PCURVE('',#64,#255);
#255 = DEFINITIONAL_REPRESENTATION('',(#256),#259);
#256 = B_SPLINE_CURVE_WITH_KNOTS('',1,(#257,#258),.UNSPECIFIED.,.F.,.F.,
  (2,2),(0.,1.),.PIECEWISE_BEZIER_KNOTS.);
#257 = CARTESIAN_POINT('',(11.586605785827,19.569886745531));
#258 = CARTESIAN_POINT('',(0.,19.569886745531));
#259 = ( GEOMETRIC_REPRESENTATION_CONTEXT(2) 
PARAMETRIC_REPRESENTATION_CONTEXT() REPRESENTATION_CONTEXT('2D SPACE',''
  ) );
#260 = PCURVE('',#261,#266);
#261 = PLANE('',#262);
#262 = AXIS2_PLACEMENT_3D('',#263,#264,#265);
#263 = CARTESIAN_POINT('',(95.,203.,134.38989221983));
#264 = DIRECTION('',(-1.224646799147E-16,-1.,0.));
#265 = DIRECTION('',(0.,0.,1.));
#266 = DEFINITIONAL_REPRESENTATION('',(#267),#270);
#267 = B_SPLINE_CURVE_WITH_KNOTS('',1,(#268,#269),.UNSPECIFIED.,.F.,.F.,
  (2,2),(0.,1.),.PIECEWISE_BEZIER_KNOTS.);
#268 = CARTESIAN_POINT('',(7.,30.));
#269 = CARTESIAN_POINT('',(7.,18.413394214173));
#270 = ( GEOMETRIC_REPRESENTATION_CONTEXT(2) 
PARAMETRIC_REPRESENTATION_CONTEXT() REPRESENTATION_CONTEXT('2D SPACE',''
  ) );
#271 = ORIENTED_EDGE('',*,*,#272,.F.);
#272 = EDGE_CURVE('',#273,#248,#275,.T.);
#273 = VERTEX_POINT('',#274);
#274 = CARTESIAN_POINT('',(65.,201.,141.38989221983));
#275 = SURFACE_CURVE('',#276,(#279,#285),.PCURVE_S1.);
#276 = B_SPLINE_CURVE_WITH_KNOTS('',1,(#277,#278),.UNSPECIFIED.,.F.,.F.,
  (2,2),(0.,1.),.PIECEWISE_BEZIER_KNOTS.);
#277 = CARTESIAN_POINT('',(65.,201.,141.38989221983));
#278 = CARTESIAN_POINT('',(65.,203.,141.38989221983));
#279 = PCURVE('',#64,#280);
#280 = DEFINITIONAL_REPRESENTATION('',(#281),#284);
#281 = B_SPLINE_CURVE_WITH_KNOTS('',1,(#282,#283),.UNSPECIFIED.,.F.,.F.,
  (2,2),(0.,1.),.PIECEWISE_BEZIER_KNOTS.);
#282 = CARTESIAN_POINT('',(11.586605785827,17.569886745531));
#283 = CARTESIAN_POINT('',(11.586605785827,19.569886745531));
#284 = ( GEOMETRIC_REPRESENTATION_CONTEXT(2) 
PARAMETRIC_REPRESENTATION_CONTEXT() REPRESENTATION_CONTEXT('2D SPACE',''
  ) );
#285 = PCURVE('',#286,#291);
#286 = PLANE('',#287);
#287 = AXIS2_PLACEMENT_3D('',#288,#289,#290);
#288 = CARTESIAN_POINT('',(65.,203.,134.38989221983));
#289 = DIRECTION('',(-1.,1.224646799147E-16,0.));
#290 = DIRECTION('',(0.,0.,1.));
#291 = DEFINITIONAL_REPRESENTATION('',(#292),#295);
#292 = B_SPLINE_CURVE_WITH_KNOTS('',1,(#293,#294),.UNSPECIFIED.,.F.,.F.,
  (2,2),(0.,1.),.PIECEWISE_BEZIER_KNOTS.);
#293 = CARTESIAN_POINT('',(7.,-2.));
#294 = CARTESIAN_POINT('',(7.,0.));
#295 = ( GEOMETRIC_REPRESENTATION_CONTEXT(2) 
PARAMETRIC_REPRESENTATION_CONTEXT() REPRESENTATION_CONTEXT('2D SPACE',''
  ) );
#296 = ORIENTED_EDGE('',*,*,#297,.T.);
#297 = EDGE_CURVE('',#273,#46,#298,.T.);
#298 = SURFACE_CURVE('',#299,(#302,#308),.PCURVE_S1.);
#299 = B_SPLINE_CURVE_WITH_KNOTS('',1,(#300,#301),.UNSPECIFIED.,.F.,.F.,
  (2,2),(0.,1.),.PIECEWISE_BEZIER_KNOTS.);
#300 = CARTESIAN_POINT('',(65.,201.,141.38989221983));
#301 = CARTESIAN_POINT('',(76.586605785827,201.,141.38989221983));
#302 = PCURVE('',#64,#303);
#303 = DEFINITIONAL_REPRESENTATION('',(#304),#307);
#304 = B_SPLINE_CURVE_WITH_KNOTS('',1,(#305,#306),.UNSPECIFIED.,.F.,.F.,
  (2,2),(0.,1.),.PIECEWISE_BEZIER_KNOTS.);
#305 = CARTESIAN_POINT('',(11.586605785827,17.569886745531));
#306 = CARTESIAN_POINT('',(0.,17.569886745531));
#307 = ( GEOMETRIC_REPRESENTATION_CONTEXT(2) 
PARAMETRIC_REPRESENTATION_CONTEXT() REPRESENTATION_CONTEXT('2D SPACE',''
  ) );
#308 = PCURVE('',#137,#309);
#309 = DEFINITIONAL_REPRESENTATION('',(#310),#313);
#310 = B_SPLINE_CURVE_WITH_KNOTS('',1,(#311,#312),.UNSPECIFIED.,.F.,.F.,
  (2,2),(0.,1.),.PIECEWISE_BEZIER_KNOTS.);
#311 = CARTESIAN_POINT('',(7.,30.));
#312 = CARTESIAN_POINT('',(7.,18.413394214173));
#313 = ( GEOMETRIC_REPRESENTATION_CONTEXT(2) 
PARAMETRIC_REPRESENTATION_CONTEXT() REPRESENTATION_CONTEXT('2D SPACE',''
  ) );
#314 = FACE_BOUND('',#315,.F.);
#315 = EDGE_LOOP('',(#316));
#316 = ORIENTED_EDGE('',*,*,#317,.F.);
#317 = EDGE_CURVE('',#318,#318,#320,.T.);
#318 = VERTEX_POINT('',#319);
#319 = CARTESIAN_POINT('',(67.886605785827,190.43011325446,
    141.38989221983));
#320 = SURFACE_CURVE('',#321,(#329,#340),.PCURVE_S1.);
#321 = ( BOUNDED_CURVE() B_SPLINE_CURVE(2,(#322,#323,#324,#325,#326,#327
,#328),.UNSPECIFIED.,.T.,.F.) B_SPLINE_CURVE_WITH_KNOTS((1,2,2,2,2,1),(
    -2.094395102393,0.,2.094395102393,4.188790204786,6.28318530718,
8.377580409573),.UNSPECIFIED.) CURVE() GEOMETRIC_REPRESENTATION_ITEM() 
RATIONAL_B_SPLINE_CURVE((1.,0.5,1.,0.5,1.,0.5,1.)) REPRESENTATION_ITEM(
  '') );
#322 = CARTESIAN_POINT('',(67.886605785827,190.43011325446,
    141.38989221983));
#323 = CARTESIAN_POINT('',(67.886605785827,193.37459962733,
    141.38989221983));
#324 = CARTESIAN_POINT('',(70.436605785827,191.9023564409,
    141.38989221983));
#325 = CARTESIAN_POINT('',(72.986605785827,190.43011325446,
    141.38989221983));
#326 = CARTESIAN_POINT('',(70.436605785827,188.95787006803,
    141.38989221983));
#327 = CARTESIAN_POINT('',(67.886605785827,187.4856268816,
    141.38989221983));
#328 = CARTESIAN_POINT('',(67.886605785827,190.43011325446,
    141.38989221983));
#329 = PCURVE('',#64,#330);
#330 = DEFINITIONAL_REPRESENTATION('',(#331),#339);
#331 = ( BOUNDED_CURVE() B_SPLINE_CURVE(2,(#332,#333,#334,#335,#336,#337
,#338),.UNSPECIFIED.,.T.,.F.) B_SPLINE_CURVE_WITH_KNOTS((1,2,2,2,2,1),(
    -2.094395102393,0.,2.094395102393,4.188790204786,6.28318530718,
8.377580409573),.UNSPECIFIED.) CURVE() GEOMETRIC_REPRESENTATION_ITEM() 
RATIONAL_B_SPLINE_CURVE((1.,0.5,1.,0.5,1.,0.5,1.)) REPRESENTATION_ITEM(
  '') );
#332 = CARTESIAN_POINT('',(8.7,7.));
#333 = CARTESIAN_POINT('',(8.7,9.944486372867));
#334 = CARTESIAN_POINT('',(6.15,8.472243186434));
#335 = CARTESIAN_POINT('',(3.6,7.));
#336 = CARTESIAN_POINT('',(6.15,5.527756813566));
#337 = CARTESIAN_POINT('',(8.7,4.055513627133));
#338 = CARTESIAN_POINT('',(8.7,7.));
#339 = ( GEOMETRIC_REPRESENTATION_CONTEXT(2) 
PARAMETRIC_REPRESENTATION_CONTEXT() REPRESENTATION_CONTEXT('2D SPACE',''
  ) );
#340 = PCURVE('',#341,#356);
#341 = ( BOUNDED_SURFACE() B_SPLINE_SURFACE(2,1,(
    (#342,#343)
    ,(#344,#345)
    ,(#346,#347)
    ,(#348,#349)
    ,(#350,#351)
    ,(#352,#353)
,(#354,#355
    )),.UNSPECIFIED.,.T.,.F.,.F.) B_SPLINE_SURFACE_WITH_KNOTS((1,2,2,2,2
    ,1),(2,2),(-2.094395102393,0.,2.094395102393,4.188790204786,
    6.28318530718,8.377580409573),(9.999999999999E-02,2.1),
.UNSPECIFIED.) GEOMETRIC_REPRESENTATION_ITEM() RATIONAL_B_SPLINE_SURFACE
((
    (1.,1.)
    ,(0.5,0.5)
    ,(1.,1.)
    ,(0.5,0.5)
    ,(1.,1.)
    ,(0.5,0.5)
,(1.,1.))) REPRESENTATION_ITEM('') SURFACE() );
#342 = CARTESIAN_POINT('',(67.886605785827,190.43011325446,
    139.38989221983));
#343 = CARTESIAN_POINT('',(67.886605785827,190.43011325446,
    141.38989221983));
#344 = CARTESIAN_POINT('',(67.886605785827,193.37459962733,
    139.38989221983));
#345 = CARTESIAN_POINT('',(67.886605785827,193.37459962733,
    141.38989221983));
#346 = CARTESIAN_POINT('',(70.436605785827,191.9023564409,
    139.38989221983));
#347 = CARTESIAN_POINT('',(70.436605785827,191.9023564409,
    141.38989221983));
#348 = CARTESIAN_POINT('',(72.986605785827,190.43011325446,
    139.38989221983));
#349 = CARTESIAN_POINT('',(72.986605785827,190.43011325446,
    141.38989221983));
#350 = CARTESIAN_POINT('',(70.436605785827,188.95787006803,
    139.38989221983));
#351 = CARTESIAN_POINT('',(70.436605785827,188.95787006803,
    141.38989221983));
#352 = CARTESIAN_POINT('',(67.886605785827,187.4856268816,
    139.38989221983));
#353 = CARTESIAN_POINT('',(67.886605785827,187.4856268816,
    141.38989221983));
#354 = CARTESIAN_POINT('',(67.886605785827,190.43011325446,
    139.38989221983));
#355 = CARTESIAN_POINT('',(67.886605785827,190.43011325446,
    141.38989221983));
#356 = DEFINITIONAL_REPRESENTATION('',(#357),#365);
#357 = B_SPLINE_CURVE_WITH_KNOTS('',2,(#358,#359,#360,#361,#362,#363,
    #364),.UNSPECIFIED.,.F.,.F.,(3,2,2,3),(0.,2.094395102393,
    4.188790204786,6.28318530718),.PIECEWISE_BEZIER_KNOTS.);
#358 = CARTESIAN_POINT('',(0.,2.1));
#359 = CARTESIAN_POINT('',(1.047197551197,2.1));
#360 = CARTESIAN_POINT('',(2.094395102393,2.1));
#361 = CARTESIAN_POINT('',(3.14159265359,2.1));
#362 = CARTESIAN_POINT('',(4.188790204786,2.1));
#363 = CARTESIAN_POINT('',(5.235987755983,2.1));
#364 = CARTESIAN_POINT('',(6.28318530718,2.1));
#365 = ( GEOMETRIC_REPRESENTATION_CONTEXT(2) 
PARAMETRIC_REPRESENTATION_CONTEXT() REPRESENTATION_CONTEXT('2D SPACE',''
  ) );
#366 = FACE_BOUND('',#367,.F.);
#367 = EDGE_LOOP('',(#368));
#368 = ORIENTED_EDGE('',*,*,#369,.F.);
#369 = EDGE_CURVE('',#370,#370,#372,.T.);
#370 = VERTEX_POINT('',#371);
#371 = CARTESIAN_POINT('',(51.886605785827,190.43011325446,
    141.38989221983));
#372 = SURFACE_CURVE('',#373,(#381,#392),.PCURVE_S1.);
#373 = ( BOUNDED_CURVE() B_SPLINE_CURVE(2,(#374,#375,#376,#377,#378,#379
,#380),.UNSPECIFIED.,.T.,.F.) B_SPLINE_CURVE_WITH_KNOTS((1,2,2,2,2,1),(
    -2.094395102393,0.,2.094395102393,4.188790204786,6.28318530718,
8.377580409573),.UNSPECIFIED.) CURVE() GEOMETRIC_REPRESENTATION_ITEM() 
RATIONAL_B_SPLINE_CURVE((1.,0.5,1.,0.5,1.,0.5,1.)) REPRESENTATION_ITEM(
  '') );
#374 = CARTESIAN_POINT('',(51.886605785827,190.43011325446,
    141.38989221983));
#375 = CARTESIAN_POINT('',(51.886605785827,193.37459962733,
    141.38989221983));
#376 = CARTESIAN_POINT('',(54.436605785827,191.9023564409,
    141.38989221983));
#377 = CARTESIAN_POINT('',(56.986605785827,190.43011325446,
    141.38989221983));
#378 = CARTESIAN_POINT('',(54.436605785827,188.95787006803,
    141.38989221983));
#379 = CARTESIAN_POINT('',(51.886605785827,187.4856268816,
    141.38989221983));
#380 = CARTESIAN_POINT('',(51.886605785827,190.43011325446,
    141.38989221983));
#381 = PCURVE('',#64,#382);
#382 = DEFINITIONAL_REPRESENTATION('',(#383),#391);
#383 = ( BOUNDED_CURVE() B_SPLINE_CURVE(2,(#384,#385,#386,#387,#388,#389
,#390),.UNSPECIFIED.,.T.,.F.) B_SPLINE_CURVE_WITH_KNOTS((1,2,2,2,2,1),(
    -2.094395102393,0.,2.094395102393,4.188790204786,6.28318530718,
8.377580409573),.UNSPECIFIED.) CURVE() GEOMETRIC_REPRESENTATION_ITEM() 
RATIONAL_B_SPLINE_CURVE((1.,0.5,1.,0.5,1.,0.5,1.)) REPRESENTATION_ITEM(
  '') );
#384 = CARTESIAN_POINT('',(24.7,7.));
#385 = CARTESIAN_POINT('',(24.7,9.944486372867));
#386 = CARTESIAN_POINT('',(22.15,8.472243186434));
#387 = CARTESIAN_POINT('',(19.6,7.));
#388 = CARTESIAN_POINT('',(22.15,5.527756813566));
#389 = CARTESIAN_POINT('',(24.7,4.055513627133));
#390 = CARTESIAN_POINT('',(24.7,7.));
#391 = ( GEOMETRIC_REPRESENTATION_CONTEXT(2) 
PARAMETRIC_REPRESENTATION_CONTEXT() REPRESENTATION_CONTEXT('2D SPACE',''
  ) );
#392 = PCURVE('',#393,#408);
#393 = ( BOUNDED_SURFACE() B_SPLINE_SURFACE(2,1,(
    (#394,#395)
    ,(#396,#397)
    ,(#398,#399)
    ,(#400,#401)
    ,(#402,#403)
    ,(#404,#405)
,(#406,#407
    )),.UNSPECIFIED.,.T.,.F.,.F.) B_SPLINE_SURFACE_WITH_KNOTS((1,2,2,2,2
    ,1),(2,2),(-2.094395102393,0.,2.094395102393,4.188790204786,
    6.28318530718,8.377580409573),(9.999999999999E-02,2.1),
.UNSPECIFIED.) GEOMETRIC_REPRESENTATION_ITEM() RATIONAL_B_SPLINE_SURFACE
((
    (1.,1.)
    ,(0.5,0.5)
    ,(1.,1.)
    ,(0.5,0.5)
    ,(1.,1.)
    ,(0.5,0.5)
,(1.,1.))) REPRESENTATION_ITEM('') SURFACE() );
#394 = CARTESIAN_POINT('',(51.886605785827,190.43011325446,
    139.38989221983));
#395 = CARTESIAN_POINT('',(51.886605785827,190.43011325446,
    141.38989221983));
#396 = CARTESIAN_POINT('',(51.886605785827,193.37459962733,
    139.38989221983));
#397 = CARTESIAN_POINT('',(51.886605785827,193.37459962733,
    141.38989221983));
#398 = CARTESIAN_POINT('',(54.436605785827,191.9023564409,
    139.38989221983));
#399 = CARTESIAN_POINT('',(54.436605785827,191.9023564409,
    141.38989221983));
#400 = CARTESIAN_POINT('',(56.986605785827,190.43011325446,
    139.38989221983));
#401 = CARTESIAN_POINT('',(56.986605785827,190.43011325446,
    141.38989221983));
#402 = CARTESIAN_POINT('',(54.436605785827,188.95787006803,
    139.38989221983));
#403 = CARTESIAN_POINT('',(54.436605785827,188.95787006803,
    141.38989221983));
#404 = CARTESIAN_POINT('',(51.886605785827,187.4856268816,
    139.38989221983));
#405 = CARTESIAN_POINT('',(51.886605785827,187.4856268816,
    141.38989221983));
#406 = CARTESIAN_POINT('',(51.886605785827,190.43011325446,
    139.38989221983));
#407 = CARTESIAN_POINT('',(51.886605785827,190.43011325446,
    141.38989221983));
#408 = DEFINITIONAL_REPRESENTATION('',(#409),#417);
#409 = B_SPLINE_CURVE_WITH_KNOTS('',2,(#410,#411,#412,#413,#414,#415,
    #416),.UNSPECIFIED.,.F.,.F.,(3,2,2,3),(0.,2.094395102393,
    4.188790204786,6.28318530718),.PIECEWISE_BEZIER_KNOTS.);
#410 = CARTESIAN_POINT('',(0.,2.1));
#411 = CARTESIAN_POINT('',(1.047197551197,2.1));
#412 = CARTESIAN_POINT('',(2.094395102393,2.1));
#413 = CARTESIAN_POINT('',(3.14159265359,2.1));
#414 = CARTESIAN_POINT('',(4.188790204786,2.1));
#415 = CARTESIAN_POINT('',(5.235987755983,2.1));
#416 = CARTESIAN_POINT('',(6.28318530718,2.1));
#417 = ( GEOMETRIC_REPRESENTATION_CONTEXT(2) 
PARAMETRIC_REPRESENTATION_CONTEXT() REPRESENTATION_CONTEXT('2D SPACE',''
  ) );
#418 = ADVANCED_FACE('',(#419),#137,.F.);
#419 = FACE_BOUND('',#420,.F.);
#420 = EDGE_LOOP('',(#421,#444,#462,#463));
#421 = ORIENTED_EDGE('',*,*,#422,.F.);
#422 = EDGE_CURVE('',#423,#273,#425,.T.);
#423 = VERTEX_POINT('',#424);
#424 = CARTESIAN_POINT('',(65.,201.,139.38989221983));
#425 = SURFACE_CURVE('',#426,(#430,#437),.PCURVE_S1.);
#426 = LINE('',#427,#428);
#427 = CARTESIAN_POINT('',(65.,201.,134.38989221983));
#428 = VECTOR('',#429,1.);
#429 = DIRECTION('',(0.,0.,1.));
#430 = PCURVE('',#137,#431);
#431 = DEFINITIONAL_REPRESENTATION('',(#432),#436);
#432 = LINE('',#433,#434);
#433 = CARTESIAN_POINT('',(0.,30.));
#434 = VECTOR('',#435,1.);
#435 = DIRECTION('',(1.,0.));
#436 = ( GEOMETRIC_REPRESENTATION_CONTEXT(2) 
PARAMETRIC_REPRESENTATION_CONTEXT() REPRESENTATION_CONTEXT('2D SPACE',''
  ) );
#437 = PCURVE('',#286,#438);
#438 = DEFINITIONAL_REPRESENTATION('',(#439),#443);
#439 = LINE('',#440,#441);
#440 = CARTESIAN_POINT('',(0.,-2.));
#441 = VECTOR('',#442,1.);
#442 = DIRECTION('',(1.,0.));
#443 = ( GEOMETRIC_REPRESENTATION_CONTEXT(2) 
PARAMETRIC_REPRESENTATION_CONTEXT() REPRESENTATION_CONTEXT('2D SPACE',''
  ) );
#444 = ORIENTED_EDGE('',*,*,#445,.T.);
#445 = EDGE_CURVE('',#423,#101,#446,.T.);
#446 = SURFACE_CURVE('',#447,(#450,#456),.PCURVE_S1.);
#447 = B_SPLINE_CURVE_WITH_KNOTS('',1,(#448,#449),.UNSPECIFIED.,.F.,.F.,
  (2,2),(0.,1.),.PIECEWISE_BEZIER_KNOTS.);
#448 = CARTESIAN_POINT('',(65.,201.,139.38989221983));
#449 = CARTESIAN_POINT('',(76.586605785827,201.,139.38989221983));
#450 = PCURVE('',#137,#451);
#451 = DEFINITIONAL_REPRESENTATION('',(#452),#455);
#452 = B_SPLINE_CURVE_WITH_KNOTS('',1,(#453,#454),.UNSPECIFIED.,.F.,.F.,
  (2,2),(0.,1.),.PIECEWISE_BEZIER_KNOTS.);
#453 = CARTESIAN_POINT('',(5.,30.));
#454 = CARTESIAN_POINT('',(5.,18.413394214173));
#455 = ( GEOMETRIC_REPRESENTATION_CONTEXT(2) 
PARAMETRIC_REPRESENTATION_CONTEXT() REPRESENTATION_CONTEXT('2D SPACE',''
  ) );
#456 = PCURVE('',#114,#457);
#457 = DEFINITIONAL_REPRESENTATION('',(#458),#461);
#458 = B_SPLINE_CURVE_WITH_KNOTS('',1,(#459,#460),.UNSPECIFIED.,.F.,.F.,
  (2,2),(0.,1.),.PIECEWISE_BEZIER_KNOTS.);
#459 = CARTESIAN_POINT('',(11.586605785827,17.569886745531));
#460 = CARTESIAN_POINT('',(0.,17.569886745531));
#461 = ( GEOMETRIC_REPRESENTATION_CONTEXT(2) 
PARAMETRIC_REPRESENTATION_CONTEXT() REPRESENTATION_CONTEXT('2D SPACE',''
  ) );
#462 = ORIENTED_EDGE('',*,*,#125,.F.);
#463 = ORIENTED_EDGE('',*,*,#297,.F.);
#464 = ADVANCED_FACE('',(#465,#593,#762),#114,.T.);
#465 = FACE_BOUND('',#466,.T.);
#466 = EDGE_LOOP('',(#467,#468,#488,#508,#534,#554,#574,#592));
#467 = ORIENTED_EDGE('',*,*,#100,.F.);
#468 = ORIENTED_EDGE('',*,*,#469,.T.);
#469 = EDGE_CURVE('',#76,#470,#472,.T.);
#470 = VERTEX_POINT('',#471);
#471 = CARTESIAN_POINT('',(46.586605785827,183.43011325446,
    139.38989221983));
#472 = SURFACE_CURVE('',#473,(#476,#482),.PCURVE_S1.);
#473 = B_SPLINE_CURVE_WITH_KNOTS('',1,(#474,#475),.UNSPECIFIED.,.F.,.F.,
  (2,2),(0.,30.),.PIECEWISE_BEZIER_KNOTS.);
#474 = CARTESIAN_POINT('',(76.586605785827,183.43011325446,
    139.38989221983));
#475 = CARTESIAN_POINT('',(46.586605785827,183.43011325446,
    139.38989221983));
#476 = PCURVE('',#114,#477);
#477 = DEFINITIONAL_REPRESENTATION('',(#478),#481);
#478 = B_SPLINE_CURVE_WITH_KNOTS('',1,(#479,#480),.UNSPECIFIED.,.F.,.F.,
  (2,2),(0.,30.),.PIECEWISE_BEZIER_KNOTS.);
#479 = CARTESIAN_POINT('',(0.,0.));
#480 = CARTESIAN_POINT('',(30.,0.));
#481 = ( GEOMETRIC_REPRESENTATION_CONTEXT(2) 
PARAMETRIC_REPRESENTATION_CONTEXT() REPRESENTATION_CONTEXT('2D SPACE',''
  ) );
#482 = PCURVE('',#89,#483);
#483 = DEFINITIONAL_REPRESENTATION('',(#484),#487);
#484 = B_SPLINE_CURVE_WITH_KNOTS('',1,(#485,#486),.UNSPECIFIED.,.F.,.F.,
  (2,2),(0.,30.),.PIECEWISE_BEZIER_KNOTS.);
#485 = CARTESIAN_POINT('',(0.,0.));
#486 = CARTESIAN_POINT('',(0.,30.));
#487 = ( GEOMETRIC_REPRESENTATION_CONTEXT(2) 
PARAMETRIC_REPRESENTATION_CONTEXT() REPRESENTATION_CONTEXT('2D SPACE',''
  ) );
#488 = ORIENTED_EDGE('',*,*,#489,.T.);
#489 = EDGE_CURVE('',#470,#490,#492,.T.);
#490 = VERTEX_POINT('',#491);
#491 = CARTESIAN_POINT('',(46.586605785827,206.43011325446,
    139.38989221983));
#492 = SURFACE_CURVE('',#493,(#496,#502),.PCURVE_S1.);
#493 = B_SPLINE_CURVE_WITH_KNOTS('',1,(#494,#495),.UNSPECIFIED.,.F.,.F.,
  (2,2),(0.,23.),.PIECEWISE_BEZIER_KNOTS.);
#494 = CARTESIAN_POINT('',(46.586605785827,183.43011325446,
    139.38989221983));
#495 = CARTESIAN_POINT('',(46.586605785827,206.43011325446,
    139.38989221983));
#496 = PCURVE('',#114,#497);
#497 = DEFINITIONAL_REPRESENTATION('',(#498),#501);
#498 = B_SPLINE_CURVE_WITH_KNOTS('',1,(#499,#500),.UNSPECIFIED.,.F.,.F.,
  (2,2),(0.,23.),.PIECEWISE_BEZIER_KNOTS.);
#499 = CARTESIAN_POINT('',(30.,0.));
#500 = CARTESIAN_POINT('',(30.,23.));
#501 = ( GEOMETRIC_REPRESENTATION_CONTEXT(2) 
PARAMETRIC_REPRESENTATION_CONTEXT() REPRESENTATION_CONTEXT('2D SPACE',''
  ) );
#502 = PCURVE('',#186,#503);
#503 = DEFINITIONAL_REPRESENTATION('',(#504),#507);
#504 = B_SPLINE_CURVE_WITH_KNOTS('',1,(#505,#506),.UNSPECIFIED.,.F.,.F.,
  (2,2),(0.,23.),.PIECEWISE_BEZIER_KNOTS.);
#505 = CARTESIAN_POINT('',(0.,0.));
#506 = CARTESIAN_POINT('',(0.,-23.));
#507 = ( GEOMETRIC_REPRESENTATION_CONTEXT(2) 
PARAMETRIC_REPRESENTATION_CONTEXT() REPRESENTATION_CONTEXT('2D SPACE',''
  ) );
#508 = ORIENTED_EDGE('',*,*,#509,.T.);
#509 = EDGE_CURVE('',#490,#510,#512,.T.);
#510 = VERTEX_POINT('',#511);
#511 = CARTESIAN_POINT('',(76.586605785827,206.43011325446,
    139.38989221983));
#512 = SURFACE_CURVE('',#513,(#516,#522),.PCURVE_S1.);
#513 = B_SPLINE_CURVE_WITH_KNOTS('',1,(#514,#515),.UNSPECIFIED.,.F.,.F.,
  (2,2),(-30.,0.),.PIECEWISE_BEZIER_KNOTS.);
#514 = CARTESIAN_POINT('',(46.586605785827,206.43011325446,
    139.38989221983));
#515 = CARTESIAN_POINT('',(76.586605785827,206.43011325446,
    139.38989221983));
#516 = PCURVE('',#114,#517);
#517 = DEFINITIONAL_REPRESENTATION('',(#518),#521);
#518 = B_SPLINE_CURVE_WITH_KNOTS('',1,(#519,#520),.UNSPECIFIED.,.F.,.F.,
  (2,2),(-30.,0.),.PIECEWISE_BEZIER_KNOTS.);
#519 = CARTESIAN_POINT('',(30.,23.));
#520 = CARTESIAN_POINT('',(0.,23.));
#521 = ( GEOMETRIC_REPRESENTATION_CONTEXT(2) 
PARAMETRIC_REPRESENTATION_CONTEXT() REPRESENTATION_CONTEXT('2D SPACE',''
  ) );
#522 = PCURVE('',#523,#528);
#523 = B_SPLINE_SURFACE_WITH_KNOTS('',1,1,(
    (#524,#525)
    ,(#526,#527
    )),.UNSPECIFIED.,.F.,.F.,.F.,(2,2),(2,2),(0.,30.),(0.,45.),
  .PIECEWISE_BEZIER_KNOTS.);
#524 = CARTESIAN_POINT('',(76.586605785827,168.43011325446,
    139.38989221983));
#525 = CARTESIAN_POINT('',(76.586605785827,213.43011325446,
    139.38989221983));
#526 = CARTESIAN_POINT('',(46.586605785827,168.43011325446,
    139.38989221983));
#527 = CARTESIAN_POINT('',(46.586605785827,213.43011325446,
    139.38989221983));
#528 = DEFINITIONAL_REPRESENTATION('',(#529),#533);
#529 = B_SPLINE_CURVE_WITH_KNOTS('',2,(#530,#531,#532),.UNSPECIFIED.,.F.
  ,.F.,(3,3),(-30.,0.),.PIECEWISE_BEZIER_KNOTS.);
#530 = CARTESIAN_POINT('',(30.,38.));
#531 = CARTESIAN_POINT('',(15.,38.));
#532 = CARTESIAN_POINT('',(0.,38.));
#533 = ( GEOMETRIC_REPRESENTATION_CONTEXT(2) 
PARAMETRIC_REPRESENTATION_CONTEXT() REPRESENTATION_CONTEXT('2D SPACE',''
  ) );
#534 = ORIENTED_EDGE('',*,*,#535,.F.);
#535 = EDGE_CURVE('',#536,#510,#538,.T.);
#536 = VERTEX_POINT('',#537);
#537 = CARTESIAN_POINT('',(76.586605785827,203.,139.38989221983));
#538 = SURFACE_CURVE('',#539,(#542,#548),.PCURVE_S1.);
#539 = B_SPLINE_CURVE_WITH_KNOTS('',1,(#540,#541),.UNSPECIFIED.,.F.,.F.,
  (2,2),(0.,23.),.PIECEWISE_BEZIER_KNOTS.);
#540 = CARTESIAN_POINT('',(76.586605785827,183.43011325446,
    139.38989221983));
#541 = CARTESIAN_POINT('',(76.586605785827,206.43011325446,
    139.38989221983));
#542 = PCURVE('',#114,#543);
#543 = DEFINITIONAL_REPRESENTATION('',(#544),#547);
#544 = B_SPLINE_CURVE_WITH_KNOTS('',1,(#545,#546),.UNSPECIFIED.,.F.,.F.,
  (2,2),(0.,23.),.PIECEWISE_BEZIER_KNOTS.);
#545 = CARTESIAN_POINT('',(0.,0.));
#546 = CARTESIAN_POINT('',(0.,23.));
#547 = ( GEOMETRIC_REPRESENTATION_CONTEXT(2) 
PARAMETRIC_REPRESENTATION_CONTEXT() REPRESENTATION_CONTEXT('2D SPACE',''
  ) );
#548 = PCURVE('',#236,#549);
#549 = DEFINITIONAL_REPRESENTATION('',(#550),#553);
#550 = B_SPLINE_CURVE_WITH_KNOTS('',1,(#551,#552),.UNSPECIFIED.,.F.,.F.,
  (2,2),(0.,23.),.PIECEWISE_BEZIER_KNOTS.);
#551 = CARTESIAN_POINT('',(0.,0.));
#552 = CARTESIAN_POINT('',(0.,-23.));
#553 = ( GEOMETRIC_REPRESENTATION_CONTEXT(2) 
PARAMETRIC_REPRESENTATION_CONTEXT() REPRESENTATION_CONTEXT('2D SPACE',''
  ) );
#554 = ORIENTED_EDGE('',*,*,#555,.F.);
#555 = EDGE_CURVE('',#556,#536,#558,.T.);
#556 = VERTEX_POINT('',#557);
#557 = CARTESIAN_POINT('',(65.,203.,139.38989221983));
#558 = SURFACE_CURVE('',#559,(#562,#568),.PCURVE_S1.);
#559 = B_SPLINE_CURVE_WITH_KNOTS('',1,(#560,#561),.UNSPECIFIED.,.F.,.F.,
  (2,2),(0.,1.),.PIECEWISE_BEZIER_KNOTS.);
#560 = CARTESIAN_POINT('',(65.,203.,139.38989221983));
#561 = CARTESIAN_POINT('',(76.586605785827,203.,139.38989221983));
#562 = PCURVE('',#114,#563);
#563 = DEFINITIONAL_REPRESENTATION('',(#564),#567);
#564 = B_SPLINE_CURVE_WITH_KNOTS('',1,(#565,#566),.UNSPECIFIED.,.F.,.F.,
  (2,2),(0.,1.),.PIECEWISE_BEZIER_KNOTS.);
#565 = CARTESIAN_POINT('',(11.586605785827,19.569886745531));
#566 = CARTESIAN_POINT('',(0.,19.569886745531));
#567 = ( GEOMETRIC_REPRESENTATION_CONTEXT(2) 
PARAMETRIC_REPRESENTATION_CONTEXT() REPRESENTATION_CONTEXT('2D SPACE',''
  ) );
#568 = PCURVE('',#261,#569);
#569 = DEFINITIONAL_REPRESENTATION('',(#570),#573);
#570 = B_SPLINE_CURVE_WITH_KNOTS('',1,(#571,#572),.UNSPECIFIED.,.F.,.F.,
  (2,2),(0.,1.),.PIECEWISE_BEZIER_KNOTS.);
#571 = CARTESIAN_POINT('',(5.,30.));
#572 = CARTESIAN_POINT('',(5.,18.413394214173));
#573 = ( GEOMETRIC_REPRESENTATION_CONTEXT(2) 
PARAMETRIC_REPRESENTATION_CONTEXT() REPRESENTATION_CONTEXT('2D SPACE',''
  ) );
#574 = ORIENTED_EDGE('',*,*,#575,.F.);
#575 = EDGE_CURVE('',#423,#556,#576,.T.);
#576 = SURFACE_CURVE('',#577,(#580,#586),.PCURVE_S1.);
#577 = B_SPLINE_CURVE_WITH_KNOTS('',1,(#578,#579),.UNSPECIFIED.,.F.,.F.,
  (2,2),(0.,1.),.PIECEWISE_BEZIER_KNOTS.);
#578 = CARTESIAN_POINT('',(65.,201.,139.38989221983));
#579 = CARTESIAN_POINT('',(65.,203.,139.38989221983));
#580 = PCURVE('',#114,#581);
#581 = DEFINITIONAL_REPRESENTATION('',(#582),#585);
#582 = B_SPLINE_CURVE_WITH_KNOTS('',1,(#583,#584),.UNSPECIFIED.,.F.,.F.,
  (2,2),(0.,1.),.PIECEWISE_BEZIER_KNOTS.);
#583 = CARTESIAN_POINT('',(11.586605785827,17.569886745531));
#584 = CARTESIAN_POINT('',(11.586605785827,19.569886745531));
#585 = ( GEOMETRIC_REPRESENTATION_CONTEXT(2) 
PARAMETRIC_REPRESENTATION_CONTEXT() REPRESENTATION_CONTEXT('2D SPACE',''
  ) );
#586 = PCURVE('',#286,#587);
#587 = DEFINITIONAL_REPRESENTATION('',(#588),#591);
#588 = B_SPLINE_CURVE_WITH_KNOTS('',1,(#589,#590),.UNSPECIFIED.,.F.,.F.,
  (2,2),(0.,1.),.PIECEWISE_BEZIER_KNOTS.);
#589 = CARTESIAN_POINT('',(5.,-2.));
#590 = CARTESIAN_POINT('',(5.,0.));
#591 = ( GEOMETRIC_REPRESENTATION_CONTEXT(2) 
PARAMETRIC_REPRESENTATION_CONTEXT() REPRESENTATION_CONTEXT('2D SPACE',''
  ) );
#592 = ORIENTED_EDGE('',*,*,#445,.T.);
#593 = FACE_BOUND('',#594,.T.);
#594 = EDGE_LOOP('',(#595,#632,#667));
#595 = ORIENTED_EDGE('',*,*,#596,.F.);
#596 = EDGE_CURVE('',#597,#599,#601,.T.);
#597 = VERTEX_POINT('',#598);
#598 = CARTESIAN_POINT('',(67.886605785827,190.43011325446,
    139.38989221983));
#599 = VERTEX_POINT('',#600);
#600 = CARTESIAN_POINT('',(71.286605785827,190.43011325446,
    139.38989221983));
#601 = SURFACE_CURVE('',#602,(#610,#621),.PCURVE_S1.);
#602 = ( BOUNDED_CURVE() B_SPLINE_CURVE(2,(#603,#604,#605,#606,#607,#608
,#609),.UNSPECIFIED.,.T.,.F.) B_SPLINE_CURVE_WITH_KNOTS((1,2,2,2,2,1),(
    -2.094395102393,0.,2.094395102393,4.188790204786,6.28318530718,
8.377580409573),.UNSPECIFIED.) CURVE() GEOMETRIC_REPRESENTATION_ITEM() 
RATIONAL_B_SPLINE_CURVE((1.,0.5,1.,0.5,1.,0.5,1.)) REPRESENTATION_ITEM(
  '') );
#603 = CARTESIAN_POINT('',(67.886605785827,190.43011325446,
    139.38989221983));
#604 = CARTESIAN_POINT('',(67.886605785827,193.37459962733,
    139.38989221983));
#605 = CARTESIAN_POINT('',(70.436605785827,191.9023564409,
    139.38989221983));
#606 = CARTESIAN_POINT('',(72.986605785827,190.43011325446,
    139.38989221983));
#607 = CARTESIAN_POINT('',(70.436605785827,188.95787006803,
    139.38989221983));
#608 = CARTESIAN_POINT('',(67.886605785827,187.4856268816,
    139.38989221983));
#609 = CARTESIAN_POINT('',(67.886605785827,190.43011325446,
    139.38989221983));
#610 = PCURVE('',#114,#611);
#611 = DEFINITIONAL_REPRESENTATION('',(#612),#620);
#612 = ( BOUNDED_CURVE() B_SPLINE_CURVE(2,(#613,#614,#615,#616,#617,#618
,#619),.UNSPECIFIED.,.T.,.F.) B_SPLINE_CURVE_WITH_KNOTS((1,2,2,2,2,1),(
    -2.094395102393,0.,2.094395102393,4.188790204786,6.28318530718,
8.377580409573),.UNSPECIFIED.) CURVE() GEOMETRIC_REPRESENTATION_ITEM() 
RATIONAL_B_SPLINE_CURVE((1.,0.5,1.,0.5,1.,0.5,1.)) REPRESENTATION_ITEM(
  '') );
#613 = CARTESIAN_POINT('',(8.7,7.));
#614 = CARTESIAN_POINT('',(8.7,9.944486372867));
#615 = CARTESIAN_POINT('',(6.15,8.472243186434));
#616 = CARTESIAN_POINT('',(3.6,7.));
#617 = CARTESIAN_POINT('',(6.15,5.527756813566));
#618 = CARTESIAN_POINT('',(8.7,4.055513627133));
#619 = CARTESIAN_POINT('',(8.7,7.));
#620 = ( GEOMETRIC_REPRESENTATION_CONTEXT(2) 
PARAMETRIC_REPRESENTATION_CONTEXT() REPRESENTATION_CONTEXT('2D SPACE',''
  ) );
#621 = PCURVE('',#341,#622);
#622 = DEFINITIONAL_REPRESENTATION('',(#623),#631);
#623 = B_SPLINE_CURVE_WITH_KNOTS('',2,(#624,#625,#626,#627,#628,#629,
    #630),.UNSPECIFIED.,.F.,.F.,(3,2,2,3),(0.,2.094395102393,
    4.188790204786,6.28318530718),.PIECEWISE_BEZIER_KNOTS.);
#624 = CARTESIAN_POINT('',(0.,9.999999999999E-02));
#625 = CARTESIAN_POINT('',(1.047197551197,9.999999999996E-02));
#626 = CARTESIAN_POINT('',(2.094395102393,9.999999999999E-02));
#627 = CARTESIAN_POINT('',(3.14159265359,9.999999999999E-02));
#628 = CARTESIAN_POINT('',(4.188790204786,0.1));
#629 = CARTESIAN_POINT('',(5.235987755983,0.1));
#630 = CARTESIAN_POINT('',(6.28318530718,9.999999999999E-02));
#631 = ( GEOMETRIC_REPRESENTATION_CONTEXT(2) 
PARAMETRIC_REPRESENTATION_CONTEXT() REPRESENTATION_CONTEXT('2D SPACE',''
  ) );
#632 = ORIENTED_EDGE('',*,*,#633,.F.);
#633 = EDGE_CURVE('',#634,#597,#636,.T.);
#634 = VERTEX_POINT('',#635);
#635 = CARTESIAN_POINT('',(70.270286336257,188.87364902263,
    139.38989221983));
#636 = SURFACE_CURVE('',#637,(#645,#656),.PCURVE_S1.);
#637 = ( BOUNDED_CURVE() B_SPLINE_CURVE(2,(#638,#639,#640,#641,#642,#643
,#644),.UNSPECIFIED.,.T.,.F.) B_SPLINE_CURVE_WITH_KNOTS((1,2,2,2,2,1),(
    -2.094395102393,0.,2.094395102393,4.188790204786,6.28318530718,
8.377580409573),.UNSPECIFIED.) CURVE() GEOMETRIC_REPRESENTATION_ITEM() 
RATIONAL_B_SPLINE_CURVE((1.,0.5,1.,0.5,1.,0.5,1.)) REPRESENTATION_ITEM(
  '') );
#638 = CARTESIAN_POINT('',(67.886605785827,190.43011325446,
    139.38989221983));
#639 = CARTESIAN_POINT('',(67.886605785827,193.37459962733,
    139.38989221983));
#640 = CARTESIAN_POINT('',(70.436605785827,191.9023564409,
    139.38989221983));
#641 = CARTESIAN_POINT('',(72.986605785827,190.43011325446,
    139.38989221983));
#642 = CARTESIAN_POINT('',(70.436605785827,188.95787006803,
    139.38989221983));
#643 = CARTESIAN_POINT('',(67.886605785827,187.4856268816,
    139.38989221983));
#644 = CARTESIAN_POINT('',(67.886605785827,190.43011325446,
    139.38989221983));
#645 = PCURVE('',#114,#646);
#646 = DEFINITIONAL_REPRESENTATION('',(#647),#655);
#647 = ( BOUNDED_CURVE() B_SPLINE_CURVE(2,(#648,#649,#650,#651,#652,#653
,#654),.UNSPECIFIED.,.T.,.F.) B_SPLINE_CURVE_WITH_KNOTS((1,2,2,2,2,1),(
    -2.094395102393,0.,2.094395102393,4.188790204786,6.28318530718,
8.377580409573),.UNSPECIFIED.) CURVE() GEOMETRIC_REPRESENTATION_ITEM() 
RATIONAL_B_SPLINE_CURVE((1.,0.5,1.,0.5,1.,0.5,1.)) REPRESENTATION_ITEM(
  '') );
#648 = CARTESIAN_POINT('',(8.7,7.));
#649 = CARTESIAN_POINT('',(8.7,9.944486372867));
#650 = CARTESIAN_POINT('',(6.15,8.472243186434));
#651 = CARTESIAN_POINT('',(3.6,7.));
#652 = CARTESIAN_POINT('',(6.15,5.527756813566));
#653 = CARTESIAN_POINT('',(8.7,4.055513627133));
#654 = CARTESIAN_POINT('',(8.7,7.));
#655 = ( GEOMETRIC_REPRESENTATION_CONTEXT(2) 
PARAMETRIC_REPRESENTATION_CONTEXT() REPRESENTATION_CONTEXT('2D SPACE',''
  ) );
#656 = PCURVE('',#341,#657);
#657 = DEFINITIONAL_REPRESENTATION('',(#658),#666);
#658 = B_SPLINE_CURVE_WITH_KNOTS('',2,(#659,#660,#661,#662,#663,#664,
    #665),.UNSPECIFIED.,.F.,.F.,(3,2,2,3),(0.,2.094395102393,
    4.188790204786,6.28318530718),.PIECEWISE_BEZIER_KNOTS.);
#659 = CARTESIAN_POINT('',(0.,9.999999999999E-02));
#660 = CARTESIAN_POINT('',(1.047197551197,9.999999999996E-02));
#661 = CARTESIAN_POINT('',(2.094395102393,9.999999999999E-02));
#662 = CARTESIAN_POINT('',(3.14159265359,9.999999999999E-02));
#663 = CARTESIAN_POINT('',(4.188790204786,0.1));
#664 = CARTESIAN_POINT('',(5.235987755983,0.1));
#665 = CARTESIAN_POINT('',(6.28318530718,9.999999999999E-02));
#666 = ( GEOMETRIC_REPRESENTATION_CONTEXT(2) 
PARAMETRIC_REPRESENTATION_CONTEXT() REPRESENTATION_CONTEXT('2D SPACE',''
  ) );
#667 = ORIENTED_EDGE('',*,*,#668,.T.);
#668 = EDGE_CURVE('',#634,#599,#669,.T.);
#669 = SURFACE_CURVE('',#670,(#680,#693),.PCURVE_S1.);
#670 = B_SPLINE_CURVE_WITH_KNOTS('',8,(#671,#672,#673,#674,#675,#676,
    #677,#678,#679),.UNSPECIFIED.,.F.,.F.,(9,9),(0.,1.),
  .PIECEWISE_BEZIER_KNOTS.);
#671 = CARTESIAN_POINT('',(70.270286336257,188.87364902263,
    139.38989221983));
#672 = CARTESIAN_POINT('',(70.495170129806,188.97242975438,
    139.38989221983));
#673 = CARTESIAN_POINT('',(70.704318243596,189.10859784945,
    139.38989221983));
#674 = CARTESIAN_POINT('',(70.88946474314,189.27891130497,
    139.38989221983));
#675 = CARTESIAN_POINT('',(71.044552174209,189.47810760774,
    139.38989221983));
#676 = CARTESIAN_POINT('',(71.164568055634,189.70021261621,
    139.38989221983));
#677 = CARTESIAN_POINT('',(71.246051718065,189.93823479144,
    139.38989221983));
#678 = CARTESIAN_POINT('',(71.286605785827,190.18450609547,
    139.38989221983));
#679 = CARTESIAN_POINT('',(71.286605785827,190.43011325446,
    139.38989221983));
#680 = PCURVE('',#114,#681);
#681 = DEFINITIONAL_REPRESENTATION('',(#682),#692);
#682 = B_SPLINE_CURVE_WITH_KNOTS('',8,(#683,#684,#685,#686,#687,#688,
    #689,#690,#691),.UNSPECIFIED.,.F.,.F.,(9,9),(0.,1.),
  .PIECEWISE_BEZIER_KNOTS.);
#683 = CARTESIAN_POINT('',(6.31631944957,5.443535768171));
#684 = CARTESIAN_POINT('',(6.09143556243,5.542316377194));
#685 = CARTESIAN_POINT('',(5.882287913638,5.678484988594));
#686 = CARTESIAN_POINT('',(5.697140253162,5.848797390708));
#687 = CARTESIAN_POINT('',(5.542054694171,6.047995048322));
#688 = CARTESIAN_POINT('',(5.422036740381,6.270098886689));
#689 = CARTESIAN_POINT('',(5.340554645911,6.508121737653));
#690 = CARTESIAN_POINT('',(5.299999821797,6.754392798488));
#691 = CARTESIAN_POINT('',(5.3,7.));
#692 = ( GEOMETRIC_REPRESENTATION_CONTEXT(2) 
PARAMETRIC_REPRESENTATION_CONTEXT() REPRESENTATION_CONTEXT('2D SPACE',''
  ) );
#693 = PCURVE('',#341,#694);
#694 = DEFINITIONAL_REPRESENTATION('',(#695),#761);
#695 = B_SPLINE_CURVE_WITH_KNOTS('',8,(#696,#697,#698,#699,#700,#701,
    #702,#703,#704,#705,#706,#707,#708,#709,#710,#711,#712,#713,#714,
    #715,#716,#717,#718,#719,#720,#721,#722,#723,#724,#725,#726,#727,
    #728,#729,#730,#731,#732,#733,#734,#735,#736,#737,#738,#739,#740,
    #741,#742,#743,#744,#745,#746,#747,#748,#749,#750,#751,#752,#753,
    #754,#755,#756,#757,#758,#759,#760),.UNSPECIFIED.,.F.,.F.,(9,8,8,8,8
    ,8,8,8,9),(0.,6.25E-02,9.375E-02,0.1015625,0.109375,0.125,0.25,0.5,
    1.),.UNSPECIFIED.);
#696 = CARTESIAN_POINT('',(4.317513825311,0.1));
#697 = CARTESIAN_POINT('',(4.307224337011,0.1));
#698 = CARTESIAN_POINT('',(4.296879428733,0.1));
#699 = CARTESIAN_POINT('',(4.2864781136,0.1));
#700 = CARTESIAN_POINT('',(4.276019367364,0.1));
#701 = CARTESIAN_POINT('',(4.265502128418,0.1));
#702 = CARTESIAN_POINT('',(4.254925297789,0.1));
#703 = CARTESIAN_POINT('',(4.24428773914,0.1));
#704 = CARTESIAN_POINT('',(4.233588278769,0.1));
#705 = CARTESIAN_POINT('',(4.228238545986,0.1));
#706 = CARTESIAN_POINT('',(4.222873342481,0.1));
#707 = CARTESIAN_POINT('',(4.217492516341,0.1));
#708 = CARTESIAN_POINT('',(4.212095915651,0.1));
#709 = CARTESIAN_POINT('',(4.206683388498,0.1));
#710 = CARTESIAN_POINT('',(4.201254782968,0.1));
#711 = CARTESIAN_POINT('',(4.195809947147,0.1));
#712 = CARTESIAN_POINT('',(4.19034872912,0.1));
#713 = CARTESIAN_POINT('',(4.188983330718,0.1));
#714 = CARTESIAN_POINT('',(4.187616819779,0.1));
#715 = CARTESIAN_POINT('',(4.186249206192,0.1));
#716 = CARTESIAN_POINT('',(4.18488814001,0.1));
#717 = CARTESIAN_POINT('',(4.183522476431,0.1));
#718 = CARTESIAN_POINT('',(4.182161203029,0.1));
#719 = CARTESIAN_POINT('',(4.180799637912,0.1));
#720 = CARTESIAN_POINT('',(4.17943936596,0.1));
#721 = CARTESIAN_POINT('',(4.178079070303,0.1));
#722 = CARTESIAN_POINT('',(4.176719765472,0.1));
#723 = CARTESIAN_POINT('',(4.175361451469,0.1));
#724 = CARTESIAN_POINT('',(4.174004128291,0.1));
#725 = CARTESIAN_POINT('',(4.172647795941,0.1));
#726 = CARTESIAN_POINT('',(4.171292454416,0.1));
#727 = CARTESIAN_POINT('',(4.169938103719,0.1));
#728 = CARTESIAN_POINT('',(4.168584743848,0.1));
#729 = CARTESIAN_POINT('',(4.165878007264,0.1));
#730 = CARTESIAN_POINT('',(4.163175204696,0.1));
#731 = CARTESIAN_POINT('',(4.160476317103,0.1));
#732 = CARTESIAN_POINT('',(4.157781325443,0.1));
#733 = CARTESIAN_POINT('',(4.155090210675,0.1));
#734 = CARTESIAN_POINT('',(4.152402953758,0.1));
#735 = CARTESIAN_POINT('',(4.149719535651,0.1));
#736 = CARTESIAN_POINT('',(4.147039937313,0.1));
#737 = CARTESIAN_POINT('',(4.125603158506,0.1));
#738 = CARTESIAN_POINT('',(4.104410844059,0.1));
#739 = CARTESIAN_POINT('',(4.083453373131,0.1));
#740 = CARTESIAN_POINT('',(4.062721440707,0.1));
#741 = CARTESIAN_POINT('',(4.042206057596,0.1));
#742 = CARTESIAN_POINT('',(4.02189855043,0.1));
#743 = CARTESIAN_POINT('',(4.001790561668,0.1));
#744 = CARTESIAN_POINT('',(3.981874049593,0.1));
#745 = CARTESIAN_POINT('',(3.94204101497,0.1));
#746 = CARTESIAN_POINT('',(3.902973797813,0.1));
#747 = CARTESIAN_POINT('',(3.864607868896,0.1));
#748 = CARTESIAN_POINT('',(3.82688329256,0.1));
#749 = CARTESIAN_POINT('',(3.789744273019,0.1));
#750 = CARTESIAN_POINT('',(3.753138700654,0.1));
#751 = CARTESIAN_POINT('',(3.717017698316,0.1));
#752 = CARTESIAN_POINT('',(3.681335167622,0.1));
#753 = CARTESIAN_POINT('',(3.609970130631,0.1));
#754 = CARTESIAN_POINT('',(3.540358966178,0.1));
#755 = CARTESIAN_POINT('',(3.472133607091,0.1));
#756 = CARTESIAN_POINT('',(3.40497051317,0.1));
#757 = CARTESIAN_POINT('',(3.338581826834,0.1));
#758 = CARTESIAN_POINT('',(3.272705303735,0.1));
#759 = CARTESIAN_POINT('',(3.207104744481,0.1));
#760 = CARTESIAN_POINT('',(3.14159265359,0.1));
#761 = ( GEOMETRIC_REPRESENTATION_CONTEXT(2) 
PARAMETRIC_REPRESENTATION_CONTEXT() REPRESENTATION_CONTEXT('2D SPACE',''
  ) );
#762 = FACE_BOUND('',#763,.T.);
#763 = EDGE_LOOP('',(#764,#801,#836));
#764 = ORIENTED_EDGE('',*,*,#765,.F.);
#765 = EDGE_CURVE('',#766,#768,#770,.T.);
#766 = VERTEX_POINT('',#767);
#767 = CARTESIAN_POINT('',(51.886605785827,190.43011325446,
    139.38989221983));
#768 = VERTEX_POINT('',#769);
#769 = CARTESIAN_POINT('',(55.286605785827,190.43011325446,
    139.38989221983));
#770 = SURFACE_CURVE('',#771,(#779,#790),.PCURVE_S1.);
#771 = ( BOUNDED_CURVE() B_SPLINE_CURVE(2,(#772,#773,#774,#775,#776,#777
,#778),.UNSPECIFIED.,.T.,.F.) B_SPLINE_CURVE_WITH_KNOTS((1,2,2,2,2,1),(
    -2.094395102393,0.,2.094395102393,4.188790204786,6.28318530718,
8.377580409573),.UNSPECIFIED.) CURVE() GEOMETRIC_REPRESENTATION_ITEM() 
RATIONAL_B_SPLINE_CURVE((1.,0.5,1.,0.5,1.,0.5,1.)) REPRESENTATION_ITEM(
  '') );
#772 = CARTESIAN_POINT('',(51.886605785827,190.43011325446,
    139.38989221983));
#773 = CARTESIAN_POINT('',(51.886605785827,193.37459962733,
    139.38989221983));
#774 = CARTESIAN_POINT('',(54.436605785827,191.9023564409,
    139.38989221983));
#775 = CARTESIAN_POINT('',(56.986605785827,190.43011325446,
    139.38989221983));
#776 = CARTESIAN_POINT('',(54.436605785827,188.95787006803,
    139.38989221983));
#777 = CARTESIAN_POINT('',(51.886605785827,187.4856268816,
    139.38989221983));
#778 = CARTESIAN_POINT('',(51.886605785827,190.43011325446,
    139.38989221983));
#779 = PCURVE('',#114,#780);
#780 = DEFINITIONAL_REPRESENTATION('',(#781),#789);
#781 = ( BOUNDED_CURVE() B_SPLINE_CURVE(2,(#782,#783,#784,#785,#786,#787
,#788),.UNSPECIFIED.,.T.,.F.) B_SPLINE_CURVE_WITH_KNOTS((1,2,2,2,2,1),(
    -2.094395102393,0.,2.094395102393,4.188790204786,6.28318530718,
8.377580409573),.UNSPECIFIED.) CURVE() GEOMETRIC_REPRESENTATION_ITEM() 
RATIONAL_B_SPLINE_CURVE((1.,0.5,1.,0.5,1.,0.5,1.)) REPRESENTATION_ITEM(
  '') );
#782 = CARTESIAN_POINT('',(24.7,7.));
#783 = CARTESIAN_POINT('',(24.7,9.944486372867));
#784 = CARTESIAN_POINT('',(22.15,8.472243186434));
#785 = CARTESIAN_POINT('',(19.6,7.));
#786 = CARTESIAN_POINT('',(22.15,5.527756813566));
#787 = CARTESIAN_POINT('',(24.7,4.055513627133));
#788 = CARTESIAN_POINT('',(24.7,7.));
#789 = ( GEOMETRIC_REPRESENTATION_CONTEXT(2) 
PARAMETRIC_REPRESENTATION_CONTEXT() REPRESENTATION_CONTEXT('2D SPACE',''
  ) );
#790 = PCURVE('',#393,#791);
#791 = DEFINITIONAL_REPRESENTATION('',(#792),#800);
#792 = B_SPLINE_CURVE_WITH_KNOTS('',2,(#793,#794,#795,#796,#797,#798,
    #799),.UNSPECIFIED.,.F.,.F.,(3,2,2,3),(0.,2.094395102393,
    4.188790204786,6.28318530718),.PIECEWISE_BEZIER_KNOTS.);
#793 = CARTESIAN_POINT('',(0.,9.999999999999E-02));
#794 = CARTESIAN_POINT('',(1.047197551197,9.999999999996E-02));
#795 = CARTESIAN_POINT('',(2.094395102393,9.999999999999E-02));
#796 = CARTESIAN_POINT('',(3.14159265359,9.999999999999E-02));
#797 = CARTESIAN_POINT('',(4.188790204786,0.1));
#798 = CARTESIAN_POINT('',(5.235987755983,0.1));
#799 = CARTESIAN_POINT('',(6.28318530718,9.999999999999E-02));
#800 = ( GEOMETRIC_REPRESENTATION_CONTEXT(2) 
PARAMETRIC_REPRESENTATION_CONTEXT() REPRESENTATION_CONTEXT('2D SPACE',''
  ) );
#801 = ORIENTED_EDGE('',*,*,#802,.F.);
#802 = EDGE_CURVE('',#803,#766,#805,.T.);
#803 = VERTEX_POINT('',#804);
#804 = CARTESIAN_POINT('',(54.544685592006,189.02580449746,
    139.38989221983));
#805 = SURFACE_CURVE('',#806,(#814,#825),.PCURVE_S1.);
#806 = ( BOUNDED_CURVE() B_SPLINE_CURVE(2,(#807,#808,#809,#810,#811,#812
,#813),.UNSPECIFIED.,.T.,.F.) B_SPLINE_CURVE_WITH_KNOTS((1,2,2,2,2,1),(
    -2.094395102393,0.,2.094395102393,4.188790204786,6.28318530718,
8.377580409573),.UNSPECIFIED.) CURVE() GEOMETRIC_REPRESENTATION_ITEM() 
RATIONAL_B_SPLINE_CURVE((1.,0.5,1.,0.5,1.,0.5,1.)) REPRESENTATION_ITEM(
  '') );
#807 = CARTESIAN_POINT('',(51.886605785827,190.43011325446,
    139.38989221983));
#808 = CARTESIAN_POINT('',(51.886605785827,193.37459962733,
    139.38989221983));
#809 = CARTESIAN_POINT('',(54.436605785827,191.9023564409,
    139.38989221983));
#810 = CARTESIAN_POINT('',(56.986605785827,190.43011325446,
    139.38989221983));
#811 = CARTESIAN_POINT('',(54.436605785827,188.95787006803,
    139.38989221983));
#812 = CARTESIAN_POINT('',(51.886605785827,187.4856268816,
    139.38989221983));
#813 = CARTESIAN_POINT('',(51.886605785827,190.43011325446,
    139.38989221983));
#814 = PCURVE('',#114,#815);
#815 = DEFINITIONAL_REPRESENTATION('',(#816),#824);
#816 = ( BOUNDED_CURVE() B_SPLINE_CURVE(2,(#817,#818,#819,#820,#821,#822
,#823),.UNSPECIFIED.,.T.,.F.) B_SPLINE_CURVE_WITH_KNOTS((1,2,2,2,2,1),(
    -2.094395102393,0.,2.094395102393,4.188790204786,6.28318530718,
8.377580409573),.UNSPECIFIED.) CURVE() GEOMETRIC_REPRESENTATION_ITEM() 
RATIONAL_B_SPLINE_CURVE((1.,0.5,1.,0.5,1.,0.5,1.)) REPRESENTATION_ITEM(
  '') );
#817 = CARTESIAN_POINT('',(24.7,7.));
#818 = CARTESIAN_POINT('',(24.7,9.944486372867));
#819 = CARTESIAN_POINT('',(22.15,8.472243186434));
#820 = CARTESIAN_POINT('',(19.6,7.));
#821 = CARTESIAN_POINT('',(22.15,5.527756813566));
#822 = CARTESIAN_POINT('',(24.7,4.055513627133));
#823 = CARTESIAN_POINT('',(24.7,7.));
#824 = ( GEOMETRIC_REPRESENTATION_CONTEXT(2) 
PARAMETRIC_REPRESENTATION_CONTEXT() REPRESENTATION_CONTEXT('2D SPACE',''
  ) );
#825 = PCURVE('',#393,#826);
#826 = DEFINITIONAL_REPRESENTATION('',(#827),#835);
#827 = B_SPLINE_CURVE_WITH_KNOTS('',2,(#828,#829,#830,#831,#832,#833,
    #834),.UNSPECIFIED.,.F.,.F.,(3,2,2,3),(0.,2.094395102393,
    4.188790204786,6.28318530718),.PIECEWISE_BEZIER_KNOTS.);
#828 = CARTESIAN_POINT('',(0.,9.999999999999E-02));
#829 = CARTESIAN_POINT('',(1.047197551197,9.999999999996E-02));
#830 = CARTESIAN_POINT('',(2.094395102393,9.999999999999E-02));
#831 = CARTESIAN_POINT('',(3.14159265359,9.999999999999E-02));
#832 = CARTESIAN_POINT('',(4.188790204786,0.1));
#833 = CARTESIAN_POINT('',(5.235987755983,0.1));
#834 = CARTESIAN_POINT('',(6.28318530718,9.999999999999E-02));
#835 = ( GEOMETRIC_REPRESENTATION_CONTEXT(2) 
PARAMETRIC_REPRESENTATION_CONTEXT() REPRESENTATION_CONTEXT('2D SPACE',''
  ) );
#836 = ORIENTED_EDGE('',*,*,#837,.T.);
#837 = EDGE_CURVE('',#803,#768,#838,.T.);
#838 = SURFACE_CURVE('',#839,(#849,#860),.PCURVE_S1.);
#839 = B_SPLINE_CURVE_WITH_KNOTS('',8,(#840,#841,#842,#843,#844,#845,
    #846,#847,#848),.UNSPECIFIED.,.F.,.F.,(9,9),(0.,1.),
  .PIECEWISE_BEZIER_KNOTS.);
#840 = CARTESIAN_POINT('',(54.544685592006,189.02580449746,
    139.38989221983));
#841 = CARTESIAN_POINT('',(54.71524327813,189.14216628332,
    139.38989221983));
#842 = CARTESIAN_POINT('',(54.869870667938,189.28235312722,
    139.38989221983));
#843 = CARTESIAN_POINT('',(55.004306664931,189.44361372116,
    139.38989221983));
#844 = CARTESIAN_POINT('',(55.115362413866,189.6224430579,
    139.38989221983));
#845 = CARTESIAN_POINT('',(55.200499625776,189.8149666811,
    139.38989221983));
#846 = CARTESIAN_POINT('',(55.257947421233,190.01690414198,
    139.38989221983));
#847 = CARTESIAN_POINT('',(55.286605785827,190.22364513473,
    139.38989221983));
#848 = CARTESIAN_POINT('',(55.286605785827,190.43011325446,
    139.38989221983));
#849 = PCURVE('',#114,#850);
#850 = DEFINITIONAL_REPRESENTATION('',(#851),#859);
#851 = B_SPLINE_CURVE_WITH_KNOTS('',6,(#852,#853,#854,#855,#856,#857,
    #858),.UNSPECIFIED.,.F.,.F.,(7,7),(0.,1.),.PIECEWISE_BEZIER_KNOTS.);
#852 = CARTESIAN_POINT('',(22.041920193821,5.595691242998));
#853 = CARTESIAN_POINT('',(21.814509945655,5.750840290812));
#854 = CARTESIAN_POINT('',(21.616837357364,5.950470351987));
#855 = CARTESIAN_POINT('',(21.460815822669,6.186820298916));
#856 = CARTESIAN_POINT('',(21.353502789999,6.448905882296));
#857 = CARTESIAN_POINT('',(21.3,6.724709173694));
#858 = CARTESIAN_POINT('',(21.3,7.));
#859 = ( GEOMETRIC_REPRESENTATION_CONTEXT(2) 
PARAMETRIC_REPRESENTATION_CONTEXT() REPRESENTATION_CONTEXT('2D SPACE',''
  ) );
#860 = PCURVE('',#393,#861);
#861 = DEFINITIONAL_REPRESENTATION('',(#862),#870);
#862 = B_SPLINE_CURVE_WITH_KNOTS('',6,(#863,#864,#865,#866,#867,#868,
    #869),.UNSPECIFIED.,.F.,.F.,(7,7),(0.,1.),.PIECEWISE_BEZIER_KNOTS.);
#863 = CARTESIAN_POINT('',(4.099853697791,0.1));
#864 = CARTESIAN_POINT('',(3.912000938443,0.1));
#865 = CARTESIAN_POINT('',(3.743109747368,0.1));
#866 = CARTESIAN_POINT('',(3.585858835513,0.1));
#867 = CARTESIAN_POINT('',(3.435569526851,0.1));
#868 = CARTESIAN_POINT('',(3.288452161159,0.1));
#869 = CARTESIAN_POINT('',(3.14159265359,0.1));
#870 = ( GEOMETRIC_REPRESENTATION_CONTEXT(2) 
PARAMETRIC_REPRESENTATION_CONTEXT() REPRESENTATION_CONTEXT('2D SPACE',''
  ) );
#871 = ADVANCED_FACE('',(#872),#89,.T.);
#872 = FACE_BOUND('',#873,.T.);
#873 = EDGE_LOOP('',(#874,#875,#876,#877));
#874 = ORIENTED_EDGE('',*,*,#469,.F.);
#875 = ORIENTED_EDGE('',*,*,#75,.T.);
#876 = ORIENTED_EDGE('',*,*,#152,.T.);
#877 = ORIENTED_EDGE('',*,*,#878,.F.);
#878 = EDGE_CURVE('',#470,#153,#879,.T.);
#879 = SURFACE_CURVE('',#880,(#883,#889),.PCURVE_S1.);
#880 = B_SPLINE_CURVE_WITH_KNOTS('',1,(#881,#882),.UNSPECIFIED.,.F.,.F.,
  (2,2),(0.,2.),.PIECEWISE_BEZIER_KNOTS.);
#881 = CARTESIAN_POINT('',(46.586605785827,183.43011325446,
    139.38989221983));
#882 = CARTESIAN_POINT('',(46.586605785827,183.43011325446,
    141.38989221983));
#883 = PCURVE('',#89,#884);
#884 = DEFINITIONAL_REPRESENTATION('',(#885),#888);
#885 = B_SPLINE_CURVE_WITH_KNOTS('',1,(#886,#887),.UNSPECIFIED.,.F.,.F.,
  (2,2),(0.,2.),.PIECEWISE_BEZIER_KNOTS.);
#886 = CARTESIAN_POINT('',(0.,30.));
#887 = CARTESIAN_POINT('',(2.,30.));
#888 = ( GEOMETRIC_REPRESENTATION_CONTEXT(2) 
PARAMETRIC_REPRESENTATION_CONTEXT() REPRESENTATION_CONTEXT('2D SPACE',''
  ) );
#889 = PCURVE('',#186,#890);
#890 = DEFINITIONAL_REPRESENTATION('',(#891),#894);
#891 = B_SPLINE_CURVE_WITH_KNOTS('',1,(#892,#893),.UNSPECIFIED.,.F.,.F.,
  (2,2),(0.,2.),.PIECEWISE_BEZIER_KNOTS.);
#892 = CARTESIAN_POINT('',(0.,0.));
#893 = CARTESIAN_POINT('',(2.,0.));
#894 = ( GEOMETRIC_REPRESENTATION_CONTEXT(2) 
PARAMETRIC_REPRESENTATION_CONTEXT() REPRESENTATION_CONTEXT('2D SPACE',''
  ) );
#895 = ADVANCED_FACE('',(#896),#286,.F.);
#896 = FACE_BOUND('',#897,.F.);
#897 = EDGE_LOOP('',(#898,#919,#920,#921));
#898 = ORIENTED_EDGE('',*,*,#899,.F.);
#899 = EDGE_CURVE('',#556,#248,#900,.T.);
#900 = SURFACE_CURVE('',#901,(#905,#912),.PCURVE_S1.);
#901 = LINE('',#902,#903);
#902 = CARTESIAN_POINT('',(65.,203.,134.38989221983));
#903 = VECTOR('',#904,1.);
#904 = DIRECTION('',(0.,0.,1.));
#905 = PCURVE('',#286,#906);
#906 = DEFINITIONAL_REPRESENTATION('',(#907),#911);
#907 = LINE('',#908,#909);
#908 = CARTESIAN_POINT('',(0.,0.));
#909 = VECTOR('',#910,1.);
#910 = DIRECTION('',(1.,0.));
#911 = ( GEOMETRIC_REPRESENTATION_CONTEXT(2) 
PARAMETRIC_REPRESENTATION_CONTEXT() REPRESENTATION_CONTEXT('2D SPACE',''
  ) );
#912 = PCURVE('',#261,#913);
#913 = DEFINITIONAL_REPRESENTATION('',(#914),#918);
#914 = LINE('',#915,#916);
#915 = CARTESIAN_POINT('',(0.,30.));
#916 = VECTOR('',#917,1.);
#917 = DIRECTION('',(1.,0.));
#918 = ( GEOMETRIC_REPRESENTATION_CONTEXT(2) 
PARAMETRIC_REPRESENTATION_CONTEXT() REPRESENTATION_CONTEXT('2D SPACE',''
  ) );
#919 = ORIENTED_EDGE('',*,*,#575,.F.);
#920 = ORIENTED_EDGE('',*,*,#422,.T.);
#921 = ORIENTED_EDGE('',*,*,#272,.T.);
#922 = ADVANCED_FACE('',(#923),#261,.T.);
#923 = FACE_BOUND('',#924,.T.);
#924 = EDGE_LOOP('',(#925,#926,#927,#945));
#925 = ORIENTED_EDGE('',*,*,#899,.F.);
#926 = ORIENTED_EDGE('',*,*,#555,.T.);
#927 = ORIENTED_EDGE('',*,*,#928,.F.);
#928 = EDGE_CURVE('',#223,#536,#929,.T.);
#929 = SURFACE_CURVE('',#930,(#933,#939),.PCURVE_S1.);
#930 = B_SPLINE_CURVE_WITH_KNOTS('',1,(#931,#932),.UNSPECIFIED.,.F.,.F.,
  (2,2),(0.,1.),.PIECEWISE_BEZIER_KNOTS.);
#931 = CARTESIAN_POINT('',(76.586605785827,203.,141.38989221983));
#932 = CARTESIAN_POINT('',(76.586605785827,203.,139.38989221983));
#933 = PCURVE('',#261,#934);
#934 = DEFINITIONAL_REPRESENTATION('',(#935),#938);
#935 = B_SPLINE_CURVE_WITH_KNOTS('',1,(#936,#937),.UNSPECIFIED.,.F.,.F.,
  (2,2),(0.,1.),.PIECEWISE_BEZIER_KNOTS.);
#936 = CARTESIAN_POINT('',(7.,18.413394214173));
#937 = CARTESIAN_POINT('',(5.,18.413394214173));
#938 = ( GEOMETRIC_REPRESENTATION_CONTEXT(2) 
PARAMETRIC_REPRESENTATION_CONTEXT() REPRESENTATION_CONTEXT('2D SPACE',''
  ) );
#939 = PCURVE('',#236,#940);
#940 = DEFINITIONAL_REPRESENTATION('',(#941),#944);
#941 = B_SPLINE_CURVE_WITH_KNOTS('',1,(#942,#943),.UNSPECIFIED.,.F.,.F.,
  (2,2),(0.,1.),.PIECEWISE_BEZIER_KNOTS.);
#942 = CARTESIAN_POINT('',(2.,-19.56988674553));
#943 = CARTESIAN_POINT('',(0.,-19.56988674553));
#944 = ( GEOMETRIC_REPRESENTATION_CONTEXT(2) 
PARAMETRIC_REPRESENTATION_CONTEXT() REPRESENTATION_CONTEXT('2D SPACE',''
  ) );
#945 = ORIENTED_EDGE('',*,*,#247,.F.);
#946 = ADVANCED_FACE('',(#947),#236,.T.);
#947 = FACE_BOUND('',#948,.T.);
#948 = EDGE_LOOP('',(#949,#950,#951,#952));
#949 = ORIENTED_EDGE('',*,*,#222,.F.);
#950 = ORIENTED_EDGE('',*,*,#928,.T.);
#951 = ORIENTED_EDGE('',*,*,#535,.T.);
#952 = ORIENTED_EDGE('',*,*,#953,.T.);
#953 = EDGE_CURVE('',#510,#198,#954,.T.);
#954 = SURFACE_CURVE('',#955,(#958,#964),.PCURVE_S1.);
#955 = B_SPLINE_CURVE_WITH_KNOTS('',1,(#956,#957),.UNSPECIFIED.,.F.,.F.,
  (2,2),(28.,30.),.PIECEWISE_BEZIER_KNOTS.);
#956 = CARTESIAN_POINT('',(76.586605785827,206.43011325446,
    139.38989221983));
#957 = CARTESIAN_POINT('',(76.586605785827,206.43011325446,
    141.38989221983));
#958 = PCURVE('',#236,#959);
#959 = DEFINITIONAL_REPRESENTATION('',(#960),#963);
#960 = B_SPLINE_CURVE_WITH_KNOTS('',1,(#961,#962),.UNSPECIFIED.,.F.,.F.,
  (2,2),(28.,30.),.PIECEWISE_BEZIER_KNOTS.);
#961 = CARTESIAN_POINT('',(0.,-23.));
#962 = CARTESIAN_POINT('',(2.,-23.));
#963 = ( GEOMETRIC_REPRESENTATION_CONTEXT(2) 
PARAMETRIC_REPRESENTATION_CONTEXT() REPRESENTATION_CONTEXT('2D SPACE',''
  ) );
#964 = PCURVE('',#965,#970);
#965 = B_SPLINE_SURFACE_WITH_KNOTS('',1,1,(
    (#966,#967)
    ,(#968,#969
    )),.UNSPECIFIED.,.F.,.F.,.F.,(2,2),(2,2),(0.,2.),(-25.,-23.),
  .PIECEWISE_BEZIER_KNOTS.);
#966 = CARTESIAN_POINT('',(76.586605785827,208.43011325446,
    139.38989221983));
#967 = CARTESIAN_POINT('',(76.586605785827,206.43011325446,
    139.38989221983));
#968 = CARTESIAN_POINT('',(76.586605785827,208.43011325446,
    141.38989221983));
#969 = CARTESIAN_POINT('',(76.586605785827,206.43011325446,
    141.38989221983));
#970 = DEFINITIONAL_REPRESENTATION('',(#971),#974);
#971 = B_SPLINE_CURVE_WITH_KNOTS('',1,(#972,#973),.UNSPECIFIED.,.F.,.F.,
  (2,2),(28.,30.),.PIECEWISE_BEZIER_KNOTS.);
#972 = CARTESIAN_POINT('',(0.,-23.));
#973 = CARTESIAN_POINT('',(2.,-23.));
#974 = ( GEOMETRIC_REPRESENTATION_CONTEXT(2) 
PARAMETRIC_REPRESENTATION_CONTEXT() REPRESENTATION_CONTEXT('2D SPACE',''
  ) );
#975 = ADVANCED_FACE('',(#976),#211,.F.);
#976 = FACE_BOUND('',#977,.F.);
#977 = EDGE_LOOP('',(#978,#998,#999,#1024));
#978 = ORIENTED_EDGE('',*,*,#979,.F.);
#979 = EDGE_CURVE('',#198,#980,#982,.T.);
#980 = VERTEX_POINT('',#981);
#981 = CARTESIAN_POINT('',(76.586605785827,208.43011325446,
    141.38989221983));
#982 = SURFACE_CURVE('',#983,(#986,#992),.PCURVE_S1.);
#983 = B_SPLINE_CURVE_WITH_KNOTS('',1,(#984,#985),.UNSPECIFIED.,.F.,.F.,
  (2,2),(0.,2.),.PIECEWISE_BEZIER_KNOTS.);
#984 = CARTESIAN_POINT('',(76.586605785827,206.43011325446,
    141.38989221983));
#985 = CARTESIAN_POINT('',(76.586605785827,208.43011325446,
    141.38989221983));
#986 = PCURVE('',#211,#987);
#987 = DEFINITIONAL_REPRESENTATION('',(#988),#991);
#988 = B_SPLINE_CURVE_WITH_KNOTS('',1,(#989,#990),.UNSPECIFIED.,.F.,.F.,
  (2,2),(0.,2.),.PIECEWISE_BEZIER_KNOTS.);
#989 = CARTESIAN_POINT('',(0.,0.));
#990 = CARTESIAN_POINT('',(0.,2.));
#991 = ( GEOMETRIC_REPRESENTATION_CONTEXT(2) 
PARAMETRIC_REPRESENTATION_CONTEXT() REPRESENTATION_CONTEXT('2D SPACE',''
  ) );
#992 = PCURVE('',#965,#993);
#993 = DEFINITIONAL_REPRESENTATION('',(#994),#997);
#994 = B_SPLINE_CURVE_WITH_KNOTS('',1,(#995,#996),.UNSPECIFIED.,.F.,.F.,
  (2,2),(0.,2.),.PIECEWISE_BEZIER_KNOTS.);
#995 = CARTESIAN_POINT('',(2.,-23.));
#996 = CARTESIAN_POINT('',(2.,-25.));
#997 = ( GEOMETRIC_REPRESENTATION_CONTEXT(2) 
PARAMETRIC_REPRESENTATION_CONTEXT() REPRESENTATION_CONTEXT('2D SPACE',''
  ) );
#998 = ORIENTED_EDGE('',*,*,#197,.T.);
#999 = ORIENTED_EDGE('',*,*,#1000,.T.);
#1000 = EDGE_CURVE('',#173,#1001,#1003,.T.);
#1001 = VERTEX_POINT('',#1002);
#1002 = CARTESIAN_POINT('',(46.586605785827,208.43011325446,
    141.38989221983));
#1003 = SURFACE_CURVE('',#1004,(#1007,#1013),.PCURVE_S1.);
#1004 = B_SPLINE_CURVE_WITH_KNOTS('',1,(#1005,#1006),.UNSPECIFIED.,.F.,
  .F.,(2,2),(0.,2.),.PIECEWISE_BEZIER_KNOTS.);
#1005 = CARTESIAN_POINT('',(46.586605785827,206.43011325446,
    141.38989221983));
#1006 = CARTESIAN_POINT('',(46.586605785827,208.43011325446,
    141.38989221983));
#1007 = PCURVE('',#211,#1008);
#1008 = DEFINITIONAL_REPRESENTATION('',(#1009),#1012);
#1009 = B_SPLINE_CURVE_WITH_KNOTS('',1,(#1010,#1011),.UNSPECIFIED.,.F.,
  .F.,(2,2),(0.,2.),.PIECEWISE_BEZIER_KNOTS.);
#1010 = CARTESIAN_POINT('',(30.,0.));
#1011 = CARTESIAN_POINT('',(30.,2.));
#1012 = ( GEOMETRIC_REPRESENTATION_CONTEXT(2) 
PARAMETRIC_REPRESENTATION_CONTEXT() REPRESENTATION_CONTEXT('2D SPACE',''
  ) );
#1013 = PCURVE('',#1014,#1019);
#1014 = B_SPLINE_SURFACE_WITH_KNOTS('',1,1,(
    (#1015,#1016)
    ,(#1017,#1018
    )),.UNSPECIFIED.,.F.,.F.,.F.,(2,2),(2,2),(0.,2.),(-25.,-23.),
  .PIECEWISE_BEZIER_KNOTS.);
#1015 = CARTESIAN_POINT('',(46.586605785827,208.43011325446,
    139.38989221983));
#1016 = CARTESIAN_POINT('',(46.586605785827,206.43011325446,
    139.38989221983));
#1017 = CARTESIAN_POINT('',(46.586605785827,208.43011325446,
    141.38989221983));
#1018 = CARTESIAN_POINT('',(46.586605785827,206.43011325446,
    141.38989221983));
#1019 = DEFINITIONAL_REPRESENTATION('',(#1020),#1023);
#1020 = B_SPLINE_CURVE_WITH_KNOTS('',1,(#1021,#1022),.UNSPECIFIED.,.F.,
  .F.,(2,2),(0.,2.),.PIECEWISE_BEZIER_KNOTS.);
#1021 = CARTESIAN_POINT('',(2.,-23.));
#1022 = CARTESIAN_POINT('',(2.,-25.));
#1023 = ( GEOMETRIC_REPRESENTATION_CONTEXT(2) 
PARAMETRIC_REPRESENTATION_CONTEXT() REPRESENTATION_CONTEXT('2D SPACE',''
  ) );
#1024 = ORIENTED_EDGE('',*,*,#1025,.F.);
#1025 = EDGE_CURVE('',#980,#1001,#1026,.T.);
#1026 = SURFACE_CURVE('',#1027,(#1030,#1036),.PCURVE_S1.);
#1027 = B_SPLINE_CURVE_WITH_KNOTS('',1,(#1028,#1029),.UNSPECIFIED.,.F.,
  .F.,(2,2),(0.,30.),.PIECEWISE_BEZIER_KNOTS.);
#1028 = CARTESIAN_POINT('',(76.586605785827,208.43011325446,
    141.38989221983));
#1029 = CARTESIAN_POINT('',(46.586605785827,208.43011325446,
    141.38989221983));
#1030 = PCURVE('',#211,#1031);
#1031 = DEFINITIONAL_REPRESENTATION('',(#1032),#1035);
#1032 = B_SPLINE_CURVE_WITH_KNOTS('',1,(#1033,#1034),.UNSPECIFIED.,.F.,
  .F.,(2,2),(0.,30.),.PIECEWISE_BEZIER_KNOTS.);
#1033 = CARTESIAN_POINT('',(0.,2.));
#1034 = CARTESIAN_POINT('',(30.,2.));
#1035 = ( GEOMETRIC_REPRESENTATION_CONTEXT(2) 
PARAMETRIC_REPRESENTATION_CONTEXT() REPRESENTATION_CONTEXT('2D SPACE',''
  ) );
#1036 = PCURVE('',#1037,#1042);
#1037 = B_SPLINE_SURFACE_WITH_KNOTS('',1,1,(
    (#1038,#1039)
    ,(#1040,#1041
    )),.UNSPECIFIED.,.F.,.F.,.F.,(2,2),(2,2),(0.,30.),(25.,30.),
  .PIECEWISE_BEZIER_KNOTS.);
#1038 = CARTESIAN_POINT('',(76.586605785827,208.43011325446,
    141.38989221983));
#1039 = CARTESIAN_POINT('',(76.586605785827,213.43011325446,
    141.38989221983));
#1040 = CARTESIAN_POINT('',(46.586605785827,208.43011325446,
    141.38989221983));
#1041 = CARTESIAN_POINT('',(46.586605785827,213.43011325446,
    141.38989221983));
#1042 = DEFINITIONAL_REPRESENTATION('',(#1043),#1046);
#1043 = B_SPLINE_CURVE_WITH_KNOTS('',1,(#1044,#1045),.UNSPECIFIED.,.F.,
  .F.,(2,2),(0.,30.),.PIECEWISE_BEZIER_KNOTS.);
#1044 = CARTESIAN_POINT('',(0.,25.));
#1045 = CARTESIAN_POINT('',(30.,25.));
#1046 = ( GEOMETRIC_REPRESENTATION_CONTEXT(2) 
PARAMETRIC_REPRESENTATION_CONTEXT() REPRESENTATION_CONTEXT('2D SPACE',''
  ) );
#1047 = ADVANCED_FACE('',(#1048),#186,.F.);
#1048 = FACE_BOUND('',#1049,.F.);
#1049 = EDGE_LOOP('',(#1050,#1051,#1052,#1053));
#1050 = ORIENTED_EDGE('',*,*,#172,.F.);
#1051 = ORIENTED_EDGE('',*,*,#878,.F.);
#1052 = ORIENTED_EDGE('',*,*,#489,.T.);
#1053 = ORIENTED_EDGE('',*,*,#1054,.T.);
#1054 = EDGE_CURVE('',#490,#173,#1055,.T.);
#1055 = SURFACE_CURVE('',#1056,(#1059,#1065),.PCURVE_S1.);
#1056 = B_SPLINE_CURVE_WITH_KNOTS('',1,(#1057,#1058),.UNSPECIFIED.,.F.,
  .F.,(2,2),(28.,30.),.PIECEWISE_BEZIER_KNOTS.);
#1057 = CARTESIAN_POINT('',(46.586605785827,206.43011325446,
    139.38989221983));
#1058 = CARTESIAN_POINT('',(46.586605785827,206.43011325446,
    141.38989221983));
#1059 = PCURVE('',#186,#1060);
#1060 = DEFINITIONAL_REPRESENTATION('',(#1061),#1064);
#1061 = B_SPLINE_CURVE_WITH_KNOTS('',1,(#1062,#1063),.UNSPECIFIED.,.F.,
  .F.,(2,2),(28.,30.),.PIECEWISE_BEZIER_KNOTS.);
#1062 = CARTESIAN_POINT('',(0.,-23.));
#1063 = CARTESIAN_POINT('',(2.,-23.));
#1064 = ( GEOMETRIC_REPRESENTATION_CONTEXT(2) 
PARAMETRIC_REPRESENTATION_CONTEXT() REPRESENTATION_CONTEXT('2D SPACE',''
  ) );
#1065 = PCURVE('',#1014,#1066);
#1066 = DEFINITIONAL_REPRESENTATION('',(#1067),#1070);
#1067 = B_SPLINE_CURVE_WITH_KNOTS('',1,(#1068,#1069),.UNSPECIFIED.,.F.,
  .F.,(2,2),(28.,30.),.PIECEWISE_BEZIER_KNOTS.);
#1068 = CARTESIAN_POINT('',(0.,-23.));
#1069 = CARTESIAN_POINT('',(2.,-23.));
#1070 = ( GEOMETRIC_REPRESENTATION_CONTEXT(2) 
PARAMETRIC_REPRESENTATION_CONTEXT() REPRESENTATION_CONTEXT('2D SPACE',''
  ) );
#1071 = ADVANCED_FACE('',(#1072),#341,.T.);
#1072 = FACE_BOUND('',#1073,.T.);
#1073 = EDGE_LOOP('',(#1074,#1094,#1095,#1096,#1097,#1098));
#1074 = ORIENTED_EDGE('',*,*,#1075,.T.);
#1075 = EDGE_CURVE('',#597,#318,#1076,.T.);
#1076 = SEAM_CURVE('',#1077,(#1080,#1087),.PCURVE_S1.);
#1077 = B_SPLINE_CURVE_WITH_KNOTS('',1,(#1078,#1079),.UNSPECIFIED.,.F.,
  .F.,(2,2),(9.999999999999E-02,2.1),.PIECEWISE_BEZIER_KNOTS.);
#1078 = CARTESIAN_POINT('',(67.886605785827,190.43011325446,
    139.38989221983));
#1079 = CARTESIAN_POINT('',(67.886605785827,190.43011325446,
    141.38989221983));
#1080 = PCURVE('',#341,#1081);
#1081 = DEFINITIONAL_REPRESENTATION('',(#1082),#1086);
#1082 = B_SPLINE_CURVE_WITH_KNOTS('',2,(#1083,#1084,#1085),
  .UNSPECIFIED.,.F.,.F.,(3,3),(9.999999999999E-02,2.1),
  .PIECEWISE_BEZIER_KNOTS.);
#1083 = CARTESIAN_POINT('',(6.28318530718,9.999999999999E-02));
#1084 = CARTESIAN_POINT('',(6.28318530718,1.1));
#1085 = CARTESIAN_POINT('',(6.28318530718,2.1));
#1086 = ( GEOMETRIC_REPRESENTATION_CONTEXT(2) 
PARAMETRIC_REPRESENTATION_CONTEXT() REPRESENTATION_CONTEXT('2D SPACE',''
  ) );
#1087 = PCURVE('',#341,#1088);
#1088 = DEFINITIONAL_REPRESENTATION('',(#1089),#1093);
#1089 = B_SPLINE_CURVE_WITH_KNOTS('',2,(#1090,#1091,#1092),
  .UNSPECIFIED.,.F.,.F.,(3,3),(9.999999999999E-02,2.1),
  .PIECEWISE_BEZIER_KNOTS.);
#1090 = CARTESIAN_POINT('',(0.,9.999999999999E-02));
#1091 = CARTESIAN_POINT('',(8.881784197001E-16,1.1));
#1092 = CARTESIAN_POINT('',(0.,2.1));
#1093 = ( GEOMETRIC_REPRESENTATION_CONTEXT(2) 
PARAMETRIC_REPRESENTATION_CONTEXT() REPRESENTATION_CONTEXT('2D SPACE',''
  ) );
#1094 = ORIENTED_EDGE('',*,*,#317,.F.);
#1095 = ORIENTED_EDGE('',*,*,#1075,.F.);
#1096 = ORIENTED_EDGE('',*,*,#596,.T.);
#1097 = ORIENTED_EDGE('',*,*,#668,.F.);
#1098 = ORIENTED_EDGE('',*,*,#633,.T.);
#1099 = ADVANCED_FACE('',(#1100),#393,.T.);
#1100 = FACE_BOUND('',#1101,.T.);
#1101 = EDGE_LOOP('',(#1102,#1122,#1123,#1124,#1125,#1126));
#1102 = ORIENTED_EDGE('',*,*,#1103,.T.);
#1103 = EDGE_CURVE('',#766,#370,#1104,.T.);
#1104 = SEAM_CURVE('',#1105,(#1108,#1115),.PCURVE_S1.);
#1105 = B_SPLINE_CURVE_WITH_KNOTS('',1,(#1106,#1107),.UNSPECIFIED.,.F.,
  .F.,(2,2),(9.999999999999E-02,2.1),.PIECEWISE_BEZIER_KNOTS.);
#1106 = CARTESIAN_POINT('',(51.886605785827,190.43011325446,
    139.38989221983));
#1107 = CARTESIAN_POINT('',(51.886605785827,190.43011325446,
    141.38989221983));
#1108 = PCURVE('',#393,#1109);
#1109 = DEFINITIONAL_REPRESENTATION('',(#1110),#1114);
#1110 = B_SPLINE_CURVE_WITH_KNOTS('',2,(#1111,#1112,#1113),
  .UNSPECIFIED.,.F.,.F.,(3,3),(9.999999999999E-02,2.1),
  .PIECEWISE_BEZIER_KNOTS.);
#1111 = CARTESIAN_POINT('',(6.28318530718,9.999999999999E-02));
#1112 = CARTESIAN_POINT('',(6.28318530718,1.1));
#1113 = CARTESIAN_POINT('',(6.28318530718,2.1));
#1114 = ( GEOMETRIC_REPRESENTATION_CONTEXT(2) 
PARAMETRIC_REPRESENTATION_CONTEXT() REPRESENTATION_CONTEXT('2D SPACE',''
  ) );
#1115 = PCURVE('',#393,#1116);
#1116 = DEFINITIONAL_REPRESENTATION('',(#1117),#1121);
#1117 = B_SPLINE_CURVE_WITH_KNOTS('',2,(#1118,#1119,#1120),
  .UNSPECIFIED.,.F.,.F.,(3,3),(9.999999999999E-02,2.1),
  .PIECEWISE_BEZIER_KNOTS.);
#1118 = CARTESIAN_POINT('',(0.,9.999999999999E-02));
#1119 = CARTESIAN_POINT('',(8.881784197001E-16,1.1));
#1120 = CARTESIAN_POINT('',(0.,2.1));
#1121 = ( GEOMETRIC_REPRESENTATION_CONTEXT(2) 
PARAMETRIC_REPRESENTATION_CONTEXT() REPRESENTATION_CONTEXT('2D SPACE',''
  ) );
#1122 = ORIENTED_EDGE('',*,*,#369,.F.);
#1123 = ORIENTED_EDGE('',*,*,#1103,.F.);
#1124 = ORIENTED_EDGE('',*,*,#765,.T.);
#1125 = ORIENTED_EDGE('',*,*,#837,.F.);
#1126 = ORIENTED_EDGE('',*,*,#802,.T.);
#1127 = ADVANCED_FACE('',(#1128),#523,.T.);
#1128 = FACE_BOUND('',#1129,.T.);
#1129 = EDGE_LOOP('',(#1130,#1150,#1151,#1171));
#1130 = ORIENTED_EDGE('',*,*,#1131,.F.);
#1131 = EDGE_CURVE('',#510,#1132,#1134,.T.);
#1132 = VERTEX_POINT('',#1133);
#1133 = CARTESIAN_POINT('',(76.586605785827,208.43011325446,
    139.38989221983));
#1134 = SURFACE_CURVE('',#1135,(#1138,#1144),.PCURVE_S1.);
#1135 = B_SPLINE_CURVE_WITH_KNOTS('',1,(#1136,#1137),.UNSPECIFIED.,.F.,
  .F.,(2,2),(23.,25.),.PIECEWISE_BEZIER_KNOTS.);
#1136 = CARTESIAN_POINT('',(76.586605785827,206.43011325446,
    139.38989221983));
#1137 = CARTESIAN_POINT('',(76.586605785827,208.43011325446,
    139.38989221983));
#1138 = PCURVE('',#523,#1139);
#1139 = DEFINITIONAL_REPRESENTATION('',(#1140),#1143);
#1140 = B_SPLINE_CURVE_WITH_KNOTS('',1,(#1141,#1142),.UNSPECIFIED.,.F.,
  .F.,(2,2),(23.,25.),.PIECEWISE_BEZIER_KNOTS.);
#1141 = CARTESIAN_POINT('',(0.,38.));
#1142 = CARTESIAN_POINT('',(0.,40.));
#1143 = ( GEOMETRIC_REPRESENTATION_CONTEXT(2) 
PARAMETRIC_REPRESENTATION_CONTEXT() REPRESENTATION_CONTEXT('2D SPACE',''
  ) );
#1144 = PCURVE('',#965,#1145);
#1145 = DEFINITIONAL_REPRESENTATION('',(#1146),#1149);
#1146 = B_SPLINE_CURVE_WITH_KNOTS('',1,(#1147,#1148),.UNSPECIFIED.,.F.,
  .F.,(2,2),(23.,25.),.PIECEWISE_BEZIER_KNOTS.);
#1147 = CARTESIAN_POINT('',(0.,-23.));
#1148 = CARTESIAN_POINT('',(0.,-25.));
#1149 = ( GEOMETRIC_REPRESENTATION_CONTEXT(2) 
PARAMETRIC_REPRESENTATION_CONTEXT() REPRESENTATION_CONTEXT('2D SPACE',''
  ) );
#1150 = ORIENTED_EDGE('',*,*,#509,.F.);
#1151 = ORIENTED_EDGE('',*,*,#1152,.T.);
#1152 = EDGE_CURVE('',#490,#1153,#1155,.T.);
#1153 = VERTEX_POINT('',#1154);
#1154 = CARTESIAN_POINT('',(46.586605785827,208.43011325446,
    139.38989221983));
#1155 = SURFACE_CURVE('',#1156,(#1159,#1165),.PCURVE_S1.);
#1156 = B_SPLINE_CURVE_WITH_KNOTS('',1,(#1157,#1158),.UNSPECIFIED.,.F.,
  .F.,(2,2),(23.,25.),.PIECEWISE_BEZIER_KNOTS.);
#1157 = CARTESIAN_POINT('',(46.586605785827,206.43011325446,
    139.38989221983));
#1158 = CARTESIAN_POINT('',(46.586605785827,208.43011325446,
    139.38989221983));
#1159 = PCURVE('',#523,#1160);
#1160 = DEFINITIONAL_REPRESENTATION('',(#1161),#1164);
#1161 = B_SPLINE_CURVE_WITH_KNOTS('',1,(#1162,#1163),.UNSPECIFIED.,.F.,
  .F.,(2,2),(23.,25.),.PIECEWISE_BEZIER_KNOTS.);
#1162 = CARTESIAN_POINT('',(30.,38.));
#1163 = CARTESIAN_POINT('',(30.,40.));
#1164 = ( GEOMETRIC_REPRESENTATION_CONTEXT(2) 
PARAMETRIC_REPRESENTATION_CONTEXT() REPRESENTATION_CONTEXT('2D SPACE',''
  ) );
#1165 = PCURVE('',#1014,#1166);
#1166 = DEFINITIONAL_REPRESENTATION('',(#1167),#1170);
#1167 = B_SPLINE_CURVE_WITH_KNOTS('',1,(#1168,#1169),.UNSPECIFIED.,.F.,
  .F.,(2,2),(23.,25.),.PIECEWISE_BEZIER_KNOTS.);
#1168 = CARTESIAN_POINT('',(0.,-23.));
#1169 = CARTESIAN_POINT('',(0.,-25.));
#1170 = ( GEOMETRIC_REPRESENTATION_CONTEXT(2) 
PARAMETRIC_REPRESENTATION_CONTEXT() REPRESENTATION_CONTEXT('2D SPACE',''
  ) );
#1171 = ORIENTED_EDGE('',*,*,#1172,.T.);
#1172 = EDGE_CURVE('',#1153,#1132,#1173,.T.);
#1173 = SURFACE_CURVE('',#1174,(#1177,#1184),.PCURVE_S1.);
#1174 = B_SPLINE_CURVE_WITH_KNOTS('',1,(#1175,#1176),.UNSPECIFIED.,.F.,
  .F.,(2,2),(-30.,0.),.PIECEWISE_BEZIER_KNOTS.);
#1175 = CARTESIAN_POINT('',(46.586605785827,208.43011325446,
    139.38989221983));
#1176 = CARTESIAN_POINT('',(76.586605785827,208.43011325446,
    139.38989221983));
#1177 = PCURVE('',#523,#1178);
#1178 = DEFINITIONAL_REPRESENTATION('',(#1179),#1183);
#1179 = B_SPLINE_CURVE_WITH_KNOTS('',2,(#1180,#1181,#1182),
  .UNSPECIFIED.,.F.,.F.,(3,3),(-30.,0.),.PIECEWISE_BEZIER_KNOTS.);
#1180 = CARTESIAN_POINT('',(30.,40.));
#1181 = CARTESIAN_POINT('',(15.,40.));
#1182 = CARTESIAN_POINT('',(0.,40.));
#1183 = ( GEOMETRIC_REPRESENTATION_CONTEXT(2) 
PARAMETRIC_REPRESENTATION_CONTEXT() REPRESENTATION_CONTEXT('2D SPACE',''
  ) );
#1184 = PCURVE('',#1185,#1190);
#1185 = B_SPLINE_SURFACE_WITH_KNOTS('',1,1,(
    (#1186,#1187)
    ,(#1188,#1189
    )),.UNSPECIFIED.,.F.,.F.,.F.,(2,2),(2,2),(0.,30.),(25.,30.),
  .PIECEWISE_BEZIER_KNOTS.);
#1186 = CARTESIAN_POINT('',(76.586605785827,208.43011325446,
    139.38989221983));
#1187 = CARTESIAN_POINT('',(76.586605785827,213.43011325446,
    139.38989221983));
#1188 = CARTESIAN_POINT('',(46.586605785827,208.43011325446,
    139.38989221983));
#1189 = CARTESIAN_POINT('',(46.586605785827,213.43011325446,
    139.38989221983));
#1190 = DEFINITIONAL_REPRESENTATION('',(#1191),#1194);
#1191 = B_SPLINE_CURVE_WITH_KNOTS('',1,(#1192,#1193),.UNSPECIFIED.,.F.,
  .F.,(2,2),(-30.,0.),.PIECEWISE_BEZIER_KNOTS.);
#1192 = CARTESIAN_POINT('',(30.,25.));
#1193 = CARTESIAN_POINT('',(0.,25.));
#1194 = ( GEOMETRIC_REPRESENTATION_CONTEXT(2) 
PARAMETRIC_REPRESENTATION_CONTEXT() REPRESENTATION_CONTEXT('2D SPACE',''
  ) );
#1195 = ADVANCED_FACE('',(#1196),#965,.T.);
#1196 = FACE_BOUND('',#1197,.T.);
#1197 = EDGE_LOOP('',(#1198,#1199,#1200,#1201));
#1198 = ORIENTED_EDGE('',*,*,#979,.F.);
#1199 = ORIENTED_EDGE('',*,*,#953,.F.);
#1200 = ORIENTED_EDGE('',*,*,#1131,.T.);
#1201 = ORIENTED_EDGE('',*,*,#1202,.T.);
#1202 = EDGE_CURVE('',#1132,#980,#1203,.T.);
#1203 = SURFACE_CURVE('',#1204,(#1207,#1213),.PCURVE_S1.);
#1204 = B_SPLINE_CURVE_WITH_KNOTS('',1,(#1205,#1206),.UNSPECIFIED.,.F.,
  .F.,(2,2),(28.,30.),.PIECEWISE_BEZIER_KNOTS.);
#1205 = CARTESIAN_POINT('',(76.586605785827,208.43011325446,
    139.38989221983));
#1206 = CARTESIAN_POINT('',(76.586605785827,208.43011325446,
    141.38989221983));
#1207 = PCURVE('',#965,#1208);
#1208 = DEFINITIONAL_REPRESENTATION('',(#1209),#1212);
#1209 = B_SPLINE_CURVE_WITH_KNOTS('',1,(#1210,#1211),.UNSPECIFIED.,.F.,
  .F.,(2,2),(28.,30.),.PIECEWISE_BEZIER_KNOTS.);
#1210 = CARTESIAN_POINT('',(0.,-25.));
#1211 = CARTESIAN_POINT('',(2.,-25.));
#1212 = ( GEOMETRIC_REPRESENTATION_CONTEXT(2) 
PARAMETRIC_REPRESENTATION_CONTEXT() REPRESENTATION_CONTEXT('2D SPACE',''
  ) );
#1213 = PCURVE('',#1214,#1219);
#1214 = B_SPLINE_SURFACE_WITH_KNOTS('',1,1,(
    (#1215,#1216)
    ,(#1217,#1218
    )),.UNSPECIFIED.,.F.,.F.,.F.,(2,2),(2,2),(0.,2.),(-30.,-25.),
  .PIECEWISE_BEZIER_KNOTS.);
#1215 = CARTESIAN_POINT('',(76.586605785827,213.43011325446,
    139.38989221983));
#1216 = CARTESIAN_POINT('',(76.586605785827,208.43011325446,
    139.38989221983));
#1217 = CARTESIAN_POINT('',(76.586605785827,213.43011325446,
    141.38989221983));
#1218 = CARTESIAN_POINT('',(76.586605785827,208.43011325446,
    141.38989221983));
#1219 = DEFINITIONAL_REPRESENTATION('',(#1220),#1223);
#1220 = B_SPLINE_CURVE_WITH_KNOTS('',1,(#1221,#1222),.UNSPECIFIED.,.F.,
  .F.,(2,2),(28.,30.),.PIECEWISE_BEZIER_KNOTS.);
#1221 = CARTESIAN_POINT('',(0.,-25.));
#1222 = CARTESIAN_POINT('',(2.,-25.));
#1223 = ( GEOMETRIC_REPRESENTATION_CONTEXT(2) 
PARAMETRIC_REPRESENTATION_CONTEXT() REPRESENTATION_CONTEXT('2D SPACE',''
  ) );
#1224 = ADVANCED_FACE('',(#1225),#1037,.F.);
#1225 = FACE_BOUND('',#1226,.F.);
#1226 = EDGE_LOOP('',(#1227,#1247,#1248,#1273));
#1227 = ORIENTED_EDGE('',*,*,#1228,.F.);
#1228 = EDGE_CURVE('',#980,#1229,#1231,.T.);
#1229 = VERTEX_POINT('',#1230);
#1230 = CARTESIAN_POINT('',(76.586605785827,213.43011325446,
    141.38989221983));
#1231 = SURFACE_CURVE('',#1232,(#1235,#1241),.PCURVE_S1.);
#1232 = B_SPLINE_CURVE_WITH_KNOTS('',1,(#1233,#1234),.UNSPECIFIED.,.F.,
  .F.,(2,2),(25.,30.),.PIECEWISE_BEZIER_KNOTS.);
#1233 = CARTESIAN_POINT('',(76.586605785827,208.43011325446,
    141.38989221983));
#1234 = CARTESIAN_POINT('',(76.586605785827,213.43011325446,
    141.38989221983));
#1235 = PCURVE('',#1037,#1236);
#1236 = DEFINITIONAL_REPRESENTATION('',(#1237),#1240);
#1237 = B_SPLINE_CURVE_WITH_KNOTS('',1,(#1238,#1239),.UNSPECIFIED.,.F.,
  .F.,(2,2),(25.,30.),.PIECEWISE_BEZIER_KNOTS.);
#1238 = CARTESIAN_POINT('',(0.,25.));
#1239 = CARTESIAN_POINT('',(0.,30.));
#1240 = ( GEOMETRIC_REPRESENTATION_CONTEXT(2) 
PARAMETRIC_REPRESENTATION_CONTEXT() REPRESENTATION_CONTEXT('2D SPACE',''
  ) );
#1241 = PCURVE('',#1214,#1242);
#1242 = DEFINITIONAL_REPRESENTATION('',(#1243),#1246);
#1243 = B_SPLINE_CURVE_WITH_KNOTS('',1,(#1244,#1245),.UNSPECIFIED.,.F.,
  .F.,(2,2),(25.,30.),.PIECEWISE_BEZIER_KNOTS.);
#1244 = CARTESIAN_POINT('',(2.,-25.));
#1245 = CARTESIAN_POINT('',(2.,-30.));
#1246 = ( GEOMETRIC_REPRESENTATION_CONTEXT(2) 
PARAMETRIC_REPRESENTATION_CONTEXT() REPRESENTATION_CONTEXT('2D SPACE',''
  ) );
#1247 = ORIENTED_EDGE('',*,*,#1025,.T.);
#1248 = ORIENTED_EDGE('',*,*,#1249,.T.);
#1249 = EDGE_CURVE('',#1001,#1250,#1252,.T.);
#1250 = VERTEX_POINT('',#1251);
#1251 = CARTESIAN_POINT('',(46.586605785827,213.43011325446,
    141.38989221983));
#1252 = SURFACE_CURVE('',#1253,(#1256,#1262),.PCURVE_S1.);
#1253 = B_SPLINE_CURVE_WITH_KNOTS('',1,(#1254,#1255),.UNSPECIFIED.,.F.,
  .F.,(2,2),(25.,30.),.PIECEWISE_BEZIER_KNOTS.);
#1254 = CARTESIAN_POINT('',(46.586605785827,208.43011325446,
    141.38989221983));
#1255 = CARTESIAN_POINT('',(46.586605785827,213.43011325446,
    141.38989221983));
#1256 = PCURVE('',#1037,#1257);
#1257 = DEFINITIONAL_REPRESENTATION('',(#1258),#1261);
#1258 = B_SPLINE_CURVE_WITH_KNOTS('',1,(#1259,#1260),.UNSPECIFIED.,.F.,
  .F.,(2,2),(25.,30.),.PIECEWISE_BEZIER_KNOTS.);
#1259 = CARTESIAN_POINT('',(30.,25.));
#1260 = CARTESIAN_POINT('',(30.,30.));
#1261 = ( GEOMETRIC_REPRESENTATION_CONTEXT(2) 
PARAMETRIC_REPRESENTATION_CONTEXT() REPRESENTATION_CONTEXT('2D SPACE',''
  ) );
#1262 = PCURVE('',#1263,#1268);
#1263 = B_SPLINE_SURFACE_WITH_KNOTS('',1,1,(
    (#1264,#1265)
    ,(#1266,#1267
    )),.UNSPECIFIED.,.F.,.F.,.F.,(2,2),(2,2),(0.,2.),(-30.,-25.),
  .PIECEWISE_BEZIER_KNOTS.);
#1264 = CARTESIAN_POINT('',(46.586605785827,213.43011325446,
    139.38989221983));
#1265 = CARTESIAN_POINT('',(46.586605785827,208.43011325446,
    139.38989221983));
#1266 = CARTESIAN_POINT('',(46.586605785827,213.43011325446,
    141.38989221983));
#1267 = CARTESIAN_POINT('',(46.586605785827,208.43011325446,
    141.38989221983));
#1268 = DEFINITIONAL_REPRESENTATION('',(#1269),#1272);
#1269 = B_SPLINE_CURVE_WITH_KNOTS('',1,(#1270,#1271),.UNSPECIFIED.,.F.,
  .F.,(2,2),(25.,30.),.PIECEWISE_BEZIER_KNOTS.);
#1270 = CARTESIAN_POINT('',(2.,-25.));
#1271 = CARTESIAN_POINT('',(2.,-30.));
#1272 = ( GEOMETRIC_REPRESENTATION_CONTEXT(2) 
PARAMETRIC_REPRESENTATION_CONTEXT() REPRESENTATION_CONTEXT('2D SPACE',''
  ) );
#1273 = ORIENTED_EDGE('',*,*,#1274,.F.);
#1274 = EDGE_CURVE('',#1229,#1250,#1275,.T.);
#1275 = SURFACE_CURVE('',#1276,(#1279,#1285),.PCURVE_S1.);
#1276 = B_SPLINE_CURVE_WITH_KNOTS('',1,(#1277,#1278),.UNSPECIFIED.,.F.,
  .F.,(2,2),(0.,30.),.PIECEWISE_BEZIER_KNOTS.);
#1277 = CARTESIAN_POINT('',(76.586605785827,213.43011325446,
    141.38989221983));
#1278 = CARTESIAN_POINT('',(46.586605785827,213.43011325446,
    141.38989221983));
#1279 = PCURVE('',#1037,#1280);
#1280 = DEFINITIONAL_REPRESENTATION('',(#1281),#1284);
#1281 = B_SPLINE_CURVE_WITH_KNOTS('',1,(#1282,#1283),.UNSPECIFIED.,.F.,
  .F.,(2,2),(0.,30.),.PIECEWISE_BEZIER_KNOTS.);
#1282 = CARTESIAN_POINT('',(0.,30.));
#1283 = CARTESIAN_POINT('',(30.,30.));
#1284 = ( GEOMETRIC_REPRESENTATION_CONTEXT(2) 
PARAMETRIC_REPRESENTATION_CONTEXT() REPRESENTATION_CONTEXT('2D SPACE',''
  ) );
#1285 = PCURVE('',#1286,#1291);
#1286 = B_SPLINE_SURFACE_WITH_KNOTS('',1,1,(
    (#1287,#1288)
    ,(#1289,#1290
    )),.UNSPECIFIED.,.F.,.F.,.F.,(2,2),(2,2),(0.,2.),(0.,30.),
  .PIECEWISE_BEZIER_KNOTS.);
#1287 = CARTESIAN_POINT('',(76.586605785827,213.43011325446,
    139.38989221983));
#1288 = CARTESIAN_POINT('',(46.586605785827,213.43011325446,
    139.38989221983));
#1289 = CARTESIAN_POINT('',(76.586605785827,213.43011325446,
    141.38989221983));
#1290 = CARTESIAN_POINT('',(46.586605785827,213.43011325446,
    141.38989221983));
#1291 = DEFINITIONAL_REPRESENTATION('',(#1292),#1295);
#1292 = B_SPLINE_CURVE_WITH_KNOTS('',1,(#1293,#1294),.UNSPECIFIED.,.F.,
  .F.,(2,2),(0.,30.),.PIECEWISE_BEZIER_KNOTS.);
#1293 = CARTESIAN_POINT('',(2.,0.));
#1294 = CARTESIAN_POINT('',(2.,30.));
#1295 = ( GEOMETRIC_REPRESENTATION_CONTEXT(2) 
PARAMETRIC_REPRESENTATION_CONTEXT() REPRESENTATION_CONTEXT('2D SPACE',''
  ) );
#1296 = ADVANCED_FACE('',(#1297),#1014,.F.);
#1297 = FACE_BOUND('',#1298,.F.);
#1298 = EDGE_LOOP('',(#1299,#1300,#1301,#1302));
#1299 = ORIENTED_EDGE('',*,*,#1000,.F.);
#1300 = ORIENTED_EDGE('',*,*,#1054,.F.);
#1301 = ORIENTED_EDGE('',*,*,#1152,.T.);
#1302 = ORIENTED_EDGE('',*,*,#1303,.T.);
#1303 = EDGE_CURVE('',#1153,#1001,#1304,.T.);
#1304 = SURFACE_CURVE('',#1305,(#1308,#1314),.PCURVE_S1.);
#1305 = B_SPLINE_CURVE_WITH_KNOTS('',1,(#1306,#1307),.UNSPECIFIED.,.F.,
  .F.,(2,2),(28.,30.),.PIECEWISE_BEZIER_KNOTS.);
#1306 = CARTESIAN_POINT('',(46.586605785827,208.43011325446,
    139.38989221983));
#1307 = CARTESIAN_POINT('',(46.586605785827,208.43011325446,
    141.38989221983));
#1308 = PCURVE('',#1014,#1309);
#1309 = DEFINITIONAL_REPRESENTATION('',(#1310),#1313);
#1310 = B_SPLINE_CURVE_WITH_KNOTS('',1,(#1311,#1312),.UNSPECIFIED.,.F.,
  .F.,(2,2),(28.,30.),.PIECEWISE_BEZIER_KNOTS.);
#1311 = CARTESIAN_POINT('',(0.,-25.));
#1312 = CARTESIAN_POINT('',(2.,-25.));
#1313 = ( GEOMETRIC_REPRESENTATION_CONTEXT(2) 
PARAMETRIC_REPRESENTATION_CONTEXT() REPRESENTATION_CONTEXT('2D SPACE',''
  ) );
#1314 = PCURVE('',#1263,#1315);
#1315 = DEFINITIONAL_REPRESENTATION('',(#1316),#1319);
#1316 = B_SPLINE_CURVE_WITH_KNOTS('',1,(#1317,#1318),.UNSPECIFIED.,.F.,
  .F.,(2,2),(28.,30.),.PIECEWISE_BEZIER_KNOTS.);
#1317 = CARTESIAN_POINT('',(0.,-25.));
#1318 = CARTESIAN_POINT('',(2.,-25.));
#1319 = ( GEOMETRIC_REPRESENTATION_CONTEXT(2) 
PARAMETRIC_REPRESENTATION_CONTEXT() REPRESENTATION_CONTEXT('2D SPACE',''
  ) );
#1320 = ADVANCED_FACE('',(#1321),#1185,.T.);
#1321 = FACE_BOUND('',#1322,.T.);
#1322 = EDGE_LOOP('',(#1323,#1343,#1344,#1364));
#1323 = ORIENTED_EDGE('',*,*,#1324,.F.);
#1324 = EDGE_CURVE('',#1132,#1325,#1327,.T.);
#1325 = VERTEX_POINT('',#1326);
#1326 = CARTESIAN_POINT('',(76.586605785827,213.43011325446,
    139.38989221983));
#1327 = SURFACE_CURVE('',#1328,(#1331,#1337),.PCURVE_S1.);
#1328 = B_SPLINE_CURVE_WITH_KNOTS('',1,(#1329,#1330),.UNSPECIFIED.,.F.,
  .F.,(2,2),(25.,30.),.PIECEWISE_BEZIER_KNOTS.);
#1329 = CARTESIAN_POINT('',(76.586605785827,208.43011325446,
    139.38989221983));
#1330 = CARTESIAN_POINT('',(76.586605785827,213.43011325446,
    139.38989221983));
#1331 = PCURVE('',#1185,#1332);
#1332 = DEFINITIONAL_REPRESENTATION('',(#1333),#1336);
#1333 = B_SPLINE_CURVE_WITH_KNOTS('',1,(#1334,#1335),.UNSPECIFIED.,.F.,
  .F.,(2,2),(25.,30.),.PIECEWISE_BEZIER_KNOTS.);
#1334 = CARTESIAN_POINT('',(0.,25.));
#1335 = CARTESIAN_POINT('',(0.,30.));
#1336 = ( GEOMETRIC_REPRESENTATION_CONTEXT(2) 
PARAMETRIC_REPRESENTATION_CONTEXT() REPRESENTATION_CONTEXT('2D SPACE',''
  ) );
#1337 = PCURVE('',#1214,#1338);
#1338 = DEFINITIONAL_REPRESENTATION('',(#1339),#1342);
#1339 = B_SPLINE_CURVE_WITH_KNOTS('',1,(#1340,#1341),.UNSPECIFIED.,.F.,
  .F.,(2,2),(25.,30.),.PIECEWISE_BEZIER_KNOTS.);
#1340 = CARTESIAN_POINT('',(0.,-25.));
#1341 = CARTESIAN_POINT('',(0.,-30.));
#1342 = ( GEOMETRIC_REPRESENTATION_CONTEXT(2) 
PARAMETRIC_REPRESENTATION_CONTEXT() REPRESENTATION_CONTEXT('2D SPACE',''
  ) );
#1343 = ORIENTED_EDGE('',*,*,#1172,.F.);
#1344 = ORIENTED_EDGE('',*,*,#1345,.T.);
#1345 = EDGE_CURVE('',#1153,#1346,#1348,.T.);
#1346 = VERTEX_POINT('',#1347);
#1347 = CARTESIAN_POINT('',(46.586605785827,213.43011325446,
    139.38989221983));
#1348 = SURFACE_CURVE('',#1349,(#1352,#1358),.PCURVE_S1.);
#1349 = B_SPLINE_CURVE_WITH_KNOTS('',1,(#1350,#1351),.UNSPECIFIED.,.F.,
  .F.,(2,2),(25.,30.),.PIECEWISE_BEZIER_KNOTS.);
#1350 = CARTESIAN_POINT('',(46.586605785827,208.43011325446,
    139.38989221983));
#1351 = CARTESIAN_POINT('',(46.586605785827,213.43011325446,
    139.38989221983));
#1352 = PCURVE('',#1185,#1353);
#1353 = DEFINITIONAL_REPRESENTATION('',(#1354),#1357);
#1354 = B_SPLINE_CURVE_WITH_KNOTS('',1,(#1355,#1356),.UNSPECIFIED.,.F.,
  .F.,(2,2),(25.,30.),.PIECEWISE_BEZIER_KNOTS.);
#1355 = CARTESIAN_POINT('',(30.,25.));
#1356 = CARTESIAN_POINT('',(30.,30.));
#1357 = ( GEOMETRIC_REPRESENTATION_CONTEXT(2) 
PARAMETRIC_REPRESENTATION_CONTEXT() REPRESENTATION_CONTEXT('2D SPACE',''
  ) );
#1358 = PCURVE('',#1263,#1359);
#1359 = DEFINITIONAL_REPRESENTATION('',(#1360),#1363);
#1360 = B_SPLINE_CURVE_WITH_KNOTS('',1,(#1361,#1362),.UNSPECIFIED.,.F.,
  .F.,(2,2),(25.,30.),.PIECEWISE_BEZIER_KNOTS.);
#1361 = CARTESIAN_POINT('',(0.,-25.));
#1362 = CARTESIAN_POINT('',(0.,-30.));
#1363 = ( GEOMETRIC_REPRESENTATION_CONTEXT(2) 
PARAMETRIC_REPRESENTATION_CONTEXT() REPRESENTATION_CONTEXT('2D SPACE',''
  ) );
#1364 = ORIENTED_EDGE('',*,*,#1365,.F.);
#1365 = EDGE_CURVE('',#1325,#1346,#1366,.T.);
#1366 = SURFACE_CURVE('',#1367,(#1370,#1376),.PCURVE_S1.);
#1367 = B_SPLINE_CURVE_WITH_KNOTS('',1,(#1368,#1369),.UNSPECIFIED.,.F.,
  .F.,(2,2),(0.,30.),.PIECEWISE_BEZIER_KNOTS.);
#1368 = CARTESIAN_POINT('',(76.586605785827,213.43011325446,
    139.38989221983));
#1369 = CARTESIAN_POINT('',(46.586605785827,213.43011325446,
    139.38989221983));
#1370 = PCURVE('',#1185,#1371);
#1371 = DEFINITIONAL_REPRESENTATION('',(#1372),#1375);
#1372 = B_SPLINE_CURVE_WITH_KNOTS('',1,(#1373,#1374),.UNSPECIFIED.,.F.,
  .F.,(2,2),(0.,30.),.PIECEWISE_BEZIER_KNOTS.);
#1373 = CARTESIAN_POINT('',(0.,30.));
#1374 = CARTESIAN_POINT('',(30.,30.));
#1375 = ( GEOMETRIC_REPRESENTATION_CONTEXT(2) 
PARAMETRIC_REPRESENTATION_CONTEXT() REPRESENTATION_CONTEXT('2D SPACE',''
  ) );
#1376 = PCURVE('',#1286,#1377);
#1377 = DEFINITIONAL_REPRESENTATION('',(#1378),#1381);
#1378 = B_SPLINE_CURVE_WITH_KNOTS('',1,(#1379,#1380),.UNSPECIFIED.,.F.,
  .F.,(2,2),(0.,30.),.PIECEWISE_BEZIER_KNOTS.);
#1379 = CARTESIAN_POINT('',(0.,0.));
#1380 = CARTESIAN_POINT('',(0.,30.));
#1381 = ( GEOMETRIC_REPRESENTATION_CONTEXT(2) 
PARAMETRIC_REPRESENTATION_CONTEXT() REPRESENTATION_CONTEXT('2D SPACE',''
  ) );
#1382 = ADVANCED_FACE('',(#1383),#1214,.T.);
#1383 = FACE_BOUND('',#1384,.T.);
#1384 = EDGE_LOOP('',(#1385,#1386,#1387,#1388));
#1385 = ORIENTED_EDGE('',*,*,#1228,.F.);
#1386 = ORIENTED_EDGE('',*,*,#1202,.F.);
#1387 = ORIENTED_EDGE('',*,*,#1324,.T.);
#1388 = ORIENTED_EDGE('',*,*,#1389,.T.);
#1389 = EDGE_CURVE('',#1325,#1229,#1390,.T.);
#1390 = SURFACE_CURVE('',#1391,(#1394,#1400),.PCURVE_S1.);
#1391 = B_SPLINE_CURVE_WITH_KNOTS('',1,(#1392,#1393),.UNSPECIFIED.,.F.,
  .F.,(2,2),(0.,2.),.PIECEWISE_BEZIER_KNOTS.);
#1392 = CARTESIAN_POINT('',(76.586605785827,213.43011325446,
    139.38989221983));
#1393 = CARTESIAN_POINT('',(76.586605785827,213.43011325446,
    141.38989221983));
#1394 = PCURVE('',#1214,#1395);
#1395 = DEFINITIONAL_REPRESENTATION('',(#1396),#1399);
#1396 = B_SPLINE_CURVE_WITH_KNOTS('',1,(#1397,#1398),.UNSPECIFIED.,.F.,
  .F.,(2,2),(0.,2.),.PIECEWISE_BEZIER_KNOTS.);
#1397 = CARTESIAN_POINT('',(0.,-30.));
#1398 = CARTESIAN_POINT('',(2.,-30.));
#1399 = ( GEOMETRIC_REPRESENTATION_CONTEXT(2) 
PARAMETRIC_REPRESENTATION_CONTEXT() REPRESENTATION_CONTEXT('2D SPACE',''
  ) );
#1400 = PCURVE('',#1286,#1401);
#1401 = DEFINITIONAL_REPRESENTATION('',(#1402),#1405);
#1402 = B_SPLINE_CURVE_WITH_KNOTS('',1,(#1403,#1404),.UNSPECIFIED.,.F.,
  .F.,(2,2),(0.,2.),.PIECEWISE_BEZIER_KNOTS.);
#1403 = CARTESIAN_POINT('',(0.,0.));
#1404 = CARTESIAN_POINT('',(2.,0.));
#1405 = ( GEOMETRIC_REPRESENTATION_CONTEXT(2) 
PARAMETRIC_REPRESENTATION_CONTEXT() REPRESENTATION_CONTEXT('2D SPACE',''
  ) );
#1406 = ADVANCED_FACE('',(#1407),#1286,.F.);
#1407 = FACE_BOUND('',#1408,.F.);
#1408 = EDGE_LOOP('',(#1409,#1410,#1411,#1412));
#1409 = ORIENTED_EDGE('',*,*,#1365,.F.);
#1410 = ORIENTED_EDGE('',*,*,#1389,.T.);
#1411 = ORIENTED_EDGE('',*,*,#1274,.T.);
#1412 = ORIENTED_EDGE('',*,*,#1413,.F.);
#1413 = EDGE_CURVE('',#1346,#1250,#1414,.T.);
#1414 = SURFACE_CURVE('',#1415,(#1418,#1424),.PCURVE_S1.);
#1415 = B_SPLINE_CURVE_WITH_KNOTS('',1,(#1416,#1417),.UNSPECIFIED.,.F.,
  .F.,(2,2),(0.,2.),.PIECEWISE_BEZIER_KNOTS.);
#1416 = CARTESIAN_POINT('',(46.586605785827,213.43011325446,
    139.38989221983));
#1417 = CARTESIAN_POINT('',(46.586605785827,213.43011325446,
    141.38989221983));
#1418 = PCURVE('',#1286,#1419);
#1419 = DEFINITIONAL_REPRESENTATION('',(#1420),#1423);
#1420 = B_SPLINE_CURVE_WITH_KNOTS('',1,(#1421,#1422),.UNSPECIFIED.,.F.,
  .F.,(2,2),(0.,2.),.PIECEWISE_BEZIER_KNOTS.);
#1421 = CARTESIAN_POINT('',(0.,30.));
#1422 = CARTESIAN_POINT('',(2.,30.));
#1423 = ( GEOMETRIC_REPRESENTATION_CONTEXT(2) 
PARAMETRIC_REPRESENTATION_CONTEXT() REPRESENTATION_CONTEXT('2D SPACE',''
  ) );
#1424 = PCURVE('',#1263,#1425);
#1425 = DEFINITIONAL_REPRESENTATION('',(#1426),#1429);
#1426 = B_SPLINE_CURVE_WITH_KNOTS('',1,(#1427,#1428),.UNSPECIFIED.,.F.,
  .F.,(2,2),(0.,2.),.PIECEWISE_BEZIER_KNOTS.);
#1427 = CARTESIAN_POINT('',(0.,-30.));
#1428 = CARTESIAN_POINT('',(2.,-30.));
#1429 = ( GEOMETRIC_REPRESENTATION_CONTEXT(2) 
PARAMETRIC_REPRESENTATION_CONTEXT() REPRESENTATION_CONTEXT('2D SPACE',''
  ) );
#1430 = ADVANCED_FACE('',(#1431),#1263,.F.);
#1431 = FACE_BOUND('',#1432,.F.);
#1432 = EDGE_LOOP('',(#1433,#1434,#1435,#1436));
#1433 = ORIENTED_EDGE('',*,*,#1249,.F.);
#1434 = ORIENTED_EDGE('',*,*,#1303,.F.);
#1435 = ORIENTED_EDGE('',*,*,#1345,.T.);
#1436 = ORIENTED_EDGE('',*,*,#1413,.T.);
#1437 = ( GEOMETRIC_REPRESENTATION_CONTEXT(3) 
GLOBAL_UNCERTAINTY_ASSIGNED_CONTEXT((#1441)) 
GLOBAL_UNIT_ASSIGNED_CONTEXT((#1438,#1439,#1440)) REPRESENTATION_CONTEXT
('Context #1','3D Context with UNIT and UNCERTAINTY') );
#1438 = ( LENGTH_UNIT() NAMED_UNIT(*) SI_UNIT(.MILLI.,.METRE.) );
#1439 = ( NAMED_UNIT(*) PLANE_ANGLE_UNIT() SI_UNIT($,.RADIAN.) );
#1440 = ( NAMED_UNIT(*) SI_UNIT($,.STERADIAN.) SOLID_ANGLE_UNIT() );
#1441 = UNCERTAINTY_MEASURE_WITH_UNIT(LENGTH_MEASURE(2.E-06),#1438,
  'distance_accuracy_value','confusion accuracy');
#1442 = CONTEXT_DEPENDENT_SHAPE_REPRESENTATION(#1443,#1445);
#1443 = ( REPRESENTATION_RELATIONSHIP('','',#36,#10) 
REPRESENTATION_RELATIONSHIP_WITH_TRANSFORMATION(#1444) 
SHAPE_REPRESENTATION_RELATIONSHIP() );
#1444 = ITEM_DEFINED_TRANSFORMATION('','',#11,#15);
#1445 = PRODUCT_DEFINITION_SHAPE('Placement','Placement of an item',
  #1446);
#1446 = NEXT_ASSEMBLY_USAGE_OCCURRENCE('30','','',#5,#31,$);
#1447 = PRODUCT_RELATED_PRODUCT_CATEGORY('part',$,(#33));
#1448 = SHAPE_DEFINITION_REPRESENTATION(#1449,#1455);
#1449 = PRODUCT_DEFINITION_SHAPE('','',#1450);
#1450 = PRODUCT_DEFINITION('design','',#1451,#1454);
#1451 = PRODUCT_DEFINITION_FORMATION('','',#1452);
#1452 = PRODUCT('Open CASCADE STEP translator 7.8 110.2',
  'Open CASCADE STEP translator 7.8 110.2','',(#1453));
#1453 = PRODUCT_CONTEXT('',#2,'mechanical');
#1454 = PRODUCT_DEFINITION_CONTEXT('part definition',#2,'design');
#1455 = ADVANCED_BREP_SHAPE_REPRESENTATION('',(#11,#1456),#2666);
#1456 = MANIFOLD_SOLID_BREP('',#1457);
#1457 = CLOSED_SHELL('',(#1458,#1567,#1738,#1784,#2573,#2597,#2604,#2630
    ,#2656,#2661));
#1458 = ADVANCED_FACE('',(#1459),#1472,.T.);
#1459 = FACE_BOUND('',#1460,.T.);
#1460 = EDGE_LOOP('',(#1461,#1493,#1518,#1543));
#1461 = ORIENTED_EDGE('',*,*,#1462,.F.);
#1462 = EDGE_CURVE('',#1463,#1465,#1467,.T.);
#1463 = VERTEX_POINT('',#1464);
#1464 = CARTESIAN_POINT('',(76.586605785827,206.43011325446,
    111.38989221983));
#1465 = VERTEX_POINT('',#1466);
#1466 = CARTESIAN_POINT('',(76.586605785827,206.43011325446,
    134.38989221983));
#1467 = SURFACE_CURVE('',#1468,(#1471,#1482),.PCURVE_S1.);
#1468 = B_SPLINE_CURVE_WITH_KNOTS('',1,(#1469,#1470),.UNSPECIFIED.,.F.,
  .F.,(2,2),(0.,28.),.PIECEWISE_BEZIER_KNOTS.);
#1469 = CARTESIAN_POINT('',(76.586605785827,206.43011325446,
    111.38989221983));
#1470 = CARTESIAN_POINT('',(76.586605785827,206.43011325446,
    139.38989221983));
#1471 = PCURVE('',#1472,#1477);
#1472 = B_SPLINE_SURFACE_WITH_KNOTS('',1,1,(
    (#1473,#1474)
    ,(#1475,#1476
    )),.UNSPECIFIED.,.F.,.F.,.F.,(2,2),(2,2),(0.,28.),(-2.,0.),
  .PIECEWISE_BEZIER_KNOTS.);
#1473 = CARTESIAN_POINT('',(76.586605785827,208.43011325446,
    111.38989221983));
#1474 = CARTESIAN_POINT('',(76.586605785827,206.43011325446,
    111.38989221983));
#1475 = CARTESIAN_POINT('',(76.586605785827,208.43011325446,
    139.38989221983));
#1476 = CARTESIAN_POINT('',(76.586605785827,206.43011325446,
    139.38989221983));
#1477 = DEFINITIONAL_REPRESENTATION('',(#1478),#1481);
#1478 = B_SPLINE_CURVE_WITH_KNOTS('',1,(#1479,#1480),.UNSPECIFIED.,.F.,
  .F.,(2,2),(0.,28.),.PIECEWISE_BEZIER_KNOTS.);
#1479 = CARTESIAN_POINT('',(0.,0.));
#1480 = CARTESIAN_POINT('',(28.,0.));
#1481 = ( GEOMETRIC_REPRESENTATION_CONTEXT(2) 
PARAMETRIC_REPRESENTATION_CONTEXT() REPRESENTATION_CONTEXT('2D SPACE',''
  ) );
#1482 = PCURVE('',#1483,#1488);
#1483 = B_SPLINE_SURFACE_WITH_KNOTS('',1,1,(
    (#1484,#1485)
    ,(#1486,#1487
    )),.UNSPECIFIED.,.F.,.F.,.F.,(2,2),(2,2),(0.,28.),(0.,30.),
  .PIECEWISE_BEZIER_KNOTS.);
#1484 = CARTESIAN_POINT('',(76.586605785827,206.43011325446,
    111.38989221983));
#1485 = CARTESIAN_POINT('',(46.586605785827,206.43011325446,
    111.38989221983));
#1486 = CARTESIAN_POINT('',(76.586605785827,206.43011325446,
    139.38989221983));
#1487 = CARTESIAN_POINT('',(46.586605785827,206.43011325446,
    139.38989221983));
#1488 = DEFINITIONAL_REPRESENTATION('',(#1489),#1492);
#1489 = B_SPLINE_CURVE_WITH_KNOTS('',1,(#1490,#1491),.UNSPECIFIED.,.F.,
  .F.,(2,2),(0.,28.),.PIECEWISE_BEZIER_KNOTS.);
#1490 = CARTESIAN_POINT('',(0.,0.));
#1491 = CARTESIAN_POINT('',(28.,0.));
#1492 = ( GEOMETRIC_REPRESENTATION_CONTEXT(2) 
PARAMETRIC_REPRESENTATION_CONTEXT() REPRESENTATION_CONTEXT('2D SPACE',''
  ) );
#1493 = ORIENTED_EDGE('',*,*,#1494,.T.);
#1494 = EDGE_CURVE('',#1463,#1495,#1497,.T.);
#1495 = VERTEX_POINT('',#1496);
#1496 = CARTESIAN_POINT('',(76.586605785827,208.43011325446,
    111.38989221983));
#1497 = SURFACE_CURVE('',#1498,(#1501,#1507),.PCURVE_S1.);
#1498 = B_SPLINE_CURVE_WITH_KNOTS('',1,(#1499,#1500),.UNSPECIFIED.,.F.,
  .F.,(2,2),(0.,2.),.PIECEWISE_BEZIER_KNOTS.);
#1499 = CARTESIAN_POINT('',(76.586605785827,206.43011325446,
    111.38989221983));
#1500 = CARTESIAN_POINT('',(76.586605785827,208.43011325446,
    111.38989221983));
#1501 = PCURVE('',#1472,#1502);
#1502 = DEFINITIONAL_REPRESENTATION('',(#1503),#1506);
#1503 = B_SPLINE_CURVE_WITH_KNOTS('',1,(#1504,#1505),.UNSPECIFIED.,.F.,
  .F.,(2,2),(0.,2.),.PIECEWISE_BEZIER_KNOTS.);
#1504 = CARTESIAN_POINT('',(0.,0.));
#1505 = CARTESIAN_POINT('',(0.,-2.));
#1506 = ( GEOMETRIC_REPRESENTATION_CONTEXT(2) 
PARAMETRIC_REPRESENTATION_CONTEXT() REPRESENTATION_CONTEXT('2D SPACE',''
  ) );
#1507 = PCURVE('',#1508,#1513);
#1508 = B_SPLINE_SURFACE_WITH_KNOTS('',1,1,(
    (#1509,#1510)
    ,(#1511,#1512
    )),.UNSPECIFIED.,.F.,.F.,.F.,(2,2),(2,2),(0.,30.),(0.,2.),
  .PIECEWISE_BEZIER_KNOTS.);
#1509 = CARTESIAN_POINT('',(76.586605785827,206.43011325446,
    111.38989221983));
#1510 = CARTESIAN_POINT('',(76.586605785827,208.43011325446,
    111.38989221983));
#1511 = CARTESIAN_POINT('',(46.586605785827,206.43011325446,
    111.38989221983));
#1512 = CARTESIAN_POINT('',(46.586605785827,208.43011325446,
    111.38989221983));
#1513 = DEFINITIONAL_REPRESENTATION('',(#1514),#1517);
#1514 = B_SPLINE_CURVE_WITH_KNOTS('',1,(#1515,#1516),.UNSPECIFIED.,.F.,
  .F.,(2,2),(0.,2.),.PIECEWISE_BEZIER_KNOTS.);
#1515 = CARTESIAN_POINT('',(0.,0.));
#1516 = CARTESIAN_POINT('',(0.,2.));
#1517 = ( GEOMETRIC_REPRESENTATION_CONTEXT(2) 
PARAMETRIC_REPRESENTATION_CONTEXT() REPRESENTATION_CONTEXT('2D SPACE',''
  ) );
#1518 = ORIENTED_EDGE('',*,*,#1519,.T.);
#1519 = EDGE_CURVE('',#1495,#1520,#1522,.T.);
#1520 = VERTEX_POINT('',#1521);
#1521 = CARTESIAN_POINT('',(76.586605785827,208.43011325446,
    134.38989221983));
#1522 = SURFACE_CURVE('',#1523,(#1526,#1532),.PCURVE_S1.);
#1523 = B_SPLINE_CURVE_WITH_KNOTS('',1,(#1524,#1525),.UNSPECIFIED.,.F.,
  .F.,(2,2),(0.,28.),.PIECEWISE_BEZIER_KNOTS.);
#1524 = CARTESIAN_POINT('',(76.586605785827,208.43011325446,
    111.38989221983));
#1525 = CARTESIAN_POINT('',(76.586605785827,208.43011325446,
    139.38989221983));
#1526 = PCURVE('',#1472,#1527);
#1527 = DEFINITIONAL_REPRESENTATION('',(#1528),#1531);
#1528 = B_SPLINE_CURVE_WITH_KNOTS('',1,(#1529,#1530),.UNSPECIFIED.,.F.,
  .F.,(2,2),(0.,28.),.PIECEWISE_BEZIER_KNOTS.);
#1529 = CARTESIAN_POINT('',(0.,-2.));
#1530 = CARTESIAN_POINT('',(28.,-2.));
#1531 = ( GEOMETRIC_REPRESENTATION_CONTEXT(2) 
PARAMETRIC_REPRESENTATION_CONTEXT() REPRESENTATION_CONTEXT('2D SPACE',''
  ) );
#1532 = PCURVE('',#1533,#1538);
#1533 = B_SPLINE_SURFACE_WITH_KNOTS('',1,1,(
    (#1534,#1535)
    ,(#1536,#1537
    )),.UNSPECIFIED.,.F.,.F.,.F.,(2,2),(2,2),(0.,28.),(0.,30.),
  .PIECEWISE_BEZIER_KNOTS.);
#1534 = CARTESIAN_POINT('',(76.586605785827,208.43011325446,
    111.38989221983));
#1535 = CARTESIAN_POINT('',(46.586605785827,208.43011325446,
    111.38989221983));
#1536 = CARTESIAN_POINT('',(76.586605785827,208.43011325446,
    139.38989221983));
#1537 = CARTESIAN_POINT('',(46.586605785827,208.43011325446,
    139.38989221983));
#1538 = DEFINITIONAL_REPRESENTATION('',(#1539),#1542);
#1539 = B_SPLINE_CURVE_WITH_KNOTS('',1,(#1540,#1541),.UNSPECIFIED.,.F.,
  .F.,(2,2),(0.,28.),.PIECEWISE_BEZIER_KNOTS.);
#1540 = CARTESIAN_POINT('',(0.,0.));
#1541 = CARTESIAN_POINT('',(28.,0.));
#1542 = ( GEOMETRIC_REPRESENTATION_CONTEXT(2) 
PARAMETRIC_REPRESENTATION_CONTEXT() REPRESENTATION_CONTEXT('2D SPACE',''
  ) );
#1543 = ORIENTED_EDGE('',*,*,#1544,.F.);
#1544 = EDGE_CURVE('',#1465,#1520,#1545,.T.);
#1545 = SURFACE_CURVE('',#1546,(#1549,#1556),.PCURVE_S1.);
#1546 = B_SPLINE_CURVE_WITH_KNOTS('',1,(#1547,#1548),.UNSPECIFIED.,.F.,
  .F.,(2,2),(0.,45.),.PIECEWISE_BEZIER_KNOTS.);
#1547 = CARTESIAN_POINT('',(76.586605785827,168.43011325446,
    134.38989221983));
#1548 = CARTESIAN_POINT('',(76.586605785827,213.43011325446,
    134.38989221983));
#1549 = PCURVE('',#1472,#1550);
#1550 = DEFINITIONAL_REPRESENTATION('',(#1551),#1555);
#1551 = B_SPLINE_CURVE_WITH_KNOTS('',2,(#1552,#1553,#1554),
  .UNSPECIFIED.,.F.,.F.,(3,3),(38.,40.),.PIECEWISE_BEZIER_KNOTS.);
#1552 = CARTESIAN_POINT('',(23.,0.));
#1553 = CARTESIAN_POINT('',(23.,-1.000000000001));
#1554 = CARTESIAN_POINT('',(23.,-2.));
#1555 = ( GEOMETRIC_REPRESENTATION_CONTEXT(2) 
PARAMETRIC_REPRESENTATION_CONTEXT() REPRESENTATION_CONTEXT('2D SPACE',''
  ) );
#1556 = PCURVE('',#1557,#1562);
#1557 = B_SPLINE_SURFACE_WITH_KNOTS('',1,1,(
    (#1558,#1559)
    ,(#1560,#1561
    )),.UNSPECIFIED.,.F.,.F.,.F.,(2,2),(2,2),(0.,30.),(0.,45.),
  .PIECEWISE_BEZIER_KNOTS.);
#1558 = CARTESIAN_POINT('',(76.586605785827,168.43011325446,
    134.38989221983));
#1559 = CARTESIAN_POINT('',(76.586605785827,213.43011325446,
    134.38989221983));
#1560 = CARTESIAN_POINT('',(46.586605785827,168.43011325446,
    134.38989221983));
#1561 = CARTESIAN_POINT('',(46.586605785827,213.43011325446,
    134.38989221983));
#1562 = DEFINITIONAL_REPRESENTATION('',(#1563),#1566);
#1563 = B_SPLINE_CURVE_WITH_KNOTS('',1,(#1564,#1565),.UNSPECIFIED.,.F.,
  .F.,(2,2),(0.,45.),.PIECEWISE_BEZIER_KNOTS.);
#1564 = CARTESIAN_POINT('',(0.,0.));
#1565 = CARTESIAN_POINT('',(0.,45.));
#1566 = ( GEOMETRIC_REPRESENTATION_CONTEXT(2) 
PARAMETRIC_REPRESENTATION_CONTEXT() REPRESENTATION_CONTEXT('2D SPACE',''
  ) );
#1567 = ADVANCED_FACE('',(#1568,#1634,#1686),#1483,.T.);
#1568 = FACE_BOUND('',#1569,.T.);
#1569 = EDGE_LOOP('',(#1570,#1597,#1615,#1616));
#1570 = ORIENTED_EDGE('',*,*,#1571,.F.);
#1571 = EDGE_CURVE('',#1572,#1574,#1576,.T.);
#1572 = VERTEX_POINT('',#1573);
#1573 = CARTESIAN_POINT('',(46.586605785827,206.43011325446,
    111.38989221983));
#1574 = VERTEX_POINT('',#1575);
#1575 = CARTESIAN_POINT('',(46.586605785827,206.43011325446,
    134.38989221983));
#1576 = SURFACE_CURVE('',#1577,(#1580,#1586),.PCURVE_S1.);
#1577 = B_SPLINE_CURVE_WITH_KNOTS('',1,(#1578,#1579),.UNSPECIFIED.,.F.,
  .F.,(2,2),(0.,28.),.PIECEWISE_BEZIER_KNOTS.);
#1578 = CARTESIAN_POINT('',(46.586605785827,206.43011325446,
    111.38989221983));
#1579 = CARTESIAN_POINT('',(46.586605785827,206.43011325446,
    139.38989221983));
#1580 = PCURVE('',#1483,#1581);
#1581 = DEFINITIONAL_REPRESENTATION('',(#1582),#1585);
#1582 = B_SPLINE_CURVE_WITH_KNOTS('',1,(#1583,#1584),.UNSPECIFIED.,.F.,
  .F.,(2,2),(0.,28.),.PIECEWISE_BEZIER_KNOTS.);
#1583 = CARTESIAN_POINT('',(0.,30.));
#1584 = CARTESIAN_POINT('',(28.,30.));
#1585 = ( GEOMETRIC_REPRESENTATION_CONTEXT(2) 
PARAMETRIC_REPRESENTATION_CONTEXT() REPRESENTATION_CONTEXT('2D SPACE',''
  ) );
#1586 = PCURVE('',#1587,#1592);
#1587 = B_SPLINE_SURFACE_WITH_KNOTS('',1,1,(
    (#1588,#1589)
    ,(#1590,#1591
    )),.UNSPECIFIED.,.F.,.F.,.F.,(2,2),(2,2),(0.,28.),(-2.,0.),
  .PIECEWISE_BEZIER_KNOTS.);
#1588 = CARTESIAN_POINT('',(46.586605785827,208.43011325446,
    111.38989221983));
#1589 = CARTESIAN_POINT('',(46.586605785827,206.43011325446,
    111.38989221983));
#1590 = CARTESIAN_POINT('',(46.586605785827,208.43011325446,
    139.38989221983));
#1591 = CARTESIAN_POINT('',(46.586605785827,206.43011325446,
    139.38989221983));
#1592 = DEFINITIONAL_REPRESENTATION('',(#1593),#1596);
#1593 = B_SPLINE_CURVE_WITH_KNOTS('',1,(#1594,#1595),.UNSPECIFIED.,.F.,
  .F.,(2,2),(0.,28.),.PIECEWISE_BEZIER_KNOTS.);
#1594 = CARTESIAN_POINT('',(0.,0.));
#1595 = CARTESIAN_POINT('',(28.,0.));
#1596 = ( GEOMETRIC_REPRESENTATION_CONTEXT(2) 
PARAMETRIC_REPRESENTATION_CONTEXT() REPRESENTATION_CONTEXT('2D SPACE',''
  ) );
#1597 = ORIENTED_EDGE('',*,*,#1598,.F.);
#1598 = EDGE_CURVE('',#1463,#1572,#1599,.T.);
#1599 = SURFACE_CURVE('',#1600,(#1603,#1609),.PCURVE_S1.);
#1600 = B_SPLINE_CURVE_WITH_KNOTS('',1,(#1601,#1602),.UNSPECIFIED.,.F.,
  .F.,(2,2),(0.,30.),.PIECEWISE_BEZIER_KNOTS.);
#1601 = CARTESIAN_POINT('',(76.586605785827,206.43011325446,
    111.38989221983));
#1602 = CARTESIAN_POINT('',(46.586605785827,206.43011325446,
    111.38989221983));
#1603 = PCURVE('',#1483,#1604);
#1604 = DEFINITIONAL_REPRESENTATION('',(#1605),#1608);
#1605 = B_SPLINE_CURVE_WITH_KNOTS('',1,(#1606,#1607),.UNSPECIFIED.,.F.,
  .F.,(2,2),(0.,30.),.PIECEWISE_BEZIER_KNOTS.);
#1606 = CARTESIAN_POINT('',(0.,0.));
#1607 = CARTESIAN_POINT('',(0.,30.));
#1608 = ( GEOMETRIC_REPRESENTATION_CONTEXT(2) 
PARAMETRIC_REPRESENTATION_CONTEXT() REPRESENTATION_CONTEXT('2D SPACE',''
  ) );
#1609 = PCURVE('',#1508,#1610);
#1610 = DEFINITIONAL_REPRESENTATION('',(#1611),#1614);
#1611 = B_SPLINE_CURVE_WITH_KNOTS('',1,(#1612,#1613),.UNSPECIFIED.,.F.,
  .F.,(2,2),(0.,30.),.PIECEWISE_BEZIER_KNOTS.);
#1612 = CARTESIAN_POINT('',(0.,0.));
#1613 = CARTESIAN_POINT('',(30.,0.));
#1614 = ( GEOMETRIC_REPRESENTATION_CONTEXT(2) 
PARAMETRIC_REPRESENTATION_CONTEXT() REPRESENTATION_CONTEXT('2D SPACE',''
  ) );
#1615 = ORIENTED_EDGE('',*,*,#1462,.T.);
#1616 = ORIENTED_EDGE('',*,*,#1617,.T.);
#1617 = EDGE_CURVE('',#1465,#1574,#1618,.T.);
#1618 = SURFACE_CURVE('',#1619,(#1622,#1628),.PCURVE_S1.);
#1619 = B_SPLINE_CURVE_WITH_KNOTS('',1,(#1620,#1621),.UNSPECIFIED.,.F.,
  .F.,(2,2),(0.,1.),.PIECEWISE_BEZIER_KNOTS.);
#1620 = CARTESIAN_POINT('',(76.586605785827,206.43011325446,
    134.38989221983));
#1621 = CARTESIAN_POINT('',(46.586605785827,206.43011325446,
    134.38989221983));
#1622 = PCURVE('',#1483,#1623);
#1623 = DEFINITIONAL_REPRESENTATION('',(#1624),#1627);
#1624 = B_SPLINE_CURVE_WITH_KNOTS('',1,(#1625,#1626),.UNSPECIFIED.,.F.,
  .F.,(2,2),(0.,1.),.PIECEWISE_BEZIER_KNOTS.);
#1625 = CARTESIAN_POINT('',(23.,0.));
#1626 = CARTESIAN_POINT('',(23.,30.));
#1627 = ( GEOMETRIC_REPRESENTATION_CONTEXT(2) 
PARAMETRIC_REPRESENTATION_CONTEXT() REPRESENTATION_CONTEXT('2D SPACE',''
  ) );
#1628 = PCURVE('',#1557,#1629);
#1629 = DEFINITIONAL_REPRESENTATION('',(#1630),#1633);
#1630 = B_SPLINE_CURVE_WITH_KNOTS('',1,(#1631,#1632),.UNSPECIFIED.,.F.,
  .F.,(2,2),(0.,1.),.PIECEWISE_BEZIER_KNOTS.);
#1631 = CARTESIAN_POINT('',(2.857142577849E-10,38.));
#1632 = CARTESIAN_POINT('',(29.999999999086,38.));
#1633 = ( GEOMETRIC_REPRESENTATION_CONTEXT(2) 
PARAMETRIC_REPRESENTATION_CONTEXT() REPRESENTATION_CONTEXT('2D SPACE',''
  ) );
#1634 = FACE_BOUND('',#1635,.T.);
#1635 = EDGE_LOOP('',(#1636));
#1636 = ORIENTED_EDGE('',*,*,#1637,.F.);
#1637 = EDGE_CURVE('',#1638,#1638,#1640,.T.);
#1638 = VERTEX_POINT('',#1639);
#1639 = CARTESIAN_POINT('',(69.586605785827,206.43011325446,
    128.08989221983));
#1640 = SURFACE_CURVE('',#1641,(#1649,#1660),.PCURVE_S1.);
#1641 = ( BOUNDED_CURVE() B_SPLINE_CURVE(2,(#1642,#1643,#1644,#1645,
#1646,#1647,#1648),.UNSPECIFIED.,.T.,.F.) B_SPLINE_CURVE_WITH_KNOTS((1,2
    ,2,2,2,1),(-2.094395102393,0.,2.094395102393,4.188790204786,
6.28318530718,8.377580409573),.UNSPECIFIED.) CURVE() 
GEOMETRIC_REPRESENTATION_ITEM() RATIONAL_B_SPLINE_CURVE((1.,0.5,1.,0.5,
1.,0.5,1.)) REPRESENTATION_ITEM('') );
#1642 = CARTESIAN_POINT('',(69.586605785827,206.43011325446,
    128.08989221983));
#1643 = CARTESIAN_POINT('',(66.64211941296,206.43011325446,
    128.08989221983));
#1644 = CARTESIAN_POINT('',(68.114362599393,206.43011325446,
    125.53989221983));
#1645 = CARTESIAN_POINT('',(69.586605785827,206.43011325446,
    122.98989221983));
#1646 = CARTESIAN_POINT('',(71.05884897226,206.43011325446,
    125.53989221983));
#1647 = CARTESIAN_POINT('',(72.531092158694,206.43011325446,
    128.08989221983));
#1648 = CARTESIAN_POINT('',(69.586605785827,206.43011325446,
    128.08989221983));
#1649 = PCURVE('',#1483,#1650);
#1650 = DEFINITIONAL_REPRESENTATION('',(#1651),#1659);
#1651 = ( BOUNDED_CURVE() B_SPLINE_CURVE(2,(#1652,#1653,#1654,#1655,
#1656,#1657,#1658),.UNSPECIFIED.,.T.,.F.) B_SPLINE_CURVE_WITH_KNOTS((1,2
    ,2,2,2,1),(-2.094395102393,0.,2.094395102393,4.188790204786,
6.28318530718,8.377580409573),.UNSPECIFIED.) CURVE() 
GEOMETRIC_REPRESENTATION_ITEM() RATIONAL_B_SPLINE_CURVE((1.,0.5,1.,0.5,
1.,0.5,1.)) REPRESENTATION_ITEM('') );
#1652 = CARTESIAN_POINT('',(16.7,7.));
#1653 = CARTESIAN_POINT('',(16.7,9.944486372867));
#1654 = CARTESIAN_POINT('',(14.15,8.472243186434));
#1655 = CARTESIAN_POINT('',(11.6,7.));
#1656 = CARTESIAN_POINT('',(14.15,5.527756813566));
#1657 = CARTESIAN_POINT('',(16.7,4.055513627133));
#1658 = CARTESIAN_POINT('',(16.7,7.));
#1659 = ( GEOMETRIC_REPRESENTATION_CONTEXT(2) 
PARAMETRIC_REPRESENTATION_CONTEXT() REPRESENTATION_CONTEXT('2D SPACE',''
  ) );
#1660 = PCURVE('',#1661,#1676);
#1661 = ( BOUNDED_SURFACE() B_SPLINE_SURFACE(2,1,(
    (#1662,#1663)
    ,(#1664,#1665)
    ,(#1666,#1667)
    ,(#1668,#1669)
    ,(#1670,#1671)
    ,(#1672,#1673)
    ,(#1674,#1675
)),.UNSPECIFIED.,.T.,.F.,.F.) B_SPLINE_SURFACE_WITH_KNOTS((1,2,2,2,2,1),
  (2,2),(-2.094395102393,0.,2.094395102393,4.188790204786,6.28318530718,
    8.377580409573),(1.E-01,2.1),.UNSPECIFIED.) 
GEOMETRIC_REPRESENTATION_ITEM() RATIONAL_B_SPLINE_SURFACE((
    (1.,1.)
    ,(0.5,0.5)
    ,(1.,1.)
    ,(0.5,0.5)
    ,(1.,1.)
    ,(0.5,0.5)
,(1.,1.))) REPRESENTATION_ITEM('') SURFACE() );
#1662 = CARTESIAN_POINT('',(69.586605785827,206.43011325446,
    128.08989221983));
#1663 = CARTESIAN_POINT('',(69.586605785827,208.43011325446,
    128.08989221983));
#1664 = CARTESIAN_POINT('',(66.64211941296,206.43011325446,
    128.08989221983));
#1665 = CARTESIAN_POINT('',(66.64211941296,208.43011325446,
    128.08989221983));
#1666 = CARTESIAN_POINT('',(68.114362599393,206.43011325446,
    125.53989221983));
#1667 = CARTESIAN_POINT('',(68.114362599393,208.43011325446,
    125.53989221983));
#1668 = CARTESIAN_POINT('',(69.586605785827,206.43011325446,
    122.98989221983));
#1669 = CARTESIAN_POINT('',(69.586605785827,208.43011325446,
    122.98989221983));
#1670 = CARTESIAN_POINT('',(71.05884897226,206.43011325446,
    125.53989221983));
#1671 = CARTESIAN_POINT('',(71.05884897226,208.43011325446,
    125.53989221983));
#1672 = CARTESIAN_POINT('',(72.531092158694,206.43011325446,
    128.08989221983));
#1673 = CARTESIAN_POINT('',(72.531092158694,208.43011325446,
    128.08989221983));
#1674 = CARTESIAN_POINT('',(69.586605785827,206.43011325446,
    128.08989221983));
#1675 = CARTESIAN_POINT('',(69.586605785827,208.43011325446,
    128.08989221983));
#1676 = DEFINITIONAL_REPRESENTATION('',(#1677),#1685);
#1677 = B_SPLINE_CURVE_WITH_KNOTS('',2,(#1678,#1679,#1680,#1681,#1682,
    #1683,#1684),.UNSPECIFIED.,.F.,.F.,(3,2,2,3),(0.,2.094395102393,
    4.188790204786,6.28318530718),.PIECEWISE_BEZIER_KNOTS.);
#1678 = CARTESIAN_POINT('',(0.,1.E-01));
#1679 = CARTESIAN_POINT('',(1.047197551197,0.1));
#1680 = CARTESIAN_POINT('',(2.094395102393,1.E-01));
#1681 = CARTESIAN_POINT('',(3.14159265359,0.1));
#1682 = CARTESIAN_POINT('',(4.188790204786,1.E-01));
#1683 = CARTESIAN_POINT('',(5.235987755983,0.1));
#1684 = CARTESIAN_POINT('',(6.28318530718,1.E-01));
#1685 = ( GEOMETRIC_REPRESENTATION_CONTEXT(2) 
PARAMETRIC_REPRESENTATION_CONTEXT() REPRESENTATION_CONTEXT('2D SPACE',''
  ) );
#1686 = FACE_BOUND('',#1687,.T.);
#1687 = EDGE_LOOP('',(#1688));
#1688 = ORIENTED_EDGE('',*,*,#1689,.F.);
#1689 = EDGE_CURVE('',#1690,#1690,#1692,.T.);
#1690 = VERTEX_POINT('',#1691);
#1691 = CARTESIAN_POINT('',(53.586605785827,206.43011325446,
    128.08989221983));
#1692 = SURFACE_CURVE('',#1693,(#1701,#1712),.PCURVE_S1.);
#1693 = ( BOUNDED_CURVE() B_SPLINE_CURVE(2,(#1694,#1695,#1696,#1697,
#1698,#1699,#1700),.UNSPECIFIED.,.T.,.F.) B_SPLINE_CURVE_WITH_KNOTS((1,2
    ,2,2,2,1),(-2.094395102393,0.,2.094395102393,4.188790204786,
6.28318530718,8.377580409573),.UNSPECIFIED.) CURVE() 
GEOMETRIC_REPRESENTATION_ITEM() RATIONAL_B_SPLINE_CURVE((1.,0.5,1.,0.5,
1.,0.5,1.)) REPRESENTATION_ITEM('') );
#1694 = CARTESIAN_POINT('',(53.586605785827,206.43011325446,
    128.08989221983));
#1695 = CARTESIAN_POINT('',(50.64211941296,206.43011325446,
    128.08989221983));
#1696 = CARTESIAN_POINT('',(52.114362599393,206.43011325446,
    125.53989221983));
#1697 = CARTESIAN_POINT('',(53.586605785827,206.43011325446,
    122.98989221983));
#1698 = CARTESIAN_POINT('',(55.05884897226,206.43011325446,
    125.53989221983));
#1699 = CARTESIAN_POINT('',(56.531092158694,206.43011325446,
    128.08989221983));
#1700 = CARTESIAN_POINT('',(53.586605785827,206.43011325446,
    128.08989221983));
#1701 = PCURVE('',#1483,#1702);
#1702 = DEFINITIONAL_REPRESENTATION('',(#1703),#1711);
#1703 = ( BOUNDED_CURVE() B_SPLINE_CURVE(2,(#1704,#1705,#1706,#1707,
#1708,#1709,#1710),.UNSPECIFIED.,.T.,.F.) B_SPLINE_CURVE_WITH_KNOTS((1,2
    ,2,2,2,1),(-2.094395102393,0.,2.094395102393,4.188790204786,
6.28318530718,8.377580409573),.UNSPECIFIED.) CURVE() 
GEOMETRIC_REPRESENTATION_ITEM() RATIONAL_B_SPLINE_CURVE((1.,0.5,1.,0.5,
1.,0.5,1.)) REPRESENTATION_ITEM('') );
#1704 = CARTESIAN_POINT('',(16.7,23.));
#1705 = CARTESIAN_POINT('',(16.7,25.944486372867));
#1706 = CARTESIAN_POINT('',(14.15,24.472243186434));
#1707 = CARTESIAN_POINT('',(11.6,23.));
#1708 = CARTESIAN_POINT('',(14.15,21.527756813566));
#1709 = CARTESIAN_POINT('',(16.7,20.055513627133));
#1710 = CARTESIAN_POINT('',(16.7,23.));
#1711 = ( GEOMETRIC_REPRESENTATION_CONTEXT(2) 
PARAMETRIC_REPRESENTATION_CONTEXT() REPRESENTATION_CONTEXT('2D SPACE',''
  ) );
#1712 = PCURVE('',#1713,#1728);
#1713 = ( BOUNDED_SURFACE() B_SPLINE_SURFACE(2,1,(
    (#1714,#1715)
    ,(#1716,#1717)
    ,(#1718,#1719)
    ,(#1720,#1721)
    ,(#1722,#1723)
    ,(#1724,#1725)
    ,(#1726,#1727
)),.UNSPECIFIED.,.T.,.F.,.F.) B_SPLINE_SURFACE_WITH_KNOTS((1,2,2,2,2,1),
  (2,2),(-2.094395102393,0.,2.094395102393,4.188790204786,6.28318530718,
    8.377580409573),(1.E-01,2.1),.UNSPECIFIED.) 
GEOMETRIC_REPRESENTATION_ITEM() RATIONAL_B_SPLINE_SURFACE((
    (1.,1.)
    ,(0.5,0.5)
    ,(1.,1.)
    ,(0.5,0.5)
    ,(1.,1.)
    ,(0.5,0.5)
,(1.,1.))) REPRESENTATION_ITEM('') SURFACE() );
#1714 = CARTESIAN_POINT('',(53.586605785827,206.43011325446,
    128.08989221983));
#1715 = CARTESIAN_POINT('',(53.586605785827,208.43011325446,
    128.08989221983));
#1716 = CARTESIAN_POINT('',(50.64211941296,206.43011325446,
    128.08989221983));
#1717 = CARTESIAN_POINT('',(50.64211941296,208.43011325446,
    128.08989221983));
#1718 = CARTESIAN_POINT('',(52.114362599393,206.43011325446,
    125.53989221983));
#1719 = CARTESIAN_POINT('',(52.114362599393,208.43011325446,
    125.53989221983));
#1720 = CARTESIAN_POINT('',(53.586605785827,206.43011325446,
    122.98989221983));
#1721 = CARTESIAN_POINT('',(53.586605785827,208.43011325446,
    122.98989221983));
#1722 = CARTESIAN_POINT('',(55.05884897226,206.43011325446,
    125.53989221983));
#1723 = CARTESIAN_POINT('',(55.05884897226,208.43011325446,
    125.53989221983));
#1724 = CARTESIAN_POINT('',(56.531092158694,206.43011325446,
    128.08989221983));
#1725 = CARTESIAN_POINT('',(56.531092158694,208.43011325446,
    128.08989221983));
#1726 = CARTESIAN_POINT('',(53.586605785827,206.43011325446,
    128.08989221983));
#1727 = CARTESIAN_POINT('',(53.586605785827,208.43011325446,
    128.08989221983));
#1728 = DEFINITIONAL_REPRESENTATION('',(#1729),#1737);
#1729 = B_SPLINE_CURVE_WITH_KNOTS('',2,(#1730,#1731,#1732,#1733,#1734,
    #1735,#1736),.UNSPECIFIED.,.F.,.F.,(3,2,2,3),(0.,2.094395102393,
    4.188790204786,6.28318530718),.PIECEWISE_BEZIER_KNOTS.);
#1730 = CARTESIAN_POINT('',(0.,1.E-01));
#1731 = CARTESIAN_POINT('',(1.047197551197,0.1));
#1732 = CARTESIAN_POINT('',(2.094395102393,1.E-01));
#1733 = CARTESIAN_POINT('',(3.14159265359,0.1));
#1734 = CARTESIAN_POINT('',(4.188790204786,1.E-01));
#1735 = CARTESIAN_POINT('',(5.235987755983,0.1));
#1736 = CARTESIAN_POINT('',(6.28318530718,1.E-01));
#1737 = ( GEOMETRIC_REPRESENTATION_CONTEXT(2) 
PARAMETRIC_REPRESENTATION_CONTEXT() REPRESENTATION_CONTEXT('2D SPACE',''
  ) );
#1738 = ADVANCED_FACE('',(#1739),#1557,.F.);
#1739 = FACE_BOUND('',#1740,.F.);
#1740 = EDGE_LOOP('',(#1741,#1763,#1764,#1765));
#1741 = ORIENTED_EDGE('',*,*,#1742,.F.);
#1742 = EDGE_CURVE('',#1520,#1743,#1745,.T.);
#1743 = VERTEX_POINT('',#1744);
#1744 = CARTESIAN_POINT('',(46.586605785827,208.43011325446,
    134.38989221983));
#1745 = SURFACE_CURVE('',#1746,(#1749,#1756),.PCURVE_S1.);
#1746 = B_SPLINE_CURVE_WITH_KNOTS('',1,(#1747,#1748),.UNSPECIFIED.,.F.,
  .F.,(2,2),(0.,30.),.PIECEWISE_BEZIER_KNOTS.);
#1747 = CARTESIAN_POINT('',(76.586605785827,208.43011325446,
    134.38989221983));
#1748 = CARTESIAN_POINT('',(46.586605785827,208.43011325446,
    134.38989221983));
#1749 = PCURVE('',#1557,#1750);
#1750 = DEFINITIONAL_REPRESENTATION('',(#1751),#1755);
#1751 = B_SPLINE_CURVE_WITH_KNOTS('',2,(#1752,#1753,#1754),
  .UNSPECIFIED.,.F.,.F.,(3,3),(0.,30.),.PIECEWISE_BEZIER_KNOTS.);
#1752 = CARTESIAN_POINT('',(3.10038453244E-15,40.));
#1753 = CARTESIAN_POINT('',(15.,40.));
#1754 = CARTESIAN_POINT('',(30.,40.));
#1755 = ( GEOMETRIC_REPRESENTATION_CONTEXT(2) 
PARAMETRIC_REPRESENTATION_CONTEXT() REPRESENTATION_CONTEXT('2D SPACE',''
  ) );
#1756 = PCURVE('',#1533,#1757);
#1757 = DEFINITIONAL_REPRESENTATION('',(#1758),#1762);
#1758 = B_SPLINE_CURVE_WITH_KNOTS('',2,(#1759,#1760,#1761),
  .UNSPECIFIED.,.F.,.F.,(3,3),(0.,30.),.PIECEWISE_BEZIER_KNOTS.);
#1759 = CARTESIAN_POINT('',(23.,3.10038453244E-15));
#1760 = CARTESIAN_POINT('',(23.,15.));
#1761 = CARTESIAN_POINT('',(23.,30.));
#1762 = ( GEOMETRIC_REPRESENTATION_CONTEXT(2) 
PARAMETRIC_REPRESENTATION_CONTEXT() REPRESENTATION_CONTEXT('2D SPACE',''
  ) );
#1763 = ORIENTED_EDGE('',*,*,#1544,.F.);
#1764 = ORIENTED_EDGE('',*,*,#1617,.T.);
#1765 = ORIENTED_EDGE('',*,*,#1766,.T.);
#1766 = EDGE_CURVE('',#1574,#1743,#1767,.T.);
#1767 = SURFACE_CURVE('',#1768,(#1771,#1777),.PCURVE_S1.);
#1768 = B_SPLINE_CURVE_WITH_KNOTS('',1,(#1769,#1770),.UNSPECIFIED.,.F.,
  .F.,(2,2),(0.,45.),.PIECEWISE_BEZIER_KNOTS.);
#1769 = CARTESIAN_POINT('',(46.586605785827,168.43011325446,
    134.38989221983));
#1770 = CARTESIAN_POINT('',(46.586605785827,213.43011325446,
    134.38989221983));
#1771 = PCURVE('',#1557,#1772);
#1772 = DEFINITIONAL_REPRESENTATION('',(#1773),#1776);
#1773 = B_SPLINE_CURVE_WITH_KNOTS('',1,(#1774,#1775),.UNSPECIFIED.,.F.,
  .F.,(2,2),(0.,45.),.PIECEWISE_BEZIER_KNOTS.);
#1774 = CARTESIAN_POINT('',(30.,0.));
#1775 = CARTESIAN_POINT('',(30.,45.));
#1776 = ( GEOMETRIC_REPRESENTATION_CONTEXT(2) 
PARAMETRIC_REPRESENTATION_CONTEXT() REPRESENTATION_CONTEXT('2D SPACE',''
  ) );
#1777 = PCURVE('',#1587,#1778);
#1778 = DEFINITIONAL_REPRESENTATION('',(#1779),#1783);
#1779 = B_SPLINE_CURVE_WITH_KNOTS('',2,(#1780,#1781,#1782),
  .UNSPECIFIED.,.F.,.F.,(3,3),(38.,40.),.PIECEWISE_BEZIER_KNOTS.);
#1780 = CARTESIAN_POINT('',(23.,0.));
#1781 = CARTESIAN_POINT('',(23.,-1.000000000001));
#1782 = CARTESIAN_POINT('',(23.,-2.));
#1783 = ( GEOMETRIC_REPRESENTATION_CONTEXT(2) 
PARAMETRIC_REPRESENTATION_CONTEXT() REPRESENTATION_CONTEXT('2D SPACE',''
  ) );
#1784 = ADVANCED_FACE('',(#1785,#1827,#2162,#2199,#2536),#1533,.F.);
#1785 = FACE_BOUND('',#1786,.F.);
#1786 = EDGE_LOOP('',(#1787,#1807,#1825,#1826));
#1787 = ORIENTED_EDGE('',*,*,#1788,.F.);
#1788 = EDGE_CURVE('',#1789,#1743,#1791,.T.);
#1789 = VERTEX_POINT('',#1790);
#1790 = CARTESIAN_POINT('',(46.586605785827,208.43011325446,
    111.38989221983));
#1791 = SURFACE_CURVE('',#1792,(#1795,#1801),.PCURVE_S1.);
#1792 = B_SPLINE_CURVE_WITH_KNOTS('',1,(#1793,#1794),.UNSPECIFIED.,.F.,
  .F.,(2,2),(0.,28.),.PIECEWISE_BEZIER_KNOTS.);
#1793 = CARTESIAN_POINT('',(46.586605785827,208.43011325446,
    111.38989221983));
#1794 = CARTESIAN_POINT('',(46.586605785827,208.43011325446,
    139.38989221983));
#1795 = PCURVE('',#1533,#1796);
#1796 = DEFINITIONAL_REPRESENTATION('',(#1797),#1800);
#1797 = B_SPLINE_CURVE_WITH_KNOTS('',1,(#1798,#1799),.UNSPECIFIED.,.F.,
  .F.,(2,2),(0.,28.),.PIECEWISE_BEZIER_KNOTS.);
#1798 = CARTESIAN_POINT('',(0.,30.));
#1799 = CARTESIAN_POINT('',(28.,30.));
#1800 = ( GEOMETRIC_REPRESENTATION_CONTEXT(2) 
PARAMETRIC_REPRESENTATION_CONTEXT() REPRESENTATION_CONTEXT('2D SPACE',''
  ) );
#1801 = PCURVE('',#1587,#1802);
#1802 = DEFINITIONAL_REPRESENTATION('',(#1803),#1806);
#1803 = B_SPLINE_CURVE_WITH_KNOTS('',1,(#1804,#1805),.UNSPECIFIED.,.F.,
  .F.,(2,2),(0.,28.),.PIECEWISE_BEZIER_KNOTS.);
#1804 = CARTESIAN_POINT('',(0.,-2.));
#1805 = CARTESIAN_POINT('',(28.,-2.));
#1806 = ( GEOMETRIC_REPRESENTATION_CONTEXT(2) 
PARAMETRIC_REPRESENTATION_CONTEXT() REPRESENTATION_CONTEXT('2D SPACE',''
  ) );
#1807 = ORIENTED_EDGE('',*,*,#1808,.F.);
#1808 = EDGE_CURVE('',#1495,#1789,#1809,.T.);
#1809 = SURFACE_CURVE('',#1810,(#1813,#1819),.PCURVE_S1.);
#1810 = B_SPLINE_CURVE_WITH_KNOTS('',1,(#1811,#1812),.UNSPECIFIED.,.F.,
  .F.,(2,2),(0.,30.),.PIECEWISE_BEZIER_KNOTS.);
#1811 = CARTESIAN_POINT('',(76.586605785827,208.43011325446,
    111.38989221983));
#1812 = CARTESIAN_POINT('',(46.586605785827,208.43011325446,
    111.38989221983));
#1813 = PCURVE('',#1533,#1814);
#1814 = DEFINITIONAL_REPRESENTATION('',(#1815),#1818);
#1815 = B_SPLINE_CURVE_WITH_KNOTS('',1,(#1816,#1817),.UNSPECIFIED.,.F.,
  .F.,(2,2),(0.,30.),.PIECEWISE_BEZIER_KNOTS.);
#1816 = CARTESIAN_POINT('',(0.,0.));
#1817 = CARTESIAN_POINT('',(0.,30.));
#1818 = ( GEOMETRIC_REPRESENTATION_CONTEXT(2) 
PARAMETRIC_REPRESENTATION_CONTEXT() REPRESENTATION_CONTEXT('2D SPACE',''
  ) );
#1819 = PCURVE('',#1508,#1820);
#1820 = DEFINITIONAL_REPRESENTATION('',(#1821),#1824);
#1821 = B_SPLINE_CURVE_WITH_KNOTS('',1,(#1822,#1823),.UNSPECIFIED.,.F.,
  .F.,(2,2),(0.,30.),.PIECEWISE_BEZIER_KNOTS.);
#1822 = CARTESIAN_POINT('',(0.,2.));
#1823 = CARTESIAN_POINT('',(30.,2.));
#1824 = ( GEOMETRIC_REPRESENTATION_CONTEXT(2) 
PARAMETRIC_REPRESENTATION_CONTEXT() REPRESENTATION_CONTEXT('2D SPACE',''
  ) );
#1825 = ORIENTED_EDGE('',*,*,#1519,.T.);
#1826 = ORIENTED_EDGE('',*,*,#1742,.T.);
#1827 = FACE_BOUND('',#1828,.F.);
#1828 = EDGE_LOOP('',(#1829,#2018));
#1829 = ORIENTED_EDGE('',*,*,#1830,.T.);
#1830 = EDGE_CURVE('',#1831,#1833,#1835,.T.);
#1831 = VERTEX_POINT('',#1832);
#1832 = CARTESIAN_POINT('',(70.104486354569,208.43011325446,
    117.77069497536));
#1833 = VERTEX_POINT('',#1834);
#1834 = CARTESIAN_POINT('',(69.586605785827,208.43011325446,
    121.08989221983));
#1835 = SURFACE_CURVE('',#1836,(#1875,#1944),.PCURVE_S1.);
#1836 = B_SPLINE_CURVE_WITH_KNOTS('',7,(#1837,#1838,#1839,#1840,#1841,
    #1842,#1843,#1844,#1845,#1846,#1847,#1848,#1849,#1850,#1851,#1852,
    #1853,#1854,#1855,#1856,#1857,#1858,#1859,#1860,#1861,#1862,#1863,
    #1864,#1865,#1866,#1867,#1868,#1869,#1870,#1871,#1872,#1873,#1874),
  .UNSPECIFIED.,.F.,.F.,(8,6,6,6,6,6,8),(0.,0.108378641919,
    0.273247746903,0.42862587253,0.668706722888,0.805136134777,1.),
  .UNSPECIFIED.);
#1837 = CARTESIAN_POINT('',(70.104486354569,208.43011325446,
    117.77069497536));
#1838 = CARTESIAN_POINT('',(70.017977875134,208.43011325446,
    117.74302628911));
#1839 = CARTESIAN_POINT('',(69.929741916266,208.43011325446,
    117.72074914999));
#1840 = CARTESIAN_POINT('',(69.840186734808,208.43011325446,
    117.70399375157));
#1841 = CARTESIAN_POINT('',(69.749726998468,208.43011325446,
    117.69285114111));
#1842 = CARTESIAN_POINT('',(69.658782763467,208.43011325446,
    117.68737306657));
#1843 = CARTESIAN_POINT('',(69.567778452195,208.43011325446,
    117.68757182372));
#1844 = CARTESIAN_POINT('',(69.339262462971,208.43011325446,
    117.70231669557));
#1845 = CARTESIAN_POINT('',(69.202201959519,208.43011325446,
    117.72428865802));
#1846 = CARTESIAN_POINT('',(69.067493272352,208.43011325446,
    117.7592450224));
#1847 = CARTESIAN_POINT('',(68.936598744902,208.43011325446,
    117.80686373718));
#1848 = CARTESIAN_POINT('',(68.810917360029,208.43011325446,
    117.86663602877));
#1849 = CARTESIAN_POINT('',(68.691776907648,208.43011325446,
    117.93786906408));
#1850 = CARTESIAN_POINT('',(68.475456206312,208.43011325446,
    118.09671707854));
#1851 = CARTESIAN_POINT('',(68.377373959689,208.43011325446,
    118.18317687387));
#1852 = CARTESIAN_POINT('',(68.287199527496,208.43011325446,
    118.27827295727));
#1853 = CARTESIAN_POINT('',(68.205826998233,208.43011325446,
    118.38112824417));
#1854 = CARTESIAN_POINT('',(68.134029683587,208.43011325446,
    118.49076600721));
#1855 = CARTESIAN_POINT('',(68.072456208512,208.43011325446,
    118.60611440103));
#1856 = CARTESIAN_POINT('',(67.94302608297,208.43011325446,
    118.91121809659));
#1857 = CARTESIAN_POINT('',(67.889964790377,208.43011325446,
    119.10744139165));
#1858 = CARTESIAN_POINT('',(67.864399416995,208.43011325446,
    119.3101790361));
#1859 = CARTESIAN_POINT('',(67.867088624787,208.43011325446,
    119.51483032947));
#1860 = CARTESIAN_POINT('',(67.897972915204,208.43011325446,
    119.71682364762));
#1861 = CARTESIAN_POINT('',(67.956168827001,208.43011325446,
    119.91158116881));
#1862 = CARTESIAN_POINT('',(68.086988042412,208.43011325446,
    120.1987308379));
#1863 = CARTESIAN_POINT('',(68.142558776879,208.43011325446,
    120.29906843498));
#1864 = CARTESIAN_POINT('',(68.205942139125,208.43011325446,
    120.39490854066));
#1865 = CARTESIAN_POINT('',(68.276694138683,208.43011325446,
    120.48552938365));
#1866 = CARTESIAN_POINT('',(68.354295465659,208.43011325446,
    120.57026636007));
#1867 = CARTESIAN_POINT('',(68.438153428087,208.43011325446,
    120.64851425886));
#1868 = CARTESIAN_POINT('',(68.655339708686,208.43011325446,
    120.82146893931));
#1869 = CARTESIAN_POINT('',(68.794533793932,208.43011325446,
    120.90891868803));
#1870 = CARTESIAN_POINT('',(68.9431790825,208.43011325446,
    120.98047099154));
#1871 = CARTESIAN_POINT('',(69.099088020297,208.43011325446,
    121.03496502239));
#1872 = CARTESIAN_POINT('',(69.259940010584,208.43011325446,
    121.07159013101));
#1873 = CARTESIAN_POINT('',(69.423301267559,208.43011325446,
    121.08989221983));
#1874 = CARTESIAN_POINT('',(69.586605785827,208.43011325446,
    121.08989221983));
#1875 = PCURVE('',#1533,#1876);
#1876 = DEFINITIONAL_REPRESENTATION('',(#1877),#1943);
#1877 = B_SPLINE_CURVE_WITH_KNOTS('',8,(#1878,#1879,#1880,#1881,#1882,
    #1883,#1884,#1885,#1886,#1887,#1888,#1889,#1890,#1891,#1892,#1893,
    #1894,#1895,#1896,#1897,#1898,#1899,#1900,#1901,#1902,#1903,#1904,
    #1905,#1906,#1907,#1908,#1909,#1910,#1911,#1912,#1913,#1914,#1915,
    #1916,#1917,#1918,#1919,#1920,#1921,#1922,#1923,#1924,#1925,#1926,
    #1927,#1928,#1929,#1930,#1931,#1932,#1933,#1934,#1935,#1936,#1937,
    #1938,#1939,#1940,#1941,#1942),.UNSPECIFIED.,.F.,.F.,(9,7,7,7,7,7,7,
    7,7,9),(0.,0.125,0.234375,0.330078125,0.413818359375,0.560363769531,
    0.670272827148,0.752704620361,0.876352310181,1.),.UNSPECIFIED.);
#1878 = CARTESIAN_POINT('',(6.380802755524,6.482119431258));
#1879 = CARTESIAN_POINT('',(6.352879785601,6.569424180014));
#1880 = CARTESIAN_POINT('',(6.330335588322,6.658448877195));
#1881 = CARTESIAN_POINT('',(6.313295561752,6.748808679134));
#1882 = CARTESIAN_POINT('',(6.30184983821,6.840105428771));
#1883 = CARTESIAN_POINT('',(6.296053546205,6.931933089283));
#1884 = CARTESIAN_POINT('',(6.295927072383,7.023883177727));
#1885 = CARTESIAN_POINT('',(6.301456323469,7.115550198678));
#1886 = CARTESIAN_POINT('',(6.322337363627,7.286150744456));
#1887 = CARTESIAN_POINT('',(6.336375801629,7.365241692792));
#1888 = CARTESIAN_POINT('',(6.354673560894,7.443534984276));
#1889 = CARTESIAN_POINT('',(6.377176680944,7.520762480757));
#1890 = CARTESIAN_POINT('',(6.403811982155,7.596662844535));
#1891 = CARTESIAN_POINT('',(6.434487065751,7.67098153836));
#1892 = CARTESIAN_POINT('',(6.469090313806,7.743470825433));
#1893 = CARTESIAN_POINT('',(6.541090646787,7.875505396087));
#1894 = CARTESIAN_POINT('',(6.577602593916,7.935542461724));
#1895 = CARTESIAN_POINT('',(6.616926633092,7.993823010112));
#1896 = CARTESIAN_POINT('',(6.658971055502,8.050202209079));
#1897 = CARTESIAN_POINT('',(6.703634000497,8.10454107754));
#1898 = CARTESIAN_POINT('',(6.750796219175,8.156696149307));
#1899 = CARTESIAN_POINT('',(6.800325142118,8.206526073641));
#1900 = CARTESIAN_POINT('',(6.897384680903,8.295380334777));
#1901 = CARTESIAN_POINT('',(6.944390629115,8.334975561581));
#1902 = CARTESIAN_POINT('',(6.993018122723,8.372618356968));
#1903 = CARTESIAN_POINT('',(7.043172886438,8.408231825565));
#1904 = CARTESIAN_POINT('',(7.094756342861,8.441744652628));
#1905 = CARTESIAN_POINT('',(7.147665612482,8.473091104044));
#1906 = CARTESIAN_POINT('',(7.201793513681,8.502211026328));
#1907 = CARTESIAN_POINT('',(7.353694247449,8.576019719254));
#1908 = CARTESIAN_POINT('',(7.453702638493,8.615984489676));
#1909 = CARTESIAN_POINT('',(7.556681104004,8.648756762792));
#1910 = CARTESIAN_POINT('',(7.661708467116,8.673942838621));
#1911 = CARTESIAN_POINT('',(7.76836003724,8.691519593121));
#1912 = CARTESIAN_POINT('',(7.875855569873,8.701307212876));
#1913 = CARTESIAN_POINT('',(7.983599371375,8.703315616545));
#1914 = CARTESIAN_POINT('',(8.171424009541,8.693254122559));
#1915 = CARTESIAN_POINT('',(8.251688937285,8.68458126268));
#1916 = CARTESIAN_POINT('',(8.33144760405,8.67155966393));
#1917 = CARTESIAN_POINT('',(8.4104266532,8.654223308277));
#1918 = CARTESIAN_POINT('',(8.48835444887,8.632628430365));
#1919 = CARTESIAN_POINT('',(8.56496107597,8.60685351751));
#1920 = CARTESIAN_POINT('',(8.63997834018,8.576999309699));
#1921 = CARTESIAN_POINT('',(8.76801288662,8.517830903919));
#1922 = CARTESIAN_POINT('',(8.821857302644,8.490241884674));
#1923 = CARTESIAN_POINT('',(8.874565266498,8.460471815738));
#1924 = CARTESIAN_POINT('',(8.926033059794,8.428576087021));
#1925 = CARTESIAN_POINT('',(8.976160995288,8.394615404467));
#1926 = CARTESIAN_POINT('',(9.024853416874,8.358655790056));
#1927 = CARTESIAN_POINT('',(9.072018699588,8.320768581802));
#1928 = CARTESIAN_POINT('',(9.185895961506,8.221421780872));
#1929 = CARTESIAN_POINT('',(9.250580205611,8.157661123216));
#1930 = CARTESIAN_POINT('',(9.311377758218,8.089935840515));
#1931 = CARTESIAN_POINT('',(9.367867181893,8.018723544606));
#1932 = CARTESIAN_POINT('',(9.420041359379,7.944024437631));
#1933 = CARTESIAN_POINT('',(9.467452497687,7.866432150448));
#1934 = CARTESIAN_POINT('',(9.51002302306,7.786164210542));
#1935 = CARTESIAN_POINT('',(9.58508457177,7.621069524147));
#1936 = CARTESIAN_POINT('',(9.617584002215,7.536235767379));
#1937 = CARTESIAN_POINT('',(9.644888018134,7.449473936184));
#1938 = CARTESIAN_POINT('',(9.66686486838,7.361152476732));
#1939 = CARTESIAN_POINT('',(9.683415213525,7.271650141487));
#1940 = CARTESIAN_POINT('',(9.694472125872,7.181355989203));
#1941 = CARTESIAN_POINT('',(9.700001089447,7.090669384928));
#1942 = CARTESIAN_POINT('',(9.7,7.));
#1943 = ( GEOMETRIC_REPRESENTATION_CONTEXT(2) 
PARAMETRIC_REPRESENTATION_CONTEXT() REPRESENTATION_CONTEXT('2D SPACE',''
  ) );
#1944 = PCURVE('',#1945,#1950);
#1945 = B_SPLINE_SURFACE_WITH_KNOTS('',1,1,(
    (#1946,#1947)
    ,(#1948,#1949
    )),.UNSPECIFIED.,.F.,.F.,.F.,(2,2),(2,2),(0.,28.),(0.,30.),
  .PIECEWISE_BEZIER_KNOTS.);
#1946 = CARTESIAN_POINT('',(76.586605785827,208.43011325446,
    111.38989221983));
#1947 = CARTESIAN_POINT('',(46.586605785827,208.43011325446,
    111.38989221983));
#1948 = CARTESIAN_POINT('',(76.586605785827,208.43011325446,
    139.38989221983));
#1949 = CARTESIAN_POINT('',(46.586605785827,208.43011325446,
    139.38989221983));
#1950 = DEFINITIONAL_REPRESENTATION('',(#1951),#2017);
#1951 = B_SPLINE_CURVE_WITH_KNOTS('',8,(#1952,#1953,#1954,#1955,#1956,
    #1957,#1958,#1959,#1960,#1961,#1962,#1963,#1964,#1965,#1966,#1967,
    #1968,#1969,#1970,#1971,#1972,#1973,#1974,#1975,#1976,#1977,#1978,
    #1979,#1980,#1981,#1982,#1983,#1984,#1985,#1986,#1987,#1988,#1989,
    #1990,#1991,#1992,#1993,#1994,#1995,#1996,#1997,#1998,#1999,#2000,
    #2001,#2002,#2003,#2004,#2005,#2006,#2007,#2008,#2009,#2010,#2011,
    #2012,#2013,#2014,#2015,#2016),.UNSPECIFIED.,.F.,.F.,(9,7,7,7,7,7,7,
    7,7,9),(0.,0.125,0.234375,0.330078125,0.413818359375,0.560363769531,
    0.670272827148,0.752704620361,0.876352310181,1.),.UNSPECIFIED.);
#1952 = CARTESIAN_POINT('',(6.380802755524,6.482119431258));
#1953 = CARTESIAN_POINT('',(6.352879785601,6.569424180014));
#1954 = CARTESIAN_POINT('',(6.330335588322,6.658448877195));
#1955 = CARTESIAN_POINT('',(6.313295561752,6.748808679134));
#1956 = CARTESIAN_POINT('',(6.30184983821,6.840105428771));
#1957 = CARTESIAN_POINT('',(6.296053546205,6.931933089283));
#1958 = CARTESIAN_POINT('',(6.295927072383,7.023883177727));
#1959 = CARTESIAN_POINT('',(6.301456323469,7.115550198678));
#1960 = CARTESIAN_POINT('',(6.322337363627,7.286150744456));
#1961 = CARTESIAN_POINT('',(6.336375801629,7.365241692792));
#1962 = CARTESIAN_POINT('',(6.354673560894,7.443534984276));
#1963 = CARTESIAN_POINT('',(6.377176680944,7.520762480757));
#1964 = CARTESIAN_POINT('',(6.403811982155,7.596662844535));
#1965 = CARTESIAN_POINT('',(6.434487065751,7.67098153836));
#1966 = CARTESIAN_POINT('',(6.469090313806,7.743470825433));
#1967 = CARTESIAN_POINT('',(6.541090646787,7.875505396087));
#1968 = CARTESIAN_POINT('',(6.577602593916,7.935542461724));
#1969 = CARTESIAN_POINT('',(6.616926633092,7.993823010112));
#1970 = CARTESIAN_POINT('',(6.658971055502,8.050202209079));
#1971 = CARTESIAN_POINT('',(6.703634000497,8.10454107754));
#1972 = CARTESIAN_POINT('',(6.750796219175,8.156696149307));
#1973 = CARTESIAN_POINT('',(6.800325142118,8.206526073641));
#1974 = CARTESIAN_POINT('',(6.897384680903,8.295380334777));
#1975 = CARTESIAN_POINT('',(6.944390629115,8.334975561581));
#1976 = CARTESIAN_POINT('',(6.993018122723,8.372618356968));
#1977 = CARTESIAN_POINT('',(7.043172886438,8.408231825565));
#1978 = CARTESIAN_POINT('',(7.094756342861,8.441744652628));
#1979 = CARTESIAN_POINT('',(7.147665612482,8.473091104044));
#1980 = CARTESIAN_POINT('',(7.201793513681,8.502211026328));
#1981 = CARTESIAN_POINT('',(7.353694247449,8.576019719254));
#1982 = CARTESIAN_POINT('',(7.453702638493,8.615984489676));
#1983 = CARTESIAN_POINT('',(7.556681104004,8.648756762792));
#1984 = CARTESIAN_POINT('',(7.661708467116,8.673942838621));
#1985 = CARTESIAN_POINT('',(7.76836003724,8.691519593121));
#1986 = CARTESIAN_POINT('',(7.875855569873,8.701307212876));
#1987 = CARTESIAN_POINT('',(7.983599371375,8.703315616545));
#1988 = CARTESIAN_POINT('',(8.171424009541,8.693254122559));
#1989 = CARTESIAN_POINT('',(8.251688937285,8.68458126268));
#1990 = CARTESIAN_POINT('',(8.33144760405,8.67155966393));
#1991 = CARTESIAN_POINT('',(8.4104266532,8.654223308277));
#1992 = CARTESIAN_POINT('',(8.48835444887,8.632628430365));
#1993 = CARTESIAN_POINT('',(8.56496107597,8.60685351751));
#1994 = CARTESIAN_POINT('',(8.63997834018,8.576999309699));
#1995 = CARTESIAN_POINT('',(8.76801288662,8.517830903919));
#1996 = CARTESIAN_POINT('',(8.821857302644,8.490241884674));
#1997 = CARTESIAN_POINT('',(8.874565266498,8.460471815738));
#1998 = CARTESIAN_POINT('',(8.926033059794,8.428576087021));
#1999 = CARTESIAN_POINT('',(8.976160995288,8.394615404467));
#2000 = CARTESIAN_POINT('',(9.024853416874,8.358655790056));
#2001 = CARTESIAN_POINT('',(9.072018699588,8.320768581802));
#2002 = CARTESIAN_POINT('',(9.185895961506,8.221421780872));
#2003 = CARTESIAN_POINT('',(9.250580205611,8.157661123216));
#2004 = CARTESIAN_POINT('',(9.311377758218,8.089935840515));
#2005 = CARTESIAN_POINT('',(9.367867181893,8.018723544606));
#2006 = CARTESIAN_POINT('',(9.420041359379,7.944024437631));
#2007 = CARTESIAN_POINT('',(9.467452497687,7.866432150448));
#2008 = CARTESIAN_POINT('',(9.51002302306,7.786164210542));
#2009 = CARTESIAN_POINT('',(9.58508457177,7.621069524147));
#2010 = CARTESIAN_POINT('',(9.617584002215,7.536235767379));
#2011 = CARTESIAN_POINT('',(9.644888018134,7.449473936184));
#2012 = CARTESIAN_POINT('',(9.66686486838,7.361152476732));
#2013 = CARTESIAN_POINT('',(9.683415213525,7.271650141487));
#2014 = CARTESIAN_POINT('',(9.694472125872,7.181355989203));
#2015 = CARTESIAN_POINT('',(9.700001089447,7.090669384928));
#2016 = CARTESIAN_POINT('',(9.7,7.));
#2017 = ( GEOMETRIC_REPRESENTATION_CONTEXT(2) 
PARAMETRIC_REPRESENTATION_CONTEXT() REPRESENTATION_CONTEXT('2D SPACE',''
  ) );
#2018 = ORIENTED_EDGE('',*,*,#2019,.T.);
#2019 = EDGE_CURVE('',#1833,#1831,#2020,.T.);
#2020 = SURFACE_CURVE('',#2021,(#2052,#2107),.PCURVE_S1.);
#2021 = B_SPLINE_CURVE_WITH_KNOTS('',8,(#2022,#2023,#2024,#2025,#2026,
    #2027,#2028,#2029,#2030,#2031,#2032,#2033,#2034,#2035,#2036,#2037,
    #2038,#2039,#2040,#2041,#2042,#2043,#2044,#2045,#2046,#2047,#2048,
    #2049,#2050,#2051),.UNSPECIFIED.,.F.,.F.,(9,7,7,7,9),(0.,
    0.233892792279,0.563797415722,0.828376078248,1.),.UNSPECIFIED.);
#2022 = CARTESIAN_POINT('',(69.586605785827,208.43011325446,
    121.08989221983));
#2023 = CARTESIAN_POINT('',(69.727334941732,208.43011325446,
    121.08989221983));
#2024 = CARTESIAN_POINT('',(69.868103671091,208.43011325446,
    121.07657797005));
#2025 = CARTESIAN_POINT('',(70.007381831119,208.43011325446,
    121.04993740797));
#2026 = CARTESIAN_POINT('',(70.143700282125,208.43011325446,
    121.01018128853));
#2027 = CARTESIAN_POINT('',(70.275644728887,208.43011325446,
    120.95770233941));
#2028 = CARTESIAN_POINT('',(70.401858196136,208.43011325446,
    120.89306022852));
#2029 = CARTESIAN_POINT('',(70.52105213815,208.43011325446,
    120.81699234378));
#2030 = CARTESIAN_POINT('',(70.788554521536,208.43011325446,
    120.60838338148));
#2031 = CARTESIAN_POINT('',(70.928961715833,208.43011325446,
    120.46529749677));
#2032 = CARTESIAN_POINT('',(71.049665875204,208.43011325446,
    120.30386093855));
#2033 = CARTESIAN_POINT('',(71.148000785178,208.43011325446,
    120.12732132357));
#2034 = CARTESIAN_POINT('',(71.221881232438,208.43011325446,
    119.93922593599));
#2035 = CARTESIAN_POINT('',(71.269886421754,208.43011325446,
    119.74343920301));
#2036 = CARTESIAN_POINT('',(71.291194444862,208.43011325446,
    119.54409010358));
#2037 = CARTESIAN_POINT('',(71.281888841966,208.43011325446,
    119.18652964463));
#2038 = CARTESIAN_POINT('',(71.26071479166,208.43011325446,
    119.02775934453));
#2039 = CARTESIAN_POINT('',(71.222538824504,208.43011325446,
    118.87159618101));
#2040 = CARTESIAN_POINT('',(71.167769780993,208.43011325446,
    118.72016159428));
#2041 = CARTESIAN_POINT('',(71.097105042881,208.43011325446,
    118.57546137613));
#2042 = CARTESIAN_POINT('',(71.011500895202,208.43011325446,
    118.43939051571));
#2043 = CARTESIAN_POINT('',(70.912195170578,208.43011325446,
    118.31371651939));
#2044 = CARTESIAN_POINT('',(70.728499241427,208.43011325446,
    118.12626955124));
#2045 = CARTESIAN_POINT('',(70.651098356964,208.43011325446,
    118.05752977576));
#2046 = CARTESIAN_POINT('',(70.568985754781,208.43011325446,
    117.99422649605));
#2047 = CARTESIAN_POINT('',(70.482610298461,208.43011325446,
    117.93673328393));
#2048 = CARTESIAN_POINT('',(70.392451164724,208.43011325446,
    117.88537694839));
#2049 = CARTESIAN_POINT('',(70.299015569071,208.43011325446,
    117.84043873447));
#2050 = CARTESIAN_POINT('',(70.202838770397,208.43011325446,
    117.80215180078));
#2051 = CARTESIAN_POINT('',(70.104486354569,208.43011325446,
    117.77069497536));
#2052 = PCURVE('',#1533,#2053);
#2053 = DEFINITIONAL_REPRESENTATION('',(#2054),#2106);
#2054 = B_SPLINE_CURVE_WITH_KNOTS('',8,(#2055,#2056,#2057,#2058,#2059,
    #2060,#2061,#2062,#2063,#2064,#2065,#2066,#2067,#2068,#2069,#2070,
    #2071,#2072,#2073,#2074,#2075,#2076,#2077,#2078,#2079,#2080,#2081,
    #2082,#2083,#2084,#2085,#2086,#2087,#2088,#2089,#2090,#2091,#2092,
    #2093,#2094,#2095,#2096,#2097,#2098,#2099,#2100,#2101,#2102,#2103,
    #2104,#2105),.UNSPECIFIED.,.F.,.F.,(9,7,7,7,7,7,7,9),(0.,0.125,
    0.234375,0.42578125,0.5693359375,0.78466796875,0.892333984375,1.),
  .UNSPECIFIED.);
#2055 = CARTESIAN_POINT('',(9.7,7.));
#2056 = CARTESIAN_POINT('',(9.700000500658,6.924789711157));
#2057 = CARTESIAN_POINT('',(9.696196725131,6.849568143682));
#2058 = CARTESIAN_POINT('',(9.688589219849,6.774568768075));
#2059 = CARTESIAN_POINT('',(9.677194148829,6.700020280136));
#2060 = CARTESIAN_POINT('',(9.662043293675,6.626146600972));
#2061 = CARTESIAN_POINT('',(9.643184053578,6.553166876995));
#2062 = CARTESIAN_POINT('',(9.620679445316,6.48129547992));
#2063 = CARTESIAN_POINT('',(9.571795144213,6.349007844918));
#2064 = CARTESIAN_POINT('',(9.546251093365,6.288282202064));
#2065 = CARTESIAN_POINT('',(9.518027044305,6.228705930365));
#2066 = CARTESIAN_POINT('',(9.487183154126,6.170416385931));
#2067 = CARTESIAN_POINT('',(9.453788643426,6.113547428822));
#2068 = CARTESIAN_POINT('',(9.417921796299,6.05822942304));
#2069 = CARTESIAN_POINT('',(9.379669960342,6.00458923654));
#2070 = CARTESIAN_POINT('',(9.26818367983,5.862029693438));
#2071 = CARTESIAN_POINT('',(9.190168301745,5.776749351018));
#2072 = CARTESIAN_POINT('',(9.105610429505,5.697600210134));
#2073 = CARTESIAN_POINT('',(9.015093758728,5.625182139919));
#2074 = CARTESIAN_POINT('',(8.919251856698,5.56000966052));
#2075 = CARTESIAN_POINT('',(8.8187613555,5.502517721136));
#2076 = CARTESIAN_POINT('',(8.714335145169,5.45306747807));
#2077 = CARTESIAN_POINT('',(8.5260023638,5.38111499843));
#2078 = CARTESIAN_POINT('',(8.443483226903,5.354965317529));
#2079 = CARTESIAN_POINT('',(8.35952658375,5.333621731377));
#2080 = CARTESIAN_POINT('',(8.274312592403,5.317187834589));
#2081 = CARTESIAN_POINT('',(8.18843960017,5.305722992227));
#2082 = CARTESIAN_POINT('',(8.101929179567,5.299286217632));
#2083 = CARTESIAN_POINT('',(8.015427329985,5.297877148245));
#2084 = CARTESIAN_POINT('',(7.799673141206,5.306878219364));
#2085 = CARTESIAN_POINT('',(7.670647507016,5.323561999186));
#2086 = CARTESIAN_POINT('',(7.543249454116,5.351478402821));
#2087 = CARTESIAN_POINT('',(7.41862983443,5.390435196081));
#2088 = CARTESIAN_POINT('',(7.297889131039,5.440104953693));
#2089 = CARTESIAN_POINT('',(7.182074719096,5.500031209354));
#2090 = CARTESIAN_POINT('',(7.072178126729,5.569634605787));
#2091 = CARTESIAN_POINT('',(6.917608374075,5.687511417609));
#2092 = CARTESIAN_POINT('',(6.867804574344,5.729039363854));
#2093 = CARTESIAN_POINT('',(6.819792353839,5.772759629734));
#2094 = CARTESIAN_POINT('',(6.773810804065,5.818449128885));
#2095 = CARTESIAN_POINT('',(6.72975922469,5.866198368778));
#2096 = CARTESIAN_POINT('',(6.687904256352,5.915747367646));
#2097 = CARTESIAN_POINT('',(6.648249458398,5.967058769977));
#2098 = CARTESIAN_POINT('',(6.573560411215,6.072925898935));
#2099 = CARTESIAN_POINT('',(6.538521020395,6.12748560747));
#2100 = CARTESIAN_POINT('',(6.505869740159,6.183554215748));
#2101 = CARTESIAN_POINT('',(6.475681800164,6.241010170815));
#2102 = CARTESIAN_POINT('',(6.448024850632,6.299727434901));
#2103 = CARTESIAN_POINT('',(6.422958962352,6.359575485414));
#2104 = CARTESIAN_POINT('',(6.400536626676,6.420419314943));
#2105 = CARTESIAN_POINT('',(6.380802755524,6.482119431258));
#2106 = ( GEOMETRIC_REPRESENTATION_CONTEXT(2) 
PARAMETRIC_REPRESENTATION_CONTEXT() REPRESENTATION_CONTEXT('2D SPACE',''
  ) );
#2107 = PCURVE('',#1945,#2108);
#2108 = DEFINITIONAL_REPRESENTATION('',(#2109),#2161);
#2109 = B_SPLINE_CURVE_WITH_KNOTS('',8,(#2110,#2111,#2112,#2113,#2114,
    #2115,#2116,#2117,#2118,#2119,#2120,#2121,#2122,#2123,#2124,#2125,
    #2126,#2127,#2128,#2129,#2130,#2131,#2132,#2133,#2134,#2135,#2136,
    #2137,#2138,#2139,#2140,#2141,#2142,#2143,#2144,#2145,#2146,#2147,
    #2148,#2149,#2150,#2151,#2152,#2153,#2154,#2155,#2156,#2157,#2158,
    #2159,#2160),.UNSPECIFIED.,.F.,.F.,(9,7,7,7,7,7,7,9),(0.,0.125,
    0.234375,0.42578125,0.5693359375,0.78466796875,0.892333984375,1.),
  .UNSPECIFIED.);
#2110 = CARTESIAN_POINT('',(9.7,7.));
#2111 = CARTESIAN_POINT('',(9.700000500658,6.924789711157));
#2112 = CARTESIAN_POINT('',(9.696196725131,6.849568143682));
#2113 = CARTESIAN_POINT('',(9.688589219849,6.774568768075));
#2114 = CARTESIAN_POINT('',(9.677194148829,6.700020280136));
#2115 = CARTESIAN_POINT('',(9.662043293675,6.626146600972));
#2116 = CARTESIAN_POINT('',(9.643184053578,6.553166876995));
#2117 = CARTESIAN_POINT('',(9.620679445316,6.48129547992));
#2118 = CARTESIAN_POINT('',(9.571795144213,6.349007844918));
#2119 = CARTESIAN_POINT('',(9.546251093365,6.288282202064));
#2120 = CARTESIAN_POINT('',(9.518027044305,6.228705930365));
#2121 = CARTESIAN_POINT('',(9.487183154126,6.170416385931));
#2122 = CARTESIAN_POINT('',(9.453788643426,6.113547428822));
#2123 = CARTESIAN_POINT('',(9.417921796299,6.05822942304));
#2124 = CARTESIAN_POINT('',(9.379669960342,6.00458923654));
#2125 = CARTESIAN_POINT('',(9.26818367983,5.862029693438));
#2126 = CARTESIAN_POINT('',(9.190168301745,5.776749351018));
#2127 = CARTESIAN_POINT('',(9.105610429505,5.697600210134));
#2128 = CARTESIAN_POINT('',(9.015093758728,5.625182139919));
#2129 = CARTESIAN_POINT('',(8.919251856698,5.56000966052));
#2130 = CARTESIAN_POINT('',(8.8187613555,5.502517721136));
#2131 = CARTESIAN_POINT('',(8.714335145169,5.45306747807));
#2132 = CARTESIAN_POINT('',(8.5260023638,5.38111499843));
#2133 = CARTESIAN_POINT('',(8.443483226903,5.354965317529));
#2134 = CARTESIAN_POINT('',(8.35952658375,5.333621731377));
#2135 = CARTESIAN_POINT('',(8.274312592403,5.317187834589));
#2136 = CARTESIAN_POINT('',(8.18843960017,5.305722992227));
#2137 = CARTESIAN_POINT('',(8.101929179567,5.299286217632));
#2138 = CARTESIAN_POINT('',(8.015427329985,5.297877148245));
#2139 = CARTESIAN_POINT('',(7.799673141206,5.306878219364));
#2140 = CARTESIAN_POINT('',(7.670647507016,5.323561999186));
#2141 = CARTESIAN_POINT('',(7.543249454116,5.351478402821));
#2142 = CARTESIAN_POINT('',(7.41862983443,5.390435196081));
#2143 = CARTESIAN_POINT('',(7.297889131039,5.440104953693));
#2144 = CARTESIAN_POINT('',(7.182074719096,5.500031209354));
#2145 = CARTESIAN_POINT('',(7.072178126729,5.569634605787));
#2146 = CARTESIAN_POINT('',(6.917608374075,5.687511417609));
#2147 = CARTESIAN_POINT('',(6.867804574344,5.729039363854));
#2148 = CARTESIAN_POINT('',(6.819792353839,5.772759629734));
#2149 = CARTESIAN_POINT('',(6.773810804065,5.818449128885));
#2150 = CARTESIAN_POINT('',(6.72975922469,5.866198368778));
#2151 = CARTESIAN_POINT('',(6.687904256352,5.915747367646));
#2152 = CARTESIAN_POINT('',(6.648249458398,5.967058769977));
#2153 = CARTESIAN_POINT('',(6.573560411215,6.072925898935));
#2154 = CARTESIAN_POINT('',(6.538521020395,6.12748560747));
#2155 = CARTESIAN_POINT('',(6.505869740159,6.183554215748));
#2156 = CARTESIAN_POINT('',(6.475681800164,6.241010170815));
#2157 = CARTESIAN_POINT('',(6.448024850632,6.299727434901));
#2158 = CARTESIAN_POINT('',(6.422958962352,6.359575485414));
#2159 = CARTESIAN_POINT('',(6.400536626676,6.420419314943));
#2160 = CARTESIAN_POINT('',(6.380802755524,6.482119431258));
#2161 = ( GEOMETRIC_REPRESENTATION_CONTEXT(2) 
PARAMETRIC_REPRESENTATION_CONTEXT() REPRESENTATION_CONTEXT('2D SPACE',''
  ) );
#2162 = FACE_BOUND('',#2163,.F.);
#2163 = EDGE_LOOP('',(#2164));
#2164 = ORIENTED_EDGE('',*,*,#2165,.F.);
#2165 = EDGE_CURVE('',#2166,#2166,#2168,.T.);
#2166 = VERTEX_POINT('',#2167);
#2167 = CARTESIAN_POINT('',(69.586605785827,208.43011325446,
    128.08989221983));
#2168 = SURFACE_CURVE('',#2169,(#2177,#2188),.PCURVE_S1.);
#2169 = ( BOUNDED_CURVE() B_SPLINE_CURVE(2,(#2170,#2171,#2172,#2173,
#2174,#2175,#2176),.UNSPECIFIED.,.T.,.F.) B_SPLINE_CURVE_WITH_KNOTS((1,2
    ,2,2,2,1),(-2.094395102393,0.,2.094395102393,4.188790204786,
6.28318530718,8.377580409573),.UNSPECIFIED.) CURVE() 
GEOMETRIC_REPRESENTATION_ITEM() RATIONAL_B_SPLINE_CURVE((1.,0.5,1.,0.5,
1.,0.5,1.)) REPRESENTATION_ITEM('') );
#2170 = CARTESIAN_POINT('',(69.586605785827,208.43011325446,
    128.08989221983));
#2171 = CARTESIAN_POINT('',(66.64211941296,208.43011325446,
    128.08989221983));
#2172 = CARTESIAN_POINT('',(68.114362599393,208.43011325446,
    125.53989221983));
#2173 = CARTESIAN_POINT('',(69.586605785827,208.43011325446,
    122.98989221983));
#2174 = CARTESIAN_POINT('',(71.05884897226,208.43011325446,
    125.53989221983));
#2175 = CARTESIAN_POINT('',(72.531092158694,208.43011325446,
    128.08989221983));
#2176 = CARTESIAN_POINT('',(69.586605785827,208.43011325446,
    128.08989221983));
#2177 = PCURVE('',#1533,#2178);
#2178 = DEFINITIONAL_REPRESENTATION('',(#2179),#2187);
#2179 = ( BOUNDED_CURVE() B_SPLINE_CURVE(2,(#2180,#2181,#2182,#2183,
#2184,#2185,#2186),.UNSPECIFIED.,.T.,.F.) B_SPLINE_CURVE_WITH_KNOTS((1,2
    ,2,2,2,1),(-2.094395102393,0.,2.094395102393,4.188790204786,
6.28318530718,8.377580409573),.UNSPECIFIED.) CURVE() 
GEOMETRIC_REPRESENTATION_ITEM() RATIONAL_B_SPLINE_CURVE((1.,0.5,1.,0.5,
1.,0.5,1.)) REPRESENTATION_ITEM('') );
#2180 = CARTESIAN_POINT('',(16.7,7.));
#2181 = CARTESIAN_POINT('',(16.7,9.944486372867));
#2182 = CARTESIAN_POINT('',(14.15,8.472243186434));
#2183 = CARTESIAN_POINT('',(11.6,7.));
#2184 = CARTESIAN_POINT('',(14.15,5.527756813566));
#2185 = CARTESIAN_POINT('',(16.7,4.055513627133));
#2186 = CARTESIAN_POINT('',(16.7,7.));
#2187 = ( GEOMETRIC_REPRESENTATION_CONTEXT(2) 
PARAMETRIC_REPRESENTATION_CONTEXT() REPRESENTATION_CONTEXT('2D SPACE',''
  ) );
#2188 = PCURVE('',#1661,#2189);
#2189 = DEFINITIONAL_REPRESENTATION('',(#2190),#2198);
#2190 = B_SPLINE_CURVE_WITH_KNOTS('',2,(#2191,#2192,#2193,#2194,#2195,
    #2196,#2197),.UNSPECIFIED.,.F.,.F.,(3,2,2,3),(0.,2.094395102393,
    4.188790204786,6.28318530718),.PIECEWISE_BEZIER_KNOTS.);
#2191 = CARTESIAN_POINT('',(0.,2.1));
#2192 = CARTESIAN_POINT('',(1.047197551197,2.1));
#2193 = CARTESIAN_POINT('',(2.094395102393,2.1));
#2194 = CARTESIAN_POINT('',(3.14159265359,2.1));
#2195 = CARTESIAN_POINT('',(4.188790204786,2.1));
#2196 = CARTESIAN_POINT('',(5.235987755983,2.1));
#2197 = CARTESIAN_POINT('',(6.28318530718,2.1));
#2198 = ( GEOMETRIC_REPRESENTATION_CONTEXT(2) 
PARAMETRIC_REPRESENTATION_CONTEXT() REPRESENTATION_CONTEXT('2D SPACE',''
  ) );
#2199 = FACE_BOUND('',#2200,.F.);
#2200 = EDGE_LOOP('',(#2201,#2410));
#2201 = ORIENTED_EDGE('',*,*,#2202,.T.);
#2202 = EDGE_CURVE('',#2203,#2205,#2207,.T.);
#2203 = VERTEX_POINT('',#2204);
#2204 = CARTESIAN_POINT('',(54.342931547687,208.43011325446,
    117.86740368393));
#2205 = VERTEX_POINT('',#2206);
#2206 = CARTESIAN_POINT('',(53.586605785827,208.43011325446,
    121.08989221983));
#2207 = SURFACE_CURVE('',#2208,(#2253,#2329),.PCURVE_S1.);
#2208 = B_SPLINE_CURVE_WITH_KNOTS('',8,(#2209,#2210,#2211,#2212,#2213,
    #2214,#2215,#2216,#2217,#2218,#2219,#2220,#2221,#2222,#2223,#2224,
    #2225,#2226,#2227,#2228,#2229,#2230,#2231,#2232,#2233,#2234,#2235,
    #2236,#2237,#2238,#2239,#2240,#2241,#2242,#2243,#2244,#2245,#2246,
    #2247,#2248,#2249,#2250,#2251,#2252),.UNSPECIFIED.,.F.,.F.,(9,7,7,7,
    7,7,9),(0.,0.135109758688,0.312527261896,0.457364031688,
    0.729821585736,0.835474453114,1.),.UNSPECIFIED.);
#2209 = CARTESIAN_POINT('',(54.342931547687,208.43011325446,
    117.86740368393));
#2210 = CARTESIAN_POINT('',(54.250313865831,208.43011325446,
    117.82139405093));
#2211 = CARTESIAN_POINT('',(54.154489722209,208.43011325446,
    117.78181971505));
#2212 = CARTESIAN_POINT('',(54.055992073762,208.43011325446,
    117.74894765764));
#2213 = CARTESIAN_POINT('',(53.955369985675,208.43011325446,
    117.72298428117));
#2214 = CARTESIAN_POINT('',(53.853185926417,208.43011325446,
    117.70408157435));
#2215 = CARTESIAN_POINT('',(53.750014005208,208.43011325446,
    117.69233897294));
#2216 = CARTESIAN_POINT('',(53.646439151918,208.43011325446,
    117.68780091608));
#2217 = CARTESIAN_POINT('',(53.407302716724,208.43011325446,
    117.69392883537));
#2218 = CARTESIAN_POINT('',(53.271832577542,208.43011325446,
    117.70980206344));
#2219 = CARTESIAN_POINT('',(53.138017730298,208.43011325446,
    117.73804445341));
#2220 = CARTESIAN_POINT('',(53.007173445519,208.43011325446,
    117.77844041816));
#2221 = CARTESIAN_POINT('',(52.880564835347,208.43011325446,
    117.83061708388));
#2222 = CARTESIAN_POINT('',(52.759404961042,208.43011325446,
    117.89405653248));
#2223 = CARTESIAN_POINT('',(52.644845568443,208.43011325446,
    117.96808731543));
#2224 = CARTESIAN_POINT('',(52.450703586562,208.43011325446,
    118.12024012317));
#2225 = CARTESIAN_POINT('',(52.368534164553,208.43011325446,
    118.19513538088));
#2226 = CARTESIAN_POINT('',(52.29203323911,208.43011325446,
    118.2760893166));
#2227 = CARTESIAN_POINT('',(52.221717658794,208.43011325446,
    118.36259673466));
#2228 = CARTESIAN_POINT('',(52.158046703014,208.43011325446,
    118.45410645676));
#2229 = CARTESIAN_POINT('',(52.101423457194,208.43011325446,
    118.55002480699));
#2230 = CARTESIAN_POINT('',(52.052190927065,208.43011325446,
    118.64971506388));
#2231 = CARTESIAN_POINT('',(51.932427795973,208.43011325446,
    118.94583185292));
#2232 = CARTESIAN_POINT('',(51.881235654755,208.43011325446,
    119.15039143558));
#2233 = CARTESIAN_POINT('',(51.859132772756,208.43011325446,
    119.36137219392));
#2234 = CARTESIAN_POINT('',(51.866836001876,208.43011325446,
    119.57394368708));
#2235 = CARTESIAN_POINT('',(51.904290753973,208.43011325446,
    119.78333269658));
#2236 = CARTESIAN_POINT('',(51.970541769972,208.43011325446,
    119.98486148763));
#2237 = CARTESIAN_POINT('',(52.063866509817,208.43011325446,
    120.17395734886));
#2238 = CARTESIAN_POINT('',(52.226703936327,208.43011325446,
    120.41322357467));
#2239 = CARTESIAN_POINT('',(52.275840611544,208.43011325446,
    120.47760793739));
#2240 = CARTESIAN_POINT('',(52.328454307579,208.43011325446,
    120.53928693053));
#2241 = CARTESIAN_POINT('',(52.384370355674,208.43011325446,
    120.5980418374));
#2242 = CARTESIAN_POINT('',(52.443398803894,208.43011325446,
    120.6536687025));
#2243 = CARTESIAN_POINT('',(52.505334721826,208.43011325446,
    120.70597863907));
#2244 = CARTESIAN_POINT('',(52.569958505281,208.43011325446,
    120.75479813664));
#2245 = CARTESIAN_POINT('',(52.74149137993,208.43011325446,
    120.87031125174));
#2246 = CARTESIAN_POINT('',(52.851921019634,208.43011325446,
    120.93182282879));
#2247 = CARTESIAN_POINT('',(52.967426093724,208.43011325446,
    120.98389099078));
#2248 = CARTESIAN_POINT('',(53.087058315238,208.43011325446,
    121.02603785593));
#2249 = CARTESIAN_POINT('',(53.209829975455,208.43011325446,
    121.05790160114));
#2250 = CARTESIAN_POINT('',(53.334719716132,208.43011325446,
    121.07923079324));
#2251 = CARTESIAN_POINT('',(53.460674215192,208.43011325446,
    121.08989221983));
#2252 = CARTESIAN_POINT('',(53.586605785827,208.43011325446,
    121.08989221983));
#2253 = PCURVE('',#1533,#2254);
#2254 = DEFINITIONAL_REPRESENTATION('',(#2255),#2328);
#2255 = B_SPLINE_CURVE_WITH_KNOTS('',8,(#2256,#2257,#2258,#2259,#2260,
    #2261,#2262,#2263,#2264,#2265,#2266,#2267,#2268,#2269,#2270,#2271,
    #2272,#2273,#2274,#2275,#2276,#2277,#2278,#2279,#2280,#2281,#2282,
    #2283,#2284,#2285,#2286,#2287,#2288,#2289,#2290,#2291,#2292,#2293,
    #2294,#2295,#2296,#2297,#2298,#2299,#2300,#2301,#2302,#2303,#2304,
    #2305,#2306,#2307,#2308,#2309,#2310,#2311,#2312,#2313,#2314,#2315,
    #2316,#2317,#2318,#2319,#2320,#2321,#2322,#2323,#2324,#2325,#2326,
    #2327),.UNSPECIFIED.,.F.,.F.,(9,7,7,7,7,7,7,7,7,7,9),(0.,0.125,
    0.234375,0.330078125,0.413818359375,0.487091064453,0.61531829834,
    0.711488723755,0.783616542816,0.891808271408,1.),.UNSPECIFIED.);
#2256 = CARTESIAN_POINT('',(6.4775114641,22.24367423814));
#2257 = CARTESIAN_POINT('',(6.434944266268,22.32936114993));
#2258 = CARTESIAN_POINT('',(6.397886493067,22.417794195919));
#2259 = CARTESIAN_POINT('',(6.366547035216,22.508548802183));
#2260 = CARTESIAN_POINT('',(6.341094260904,22.601191275439));
#2261 = CARTESIAN_POINT('',(6.321656015795,22.695278803047));
#2262 = CARTESIAN_POINT('',(6.308319623026,22.79035945301));
#2263 = CARTESIAN_POINT('',(6.301131883205,22.885972173973));
#2264 = CARTESIAN_POINT('',(6.299195382104,23.065361539327));
#2265 = CARTESIAN_POINT('',(6.303002306201,23.149123263026));
#2266 = CARTESIAN_POINT('',(6.311526266072,23.232644673358));
#2267 = CARTESIAN_POINT('',(6.324745874101,23.315599801343));
#2268 = CARTESIAN_POINT('',(6.342614370264,23.397667831));
#2269 = CARTESIAN_POINT('',(6.365061417757,23.478551219384));
#2270 = CARTESIAN_POINT('',(6.391994259674,23.557968107667));
#2271 = CARTESIAN_POINT('',(6.450689116525,23.703564452219));
#2272 = CARTESIAN_POINT('',(6.481427281561,23.770161763391));
#2273 = CARTESIAN_POINT('',(6.515432784381,23.835217977964));
#2274 = CARTESIAN_POINT('',(6.552619938708,23.89855018201));
#2275 = CARTESIAN_POINT('',(6.592884794317,23.959975741768));
#2276 = CARTESIAN_POINT('',(6.636103975243,24.019313228267));
#2277 = CARTESIAN_POINT('',(6.682144881305,24.076394051277));
#2278 = CARTESIAN_POINT('',(6.773535652885,24.178937781363));
#2279 = CARTESIAN_POINT('',(6.818246998321,24.22495347666));
#2280 = CARTESIAN_POINT('',(6.864927444493,24.269027122309));
#2281 = CARTESIAN_POINT('',(6.913478066769,24.311060536087));
#2282 = CARTESIAN_POINT('',(6.963794860664,24.350962119717));
#2283 = CARTESIAN_POINT('',(7.015768741831,24.388646858866));
#2284 = CARTESIAN_POINT('',(7.06928554607,24.424036323146));
#2285 = CARTESIAN_POINT('',(7.17229818823,24.485952982766));
#2286 = CARTESIAN_POINT('',(7.221469372555,24.513037794095));
#2287 = CARTESIAN_POINT('',(7.271608352952,24.538248179015));
#2288 = CARTESIAN_POINT('',(7.322793430358,24.561595482053));
#2289 = CARTESIAN_POINT('',(7.37461922568,24.582924280316));
#2290 = CARTESIAN_POINT('',(7.427391395031,24.60234981851));
#2291 = CARTESIAN_POINT('',(7.480770152808,24.619737354529));
#2292 = CARTESIAN_POINT('',(7.629208069268,24.661974518222));
#2293 = CARTESIAN_POINT('',(7.725456312522,24.682618707774));
#2294 = CARTESIAN_POINT('',(7.822992067441,24.696886002816));
#2295 = CARTESIAN_POINT('',(7.921314635079,24.704684978364));
#2296 = CARTESIAN_POINT('',(8.0199250607,24.7059731471));
#2297 = CARTESIAN_POINT('',(8.118327386576,24.700754105101));
#2298 = CARTESIAN_POINT('',(8.216029904788,24.68907467757));
#2299 = CARTESIAN_POINT('',(8.384933507593,24.657482277266));
#2300 = CARTESIAN_POINT('',(8.456654224409,24.640359548343));
#2301 = CARTESIAN_POINT('',(8.527502358843,24.61968980113));
#2302 = CARTESIAN_POINT('',(8.597274391296,24.595524343418));
#2303 = CARTESIAN_POINT('',(8.665769484191,24.567929867453));
#2304 = CARTESIAN_POINT('',(8.732789481981,24.536988449935));
#2305 = CARTESIAN_POINT('',(8.79813891114,24.502797552021));
#2306 = CARTESIAN_POINT('',(8.90923892018,24.437475540557));
#2307 = CARTESIAN_POINT('',(8.955814610512,24.407710605346));
#2308 = CARTESIAN_POINT('',(9.001223939292,24.376258527211));
#2309 = CARTESIAN_POINT('',(9.045479527435,24.343111315422));
#2310 = CARTESIAN_POINT('',(9.08848478262,24.308337162967));
#2311 = CARTESIAN_POINT('',(9.130127870295,24.272020774542));
#2312 = CARTESIAN_POINT('',(9.170398103259,24.234186896886));
#2313 = CARTESIAN_POINT('',(9.267412512286,24.136012102246));
#2314 = CARTESIAN_POINT('',(9.32234129791,24.073868294807));
#2315 = CARTESIAN_POINT('',(9.373785491839,24.008686481588));
#2316 = CARTESIAN_POINT('',(9.421535138266,23.940725944689));
#2317 = CARTESIAN_POINT('',(9.465430660662,23.870203266717));
#2318 = CARTESIAN_POINT('',(9.505324408032,23.797358435131));
#2319 = CARTESIAN_POINT('',(9.541052108966,23.722507192303));
#2320 = CARTESIAN_POINT('',(9.603984433155,23.569290479805));
#2321 = CARTESIAN_POINT('',(9.631185240157,23.490931805981));
#2322 = CARTESIAN_POINT('',(9.654006665927,23.411099786743));
#2323 = CARTESIAN_POINT('',(9.672356810726,23.33007833547));
#2324 = CARTESIAN_POINT('',(9.6861664438,23.248157751895));
#2325 = CARTESIAN_POINT('',(9.695389003389,23.165634722107));
#2326 = CARTESIAN_POINT('',(9.700000596718,23.082812318544));
#2327 = CARTESIAN_POINT('',(9.7,23.));
#2328 = ( GEOMETRIC_REPRESENTATION_CONTEXT(2) 
PARAMETRIC_REPRESENTATION_CONTEXT() REPRESENTATION_CONTEXT('2D SPACE',''
  ) );
#2329 = PCURVE('',#2330,#2335);
#2330 = B_SPLINE_SURFACE_WITH_KNOTS('',1,1,(
    (#2331,#2332)
    ,(#2333,#2334
    )),.UNSPECIFIED.,.F.,.F.,.F.,(2,2),(2,2),(0.,28.),(0.,30.),
  .PIECEWISE_BEZIER_KNOTS.);
#2331 = CARTESIAN_POINT('',(76.586605785827,208.43011325446,
    111.38989221983));
#2332 = CARTESIAN_POINT('',(46.586605785827,208.43011325446,
    111.38989221983));
#2333 = CARTESIAN_POINT('',(76.586605785827,208.43011325446,
    139.38989221983));
#2334 = CARTESIAN_POINT('',(46.586605785827,208.43011325446,
    139.38989221983));
#2335 = DEFINITIONAL_REPRESENTATION('',(#2336),#2409);
#2336 = B_SPLINE_CURVE_WITH_KNOTS('',8,(#2337,#2338,#2339,#2340,#2341,
    #2342,#2343,#2344,#2345,#2346,#2347,#2348,#2349,#2350,#2351,#2352,
    #2353,#2354,#2355,#2356,#2357,#2358,#2359,#2360,#2361,#2362,#2363,
    #2364,#2365,#2366,#2367,#2368,#2369,#2370,#2371,#2372,#2373,#2374,
    #2375,#2376,#2377,#2378,#2379,#2380,#2381,#2382,#2383,#2384,#2385,
    #2386,#2387,#2388,#2389,#2390,#2391,#2392,#2393,#2394,#2395,#2396,
    #2397,#2398,#2399,#2400,#2401,#2402,#2403,#2404,#2405,#2406,#2407,
    #2408),.UNSPECIFIED.,.F.,.F.,(9,7,7,7,7,7,7,7,7,7,9),(0.,0.125,
    0.234375,0.330078125,0.413818359375,0.487091064453,0.61531829834,
    0.711488723755,0.783616542816,0.891808271408,1.),.UNSPECIFIED.);
#2337 = CARTESIAN_POINT('',(6.4775114641,22.24367423814));
#2338 = CARTESIAN_POINT('',(6.434944266268,22.32936114993));
#2339 = CARTESIAN_POINT('',(6.397886493067,22.417794195919));
#2340 = CARTESIAN_POINT('',(6.366547035216,22.508548802183));
#2341 = CARTESIAN_POINT('',(6.341094260904,22.601191275439));
#2342 = CARTESIAN_POINT('',(6.321656015795,22.695278803047));
#2343 = CARTESIAN_POINT('',(6.308319623026,22.79035945301));
#2344 = CARTESIAN_POINT('',(6.301131883205,22.885972173973));
#2345 = CARTESIAN_POINT('',(6.299195382104,23.065361539327));
#2346 = CARTESIAN_POINT('',(6.303002306201,23.149123263026));
#2347 = CARTESIAN_POINT('',(6.311526266072,23.232644673358));
#2348 = CARTESIAN_POINT('',(6.324745874101,23.315599801343));
#2349 = CARTESIAN_POINT('',(6.342614370264,23.397667831));
#2350 = CARTESIAN_POINT('',(6.365061417757,23.478551219384));
#2351 = CARTESIAN_POINT('',(6.391994259674,23.557968107667));
#2352 = CARTESIAN_POINT('',(6.450689116525,23.703564452219));
#2353 = CARTESIAN_POINT('',(6.481427281561,23.770161763391));
#2354 = CARTESIAN_POINT('',(6.515432784381,23.835217977964));
#2355 = CARTESIAN_POINT('',(6.552619938708,23.89855018201));
#2356 = CARTESIAN_POINT('',(6.592884794317,23.959975741768));
#2357 = CARTESIAN_POINT('',(6.636103975243,24.019313228267));
#2358 = CARTESIAN_POINT('',(6.682144881305,24.076394051277));
#2359 = CARTESIAN_POINT('',(6.773535652885,24.178937781363));
#2360 = CARTESIAN_POINT('',(6.818246998321,24.22495347666));
#2361 = CARTESIAN_POINT('',(6.864927444493,24.269027122309));
#2362 = CARTESIAN_POINT('',(6.913478066769,24.311060536087));
#2363 = CARTESIAN_POINT('',(6.963794860664,24.350962119717));
#2364 = CARTESIAN_POINT('',(7.015768741831,24.388646858866));
#2365 = CARTESIAN_POINT('',(7.06928554607,24.424036323146));
#2366 = CARTESIAN_POINT('',(7.17229818823,24.485952982766));
#2367 = CARTESIAN_POINT('',(7.221469372555,24.513037794095));
#2368 = CARTESIAN_POINT('',(7.271608352952,24.538248179015));
#2369 = CARTESIAN_POINT('',(7.322793430358,24.561595482053));
#2370 = CARTESIAN_POINT('',(7.37461922568,24.582924280316));
#2371 = CARTESIAN_POINT('',(7.427391395031,24.60234981851));
#2372 = CARTESIAN_POINT('',(7.480770152808,24.619737354529));
#2373 = CARTESIAN_POINT('',(7.629208069268,24.661974518222));
#2374 = CARTESIAN_POINT('',(7.725456312522,24.682618707774));
#2375 = CARTESIAN_POINT('',(7.822992067441,24.696886002816));
#2376 = CARTESIAN_POINT('',(7.921314635079,24.704684978364));
#2377 = CARTESIAN_POINT('',(8.0199250607,24.7059731471));
#2378 = CARTESIAN_POINT('',(8.118327386576,24.700754105101));
#2379 = CARTESIAN_POINT('',(8.216029904788,24.68907467757));
#2380 = CARTESIAN_POINT('',(8.384933507593,24.657482277266));
#2381 = CARTESIAN_POINT('',(8.456654224409,24.640359548343));
#2382 = CARTESIAN_POINT('',(8.527502358843,24.61968980113));
#2383 = CARTESIAN_POINT('',(8.597274391296,24.595524343418));
#2384 = CARTESIAN_POINT('',(8.665769484191,24.567929867453));
#2385 = CARTESIAN_POINT('',(8.732789481981,24.536988449935));
#2386 = CARTESIAN_POINT('',(8.79813891114,24.502797552021));
#2387 = CARTESIAN_POINT('',(8.90923892018,24.437475540557));
#2388 = CARTESIAN_POINT('',(8.955814610512,24.407710605346));
#2389 = CARTESIAN_POINT('',(9.001223939292,24.376258527211));
#2390 = CARTESIAN_POINT('',(9.045479527435,24.343111315422));
#2391 = CARTESIAN_POINT('',(9.08848478262,24.308337162967));
#2392 = CARTESIAN_POINT('',(9.130127870295,24.272020774542));
#2393 = CARTESIAN_POINT('',(9.170398103259,24.234186896886));
#2394 = CARTESIAN_POINT('',(9.267412512286,24.136012102246));
#2395 = CARTESIAN_POINT('',(9.32234129791,24.073868294807));
#2396 = CARTESIAN_POINT('',(9.373785491839,24.008686481588));
#2397 = CARTESIAN_POINT('',(9.421535138266,23.940725944689));
#2398 = CARTESIAN_POINT('',(9.465430660662,23.870203266717));
#2399 = CARTESIAN_POINT('',(9.505324408032,23.797358435131));
#2400 = CARTESIAN_POINT('',(9.541052108966,23.722507192303));
#2401 = CARTESIAN_POINT('',(9.603984433155,23.569290479805));
#2402 = CARTESIAN_POINT('',(9.631185240157,23.490931805981));
#2403 = CARTESIAN_POINT('',(9.654006665927,23.411099786743));
#2404 = CARTESIAN_POINT('',(9.672356810726,23.33007833547));
#2405 = CARTESIAN_POINT('',(9.6861664438,23.248157751895));
#2406 = CARTESIAN_POINT('',(9.695389003389,23.165634722107));
#2407 = CARTESIAN_POINT('',(9.700000596718,23.082812318544));
#2408 = CARTESIAN_POINT('',(9.7,23.));
#2409 = ( GEOMETRIC_REPRESENTATION_CONTEXT(2) 
PARAMETRIC_REPRESENTATION_CONTEXT() REPRESENTATION_CONTEXT('2D SPACE',''
  ) );
#2410 = ORIENTED_EDGE('',*,*,#2411,.T.);
#2411 = EDGE_CURVE('',#2205,#2203,#2412,.T.);
#2412 = SURFACE_CURVE('',#2413,(#2440,#2488),.PCURVE_S1.);
#2413 = B_SPLINE_CURVE_WITH_KNOTS('',7,(#2414,#2415,#2416,#2417,#2418,
    #2419,#2420,#2421,#2422,#2423,#2424,#2425,#2426,#2427,#2428,#2429,
    #2430,#2431,#2432,#2433,#2434,#2435,#2436,#2437,#2438,#2439),
  .UNSPECIFIED.,.F.,.F.,(8,6,6,6,8),(0.,0.192225331286,0.441384048503,
    0.761689221107,1.),.UNSPECIFIED.);
#2414 = CARTESIAN_POINT('',(53.586605785827,208.43011325446,
    121.08989221983));
#2415 = CARTESIAN_POINT('',(53.711721076345,208.43011325446,
    121.08989221983));
#2416 = CARTESIAN_POINT('',(53.836852074086,208.43011325446,
    121.07914936438));
#2417 = CARTESIAN_POINT('',(53.960864236552,208.43011325446,
    121.05765900591));
#2418 = CARTESIAN_POINT('',(54.08265646233,208.43011325446,
    121.02557228955));
#2419 = CARTESIAN_POINT('',(54.201159719363,208.43011325446,
    120.98317079087));
#2420 = CARTESIAN_POINT('',(54.315341580551,208.43011325446,
    120.93086534945));
#2421 = CARTESIAN_POINT('',(54.565338425254,208.43011325446,
    120.78931443166));
#2422 = CARTESIAN_POINT('',(54.697612948119,208.43011325446,
    120.69367740526));
#2423 = CARTESIAN_POINT('',(54.818847542179,208.43011325446,
    120.58352722286));
#2424 = CARTESIAN_POINT('',(54.927185431096,208.43011325446,
    120.46042141661));
#2425 = CARTESIAN_POINT('',(55.021035438053,208.43011325446,
    120.3261659101));
#2426 = CARTESIAN_POINT('',(55.099086308337,208.43011325446,
    120.18280092381));
#2427 = CARTESIAN_POINT('',(55.239234578467,208.43011325446,
    119.83965304968));
#2428 = CARTESIAN_POINT('',(55.290517703743,208.43011325446,
    119.63519079152));
#2429 = CARTESIAN_POINT('',(55.312103581337,208.43011325446,
    119.42430858928));
#2430 = CARTESIAN_POINT('',(55.303269706376,208.43011325446,
    119.21214987604));
#2431 = CARTESIAN_POINT('',(55.264227101286,208.43011325446,
    119.00379264899));
#2432 = CARTESIAN_POINT('',(55.19612482324,208.43011325446,
    118.8043022442));
#2433 = CARTESIAN_POINT('',(55.031138105336,208.43011325446,
    118.48028364232));
#2434 = CARTESIAN_POINT('',(54.946018059543,208.43011325446,
    118.3495077146));
#2435 = CARTESIAN_POINT('',(54.84714387926,208.43011325446,
    118.22814584953));
#2436 = CARTESIAN_POINT('',(54.73579102846,208.43011325446,
    118.11789274592));
#2437 = CARTESIAN_POINT('',(54.613456698763,208.43011325446,
    118.02022949379));
#2438 = CARTESIAN_POINT('',(54.4818480725,208.43011325446,
    117.93641316675));
#2439 = CARTESIAN_POINT('',(54.342931547687,208.43011325446,
    117.86740368393));
#2440 = PCURVE('',#1533,#2441);
#2441 = DEFINITIONAL_REPRESENTATION('',(#2442),#2487);
#2442 = B_SPLINE_CURVE_WITH_KNOTS('',7,(#2443,#2444,#2445,#2446,#2447,
    #2448,#2449,#2450,#2451,#2452,#2453,#2454,#2455,#2456,#2457,#2458,
    #2459,#2460,#2461,#2462,#2463,#2464,#2465,#2466,#2467,#2468,#2469,
    #2470,#2471,#2472,#2473,#2474,#2475,#2476,#2477,#2478,#2479,#2480,
    #2481,#2482,#2483,#2484,#2485,#2486),.UNSPECIFIED.,.F.,.F.,(8,6,6,6,
    6,6,6,8),(0.,0.125,0.234375,0.42578125,0.5693359375,0.677001953125,
    0.757751464844,1.),.UNSPECIFIED.);
#2443 = CARTESIAN_POINT('',(9.7,23.));
#2444 = CARTESIAN_POINT('',(9.700000289771,22.918640268904));
#2445 = CARTESIAN_POINT('',(9.695456808609,22.837273742591));
#2446 = CARTESIAN_POINT('',(9.686370331033,22.756212616166));
#2447 = CARTESIAN_POINT('',(9.672766589768,22.675762972193));
#2448 = CARTESIAN_POINT('',(9.654696275751,22.596224780688));
#2449 = CARTESIAN_POINT('',(9.63223503813,22.517891899125));
#2450 = CARTESIAN_POINT('',(9.582075375551,22.373816779548));
#2451 = CARTESIAN_POINT('',(9.555384487329,22.307727601822));
#2452 = CARTESIAN_POINT('',(9.525467982333,22.242963390331));
#2453 = CARTESIAN_POINT('',(9.492422921313,22.179736741189));
#2454 = CARTESIAN_POINT('',(9.456340357521,22.118221873347));
#2455 = CARTESIAN_POINT('',(9.417308796169,22.058561861603));
#2456 = CARTESIAN_POINT('',(9.30224345405,21.900142251047));
#2457 = CARTESIAN_POINT('',(9.220395808878,21.805587629703));
#2458 = CARTESIAN_POINT('',(9.130581548312,21.718189348054));
#2459 = CARTESIAN_POINT('',(9.03354953008,21.638740535011));
#2460 = CARTESIAN_POINT('',(8.930140004639,21.567929461111));
#2461 = CARTESIAN_POINT('',(8.821284615176,21.506339538519));
#2462 = CARTESIAN_POINT('',(8.623044216277,21.415529069083));
#2463 = CARTESIAN_POINT('',(8.535636470282,21.382077215472));
#2464 = CARTESIAN_POINT('',(8.446004811063,21.354202802147));
#2465 = CARTESIAN_POINT('',(8.354852697928,21.332186637592));
#2466 = CARTESIAN_POINT('',(8.262444586428,21.316038300691));
#2467 = CARTESIAN_POINT('',(8.169346977433,21.305876204882));
#2468 = CARTESIAN_POINT('',(8.005951625364,21.298565943032));
#2469 = CARTESIAN_POINT('',(7.935776985387,21.298801840037));
#2470 = CARTESIAN_POINT('',(7.86564745459,21.302414674416));
#2471 = CARTESIAN_POINT('',(7.795755868035,21.309399127516));
#2472 = CARTESIAN_POINT('',(7.726294295996,21.319736255403));
#2473 = CARTESIAN_POINT('',(7.657454043954,21.333393488864));
#2474 = CARTESIAN_POINT('',(7.538404335009,21.363023009282));
#2475 = CARTESIAN_POINT('',(7.48783943949,21.377562569475));
#2476 = CARTESIAN_POINT('',(7.437811337892,21.393923992669));
#2477 = CARTESIAN_POINT('',(7.3883997732,21.412082931828));
#2478 = CARTESIAN_POINT('',(7.339683859534,21.432010014192));
#2479 = CARTESIAN_POINT('',(7.291742082144,21.453670841273));
#2480 = CARTESIAN_POINT('',(7.103392445076,21.54708652366));
#2481 = CARTESIAN_POINT('',(6.969676042982,21.632451293776));
#2482 = CARTESIAN_POINT('',(6.845560487225,21.732120545137));
#2483 = CARTESIAN_POINT('',(6.732850874861,21.844759249676));
#2484 = CARTESIAN_POINT('',(6.633113284058,21.968800761019));
#2485 = CARTESIAN_POINT('',(6.54766068251,22.102462581166));
#2486 = CARTESIAN_POINT('',(6.4775114641,22.24367423814));
#2487 = ( GEOMETRIC_REPRESENTATION_CONTEXT(2) 
PARAMETRIC_REPRESENTATION_CONTEXT() REPRESENTATION_CONTEXT('2D SPACE',''
  ) );
#2488 = PCURVE('',#2330,#2489);
#2489 = DEFINITIONAL_REPRESENTATION('',(#2490),#2535);
#2490 = B_SPLINE_CURVE_WITH_KNOTS('',7,(#2491,#2492,#2493,#2494,#2495,
    #2496,#2497,#2498,#2499,#2500,#2501,#2502,#2503,#2504,#2505,#2506,
    #2507,#2508,#2509,#2510,#2511,#2512,#2513,#2514,#2515,#2516,#2517,
    #2518,#2519,#2520,#2521,#2522,#2523,#2524,#2525,#2526,#2527,#2528,
    #2529,#2530,#2531,#2532,#2533,#2534),.UNSPECIFIED.,.F.,.F.,(8,6,6,6,
    6,6,6,8),(0.,0.125,0.234375,0.42578125,0.5693359375,0.677001953125,
    0.757751464844,1.),.UNSPECIFIED.);
#2491 = CARTESIAN_POINT('',(9.7,23.));
#2492 = CARTESIAN_POINT('',(9.700000289771,22.918640268904));
#2493 = CARTESIAN_POINT('',(9.695456808609,22.837273742591));
#2494 = CARTESIAN_POINT('',(9.686370331033,22.756212616166));
#2495 = CARTESIAN_POINT('',(9.672766589768,22.675762972193));
#2496 = CARTESIAN_POINT('',(9.654696275751,22.596224780688));
#2497 = CARTESIAN_POINT('',(9.63223503813,22.517891899125));
#2498 = CARTESIAN_POINT('',(9.582075375551,22.373816779548));
#2499 = CARTESIAN_POINT('',(9.555384487329,22.307727601822));
#2500 = CARTESIAN_POINT('',(9.525467982333,22.242963390331));
#2501 = CARTESIAN_POINT('',(9.492422921313,22.179736741189));
#2502 = CARTESIAN_POINT('',(9.456340357521,22.118221873347));
#2503 = CARTESIAN_POINT('',(9.417308796169,22.058561861603));
#2504 = CARTESIAN_POINT('',(9.30224345405,21.900142251047));
#2505 = CARTESIAN_POINT('',(9.220395808878,21.805587629703));
#2506 = CARTESIAN_POINT('',(9.130581548312,21.718189348054));
#2507 = CARTESIAN_POINT('',(9.03354953008,21.638740535011));
#2508 = CARTESIAN_POINT('',(8.930140004639,21.567929461111));
#2509 = CARTESIAN_POINT('',(8.821284615176,21.506339538519));
#2510 = CARTESIAN_POINT('',(8.623044216277,21.415529069083));
#2511 = CARTESIAN_POINT('',(8.535636470282,21.382077215472));
#2512 = CARTESIAN_POINT('',(8.446004811063,21.354202802147));
#2513 = CARTESIAN_POINT('',(8.354852697928,21.332186637592));
#2514 = CARTESIAN_POINT('',(8.262444586428,21.316038300691));
#2515 = CARTESIAN_POINT('',(8.169346977433,21.305876204882));
#2516 = CARTESIAN_POINT('',(8.005951625364,21.298565943032));
#2517 = CARTESIAN_POINT('',(7.935776985387,21.298801840037));
#2518 = CARTESIAN_POINT('',(7.86564745459,21.302414674416));
#2519 = CARTESIAN_POINT('',(7.795755868035,21.309399127516));
#2520 = CARTESIAN_POINT('',(7.726294295996,21.319736255403));
#2521 = CARTESIAN_POINT('',(7.657454043954,21.333393488864));
#2522 = CARTESIAN_POINT('',(7.538404335009,21.363023009282));
#2523 = CARTESIAN_POINT('',(7.48783943949,21.377562569475));
#2524 = CARTESIAN_POINT('',(7.437811337892,21.393923992669));
#2525 = CARTESIAN_POINT('',(7.3883997732,21.412082931828));
#2526 = CARTESIAN_POINT('',(7.339683859534,21.432010014192));
#2527 = CARTESIAN_POINT('',(7.291742082144,21.453670841273));
#2528 = CARTESIAN_POINT('',(7.103392445076,21.54708652366));
#2529 = CARTESIAN_POINT('',(6.969676042982,21.632451293776));
#2530 = CARTESIAN_POINT('',(6.845560487225,21.732120545137));
#2531 = CARTESIAN_POINT('',(6.732850874861,21.844759249676));
#2532 = CARTESIAN_POINT('',(6.633113284058,21.968800761019));
#2533 = CARTESIAN_POINT('',(6.54766068251,22.102462581166));
#2534 = CARTESIAN_POINT('',(6.4775114641,22.24367423814));
#2535 = ( GEOMETRIC_REPRESENTATION_CONTEXT(2) 
PARAMETRIC_REPRESENTATION_CONTEXT() REPRESENTATION_CONTEXT('2D SPACE',''
  ) );
#2536 = FACE_BOUND('',#2537,.F.);
#2537 = EDGE_LOOP('',(#2538));
#2538 = ORIENTED_EDGE('',*,*,#2539,.F.);
#2539 = EDGE_CURVE('',#2540,#2540,#2542,.T.);
#2540 = VERTEX_POINT('',#2541);
#2541 = CARTESIAN_POINT('',(53.586605785827,208.43011325446,
    128.08989221983));
#2542 = SURFACE_CURVE('',#2543,(#2551,#2562),.PCURVE_S1.);
#2543 = ( BOUNDED_CURVE() B_SPLINE_CURVE(2,(#2544,#2545,#2546,#2547,
#2548,#2549,#2550),.UNSPECIFIED.,.T.,.F.) B_SPLINE_CURVE_WITH_KNOTS((1,2
    ,2,2,2,1),(-2.094395102393,0.,2.094395102393,4.188790204786,
6.28318530718,8.377580409573),.UNSPECIFIED.) CURVE() 
GEOMETRIC_REPRESENTATION_ITEM() RATIONAL_B_SPLINE_CURVE((1.,0.5,1.,0.5,
1.,0.5,1.)) REPRESENTATION_ITEM('') );
#2544 = CARTESIAN_POINT('',(53.586605785827,208.43011325446,
    128.08989221983));
#2545 = CARTESIAN_POINT('',(50.64211941296,208.43011325446,
    128.08989221983));
#2546 = CARTESIAN_POINT('',(52.114362599393,208.43011325446,
    125.53989221983));
#2547 = CARTESIAN_POINT('',(53.586605785827,208.43011325446,
    122.98989221983));
#2548 = CARTESIAN_POINT('',(55.05884897226,208.43011325446,
    125.53989221983));
#2549 = CARTESIAN_POINT('',(56.531092158694,208.43011325446,
    128.08989221983));
#2550 = CARTESIAN_POINT('',(53.586605785827,208.43011325446,
    128.08989221983));
#2551 = PCURVE('',#1533,#2552);
#2552 = DEFINITIONAL_REPRESENTATION('',(#2553),#2561);
#2553 = ( BOUNDED_CURVE() B_SPLINE_CURVE(2,(#2554,#2555,#2556,#2557,
#2558,#2559,#2560),.UNSPECIFIED.,.T.,.F.) B_SPLINE_CURVE_WITH_KNOTS((1,2
    ,2,2,2,1),(-2.094395102393,0.,2.094395102393,4.188790204786,
6.28318530718,8.377580409573),.UNSPECIFIED.) CURVE() 
GEOMETRIC_REPRESENTATION_ITEM() RATIONAL_B_SPLINE_CURVE((1.,0.5,1.,0.5,
1.,0.5,1.)) REPRESENTATION_ITEM('') );
#2554 = CARTESIAN_POINT('',(16.7,23.));
#2555 = CARTESIAN_POINT('',(16.7,25.944486372867));
#2556 = CARTESIAN_POINT('',(14.15,24.472243186434));
#2557 = CARTESIAN_POINT('',(11.6,23.));
#2558 = CARTESIAN_POINT('',(14.15,21.527756813566));
#2559 = CARTESIAN_POINT('',(16.7,20.055513627133));
#2560 = CARTESIAN_POINT('',(16.7,23.));
#2561 = ( GEOMETRIC_REPRESENTATION_CONTEXT(2) 
PARAMETRIC_REPRESENTATION_CONTEXT() REPRESENTATION_CONTEXT('2D SPACE',''
  ) );
#2562 = PCURVE('',#1713,#2563);
#2563 = DEFINITIONAL_REPRESENTATION('',(#2564),#2572);
#2564 = B_SPLINE_CURVE_WITH_KNOTS('',2,(#2565,#2566,#2567,#2568,#2569,
    #2570,#2571),.UNSPECIFIED.,.F.,.F.,(3,2,2,3),(0.,2.094395102393,
    4.188790204786,6.28318530718),.PIECEWISE_BEZIER_KNOTS.);
#2565 = CARTESIAN_POINT('',(0.,2.1));
#2566 = CARTESIAN_POINT('',(1.047197551197,2.1));
#2567 = CARTESIAN_POINT('',(2.094395102393,2.1));
#2568 = CARTESIAN_POINT('',(3.14159265359,2.1));
#2569 = CARTESIAN_POINT('',(4.188790204786,2.1));
#2570 = CARTESIAN_POINT('',(5.235987755983,2.1));
#2571 = CARTESIAN_POINT('',(6.28318530718,2.1));
#2572 = ( GEOMETRIC_REPRESENTATION_CONTEXT(2) 
PARAMETRIC_REPRESENTATION_CONTEXT() REPRESENTATION_CONTEXT('2D SPACE',''
  ) );
#2573 = ADVANCED_FACE('',(#2574),#1508,.T.);
#2574 = FACE_BOUND('',#2575,.T.);
#2575 = EDGE_LOOP('',(#2576,#2577,#2578,#2596));
#2576 = ORIENTED_EDGE('',*,*,#1494,.F.);
#2577 = ORIENTED_EDGE('',*,*,#1598,.T.);
#2578 = ORIENTED_EDGE('',*,*,#2579,.T.);
#2579 = EDGE_CURVE('',#1572,#1789,#2580,.T.);
#2580 = SURFACE_CURVE('',#2581,(#2584,#2590),.PCURVE_S1.);
#2581 = B_SPLINE_CURVE_WITH_KNOTS('',1,(#2582,#2583),.UNSPECIFIED.,.F.,
  .F.,(2,2),(0.,2.),.PIECEWISE_BEZIER_KNOTS.);
#2582 = CARTESIAN_POINT('',(46.586605785827,206.43011325446,
    111.38989221983));
#2583 = CARTESIAN_POINT('',(46.586605785827,208.43011325446,
    111.38989221983));
#2584 = PCURVE('',#1508,#2585);
#2585 = DEFINITIONAL_REPRESENTATION('',(#2586),#2589);
#2586 = B_SPLINE_CURVE_WITH_KNOTS('',1,(#2587,#2588),.UNSPECIFIED.,.F.,
  .F.,(2,2),(0.,2.),.PIECEWISE_BEZIER_KNOTS.);
#2587 = CARTESIAN_POINT('',(30.,0.));
#2588 = CARTESIAN_POINT('',(30.,2.));
#2589 = ( GEOMETRIC_REPRESENTATION_CONTEXT(2) 
PARAMETRIC_REPRESENTATION_CONTEXT() REPRESENTATION_CONTEXT('2D SPACE',''
  ) );
#2590 = PCURVE('',#1587,#2591);
#2591 = DEFINITIONAL_REPRESENTATION('',(#2592),#2595);
#2592 = B_SPLINE_CURVE_WITH_KNOTS('',1,(#2593,#2594),.UNSPECIFIED.,.F.,
  .F.,(2,2),(0.,2.),.PIECEWISE_BEZIER_KNOTS.);
#2593 = CARTESIAN_POINT('',(0.,0.));
#2594 = CARTESIAN_POINT('',(0.,-2.));
#2595 = ( GEOMETRIC_REPRESENTATION_CONTEXT(2) 
PARAMETRIC_REPRESENTATION_CONTEXT() REPRESENTATION_CONTEXT('2D SPACE',''
  ) );
#2596 = ORIENTED_EDGE('',*,*,#1808,.F.);
#2597 = ADVANCED_FACE('',(#2598),#1587,.F.);
#2598 = FACE_BOUND('',#2599,.F.);
#2599 = EDGE_LOOP('',(#2600,#2601,#2602,#2603));
#2600 = ORIENTED_EDGE('',*,*,#1571,.F.);
#2601 = ORIENTED_EDGE('',*,*,#2579,.T.);
#2602 = ORIENTED_EDGE('',*,*,#1788,.T.);
#2603 = ORIENTED_EDGE('',*,*,#1766,.F.);
#2604 = ADVANCED_FACE('',(#2605),#1661,.T.);
#2605 = FACE_BOUND('',#2606,.T.);
#2606 = EDGE_LOOP('',(#2607,#2608,#2628,#2629));
#2607 = ORIENTED_EDGE('',*,*,#2165,.F.);
#2608 = ORIENTED_EDGE('',*,*,#2609,.F.);
#2609 = EDGE_CURVE('',#1638,#2166,#2610,.T.);
#2610 = SEAM_CURVE('',#2611,(#2614,#2621),.PCURVE_S1.);
#2611 = B_SPLINE_CURVE_WITH_KNOTS('',1,(#2612,#2613),.UNSPECIFIED.,.F.,
  .F.,(2,2),(1.E-01,2.1),.PIECEWISE_BEZIER_KNOTS.);
#2612 = CARTESIAN_POINT('',(69.586605785827,206.43011325446,
    128.08989221983));
#2613 = CARTESIAN_POINT('',(69.586605785827,208.43011325446,
    128.08989221983));
#2614 = PCURVE('',#1661,#2615);
#2615 = DEFINITIONAL_REPRESENTATION('',(#2616),#2620);
#2616 = B_SPLINE_CURVE_WITH_KNOTS('',2,(#2617,#2618,#2619),
  .UNSPECIFIED.,.F.,.F.,(3,3),(1.E-01,2.1),.PIECEWISE_BEZIER_KNOTS.);
#2617 = CARTESIAN_POINT('',(6.28318530718,1.E-01));
#2618 = CARTESIAN_POINT('',(6.28318530718,1.1));
#2619 = CARTESIAN_POINT('',(6.28318530718,2.1));
#2620 = ( GEOMETRIC_REPRESENTATION_CONTEXT(2) 
PARAMETRIC_REPRESENTATION_CONTEXT() REPRESENTATION_CONTEXT('2D SPACE',''
  ) );
#2621 = PCURVE('',#1661,#2622);
#2622 = DEFINITIONAL_REPRESENTATION('',(#2623),#2627);
#2623 = B_SPLINE_CURVE_WITH_KNOTS('',2,(#2624,#2625,#2626),
  .UNSPECIFIED.,.F.,.F.,(3,3),(1.E-01,2.1),.PIECEWISE_BEZIER_KNOTS.);
#2624 = CARTESIAN_POINT('',(0.,1.E-01));
#2625 = CARTESIAN_POINT('',(8.881784197001E-16,1.1));
#2626 = CARTESIAN_POINT('',(0.,2.1));
#2627 = ( GEOMETRIC_REPRESENTATION_CONTEXT(2) 
PARAMETRIC_REPRESENTATION_CONTEXT() REPRESENTATION_CONTEXT('2D SPACE',''
  ) );
#2628 = ORIENTED_EDGE('',*,*,#1637,.T.);
#2629 = ORIENTED_EDGE('',*,*,#2609,.T.);
#2630 = ADVANCED_FACE('',(#2631),#1713,.T.);
#2631 = FACE_BOUND('',#2632,.T.);
#2632 = EDGE_LOOP('',(#2633,#2634,#2654,#2655));
#2633 = ORIENTED_EDGE('',*,*,#2539,.F.);
#2634 = ORIENTED_EDGE('',*,*,#2635,.F.);
#2635 = EDGE_CURVE('',#1690,#2540,#2636,.T.);
#2636 = SEAM_CURVE('',#2637,(#2640,#2647),.PCURVE_S1.);
#2637 = B_SPLINE_CURVE_WITH_KNOTS('',1,(#2638,#2639),.UNSPECIFIED.,.F.,
  .F.,(2,2),(1.E-01,2.1),.PIECEWISE_BEZIER_KNOTS.);
#2638 = CARTESIAN_POINT('',(53.586605785827,206.43011325446,
    128.08989221983));
#2639 = CARTESIAN_POINT('',(53.586605785827,208.43011325446,
    128.08989221983));
#2640 = PCURVE('',#1713,#2641);
#2641 = DEFINITIONAL_REPRESENTATION('',(#2642),#2646);
#2642 = B_SPLINE_CURVE_WITH_KNOTS('',2,(#2643,#2644,#2645),
  .UNSPECIFIED.,.F.,.F.,(3,3),(1.E-01,2.1),.PIECEWISE_BEZIER_KNOTS.);
#2643 = CARTESIAN_POINT('',(6.28318530718,1.E-01));
#2644 = CARTESIAN_POINT('',(6.28318530718,1.1));
#2645 = CARTESIAN_POINT('',(6.28318530718,2.1));
#2646 = ( GEOMETRIC_REPRESENTATION_CONTEXT(2) 
PARAMETRIC_REPRESENTATION_CONTEXT() REPRESENTATION_CONTEXT('2D SPACE',''
  ) );
#2647 = PCURVE('',#1713,#2648);
#2648 = DEFINITIONAL_REPRESENTATION('',(#2649),#2653);
#2649 = B_SPLINE_CURVE_WITH_KNOTS('',2,(#2650,#2651,#2652),
  .UNSPECIFIED.,.F.,.F.,(3,3),(1.E-01,2.1),.PIECEWISE_BEZIER_KNOTS.);
#2650 = CARTESIAN_POINT('',(0.,1.E-01));
#2651 = CARTESIAN_POINT('',(8.881784197001E-16,1.1));
#2652 = CARTESIAN_POINT('',(0.,2.1));
#2653 = ( GEOMETRIC_REPRESENTATION_CONTEXT(2) 
PARAMETRIC_REPRESENTATION_CONTEXT() REPRESENTATION_CONTEXT('2D SPACE',''
  ) );
#2654 = ORIENTED_EDGE('',*,*,#1689,.T.);
#2655 = ORIENTED_EDGE('',*,*,#2635,.T.);
#2656 = ADVANCED_FACE('',(#2657),#1945,.F.);
#2657 = FACE_BOUND('',#2658,.F.);
#2658 = EDGE_LOOP('',(#2659,#2660));
#2659 = ORIENTED_EDGE('',*,*,#2019,.F.);
#2660 = ORIENTED_EDGE('',*,*,#1830,.F.);
#2661 = ADVANCED_FACE('',(#2662),#2330,.F.);
#2662 = FACE_BOUND('',#2663,.F.);
#2663 = EDGE_LOOP('',(#2664,#2665));
#2664 = ORIENTED_EDGE('',*,*,#2411,.F.);
#2665 = ORIENTED_EDGE('',*,*,#2202,.F.);
#2666 = ( GEOMETRIC_REPRESENTATION_CONTEXT(3) 
GLOBAL_UNCERTAINTY_ASSIGNED_CONTEXT((#2670)) 
GLOBAL_UNIT_ASSIGNED_CONTEXT((#2667,#2668,#2669)) REPRESENTATION_CONTEXT
('Context #1','3D Context with UNIT and UNCERTAINTY') );
#2667 = ( LENGTH_UNIT() NAMED_UNIT(*) SI_UNIT(.MILLI.,.METRE.) );
#2668 = ( NAMED_UNIT(*) PLANE_ANGLE_UNIT() SI_UNIT($,.RADIAN.) );
#2669 = ( NAMED_UNIT(*) SI_UNIT($,.STERADIAN.) SOLID_ANGLE_UNIT() );
#2670 = UNCERTAINTY_MEASURE_WITH_UNIT(LENGTH_MEASURE(2.E-06),#2667,
  'distance_accuracy_value','confusion accuracy');
#2671 = CONTEXT_DEPENDENT_SHAPE_REPRESENTATION(#2672,#2674);
#2672 = ( REPRESENTATION_RELATIONSHIP('','',#1455,#10) 
REPRESENTATION_RELATIONSHIP_WITH_TRANSFORMATION(#2673) 
SHAPE_REPRESENTATION_RELATIONSHIP() );
#2673 = ITEM_DEFINED_TRANSFORMATION('','',#11,#19);
#2674 = PRODUCT_DEFINITION_SHAPE('Placement','Placement of an item',
  #2675);
#2675 = NEXT_ASSEMBLY_USAGE_OCCURRENCE('31','','',#5,#1450,$);
#2676 = PRODUCT_RELATED_PRODUCT_CATEGORY('part',$,(#1452));
ENDSEC;
END-ISO-10303-21;
