ISO-10303-21;
HEADER;
FILE_DESCRIPTION(('Open CASCADE Model'),'2;1');
FILE_NAME('Open CASCADE Shape Model','2026-10-01T13:11:58',('Author'),(
    'Open CASCADE'),'Open CASCADE STEP processor 7.8','Open CASCADE 7.8'
  ,'Unknown');
FILE_SCHEMA(('AUTOMOTIVE_DESIGN { 1 0 10303 214 1 1 1 1 }'));
ENDSEC;
DATA;
#1 = APPLICATION_PROTOCOL_DEFINITION('international standard',
  'automotive_design',2000,#2);
#2 = APPLICATION_CONTEXT(
  'core data for automotive mechanical design processes');
#3 = SHAPE_DEFINITION_REPRESENTATION(#4,#10);
#4 = PRODUCT_DEFINITION_SHAPE('','',#5);
#5 = PRODUCT_DEFINITION('design','',#6,#9);
#6 = PRODUCT_DEFINITION_FORMATION('','',#7);
#7 = PRODUCT('Open CASCADE STEP translator 7.8 80',
  'Open CASCADE STEP translator 7.8 80','',(#8));
#8 = PRODUCT_CONTEXT('',#2,'mechanical');
#9 = PRODUCT_DEFINITION_CONTEXT('part definition',#2,'design');
#10 = ADVANCED_BREP_SHAPE_REPRESENTATION('',(#11,#15),#1705);
#11 = AXIS2_PLACEMENT_3D('',#12,#13,#14);
#12 = CARTESIAN_POINT('',(0.,0.,0.));
#13 = DIRECTION('',(0.,0.,1.));
#14 = DIRECTION('',(1.,0.,-0.));
#15 = MANIFOLD_SOLID_BREP('',#16);
#16 = CLOSED_SHELL('',(#17,#235,#771,#819,#882,#997,#1510,#1534,#1615,
    #1639,#1646,#1672,#1698));
#17 = ADVANCED_FACE('',(#18),#31,.T.);
#18 = FACE_BOUND('',#19,.T.);
#19 = EDGE_LOOP('',(#20,#52,#77,#102,#127,#167));
#20 = ORIENTED_EDGE('',*,*,#21,.F.);
#21 = EDGE_CURVE('',#22,#24,#26,.T.);
#22 = VERTEX_POINT('',#23);
#23 = CARTESIAN_POINT('',(22.,118.71505662723,139.38989221983));
#24 = VERTEX_POINT('',#25);
#25 = CARTESIAN_POINT('',(-17.14313220058,118.71505662723,
    139.38989221983));
#26 = SURFACE_CURVE('',#27,(#30,#41),.PCURVE_S1.);
#27 = B_SPLINE_CURVE_WITH_KNOTS('',1,(#28,#29),.UNSPECIFIED.,.F.,.F.,(2,
    2),(0.,42.),.PIECEWISE_BEZIER_KNOTS.);
#28 = CARTESIAN_POINT('',(22.,118.71505662723,139.38989221983));
#29 = CARTESIAN_POINT('',(-20.,118.71505662723,139.38989221983));
#30 = PCURVE('',#31,#36);
#31 = B_SPLINE_SURFACE_WITH_KNOTS('',1,1,(
    (#32,#33)
    ,(#34,#35)),.UNSPECIFIED.,.F.,.F.,.F.,(2,2),(2,2),(0.,5.),(-42.,0.),
  .PIECEWISE_BEZIER_KNOTS.);
#32 = CARTESIAN_POINT('',(-20.,118.71505662723,134.38989221983));
#33 = CARTESIAN_POINT('',(22.,118.71505662723,134.38989221983));
#34 = CARTESIAN_POINT('',(-20.,118.71505662723,139.38989221983));
#35 = CARTESIAN_POINT('',(22.,118.71505662723,139.38989221983));
#36 = DEFINITIONAL_REPRESENTATION('',(#37),#40);
#37 = B_SPLINE_CURVE_WITH_KNOTS('',1,(#38,#39),.UNSPECIFIED.,.F.,.F.,(2,
    2),(0.,42.),.PIECEWISE_BEZIER_KNOTS.);
#38 = CARTESIAN_POINT('',(5.,0.));
#39 = CARTESIAN_POINT('',(5.,-42.));
#40 = ( GEOMETRIC_REPRESENTATION_CONTEXT(2) 
PARAMETRIC_REPRESENTATION_CONTEXT() REPRESENTATION_CONTEXT('2D SPACE',''
  ) );
#41 = PCURVE('',#42,#47);
#42 = B_SPLINE_SURFACE_WITH_KNOTS('',1,1,(
    (#43,#44)
    ,(#45,#46)),.UNSPECIFIED.,.F.,.F.,.F.,(2,2),(2,2),(0.,44.),(0.,42.),
  .PIECEWISE_BEZIER_KNOTS.);
#43 = CARTESIAN_POINT('',(22.,118.71505662723,139.38989221983));
#44 = CARTESIAN_POINT('',(-20.,118.71505662723,139.38989221983));
#45 = CARTESIAN_POINT('',(22.,74.715056627234,139.38989221983));
#46 = CARTESIAN_POINT('',(-20.,74.715056627234,139.38989221983));
#47 = DEFINITIONAL_REPRESENTATION('',(#48),#51);
#48 = B_SPLINE_CURVE_WITH_KNOTS('',1,(#49,#50),.UNSPECIFIED.,.F.,.F.,(2,
    2),(0.,42.),.PIECEWISE_BEZIER_KNOTS.);
#49 = CARTESIAN_POINT('',(0.,0.));
#50 = CARTESIAN_POINT('',(0.,42.));
#51 = ( GEOMETRIC_REPRESENTATION_CONTEXT(2) 
PARAMETRIC_REPRESENTATION_CONTEXT() REPRESENTATION_CONTEXT('2D SPACE',''
  ) );
#52 = ORIENTED_EDGE('',*,*,#53,.F.);
#53 = EDGE_CURVE('',#54,#22,#56,.T.);
#54 = VERTEX_POINT('',#55);
#55 = CARTESIAN_POINT('',(22.,118.71505662723,134.38989221983));
#56 = SURFACE_CURVE('',#57,(#60,#66),.PCURVE_S1.);
#57 = B_SPLINE_CURVE_WITH_KNOTS('',1,(#58,#59),.UNSPECIFIED.,.F.,.F.,(2,
    2),(0.,5.),.PIECEWISE_BEZIER_KNOTS.);
#58 = CARTESIAN_POINT('',(22.,118.71505662723,134.38989221983));
#59 = CARTESIAN_POINT('',(22.,118.71505662723,139.38989221983));
#60 = PCURVE('',#31,#61);
#61 = DEFINITIONAL_REPRESENTATION('',(#62),#65);
#62 = B_SPLINE_CURVE_WITH_KNOTS('',1,(#63,#64),.UNSPECIFIED.,.F.,.F.,(2,
    2),(0.,5.),.PIECEWISE_BEZIER_KNOTS.);
#63 = CARTESIAN_POINT('',(0.,0.));
#64 = CARTESIAN_POINT('',(5.,0.));
#65 = ( GEOMETRIC_REPRESENTATION_CONTEXT(2) 
PARAMETRIC_REPRESENTATION_CONTEXT() REPRESENTATION_CONTEXT('2D SPACE',''
  ) );
#66 = PCURVE('',#67,#72);
#67 = B_SPLINE_SURFACE_WITH_KNOTS('',1,1,(
    (#68,#69)
    ,(#70,#71)),.UNSPECIFIED.,.F.,.F.,.F.,(2,2),(2,2),(0.,5.),(0.,44.),
  .PIECEWISE_BEZIER_KNOTS.);
#68 = CARTESIAN_POINT('',(22.,118.71505662723,134.38989221983));
#69 = CARTESIAN_POINT('',(22.,74.715056627234,134.38989221983));
#70 = CARTESIAN_POINT('',(22.,118.71505662723,139.38989221983));
#71 = CARTESIAN_POINT('',(22.,74.715056627234,139.38989221983));
#72 = DEFINITIONAL_REPRESENTATION('',(#73),#76);
#73 = B_SPLINE_CURVE_WITH_KNOTS('',1,(#74,#75),.UNSPECIFIED.,.F.,.F.,(2,
    2),(0.,5.),.PIECEWISE_BEZIER_KNOTS.);
#74 = CARTESIAN_POINT('',(0.,0.));
#75 = CARTESIAN_POINT('',(5.,0.));
#76 = ( GEOMETRIC_REPRESENTATION_CONTEXT(2) 
PARAMETRIC_REPRESENTATION_CONTEXT() REPRESENTATION_CONTEXT('2D SPACE',''
  ) );
#77 = ORIENTED_EDGE('',*,*,#78,.T.);
#78 = EDGE_CURVE('',#54,#79,#81,.T.);
#79 = VERTEX_POINT('',#80);
#80 = CARTESIAN_POINT('',(-20.,118.71505662723,134.38989221983));
#81 = SURFACE_CURVE('',#82,(#85,#91),.PCURVE_S1.);
#82 = B_SPLINE_CURVE_WITH_KNOTS('',1,(#83,#84),.UNSPECIFIED.,.F.,.F.,(2,
    2),(0.,42.),.PIECEWISE_BEZIER_KNOTS.);
#83 = CARTESIAN_POINT('',(22.,118.71505662723,134.38989221983));
#84 = CARTESIAN_POINT('',(-20.,118.71505662723,134.38989221983));
#85 = PCURVE('',#31,#86);
#86 = DEFINITIONAL_REPRESENTATION('',(#87),#90);
#87 = B_SPLINE_CURVE_WITH_KNOTS('',1,(#88,#89),.UNSPECIFIED.,.F.,.F.,(2,
    2),(0.,42.),.PIECEWISE_BEZIER_KNOTS.);
#88 = CARTESIAN_POINT('',(0.,0.));
#89 = CARTESIAN_POINT('',(0.,-42.));
#90 = ( GEOMETRIC_REPRESENTATION_CONTEXT(2) 
PARAMETRIC_REPRESENTATION_CONTEXT() REPRESENTATION_CONTEXT('2D SPACE',''
  ) );
#91 = PCURVE('',#92,#97);
#92 = B_SPLINE_SURFACE_WITH_KNOTS('',1,1,(
    (#93,#94)
    ,(#95,#96)),.UNSPECIFIED.,.F.,.F.,.F.,(2,2),(2,2),(0.,44.),(0.,42.),
  .PIECEWISE_BEZIER_KNOTS.);
#93 = CARTESIAN_POINT('',(22.,118.71505662723,134.38989221983));
#94 = CARTESIAN_POINT('',(-20.,118.71505662723,134.38989221983));
#95 = CARTESIAN_POINT('',(22.,74.715056627234,134.38989221983));
#96 = CARTESIAN_POINT('',(-20.,74.715056627234,134.38989221983));
#97 = DEFINITIONAL_REPRESENTATION('',(#98),#101);
#98 = B_SPLINE_CURVE_WITH_KNOTS('',1,(#99,#100),.UNSPECIFIED.,.F.,.F.,(2
    ,2),(0.,42.),.PIECEWISE_BEZIER_KNOTS.);
#99 = CARTESIAN_POINT('',(0.,0.));
#100 = CARTESIAN_POINT('',(0.,42.));
#101 = ( GEOMETRIC_REPRESENTATION_CONTEXT(2) 
PARAMETRIC_REPRESENTATION_CONTEXT() REPRESENTATION_CONTEXT('2D SPACE',''
  ) );
#102 = ORIENTED_EDGE('',*,*,#103,.T.);
#103 = EDGE_CURVE('',#79,#104,#106,.T.);
#104 = VERTEX_POINT('',#105);
#105 = CARTESIAN_POINT('',(-20.,118.71505662723,138.97256688166));
#106 = SURFACE_CURVE('',#107,(#110,#116),.PCURVE_S1.);
#107 = B_SPLINE_CURVE_WITH_KNOTS('',1,(#108,#109),.UNSPECIFIED.,.F.,.F.,
  (2,2),(0.,5.),.PIECEWISE_BEZIER_KNOTS.);
#108 = CARTESIAN_POINT('',(-20.,118.71505662723,134.38989221983));
#109 = CARTESIAN_POINT('',(-20.,118.71505662723,139.38989221983));
#110 = PCURVE('',#31,#111);
#111 = DEFINITIONAL_REPRESENTATION('',(#112),#115);
#112 = B_SPLINE_CURVE_WITH_KNOTS('',1,(#113,#114),.UNSPECIFIED.,.F.,.F.,
  (2,2),(0.,5.),.PIECEWISE_BEZIER_KNOTS.);
#113 = CARTESIAN_POINT('',(0.,-42.));
#114 = CARTESIAN_POINT('',(5.,-42.));
#115 = ( GEOMETRIC_REPRESENTATION_CONTEXT(2) 
PARAMETRIC_REPRESENTATION_CONTEXT() REPRESENTATION_CONTEXT('2D SPACE',''
  ) );
#116 = PCURVE('',#117,#122);
#117 = B_SPLINE_SURFACE_WITH_KNOTS('',1,1,(
    (#118,#119)
    ,(#120,#121
  )),.UNSPECIFIED.,.F.,.F.,.F.,(2,2),(2,2),(0.,5.),(0.,44.),
  .PIECEWISE_BEZIER_KNOTS.);
#118 = CARTESIAN_POINT('',(-20.,118.71505662723,134.38989221983));
#119 = CARTESIAN_POINT('',(-20.,74.715056627234,134.38989221983));
#120 = CARTESIAN_POINT('',(-20.,118.71505662723,139.38989221983));
#121 = CARTESIAN_POINT('',(-20.,74.715056627234,139.38989221983));
#122 = DEFINITIONAL_REPRESENTATION('',(#123),#126);
#123 = B_SPLINE_CURVE_WITH_KNOTS('',1,(#124,#125),.UNSPECIFIED.,.F.,.F.,
  (2,2),(0.,5.),.PIECEWISE_BEZIER_KNOTS.);
#124 = CARTESIAN_POINT('',(0.,0.));
#125 = CARTESIAN_POINT('',(5.,0.));
#126 = ( GEOMETRIC_REPRESENTATION_CONTEXT(2) 
PARAMETRIC_REPRESENTATION_CONTEXT() REPRESENTATION_CONTEXT('2D SPACE',''
  ) );
#127 = ORIENTED_EDGE('',*,*,#128,.T.);
#128 = EDGE_CURVE('',#104,#129,#131,.T.);
#129 = VERTEX_POINT('',#130);
#130 = CARTESIAN_POINT('',(-19.31103129355,118.71505662723,
    138.62647852247));
#131 = SURFACE_CURVE('',#132,(#140,#151),.PCURVE_S1.);
#132 = B_SPLINE_CURVE_WITH_KNOTS('',6,(#133,#134,#135,#136,#137,#138,
    #139),.UNSPECIFIED.,.F.,.F.,(7,7),(0.,1.),.PIECEWISE_BEZIER_KNOTS.);
#133 = CARTESIAN_POINT('',(-20.,118.71505662723,138.97256688166));
#134 = CARTESIAN_POINT('',(-19.89773357775,118.71505662723,
    138.89345119713));
#135 = CARTESIAN_POINT('',(-19.78935850201,118.71505662723,
    138.82222388645));
#136 = CARTESIAN_POINT('',(-19.67564378997,118.71505662723,
    138.75948082485));
#137 = CARTESIAN_POINT('',(-19.55742027856,118.71505662723,
    138.7057052379));
#138 = CARTESIAN_POINT('',(-19.43556982794,118.71505662723,
    138.66128195796));
#139 = CARTESIAN_POINT('',(-19.31103129355,118.71505662723,
    138.62647852247));
#140 = PCURVE('',#31,#141);
#141 = DEFINITIONAL_REPRESENTATION('',(#142),#150);
#142 = B_SPLINE_CURVE_WITH_KNOTS('',6,(#143,#144,#145,#146,#147,#148,
    #149),.UNSPECIFIED.,.F.,.F.,(7,7),(0.,1.),.PIECEWISE_BEZIER_KNOTS.);
#143 = CARTESIAN_POINT('',(4.582674661826,-42.));
#144 = CARTESIAN_POINT('',(4.503558977302,-41.89773357775));
#145 = CARTESIAN_POINT('',(4.432331666621,-41.78935850201));
#146 = CARTESIAN_POINT('',(4.36958860502,-41.67564378997));
#147 = CARTESIAN_POINT('',(4.315813018072,-41.55742027856));
#148 = CARTESIAN_POINT('',(4.271389738128,-41.43556982794));
#149 = CARTESIAN_POINT('',(4.23658630264,-41.31103129355));
#150 = ( GEOMETRIC_REPRESENTATION_CONTEXT(2) 
PARAMETRIC_REPRESENTATION_CONTEXT() REPRESENTATION_CONTEXT('2D SPACE',''
  ) );
#151 = PCURVE('',#152,#157);
#152 = CYLINDRICAL_SURFACE('',#153,2.);
#153 = AXIS2_PLACEMENT_3D('',#154,#155,#156);
#154 = CARTESIAN_POINT('',(-24.39215094432,212.81549398945,
    144.56582210309));
#155 = DIRECTION('',(5.952381395277E-02,-0.997321021254,
    -4.251700996627E-02));
#156 = DIRECTION('',(-0.269062855141,2.498660241544E-02,-0.962798447071)
  );
#157 = DEFINITIONAL_REPRESENTATION('',(#158),#166);
#158 = B_SPLINE_CURVE_WITH_KNOTS('',6,(#159,#160,#161,#162,#163,#164,
    #165),.UNSPECIFIED.,.F.,.F.,(7,7),(0.,1.),.PIECEWISE_BEZIER_KNOTS.);
#159 = CARTESIAN_POINT('',(5.896280214367,94.347590354242));
#160 = CARTESIAN_POINT('',(5.960755772358,94.35704140408));
#161 = CARTESIAN_POINT('',(6.025232660068,94.366520674204));
#162 = CARTESIAN_POINT('',(6.089708380184,94.375957054942));
#163 = CARTESIAN_POINT('',(6.154189738702,94.385280546406));
#164 = CARTESIAN_POINT('',(6.218683282541,94.394422294995));
#165 = CARTESIAN_POINT('',(6.28318530718,94.40331504156));
#166 = ( GEOMETRIC_REPRESENTATION_CONTEXT(2) 
PARAMETRIC_REPRESENTATION_CONTEXT() REPRESENTATION_CONTEXT('2D SPACE',''
  ) );
#167 = ORIENTED_EDGE('',*,*,#168,.T.);
#168 = EDGE_CURVE('',#129,#24,#169,.T.);
#169 = SURFACE_CURVE('',#170,(#188,#209),.PCURVE_S1.);
#170 = B_SPLINE_CURVE_WITH_KNOTS('',6,(#171,#172,#173,#174,#175,#176,
    #177,#178,#179,#180,#181,#182,#183,#184,#185,#186,#187),
  .UNSPECIFIED.,.F.,.F.,(7,5,5,7),(0.,0.409200618363,0.604290784036,1.),
  .UNSPECIFIED.);
#171 = CARTESIAN_POINT('',(-19.31103129355,118.71505662723,
    138.62647852247));
#172 = CARTESIAN_POINT('',(-19.15029224455,118.71505662723,
    138.58155852121));
#173 = CARTESIAN_POINT('',(-18.98504298074,118.71505662723,
    138.55265470825));
#174 = CARTESIAN_POINT('',(-18.81731933676,118.71505662723,
    138.54035969436));
#175 = CARTESIAN_POINT('',(-18.649188708,118.71505662723,138.54489145562
    ));
#176 = CARTESIAN_POINT('',(-18.48273596464,118.71505662723,
    138.56617351044));
#177 = CARTESIAN_POINT('',(-18.2424902209,118.71505662723,
    138.62164659217));
#178 = CARTESIAN_POINT('',(-18.16577972143,118.71505662723,
    138.64325780485));
#179 = CARTESIAN_POINT('',(-18.09014282659,118.71505662723,
    138.66852227715));
#180 = CARTESIAN_POINT('',(-18.01579663911,118.71505662723,
    138.69737374048));
#181 = CARTESIAN_POINT('',(-17.94295256554,118.71505662723,
    138.72972859579));
#182 = CARTESIAN_POINT('',(-17.7275278059,118.71505662723,
    138.83801391686));
#183 = CARTESIAN_POINT('',(-17.5902431009,118.71505662723,
    138.92455117654));
#184 = CARTESIAN_POINT('',(-17.46171507143,118.71505662723,
    139.02424416363));
#185 = CARTESIAN_POINT('',(-17.34348281194,118.71505662723,
    139.1359658125));
#186 = CARTESIAN_POINT('',(-17.23691191288,118.71505662723,
    139.25838061062));
#187 = CARTESIAN_POINT('',(-17.14313220058,118.71505662723,
    139.38989221983));
#188 = PCURVE('',#31,#189);
#189 = DEFINITIONAL_REPRESENTATION('',(#190),#208);
#190 = B_SPLINE_CURVE_WITH_KNOTS('',6,(#191,#192,#193,#194,#195,#196,
    #197,#198,#199,#200,#201,#202,#203,#204,#205,#206,#207),
  .UNSPECIFIED.,.F.,.F.,(7,5,5,7),(0.,0.409200618363,0.604290784036,1.),
  .UNSPECIFIED.);
#191 = CARTESIAN_POINT('',(4.23658630264,-41.31103129355));
#192 = CARTESIAN_POINT('',(4.19166630138,-41.15029224455));
#193 = CARTESIAN_POINT('',(4.162762488421,-40.98504298074));
#194 = CARTESIAN_POINT('',(4.150467474525,-40.81731933676));
#195 = CARTESIAN_POINT('',(4.154999235788,-40.649188708));
#196 = CARTESIAN_POINT('',(4.176281290609,-40.48273596464));
#197 = CARTESIAN_POINT('',(4.231754372336,-40.2424902209));
#198 = CARTESIAN_POINT('',(4.253365585021,-40.16577972143));
#199 = CARTESIAN_POINT('',(4.278630057315,-40.09014282659));
#200 = CARTESIAN_POINT('',(4.307481520646,-40.01579663911));
#201 = CARTESIAN_POINT('',(4.339836375962,-39.94295256554));
#202 = CARTESIAN_POINT('',(4.448121697031,-39.7275278059));
#203 = CARTESIAN_POINT('',(4.53465895671,-39.5902431009));
#204 = CARTESIAN_POINT('',(4.634351943803,-39.46171507143));
#205 = CARTESIAN_POINT('',(4.746073592673,-39.34348281194));
#206 = CARTESIAN_POINT('',(4.86848839079,-39.23691191288));
#207 = CARTESIAN_POINT('',(5.,-39.14313220058));
#208 = ( GEOMETRIC_REPRESENTATION_CONTEXT(2) 
PARAMETRIC_REPRESENTATION_CONTEXT() REPRESENTATION_CONTEXT('2D SPACE',''
  ) );
#209 = PCURVE('',#210,#215);
#210 = CYLINDRICAL_SURFACE('',#211,2.);
#211 = AXIS2_PLACEMENT_3D('',#212,#213,#214);
#212 = CARTESIAN_POINT('',(-24.39215094432,212.81549398945,
    144.56582210309));
#213 = DIRECTION('',(5.952381395277E-02,-0.997321021254,
    -4.251700996627E-02));
#214 = DIRECTION('',(-0.269062855141,2.498660241544E-02,-0.962798447071)
  );
#215 = DEFINITIONAL_REPRESENTATION('',(#216),#234);
#216 = B_SPLINE_CURVE_WITH_KNOTS('',6,(#217,#218,#219,#220,#221,#222,
    #223,#224,#225,#226,#227,#228,#229,#230,#231,#232,#233),
  .UNSPECIFIED.,.F.,.F.,(7,5,5,7),(0.,0.409200618363,0.604290784036,1.),
  .UNSPECIFIED.);
#217 = CARTESIAN_POINT('',(0.,94.40331504156));
#218 = CARTESIAN_POINT('',(8.325129365813E-02,94.414792706949));
#219 = CARTESIAN_POINT('',(0.166533227326,94.425857877088));
#220 = CARTESIAN_POINT('',(0.24982791796,94.436364175296));
#221 = CARTESIAN_POINT('',(0.333151109886,94.446179274623));
#222 = CARTESIAN_POINT('',(0.416517488233,94.455182327414));
#223 = CARTESIAN_POINT('',(0.539656305985,94.467124120798));
#224 = CARTESIAN_POINT('',(0.579417416079,94.470771378152));
#225 = CARTESIAN_POINT('',(0.61918516296,94.474199404788));
#226 = CARTESIAN_POINT('',(0.658959284819,94.477398095466));
#227 = CARTESIAN_POINT('',(0.698739406125,94.480358420842));
#228 = CARTESIAN_POINT('',(0.819223831392,94.488577356081));
#229 = CARTESIAN_POINT('',(0.899956764696,94.493069759788));
#230 = CARTESIAN_POINT('',(0.980696672965,94.496481590575));
#231 = CARTESIAN_POINT('',(1.061449563461,94.498769155135));
#232 = CARTESIAN_POINT('',(1.142221322832,94.499907950312));
#233 = CARTESIAN_POINT('',(1.222983222433,94.499898596059));
#234 = ( GEOMETRIC_REPRESENTATION_CONTEXT(2) 
PARAMETRIC_REPRESENTATION_CONTEXT() REPRESENTATION_CONTEXT('2D SPACE',''
  ) );
#235 = ADVANCED_FACE('',(#236,#667,#719),#42,.F.);
#236 = FACE_BOUND('',#237,.F.);
#237 = EDGE_LOOP('',(#238,#239,#259,#284,#309,#607));
#238 = ORIENTED_EDGE('',*,*,#21,.F.);
#239 = ORIENTED_EDGE('',*,*,#240,.T.);
#240 = EDGE_CURVE('',#22,#241,#243,.T.);
#241 = VERTEX_POINT('',#242);
#242 = CARTESIAN_POINT('',(22.,74.715056627234,139.38989221983));
#243 = SURFACE_CURVE('',#244,(#247,#253),.PCURVE_S1.);
#244 = B_SPLINE_CURVE_WITH_KNOTS('',1,(#245,#246),.UNSPECIFIED.,.F.,.F.,
  (2,2),(0.,44.),.PIECEWISE_BEZIER_KNOTS.);
#245 = CARTESIAN_POINT('',(22.,118.71505662723,139.38989221983));
#246 = CARTESIAN_POINT('',(22.,74.715056627234,139.38989221983));
#247 = PCURVE('',#42,#248);
#248 = DEFINITIONAL_REPRESENTATION('',(#249),#252);
#249 = B_SPLINE_CURVE_WITH_KNOTS('',1,(#250,#251),.UNSPECIFIED.,.F.,.F.,
  (2,2),(0.,44.),.PIECEWISE_BEZIER_KNOTS.);
#250 = CARTESIAN_POINT('',(0.,0.));
#251 = CARTESIAN_POINT('',(44.,0.));
#252 = ( GEOMETRIC_REPRESENTATION_CONTEXT(2) 
PARAMETRIC_REPRESENTATION_CONTEXT() REPRESENTATION_CONTEXT('2D SPACE',''
  ) );
#253 = PCURVE('',#67,#254);
#254 = DEFINITIONAL_REPRESENTATION('',(#255),#258);
#255 = B_SPLINE_CURVE_WITH_KNOTS('',1,(#256,#257),.UNSPECIFIED.,.F.,.F.,
  (2,2),(0.,44.),.PIECEWISE_BEZIER_KNOTS.);
#256 = CARTESIAN_POINT('',(5.,0.));
#257 = CARTESIAN_POINT('',(5.,44.));
#258 = ( GEOMETRIC_REPRESENTATION_CONTEXT(2) 
PARAMETRIC_REPRESENTATION_CONTEXT() REPRESENTATION_CONTEXT('2D SPACE',''
  ) );
#259 = ORIENTED_EDGE('',*,*,#260,.T.);
#260 = EDGE_CURVE('',#241,#261,#263,.T.);
#261 = VERTEX_POINT('',#262);
#262 = CARTESIAN_POINT('',(-20.,74.715056627234,139.38989221983));
#263 = SURFACE_CURVE('',#264,(#267,#273),.PCURVE_S1.);
#264 = B_SPLINE_CURVE_WITH_KNOTS('',1,(#265,#266),.UNSPECIFIED.,.F.,.F.,
  (2,2),(0.,42.),.PIECEWISE_BEZIER_KNOTS.);
#265 = CARTESIAN_POINT('',(22.,74.715056627234,139.38989221983));
#266 = CARTESIAN_POINT('',(-20.,74.715056627234,139.38989221983));
#267 = PCURVE('',#42,#268);
#268 = DEFINITIONAL_REPRESENTATION('',(#269),#272);
#269 = B_SPLINE_CURVE_WITH_KNOTS('',1,(#270,#271),.UNSPECIFIED.,.F.,.F.,
  (2,2),(0.,42.),.PIECEWISE_BEZIER_KNOTS.);
#270 = CARTESIAN_POINT('',(44.,0.));
#271 = CARTESIAN_POINT('',(44.,42.));
#272 = ( GEOMETRIC_REPRESENTATION_CONTEXT(2) 
PARAMETRIC_REPRESENTATION_CONTEXT() REPRESENTATION_CONTEXT('2D SPACE',''
  ) );
#273 = PCURVE('',#274,#279);
#274 = B_SPLINE_SURFACE_WITH_KNOTS('',1,1,(
    (#275,#276)
    ,(#277,#278
    )),.UNSPECIFIED.,.F.,.F.,.F.,(2,2),(2,2),(0.,5.),(-42.,0.),
  .PIECEWISE_BEZIER_KNOTS.);
#275 = CARTESIAN_POINT('',(-20.,74.715056627234,134.38989221983));
#276 = CARTESIAN_POINT('',(22.,74.715056627234,134.38989221983));
#277 = CARTESIAN_POINT('',(-20.,74.715056627234,139.38989221983));
#278 = CARTESIAN_POINT('',(22.,74.715056627234,139.38989221983));
#279 = DEFINITIONAL_REPRESENTATION('',(#280),#283);
#280 = B_SPLINE_CURVE_WITH_KNOTS('',1,(#281,#282),.UNSPECIFIED.,.F.,.F.,
  (2,2),(0.,42.),.PIECEWISE_BEZIER_KNOTS.);
#281 = CARTESIAN_POINT('',(5.,0.));
#282 = CARTESIAN_POINT('',(5.,-42.));
#283 = ( GEOMETRIC_REPRESENTATION_CONTEXT(2) 
PARAMETRIC_REPRESENTATION_CONTEXT() REPRESENTATION_CONTEXT('2D SPACE',''
  ) );
#284 = ORIENTED_EDGE('',*,*,#285,.F.);
#285 = EDGE_CURVE('',#286,#261,#288,.T.);
#286 = VERTEX_POINT('',#287);
#287 = CARTESIAN_POINT('',(-20.,109.38597453105,139.38989221983));
#288 = SURFACE_CURVE('',#289,(#292,#298),.PCURVE_S1.);
#289 = B_SPLINE_CURVE_WITH_KNOTS('',1,(#290,#291),.UNSPECIFIED.,.F.,.F.,
  (2,2),(0.,44.),.PIECEWISE_BEZIER_KNOTS.);
#290 = CARTESIAN_POINT('',(-20.,118.71505662723,139.38989221983));
#291 = CARTESIAN_POINT('',(-20.,74.715056627234,139.38989221983));
#292 = PCURVE('',#42,#293);
#293 = DEFINITIONAL_REPRESENTATION('',(#294),#297);
#294 = B_SPLINE_CURVE_WITH_KNOTS('',1,(#295,#296),.UNSPECIFIED.,.F.,.F.,
  (2,2),(0.,44.),.PIECEWISE_BEZIER_KNOTS.);
#295 = CARTESIAN_POINT('',(0.,42.));
#296 = CARTESIAN_POINT('',(44.,42.));
#297 = ( GEOMETRIC_REPRESENTATION_CONTEXT(2) 
PARAMETRIC_REPRESENTATION_CONTEXT() REPRESENTATION_CONTEXT('2D SPACE',''
  ) );
#298 = PCURVE('',#299,#304);
#299 = B_SPLINE_SURFACE_WITH_KNOTS('',1,1,(
    (#300,#301)
    ,(#302,#303
  )),.UNSPECIFIED.,.F.,.F.,.F.,(2,2),(2,2),(0.,5.),(0.,44.),
  .PIECEWISE_BEZIER_KNOTS.);
#300 = CARTESIAN_POINT('',(-20.,118.71505662723,134.38989221983));
#301 = CARTESIAN_POINT('',(-20.,74.715056627234,134.38989221983));
#302 = CARTESIAN_POINT('',(-20.,118.71505662723,139.38989221983));
#303 = CARTESIAN_POINT('',(-20.,74.715056627234,139.38989221983));
#304 = DEFINITIONAL_REPRESENTATION('',(#305),#308);
#305 = B_SPLINE_CURVE_WITH_KNOTS('',1,(#306,#307),.UNSPECIFIED.,.F.,.F.,
  (2,2),(0.,44.),.PIECEWISE_BEZIER_KNOTS.);
#306 = CARTESIAN_POINT('',(5.,0.));
#307 = CARTESIAN_POINT('',(5.,44.));
#308 = ( GEOMETRIC_REPRESENTATION_CONTEXT(2) 
PARAMETRIC_REPRESENTATION_CONTEXT() REPRESENTATION_CONTEXT('2D SPACE',''
  ) );
#309 = ORIENTED_EDGE('',*,*,#310,.T.);
#310 = EDGE_CURVE('',#286,#311,#313,.T.);
#311 = VERTEX_POINT('',#312);
#312 = CARTESIAN_POINT('',(-16.85484063233,115.41865240846,
    139.38989221983));
#313 = SURFACE_CURVE('',#314,(#408,#505),.PCURVE_S1.);
#314 = B_SPLINE_CURVE_WITH_KNOTS('',8,(#315,#316,#317,#318,#319,#320,
    #321,#322,#323,#324,#325,#326,#327,#328,#329,#330,#331,#332,#333,
    #334,#335,#336,#337,#338,#339,#340,#341,#342,#343,#344,#345,#346,
    #347,#348,#349,#350,#351,#352,#353,#354,#355,#356,#357,#358,#359,
    #360,#361,#362,#363,#364,#365,#366,#367,#368,#369,#370,#371,#372,
    #373,#374,#375,#376,#377,#378,#379,#380,#381,#382,#383,#384,#385,
    #386,#387,#388,#389,#390,#391,#392,#393,#394,#395,#396,#397,#398,
    #399,#400,#401,#402,#403,#404,#405,#406,#407),.UNSPECIFIED.,.F.,.F.,
  (9,7,7,7,7,7,7,7,7,7,7,7,7,9),(0.,0.12884515083,0.172048404474,
    0.195487667614,0.210211256538,0.242502927612,0.281731433792,
    0.299997176193,0.331587468481,0.400314738976,0.516962183442,
    0.714773033325,0.819531626598,1.),.UNSPECIFIED.);
#315 = CARTESIAN_POINT('',(-20.,109.38597453105,139.38989221983));
#316 = CARTESIAN_POINT('',(-19.93879972983,109.21573943113,
    139.38989221983));
#317 = CARTESIAN_POINT('',(-19.86959973577,109.04891564257,
    139.38989221983));
#318 = CARTESIAN_POINT('',(-19.79163418217,108.88603637889,
    139.38989221983));
#319 = CARTESIAN_POINT('',(-19.70413180815,108.72810634918,
    139.38989221983));
#320 = CARTESIAN_POINT('',(-19.60636538652,108.57658087342,
    139.38989221983));
#321 = CARTESIAN_POINT('',(-19.49773670942,108.43331396661,
    139.38989221983));
#322 = CARTESIAN_POINT('',(-19.37783839378,108.30052752626,
    139.38989221983));
#323 = CARTESIAN_POINT('',(-19.20237233534,108.14072577423,
    139.38989221983));
#324 = CARTESIAN_POINT('',(-19.15704204218,108.10209494751,
    139.38989221983));
#325 = CARTESIAN_POINT('',(-19.11044820569,108.06506793978,
    139.38989221983));
#326 = CARTESIAN_POINT('',(-19.06260526,108.02975946091,139.38989221983)
  );
#327 = CARTESIAN_POINT('',(-19.01353825981,107.99628996921,
    139.38989221983));
#328 = CARTESIAN_POINT('',(-18.96328435244,107.96478337164,
    139.38989221983));
#329 = CARTESIAN_POINT('',(-18.9118942498,107.93536472406,
    139.38989221983));
#330 = CARTESIAN_POINT('',(-18.83097203335,107.89339730302,
    139.38989221983));
#331 = CARTESIAN_POINT('',(-18.80219561427,107.87928785586,
    139.38989221983));
#332 = CARTESIAN_POINT('',(-18.77311532474,107.86584945012,
    139.38989221983));
#333 = CARTESIAN_POINT('',(-18.74374335009,107.85310174792,
    139.38989221983));
#334 = CARTESIAN_POINT('',(-18.7140932487,107.84106402061,
    139.38989221983));
#335 = CARTESIAN_POINT('',(-18.68418002108,107.82975495608,
    139.38989221983));
#336 = CARTESIAN_POINT('',(-18.65402017914,107.81919246606,
    139.38989221983));
#337 = CARTESIAN_POINT('',(-18.6045430848,107.80323817861,
    139.38989221983));
#338 = CARTESIAN_POINT('',(-18.58536413869,107.79738409836,
    139.38989221983));
#339 = CARTESIAN_POINT('',(-18.56609945639,107.79183548833,
    139.38989221983));
#340 = CARTESIAN_POINT('',(-18.54675372161,107.78659637463,
    139.38989221983));
#341 = CARTESIAN_POINT('',(-18.52733182242,107.78167057387,
    139.38989221983));
#342 = CARTESIAN_POINT('',(-18.50783885117,107.77706169314,
    139.38989221983));
#343 = CARTESIAN_POINT('',(-18.48828010455,107.77277313003,
    139.38989221983));
#344 = CARTESIAN_POINT('',(-18.42563278551,107.76011193679,
    139.38989221983));
#345 = CARTESIAN_POINT('',(-18.38231268926,107.75297145615,
    139.38989221983));
#346 = CARTESIAN_POINT('',(-18.33876105687,107.7474203965,
    139.38989221983));
#347 = CARTESIAN_POINT('',(-18.2950403346,107.74348593605,
    139.38989221983));
#348 = CARTESIAN_POINT('',(-18.2512151073,107.74118813668,
    139.38989221983));
#349 = CARTESIAN_POINT('',(-18.20735205286,107.74053941522,
    139.38989221983));
#350 = CARTESIAN_POINT('',(-18.16351989666,107.74154401474,
    139.38989221983));
#351 = CARTESIAN_POINT('',(-18.06666472613,107.74742094821,
    139.38989221983));
#352 = CARTESIAN_POINT('',(-18.01368362322,107.75307824566,
    139.38989221983));
#353 = CARTESIAN_POINT('',(-17.96097463242,107.76116160261,
    139.38989221983));
#354 = CARTESIAN_POINT('',(-17.90865865924,107.77164484245,
    139.38989221983));
#355 = CARTESIAN_POINT('',(-17.85684905821,107.78448500339,
    139.38989221983));
#356 = CARTESIAN_POINT('',(-17.80565175152,107.7996239644,
    139.38989221983));
#357 = CARTESIAN_POINT('',(-17.75516534766,107.81699007122,
    139.38989221983));
#358 = CARTESIAN_POINT('',(-17.68234714586,107.84558394694,
    139.38989221983));
#359 = CARTESIAN_POINT('',(-17.65938599345,107.85513329768,
    139.38989221983));
#360 = CARTESIAN_POINT('',(-17.63660645386,107.86513951101,
    139.38989221983));
#361 = CARTESIAN_POINT('',(-17.61401661715,107.87559398594,
    139.38989221983));
#362 = CARTESIAN_POINT('',(-17.59162401247,107.88648782401,
    139.38989221983));
#363 = CARTESIAN_POINT('',(-17.56943560801,107.89781182928,
    139.38989221983));
#364 = CARTESIAN_POINT('',(-17.54745781107,107.90955650835,
    139.38989221983));
#365 = CARTESIAN_POINT('',(-17.48806059363,107.94273490912,
    139.38989221983));
#366 = CARTESIAN_POINT('',(-17.45107213763,107.96498698889,
    139.38989221983));
#367 = CARTESIAN_POINT('',(-17.41476124977,107.98841829853,
    139.38989221983));
#368 = CARTESIAN_POINT('',(-17.37915286694,108.01297769452,
    139.38989221983));
#369 = CARTESIAN_POINT('',(-17.34426713395,108.03861356018,
    139.38989221983));
#370 = CARTESIAN_POINT('',(-17.31011982432,108.06527446475,
    139.38989221983));
#371 = CARTESIAN_POINT('',(-17.27672276106,108.09290982262,
    139.38989221983));
#372 = CARTESIAN_POINT('',(-17.17307645372,108.18360676139,
    139.38989221983));
#373 = CARTESIAN_POINT('',(-17.10567348641,108.25011013083,
    139.38989221983));
#374 = CARTESIAN_POINT('',(-17.04193761317,108.3204885337,
    139.38989221983));
#375 = CARTESIAN_POINT('',(-16.9818716118,108.39427651075,
    139.38989221983));
#376 = CARTESIAN_POINT('',(-16.92543136135,108.47104604925,
    139.38989221983));
#377 = CARTESIAN_POINT('',(-16.87253690028,108.55041568323,
    139.38989221983));
#378 = CARTESIAN_POINT('',(-16.82308194193,108.63205791517,
    139.38989221983));
#379 = CARTESIAN_POINT('',(-16.69863051441,108.85767500796,
    139.38989221983));
#380 = CARTESIAN_POINT('',(-16.62993347276,109.0053018076,
    139.38989221983));
#381 = CARTESIAN_POINT('',(-16.57017551797,109.15733330094,
    139.38989221983));
#382 = CARTESIAN_POINT('',(-16.51872710491,109.31273673991,
    139.38989221983));
#383 = CARTESIAN_POINT('',(-16.47495982849,109.4706727085,
    139.38989221983));
#384 = CARTESIAN_POINT('',(-16.43825470114,109.63049416546,
    139.38989221983));
#385 = CARTESIAN_POINT('',(-16.40802828903,109.79175399097,
    139.38989221983));
#386 = CARTESIAN_POINT('',(-16.34255666392,110.22968828937,
    139.38989221983));
#387 = CARTESIAN_POINT('',(-16.31852470646,110.50811852849,
    139.38989221983));
#388 = CARTESIAN_POINT('',(-16.30894322093,110.78811785272,
    139.38989221983));
#389 = CARTESIAN_POINT('',(-16.31166922462,111.06868021664,
    139.38989221983));
#390 = CARTESIAN_POINT('',(-16.3247065452,111.34913446049,
    139.38989221983));
#391 = CARTESIAN_POINT('',(-16.3462637538,111.62914677627,
    139.38989221983));
#392 = CARTESIAN_POINT('',(-16.37468329354,111.90871081848,
    139.38989221983));
#393 = CARTESIAN_POINT('',(-16.42629748631,112.33614395711,
    139.38989221983));
#394 = CARTESIAN_POINT('',(-16.44565315184,112.48403671478,
    139.38989221983));
#395 = CARTESIAN_POINT('',(-16.46625986518,112.63184553517,
    139.38989221983));
#396 = CARTESIAN_POINT('',(-16.48788700746,112.77958883134,
    139.38989221983));
#397 = CARTESIAN_POINT('',(-16.51030713927,112.9272899706,
    139.38989221983));
#398 = CARTESIAN_POINT('',(-16.53329555901,113.0749772611,
    139.38989221983));
#399 = CARTESIAN_POINT('',(-16.55662986122,113.22268393831,
    139.38989221983));
#400 = CARTESIAN_POINT('',(-16.62050357265,113.62500261227,
    139.38989221983));
#401 = CARTESIAN_POINT('',(-16.66128744542,113.87970695425,
    139.38989221983));
#402 = CARTESIAN_POINT('',(-16.70131663847,114.13475961945,
    139.38989221983));
#403 = CARTESIAN_POINT('',(-16.73949152413,114.39031401746,
    139.38989221983));
#404 = CARTESIAN_POINT('',(-16.77473814506,114.64647766137,
    139.38989221983));
#405 = CARTESIAN_POINT('',(-16.80611122465,114.90329631153,
    139.38989221983));
#406 = CARTESIAN_POINT('',(-16.83292538995,115.16073307493,
    139.38989221983));
#407 = CARTESIAN_POINT('',(-16.85484063233,115.41865240846,
    139.38989221983));
#408 = PCURVE('',#42,#409);
#409 = DEFINITIONAL_REPRESENTATION('',(#410),#504);
#410 = B_SPLINE_CURVE_WITH_KNOTS('',8,(#411,#412,#413,#414,#415,#416,
    #417,#418,#419,#420,#421,#422,#423,#424,#425,#426,#427,#428,#429,
    #430,#431,#432,#433,#434,#435,#436,#437,#438,#439,#440,#441,#442,
    #443,#444,#445,#446,#447,#448,#449,#450,#451,#452,#453,#454,#455,
    #456,#457,#458,#459,#460,#461,#462,#463,#464,#465,#466,#467,#468,
    #469,#470,#471,#472,#473,#474,#475,#476,#477,#478,#479,#480,#481,
    #482,#483,#484,#485,#486,#487,#488,#489,#490,#491,#492,#493,#494,
    #495,#496,#497,#498,#499,#500,#501,#502,#503),.UNSPECIFIED.,.F.,.F.,
  (9,7,7,7,7,7,7,7,7,7,7,7,7,9),(0.,0.12884515083,0.172048404474,
    0.195487667614,0.210211256538,0.242502927612,0.281731433792,
    0.299997176193,0.331587468481,0.400314738976,0.516962183442,
    0.714773033325,0.819531626598,1.),.UNSPECIFIED.);
#411 = CARTESIAN_POINT('',(9.329082096183,42.));
#412 = CARTESIAN_POINT('',(9.499317196102,41.938799729837));
#413 = CARTESIAN_POINT('',(9.666140984662,41.869599735775));
#414 = CARTESIAN_POINT('',(9.829020248336,41.79163418217));
#415 = CARTESIAN_POINT('',(9.986950278051,41.70413180815));
#416 = CARTESIAN_POINT('',(10.138475753806,41.60636538652));
#417 = CARTESIAN_POINT('',(10.281742660618,41.49773670942));
#418 = CARTESIAN_POINT('',(10.414529100971,41.377838393783));
#419 = CARTESIAN_POINT('',(10.574330853002,41.202372335343));
#420 = CARTESIAN_POINT('',(10.612961679715,41.157042042185));
#421 = CARTESIAN_POINT('',(10.649988687448,41.110448205696));
#422 = CARTESIAN_POINT('',(10.68529716632,41.062605260001));
#423 = CARTESIAN_POINT('',(10.718766658021,41.013538259815));
#424 = CARTESIAN_POINT('',(10.750273255586,40.963284352448));
#425 = CARTESIAN_POINT('',(10.779691903169,40.911894249809));
#426 = CARTESIAN_POINT('',(10.821659324214,40.83097203335));
#427 = CARTESIAN_POINT('',(10.835768771371,40.802195614277));
#428 = CARTESIAN_POINT('',(10.849207177107,40.773115324741));
#429 = CARTESIAN_POINT('',(10.861954879305,40.743743350098));
#430 = CARTESIAN_POINT('',(10.873992606616,40.714093248701));
#431 = CARTESIAN_POINT('',(10.88530167115,40.684180021084));
#432 = CARTESIAN_POINT('',(10.895864161166,40.65402017914));
#433 = CARTESIAN_POINT('',(10.91181844862,40.604543084806));
#434 = CARTESIAN_POINT('',(10.91767252887,40.585364138698));
#435 = CARTESIAN_POINT('',(10.9232211389,40.566099456392));
#436 = CARTESIAN_POINT('',(10.928460252599,40.546753721618));
#437 = CARTESIAN_POINT('',(10.933386053362,40.527331822424));
#438 = CARTESIAN_POINT('',(10.937994934093,40.507838851173));
#439 = CARTESIAN_POINT('',(10.9422834972,40.488280104552));
#440 = CARTESIAN_POINT('',(10.954944690443,40.425632785515));
#441 = CARTESIAN_POINT('',(10.962085171083,40.382312689263));
#442 = CARTESIAN_POINT('',(10.967636230729,40.338761056876));
#443 = CARTESIAN_POINT('',(10.971570691178,40.295040334603));
#444 = CARTESIAN_POINT('',(10.973868490548,40.251215107302));
#445 = CARTESIAN_POINT('',(10.974517212005,40.207352052869));
#446 = CARTESIAN_POINT('',(10.973512612495,40.163519896664));
#447 = CARTESIAN_POINT('',(10.967635679016,40.066664726131));
#448 = CARTESIAN_POINT('',(10.961978381575,40.013683623226));
#449 = CARTESIAN_POINT('',(10.953895024622,39.960974632422));
#450 = CARTESIAN_POINT('',(10.943411784778,39.908658659246));
#451 = CARTESIAN_POINT('',(10.930571623845,39.856849058219));
#452 = CARTESIAN_POINT('',(10.915432662834,39.805651751523));
#453 = CARTESIAN_POINT('',(10.898066556006,39.755165347662));
#454 = CARTESIAN_POINT('',(10.869472680293,39.682347145864));
#455 = CARTESIAN_POINT('',(10.859923329554,39.65938599345));
#456 = CARTESIAN_POINT('',(10.84991711622,39.636606453863));
#457 = CARTESIAN_POINT('',(10.839462641287,39.614016617158));
#458 = CARTESIAN_POINT('',(10.828568803222,39.59162401247));
#459 = CARTESIAN_POINT('',(10.817244797954,39.569435608012));
#460 = CARTESIAN_POINT('',(10.80550011888,39.547457811079));
#461 = CARTESIAN_POINT('',(10.772321718112,39.488060593634));
#462 = CARTESIAN_POINT('',(10.75006963834,39.451072137637));
#463 = CARTESIAN_POINT('',(10.726638328703,39.414761249779));
#464 = CARTESIAN_POINT('',(10.702078932708,39.379152866945));
#465 = CARTESIAN_POINT('',(10.676443067054,39.344267133951));
#466 = CARTESIAN_POINT('',(10.64978216248,39.310119824322));
#467 = CARTESIAN_POINT('',(10.622146804612,39.276722761062));
#468 = CARTESIAN_POINT('',(10.531449865842,39.17307645372));
#469 = CARTESIAN_POINT('',(10.464946496399,39.105673486419));
#470 = CARTESIAN_POINT('',(10.394568093529,39.041937613172));
#471 = CARTESIAN_POINT('',(10.32078011648,38.981871611805));
#472 = CARTESIAN_POINT('',(10.244010577978,38.925431361352));
#473 = CARTESIAN_POINT('',(10.164640944003,38.872536900285));
#474 = CARTESIAN_POINT('',(10.082998712058,38.823081941939));
#475 = CARTESIAN_POINT('',(9.857381619269,38.698630514416));
#476 = CARTESIAN_POINT('',(9.709754819634,38.629933472764));
#477 = CARTESIAN_POINT('',(9.557723326294,38.57017551797));
#478 = CARTESIAN_POINT('',(9.402319887324,38.518727104917));
#479 = CARTESIAN_POINT('',(9.244383918731,38.47495982849));
#480 = CARTESIAN_POINT('',(9.084562461772,38.438254701141));
#481 = CARTESIAN_POINT('',(8.92330263626,38.408028289037));
#482 = CARTESIAN_POINT('',(8.485368337858,38.342556663923));
#483 = CARTESIAN_POINT('',(8.206938098738,38.318524706462));
#484 = CARTESIAN_POINT('',(7.926938774498,38.308943220928));
#485 = CARTESIAN_POINT('',(7.646376410607,38.311669224629));
#486 = CARTESIAN_POINT('',(7.365922166728,38.324706545201));
#487 = CARTESIAN_POINT('',(7.085909850965,38.346263753805));
#488 = CARTESIAN_POINT('',(6.806345808751,38.374683293541));
#489 = CARTESIAN_POINT('',(6.378912670119,38.426297486315));
#490 = CARTESIAN_POINT('',(6.231019912449,38.445653151841));
#491 = CARTESIAN_POINT('',(6.083211092055,38.466259865183));
#492 = CARTESIAN_POINT('',(5.935467795895,38.487887007462));
#493 = CARTESIAN_POINT('',(5.787766656635,38.510307139274));
#494 = CARTESIAN_POINT('',(5.640079366133,38.533295559016));
#495 = CARTESIAN_POINT('',(5.492372688916,38.556629861226));
#496 = CARTESIAN_POINT('',(5.090054014959,38.620503572655));
#497 = CARTESIAN_POINT('',(4.835349672983,38.661287445429));
#498 = CARTESIAN_POINT('',(4.580297007775,38.701316638479));
#499 = CARTESIAN_POINT('',(4.324742609774,38.739491524138));
#500 = CARTESIAN_POINT('',(4.068578965861,38.774738145062));
#501 = CARTESIAN_POINT('',(3.8117603157,38.806111224652));
#502 = CARTESIAN_POINT('',(3.554323552297,38.832925389956));
#503 = CARTESIAN_POINT('',(3.296404218769,38.854840632333));
#504 = ( GEOMETRIC_REPRESENTATION_CONTEXT(2) 
PARAMETRIC_REPRESENTATION_CONTEXT() REPRESENTATION_CONTEXT('2D SPACE',''
  ) );
#505 = PCURVE('',#506,#511);
#506 = TOROIDAL_SURFACE('',#507,10.,2.);
#507 = AXIS2_PLACEMENT_3D('',#508,#509,#510);
#508 = CARTESIAN_POINT('',(-18.59577687488,115.69729334629,
    130.41650415733));
#509 = DIRECTION('',(0.998223671906,5.957768748827E-02,
    -1.772370419572E-16));
#510 = DIRECTION('',(2.533065132706E-03,-4.244148580699E-02,
    0.999095743091));
#511 = DEFINITIONAL_REPRESENTATION('',(#512),#606);
#512 = B_SPLINE_CURVE_WITH_KNOTS('',8,(#513,#514,#515,#516,#517,#518,
    #519,#520,#521,#522,#523,#524,#525,#526,#527,#528,#529,#530,#531,
    #532,#533,#534,#535,#536,#537,#538,#539,#540,#541,#542,#543,#544,
    #545,#546,#547,#548,#549,#550,#551,#552,#553,#554,#555,#556,#557,
    #558,#559,#560,#561,#562,#563,#564,#565,#566,#567,#568,#569,#570,
    #571,#572,#573,#574,#575,#576,#577,#578,#579,#580,#581,#582,#583,
    #584,#585,#586,#587,#588,#589,#590,#591,#592,#593,#594,#595,#596,
    #597,#598,#599,#600,#601,#602,#603,#604,#605),.UNSPECIFIED.,.F.,.F.,
  (9,7,7,7,7,7,7,7,7,7,7,7,7,9),(0.,0.12884515083,0.172048404474,
    0.195487667614,0.210211256538,0.242502927612,0.281731433792,
    0.299997176193,0.331587468481,0.400314738976,0.516962183442,
    0.714773033325,0.819531626598,1.),.UNSPECIFIED.);
#513 = CARTESIAN_POINT('',(0.563323779025,5.188309683076));
#514 = CARTESIAN_POINT('',(0.576394552289,5.243912174998));
#515 = CARTESIAN_POINT('',(0.588974263077,5.301596457334));
#516 = CARTESIAN_POINT('',(0.601045257878,5.361594324877));
#517 = CARTESIAN_POINT('',(0.612558440058,5.424097890091));
#518 = CARTESIAN_POINT('',(0.623440532224,5.489274073858));
#519 = CARTESIAN_POINT('',(0.633601208349,5.557271467019));
#520 = CARTESIAN_POINT('',(0.642935878804,5.62824561078));
#521 = CARTESIAN_POINT('',(0.65413117359,5.727303197635));
#522 = CARTESIAN_POINT('',(0.656833956258,5.752524436803));
#523 = CARTESIAN_POINT('',(0.659423033975,5.778093864306));
#524 = CARTESIAN_POINT('',(0.661892749634,5.804010555717));
#525 = CARTESIAN_POINT('',(0.664237125808,5.83027091078));
#526 = CARTESIAN_POINT('',(0.666449976025,5.856868304762));
#527 = CARTESIAN_POINT('',(0.668525016045,5.883792739801));
#528 = CARTESIAN_POINT('',(0.671503587397,5.925807923579));
#529 = CARTESIAN_POINT('',(0.672508779422,5.940677398746));
#530 = CARTESIAN_POINT('',(0.673470541665,5.955636515521));
#531 = CARTESIAN_POINT('',(0.674387870671,5.970682543531));
#532 = CARTESIAN_POINT('',(0.675259778012,5.985812389669));
#533 = CARTESIAN_POINT('',(0.676085299222,6.00102255949));
#534 = CARTESIAN_POINT('',(0.676863502733,6.01630911862));
#535 = CARTESIAN_POINT('',(0.678052052564,6.04131525964));
#536 = CARTESIAN_POINT('',(0.678491586608,6.050991284986));
#537 = CARTESIAN_POINT('',(0.678911878742,6.060694642548));
#538 = CARTESIAN_POINT('',(0.679312716457,6.070424184767));
#539 = CARTESIAN_POINT('',(0.679693896933,6.080178704167));
#540 = CARTESIAN_POINT('',(0.680055227039,6.089956933357));
#541 = CARTESIAN_POINT('',(0.680396523334,6.09975754503));
#542 = CARTESIAN_POINT('',(0.681421821602,6.131119830808));
#543 = CARTESIAN_POINT('',(0.682028862671,6.152762430581));
#544 = CARTESIAN_POINT('',(0.68253688265,6.174491103701));
#545 = CARTESIAN_POINT('',(0.682944352117,6.196289805173));
#546 = CARTESIAN_POINT('',(0.683250089403,6.218142037075));
#547 = CARTESIAN_POINT('',(0.683453285145,6.240030593049));
#548 = CARTESIAN_POINT('',(0.683553526833,6.261937302789));
#549 = CARTESIAN_POINT('',(0.683547539151,6.310453942315));
#550 = CARTESIAN_POINT('',(0.683392323601,6.33706647014));
#551 = CARTESIAN_POINT('',(0.683085190426,6.363644769262));
#552 = CARTESIAN_POINT('',(0.682627076282,6.39015635552));
#553 = CARTESIAN_POINT('',(0.682019765695,6.416571193908));
#554 = CARTESIAN_POINT('',(0.681265815967,6.442861041134));
#555 = CARTESIAN_POINT('',(0.680368482101,6.468998788179));
#556 = CARTESIAN_POINT('',(0.678848863707,6.507044948693));
#557 = CARTESIAN_POINT('',(0.678335818548,6.519093862736));
#558 = CARTESIAN_POINT('',(0.677792890683,6.531102176163));
#559 = CARTESIAN_POINT('',(0.677220480741,6.54306766864));
#560 = CARTESIAN_POINT('',(0.676619005522,6.554988268323));
#561 = CARTESIAN_POINT('',(0.675988897997,6.566862051859));
#562 = CARTESIAN_POINT('',(0.67533060731,6.578687244384));
#563 = CARTESIAN_POINT('',(0.673458158623,6.610826839711));
#564 = CARTESIAN_POINT('',(0.672188799228,6.631041258551));
#565 = CARTESIAN_POINT('',(0.670838895682,6.651097134634));
#566 = CARTESIAN_POINT('',(0.669410891008,6.670987543567));
#567 = CARTESIAN_POINT('',(0.667907263146,6.690706850723));
#568 = CARTESIAN_POINT('',(0.666330491945,6.710250583978));
#569 = CARTESIAN_POINT('',(0.664683026154,6.729615306456));
#570 = CARTESIAN_POINT('',(0.659234439628,6.790533076018));
#571 = CARTESIAN_POINT('',(0.655179072241,6.83139988437));
#572 = CARTESIAN_POINT('',(0.650824934274,6.871385746707));
#573 = CARTESIAN_POINT('',(0.646194653839,6.910488767853));
#574 = CARTESIAN_POINT('',(0.641309293584,6.94871627138));
#575 = CARTESIAN_POINT('',(0.636187864324,6.986083775226));
#576 = CARTESIAN_POINT('',(0.630846759877,7.022614996607));
#577 = CARTESIAN_POINT('',(0.615883362768,7.118982090893));
#578 = CARTESIAN_POINT('',(0.605880489974,7.177256570505));
#579 = CARTESIAN_POINT('',(0.595351540644,7.233363890013));
#580 = CARTESIAN_POINT('',(0.584348420476,7.287440500766));
#581 = CARTESIAN_POINT('',(0.572915734018,7.339604090327));
#582 = CARTESIAN_POINT('',(0.56108971885,7.389969072157));
#583 = CARTESIAN_POINT('',(0.548895778296,7.438650417823));
#584 = CARTESIAN_POINT('',(0.515064386742,7.565678221753));
#585 = CARTESIAN_POINT('',(0.492796599122,7.640958478959));
#586 = CARTESIAN_POINT('',(0.469619996881,7.712191545033));
#587 = CARTESIAN_POINT('',(0.445604368905,7.779645810586));
#588 = CARTESIAN_POINT('',(0.420812816941,7.843503992869));
#589 = CARTESIAN_POINT('',(0.395295644718,7.90385959842));
#590 = CARTESIAN_POINT('',(0.369083973885,7.960755054844));
#591 = CARTESIAN_POINT('',(0.327937778708,8.042441771476));
#592 = CARTESIAN_POINT('',(0.313504748976,8.069732914399));
#593 = CARTESIAN_POINT('',(0.298889297413,8.096023051711));
#594 = CARTESIAN_POINT('',(0.284096316507,8.121294213739));
#595 = CARTESIAN_POINT('',(0.269130999172,8.145520932846));
#596 = CARTESIAN_POINT('',(0.253998810833,8.16867095175));
#597 = CARTESIAN_POINT('',(0.238705461515,8.190705931838));
#598 = CARTESIAN_POINT('',(0.19664349315,8.247545790722));
#599 = CARTESIAN_POINT('',(0.169571588432,8.280067852435));
#600 = CARTESIAN_POINT('',(0.142071205621,8.308925762504));
#601 = CARTESIAN_POINT('',(0.114183283096,8.333842365221));
#602 = CARTESIAN_POINT('',(8.596050391426E-02,8.354500985308));
#603 = CARTESIAN_POINT('',(5.746830694204E-02,8.370596620435));
#604 = CARTESIAN_POINT('',(2.878501074615E-02,8.381897236018));
#605 = CARTESIAN_POINT('',(0.,8.388289124066));
#606 = ( GEOMETRIC_REPRESENTATION_CONTEXT(2) 
PARAMETRIC_REPRESENTATION_CONTEXT() REPRESENTATION_CONTEXT('2D SPACE',''
  ) );
#607 = ORIENTED_EDGE('',*,*,#608,.T.);
#608 = EDGE_CURVE('',#311,#24,#609,.T.);
#609 = SURFACE_CURVE('',#610,(#627,#647),.PCURVE_S1.);
#610 = B_SPLINE_CURVE_WITH_KNOTS('',8,(#611,#612,#613,#614,#615,#616,
    #617,#618,#619,#620,#621,#622,#623,#624,#625,#626),.UNSPECIFIED.,.F.
  ,.F.,(9,7,9),(0.,0.23911609016,1.),.UNSPECIFIED.);
#611 = CARTESIAN_POINT('',(-16.85484063233,115.41865240846,
    139.38989221983));
#612 = CARTESIAN_POINT('',(-16.86321413918,115.5171997688,
    139.38989221983));
#613 = CARTESIAN_POINT('',(-16.87160343403,115.61574589408,
    139.38989221983));
#614 = CARTESIAN_POINT('',(-16.8800086065,115.71429074384,
    139.38989221983));
#615 = CARTESIAN_POINT('',(-16.88842975231,115.81283437372,
    139.38989221983));
#616 = CARTESIAN_POINT('',(-16.89686696151,115.91137669232,
    139.38989221983));
#617 = CARTESIAN_POINT('',(-16.90532033361,116.00991775622,
    139.38989221983));
#618 = CARTESIAN_POINT('',(-16.91378996454,116.10845752053,
    139.38989221983));
#619 = CARTESIAN_POINT('',(-16.94927896051,116.52055218486,
    139.38989221983));
#620 = CARTESIAN_POINT('',(-16.97644763265,116.83409521048,
    139.38989221983));
#621 = CARTESIAN_POINT('',(-17.00378513757,117.14762473549,
    139.38989221983));
#622 = CARTESIAN_POINT('',(-17.03129487353,117.46114040758,
    139.38989221983));
#623 = CARTESIAN_POINT('',(-17.05898047045,117.77464184891,
    139.38989221983));
#624 = CARTESIAN_POINT('',(-17.08684578987,118.08812865613,
    139.38989221983));
#625 = CARTESIAN_POINT('',(-17.11489492497,118.40160040036,
    139.38989221983));
#626 = CARTESIAN_POINT('',(-17.14313220058,118.71505662723,
    139.38989221983));
#627 = PCURVE('',#42,#628);
#628 = DEFINITIONAL_REPRESENTATION('',(#629),#646);
#629 = B_SPLINE_CURVE_WITH_KNOTS('',8,(#630,#631,#632,#633,#634,#635,
    #636,#637,#638,#639,#640,#641,#642,#643,#644,#645),.UNSPECIFIED.,.F.
  ,.F.,(9,7,9),(0.,0.23911609016,1.),.UNSPECIFIED.);
#630 = CARTESIAN_POINT('',(3.296404225041,38.854840737416));
#631 = CARTESIAN_POINT('',(3.197856864704,38.86321424427));
#632 = CARTESIAN_POINT('',(3.09931068766,38.871602671797));
#633 = CARTESIAN_POINT('',(3.000765969718,38.88001005291));
#634 = CARTESIAN_POINT('',(2.902222166628,38.88842829665));
#635 = CARTESIAN_POINT('',(2.803679983473,38.896867775105));
#636 = CARTESIAN_POINT('',(2.705138858535,38.905320124655));
#637 = CARTESIAN_POINT('',(2.606599106702,38.913789964545));
#638 = CARTESIAN_POINT('',(2.19450444237,38.949278960512));
#639 = CARTESIAN_POINT('',(1.880961416751,38.976447632657));
#640 = CARTESIAN_POINT('',(1.567431891737,39.003785137574));
#641 = CARTESIAN_POINT('',(1.253916219648,39.031294873536));
#642 = CARTESIAN_POINT('',(0.94041477832,39.058980470454));
#643 = CARTESIAN_POINT('',(0.626927971104,39.086845789872));
#644 = CARTESIAN_POINT('',(0.313456226869,39.114894924975));
#645 = CARTESIAN_POINT('',(0.,39.143132200582));
#646 = ( GEOMETRIC_REPRESENTATION_CONTEXT(2) 
PARAMETRIC_REPRESENTATION_CONTEXT() REPRESENTATION_CONTEXT('2D SPACE',''
  ) );
#647 = PCURVE('',#210,#648);
#648 = DEFINITIONAL_REPRESENTATION('',(#649),#666);
#649 = B_SPLINE_CURVE_WITH_KNOTS('',8,(#650,#651,#652,#653,#654,#655,
    #656,#657,#658,#659,#660,#661,#662,#663,#664,#665),.UNSPECIFIED.,.F.
  ,.F.,(9,7,9),(0.,0.23911609016,1.),.UNSPECIFIED.);
#650 = CARTESIAN_POINT('',(1.30686740144,97.804632031662));
#651 = CARTESIAN_POINT('',(1.304425150636,97.705850254545));
#652 = CARTESIAN_POINT('',(1.301978873604,97.607068769416));
#653 = CARTESIAN_POINT('',(1.299528525394,97.508287611289));
#654 = CARTESIAN_POINT('',(1.297074058894,97.40950671898));
#655 = CARTESIAN_POINT('',(1.29461542858,97.310726178291));
#656 = CARTESIAN_POINT('',(1.292152585726,97.211945926852));
#657 = CARTESIAN_POINT('',(1.289685482489,97.113166003746));
#658 = CARTESIAN_POINT('',(1.279349862502,96.700062891867));
#659 = CARTESIAN_POINT('',(1.271442005874,96.385742658363));
#660 = CARTESIAN_POINT('',(1.263488933736,96.071425839727));
#661 = CARTESIAN_POINT('',(1.255488975772,95.757112585055));
#662 = CARTESIAN_POINT('',(1.247440357185,95.442803055104));
#663 = CARTESIAN_POINT('',(1.239341198692,95.128497422293));
#664 = CARTESIAN_POINT('',(1.231189516526,94.814195870699));
#665 = CARTESIAN_POINT('',(1.222983222433,94.499898596059));
#666 = ( GEOMETRIC_REPRESENTATION_CONTEXT(2) 
PARAMETRIC_REPRESENTATION_CONTEXT() REPRESENTATION_CONTEXT('2D SPACE',''
  ) );
#667 = FACE_BOUND('',#668,.F.);
#668 = EDGE_LOOP('',(#669));
#669 = ORIENTED_EDGE('',*,*,#670,.F.);
#670 = EDGE_CURVE('',#671,#671,#673,.T.);
#671 = VERTEX_POINT('',#672);
#672 = CARTESIAN_POINT('',(12.,109.01505662723,139.38989221983));
#673 = SURFACE_CURVE('',#674,(#682,#693),.PCURVE_S1.);
#674 = ( BOUNDED_CURVE() B_SPLINE_CURVE(2,(#675,#676,#677,#678,#679,#680
,#681),.UNSPECIFIED.,.T.,.F.) B_SPLINE_CURVE_WITH_KNOTS((1,2,2,2,2,1),(
    -2.094395102393,0.,2.094395102393,4.188790204786,6.28318530718,
8.377580409573),.UNSPECIFIED.) CURVE() GEOMETRIC_REPRESENTATION_ITEM() 
RATIONAL_B_SPLINE_CURVE((1.,0.5,1.,0.5,1.,0.5,1.)) REPRESENTATION_ITEM(
  '') );
#675 = CARTESIAN_POINT('',(12.,109.01505662723,139.38989221983));
#676 = CARTESIAN_POINT('',(9.055513627133,109.01505662723,
    139.38989221983));
#677 = CARTESIAN_POINT('',(10.527756813566,111.56505662723,
    139.38989221983));
#678 = CARTESIAN_POINT('',(12.,114.11505662723,139.38989221983));
#679 = CARTESIAN_POINT('',(13.472243186434,111.56505662723,
    139.38989221983));
#680 = CARTESIAN_POINT('',(14.944486372867,109.01505662723,
    139.38989221983));
#681 = CARTESIAN_POINT('',(12.,109.01505662723,139.38989221983));
#682 = PCURVE('',#42,#683);
#683 = DEFINITIONAL_REPRESENTATION('',(#684),#692);
#684 = ( BOUNDED_CURVE() B_SPLINE_CURVE(2,(#685,#686,#687,#688,#689,#690
,#691),.UNSPECIFIED.,.T.,.F.) B_SPLINE_CURVE_WITH_KNOTS((3,2,2,3),(0.,
    2.094395102393,4.188790204786,6.28318530718),
.PIECEWISE_BEZIER_KNOTS.) CURVE() GEOMETRIC_REPRESENTATION_ITEM() 
RATIONAL_B_SPLINE_CURVE((1.,0.5,1.,0.5,1.,0.5,1.)) REPRESENTATION_ITEM(
  '') );
#685 = CARTESIAN_POINT('',(9.7,10.));
#686 = CARTESIAN_POINT('',(9.7,12.944486372867));
#687 = CARTESIAN_POINT('',(7.15,11.472243186434));
#688 = CARTESIAN_POINT('',(4.6,10.));
#689 = CARTESIAN_POINT('',(7.15,8.527756813566));
#690 = CARTESIAN_POINT('',(9.7,7.055513627133));
#691 = CARTESIAN_POINT('',(9.7,10.));
#692 = ( GEOMETRIC_REPRESENTATION_CONTEXT(2) 
PARAMETRIC_REPRESENTATION_CONTEXT() REPRESENTATION_CONTEXT('2D SPACE',''
  ) );
#693 = PCURVE('',#694,#709);
#694 = ( BOUNDED_SURFACE() B_SPLINE_SURFACE(2,1,(
    (#695,#696)
    ,(#697,#698)
    ,(#699,#700)
    ,(#701,#702)
    ,(#703,#704)
    ,(#705,#706)
,(#707,#708
    )),.UNSPECIFIED.,.T.,.F.,.F.) B_SPLINE_SURFACE_WITH_KNOTS((1,2,2,2,2
    ,1),(2,2),(-2.094395102393,0.,2.094395102393,4.188790204786,
    6.28318530718,8.377580409573),(9.999999999999E-02,5.1),
.UNSPECIFIED.) GEOMETRIC_REPRESENTATION_ITEM() RATIONAL_B_SPLINE_SURFACE
((
    (1.,1.)
    ,(0.5,0.5)
    ,(1.,1.)
    ,(0.5,0.5)
    ,(1.,1.)
    ,(0.5,0.5)
,(1.,1.))) REPRESENTATION_ITEM('') SURFACE() );
#695 = CARTESIAN_POINT('',(12.,109.01505662723,134.38989221983));
#696 = CARTESIAN_POINT('',(12.,109.01505662723,139.38989221983));
#697 = CARTESIAN_POINT('',(9.055513627133,109.01505662723,
    134.38989221983));
#698 = CARTESIAN_POINT('',(9.055513627133,109.01505662723,
    139.38989221983));
#699 = CARTESIAN_POINT('',(10.527756813566,111.56505662723,
    134.38989221983));
#700 = CARTESIAN_POINT('',(10.527756813566,111.56505662723,
    139.38989221983));
#701 = CARTESIAN_POINT('',(12.,114.11505662723,134.38989221983));
#702 = CARTESIAN_POINT('',(12.,114.11505662723,139.38989221983));
#703 = CARTESIAN_POINT('',(13.472243186434,111.56505662723,
    134.38989221983));
#704 = CARTESIAN_POINT('',(13.472243186434,111.56505662723,
    139.38989221983));
#705 = CARTESIAN_POINT('',(14.944486372867,109.01505662723,
    134.38989221983));
#706 = CARTESIAN_POINT('',(14.944486372867,109.01505662723,
    139.38989221983));
#707 = CARTESIAN_POINT('',(12.,109.01505662723,134.38989221983));
#708 = CARTESIAN_POINT('',(12.,109.01505662723,139.38989221983));
#709 = DEFINITIONAL_REPRESENTATION('',(#710),#718);
#710 = B_SPLINE_CURVE_WITH_KNOTS('',2,(#711,#712,#713,#714,#715,#716,
    #717),.UNSPECIFIED.,.F.,.F.,(3,2,2,3),(0.,2.094395102393,
    4.188790204786,6.28318530718),.PIECEWISE_BEZIER_KNOTS.);
#711 = CARTESIAN_POINT('',(0.,5.1));
#712 = CARTESIAN_POINT('',(1.047197551197,5.1));
#713 = CARTESIAN_POINT('',(2.094395102393,5.1));
#714 = CARTESIAN_POINT('',(3.14159265359,5.1));
#715 = CARTESIAN_POINT('',(4.188790204786,5.1));
#716 = CARTESIAN_POINT('',(5.235987755983,5.1));
#717 = CARTESIAN_POINT('',(6.28318530718,5.1));
#718 = ( GEOMETRIC_REPRESENTATION_CONTEXT(2) 
PARAMETRIC_REPRESENTATION_CONTEXT() REPRESENTATION_CONTEXT('2D SPACE',''
  ) );
#719 = FACE_BOUND('',#720,.F.);
#720 = EDGE_LOOP('',(#721));
#721 = ORIENTED_EDGE('',*,*,#722,.F.);
#722 = EDGE_CURVE('',#723,#723,#725,.T.);
#723 = VERTEX_POINT('',#724);
#724 = CARTESIAN_POINT('',(12.,81.015056627234,139.38989221983));
#725 = SURFACE_CURVE('',#726,(#734,#745),.PCURVE_S1.);
#726 = ( BOUNDED_CURVE() B_SPLINE_CURVE(2,(#727,#728,#729,#730,#731,#732
,#733),.UNSPECIFIED.,.T.,.F.) B_SPLINE_CURVE_WITH_KNOTS((1,2,2,2,2,1),(
    -2.094395102393,0.,2.094395102393,4.188790204786,6.28318530718,
8.377580409573),.UNSPECIFIED.) CURVE() GEOMETRIC_REPRESENTATION_ITEM() 
RATIONAL_B_SPLINE_CURVE((1.,0.5,1.,0.5,1.,0.5,1.)) REPRESENTATION_ITEM(
  '') );
#727 = CARTESIAN_POINT('',(12.,81.015056627234,139.38989221983));
#728 = CARTESIAN_POINT('',(9.055513627133,81.015056627234,
    139.38989221983));
#729 = CARTESIAN_POINT('',(10.527756813566,83.565056627234,
    139.38989221983));
#730 = CARTESIAN_POINT('',(12.,86.115056627234,139.38989221983));
#731 = CARTESIAN_POINT('',(13.472243186434,83.565056627234,
    139.38989221983));
#732 = CARTESIAN_POINT('',(14.944486372867,81.015056627234,
    139.38989221983));
#733 = CARTESIAN_POINT('',(12.,81.015056627234,139.38989221983));
#734 = PCURVE('',#42,#735);
#735 = DEFINITIONAL_REPRESENTATION('',(#736),#744);
#736 = ( BOUNDED_CURVE() B_SPLINE_CURVE(2,(#737,#738,#739,#740,#741,#742
,#743),.UNSPECIFIED.,.T.,.F.) B_SPLINE_CURVE_WITH_KNOTS((3,2,2,3),(0.,
    2.094395102393,4.188790204786,6.28318530718),
.PIECEWISE_BEZIER_KNOTS.) CURVE() GEOMETRIC_REPRESENTATION_ITEM() 
RATIONAL_B_SPLINE_CURVE((1.,0.5,1.,0.5,1.,0.5,1.)) REPRESENTATION_ITEM(
  '') );
#737 = CARTESIAN_POINT('',(37.7,10.));
#738 = CARTESIAN_POINT('',(37.7,12.944486372867));
#739 = CARTESIAN_POINT('',(35.15,11.472243186434));
#740 = CARTESIAN_POINT('',(32.6,10.));
#741 = CARTESIAN_POINT('',(35.15,8.527756813566));
#742 = CARTESIAN_POINT('',(37.7,7.055513627133));
#743 = CARTESIAN_POINT('',(37.7,10.));
#744 = ( GEOMETRIC_REPRESENTATION_CONTEXT(2) 
PARAMETRIC_REPRESENTATION_CONTEXT() REPRESENTATION_CONTEXT('2D SPACE',''
  ) );
#745 = PCURVE('',#746,#761);
#746 = ( BOUNDED_SURFACE() B_SPLINE_SURFACE(2,1,(
    (#747,#748)
    ,(#749,#750)
    ,(#751,#752)
    ,(#753,#754)
    ,(#755,#756)
    ,(#757,#758)
,(#759,#760
    )),.UNSPECIFIED.,.T.,.F.,.F.) B_SPLINE_SURFACE_WITH_KNOTS((1,2,2,2,2
    ,1),(2,2),(-2.094395102393,0.,2.094395102393,4.188790204786,
    6.28318530718,8.377580409573),(9.999999999999E-02,5.1),
.UNSPECIFIED.) GEOMETRIC_REPRESENTATION_ITEM() RATIONAL_B_SPLINE_SURFACE
((
    (1.,1.)
    ,(0.5,0.5)
    ,(1.,1.)
    ,(0.5,0.5)
    ,(1.,1.)
    ,(0.5,0.5)
,(1.,1.))) REPRESENTATION_ITEM('') SURFACE() );
#747 = CARTESIAN_POINT('',(12.,81.015056627234,134.38989221983));
#748 = CARTESIAN_POINT('',(12.,81.015056627234,139.38989221983));
#749 = CARTESIAN_POINT('',(9.055513627133,81.015056627234,
    134.38989221983));
#750 = CARTESIAN_POINT('',(9.055513627133,81.015056627234,
    139.38989221983));
#751 = CARTESIAN_POINT('',(10.527756813566,83.565056627234,
    134.38989221983));
#752 = CARTESIAN_POINT('',(10.527756813566,83.565056627234,
    139.38989221983));
#753 = CARTESIAN_POINT('',(12.,86.115056627234,134.38989221983));
#754 = CARTESIAN_POINT('',(12.,86.115056627234,139.38989221983));
#755 = CARTESIAN_POINT('',(13.472243186434,83.565056627234,
    134.38989221983));
#756 = CARTESIAN_POINT('',(13.472243186434,83.565056627234,
    139.38989221983));
#757 = CARTESIAN_POINT('',(14.944486372867,81.015056627234,
    134.38989221983));
#758 = CARTESIAN_POINT('',(14.944486372867,81.015056627234,
    139.38989221983));
#759 = CARTESIAN_POINT('',(12.,81.015056627234,134.38989221983));
#760 = CARTESIAN_POINT('',(12.,81.015056627234,139.38989221983));
#761 = DEFINITIONAL_REPRESENTATION('',(#762),#770);
#762 = B_SPLINE_CURVE_WITH_KNOTS('',2,(#763,#764,#765,#766,#767,#768,
    #769),.UNSPECIFIED.,.F.,.F.,(3,2,2,3),(0.,2.094395102393,
    4.188790204786,6.28318530718),.PIECEWISE_BEZIER_KNOTS.);
#763 = CARTESIAN_POINT('',(0.,5.1));
#764 = CARTESIAN_POINT('',(1.047197551197,5.1));
#765 = CARTESIAN_POINT('',(2.094395102393,5.1));
#766 = CARTESIAN_POINT('',(3.14159265359,5.1));
#767 = CARTESIAN_POINT('',(4.188790204786,5.1));
#768 = CARTESIAN_POINT('',(5.235987755983,5.1));
#769 = CARTESIAN_POINT('',(6.28318530718,5.1));
#770 = ( GEOMETRIC_REPRESENTATION_CONTEXT(2) 
PARAMETRIC_REPRESENTATION_CONTEXT() REPRESENTATION_CONTEXT('2D SPACE',''
  ) );
#771 = ADVANCED_FACE('',(#772),#210,.F.);
#772 = FACE_BOUND('',#773,.F.);
#773 = EDGE_LOOP('',(#774,#796,#797,#798));
#774 = ORIENTED_EDGE('',*,*,#775,.F.);
#775 = EDGE_CURVE('',#129,#776,#778,.T.);
#776 = VERTEX_POINT('',#777);
#777 = CARTESIAN_POINT('',(-19.10857193383,115.32285169305,
    138.48186469411));
#778 = SURFACE_CURVE('',#779,(#783,#790),.PCURVE_S1.);
#779 = LINE('',#780,#781);
#780 = CARTESIAN_POINT('',(-24.9302766546,212.86546719429,
    142.64022520894));
#781 = VECTOR('',#782,1.);
#782 = DIRECTION('',(5.952381395277E-02,-0.997321021254,
    -4.251700996627E-02));
#783 = PCURVE('',#210,#784);
#784 = DEFINITIONAL_REPRESENTATION('',(#785),#789);
#785 = LINE('',#786,#787);
#786 = CARTESIAN_POINT('',(0.,0.));
#787 = VECTOR('',#788,1.);
#788 = DIRECTION('',(0.,1.));
#789 = ( GEOMETRIC_REPRESENTATION_CONTEXT(2) 
PARAMETRIC_REPRESENTATION_CONTEXT() REPRESENTATION_CONTEXT('2D SPACE',''
  ) );
#790 = PCURVE('',#152,#791);
#791 = DEFINITIONAL_REPRESENTATION('',(#792),#795);
#792 = B_SPLINE_CURVE_WITH_KNOTS('',1,(#793,#794),.UNSPECIFIED.,.F.,.F.,
  (2,2),(0.,97.804632031662),.PIECEWISE_BEZIER_KNOTS.);
#793 = CARTESIAN_POINT('',(6.28318530718,0.));
#794 = CARTESIAN_POINT('',(6.28318530718,97.804632031662));
#795 = ( GEOMETRIC_REPRESENTATION_CONTEXT(2) 
PARAMETRIC_REPRESENTATION_CONTEXT() REPRESENTATION_CONTEXT('2D SPACE',''
  ) );
#796 = ORIENTED_EDGE('',*,*,#168,.T.);
#797 = ORIENTED_EDGE('',*,*,#608,.F.);
#798 = ORIENTED_EDGE('',*,*,#799,.F.);
#799 = EDGE_CURVE('',#776,#311,#800,.T.);
#800 = SURFACE_CURVE('',#801,(#806,#813),.PCURVE_S1.);
#801 = CIRCLE('',#802,2.);
#802 = AXIS2_PLACEMENT_3D('',#803,#804,#805);
#803 = CARTESIAN_POINT('',(-18.57044622355,115.27287848822,
    140.40746158825));
#804 = DIRECTION('',(5.952381395277E-02,-0.997321021254,
    -4.251700996627E-02));
#805 = DIRECTION('',(-0.269062855141,2.498660241544E-02,-0.962798447071)
  );
#806 = PCURVE('',#210,#807);
#807 = DEFINITIONAL_REPRESENTATION('',(#808),#812);
#808 = LINE('',#809,#810);
#809 = CARTESIAN_POINT('',(0.,97.804632031662));
#810 = VECTOR('',#811,1.);
#811 = DIRECTION('',(1.,0.));
#812 = ( GEOMETRIC_REPRESENTATION_CONTEXT(2) 
PARAMETRIC_REPRESENTATION_CONTEXT() REPRESENTATION_CONTEXT('2D SPACE',''
  ) );
#813 = PCURVE('',#506,#814);
#814 = DEFINITIONAL_REPRESENTATION('',(#815),#818);
#815 = B_SPLINE_CURVE_WITH_KNOTS('',1,(#816,#817),.UNSPECIFIED.,.F.,.F.,
  (2,2),(0.,6.28318530718),.PIECEWISE_BEZIER_KNOTS.);
#816 = CARTESIAN_POINT('',(0.,9.695156525505));
#817 = CARTESIAN_POINT('',(0.,3.411971218326));
#818 = ( GEOMETRIC_REPRESENTATION_CONTEXT(2) 
PARAMETRIC_REPRESENTATION_CONTEXT() REPRESENTATION_CONTEXT('2D SPACE',''
  ) );
#819 = ADVANCED_FACE('',(#820),#152,.F.);
#820 = FACE_BOUND('',#821,.F.);
#821 = EDGE_LOOP('',(#822,#823,#824,#852));
#822 = ORIENTED_EDGE('',*,*,#128,.T.);
#823 = ORIENTED_EDGE('',*,*,#775,.T.);
#824 = ORIENTED_EDGE('',*,*,#825,.F.);
#825 = EDGE_CURVE('',#826,#776,#828,.T.);
#826 = VERTEX_POINT('',#827);
#827 = CARTESIAN_POINT('',(-20.,115.24717585623,139.00899264867));
#828 = SURFACE_CURVE('',#829,(#834,#841),.PCURVE_S1.);
#829 = CIRCLE('',#830,2.);
#830 = AXIS2_PLACEMENT_3D('',#831,#832,#833);
#831 = CARTESIAN_POINT('',(-18.57044622355,115.27287848822,
    140.40746158825));
#832 = DIRECTION('',(5.952381395277E-02,-0.997321021254,
    -4.251700996627E-02));
#833 = DIRECTION('',(-0.269062855141,2.498660241544E-02,-0.962798447071)
  );
#834 = PCURVE('',#152,#835);
#835 = DEFINITIONAL_REPRESENTATION('',(#836),#840);
#836 = LINE('',#837,#838);
#837 = CARTESIAN_POINT('',(0.,97.804632031662));
#838 = VECTOR('',#839,1.);
#839 = DIRECTION('',(1.,0.));
#840 = ( GEOMETRIC_REPRESENTATION_CONTEXT(2) 
PARAMETRIC_REPRESENTATION_CONTEXT() REPRESENTATION_CONTEXT('2D SPACE',''
  ) );
#841 = PCURVE('',#842,#847);
#842 = TOROIDAL_SURFACE('',#843,10.,2.);
#843 = AXIS2_PLACEMENT_3D('',#844,#845,#846);
#844 = CARTESIAN_POINT('',(-18.59577687488,115.69729334629,
    130.41650415733));
#845 = DIRECTION('',(0.998223671906,5.957768748827E-02,
    -1.772370419572E-16));
#846 = DIRECTION('',(2.533065132706E-03,-4.244148580699E-02,
    0.999095743091));
#847 = DEFINITIONAL_REPRESENTATION('',(#848),#851);
#848 = B_SPLINE_CURVE_WITH_KNOTS('',1,(#849,#850),.UNSPECIFIED.,.F.,.F.,
  (2,2),(0.,6.28318530718),.PIECEWISE_BEZIER_KNOTS.);
#849 = CARTESIAN_POINT('',(0.,9.695156525505));
#850 = CARTESIAN_POINT('',(0.,3.411971218326));
#851 = ( GEOMETRIC_REPRESENTATION_CONTEXT(2) 
PARAMETRIC_REPRESENTATION_CONTEXT() REPRESENTATION_CONTEXT('2D SPACE',''
  ) );
#852 = ORIENTED_EDGE('',*,*,#853,.F.);
#853 = EDGE_CURVE('',#104,#826,#854,.T.);
#854 = SURFACE_CURVE('',#855,(#862,#872),.PCURVE_S1.);
#855 = B_SPLINE_CURVE_WITH_KNOTS('',5,(#856,#857,#858,#859,#860,#861),
  .UNSPECIFIED.,.F.,.F.,(6,6),(0.,1.),.PIECEWISE_BEZIER_KNOTS.);
#856 = CARTESIAN_POINT('',(-20.,118.71505662723,138.97256688166));
#857 = CARTESIAN_POINT('',(-20.,118.02150136375,138.97502309757));
#858 = CARTESIAN_POINT('',(-20.,117.32792952842,138.97963152045));
#859 = CARTESIAN_POINT('',(-20.,116.63434471216,138.98661287275));
#860 = CARTESIAN_POINT('',(-20.,115.94075555088,138.99624526248));
#861 = CARTESIAN_POINT('',(-20.,115.24717585623,139.00899264867));
#862 = PCURVE('',#152,#863);
#863 = DEFINITIONAL_REPRESENTATION('',(#864),#871);
#864 = B_SPLINE_CURVE_WITH_KNOTS('',5,(#865,#866,#867,#868,#869,#870),
  .UNSPECIFIED.,.F.,.F.,(6,6),(0.,1.),.PIECEWISE_BEZIER_KNOTS.);
#865 = CARTESIAN_POINT('',(5.896280214367,94.347590354242));
#866 = CARTESIAN_POINT('',(5.870182714966,95.039183166958));
#867 = CARTESIAN_POINT('',(5.843427846186,95.730701001716));
#868 = CARTESIAN_POINT('',(5.815910683987,96.422130892769));
#869 = CARTESIAN_POINT('',(5.787500502628,97.113452403022));
#870 = CARTESIAN_POINT('',(5.757979283002,97.804632031662));
#871 = ( GEOMETRIC_REPRESENTATION_CONTEXT(2) 
PARAMETRIC_REPRESENTATION_CONTEXT() REPRESENTATION_CONTEXT('2D SPACE',''
  ) );
#872 = PCURVE('',#117,#873);
#873 = DEFINITIONAL_REPRESENTATION('',(#874),#881);
#874 = B_SPLINE_CURVE_WITH_KNOTS('',5,(#875,#876,#877,#878,#879,#880),
  .UNSPECIFIED.,.F.,.F.,(6,6),(0.,1.),.PIECEWISE_BEZIER_KNOTS.);
#875 = CARTESIAN_POINT('',(4.582674661826,0.));
#876 = CARTESIAN_POINT('',(4.585130877738,0.693555263483));
#877 = CARTESIAN_POINT('',(4.589739300621,1.387127098808));
#878 = CARTESIAN_POINT('',(4.596720652915,2.080711915066));
#879 = CARTESIAN_POINT('',(4.60635304265,2.774301076351));
#880 = CARTESIAN_POINT('',(4.619100428839,3.467880770997));
#881 = ( GEOMETRIC_REPRESENTATION_CONTEXT(2) 
PARAMETRIC_REPRESENTATION_CONTEXT() REPRESENTATION_CONTEXT('2D SPACE',''
  ) );
#882 = ADVANCED_FACE('',(#883),#117,.F.);
#883 = FACE_BOUND('',#884,.F.);
#884 = EDGE_LOOP('',(#885,#905,#906,#907));
#885 = ORIENTED_EDGE('',*,*,#886,.F.);
#886 = EDGE_CURVE('',#79,#887,#889,.T.);
#887 = VERTEX_POINT('',#888);
#888 = CARTESIAN_POINT('',(-20.,107.04584596232,134.38989221983));
#889 = SURFACE_CURVE('',#890,(#893,#899),.PCURVE_S1.);
#890 = B_SPLINE_CURVE_WITH_KNOTS('',1,(#891,#892),.UNSPECIFIED.,.F.,.F.,
  (2,2),(0.,44.),.PIECEWISE_BEZIER_KNOTS.);
#891 = CARTESIAN_POINT('',(-20.,118.71505662723,134.38989221983));
#892 = CARTESIAN_POINT('',(-20.,74.715056627234,134.38989221983));
#893 = PCURVE('',#117,#894);
#894 = DEFINITIONAL_REPRESENTATION('',(#895),#898);
#895 = B_SPLINE_CURVE_WITH_KNOTS('',1,(#896,#897),.UNSPECIFIED.,.F.,.F.,
  (2,2),(0.,44.),.PIECEWISE_BEZIER_KNOTS.);
#896 = CARTESIAN_POINT('',(0.,0.));
#897 = CARTESIAN_POINT('',(0.,44.));
#898 = ( GEOMETRIC_REPRESENTATION_CONTEXT(2) 
PARAMETRIC_REPRESENTATION_CONTEXT() REPRESENTATION_CONTEXT('2D SPACE',''
  ) );
#899 = PCURVE('',#92,#900);
#900 = DEFINITIONAL_REPRESENTATION('',(#901),#904);
#901 = B_SPLINE_CURVE_WITH_KNOTS('',1,(#902,#903),.UNSPECIFIED.,.F.,.F.,
  (2,2),(0.,44.),.PIECEWISE_BEZIER_KNOTS.);
#902 = CARTESIAN_POINT('',(0.,42.));
#903 = CARTESIAN_POINT('',(44.,42.));
#904 = ( GEOMETRIC_REPRESENTATION_CONTEXT(2) 
PARAMETRIC_REPRESENTATION_CONTEXT() REPRESENTATION_CONTEXT('2D SPACE',''
  ) );
#905 = ORIENTED_EDGE('',*,*,#103,.T.);
#906 = ORIENTED_EDGE('',*,*,#853,.T.);
#907 = ORIENTED_EDGE('',*,*,#908,.T.);
#908 = EDGE_CURVE('',#826,#887,#909,.T.);
#909 = SURFACE_CURVE('',#910,(#937,#967),.PCURVE_S1.);
#910 = B_SPLINE_CURVE_WITH_KNOTS('',5,(#911,#912,#913,#914,#915,#916,
    #917,#918,#919,#920,#921,#922,#923,#924,#925,#926,#927,#928,#929,
    #930,#931,#932,#933,#934,#935,#936),.UNSPECIFIED.,.F.,.F.,(6,4,4,4,4
    ,4,6),(0.,0.240184325577,0.468235000438,0.613048690663,0.73207120239
    ,0.83738857038,1.),.UNSPECIFIED.);
#911 = CARTESIAN_POINT('',(-20.,115.24717585623,139.00899264867));
#912 = CARTESIAN_POINT('',(-20.,114.7736961297,139.01769479058));
#913 = CARTESIAN_POINT('',(-20.,114.29964030866,138.99547129637));
#914 = CARTESIAN_POINT('',(-20.,113.82772030284,138.94245469309));
#915 = CARTESIAN_POINT('',(-20.,113.36054294195,138.85912559726));
#916 = CARTESIAN_POINT('',(-20.,112.46391131378,138.63912695017));
#917 = CARTESIAN_POINT('',(-20.,112.03373406824,138.50536245679));
#918 = CARTESIAN_POINT('',(-20.,111.61221538912,138.34566072197));
#919 = CARTESIAN_POINT('',(-20.,111.20134868968,138.16093806094));
#920 = CARTESIAN_POINT('',(-20.,110.55002913892,137.81985281036));
#921 = CARTESIAN_POINT('',(-20.,110.30211015393,137.67774671394));
#922 = CARTESIAN_POINT('',(-20.,110.05970579296,137.52629466263));
#923 = CARTESIAN_POINT('',(-20.,109.82326078209,137.36581585024));
#924 = CARTESIAN_POINT('',(-20.,109.4040974238,137.05763025554));
#925 = CARTESIAN_POINT('',(-20.,109.21930996254,136.91273868677));
#926 = CARTESIAN_POINT('',(-20.,109.03906013811,136.76217889014));
#927 = CARTESIAN_POINT('',(-20.,108.8635646689,136.60615632767));
#928 = CARTESIAN_POINT('',(-20.,108.54212446618,136.30218953082));
#929 = CARTESIAN_POINT('',(-20.,108.39510380831,136.15538360929));
#930 = CARTESIAN_POINT('',(-20.,108.25210424303,136.00462068165));
#931 = CARTESIAN_POINT('',(-20.,108.11325669019,135.85005705778));
#932 = CARTESIAN_POINT('',(-20.,107.77089888572,135.44758896394));
#933 = CARTESIAN_POINT('',(-20.,107.57330294552,135.1946482478));
#934 = CARTESIAN_POINT('',(-20.,107.38634292418,134.93363123425));
#935 = CARTESIAN_POINT('',(-20.,107.21041147723,134.66516237574));
#936 = CARTESIAN_POINT('',(-20.,107.04584596232,134.38989221983));
#937 = PCURVE('',#117,#938);
#938 = DEFINITIONAL_REPRESENTATION('',(#939),#966);
#939 = B_SPLINE_CURVE_WITH_KNOTS('',5,(#940,#941,#942,#943,#944,#945,
    #946,#947,#948,#949,#950,#951,#952,#953,#954,#955,#956,#957,#958,
    #959,#960,#961,#962,#963,#964,#965),.UNSPECIFIED.,.F.,.F.,(6,4,4,4,4
    ,4,6),(0.,0.240184325577,0.468235000438,0.613048690663,0.73207120239
    ,0.83738857038,1.),.UNSPECIFIED.);
#940 = CARTESIAN_POINT('',(4.61910042884,3.467880770997));
#941 = CARTESIAN_POINT('',(4.627802570748,3.941360497533));
#942 = CARTESIAN_POINT('',(4.605579076543,4.415416318568));
#943 = CARTESIAN_POINT('',(4.552562473259,4.887336324388));
#944 = CARTESIAN_POINT('',(4.469233377425,5.354513685285));
#945 = CARTESIAN_POINT('',(4.24923473034,6.251145313448));
#946 = CARTESIAN_POINT('',(4.115470236957,6.681322558989));
#947 = CARTESIAN_POINT('',(3.95576850214,7.102841238109));
#948 = CARTESIAN_POINT('',(3.771045841106,7.51370793755));
#949 = CARTESIAN_POINT('',(3.42996059053,8.165027488309));
#950 = CARTESIAN_POINT('',(3.287854494111,8.412946473304));
#951 = CARTESIAN_POINT('',(3.136402442797,8.655350834268));
#952 = CARTESIAN_POINT('',(2.975923630405,8.891795845141));
#953 = CARTESIAN_POINT('',(2.667738035711,9.310959203426));
#954 = CARTESIAN_POINT('',(2.522846466941,9.495746664686));
#955 = CARTESIAN_POINT('',(2.372286670305,9.675996489124));
#956 = CARTESIAN_POINT('',(2.216264107837,9.851491958326));
#957 = CARTESIAN_POINT('',(1.912297310989,10.172932161047));
#958 = CARTESIAN_POINT('',(1.765491389456,10.319952818918));
#959 = CARTESIAN_POINT('',(1.614728461814,10.462952384203));
#960 = CARTESIAN_POINT('',(1.460164837952,10.601799937044));
#961 = CARTESIAN_POINT('',(1.057696744106,10.944157741507));
#962 = CARTESIAN_POINT('',(0.804756027968,11.141753681714));
#963 = CARTESIAN_POINT('',(0.543739014414,11.328713703048));
#964 = CARTESIAN_POINT('',(0.275270155906,11.504645150002));
#965 = CARTESIAN_POINT('',(0.,11.669210664914));
#966 = ( GEOMETRIC_REPRESENTATION_CONTEXT(2) 
PARAMETRIC_REPRESENTATION_CONTEXT() REPRESENTATION_CONTEXT('2D SPACE',''
  ) );
#967 = PCURVE('',#842,#968);
#968 = DEFINITIONAL_REPRESENTATION('',(#969),#996);
#969 = B_SPLINE_CURVE_WITH_KNOTS('',5,(#970,#971,#972,#973,#974,#975,
    #976,#977,#978,#979,#980,#981,#982,#983,#984,#985,#986,#987,#988,
    #989,#990,#991,#992,#993,#994,#995),.UNSPECIFIED.,.F.,.F.,(6,4,4,4,4
    ,4,6),(0.,0.240184325577,0.468235000438,0.613048690663,0.73207120239
    ,0.83738857038,1.),.UNSPECIFIED.);
#970 = CARTESIAN_POINT('',(0.,3.937177242503));
#971 = CARTESIAN_POINT('',(5.486357416503E-02,3.95733022435));
#972 = CARTESIAN_POINT('',(0.109487689789,3.978025862752));
#973 = CARTESIAN_POINT('',(0.163857942326,3.999221537582));
#974 = CARTESIAN_POINT('',(0.217965346338,4.020878190161));
#975 = CARTESIAN_POINT('',(0.322910327283,4.063920694415));
#976 = CARTESIAN_POINT('',(0.373776126763,4.085265414342));
#977 = CARTESIAN_POINT('',(0.424384919791,4.106958322854));
#978 = CARTESIAN_POINT('',(0.474730879332,4.128969574561));
#979 = CARTESIAN_POINT('',(0.556604435003,4.165430408421));
#980 = CARTESIAN_POINT('',(0.588293730025,4.179707700937));
#981 = CARTESIAN_POINT('',(0.619872508743,4.194094179866));
#982 = CARTESIAN_POINT('',(0.651339357997,4.208582730305));
#983 = CARTESIAN_POINT('',(0.708462722192,4.235152929814));
#984 = CARTESIAN_POINT('',(0.734155965623,4.247203687033));
#985 = CARTESIAN_POINT('',(0.75977214576,4.259314985062));
#986 = CARTESIAN_POINT('',(0.785310704455,4.271483144542));
#987 = CARTESIAN_POINT('',(0.833299951779,4.294518788931));
#988 = CARTESIAN_POINT('',(0.855767594476,4.305374709452));
#989 = CARTESIAN_POINT('',(0.878173797731,4.316269896198));
#990 = CARTESIAN_POINT('',(0.900518309505,4.327201947538));
#991 = CARTESIAN_POINT('',(0.957205618838,4.355101073861));
#992 = CARTESIAN_POINT('',(0.991462795738,4.372115943719));
#993 = CARTESIAN_POINT('',(1.025571783068,4.389204550724));
#994 = CARTESIAN_POINT('',(1.059532225302,4.406358634361));
#995 = CARTESIAN_POINT('',(1.09334409835,4.423570259841));
#996 = ( GEOMETRIC_REPRESENTATION_CONTEXT(2) 
PARAMETRIC_REPRESENTATION_CONTEXT() REPRESENTATION_CONTEXT('2D SPACE',''
  ) );
#997 = ADVANCED_FACE('',(#998,#1436,#1473),#92,.T.);
#998 = FACE_BOUND('',#999,.T.);
#999 = EDGE_LOOP('',(#1000,#1001,#1002,#1022,#1042,#1062,#1382));
#1000 = ORIENTED_EDGE('',*,*,#886,.F.);
#1001 = ORIENTED_EDGE('',*,*,#78,.F.);
#1002 = ORIENTED_EDGE('',*,*,#1003,.T.);
#1003 = EDGE_CURVE('',#54,#1004,#1006,.T.);
#1004 = VERTEX_POINT('',#1005);
#1005 = CARTESIAN_POINT('',(22.,74.715056627234,134.38989221983));
#1006 = SURFACE_CURVE('',#1007,(#1010,#1016),.PCURVE_S1.);
#1007 = B_SPLINE_CURVE_WITH_KNOTS('',1,(#1008,#1009),.UNSPECIFIED.,.F.,
  .F.,(2,2),(0.,44.),.PIECEWISE_BEZIER_KNOTS.);
#1008 = CARTESIAN_POINT('',(22.,118.71505662723,134.38989221983));
#1009 = CARTESIAN_POINT('',(22.,74.715056627234,134.38989221983));
#1010 = PCURVE('',#92,#1011);
#1011 = DEFINITIONAL_REPRESENTATION('',(#1012),#1015);
#1012 = B_SPLINE_CURVE_WITH_KNOTS('',1,(#1013,#1014),.UNSPECIFIED.,.F.,
  .F.,(2,2),(0.,44.),.PIECEWISE_BEZIER_KNOTS.);
#1013 = CARTESIAN_POINT('',(0.,0.));
#1014 = CARTESIAN_POINT('',(44.,0.));
#1015 = ( GEOMETRIC_REPRESENTATION_CONTEXT(2) 
PARAMETRIC_REPRESENTATION_CONTEXT() REPRESENTATION_CONTEXT('2D SPACE',''
  ) );
#1016 = PCURVE('',#67,#1017);
#1017 = DEFINITIONAL_REPRESENTATION('',(#1018),#1021);
#1018 = B_SPLINE_CURVE_WITH_KNOTS('',1,(#1019,#1020),.UNSPECIFIED.,.F.,
  .F.,(2,2),(0.,44.),.PIECEWISE_BEZIER_KNOTS.);
#1019 = CARTESIAN_POINT('',(0.,0.));
#1020 = CARTESIAN_POINT('',(0.,44.));
#1021 = ( GEOMETRIC_REPRESENTATION_CONTEXT(2) 
PARAMETRIC_REPRESENTATION_CONTEXT() REPRESENTATION_CONTEXT('2D SPACE',''
  ) );
#1022 = ORIENTED_EDGE('',*,*,#1023,.T.);
#1023 = EDGE_CURVE('',#1004,#1024,#1026,.T.);
#1024 = VERTEX_POINT('',#1025);
#1025 = CARTESIAN_POINT('',(-20.,74.715056627234,134.38989221983));
#1026 = SURFACE_CURVE('',#1027,(#1030,#1036),.PCURVE_S1.);
#1027 = B_SPLINE_CURVE_WITH_KNOTS('',1,(#1028,#1029),.UNSPECIFIED.,.F.,
  .F.,(2,2),(0.,42.),.PIECEWISE_BEZIER_KNOTS.);
#1028 = CARTESIAN_POINT('',(22.,74.715056627234,134.38989221983));
#1029 = CARTESIAN_POINT('',(-20.,74.715056627234,134.38989221983));
#1030 = PCURVE('',#92,#1031);
#1031 = DEFINITIONAL_REPRESENTATION('',(#1032),#1035);
#1032 = B_SPLINE_CURVE_WITH_KNOTS('',1,(#1033,#1034),.UNSPECIFIED.,.F.,
  .F.,(2,2),(0.,42.),.PIECEWISE_BEZIER_KNOTS.);
#1033 = CARTESIAN_POINT('',(44.,0.));
#1034 = CARTESIAN_POINT('',(44.,42.));
#1035 = ( GEOMETRIC_REPRESENTATION_CONTEXT(2) 
PARAMETRIC_REPRESENTATION_CONTEXT() REPRESENTATION_CONTEXT('2D SPACE',''
  ) );
#1036 = PCURVE('',#274,#1037);
#1037 = DEFINITIONAL_REPRESENTATION('',(#1038),#1041);
#1038 = B_SPLINE_CURVE_WITH_KNOTS('',1,(#1039,#1040),.UNSPECIFIED.,.F.,
  .F.,(2,2),(0.,42.),.PIECEWISE_BEZIER_KNOTS.);
#1039 = CARTESIAN_POINT('',(0.,0.));
#1040 = CARTESIAN_POINT('',(0.,-42.));
#1041 = ( GEOMETRIC_REPRESENTATION_CONTEXT(2) 
PARAMETRIC_REPRESENTATION_CONTEXT() REPRESENTATION_CONTEXT('2D SPACE',''
  ) );
#1042 = ORIENTED_EDGE('',*,*,#1043,.F.);
#1043 = EDGE_CURVE('',#1044,#1024,#1046,.T.);
#1044 = VERTEX_POINT('',#1045);
#1045 = CARTESIAN_POINT('',(-20.,106.07663921745,134.38989221983));
#1046 = SURFACE_CURVE('',#1047,(#1050,#1056),.PCURVE_S1.);
#1047 = B_SPLINE_CURVE_WITH_KNOTS('',1,(#1048,#1049),.UNSPECIFIED.,.F.,
  .F.,(2,2),(0.,44.),.PIECEWISE_BEZIER_KNOTS.);
#1048 = CARTESIAN_POINT('',(-20.,118.71505662723,134.38989221983));
#1049 = CARTESIAN_POINT('',(-20.,74.715056627234,134.38989221983));
#1050 = PCURVE('',#92,#1051);
#1051 = DEFINITIONAL_REPRESENTATION('',(#1052),#1055);
#1052 = B_SPLINE_CURVE_WITH_KNOTS('',1,(#1053,#1054),.UNSPECIFIED.,.F.,
  .F.,(2,2),(0.,44.),.PIECEWISE_BEZIER_KNOTS.);
#1053 = CARTESIAN_POINT('',(0.,42.));
#1054 = CARTESIAN_POINT('',(44.,42.));
#1055 = ( GEOMETRIC_REPRESENTATION_CONTEXT(2) 
PARAMETRIC_REPRESENTATION_CONTEXT() REPRESENTATION_CONTEXT('2D SPACE',''
  ) );
#1056 = PCURVE('',#299,#1057);
#1057 = DEFINITIONAL_REPRESENTATION('',(#1058),#1061);
#1058 = B_SPLINE_CURVE_WITH_KNOTS('',1,(#1059,#1060),.UNSPECIFIED.,.F.,
  .F.,(2,2),(0.,44.),.PIECEWISE_BEZIER_KNOTS.);
#1059 = CARTESIAN_POINT('',(0.,0.));
#1060 = CARTESIAN_POINT('',(0.,44.));
#1061 = ( GEOMETRIC_REPRESENTATION_CONTEXT(2) 
PARAMETRIC_REPRESENTATION_CONTEXT() REPRESENTATION_CONTEXT('2D SPACE',''
  ) );
#1062 = ORIENTED_EDGE('',*,*,#1063,.T.);
#1063 = EDGE_CURVE('',#1044,#1064,#1066,.T.);
#1064 = VERTEX_POINT('',#1065);
#1065 = CARTESIAN_POINT('',(-18.71036257643,108.65085713115,
    134.38989221983));
#1066 = SURFACE_CURVE('',#1067,(#1170,#1276),.PCURVE_S1.);
#1067 = B_SPLINE_CURVE_WITH_KNOTS('',6,(#1068,#1069,#1070,#1071,#1072,
    #1073,#1074,#1075,#1076,#1077,#1078,#1079,#1080,#1081,#1082,#1083,
    #1084,#1085,#1086,#1087,#1088,#1089,#1090,#1091,#1092,#1093,#1094,
    #1095,#1096,#1097,#1098,#1099,#1100,#1101,#1102,#1103,#1104,#1105,
    #1106,#1107,#1108,#1109,#1110,#1111,#1112,#1113,#1114,#1115,#1116,
    #1117,#1118,#1119,#1120,#1121,#1122,#1123,#1124,#1125,#1126,#1127,
    #1128,#1129,#1130,#1131,#1132,#1133,#1134,#1135,#1136,#1137,#1138,
    #1139,#1140,#1141,#1142,#1143,#1144,#1145,#1146,#1147,#1148,#1149,
    #1150,#1151,#1152,#1153,#1154,#1155,#1156,#1157,#1158,#1159,#1160,
    #1161,#1162,#1163,#1164,#1165,#1166,#1167,#1168,#1169),
  .UNSPECIFIED.,.F.,.F.,(7,5,5,5,5,5,5,5,5,5,5,5,5,5,5,5,5,5,5,5,7),(0.,
    0.116238851056,0.173498021498,0.20964779529,0.23393035104,
    0.29063332942,0.351556554985,0.377887872469,0.41768136855,
    0.482438338587,0.547090074265,0.586525941064,0.66802339104,
    0.728584306708,0.75182415957,0.78450721979,0.830896575348,
    0.872211059107,0.895635828127,0.945920116244,1.),.UNSPECIFIED.);
#1068 = CARTESIAN_POINT('',(-20.,106.07663921745,134.38989221983));
#1069 = CARTESIAN_POINT('',(-19.9600403941,105.8855448479,
    134.38989221983));
#1070 = CARTESIAN_POINT('',(-19.90082647173,105.69854903694,
    134.38989221983));
#1071 = CARTESIAN_POINT('',(-19.8224841245,105.51824113565,
    134.38989221983));
#1072 = CARTESIAN_POINT('',(-19.72551177966,105.34729972097,
    134.38989221983));
#1073 = CARTESIAN_POINT('',(-19.61086477295,105.18846490958,
    134.38989221983));
#1074 = CARTESIAN_POINT('',(-19.41583034568,104.97339621214,
    134.38989221983));
#1075 = CARTESIAN_POINT('',(-19.34757556162,104.90599480239,
    134.38989221983));
#1076 = CARTESIAN_POINT('',(-19.27563200036,104.84248645215,
    134.38989221983));
#1077 = CARTESIAN_POINT('',(-19.20023335089,104.78317314868,
    134.38989221983));
#1078 = CARTESIAN_POINT('',(-19.12165140558,104.72833721127,
    134.38989221983));
#1079 = CARTESIAN_POINT('',(-18.9887763062,104.64660441596,
    134.38989221983));
#1080 = CARTESIAN_POINT('',(-18.93620840275,104.61685976091,
    134.38989221983));
#1081 = CARTESIAN_POINT('',(-18.88257459251,104.58906625198,
    134.38989221983));
#1082 = CARTESIAN_POINT('',(-18.82795872582,104.56328296812,
    134.38989221983));
#1083 = CARTESIAN_POINT('',(-18.77244989904,104.53956330614,
    134.38989221983));
#1084 = CARTESIAN_POINT('',(-18.67831957162,104.50344021869,
    134.38989221983));
#1085 = CARTESIAN_POINT('',(-18.64013623507,104.48987799357,
    134.38989221983));
#1086 = CARTESIAN_POINT('',(-18.60162101443,104.47728267503,
    134.38989221983));
#1087 = CARTESIAN_POINT('',(-18.5628032926,104.46566717544,
    134.38989221983));
#1088 = CARTESIAN_POINT('',(-18.52371326578,104.45504294986,
    134.38989221983));
#1089 = CARTESIAN_POINT('',(-18.39253810555,104.42294912656,
    134.38989221983));
#1090 = CARTESIAN_POINT('',(-18.29937516777,104.40593730886,
    134.38989221983));
#1091 = CARTESIAN_POINT('',(-18.20529358372,104.39451260084,
    134.38989221983));
#1092 = CARTESIAN_POINT('',(-18.11070427201,104.38875404973,
    134.38989221983));
#1093 = CARTESIAN_POINT('',(-18.01602721679,104.38868960921,
    134.38989221983));
#1094 = CARTESIAN_POINT('',(-17.82033166431,104.40031562747,
    134.38989221983));
#1095 = CARTESIAN_POINT('',(-17.71935779146,104.41288185533,
    134.38989221983));
#1096 = CARTESIAN_POINT('',(-17.61929993528,104.43196095313,
    134.38989221983));
#1097 = CARTESIAN_POINT('',(-17.5206701911,104.45745201829,
    134.38989221983));
#1098 = CARTESIAN_POINT('',(-17.42395960621,104.48918839236,
    134.38989221983));
#1099 = CARTESIAN_POINT('',(-17.28886962174,104.54325789227,
    134.38989221983));
#1100 = CARTESIAN_POINT('',(-17.24854783756,104.56069892724,
    134.38989221983));
#1101 = CARTESIAN_POINT('',(-17.20870834724,104.57924580842,
    134.38989221983));
#1102 = CARTESIAN_POINT('',(-17.16938690884,104.59887842404,
    134.38989221983));
#1103 = CARTESIAN_POINT('',(-17.13061786084,104.61957486788,
    134.38989221983));
#1104 = CARTESIAN_POINT('',(-17.03472852294,104.67416107413,
    134.38989221983));
#1105 = CARTESIAN_POINT('',(-16.97835943512,104.70938672353,
    134.38989221983));
#1106 = CARTESIAN_POINT('',(-16.92344048465,104.74690608226,
    134.38989221983));
#1107 = CARTESIAN_POINT('',(-16.87007639868,104.78663013938,
    134.38989221983));
#1108 = CARTESIAN_POINT('',(-16.81836300548,104.82846317823,
    134.38989221983));
#1109 = CARTESIAN_POINT('',(-16.68706038911,104.9436440713,
    134.38989221983));
#1110 = CARTESIAN_POINT('',(-16.61033299914,105.02030186793,
    134.38989221983));
#1111 = CARTESIAN_POINT('',(-16.53858143676,105.10183570152,
    134.38989221983));
#1112 = CARTESIAN_POINT('',(-16.47210875786,105.18777832936,
    134.38989221983));
#1113 = CARTESIAN_POINT('',(-16.41115335331,105.27764501804,
    134.38989221983));
#1114 = CARTESIAN_POINT('',(-16.30073164125,105.4640890286,
    134.38989221983));
#1115 = CARTESIAN_POINT('',(-16.25124483863,105.56065841901,
    134.38989221983));
#1116 = CARTESIAN_POINT('',(-16.20761581826,105.66016415726,
    134.38989221983));
#1117 = CARTESIAN_POINT('',(-16.16996263191,105.76212219313,
    134.38989221983));
#1118 = CARTESIAN_POINT('',(-16.13835300168,105.8660561871,
    134.38989221983));
#1119 = CARTESIAN_POINT('',(-16.09723678623,106.03582187298,
    134.38989221983));
#1120 = CARTESIAN_POINT('',(-16.08391789965,106.10070453486,
    134.38989221983));
#1121 = CARTESIAN_POINT('',(-16.07286352186,106.16604573986,
    134.38989221983));
#1122 = CARTESIAN_POINT('',(-16.06407448079,106.23174295199,
    134.38989221983));
#1123 = CARTESIAN_POINT('',(-16.05754681531,106.2976957716,
    134.38989221983));
#1124 = CARTESIAN_POINT('',(-16.04443705446,106.50042800562,
    134.38989221983));
#1125 = CARTESIAN_POINT('',(-16.04522365205,106.6377173558,
    134.38989221983));
#1126 = CARTESIAN_POINT('',(-16.05555686096,106.77481639014,
    134.38989221983));
#1127 = CARTESIAN_POINT('',(-16.0752928966,106.91089904315,
    134.38989221983));
#1128 = CARTESIAN_POINT('',(-16.1042384496,107.04516732509,
    134.38989221983));
#1129 = CARTESIAN_POINT('',(-16.17035742587,107.27469993807,
    134.38989221983));
#1130 = CARTESIAN_POINT('',(-16.20350595114,107.37111993152,
    134.38989221983));
#1131 = CARTESIAN_POINT('',(-16.2415242446,107.46579105687,
    134.38989221983));
#1132 = CARTESIAN_POINT('',(-16.28430899266,107.5583937938,
    134.38989221983));
#1133 = CARTESIAN_POINT('',(-16.33174578383,107.64860506276,
    134.38989221983));
#1134 = CARTESIAN_POINT('',(-16.40365058653,107.76967200196,
    134.38989221983));
#1135 = CARTESIAN_POINT('',(-16.42425793714,107.8028459681,
    134.38989221983));
#1136 = CARTESIAN_POINT('',(-16.44552465838,107.83560061612,
    134.38989221983));
#1137 = CARTESIAN_POINT('',(-16.46744322825,107.86791700915,
    134.38989221983));
#1138 = CARTESIAN_POINT('',(-16.4900057509,107.89977595091,
    134.38989221983));
#1139 = CARTESIAN_POINT('',(-16.54582844692,107.97529169591,
    134.38989221983));
#1140 = CARTESIAN_POINT('',(-16.57971003092,108.01848213604,
    134.38989221983));
#1141 = CARTESIAN_POINT('',(-16.6148258902,108.06067514995,
    134.38989221983));
#1142 = CARTESIAN_POINT('',(-16.65115096176,108.10181531827,
    134.38989221983));
#1143 = CARTESIAN_POINT('',(-16.68865793804,108.14184595838,
    134.38989221983));
#1144 = CARTESIAN_POINT('',(-16.78218915899,108.23587033677,
    134.38989221983));
#1145 = CARTESIAN_POINT('',(-16.83938207032,108.28867919882,
    134.38989221983));
#1146 = CARTESIAN_POINT('',(-16.8988108977,108.33897072243,
    134.38989221983));
#1147 = CARTESIAN_POINT('',(-16.96037774235,108.38657284158,
    134.38989221983));
#1148 = CARTESIAN_POINT('',(-17.02396871583,108.43131062029,
    134.38989221983));
#1149 = CARTESIAN_POINT('',(-17.14776921662,108.51014844925,
    134.38989221983));
#1150 = CARTESIAN_POINT('',(-17.20758748763,108.54487673484,
    134.38989221983));
#1151 = CARTESIAN_POINT('',(-17.26881013195,108.57707217565,
    134.38989221983));
#1152 = CARTESIAN_POINT('',(-17.33132898051,108.60661243243,
    134.38989221983));
#1153 = CARTESIAN_POINT('',(-17.39502103597,108.63338079185,
    134.38989221983));
#1154 = CARTESIAN_POINT('',(-17.49644480899,108.67081641815,
    134.38989221983));
#1155 = CARTESIAN_POINT('',(-17.53347547671,108.68343670282,
    134.38989221983));
#1156 = CARTESIAN_POINT('',(-17.57081286426,108.69511228558,
    134.38989221983));
#1157 = CARTESIAN_POINT('',(-17.60842991682,108.70582519282,
    134.38989221983));
#1158 = CARTESIAN_POINT('',(-17.64629805004,108.7155590357,
    134.38989221983));
#1159 = CARTESIAN_POINT('',(-17.76615031606,108.74306049269,
    134.38989221983));
#1160 = CARTESIAN_POINT('',(-17.84893705849,108.75724365916,
    134.38989221983));
#1161 = CARTESIAN_POINT('',(-17.93243977009,108.76670138676,
    134.38989221983));
#1162 = CARTESIAN_POINT('',(-18.01633500287,108.77133408438,
    134.38989221983));
#1163 = CARTESIAN_POINT('',(-18.1002841917,108.7710986006,
    134.38989221983));
#1164 = CARTESIAN_POINT('',(-18.27389870915,108.76055209968,
    134.38989221983));
#1165 = CARTESIAN_POINT('',(-18.36352905067,108.74948112395,
    134.38989221983));
#1166 = CARTESIAN_POINT('',(-18.45238470605,108.7328308097,
    134.38989221983));
#1167 = CARTESIAN_POINT('',(-18.54005636247,108.71071233592,
    134.38989221983));
#1168 = CARTESIAN_POINT('',(-18.62616529592,108.68330789481,
    134.38989221983));
#1169 = CARTESIAN_POINT('',(-18.71036257643,108.65085713115,
    134.38989221983));
#1170 = PCURVE('',#92,#1171);
#1171 = DEFINITIONAL_REPRESENTATION('',(#1172),#1275);
#1172 = B_SPLINE_CURVE_WITH_KNOTS('',6,(#1173,#1174,#1175,#1176,#1177,
    #1178,#1179,#1180,#1181,#1182,#1183,#1184,#1185,#1186,#1187,#1188,
    #1189,#1190,#1191,#1192,#1193,#1194,#1195,#1196,#1197,#1198,#1199,
    #1200,#1201,#1202,#1203,#1204,#1205,#1206,#1207,#1208,#1209,#1210,
    #1211,#1212,#1213,#1214,#1215,#1216,#1217,#1218,#1219,#1220,#1221,
    #1222,#1223,#1224,#1225,#1226,#1227,#1228,#1229,#1230,#1231,#1232,
    #1233,#1234,#1235,#1236,#1237,#1238,#1239,#1240,#1241,#1242,#1243,
    #1244,#1245,#1246,#1247,#1248,#1249,#1250,#1251,#1252,#1253,#1254,
    #1255,#1256,#1257,#1258,#1259,#1260,#1261,#1262,#1263,#1264,#1265,
    #1266,#1267,#1268,#1269,#1270,#1271,#1272,#1273,#1274),
  .UNSPECIFIED.,.F.,.F.,(7,5,5,5,5,5,5,5,5,5,5,5,5,5,5,5,5,5,5,5,7),(0.,
    0.116238851056,0.173498021498,0.20964779529,0.23393035104,
    0.29063332942,0.351556554985,0.377887872469,0.41768136855,
    0.482438338587,0.547090074265,0.586525941064,0.66802339104,
    0.728584306708,0.75182415957,0.78450721979,0.830896575348,
    0.872211059107,0.895635828127,0.945920116244,1.),.UNSPECIFIED.);
#1173 = CARTESIAN_POINT('',(12.638417409779,42.));
#1174 = CARTESIAN_POINT('',(12.829511779326,41.960040394102));
#1175 = CARTESIAN_POINT('',(13.01650759029,41.900826471736));
#1176 = CARTESIAN_POINT('',(13.196815491577,41.822484124502));
#1177 = CARTESIAN_POINT('',(13.367756906261,41.725511779662));
#1178 = CARTESIAN_POINT('',(13.526591717647,41.610864772953));
#1179 = CARTESIAN_POINT('',(13.741660415091,41.415830345685));
#1180 = CARTESIAN_POINT('',(13.80906182484,41.347575561625));
#1181 = CARTESIAN_POINT('',(13.87257017508,41.275632000368));
#1182 = CARTESIAN_POINT('',(13.93188347855,41.20023335089));
#1183 = CARTESIAN_POINT('',(13.986719415959,41.121651405586));
#1184 = CARTESIAN_POINT('',(14.068452211275,40.988776306204));
#1185 = CARTESIAN_POINT('',(14.098196866322,40.936208402754));
#1186 = CARTESIAN_POINT('',(14.125990375248,40.882574592512));
#1187 = CARTESIAN_POINT('',(14.151773659112,40.827958725824));
#1188 = CARTESIAN_POINT('',(14.175493321089,40.77244989904));
#1189 = CARTESIAN_POINT('',(14.21161640854,40.678319571622));
#1190 = CARTESIAN_POINT('',(14.225178633665,40.640136235075));
#1191 = CARTESIAN_POINT('',(14.237773952198,40.601621014438));
#1192 = CARTESIAN_POINT('',(14.249389451788,40.562803292601));
#1193 = CARTESIAN_POINT('',(14.26001367737,40.523713265782));
#1194 = CARTESIAN_POINT('',(14.292107500673,40.392538105557));
#1195 = CARTESIAN_POINT('',(14.309119318375,40.299375167778));
#1196 = CARTESIAN_POINT('',(14.320544026391,40.205293583726));
#1197 = CARTESIAN_POINT('',(14.326302577498,40.110704272017));
#1198 = CARTESIAN_POINT('',(14.326367018021,40.016027216793));
#1199 = CARTESIAN_POINT('',(14.314740999761,39.820331664317));
#1200 = CARTESIAN_POINT('',(14.302174771902,39.719357791463));
#1201 = CARTESIAN_POINT('',(14.283095674101,39.619299935281));
#1202 = CARTESIAN_POINT('',(14.257604608937,39.5206701911));
#1203 = CARTESIAN_POINT('',(14.225868234866,39.423959606215));
#1204 = CARTESIAN_POINT('',(14.171798734965,39.288869621744));
#1205 = CARTESIAN_POINT('',(14.154357699985,39.248547837564));
#1206 = CARTESIAN_POINT('',(14.135810818809,39.208708347248));
#1207 = CARTESIAN_POINT('',(14.116178203185,39.169386908841));
#1208 = CARTESIAN_POINT('',(14.095481759348,39.13061786084));
#1209 = CARTESIAN_POINT('',(14.040895553102,39.034728522948));
#1210 = CARTESIAN_POINT('',(14.005669903701,38.978359435121));
#1211 = CARTESIAN_POINT('',(13.968150544975,38.923440484659));
#1212 = CARTESIAN_POINT('',(13.928426487847,38.870076398683));
#1213 = CARTESIAN_POINT('',(13.886593449003,38.81836300548));
#1214 = CARTESIAN_POINT('',(13.771412555932,38.687060389111));
#1215 = CARTESIAN_POINT('',(13.694754759304,38.610332999149));
#1216 = CARTESIAN_POINT('',(13.613220925706,38.538581436766));
#1217 = CARTESIAN_POINT('',(13.527278297871,38.472108757865));
#1218 = CARTESIAN_POINT('',(13.437411609193,38.411153353316));
#1219 = CARTESIAN_POINT('',(13.250967598632,38.300731641256));
#1220 = CARTESIAN_POINT('',(13.154398208222,38.251244838633));
#1221 = CARTESIAN_POINT('',(13.054892469967,38.207615818261));
#1222 = CARTESIAN_POINT('',(12.952934434101,38.169962631911));
#1223 = CARTESIAN_POINT('',(12.849000440129,38.138353001685));
#1224 = CARTESIAN_POINT('',(12.679234754246,38.097236786234));
#1225 = CARTESIAN_POINT('',(12.614352092366,38.083917899658));
#1226 = CARTESIAN_POINT('',(12.549010887372,38.072863521862));
#1227 = CARTESIAN_POINT('',(12.483313675242,38.064074480797));
#1228 = CARTESIAN_POINT('',(12.417360855628,38.057546815318));
#1229 = CARTESIAN_POINT('',(12.214628621609,38.044437054468));
#1230 = CARTESIAN_POINT('',(12.077339271432,38.045223652051));
#1231 = CARTESIAN_POINT('',(11.940240237088,38.055556860961));
#1232 = CARTESIAN_POINT('',(11.804157584079,38.075292896604));
#1233 = CARTESIAN_POINT('',(11.669889302137,38.104238449608));
#1234 = CARTESIAN_POINT('',(11.440356689162,38.170357425877));
#1235 = CARTESIAN_POINT('',(11.343936695712,38.203505951141));
#1236 = CARTESIAN_POINT('',(11.249265570358,38.241524244609));
#1237 = CARTESIAN_POINT('',(11.156662833432,38.284308992664));
#1238 = CARTESIAN_POINT('',(11.066451564471,38.331745783831));
#1239 = CARTESIAN_POINT('',(10.94538462527,38.403650586537));
#1240 = CARTESIAN_POINT('',(10.91221065913,38.424257937149));
#1241 = CARTESIAN_POINT('',(10.879456011109,38.445524658386));
#1242 = CARTESIAN_POINT('',(10.847139618076,38.467443228256));
#1243 = CARTESIAN_POINT('',(10.815280676322,38.490005750906));
#1244 = CARTESIAN_POINT('',(10.739764931318,38.54582844692));
#1245 = CARTESIAN_POINT('',(10.69657449119,38.579710030923));
#1246 = CARTESIAN_POINT('',(10.65438147728,38.614825890201));
#1247 = CARTESIAN_POINT('',(10.613241308956,38.651150961762));
#1248 = CARTESIAN_POINT('',(10.573210668846,38.688657938046));
#1249 = CARTESIAN_POINT('',(10.47918629046,38.782189158997));
#1250 = CARTESIAN_POINT('',(10.426377428406,38.839382070325));
#1251 = CARTESIAN_POINT('',(10.376085904801,38.898810897708));
#1252 = CARTESIAN_POINT('',(10.328483785646,38.960377742358));
#1253 = CARTESIAN_POINT('',(10.28374600694,39.023968715834));
#1254 = CARTESIAN_POINT('',(10.204908177983,39.147769216625));
#1255 = CARTESIAN_POINT('',(10.170179892393,39.207587487636));
#1256 = CARTESIAN_POINT('',(10.137984451584,39.268810131951));
#1257 = CARTESIAN_POINT('',(10.108444194795,39.331328980513));
#1258 = CARTESIAN_POINT('',(10.081675835384,39.395021035976));
#1259 = CARTESIAN_POINT('',(10.044240209084,39.496444808999));
#1260 = CARTESIAN_POINT('',(10.031619924412,39.533475476714));
#1261 = CARTESIAN_POINT('',(10.019944341648,39.570812864263));
#1262 = CARTESIAN_POINT('',(10.00923143441,39.608429916823));
#1263 = CARTESIAN_POINT('',(9.999497591529,39.646298050041));
#1264 = CARTESIAN_POINT('',(9.97199613454,39.766150316069));
#1265 = CARTESIAN_POINT('',(9.957812968069,39.848937058496));
#1266 = CARTESIAN_POINT('',(9.94835524047,39.932439770095));
#1267 = CARTESIAN_POINT('',(9.943722542853,40.016335002872));
#1268 = CARTESIAN_POINT('',(9.943958026627,40.100284191705));
#1269 = CARTESIAN_POINT('',(9.954504527552,40.273898709158));
#1270 = CARTESIAN_POINT('',(9.965575503282,40.363529050674));
#1271 = CARTESIAN_POINT('',(9.982225817528,40.452384706059));
#1272 = CARTESIAN_POINT('',(10.004344291308,40.540056362479));
#1273 = CARTESIAN_POINT('',(10.031748732424,40.626165295928));
#1274 = CARTESIAN_POINT('',(10.064199496084,40.710362576436));
#1275 = ( GEOMETRIC_REPRESENTATION_CONTEXT(2) 
PARAMETRIC_REPRESENTATION_CONTEXT() REPRESENTATION_CONTEXT('2D SPACE',''
  ) );
#1276 = PCURVE('',#506,#1277);
#1277 = DEFINITIONAL_REPRESENTATION('',(#1278),#1381);
#1278 = B_SPLINE_CURVE_WITH_KNOTS('',6,(#1279,#1280,#1281,#1282,#1283,
    #1284,#1285,#1286,#1287,#1288,#1289,#1290,#1291,#1292,#1293,#1294,
    #1295,#1296,#1297,#1298,#1299,#1300,#1301,#1302,#1303,#1304,#1305,
    #1306,#1307,#1308,#1309,#1310,#1311,#1312,#1313,#1314,#1315,#1316,
    #1317,#1318,#1319,#1320,#1321,#1322,#1323,#1324,#1325,#1326,#1327,
    #1328,#1329,#1330,#1331,#1332,#1333,#1334,#1335,#1336,#1337,#1338,
    #1339,#1340,#1341,#1342,#1343,#1344,#1345,#1346,#1347,#1348,#1349,
    #1350,#1351,#1352,#1353,#1354,#1355,#1356,#1357,#1358,#1359,#1360,
    #1361,#1362,#1363,#1364,#1365,#1366,#1367,#1368,#1369,#1370,#1371,
    #1372,#1373,#1374,#1375,#1376,#1377,#1378,#1379,#1380),
  .UNSPECIFIED.,.F.,.F.,(7,5,5,5,5,5,5,5,5,5,5,5,5,5,5,5,5,5,5,5,7),(0.,
    0.116238851056,0.173498021498,0.20964779529,0.23393035104,
    0.29063332942,0.351556554985,0.377887872469,0.41768136855,
    0.482438338587,0.547090074265,0.586525941064,0.66802339104,
    0.728584306708,0.75182415957,0.78450721979,0.830896575348,
    0.872211059107,0.895635828127,0.945920116244,1.),.UNSPECIFIED.);
#1279 = CARTESIAN_POINT('',(1.132870368743,4.870968823373));
#1280 = CARTESIAN_POINT('',(1.140081690006,4.961218255734));
#1281 = CARTESIAN_POINT('',(1.146884053478,5.051980701894));
#1282 = CARTESIAN_POINT('',(1.153219664074,5.143359084551));
#1283 = CARTESIAN_POINT('',(1.159046898408,5.235424721345));
#1284 = CARTESIAN_POINT('',(1.164332839004,5.328238979804));
#1285 = CARTESIAN_POINT('',(1.171371510909,5.467848952121));
#1286 = CARTESIAN_POINT('',(1.173556120938,5.514099362537));
#1287 = CARTESIAN_POINT('',(1.175598908557,5.560520639099));
#1288 = CARTESIAN_POINT('',(1.177496884631,5.607108228559));
#1289 = CARTESIAN_POINT('',(1.179247412651,5.653854726569));
#1290 = CARTESIAN_POINT('',(1.181858631449,5.730352117587));
#1291 = CARTESIAN_POINT('',(1.182809466391,5.760015541015));
#1292 = CARTESIAN_POINT('',(1.183699985726,5.789734533495));
#1293 = CARTESIAN_POINT('',(1.184529652107,5.819505763221));
#1294 = CARTESIAN_POINT('',(1.185297985388,5.849325511025));
#1295 = CARTESIAN_POINT('',(1.186479185265,5.899250048034));
#1296 = CARTESIAN_POINT('',(1.186925943548,5.919330485152));
#1297 = CARTESIAN_POINT('',(1.187344709,5.939429729195));
#1298 = CARTESIAN_POINT('',(1.18773536542,5.959546464343));
#1299 = CARTESIAN_POINT('',(1.188097808884,5.979679311497));
#1300 = CARTESIAN_POINT('',(1.189212206138,6.046873943913));
#1301 = CARTESIAN_POINT('',(1.189838144006,6.094002704635));
#1302 = CARTESIAN_POINT('',(1.190308554881,6.141191363832));
#1303 = CARTESIAN_POINT('',(1.19062266109,6.188421784271));
#1304 = CARTESIAN_POINT('',(1.190780080864,6.235674992151));
#1305 = CARTESIAN_POINT('',(1.190781563209,6.333695287553));
#1306 = CARTESIAN_POINT('',(1.190601428871,6.384466068908));
#1307 = CARTESIAN_POINT('',(1.190240417999,6.435208456651));
#1308 = CARTESIAN_POINT('',(1.189699032943,6.485899275019));
#1309 = CARTESIAN_POINT('',(1.188978304057,6.53651648863));
#1310 = CARTESIAN_POINT('',(1.187691520709,6.608866341305));
#1311 = CARTESIAN_POINT('',(1.187269993725,6.630681400659));
#1312 = CARTESIAN_POINT('',(1.186815384917,6.652476275835));
#1313 = CARTESIAN_POINT('',(1.186327836055,6.67424925662));
#1314 = CARTESIAN_POINT('',(1.185807505715,6.695998724854));
#1315 = CARTESIAN_POINT('',(1.18441893793,6.75055443998));
#1316 = CARTESIAN_POINT('',(1.183508835677,6.783328599406));
#1317 = CARTESIAN_POINT('',(1.182524865666,6.816040421075));
#1318 = CARTESIAN_POINT('',(1.181467714314,6.848685279541));
#1319 = CARTESIAN_POINT('',(1.180338151297,6.881259135545));
#1320 = CARTESIAN_POINT('',(1.177182413544,6.966645638422));
#1321 = CARTESIAN_POINT('',(1.175038243259,7.019336788347));
#1322 = CARTESIAN_POINT('',(1.1727082863,7.071815350223));
#1323 = CARTESIAN_POINT('',(1.170196646081,7.124073664718));
#1324 = CARTESIAN_POINT('',(1.167508019999,7.176108716395));
#1325 = CARTESIAN_POINT('',(1.161792543011,7.279642693163));
#1326 = CARTESIAN_POINT('',(1.158766151798,7.331144182232));
#1327 = CARTESIAN_POINT('',(1.155574186415,7.382422462079));
#1328 = CARTESIAN_POINT('',(1.152222557634,7.433483906912));
#1329 = CARTESIAN_POINT('',(1.148717979478,7.484339244174));
#1330 = CARTESIAN_POINT('',(1.142842033289,7.565904515772));
#1331 = CARTESIAN_POINT('',(1.140561788529,7.596735828168));
#1332 = CARTESIAN_POINT('',(1.138229261383,7.627499074789));
#1333 = CARTESIAN_POINT('',(1.135846351073,7.658198207231));
#1334 = CARTESIAN_POINT('',(1.133415124525,7.688837718161));
#1335 = CARTESIAN_POINT('',(1.125818256047,7.782628891022));
#1336 = CARTESIAN_POINT('',(1.120502101734,7.845599651258));
#1337 = CARTESIAN_POINT('',(1.115008883852,7.908384236978));
#1338 = CARTESIAN_POINT('',(1.109362049282,7.971035520165));
#1339 = CARTESIAN_POINT('',(1.103590263969,8.033614228738));
#1340 = CARTESIAN_POINT('',(1.09337298734,8.1426958361));
#1341 = CARTESIAN_POINT('',(1.088967830588,8.189197180968));
#1342 = CARTESIAN_POINT('',(1.084527640508,8.235727735707));
#1343 = CARTESIAN_POINT('',(1.080069263181,8.282317322086));
#1344 = CARTESIAN_POINT('',(1.075612264091,8.328996902305));
#1345 = CARTESIAN_POINT('',(1.069478036223,8.393760869612));
#1346 = CARTESIAN_POINT('',(1.067780412286,8.41173949582));
#1347 = CARTESIAN_POINT('',(1.066087606791,8.429738049066));
#1348 = CARTESIAN_POINT('',(1.06440097505,8.447758326369));
#1349 = CARTESIAN_POINT('',(1.062721945756,8.465802104619));
#1350 = CARTESIAN_POINT('',(1.058703544342,8.509282290709));
#1351 = CARTESIAN_POINT('',(1.056373076401,8.534743347842));
#1352 = CARTESIAN_POINT('',(1.054064801075,8.560259234683));
#1353 = CARTESIAN_POINT('',(1.051783201286,8.585834591376));
#1354 = CARTESIAN_POINT('',(1.049533058965,8.611473775501));
#1355 = CARTESIAN_POINT('',(1.044177532046,8.673668729824));
#1356 = CARTESIAN_POINT('',(1.041109240599,8.710293152247));
#1357 = CARTESIAN_POINT('',(1.03812903445,8.747065775592));
#1358 = CARTESIAN_POINT('',(1.035252707914,8.783995723023));
#1359 = CARTESIAN_POINT('',(1.03249694513,8.821089180872));
#1360 = CARTESIAN_POINT('',(1.027547204011,8.891532665687));
#1361 = CARTESIAN_POINT('',(1.025324752579,8.924848212658));
#1362 = CARTESIAN_POINT('',(1.023223619408,8.958296739297));
#1363 = CARTESIAN_POINT('',(1.021256183504,8.991877020772));
#1364 = CARTESIAN_POINT('',(1.019434542385,9.025584603498));
#1365 = CARTESIAN_POINT('',(1.016826157382,9.078589988364));
#1366 = CARTESIAN_POINT('',(1.015932836371,9.097807253803));
#1367 = CARTESIAN_POINT('',(1.015092066972,9.117061147998));
#1368 = CARTESIAN_POINT('',(1.014305783364,9.136349744688));
#1369 = CARTESIAN_POINT('',(1.013575779883,9.155670754384));
#1370 = CARTESIAN_POINT('',(1.011461028519,9.216560448061));
#1371 = CARTESIAN_POINT('',(1.010285171214,9.258239214131));
#1372 = CARTESIAN_POINT('',(1.009392526769,9.300026144752));
#1373 = CARTESIAN_POINT('',(1.008795038837,9.341889915154));
#1374 = CARTESIAN_POINT('',(1.00849913315,9.383795013414));
#1375 = CARTESIAN_POINT('',(1.008510570012,9.47076227878));
#1376 = CARTESIAN_POINT('',(1.008865132472,9.515829843032));
#1377 = CARTESIAN_POINT('',(1.009568384421,9.560844141281));
#1378 = CARTESIAN_POINT('',(1.010611514341,9.605761779823));
#1379 = CARTESIAN_POINT('',(1.01197848945,9.650545261713));
#1380 = CARTESIAN_POINT('',(1.013647699399,9.695156525505));
#1381 = ( GEOMETRIC_REPRESENTATION_CONTEXT(2) 
PARAMETRIC_REPRESENTATION_CONTEXT() REPRESENTATION_CONTEXT('2D SPACE',''
  ) );
#1382 = ORIENTED_EDGE('',*,*,#1383,.T.);
#1383 = EDGE_CURVE('',#1064,#887,#1384,.T.);
#1384 = SURFACE_CURVE('',#1385,(#1400,#1418),.PCURVE_S1.);
#1385 = B_SPLINE_CURVE_WITH_KNOTS('',7,(#1386,#1387,#1388,#1389,#1390,
    #1391,#1392,#1393,#1394,#1395,#1396,#1397,#1398,#1399),
  .UNSPECIFIED.,.F.,.F.,(8,6,8),(0.,0.342156374776,1.),.UNSPECIFIED.);
#1386 = CARTESIAN_POINT('',(-18.71036257643,108.65085713115,
    134.38989221983));
#1387 = CARTESIAN_POINT('',(-18.80779338318,108.61330598859,
    134.38989221983));
#1388 = CARTESIAN_POINT('',(-18.90274478913,108.56918185541,
    134.38989221983));
#1389 = CARTESIAN_POINT('',(-18.99473969002,108.51881567058,
    134.38989221983));
#1390 = CARTESIAN_POINT('',(-19.08338535407,108.46259969558,
    134.38989221983));
#1391 = CARTESIAN_POINT('',(-19.16835678402,108.4009550962,
    134.38989221983));
#1392 = CARTESIAN_POINT('',(-19.2493846793,108.33431002877,
    134.38989221983));
#1393 = CARTESIAN_POINT('',(-19.47402851074,108.12615433418,
    134.38989221983));
#1394 = CARTESIAN_POINT('',(-19.60632604207,107.97238388425,
    134.38989221983));
#1395 = CARTESIAN_POINT('',(-19.72182285763,107.80461763757,
    134.38989221983));
#1396 = CARTESIAN_POINT('',(-19.81956103542,107.62559933731,
    134.38989221983));
#1397 = CARTESIAN_POINT('',(-19.89881952809,107.43790181852,
    134.38989221983));
#1398 = CARTESIAN_POINT('',(-19.95910408495,107.24392661141,
    134.38989221983));
#1399 = CARTESIAN_POINT('',(-20.,107.04584596232,134.38989221983));
#1400 = PCURVE('',#92,#1401);
#1401 = DEFINITIONAL_REPRESENTATION('',(#1402),#1417);
#1402 = B_SPLINE_CURVE_WITH_KNOTS('',7,(#1403,#1404,#1405,#1406,#1407,
    #1408,#1409,#1410,#1411,#1412,#1413,#1414,#1415,#1416),
  .UNSPECIFIED.,.F.,.F.,(8,6,8),(0.,0.342156374776,1.),.UNSPECIFIED.);
#1403 = CARTESIAN_POINT('',(10.064199496084,40.710362576436));
#1404 = CARTESIAN_POINT('',(10.101750638639,40.807793383188));
#1405 = CARTESIAN_POINT('',(10.145874771817,40.902744789138));
#1406 = CARTESIAN_POINT('',(10.196240956653,40.994739690027));
#1407 = CARTESIAN_POINT('',(10.252456931654,41.083385354072));
#1408 = CARTESIAN_POINT('',(10.314101531033,41.168356784021));
#1409 = CARTESIAN_POINT('',(10.380746598456,41.249384679307));
#1410 = CARTESIAN_POINT('',(10.588902293048,41.47402851074));
#1411 = CARTESIAN_POINT('',(10.74267274298,41.606326042078));
#1412 = CARTESIAN_POINT('',(10.910438989659,41.721822857635));
#1413 = CARTESIAN_POINT('',(11.089457289919,41.819561035427));
#1414 = CARTESIAN_POINT('',(11.277154808707,41.898819528092));
#1415 = CARTESIAN_POINT('',(11.471130015817,41.959104084954));
#1416 = CARTESIAN_POINT('',(11.669210664914,42.));
#1417 = ( GEOMETRIC_REPRESENTATION_CONTEXT(2) 
PARAMETRIC_REPRESENTATION_CONTEXT() REPRESENTATION_CONTEXT('2D SPACE',''
  ) );
#1418 = PCURVE('',#842,#1419);
#1419 = DEFINITIONAL_REPRESENTATION('',(#1420),#1435);
#1420 = B_SPLINE_CURVE_WITH_KNOTS('',7,(#1421,#1422,#1423,#1424,#1425,
    #1426,#1427,#1428,#1429,#1430,#1431,#1432,#1433,#1434),
  .UNSPECIFIED.,.F.,.F.,(8,6,8),(0.,0.342156374776,1.),.UNSPECIFIED.);
#1421 = CARTESIAN_POINT('',(1.013647699399,3.411971218326));
#1422 = CARTESIAN_POINT('',(1.015579263827,3.463594161434));
#1423 = CARTESIAN_POINT('',(1.017904488336,3.51499785164));
#1424 = CARTESIAN_POINT('',(1.020593448178,3.566136572507));
#1425 = CARTESIAN_POINT('',(1.023609615081,3.616987342469));
#1426 = CARTESIAN_POINT('',(1.02691373951,3.667540544053));
#1427 = CARTESIAN_POINT('',(1.03046660701,3.71779528876));
#1428 = CARTESIAN_POINT('',(1.041467605189,3.863822756014));
#1429 = CARTESIAN_POINT('',(1.049480911976,3.95875452334));
#1430 = CARTESIAN_POINT('',(1.058012886179,4.052756908152));
#1431 = CARTESIAN_POINT('',(1.066829465444,4.146029586914));
#1432 = CARTESIAN_POINT('',(1.075745472765,4.238769821482));
#1433 = CARTESIAN_POINT('',(1.084618613044,4.331188327078));
#1434 = CARTESIAN_POINT('',(1.093344098353,4.423570259843));
#1435 = ( GEOMETRIC_REPRESENTATION_CONTEXT(2) 
PARAMETRIC_REPRESENTATION_CONTEXT() REPRESENTATION_CONTEXT('2D SPACE',''
  ) );
#1436 = FACE_BOUND('',#1437,.T.);
#1437 = EDGE_LOOP('',(#1438));
#1438 = ORIENTED_EDGE('',*,*,#1439,.F.);
#1439 = EDGE_CURVE('',#1440,#1440,#1442,.T.);
#1440 = VERTEX_POINT('',#1441);
#1441 = CARTESIAN_POINT('',(12.,109.01505662723,134.38989221983));
#1442 = SURFACE_CURVE('',#1443,(#1451,#1462),.PCURVE_S1.);
#1443 = ( BOUNDED_CURVE() B_SPLINE_CURVE(2,(#1444,#1445,#1446,#1447,
#1448,#1449,#1450),.UNSPECIFIED.,.T.,.F.) B_SPLINE_CURVE_WITH_KNOTS((1,2
    ,2,2,2,1),(-2.094395102393,0.,2.094395102393,4.188790204786,
6.28318530718,8.377580409573),.UNSPECIFIED.) CURVE() 
GEOMETRIC_REPRESENTATION_ITEM() RATIONAL_B_SPLINE_CURVE((1.,0.5,1.,0.5,
1.,0.5,1.)) REPRESENTATION_ITEM('') );
#1444 = CARTESIAN_POINT('',(12.,109.01505662723,134.38989221983));
#1445 = CARTESIAN_POINT('',(9.055513627133,109.01505662723,
    134.38989221983));
#1446 = CARTESIAN_POINT('',(10.527756813566,111.56505662723,
    134.38989221983));
#1447 = CARTESIAN_POINT('',(12.,114.11505662723,134.38989221983));
#1448 = CARTESIAN_POINT('',(13.472243186434,111.56505662723,
    134.38989221983));
#1449 = CARTESIAN_POINT('',(14.944486372867,109.01505662723,
    134.38989221983));
#1450 = CARTESIAN_POINT('',(12.,109.01505662723,134.38989221983));
#1451 = PCURVE('',#92,#1452);
#1452 = DEFINITIONAL_REPRESENTATION('',(#1453),#1461);
#1453 = ( BOUNDED_CURVE() B_SPLINE_CURVE(2,(#1454,#1455,#1456,#1457,
#1458,#1459,#1460),.UNSPECIFIED.,.T.,.F.) B_SPLINE_CURVE_WITH_KNOTS((3,2
    ,2,3),(0.,2.094395102393,4.188790204786,6.28318530718),
.PIECEWISE_BEZIER_KNOTS.) CURVE() GEOMETRIC_REPRESENTATION_ITEM() 
RATIONAL_B_SPLINE_CURVE((1.,0.5,1.,0.5,1.,0.5,1.)) REPRESENTATION_ITEM(
  '') );
#1454 = CARTESIAN_POINT('',(9.7,10.));
#1455 = CARTESIAN_POINT('',(9.7,12.944486372867));
#1456 = CARTESIAN_POINT('',(7.15,11.472243186434));
#1457 = CARTESIAN_POINT('',(4.6,10.));
#1458 = CARTESIAN_POINT('',(7.15,8.527756813566));
#1459 = CARTESIAN_POINT('',(9.7,7.055513627133));
#1460 = CARTESIAN_POINT('',(9.7,10.));
#1461 = ( GEOMETRIC_REPRESENTATION_CONTEXT(2) 
PARAMETRIC_REPRESENTATION_CONTEXT() REPRESENTATION_CONTEXT('2D SPACE',''
  ) );
#1462 = PCURVE('',#694,#1463);
#1463 = DEFINITIONAL_REPRESENTATION('',(#1464),#1472);
#1464 = B_SPLINE_CURVE_WITH_KNOTS('',2,(#1465,#1466,#1467,#1468,#1469,
    #1470,#1471),.UNSPECIFIED.,.F.,.F.,(3,2,2,3),(0.,2.094395102393,
    4.188790204786,6.28318530718),.PIECEWISE_BEZIER_KNOTS.);
#1465 = CARTESIAN_POINT('',(0.,9.999999999999E-02));
#1466 = CARTESIAN_POINT('',(1.047197551197,9.999999999997E-02));
#1467 = CARTESIAN_POINT('',(2.094395102393,9.999999999999E-02));
#1468 = CARTESIAN_POINT('',(3.14159265359,0.1));
#1469 = CARTESIAN_POINT('',(4.188790204786,9.999999999999E-02));
#1470 = CARTESIAN_POINT('',(5.235987755983,0.1));
#1471 = CARTESIAN_POINT('',(6.28318530718,9.999999999999E-02));
#1472 = ( GEOMETRIC_REPRESENTATION_CONTEXT(2) 
PARAMETRIC_REPRESENTATION_CONTEXT() REPRESENTATION_CONTEXT('2D SPACE',''
  ) );
#1473 = FACE_BOUND('',#1474,.T.);
#1474 = EDGE_LOOP('',(#1475));
#1475 = ORIENTED_EDGE('',*,*,#1476,.F.);
#1476 = EDGE_CURVE('',#1477,#1477,#1479,.T.);
#1477 = VERTEX_POINT('',#1478);
#1478 = CARTESIAN_POINT('',(12.,81.015056627234,134.38989221983));
#1479 = SURFACE_CURVE('',#1480,(#1488,#1499),.PCURVE_S1.);
#1480 = ( BOUNDED_CURVE() B_SPLINE_CURVE(2,(#1481,#1482,#1483,#1484,
#1485,#1486,#1487),.UNSPECIFIED.,.T.,.F.) B_SPLINE_CURVE_WITH_KNOTS((1,2
    ,2,2,2,1),(-2.094395102393,0.,2.094395102393,4.188790204786,
6.28318530718,8.377580409573),.UNSPECIFIED.) CURVE() 
GEOMETRIC_REPRESENTATION_ITEM() RATIONAL_B_SPLINE_CURVE((1.,0.5,1.,0.5,
1.,0.5,1.)) REPRESENTATION_ITEM('') );
#1481 = CARTESIAN_POINT('',(12.,81.015056627234,134.38989221983));
#1482 = CARTESIAN_POINT('',(9.055513627133,81.015056627234,
    134.38989221983));
#1483 = CARTESIAN_POINT('',(10.527756813566,83.565056627234,
    134.38989221983));
#1484 = CARTESIAN_POINT('',(12.,86.115056627234,134.38989221983));
#1485 = CARTESIAN_POINT('',(13.472243186434,83.565056627234,
    134.38989221983));
#1486 = CARTESIAN_POINT('',(14.944486372867,81.015056627234,
    134.38989221983));
#1487 = CARTESIAN_POINT('',(12.,81.015056627234,134.38989221983));
#1488 = PCURVE('',#92,#1489);
#1489 = DEFINITIONAL_REPRESENTATION('',(#1490),#1498);
#1490 = ( BOUNDED_CURVE() B_SPLINE_CURVE(2,(#1491,#1492,#1493,#1494,
#1495,#1496,#1497),.UNSPECIFIED.,.T.,.F.) B_SPLINE_CURVE_WITH_KNOTS((3,2
    ,2,3),(0.,2.094395102393,4.188790204786,6.28318530718),
.PIECEWISE_BEZIER_KNOTS.) CURVE() GEOMETRIC_REPRESENTATION_ITEM() 
RATIONAL_B_SPLINE_CURVE((1.,0.5,1.,0.5,1.,0.5,1.)) REPRESENTATION_ITEM(
  '') );
#1491 = CARTESIAN_POINT('',(37.7,10.));
#1492 = CARTESIAN_POINT('',(37.7,12.944486372867));
#1493 = CARTESIAN_POINT('',(35.15,11.472243186434));
#1494 = CARTESIAN_POINT('',(32.6,10.));
#1495 = CARTESIAN_POINT('',(35.15,8.527756813566));
#1496 = CARTESIAN_POINT('',(37.7,7.055513627133));
#1497 = CARTESIAN_POINT('',(37.7,10.));
#1498 = ( GEOMETRIC_REPRESENTATION_CONTEXT(2) 
PARAMETRIC_REPRESENTATION_CONTEXT() REPRESENTATION_CONTEXT('2D SPACE',''
  ) );
#1499 = PCURVE('',#746,#1500);
#1500 = DEFINITIONAL_REPRESENTATION('',(#1501),#1509);
#1501 = B_SPLINE_CURVE_WITH_KNOTS('',2,(#1502,#1503,#1504,#1505,#1506,
    #1507,#1508),.UNSPECIFIED.,.F.,.F.,(3,2,2,3),(0.,2.094395102393,
    4.188790204786,6.28318530718),.PIECEWISE_BEZIER_KNOTS.);
#1502 = CARTESIAN_POINT('',(0.,9.999999999999E-02));
#1503 = CARTESIAN_POINT('',(1.047197551197,9.999999999997E-02));
#1504 = CARTESIAN_POINT('',(2.094395102393,9.999999999999E-02));
#1505 = CARTESIAN_POINT('',(3.14159265359,0.1));
#1506 = CARTESIAN_POINT('',(4.188790204786,9.999999999999E-02));
#1507 = CARTESIAN_POINT('',(5.235987755983,0.1));
#1508 = CARTESIAN_POINT('',(6.28318530718,9.999999999999E-02));
#1509 = ( GEOMETRIC_REPRESENTATION_CONTEXT(2) 
PARAMETRIC_REPRESENTATION_CONTEXT() REPRESENTATION_CONTEXT('2D SPACE',''
  ) );
#1510 = ADVANCED_FACE('',(#1511),#67,.T.);
#1511 = FACE_BOUND('',#1512,.T.);
#1512 = EDGE_LOOP('',(#1513,#1514,#1515,#1516));
#1513 = ORIENTED_EDGE('',*,*,#1003,.F.);
#1514 = ORIENTED_EDGE('',*,*,#53,.T.);
#1515 = ORIENTED_EDGE('',*,*,#240,.T.);
#1516 = ORIENTED_EDGE('',*,*,#1517,.F.);
#1517 = EDGE_CURVE('',#1004,#241,#1518,.T.);
#1518 = SURFACE_CURVE('',#1519,(#1522,#1528),.PCURVE_S1.);
#1519 = B_SPLINE_CURVE_WITH_KNOTS('',1,(#1520,#1521),.UNSPECIFIED.,.F.,
  .F.,(2,2),(0.,5.),.PIECEWISE_BEZIER_KNOTS.);
#1520 = CARTESIAN_POINT('',(22.,74.715056627234,134.38989221983));
#1521 = CARTESIAN_POINT('',(22.,74.715056627234,139.38989221983));
#1522 = PCURVE('',#67,#1523);
#1523 = DEFINITIONAL_REPRESENTATION('',(#1524),#1527);
#1524 = B_SPLINE_CURVE_WITH_KNOTS('',1,(#1525,#1526),.UNSPECIFIED.,.F.,
  .F.,(2,2),(0.,5.),.PIECEWISE_BEZIER_KNOTS.);
#1525 = CARTESIAN_POINT('',(0.,44.));
#1526 = CARTESIAN_POINT('',(5.,44.));
#1527 = ( GEOMETRIC_REPRESENTATION_CONTEXT(2) 
PARAMETRIC_REPRESENTATION_CONTEXT() REPRESENTATION_CONTEXT('2D SPACE',''
  ) );
#1528 = PCURVE('',#274,#1529);
#1529 = DEFINITIONAL_REPRESENTATION('',(#1530),#1533);
#1530 = B_SPLINE_CURVE_WITH_KNOTS('',1,(#1531,#1532),.UNSPECIFIED.,.F.,
  .F.,(2,2),(0.,5.),.PIECEWISE_BEZIER_KNOTS.);
#1531 = CARTESIAN_POINT('',(0.,0.));
#1532 = CARTESIAN_POINT('',(5.,0.));
#1533 = ( GEOMETRIC_REPRESENTATION_CONTEXT(2) 
PARAMETRIC_REPRESENTATION_CONTEXT() REPRESENTATION_CONTEXT('2D SPACE',''
  ) );
#1534 = ADVANCED_FACE('',(#1535),#506,.F.);
#1535 = FACE_BOUND('',#1536,.F.);
#1536 = EDGE_LOOP('',(#1537,#1558,#1559,#1560,#1614));
#1537 = ORIENTED_EDGE('',*,*,#1538,.F.);
#1538 = EDGE_CURVE('',#776,#1064,#1539,.T.);
#1539 = SURFACE_CURVE('',#1540,(#1545,#1552),.PCURVE_S1.);
#1540 = CIRCLE('',#1541,8.072660295614);
#1541 = AXIS2_PLACEMENT_3D('',#1542,#1543,#1544);
#1542 = CARTESIAN_POINT('',(-19.12902050816,115.66546739041,
    130.41650415733));
#1543 = DIRECTION('',(0.998223671906,5.957768748827E-02,
    -1.778091562876E-16));
#1544 = DIRECTION('',(2.533065132706E-03,-4.244148580699E-02,
    0.999095743091));
#1545 = PCURVE('',#506,#1546);
#1546 = DEFINITIONAL_REPRESENTATION('',(#1547),#1551);
#1547 = LINE('',#1548,#1549);
#1548 = CARTESIAN_POINT('',(0.,9.695156525505));
#1549 = VECTOR('',#1550,1.);
#1550 = DIRECTION('',(1.,0.));
#1551 = ( GEOMETRIC_REPRESENTATION_CONTEXT(2) 
PARAMETRIC_REPRESENTATION_CONTEXT() REPRESENTATION_CONTEXT('2D SPACE',''
  ) );
#1552 = PCURVE('',#842,#1553);
#1553 = DEFINITIONAL_REPRESENTATION('',(#1554),#1557);
#1554 = B_SPLINE_CURVE_WITH_KNOTS('',1,(#1555,#1556),.UNSPECIFIED.,.F.,
  .F.,(2,2),(0.,1.528266496758),.PIECEWISE_BEZIER_KNOTS.);
#1555 = CARTESIAN_POINT('',(0.,3.411971218326));
#1556 = CARTESIAN_POINT('',(1.528266496758,3.411971218326));
#1557 = ( GEOMETRIC_REPRESENTATION_CONTEXT(2) 
PARAMETRIC_REPRESENTATION_CONTEXT() REPRESENTATION_CONTEXT('2D SPACE',''
  ) );
#1558 = ORIENTED_EDGE('',*,*,#799,.T.);
#1559 = ORIENTED_EDGE('',*,*,#310,.F.);
#1560 = ORIENTED_EDGE('',*,*,#1561,.F.);
#1561 = EDGE_CURVE('',#1044,#286,#1562,.T.);
#1562 = SURFACE_CURVE('',#1563,(#1578,#1596),.PCURVE_S1.);
#1563 = B_SPLINE_CURVE_WITH_KNOTS('',4,(#1564,#1565,#1566,#1567,#1568,
    #1569,#1570,#1571,#1572,#1573,#1574,#1575,#1576,#1577),
  .UNSPECIFIED.,.F.,.F.,(5,3,3,3,5),(0.,0.269943090058,0.561274934582,
    0.815354860547,1.),.UNSPECIFIED.);
#1564 = CARTESIAN_POINT('',(-20.,106.07663921745,134.38989221983));
#1565 = CARTESIAN_POINT('',(-20.,106.19375744969,134.78327615244));
#1566 = CARTESIAN_POINT('',(-20.,106.33201317362,135.17038138802));
#1567 = CARTESIAN_POINT('',(-20.,106.4908038047,135.54952890883));
#1568 = CARTESIAN_POINT('',(-20.,106.86190158472,136.31812781062));
#1569 = CARTESIAN_POINT('',(-20.,107.07745392569,136.70601750154));
#1570 = CARTESIAN_POINT('',(-20.,107.3148731948,137.08092376823));
#1571 = CARTESIAN_POINT('',(-20.,107.7977568942,137.75533053));
#1572 = CARTESIAN_POINT('',(-20.,108.03831227922,138.05834464744));
#1573 = CARTESIAN_POINT('',(-20.,108.29357483405,138.34908207541));
#1574 = CARTESIAN_POINT('',(-20.,108.7579491024,138.82825093452));
#1575 = CARTESIAN_POINT('',(-20.,108.96060993626,139.02292806789));
#1576 = CARTESIAN_POINT('',(-20.,109.1700946936,139.21024825277));
#1577 = CARTESIAN_POINT('',(-20.,109.38597453105,139.38989221983));
#1578 = PCURVE('',#506,#1579);
#1579 = DEFINITIONAL_REPRESENTATION('',(#1580),#1595);
#1580 = B_SPLINE_CURVE_WITH_KNOTS('',4,(#1581,#1582,#1583,#1584,#1585,
    #1586,#1587,#1588,#1589,#1590,#1591,#1592,#1593,#1594),
  .UNSPECIFIED.,.F.,.F.,(5,3,3,3,5),(0.,0.269943090058,0.561274934582,
    0.815354860547,1.),.UNSPECIFIED.);
#1581 = CARTESIAN_POINT('',(1.13287036873,4.870968823379));
#1582 = CARTESIAN_POINT('',(1.093313427166,4.89306168342));
#1583 = CARTESIAN_POINT('',(1.053976568491,4.915072349002));
#1584 = CARTESIAN_POINT('',(1.014852898816,4.936984580743));
#1585 = CARTESIAN_POINT('',(0.933933259191,4.982307321813));
#1586 = CARTESIAN_POINT('',(0.892171097983,5.005699018916));
#1587 = CARTESIAN_POINT('',(0.850638887601,5.028937412436));
#1588 = CARTESIAN_POINT('',(0.773296755238,5.072118336443));
#1589 = CARTESIAN_POINT('',(0.737434131472,5.092102384535));
#1590 = CARTESIAN_POINT('',(0.701731981903,5.111941419455));
#1591 = CARTESIAN_POINT('',(0.640349523012,5.145924536432));
#1592 = CARTESIAN_POINT('',(0.614596729676,5.160143329093));
#1593 = CARTESIAN_POINT('',(0.588922372766,5.17427342386));
#1594 = CARTESIAN_POINT('',(0.563323778998,5.188309682963));
#1595 = ( GEOMETRIC_REPRESENTATION_CONTEXT(2) 
PARAMETRIC_REPRESENTATION_CONTEXT() REPRESENTATION_CONTEXT('2D SPACE',''
  ) );
#1596 = PCURVE('',#299,#1597);
#1597 = DEFINITIONAL_REPRESENTATION('',(#1598),#1613);
#1598 = B_SPLINE_CURVE_WITH_KNOTS('',4,(#1599,#1600,#1601,#1602,#1603,
    #1604,#1605,#1606,#1607,#1608,#1609,#1610,#1611,#1612),
  .UNSPECIFIED.,.F.,.F.,(5,3,3,3,5),(0.,0.269943090058,0.561274934582,
    0.815354860547,1.),.UNSPECIFIED.);
#1599 = CARTESIAN_POINT('',(0.,12.638417409779));
#1600 = CARTESIAN_POINT('',(0.393383932612,12.521299177538));
#1601 = CARTESIAN_POINT('',(0.780489168191,12.383043453609));
#1602 = CARTESIAN_POINT('',(1.159636688997,12.224252822527));
#1603 = CARTESIAN_POINT('',(1.928235590787,11.853155042512));
#1604 = CARTESIAN_POINT('',(2.316125281706,11.637602701542));
#1605 = CARTESIAN_POINT('',(2.691031548403,11.400183432433));
#1606 = CARTESIAN_POINT('',(3.365438310173,10.917299733028));
#1607 = CARTESIAN_POINT('',(3.668452427607,10.676744348006));
#1608 = CARTESIAN_POINT('',(3.95918985558,10.421481793182));
#1609 = CARTESIAN_POINT('',(4.438358714687,9.95710752483));
#1610 = CARTESIAN_POINT('',(4.633035848058,9.754446690971));
#1611 = CARTESIAN_POINT('',(4.820356032933,9.544961933629));
#1612 = CARTESIAN_POINT('',(5.,9.329082096183));
#1613 = ( GEOMETRIC_REPRESENTATION_CONTEXT(2) 
PARAMETRIC_REPRESENTATION_CONTEXT() REPRESENTATION_CONTEXT('2D SPACE',''
  ) );
#1614 = ORIENTED_EDGE('',*,*,#1063,.T.);
#1615 = ADVANCED_FACE('',(#1616),#299,.F.);
#1616 = FACE_BOUND('',#1617,.F.);
#1617 = EDGE_LOOP('',(#1618,#1619,#1620,#1621));
#1618 = ORIENTED_EDGE('',*,*,#1043,.F.);
#1619 = ORIENTED_EDGE('',*,*,#1561,.T.);
#1620 = ORIENTED_EDGE('',*,*,#285,.T.);
#1621 = ORIENTED_EDGE('',*,*,#1622,.F.);
#1622 = EDGE_CURVE('',#1024,#261,#1623,.T.);
#1623 = SURFACE_CURVE('',#1624,(#1627,#1633),.PCURVE_S1.);
#1624 = B_SPLINE_CURVE_WITH_KNOTS('',1,(#1625,#1626),.UNSPECIFIED.,.F.,
  .F.,(2,2),(0.,5.),.PIECEWISE_BEZIER_KNOTS.);
#1625 = CARTESIAN_POINT('',(-20.,74.715056627234,134.38989221983));
#1626 = CARTESIAN_POINT('',(-20.,74.715056627234,139.38989221983));
#1627 = PCURVE('',#299,#1628);
#1628 = DEFINITIONAL_REPRESENTATION('',(#1629),#1632);
#1629 = B_SPLINE_CURVE_WITH_KNOTS('',1,(#1630,#1631),.UNSPECIFIED.,.F.,
  .F.,(2,2),(0.,5.),.PIECEWISE_BEZIER_KNOTS.);
#1630 = CARTESIAN_POINT('',(0.,44.));
#1631 = CARTESIAN_POINT('',(5.,44.));
#1632 = ( GEOMETRIC_REPRESENTATION_CONTEXT(2) 
PARAMETRIC_REPRESENTATION_CONTEXT() REPRESENTATION_CONTEXT('2D SPACE',''
  ) );
#1633 = PCURVE('',#274,#1634);
#1634 = DEFINITIONAL_REPRESENTATION('',(#1635),#1638);
#1635 = B_SPLINE_CURVE_WITH_KNOTS('',1,(#1636,#1637),.UNSPECIFIED.,.F.,
  .F.,(2,2),(0.,5.),.PIECEWISE_BEZIER_KNOTS.);
#1636 = CARTESIAN_POINT('',(0.,-42.));
#1637 = CARTESIAN_POINT('',(5.,-42.));
#1638 = ( GEOMETRIC_REPRESENTATION_CONTEXT(2) 
PARAMETRIC_REPRESENTATION_CONTEXT() REPRESENTATION_CONTEXT('2D SPACE',''
  ) );
#1639 = ADVANCED_FACE('',(#1640),#274,.F.);
#1640 = FACE_BOUND('',#1641,.F.);
#1641 = EDGE_LOOP('',(#1642,#1643,#1644,#1645));
#1642 = ORIENTED_EDGE('',*,*,#1517,.F.);
#1643 = ORIENTED_EDGE('',*,*,#1023,.T.);
#1644 = ORIENTED_EDGE('',*,*,#1622,.T.);
#1645 = ORIENTED_EDGE('',*,*,#260,.F.);
#1646 = ADVANCED_FACE('',(#1647),#694,.T.);
#1647 = FACE_BOUND('',#1648,.T.);
#1648 = EDGE_LOOP('',(#1649,#1650,#1670,#1671));
#1649 = ORIENTED_EDGE('',*,*,#670,.F.);
#1650 = ORIENTED_EDGE('',*,*,#1651,.F.);
#1651 = EDGE_CURVE('',#1440,#671,#1652,.T.);
#1652 = SEAM_CURVE('',#1653,(#1656,#1663),.PCURVE_S1.);
#1653 = B_SPLINE_CURVE_WITH_KNOTS('',1,(#1654,#1655),.UNSPECIFIED.,.F.,
  .F.,(2,2),(9.999999999999E-02,5.1),.PIECEWISE_BEZIER_KNOTS.);
#1654 = CARTESIAN_POINT('',(12.,109.01505662723,134.38989221983));
#1655 = CARTESIAN_POINT('',(12.,109.01505662723,139.38989221983));
#1656 = PCURVE('',#694,#1657);
#1657 = DEFINITIONAL_REPRESENTATION('',(#1658),#1662);
#1658 = B_SPLINE_CURVE_WITH_KNOTS('',2,(#1659,#1660,#1661),
  .UNSPECIFIED.,.F.,.F.,(3,3),(9.999999999999E-02,5.1),
  .PIECEWISE_BEZIER_KNOTS.);
#1659 = CARTESIAN_POINT('',(6.28318530718,9.999999999999E-02));
#1660 = CARTESIAN_POINT('',(6.28318530718,2.6));
#1661 = CARTESIAN_POINT('',(6.28318530718,5.1));
#1662 = ( GEOMETRIC_REPRESENTATION_CONTEXT(2) 
PARAMETRIC_REPRESENTATION_CONTEXT() REPRESENTATION_CONTEXT('2D SPACE',''
  ) );
#1663 = PCURVE('',#694,#1664);
#1664 = DEFINITIONAL_REPRESENTATION('',(#1665),#1669);
#1665 = B_SPLINE_CURVE_WITH_KNOTS('',2,(#1666,#1667,#1668),
  .UNSPECIFIED.,.F.,.F.,(3,3),(9.999999999999E-02,5.1),
  .PIECEWISE_BEZIER_KNOTS.);
#1666 = CARTESIAN_POINT('',(0.,9.999999999999E-02));
#1667 = CARTESIAN_POINT('',(8.881784197001E-16,2.6));
#1668 = CARTESIAN_POINT('',(0.,5.1));
#1669 = ( GEOMETRIC_REPRESENTATION_CONTEXT(2) 
PARAMETRIC_REPRESENTATION_CONTEXT() REPRESENTATION_CONTEXT('2D SPACE',''
  ) );
#1670 = ORIENTED_EDGE('',*,*,#1439,.T.);
#1671 = ORIENTED_EDGE('',*,*,#1651,.T.);
#1672 = ADVANCED_FACE('',(#1673),#746,.T.);
#1673 = FACE_BOUND('',#1674,.T.);
#1674 = EDGE_LOOP('',(#1675,#1676,#1696,#1697));
#1675 = ORIENTED_EDGE('',*,*,#722,.F.);
#1676 = ORIENTED_EDGE('',*,*,#1677,.F.);
#1677 = EDGE_CURVE('',#1477,#723,#1678,.T.);
#1678 = SEAM_CURVE('',#1679,(#1682,#1689),.PCURVE_S1.);
#1679 = B_SPLINE_CURVE_WITH_KNOTS('',1,(#1680,#1681),.UNSPECIFIED.,.F.,
  .F.,(2,2),(9.999999999999E-02,5.1),.PIECEWISE_BEZIER_KNOTS.);
#1680 = CARTESIAN_POINT('',(12.,81.015056627234,134.38989221983));
#1681 = CARTESIAN_POINT('',(12.,81.015056627234,139.38989221983));
#1682 = PCURVE('',#746,#1683);
#1683 = DEFINITIONAL_REPRESENTATION('',(#1684),#1688);
#1684 = B_SPLINE_CURVE_WITH_KNOTS('',2,(#1685,#1686,#1687),
  .UNSPECIFIED.,.F.,.F.,(3,3),(9.999999999999E-02,5.1),
  .PIECEWISE_BEZIER_KNOTS.);
#1685 = CARTESIAN_POINT('',(6.28318530718,9.999999999999E-02));
#1686 = CARTESIAN_POINT('',(6.28318530718,2.6));
#1687 = CARTESIAN_POINT('',(6.28318530718,5.1));
#1688 = ( GEOMETRIC_REPRESENTATION_CONTEXT(2) 
PARAMETRIC_REPRESENTATION_CONTEXT() REPRESENTATION_CONTEXT('2D SPACE',''
  ) );
#1689 = PCURVE('',#746,#1690);
#1690 = DEFINITIONAL_REPRESENTATION('',(#1691),#1695);
#1691 = B_SPLINE_CURVE_WITH_KNOTS('',2,(#1692,#1693,#1694),
  .UNSPECIFIED.,.F.,.F.,(3,3),(9.999999999999E-02,5.1),
  .PIECEWISE_BEZIER_KNOTS.);
#1692 = CARTESIAN_POINT('',(0.,9.999999999999E-02));
#1693 = CARTESIAN_POINT('',(8.881784197001E-16,2.6));
#1694 = CARTESIAN_POINT('',(0.,5.1));
#1695 = ( GEOMETRIC_REPRESENTATION_CONTEXT(2) 
PARAMETRIC_REPRESENTATION_CONTEXT() REPRESENTATION_CONTEXT('2D SPACE',''
  ) );
#1696 = ORIENTED_EDGE('',*,*,#1476,.T.);
#1697 = ORIENTED_EDGE('',*,*,#1677,.T.);
#1698 = ADVANCED_FACE('',(#1699),#842,.F.);
#1699 = FACE_BOUND('',#1700,.F.);
#1700 = EDGE_LOOP('',(#1701,#1702,#1703,#1704));
#1701 = ORIENTED_EDGE('',*,*,#825,.T.);
#1702 = ORIENTED_EDGE('',*,*,#1538,.T.);
#1703 = ORIENTED_EDGE('',*,*,#1383,.T.);
#1704 = ORIENTED_EDGE('',*,*,#908,.F.);
#1705 = ( GEOMETRIC_REPRESENTATION_CONTEXT(3) 
GLOBAL_UNCERTAINTY_ASSIGNED_CONTEXT((#1709)) 
GLOBAL_UNIT_ASSIGNED_CONTEXT((#1706,#1707,#1708)) REPRESENTATION_CONTEXT
('Context #1','3D Context with UNIT and UNCERTAINTY') );
#1706 = ( LENGTH_UNIT() NAMED_UNIT(*) SI_UNIT(.MILLI.,.METRE.) );
#1707 = ( NAMED_UNIT(*) PLANE_ANGLE_UNIT() SI_UNIT($,.RADIAN.) );
#1708 = ( NAMED_UNIT(*) SI_UNIT($,.STERADIAN.) SOLID_ANGLE_UNIT() );
#1709 = UNCERTAINTY_MEASURE_WITH_UNIT(LENGTH_MEASURE(2.E-06),#1706,
  'distance_accuracy_value','confusion accuracy');
#1710 = PRODUCT_RELATED_PRODUCT_CATEGORY('part',$,(#7));
ENDSEC;
END-ISO-10303-21;
