ISO-10303-21;
HEADER;
FILE_DESCRIPTION(('Open CASCADE Model'),'2;1');
FILE_NAME('Open CASCADE Shape Model','2026-10-01T13:11:56',('Author'),(
    'Open CASCADE'),'Open CASCADE STEP processor 7.8','Open CASCADE 7.8'
  ,'Unknown');
FILE_SCHEMA(('AUTOMOTIVE_DESIGN { 1 0 10303 214 1 1 1 1 }'));
ENDSEC;
DATA;
#1 = APPLICATION_PROTOCOL_DEFINITION('international standard',
  'automotive_design',2000,#2);
#2 = APPLICATION_CONTEXT(
  'core data for automotive mechanical design processes');
#3 = SHAPE_DEFINITION_REPRESENTATION(#4,#10);
#4 = PRODUCT_DEFINITION_SHAPE('','',#5);
#5 = PRODUCT_DEFINITION('design','',#6,#9);
#6 = PRODUCT_DEFINITION_FORMATION('','',#7);
#7 = PRODUCT('Open CASCADE STEP translator 7.8 71',
  'Open CASCADE STEP translator 7.8 71','',(#8));
#8 = PRODUCT_CONTEXT('',#2,'mechanical');
#9 = PRODUCT_DEFINITION_CONTEXT('part definition',#2,'design');
#10 = SHAPE_REPRESENTATION('',(#11,#15,#19),#23);
#11 = AXIS2_PLACEMENT_3D('',#12,#13,#14);
#12 = CARTESIAN_POINT('',(0.,0.,0.));
#13 = DIRECTION('',(0.,0.,1.));
#14 = DIRECTION('',(1.,0.,-0.));
#15 = AXIS2_PLACEMENT_3D('',#16,#17,#18);
#16 = CARTESIAN_POINT('',(0.,0.,0.));
#17 = DIRECTION('',(0.,0.,1.));
#18 = DIRECTION('',(1.,0.,-0.));
#19 = AXIS2_PLACEMENT_3D('',#20,#21,#22);
#20 = CARTESIAN_POINT('',(0.,0.,0.));
#21 = DIRECTION('',(0.,0.,1.));
#22 = DIRECTION('',(1.,0.,-0.));
#23 = ( GEOMETRIC_REPRESENTATION_CONTEXT(3) 
GLOBAL_UNCERTAINTY_ASSIGNED_CONTEXT((#27)) GLOBAL_UNIT_ASSIGNED_CONTEXT(
(#24,#25,#26)) REPRESENTATION_CONTEXT('Context #1',
  '3D Context with UNIT and UNCERTAINTY') );
#24 = ( LENGTH_UNIT() NAMED_UNIT(*) SI_UNIT(.MILLI.,.METRE.) );
#25 = ( NAMED_UNIT(*) PLANE_ANGLE_UNIT() SI_UNIT($,.RADIAN.) );
#26 = ( NAMED_UNIT(*) SI_UNIT($,.STERADIAN.) SOLID_ANGLE_UNIT() );
#27 = UNCERTAINTY_MEASURE_WITH_UNIT(LENGTH_MEASURE(2.E-06),#24,
  'distance_accuracy_value','confusion accuracy');
#28 = PRODUCT_RELATED_PRODUCT_CATEGORY('part',$,(#7));
#29 = SHAPE_DEFINITION_REPRESENTATION(#30,#36);
#30 = PRODUCT_DEFINITION_SHAPE('','',#31);
#31 = PRODUCT_DEFINITION('design','',#32,#35);
#32 = PRODUCT_DEFINITION_FORMATION('','',#33);
#33 = PRODUCT('Open CASCADE STEP translator 7.8 71.1',
  'Open CASCADE STEP translator 7.8 71.1','',(#34));
#34 = PRODUCT_CONTEXT('',#2,'mechanical');
#35 = PRODUCT_DEFINITION_CONTEXT('part definition',#2,'design');
#36 = ADVANCED_BREP_SHAPE_REPRESENTATION('',(#11,#37),#4703);
#37 = MANIFOLD_SOLID_BREP('',#38);
#38 = CLOSED_SHELL('',(#39,#147,#858,#930,#1226,#1575,#1628,#2801,#3067,
    #3097,#3729,#3757,#3863,#3907,#3962,#4157,#4265,#4289,#4297,#4648,
    #4671,#4696));
#39 = ADVANCED_FACE('',(#40),#53,.T.);
#40 = FACE_BOUND('',#41,.T.);
#41 = EDGE_LOOP('',(#42,#74,#99,#124));
#42 = ORIENTED_EDGE('',*,*,#43,.F.);
#43 = EDGE_CURVE('',#44,#46,#48,.T.);
#44 = VERTEX_POINT('',#45);
#45 = CARTESIAN_POINT('',(10.,165.87548833848,141.38989221983));
#46 = VERTEX_POINT('',#47);
#47 = CARTESIAN_POINT('',(-13.,165.87548833848,141.38989221983));
#48 = SURFACE_CURVE('',#49,(#52,#63),.PCURVE_S1.);
#49 = B_SPLINE_CURVE_WITH_KNOTS('',1,(#50,#51),.UNSPECIFIED.,.F.,.F.,(2,
    2),(0.,23.),.PIECEWISE_BEZIER_KNOTS.);
#50 = CARTESIAN_POINT('',(10.,165.87548833848,141.38989221983));
#51 = CARTESIAN_POINT('',(-13.,165.87548833848,141.38989221983));
#52 = PCURVE('',#53,#58);
#53 = B_SPLINE_SURFACE_WITH_KNOTS('',1,1,(
    (#54,#55)
    ,(#56,#57)),.UNSPECIFIED.,.F.,.F.,.F.,(2,2),(2,2),(0.,2.),(-23.,0.),
  .PIECEWISE_BEZIER_KNOTS.);
#54 = CARTESIAN_POINT('',(-13.,165.87548833848,139.38989221983));
#55 = CARTESIAN_POINT('',(10.,165.87548833848,139.38989221983));
#56 = CARTESIAN_POINT('',(-13.,165.87548833848,141.38989221983));
#57 = CARTESIAN_POINT('',(10.,165.87548833848,141.38989221983));
#58 = DEFINITIONAL_REPRESENTATION('',(#59),#62);
#59 = B_SPLINE_CURVE_WITH_KNOTS('',1,(#60,#61),.UNSPECIFIED.,.F.,.F.,(2,
    2),(0.,23.),.PIECEWISE_BEZIER_KNOTS.);
#60 = CARTESIAN_POINT('',(2.,0.));
#61 = CARTESIAN_POINT('',(2.,-23.));
#62 = ( GEOMETRIC_REPRESENTATION_CONTEXT(2) 
PARAMETRIC_REPRESENTATION_CONTEXT() REPRESENTATION_CONTEXT('2D SPACE',''
  ) );
#63 = PCURVE('',#64,#69);
#64 = B_SPLINE_SURFACE_WITH_KNOTS('',1,1,(
    (#65,#66)
    ,(#67,#68)),.UNSPECIFIED.,.F.,.F.,.F.,(2,2),(2,2),(0.,30.),(0.,23.),
  .PIECEWISE_BEZIER_KNOTS.);
#65 = CARTESIAN_POINT('',(10.,165.87548833848,141.38989221983));
#66 = CARTESIAN_POINT('',(-13.,165.87548833848,141.38989221983));
#67 = CARTESIAN_POINT('',(10.,135.87548833848,141.38989221983));
#68 = CARTESIAN_POINT('',(-13.,135.87548833848,141.38989221983));
#69 = DEFINITIONAL_REPRESENTATION('',(#70),#73);
#70 = B_SPLINE_CURVE_WITH_KNOTS('',1,(#71,#72),.UNSPECIFIED.,.F.,.F.,(2,
    2),(0.,23.),.PIECEWISE_BEZIER_KNOTS.);
#71 = CARTESIAN_POINT('',(0.,0.));
#72 = CARTESIAN_POINT('',(0.,23.));
#73 = ( GEOMETRIC_REPRESENTATION_CONTEXT(2) 
PARAMETRIC_REPRESENTATION_CONTEXT() REPRESENTATION_CONTEXT('2D SPACE',''
  ) );
#74 = ORIENTED_EDGE('',*,*,#75,.F.);
#75 = EDGE_CURVE('',#76,#44,#78,.T.);
#76 = VERTEX_POINT('',#77);
#77 = CARTESIAN_POINT('',(10.,165.87548833848,139.38989221983));
#78 = SURFACE_CURVE('',#79,(#82,#88),.PCURVE_S1.);
#79 = B_SPLINE_CURVE_WITH_KNOTS('',1,(#80,#81),.UNSPECIFIED.,.F.,.F.,(2,
    2),(0.,2.),.PIECEWISE_BEZIER_KNOTS.);
#80 = CARTESIAN_POINT('',(10.,165.87548833848,139.38989221983));
#81 = CARTESIAN_POINT('',(10.,165.87548833848,141.38989221983));
#82 = PCURVE('',#53,#83);
#83 = DEFINITIONAL_REPRESENTATION('',(#84),#87);
#84 = B_SPLINE_CURVE_WITH_KNOTS('',1,(#85,#86),.UNSPECIFIED.,.F.,.F.,(2,
    2),(0.,2.),.PIECEWISE_BEZIER_KNOTS.);
#85 = CARTESIAN_POINT('',(0.,0.));
#86 = CARTESIAN_POINT('',(2.,0.));
#87 = ( GEOMETRIC_REPRESENTATION_CONTEXT(2) 
PARAMETRIC_REPRESENTATION_CONTEXT() REPRESENTATION_CONTEXT('2D SPACE',''
  ) );
#88 = PCURVE('',#89,#94);
#89 = B_SPLINE_SURFACE_WITH_KNOTS('',1,1,(
    (#90,#91)
    ,(#92,#93)),.UNSPECIFIED.,.F.,.F.,.F.,(2,2),(2,2),(0.,2.),(0.,30.),
  .PIECEWISE_BEZIER_KNOTS.);
#90 = CARTESIAN_POINT('',(10.,165.87548833848,139.38989221983));
#91 = CARTESIAN_POINT('',(10.,135.87548833848,139.38989221983));
#92 = CARTESIAN_POINT('',(10.,165.87548833848,141.38989221983));
#93 = CARTESIAN_POINT('',(10.,135.87548833848,141.38989221983));
#94 = DEFINITIONAL_REPRESENTATION('',(#95),#98);
#95 = B_SPLINE_CURVE_WITH_KNOTS('',1,(#96,#97),.UNSPECIFIED.,.F.,.F.,(2,
    2),(0.,2.),.PIECEWISE_BEZIER_KNOTS.);
#96 = CARTESIAN_POINT('',(0.,0.));
#97 = CARTESIAN_POINT('',(2.,0.));
#98 = ( GEOMETRIC_REPRESENTATION_CONTEXT(2) 
PARAMETRIC_REPRESENTATION_CONTEXT() REPRESENTATION_CONTEXT('2D SPACE',''
  ) );
#99 = ORIENTED_EDGE('',*,*,#100,.T.);
#100 = EDGE_CURVE('',#76,#101,#103,.T.);
#101 = VERTEX_POINT('',#102);
#102 = CARTESIAN_POINT('',(-13.,165.87548833848,139.38989221983));
#103 = SURFACE_CURVE('',#104,(#107,#113),.PCURVE_S1.);
#104 = B_SPLINE_CURVE_WITH_KNOTS('',1,(#105,#106),.UNSPECIFIED.,.F.,.F.,
  (2,2),(0.,23.),.PIECEWISE_BEZIER_KNOTS.);
#105 = CARTESIAN_POINT('',(10.,165.87548833848,139.38989221983));
#106 = CARTESIAN_POINT('',(-13.,165.87548833848,139.38989221983));
#107 = PCURVE('',#53,#108);
#108 = DEFINITIONAL_REPRESENTATION('',(#109),#112);
#109 = B_SPLINE_CURVE_WITH_KNOTS('',1,(#110,#111),.UNSPECIFIED.,.F.,.F.,
  (2,2),(0.,23.),.PIECEWISE_BEZIER_KNOTS.);
#110 = CARTESIAN_POINT('',(0.,0.));
#111 = CARTESIAN_POINT('',(0.,-23.));
#112 = ( GEOMETRIC_REPRESENTATION_CONTEXT(2) 
PARAMETRIC_REPRESENTATION_CONTEXT() REPRESENTATION_CONTEXT('2D SPACE',''
  ) );
#113 = PCURVE('',#114,#119);
#114 = B_SPLINE_SURFACE_WITH_KNOTS('',1,1,(
    (#115,#116)
    ,(#117,#118
    )),.UNSPECIFIED.,.F.,.F.,.F.,(2,2),(2,2),(0.,30.),(0.,23.),
  .PIECEWISE_BEZIER_KNOTS.);
#115 = CARTESIAN_POINT('',(10.,165.87548833848,139.38989221983));
#116 = CARTESIAN_POINT('',(-13.,165.87548833848,139.38989221983));
#117 = CARTESIAN_POINT('',(10.,135.87548833848,139.38989221983));
#118 = CARTESIAN_POINT('',(-13.,135.87548833848,139.38989221983));
#119 = DEFINITIONAL_REPRESENTATION('',(#120),#123);
#120 = B_SPLINE_CURVE_WITH_KNOTS('',1,(#121,#122),.UNSPECIFIED.,.F.,.F.,
  (2,2),(0.,23.),.PIECEWISE_BEZIER_KNOTS.);
#121 = CARTESIAN_POINT('',(0.,0.));
#122 = CARTESIAN_POINT('',(0.,23.));
#123 = ( GEOMETRIC_REPRESENTATION_CONTEXT(2) 
PARAMETRIC_REPRESENTATION_CONTEXT() REPRESENTATION_CONTEXT('2D SPACE',''
  ) );
#124 = ORIENTED_EDGE('',*,*,#125,.T.);
#125 = EDGE_CURVE('',#101,#46,#126,.T.);
#126 = SURFACE_CURVE('',#127,(#130,#136),.PCURVE_S1.);
#127 = B_SPLINE_CURVE_WITH_KNOTS('',1,(#128,#129),.UNSPECIFIED.,.F.,.F.,
  (2,2),(28.,30.),.PIECEWISE_BEZIER_KNOTS.);
#128 = CARTESIAN_POINT('',(-13.,165.87548833848,139.38989221983));
#129 = CARTESIAN_POINT('',(-13.,165.87548833848,141.38989221983));
#130 = PCURVE('',#53,#131);
#131 = DEFINITIONAL_REPRESENTATION('',(#132),#135);
#132 = B_SPLINE_CURVE_WITH_KNOTS('',1,(#133,#134),.UNSPECIFIED.,.F.,.F.,
  (2,2),(28.,30.),.PIECEWISE_BEZIER_KNOTS.);
#133 = CARTESIAN_POINT('',(0.,-23.));
#134 = CARTESIAN_POINT('',(2.,-23.));
#135 = ( GEOMETRIC_REPRESENTATION_CONTEXT(2) 
PARAMETRIC_REPRESENTATION_CONTEXT() REPRESENTATION_CONTEXT('2D SPACE',''
  ) );
#136 = PCURVE('',#137,#142);
#137 = B_SPLINE_SURFACE_WITH_KNOTS('',1,1,(
    (#138,#139)
    ,(#140,#141
    )),.UNSPECIFIED.,.F.,.F.,.F.,(2,2),(2,2),(0.,2.),(-25.,-23.),
  .PIECEWISE_BEZIER_KNOTS.);
#138 = CARTESIAN_POINT('',(-15.,165.87548833848,139.38989221983));
#139 = CARTESIAN_POINT('',(-13.,165.87548833848,139.38989221983));
#140 = CARTESIAN_POINT('',(-15.,165.87548833848,141.38989221983));
#141 = CARTESIAN_POINT('',(-13.,165.87548833848,141.38989221983));
#142 = DEFINITIONAL_REPRESENTATION('',(#143),#146);
#143 = B_SPLINE_CURVE_WITH_KNOTS('',1,(#144,#145),.UNSPECIFIED.,.F.,.F.,
  (2,2),(28.,30.),.PIECEWISE_BEZIER_KNOTS.);
#144 = CARTESIAN_POINT('',(0.,-23.));
#145 = CARTESIAN_POINT('',(2.,-23.));
#146 = ( GEOMETRIC_REPRESENTATION_CONTEXT(2) 
PARAMETRIC_REPRESENTATION_CONTEXT() REPRESENTATION_CONTEXT('2D SPACE',''
  ) );
#147 = ADVANCED_FACE('',(#148,#806),#64,.F.);
#148 = FACE_BOUND('',#149,.F.);
#149 = EDGE_LOOP('',(#150,#151,#171,#610,#644,#694,#729,#758,#783));
#150 = ORIENTED_EDGE('',*,*,#43,.F.);
#151 = ORIENTED_EDGE('',*,*,#152,.T.);
#152 = EDGE_CURVE('',#44,#153,#155,.T.);
#153 = VERTEX_POINT('',#154);
#154 = CARTESIAN_POINT('',(10.,156.7857883034,141.38989221983));
#155 = SURFACE_CURVE('',#156,(#159,#165),.PCURVE_S1.);
#156 = B_SPLINE_CURVE_WITH_KNOTS('',1,(#157,#158),.UNSPECIFIED.,.F.,.F.,
  (2,2),(0.,30.),.PIECEWISE_BEZIER_KNOTS.);
#157 = CARTESIAN_POINT('',(10.,165.87548833848,141.38989221983));
#158 = CARTESIAN_POINT('',(10.,135.87548833848,141.38989221983));
#159 = PCURVE('',#64,#160);
#160 = DEFINITIONAL_REPRESENTATION('',(#161),#164);
#161 = B_SPLINE_CURVE_WITH_KNOTS('',1,(#162,#163),.UNSPECIFIED.,.F.,.F.,
  (2,2),(0.,30.),.PIECEWISE_BEZIER_KNOTS.);
#162 = CARTESIAN_POINT('',(0.,0.));
#163 = CARTESIAN_POINT('',(30.,0.));
#164 = ( GEOMETRIC_REPRESENTATION_CONTEXT(2) 
PARAMETRIC_REPRESENTATION_CONTEXT() REPRESENTATION_CONTEXT('2D SPACE',''
  ) );
#165 = PCURVE('',#89,#166);
#166 = DEFINITIONAL_REPRESENTATION('',(#167),#170);
#167 = B_SPLINE_CURVE_WITH_KNOTS('',1,(#168,#169),.UNSPECIFIED.,.F.,.F.,
  (2,2),(0.,30.),.PIECEWISE_BEZIER_KNOTS.);
#168 = CARTESIAN_POINT('',(2.,0.));
#169 = CARTESIAN_POINT('',(2.,30.));
#170 = ( GEOMETRIC_REPRESENTATION_CONTEXT(2) 
PARAMETRIC_REPRESENTATION_CONTEXT() REPRESENTATION_CONTEXT('2D SPACE',''
  ) );
#171 = ORIENTED_EDGE('',*,*,#172,.T.);
#172 = EDGE_CURVE('',#153,#173,#175,.T.);
#173 = VERTEX_POINT('',#174);
#174 = CARTESIAN_POINT('',(4.042892824451,149.4,141.38989221983));
#175 = SURFACE_CURVE('',#176,(#317,#461),.PCURVE_S1.);
#176 = B_SPLINE_CURVE_WITH_KNOTS('',4,(#177,#178,#179,#180,#181,#182,
    #183,#184,#185,#186,#187,#188,#189,#190,#191,#192,#193,#194,#195,
    #196,#197,#198,#199,#200,#201,#202,#203,#204,#205,#206,#207,#208,
    #209,#210,#211,#212,#213,#214,#215,#216,#217,#218,#219,#220,#221,
    #222,#223,#224,#225,#226,#227,#228,#229,#230,#231,#232,#233,#234,
    #235,#236,#237,#238,#239,#240,#241,#242,#243,#244,#245,#246,#247,
    #248,#249,#250,#251,#252,#253,#254,#255,#256,#257,#258,#259,#260,
    #261,#262,#263,#264,#265,#266,#267,#268,#269,#270,#271,#272,#273,
    #274,#275,#276,#277,#278,#279,#280,#281,#282,#283,#284,#285,#286,
    #287,#288,#289,#290,#291,#292,#293,#294,#295,#296,#297,#298,#299,
    #300,#301,#302,#303,#304,#305,#306,#307,#308,#309,#310,#311,#312,
    #313,#314,#315,#316),.UNSPECIFIED.,.F.,.F.,(5,3,3,3,3,3,3,3,3,3,3,3,
    3,3,3,3,3,3,3,3,3,3,3,3,3,3,3,3,3,3,3,3,3,3,3,3,3,3,3,3,3,3,3,3,3,3,
    5),(0.,1.326824414554E-02,2.650614001963E-02,4.127148541708E-02,
    5.552768097344E-02,6.825642700635E-02,8.098517303927E-02,
    9.575051843672E-02,0.110006713993,0.124262909549,0.134955056217,
    0.142592303838,0.157357649235,0.17110469495,0.184851740665,
    0.199107936222,0.211327532414,0.219473929875,0.234239275272,
    0.250532070193,0.263260816226,0.277007861941,0.290245757815,
    0.306029402894,0.318758148927,0.333014344484,0.342688191469,
    0.356944387025,0.371200582582,0.397167224463,0.406331921607,
    0.417024068275,0.43077111399,0.438917511452,0.451646257485,
    0.466411602882,0.476085449867,0.487795896218,0.513762538099,
    0.525472984449,0.5371834308,0.606936955203,0.619156551394,
    0.652251290989,0.663452587498,0.831980866274,1.),.UNSPECIFIED.);
#177 = CARTESIAN_POINT('',(10.,156.7857883034,141.38989221983));
#178 = CARTESIAN_POINT('',(9.966743444966,156.77858386078,
    141.38989221983));
#179 = CARTESIAN_POINT('',(9.933530143316,156.77117975572,
    141.38989221983));
#180 = CARTESIAN_POINT('',(9.900361893056,156.76357637772,
    141.38989221983));
#181 = CARTESIAN_POINT('',(9.834194835285,156.74798976554,
    141.38989221983));
#182 = CARTESIAN_POINT('',(9.801195813676,156.74000743996,
    141.38989221983));
#183 = CARTESIAN_POINT('',(9.76824519884,156.7318275909,141.38989221983)
  );
#184 = CARTESIAN_POINT('',(9.698648119912,156.71410717963,
    141.38989221983));
#185 = CARTESIAN_POINT('',(9.66201390325,156.70451851536,141.38989221983
    ));
#186 = CARTESIAN_POINT('',(9.625444568712,156.69468530204,
    141.38989221983));
#187 = CARTESIAN_POINT('',(9.553699242094,156.67487861256,
    141.38989221983));
#188 = CARTESIAN_POINT('',(9.518518686837,156.66492166533,
    141.38989221983));
#189 = CARTESIAN_POINT('',(9.483403094568,156.65473798005,
    141.38989221983));
#190 = CARTESIAN_POINT('',(9.417061401655,156.63503376583,
    141.38989221983));
#191 = CARTESIAN_POINT('',(9.385821682404,156.62555908897,
    141.38989221983));
#192 = CARTESIAN_POINT('',(9.354637052456,156.61590463841,
    141.38989221983));
#193 = CARTESIAN_POINT('',(9.292381069078,156.59623716858,
    141.38989221983));
#194 = CARTESIAN_POINT('',(9.261309715624,156.58622414931,
    141.38989221983));
#195 = CARTESIAN_POINT('',(9.230296549362,156.576032335,141.38989221983)
  );
#196 = CARTESIAN_POINT('',(9.163437121554,156.55363293344,
    141.38989221983));
#197 = CARTESIAN_POINT('',(9.127611501779,156.54136373295,
    141.38989221983));
#198 = CARTESIAN_POINT('',(9.091868655464,156.52885544569,
    141.38989221983));
#199 = CARTESIAN_POINT('',(9.021782860312,156.5038019398,141.38989221983
    ));
#200 = CARTESIAN_POINT('',(8.987434139517,156.49127286777,
    141.38989221983));
#201 = CARTESIAN_POINT('',(8.953166956848,156.47852247725,
    141.38989221983));
#202 = CARTESIAN_POINT('',(8.884799935268,156.45258067857,
    141.38989221983));
#203 = CARTESIAN_POINT('',(8.850700096317,156.43938927039,
    141.38989221983));
#204 = CARTESIAN_POINT('',(8.816686062959,156.42597816302,
    141.38989221983));
#205 = CARTESIAN_POINT('',(8.757315370318,156.4021257404,141.38989221983
    ));
#206 = CARTESIAN_POINT('',(8.731920244585,156.39178017134,
    141.38989221983));
#207 = CARTESIAN_POINT('',(8.706575469063,156.38131185896,
    141.38989221983));
#208 = CARTESIAN_POINT('',(8.663215119525,156.36315640094,
    141.38989221983));
#209 = CARTESIAN_POINT('',(8.645174449199,156.35552919235,
    141.38989221983));
#210 = CARTESIAN_POINT('',(8.627160244495,156.34783968484,
    141.38989221983));
#211 = CARTESIAN_POINT('',(8.574397155036,156.32510146002,
    141.38989221983));
#212 = CARTESIAN_POINT('',(8.539721609409,156.30988256228,
    141.38989221983));
#213 = CARTESIAN_POINT('',(8.505148519294,156.29443232756,
    141.38989221983));
#214 = CARTESIAN_POINT('',(8.438588991992,156.26415269936,
    141.38989221983));
#215 = CARTESIAN_POINT('',(8.406588602915,156.24935397429,
    141.38989221983));
#216 = CARTESIAN_POINT('',(8.374680888041,156.23435647796,
    141.38989221983));
#217 = CARTESIAN_POINT('',(8.311054499664,156.20396570667,
    141.38989221983));
#218 = CARTESIAN_POINT('',(8.279335826129,156.18857243171,
    141.38989221983));
#219 = CARTESIAN_POINT('',(8.24771351973,156.17298214939,141.38989221983
    ));
#220 = CARTESIAN_POINT('',(8.183497740994,156.14082472206,
    141.38989221983));
#221 = CARTESIAN_POINT('',(8.150911677163,156.12424278278,
    141.38989221983));
#222 = CARTESIAN_POINT('',(8.118433259306,156.10745098002,
    141.38989221983));
#223 = CARTESIAN_POINT('',(8.058319863833,156.07587842779,
    141.38989221983));
#224 = CARTESIAN_POINT('',(8.030655791015,156.06115307483,
    141.38989221983));
#225 = CARTESIAN_POINT('',(8.003073561798,156.04627498436,
    141.38989221983));
#226 = CARTESIAN_POINT('',(7.957241687599,156.02122475318,
    141.38989221983));
#227 = CARTESIAN_POINT('',(7.938945873335,156.0111370837,141.38989221983
    ));
#228 = CARTESIAN_POINT('',(7.920687368139,156.00098204146,
    141.38989221983));
#229 = CARTESIAN_POINT('',(7.869441298513,155.9722320852,141.38989221983
    ));
#230 = CARTESIAN_POINT('',(7.836539839748,155.95348368996,
    141.38989221983));
#231 = CARTESIAN_POINT('',(7.803764378422,155.93451588968,
    141.38989221983));
#232 = CARTESIAN_POINT('',(7.7350925181,155.89415929793,141.38989221983)
  );
#233 = CARTESIAN_POINT('',(7.699224011521,155.87272304385,
    141.38989221983));
#234 = CARTESIAN_POINT('',(7.663514517905,155.85102293282,
    141.38989221983));
#235 = CARTESIAN_POINT('',(7.600195386641,155.8119028043,141.38989221983
    ));
#236 = CARTESIAN_POINT('',(7.572522660533,155.79458490055,
    141.38989221983));
#237 = CARTESIAN_POINT('',(7.544950139056,155.77710789795,
    141.38989221983));
#238 = CARTESIAN_POINT('',(7.487810563328,155.74042663223,
    141.38989221983));
#239 = CARTESIAN_POINT('',(7.458260410567,155.72119604106,
    141.38989221983));
#240 = CARTESIAN_POINT('',(7.428830452911,155.701782006,141.38989221983)
  );
#241 = CARTESIAN_POINT('',(7.371299813728,155.66331511333,
    141.38989221983));
#242 = CARTESIAN_POINT('',(7.343190270038,155.64427550981,
    141.38989221983));
#243 = CARTESIAN_POINT('',(7.315195279352,155.62506786952,
    141.38989221983));
#244 = CARTESIAN_POINT('',(7.254076070886,155.58259270977,
    141.38989221983));
#245 = CARTESIAN_POINT('',(7.221000780937,155.559254786,141.38989221983)
  );
#246 = CARTESIAN_POINT('',(7.188093015642,155.53568123145,
    141.38989221983));
#247 = CARTESIAN_POINT('',(7.128953880077,155.4926743808,141.38989221983
    ));
#248 = CARTESIAN_POINT('',(7.102663061367,155.47332283274,
    141.38989221983));
#249 = CARTESIAN_POINT('',(7.07648413751,155.45382017892,141.38989221983
    ));
#250 = CARTESIAN_POINT('',(7.021224785774,155.41215628181,
    141.38989221983));
#251 = CARTESIAN_POINT('',(6.992173153887,155.38995684598,
    141.38989221983));
#252 = CARTESIAN_POINT('',(6.96326533218,155.36757046373,141.38989221983
    ));
#253 = CARTESIAN_POINT('',(6.914985897886,155.32968188418,
    141.38989221983));
#254 = CARTESIAN_POINT('',(6.895535725161,155.31427979192,
    141.38989221983));
#255 = CARTESIAN_POINT('',(6.876153158784,155.29879270743,
    141.38989221983));
#256 = CARTESIAN_POINT('',(6.828375420339,155.26027341428,
    141.38989221983));
#257 = CARTESIAN_POINT('',(6.800060116125,155.23714214078,
    141.38989221983));
#258 = CARTESIAN_POINT('',(6.771894617935,155.2138286902,141.38989221983
    ));
#259 = CARTESIAN_POINT('',(6.715866730892,155.16684036791,
    141.38989221983));
#260 = CARTESIAN_POINT('',(6.688004342007,155.14316549617,
    141.38989221983));
#261 = CARTESIAN_POINT('',(6.660295256403,155.11931138035,
    141.38989221983));
#262 = CARTESIAN_POINT('',(6.582553437588,155.0515072045,141.38989221983
    ));
#263 = CARTESIAN_POINT('',(6.532879986136,155.0071452043,141.38989221983
    ));
#264 = CARTESIAN_POINT('',(6.48373123384,154.96220258546,141.38989221983
    ));
#265 = CARTESIAN_POINT('',(6.417959371922,154.900625076,141.38989221983)
  );
#266 = CARTESIAN_POINT('',(6.400868109471,154.88449022583,
    141.38989221983));
#267 = CARTESIAN_POINT('',(6.383843904204,154.86828463799,
    141.38989221983));
#268 = CARTESIAN_POINT('',(6.347104364409,154.83302017573,
    141.38989221983));
#269 = CARTESIAN_POINT('',(6.327413402923,154.81393590875,
    141.38989221983));
#270 = CARTESIAN_POINT('',(6.307815003663,154.79475659811,
    141.38989221983));
#271 = CARTESIAN_POINT('',(6.263231798663,154.75070247789,
    141.38989221983));
#272 = CARTESIAN_POINT('',(6.23830788895,154.72576604091,141.38989221983
    ));
#273 = CARTESIAN_POINT('',(6.213539577902,154.70067504785,
    141.38989221983));
#274 = CARTESIAN_POINT('',(6.174343829449,154.66047150678,
    141.38989221983));
#275 = CARTESIAN_POINT('',(6.159814507491,154.64545828932,
    141.38989221983));
#276 = CARTESIAN_POINT('',(6.145340625371,154.63039161645,
    141.38989221983));
#277 = CARTESIAN_POINT('',(6.108394120061,154.5916470774,141.38989221983
    ));
#278 = CARTESIAN_POINT('',(6.08600183177,154.56789260444,141.38989221983
    ));
#279 = CARTESIAN_POINT('',(6.063746733113,154.54400955304,
    141.38989221983));
#280 = CARTESIAN_POINT('',(6.015974426819,154.4921470133,141.38989221983
    ));
#281 = CARTESIAN_POINT('',(5.990505012243,154.46412350114,
    141.38989221983));
#282 = CARTESIAN_POINT('',(5.965223398778,154.43593044643,
    141.38989221983));
#283 = CARTESIAN_POINT('',(5.923691593741,154.38898860107,
    141.38989221983));
#284 = CARTESIAN_POINT('',(5.907333255902,154.3703354928,141.38989221983
    ));
#285 = CARTESIAN_POINT('',(5.891056725552,154.35161095743,
    141.38989221983));
#286 = CARTESIAN_POINT('',(5.855258893375,154.3100631819,141.38989221983
    ));
#287 = CARTESIAN_POINT('',(5.835775879222,154.28720695283,
    141.38989221983));
#288 = CARTESIAN_POINT('',(5.816414251331,154.26424780621,
    141.38989221983));
#289 = CARTESIAN_POINT('',(5.754513472362,154.19005124653,
    141.38989221983));
#290 = CARTESIAN_POINT('',(5.712452943493,154.1384145275,141.38989221983
    ));
#291 = CARTESIAN_POINT('',(5.671002068819,154.0862871467,141.38989221983
    ));
#292 = CARTESIAN_POINT('',(5.61175452923,154.0099552074,141.38989221983)
  );
#293 = CARTESIAN_POINT('',(5.593465466787,153.98613283886,
    141.38989221983));
#294 = CARTESIAN_POINT('',(5.575302893314,153.96221389296,
    141.38989221983));
#295 = CARTESIAN_POINT('',(5.539232243509,153.91418486931,
    141.38989221983));
#296 = CARTESIAN_POINT('',(5.521324167169,153.89007479154,
    141.38989221983));
#297 = CARTESIAN_POINT('',(5.50354409899,153.86587015927,141.38989221983
    ));
#298 = CARTESIAN_POINT('',(5.380752337229,153.69683946528,
    141.38989221983));
#299 = CARTESIAN_POINT('',(5.280179983291,153.54878838681,
    141.38989221983));
#300 = CARTESIAN_POINT('',(5.184332979166,153.39763524588,
    141.38989221983));
#301 = CARTESIAN_POINT('',(5.077408343295,153.21662796844,
    141.38989221983));
#302 = CARTESIAN_POINT('',(5.061618457845,153.18955738548,
    141.38989221983));
#303 = CARTESIAN_POINT('',(5.045978494807,153.16239990951,
    141.38989221983));
#304 = CARTESIAN_POINT('',(4.988538895089,153.06137334116,
    141.38989221983));
#305 = CARTESIAN_POINT('',(4.947693526573,152.98696168903,
    141.38989221983));
#306 = CARTESIAN_POINT('',(4.90796717292,152.91194665768,141.38989221983
    ));
#307 = CARTESIAN_POINT('',(4.856310114694,152.81076836448,
    141.38989221983));
#308 = CARTESIAN_POINT('',(4.843377087823,152.78511684142,
    141.38989221983));
#309 = CARTESIAN_POINT('',(4.830574241853,152.75940009678,
    141.38989221983));
#310 = CARTESIAN_POINT('',(4.627243766325,152.34573340396,
    141.38989221983));
#311 = CARTESIAN_POINT('',(4.466162468828,151.94330415124,
    141.38989221983));
#312 = CARTESIAN_POINT('',(4.336329703524,151.52973439788,
    141.38989221983));
#313 = CARTESIAN_POINT('',(4.141173045088,150.68897176655,
    141.38989221983));
#314 = CARTESIAN_POINT('',(4.075653241318,150.26181433071,
    141.38989221983));
#315 = CARTESIAN_POINT('',(4.042892824451,149.8309047407,141.38989221983
    ));
#316 = CARTESIAN_POINT('',(4.042892824451,149.4,141.38989221983));
#317 = PCURVE('',#64,#318);
#318 = DEFINITIONAL_REPRESENTATION('',(#319),#460);
#319 = B_SPLINE_CURVE_WITH_KNOTS('',4,(#320,#321,#322,#323,#324,#325,
    #326,#327,#328,#329,#330,#331,#332,#333,#334,#335,#336,#337,#338,
    #339,#340,#341,#342,#343,#344,#345,#346,#347,#348,#349,#350,#351,
    #352,#353,#354,#355,#356,#357,#358,#359,#360,#361,#362,#363,#364,
    #365,#366,#367,#368,#369,#370,#371,#372,#373,#374,#375,#376,#377,
    #378,#379,#380,#381,#382,#383,#384,#385,#386,#387,#388,#389,#390,
    #391,#392,#393,#394,#395,#396,#397,#398,#399,#400,#401,#402,#403,
    #404,#405,#406,#407,#408,#409,#410,#411,#412,#413,#414,#415,#416,
    #417,#418,#419,#420,#421,#422,#423,#424,#425,#426,#427,#428,#429,
    #430,#431,#432,#433,#434,#435,#436,#437,#438,#439,#440,#441,#442,
    #443,#444,#445,#446,#447,#448,#449,#450,#451,#452,#453,#454,#455,
    #456,#457,#458,#459),.UNSPECIFIED.,.F.,.F.,(5,3,3,3,3,3,3,3,3,3,3,3,
    3,3,3,3,3,3,3,3,3,3,3,3,3,3,3,3,3,3,3,3,3,3,3,3,3,3,3,3,3,3,3,3,3,3,
    5),(0.,1.326824414554E-02,2.650614001963E-02,4.127148541708E-02,
    5.552768097344E-02,6.825642700635E-02,8.098517303927E-02,
    9.575051843672E-02,0.110006713993,0.124262909549,0.134955056217,
    0.142592303838,0.157357649235,0.17110469495,0.184851740665,
    0.199107936222,0.211327532414,0.219473929875,0.234239275272,
    0.250532070193,0.263260816226,0.277007861941,0.290245757815,
    0.306029402894,0.318758148927,0.333014344484,0.342688191469,
    0.356944387025,0.371200582582,0.397167224463,0.406331921607,
    0.417024068275,0.43077111399,0.438917511452,0.451646257485,
    0.466411602882,0.476085449867,0.487795896218,0.513762538099,
    0.525472984449,0.5371834308,0.606936955203,0.619156551394,
    0.652251290989,0.663452587498,0.831980866274,1.),.UNSPECIFIED.);
#320 = CARTESIAN_POINT('',(9.08970003508,0.));
#321 = CARTESIAN_POINT('',(9.096904477705,3.325655503398E-02));
#322 = CARTESIAN_POINT('',(9.104308582762,6.646985668416E-02));
#323 = CARTESIAN_POINT('',(9.11191196076,9.963810694378E-02));
#324 = CARTESIAN_POINT('',(9.127498572938,0.165805164715));
#325 = CARTESIAN_POINT('',(9.135480898516,0.198804186324));
#326 = CARTESIAN_POINT('',(9.143660747581,0.23175480116));
#327 = CARTESIAN_POINT('',(9.161381158855,0.301351880088));
#328 = CARTESIAN_POINT('',(9.170969823123,0.33798609675));
#329 = CARTESIAN_POINT('',(9.180803036445,0.374555431288));
#330 = CARTESIAN_POINT('',(9.20060972592,0.446300757906));
#331 = CARTESIAN_POINT('',(9.210566673148,0.481481313163));
#332 = CARTESIAN_POINT('',(9.220750358429,0.516596905432));
#333 = CARTESIAN_POINT('',(9.240454572649,0.582938598345));
#334 = CARTESIAN_POINT('',(9.249929249512,0.614178317596));
#335 = CARTESIAN_POINT('',(9.259583700068,0.645362947544));
#336 = CARTESIAN_POINT('',(9.279251169896,0.707618930922));
#337 = CARTESIAN_POINT('',(9.289264189176,0.738690284376));
#338 = CARTESIAN_POINT('',(9.299456003485,0.769703450638));
#339 = CARTESIAN_POINT('',(9.321855405045,0.836562878446));
#340 = CARTESIAN_POINT('',(9.334124605532,0.872388498221));
#341 = CARTESIAN_POINT('',(9.346632892792,0.908131344536));
#342 = CARTESIAN_POINT('',(9.37168639868,0.978217139688));
#343 = CARTESIAN_POINT('',(9.384215470715,1.012565860483));
#344 = CARTESIAN_POINT('',(9.396965861228,1.046833043152));
#345 = CARTESIAN_POINT('',(9.422907659908,1.115200064732));
#346 = CARTESIAN_POINT('',(9.436099068091,1.149299903683));
#347 = CARTESIAN_POINT('',(9.449510175465,1.183313937041));
#348 = CARTESIAN_POINT('',(9.473362598076,1.242684629682));
#349 = CARTESIAN_POINT('',(9.483708167143,1.268079755415));
#350 = CARTESIAN_POINT('',(9.494176479522,1.293424530937));
#351 = CARTESIAN_POINT('',(9.512331937538,1.336784880475));
#352 = CARTESIAN_POINT('',(9.519959146133,1.354825550801));
#353 = CARTESIAN_POINT('',(9.527648653639,1.372839755505));
#354 = CARTESIAN_POINT('',(9.550386878465,1.425602844964));
#355 = CARTESIAN_POINT('',(9.565605776202,1.460278390591));
#356 = CARTESIAN_POINT('',(9.581056010918,1.494851480706));
#357 = CARTESIAN_POINT('',(9.611335639117,1.561411008008));
#358 = CARTESIAN_POINT('',(9.626134364189,1.593411397085));
#359 = CARTESIAN_POINT('',(9.641131860526,1.625319111959));
#360 = CARTESIAN_POINT('',(9.67152263181,1.688945500336));
#361 = CARTESIAN_POINT('',(9.686915906772,1.720664173871));
#362 = CARTESIAN_POINT('',(9.702506189093,1.75228648027));
#363 = CARTESIAN_POINT('',(9.734663616423,1.816502259006));
#364 = CARTESIAN_POINT('',(9.751245555703,1.849088322837));
#365 = CARTESIAN_POINT('',(9.768037358459,1.881566740694));
#366 = CARTESIAN_POINT('',(9.799609910688,1.941680136167));
#367 = CARTESIAN_POINT('',(9.814335263647,1.969344208985));
#368 = CARTESIAN_POINT('',(9.82921335412,1.996926438202));
#369 = CARTESIAN_POINT('',(9.854263585306,2.042758312401));
#370 = CARTESIAN_POINT('',(9.864351254778,2.061054126665));
#371 = CARTESIAN_POINT('',(9.874506297022,2.079312631861));
#372 = CARTESIAN_POINT('',(9.903256253281,2.130558701487));
#373 = CARTESIAN_POINT('',(9.922004648518,2.163460160252));
#374 = CARTESIAN_POINT('',(9.940972448805,2.196235621578));
#375 = CARTESIAN_POINT('',(9.981329040552,2.2649074819));
#376 = CARTESIAN_POINT('',(10.002765294629,2.300775988479));
#377 = CARTESIAN_POINT('',(10.02446540566,2.336485482095));
#378 = CARTESIAN_POINT('',(10.063585534178,2.399804613359));
#379 = CARTESIAN_POINT('',(10.080903437928,2.427477339467));
#380 = CARTESIAN_POINT('',(10.098380440528,2.455049860944));
#381 = CARTESIAN_POINT('',(10.135061706253,2.512189436672));
#382 = CARTESIAN_POINT('',(10.154292297421,2.541739589433));
#383 = CARTESIAN_POINT('',(10.173706332479,2.571169547089));
#384 = CARTESIAN_POINT('',(10.21217322515,2.628700186272));
#385 = CARTESIAN_POINT('',(10.231212828673,2.656809729962));
#386 = CARTESIAN_POINT('',(10.250420468957,2.684804720648));
#387 = CARTESIAN_POINT('',(10.292895628708,2.745923929114));
#388 = CARTESIAN_POINT('',(10.316233552477,2.778999219063));
#389 = CARTESIAN_POINT('',(10.339807107032,2.811906984358));
#390 = CARTESIAN_POINT('',(10.382813957685,2.871046119923));
#391 = CARTESIAN_POINT('',(10.402165505739,2.897336938633));
#392 = CARTESIAN_POINT('',(10.421668159563,2.92351586249));
#393 = CARTESIAN_POINT('',(10.463332056672,2.978775214226));
#394 = CARTESIAN_POINT('',(10.485531492499,3.007826846113));
#395 = CARTESIAN_POINT('',(10.507917874754,3.03673466782));
#396 = CARTESIAN_POINT('',(10.545806454304,3.085014102114));
#397 = CARTESIAN_POINT('',(10.561208546566,3.104464274839));
#398 = CARTESIAN_POINT('',(10.576695631047,3.123846841216));
#399 = CARTESIAN_POINT('',(10.615214924203,3.171624579661));
#400 = CARTESIAN_POINT('',(10.6383461977,3.199939883875));
#401 = CARTESIAN_POINT('',(10.661659648281,3.228105382065));
#402 = CARTESIAN_POINT('',(10.708647970575,3.284133269108));
#403 = CARTESIAN_POINT('',(10.732322842316,3.311995657993));
#404 = CARTESIAN_POINT('',(10.756176958131,3.339704743597));
#405 = CARTESIAN_POINT('',(10.823981133977,3.417446562412));
#406 = CARTESIAN_POINT('',(10.868343134179,3.467120013864));
#407 = CARTESIAN_POINT('',(10.913285753026,3.51626876616));
#408 = CARTESIAN_POINT('',(10.974863262477,3.582040628078));
#409 = CARTESIAN_POINT('',(10.990998112648,3.599131890529));
#410 = CARTESIAN_POINT('',(11.007203700488,3.616156095796));
#411 = CARTESIAN_POINT('',(11.042468162752,3.652895635591));
#412 = CARTESIAN_POINT('',(11.061552429728,3.672586597077));
#413 = CARTESIAN_POINT('',(11.080731740372,3.692184996337));
#414 = CARTESIAN_POINT('',(11.124785860586,3.736768201337));
#415 = CARTESIAN_POINT('',(11.149722297571,3.76169211105));
#416 = CARTESIAN_POINT('',(11.174813290629,3.786460422098));
#417 = CARTESIAN_POINT('',(11.215016831705,3.825656170551));
#418 = CARTESIAN_POINT('',(11.230030049162,3.840185492509));
#419 = CARTESIAN_POINT('',(11.245096722032,3.854659374629));
#420 = CARTESIAN_POINT('',(11.283841261078,3.891605879939));
#421 = CARTESIAN_POINT('',(11.307595734037,3.91399816823));
#422 = CARTESIAN_POINT('',(11.33147878544,3.936253266887));
#423 = CARTESIAN_POINT('',(11.383341325182,3.984025573181));
#424 = CARTESIAN_POINT('',(11.411364837345,4.009494987757));
#425 = CARTESIAN_POINT('',(11.439557892048,4.034776601222));
#426 = CARTESIAN_POINT('',(11.486499737413,4.076308406259));
#427 = CARTESIAN_POINT('',(11.505152845685,4.092666744098));
#428 = CARTESIAN_POINT('',(11.523877381056,4.108943274448));
#429 = CARTESIAN_POINT('',(11.56542515658,4.144741106625));
#430 = CARTESIAN_POINT('',(11.588281385655,4.164224120778));
#431 = CARTESIAN_POINT('',(11.611240532273,4.183585748669));
#432 = CARTESIAN_POINT('',(11.685437091946,4.245486527638));
#433 = CARTESIAN_POINT('',(11.737073810978,4.287547056507));
#434 = CARTESIAN_POINT('',(11.789201191785,4.328997931181));
#435 = CARTESIAN_POINT('',(11.865533131084,4.38824547077));
#436 = CARTESIAN_POINT('',(11.889355499626,4.406534533213));
#437 = CARTESIAN_POINT('',(11.913274445524,4.424697106686));
#438 = CARTESIAN_POINT('',(11.961303469173,4.460767756491));
#439 = CARTESIAN_POINT('',(11.985413546937,4.478675832831));
#440 = CARTESIAN_POINT('',(12.009618179212,4.49645590101));
#441 = CARTESIAN_POINT('',(12.178648873197,4.619247662771));
#442 = CARTESIAN_POINT('',(12.326699951669,4.719820016709));
#443 = CARTESIAN_POINT('',(12.477853092602,4.815667020834));
#444 = CARTESIAN_POINT('',(12.658860370038,4.922591656705));
#445 = CARTESIAN_POINT('',(12.685930953005,4.938381542155));
#446 = CARTESIAN_POINT('',(12.713088428971,4.954021505193));
#447 = CARTESIAN_POINT('',(12.814114997322,5.011461104911));
#448 = CARTESIAN_POINT('',(12.888526649455,5.052306473427));
#449 = CARTESIAN_POINT('',(12.963541680801,5.09203282708));
#450 = CARTESIAN_POINT('',(13.064719974001,5.143689885306));
#451 = CARTESIAN_POINT('',(13.090371497065,5.156622912177));
#452 = CARTESIAN_POINT('',(13.116088241699,5.169425758147));
#453 = CARTESIAN_POINT('',(13.529754934525,5.372756233675));
#454 = CARTESIAN_POINT('',(13.932184187237,5.533837531172));
#455 = CARTESIAN_POINT('',(14.345753940598,5.663670296476));
#456 = CARTESIAN_POINT('',(15.186516571931,5.858826954912));
#457 = CARTESIAN_POINT('',(15.613674007767,5.924346758682));
#458 = CARTESIAN_POINT('',(16.044583597778,5.957107175549));
#459 = CARTESIAN_POINT('',(16.475488338486,5.957107175549));
#460 = ( GEOMETRIC_REPRESENTATION_CONTEXT(2) 
PARAMETRIC_REPRESENTATION_CONTEXT() REPRESENTATION_CONTEXT('2D SPACE',''
  ) );
#461 = PCURVE('',#462,#467);
#462 = TOROIDAL_SURFACE('',#463,5.6,2.05);
#463 = AXIS2_PLACEMENT_3D('',#464,#465,#466);
#464 = CARTESIAN_POINT('',(11.6,149.4,142.));
#465 = DIRECTION('',(-0.,0.,-1.));
#466 = DIRECTION('',(-1.,-5.075305255429E-15,0.));
#467 = DEFINITIONAL_REPRESENTATION('',(#468),#609);
#468 = B_SPLINE_CURVE_WITH_KNOTS('',4,(#469,#470,#471,#472,#473,#474,
    #475,#476,#477,#478,#479,#480,#481,#482,#483,#484,#485,#486,#487,
    #488,#489,#490,#491,#492,#493,#494,#495,#496,#497,#498,#499,#500,
    #501,#502,#503,#504,#505,#506,#507,#508,#509,#510,#511,#512,#513,
    #514,#515,#516,#517,#518,#519,#520,#521,#522,#523,#524,#525,#526,
    #527,#528,#529,#530,#531,#532,#533,#534,#535,#536,#537,#538,#539,
    #540,#541,#542,#543,#544,#545,#546,#547,#548,#549,#550,#551,#552,
    #553,#554,#555,#556,#557,#558,#559,#560,#561,#562,#563,#564,#565,
    #566,#567,#568,#569,#570,#571,#572,#573,#574,#575,#576,#577,#578,
    #579,#580,#581,#582,#583,#584,#585,#586,#587,#588,#589,#590,#591,
    #592,#593,#594,#595,#596,#597,#598,#599,#600,#601,#602,#603,#604,
    #605,#606,#607,#608),.UNSPECIFIED.,.F.,.F.,(5,3,3,3,3,3,3,3,3,3,3,3,
    3,3,3,3,3,3,3,3,3,3,3,3,3,3,3,3,3,3,3,3,3,3,3,3,3,3,3,3,3,3,3,3,3,3,
    5),(0.,1.326824414554E-02,2.650614001963E-02,4.127148541708E-02,
    5.552768097344E-02,6.825642700635E-02,8.098517303927E-02,
    9.575051843672E-02,0.110006713993,0.124262909549,0.134955056217,
    0.142592303838,0.157357649235,0.17110469495,0.184851740665,
    0.199107936222,0.211327532414,0.219473929875,0.234239275272,
    0.250532070193,0.263260816226,0.277007861941,0.290245757815,
    0.306029402894,0.318758148927,0.333014344484,0.342688191469,
    0.356944387025,0.371200582582,0.397167224463,0.406331921607,
    0.417024068275,0.43077111399,0.438917511452,0.451646257485,
    0.466411602882,0.476085449867,0.487795896218,0.513762538099,
    0.525472984449,0.5371834308,0.606936955203,0.619156551394,
    0.652251290989,0.663452587498,0.831980866274,1.),.UNSPECIFIED.);
#469 = CARTESIAN_POINT('',(1.357460550252,6.585377263917));
#470 = CARTESIAN_POINT('',(1.352957773612,6.585377263917));
#471 = CARTESIAN_POINT('',(1.348454997147,6.585377263917));
#472 = CARTESIAN_POINT('',(1.343952220418,6.585377263917));
#473 = CARTESIAN_POINT('',(1.33495696629,6.585377263917));
#474 = CARTESIAN_POINT('',(1.330464488795,6.585377263917));
#475 = CARTESIAN_POINT('',(1.3259720113,6.585377263917));
#476 = CARTESIAN_POINT('',(1.316468693524,6.585377263917));
#477 = CARTESIAN_POINT('',(1.311457853241,6.585377263917));
#478 = CARTESIAN_POINT('',(1.306447012958,6.585377263917));
#479 = CARTESIAN_POINT('',(1.29659811999,6.585377263917));
#480 = CARTESIAN_POINT('',(1.291760067303,6.585377263917));
#481 = CARTESIAN_POINT('',(1.286922014616,6.585377263917));
#482 = CARTESIAN_POINT('',(1.277764272032,6.585377263917));
#483 = CARTESIAN_POINT('',(1.273444582133,6.585377263917));
#484 = CARTESIAN_POINT('',(1.269124892234,6.585377263917));
#485 = CARTESIAN_POINT('',(1.260485512437,6.585377263917));
#486 = CARTESIAN_POINT('',(1.256165822538,6.585377263917));
#487 = CARTESIAN_POINT('',(1.251846132639,6.585377263917));
#488 = CARTESIAN_POINT('',(1.242515602459,6.585377263917));
#489 = CARTESIAN_POINT('',(1.237504762176,6.585377263917));
#490 = CARTESIAN_POINT('',(1.232493921893,6.585377263917));
#491 = CARTESIAN_POINT('',(1.222645028925,6.585377263917));
#492 = CARTESIAN_POINT('',(1.217806976238,6.585377263917));
#493 = CARTESIAN_POINT('',(1.212968923551,6.585377263917));
#494 = CARTESIAN_POINT('',(1.203292818178,6.585377263917));
#495 = CARTESIAN_POINT('',(1.198454765491,6.585377263917));
#496 = CARTESIAN_POINT('',(1.193616712804,6.585377263917));
#497 = CARTESIAN_POINT('',(1.185150120604,6.585377263917));
#498 = CARTESIAN_POINT('',(1.181521581089,6.585377263917));
#499 = CARTESIAN_POINT('',(1.177893041574,6.585377263917));
#500 = CARTESIAN_POINT('',(1.17167268812,6.585377263917));
#501 = CARTESIAN_POINT('',(1.16908087418,6.585377263917));
#502 = CARTESIAN_POINT('',(1.166489060241,6.585377263917));
#503 = CARTESIAN_POINT('',(1.15888640602,6.585377263917));
#504 = CARTESIAN_POINT('',(1.153875565737,6.585377263917));
#505 = CARTESIAN_POINT('',(1.148864725454,6.585377263917));
#506 = CARTESIAN_POINT('',(1.139188620082,6.585377263917));
#507 = CARTESIAN_POINT('',(1.134523354991,6.585377263917));
#508 = CARTESIAN_POINT('',(1.1298580899,6.585377263917));
#509 = CARTESIAN_POINT('',(1.12052755972,6.585377263917));
#510 = CARTESIAN_POINT('',(1.115862294629,6.585377263917));
#511 = CARTESIAN_POINT('',(1.111197029538,6.585377263917));
#512 = CARTESIAN_POINT('',(1.101693711761,6.585377263917));
#513 = CARTESIAN_POINT('',(1.096855659074,6.585377263917));
#514 = CARTESIAN_POINT('',(1.092017606387,6.585377263917));
#515 = CARTESIAN_POINT('',(1.083032651399,6.585377263917));
#516 = CARTESIAN_POINT('',(1.078885749096,6.585377263917));
#517 = CARTESIAN_POINT('',(1.074738846793,6.585377263917));
#518 = CARTESIAN_POINT('',(1.067827342955,6.585377263917));
#519 = CARTESIAN_POINT('',(1.06506274142,6.585377263917));
#520 = CARTESIAN_POINT('',(1.062298139885,6.585377263917));
#521 = CARTESIAN_POINT('',(1.054522698068,6.585377263917));
#522 = CARTESIAN_POINT('',(1.049511857785,6.585377263917));
#523 = CARTESIAN_POINT('',(1.044501017502,6.585377263917));
#524 = CARTESIAN_POINT('',(1.03396097415,6.585377263917));
#525 = CARTESIAN_POINT('',(1.028431771079,6.585377263917));
#526 = CARTESIAN_POINT('',(1.022902568008,6.585377263917));
#527 = CARTESIAN_POINT('',(1.01305367504,6.585377263917));
#528 = CARTESIAN_POINT('',(1.008733985141,6.585377263917));
#529 = CARTESIAN_POINT('',(1.004414295242,6.585377263917));
#530 = CARTESIAN_POINT('',(0.995429340254,6.585377263917));
#531 = CARTESIAN_POINT('',(0.990764075163,6.585377263917));
#532 = CARTESIAN_POINT('',(0.986098810072,6.585377263917));
#533 = CARTESIAN_POINT('',(0.976941067487,6.585377263917));
#534 = CARTESIAN_POINT('',(0.972448589992,6.585377263917));
#535 = CARTESIAN_POINT('',(0.967956112497,6.585377263917));
#536 = CARTESIAN_POINT('',(0.958107219529,6.585377263917));
#537 = CARTESIAN_POINT('',(0.952750804054,6.585377263917));
#538 = CARTESIAN_POINT('',(0.947394388579,6.585377263917));
#539 = CARTESIAN_POINT('',(0.937718283207,6.585377263917));
#540 = CARTESIAN_POINT('',(0.933398593308,6.585377263917));
#541 = CARTESIAN_POINT('',(0.929078903409,6.585377263917));
#542 = CARTESIAN_POINT('',(0.919921160825,6.585377263917));
#543 = CARTESIAN_POINT('',(0.915083108138,6.585377263917));
#544 = CARTESIAN_POINT('',(0.910245055451,6.585377263917));
#545 = CARTESIAN_POINT('',(0.902124038442,6.585377263917));
#546 = CARTESIAN_POINT('',(0.898841074119,6.585377263917));
#547 = CARTESIAN_POINT('',(0.895558109796,6.585377263917));
#548 = CARTESIAN_POINT('',(0.887437092787,6.585377263917));
#549 = CARTESIAN_POINT('',(0.8825990401,6.585377263917));
#550 = CARTESIAN_POINT('',(0.877760987413,6.585377263917));
#551 = CARTESIAN_POINT('',(0.86808488204,6.585377263917));
#552 = CARTESIAN_POINT('',(0.863246829353,6.585377263917));
#553 = CARTESIAN_POINT('',(0.858408776666,6.585377263917));
#554 = CARTESIAN_POINT('',(0.844758556596,6.585377263917));
#555 = CARTESIAN_POINT('',(0.835946389194,6.585377263917));
#556 = CARTESIAN_POINT('',(0.827134221791,6.585377263917));
#557 = CARTESIAN_POINT('',(0.81521187768,6.585377263917));
#558 = CARTESIAN_POINT('',(0.812101700953,6.585377263917));
#559 = CARTESIAN_POINT('',(0.808991524226,6.585377263917));
#560 = CARTESIAN_POINT('',(0.802252807984,6.585377263917));
#561 = CARTESIAN_POINT('',(0.798624268469,6.585377263917));
#562 = CARTESIAN_POINT('',(0.794995728954,6.585377263917));
#563 = CARTESIAN_POINT('',(0.786701924349,6.585377263917));
#564 = CARTESIAN_POINT('',(0.782036659258,6.585377263917));
#565 = CARTESIAN_POINT('',(0.777371394167,6.585377263917));
#566 = CARTESIAN_POINT('',(0.769941527542,6.585377263917));
#567 = CARTESIAN_POINT('',(0.767176926007,6.585377263917));
#568 = CARTESIAN_POINT('',(0.764412324471,6.585377263917));
#569 = CARTESIAN_POINT('',(0.757328033038,6.585377263917));
#570 = CARTESIAN_POINT('',(0.753008343139,6.585377263917));
#571 = CARTESIAN_POINT('',(0.74868865324,6.585377263917));
#572 = CARTESIAN_POINT('',(0.73935812306,6.585377263917));
#573 = CARTESIAN_POINT('',(0.734347282777,6.585377263917));
#574 = CARTESIAN_POINT('',(0.729336442494,6.585377263917));
#575 = CARTESIAN_POINT('',(0.721042637889,6.585377263917));
#576 = CARTESIAN_POINT('',(0.717759673566,6.585377263917));
#577 = CARTESIAN_POINT('',(0.714476709243,6.585377263917));
#578 = CARTESIAN_POINT('',(0.707219630213,6.585377263917));
#579 = CARTESIAN_POINT('',(0.703245515506,6.585377263917));
#580 = CARTESIAN_POINT('',(0.699271400799,6.585377263917));
#581 = CARTESIAN_POINT('',(0.686485118709,6.585377263917));
#582 = CARTESIAN_POINT('',(0.677672951306,6.585377263917));
#583 = CARTESIAN_POINT('',(0.668860783903,6.585377263917));
#584 = CARTESIAN_POINT('',(0.656074501813,6.585377263917));
#585 = CARTESIAN_POINT('',(0.652100387106,6.585377263917));
#586 = CARTESIAN_POINT('',(0.648126272399,6.585377263917));
#587 = CARTESIAN_POINT('',(0.640178042985,6.585377263917));
#588 = CARTESIAN_POINT('',(0.636203928278,6.585377263917));
#589 = CARTESIAN_POINT('',(0.632229813572,6.585377263917));
#590 = CARTESIAN_POINT('',(0.604583799531,6.585377263917));
#591 = CARTESIAN_POINT('',(0.580911897575,6.585377263917));
#592 = CARTESIAN_POINT('',(0.55723999562,6.585377263917));
#593 = CARTESIAN_POINT('',(0.529421193983,6.585377263917));
#594 = CARTESIAN_POINT('',(0.52527429168,6.585377263917));
#595 = CARTESIAN_POINT('',(0.521127389377,6.585377263917));
#596 = CARTESIAN_POINT('',(0.50574929337,6.585377263917));
#597 = CARTESIAN_POINT('',(0.494518099602,6.585377263917));
#598 = CARTESIAN_POINT('',(0.483286905833,6.585377263917));
#599 = CARTESIAN_POINT('',(0.468254385018,6.585377263917));
#600 = CARTESIAN_POINT('',(0.464453057907,6.585377263917));
#601 = CARTESIAN_POINT('',(0.460651730796,6.585377263917));
#602 = CARTESIAN_POINT('',(0.399657817585,6.585377263917));
#603 = CARTESIAN_POINT('',(0.342465015168,6.585377263917));
#604 = CARTESIAN_POINT('',(0.28527221275,6.585377263917));
#605 = CARTESIAN_POINT('',(0.171059826521,6.585377263917));
#606 = CARTESIAN_POINT('',(0.114039813325,6.585377263917));
#607 = CARTESIAN_POINT('',(5.701980012955E-02,6.585377263917));
#608 = CARTESIAN_POINT('',(0.,6.585377263917));
#609 = ( GEOMETRIC_REPRESENTATION_CONTEXT(2) 
PARAMETRIC_REPRESENTATION_CONTEXT() REPRESENTATION_CONTEXT('2D SPACE',''
  ) );
#610 = ORIENTED_EDGE('',*,*,#611,.F.);
#611 = EDGE_CURVE('',#612,#173,#614,.T.);
#612 = VERTEX_POINT('',#613);
#613 = CARTESIAN_POINT('',(4.042892824451,144.21801377835,
    141.38989221983));
#614 = SURFACE_CURVE('',#615,(#621,#630),.PCURVE_S1.);
#615 = B_SPLINE_CURVE_WITH_KNOTS('',4,(#616,#617,#618,#619,#620),
  .UNSPECIFIED.,.F.,.F.,(5,5),(0.,1.),.PIECEWISE_BEZIER_KNOTS.);
#616 = CARTESIAN_POINT('',(4.042892824451,135.87548833848,
    141.38989221983));
#617 = CARTESIAN_POINT('',(4.042892824451,139.25661625386,
    141.38989221983));
#618 = CARTESIAN_POINT('',(4.042892824451,142.63774416924,
    141.38989221983));
#619 = CARTESIAN_POINT('',(4.042892824451,146.01887208462,
    141.38989221983));
#620 = CARTESIAN_POINT('',(4.042892824451,149.4,141.38989221983));
#621 = PCURVE('',#64,#622);
#622 = DEFINITIONAL_REPRESENTATION('',(#623),#629);
#623 = B_SPLINE_CURVE_WITH_KNOTS('',4,(#624,#625,#626,#627,#628),
  .UNSPECIFIED.,.F.,.F.,(5,5),(0.,1.),.PIECEWISE_BEZIER_KNOTS.);
#624 = CARTESIAN_POINT('',(30.,5.957107175549));
#625 = CARTESIAN_POINT('',(26.618872084621,5.957107175549));
#626 = CARTESIAN_POINT('',(23.237744169243,5.957107175549));
#627 = CARTESIAN_POINT('',(19.856616253864,5.957107175549));
#628 = CARTESIAN_POINT('',(16.475488338486,5.957107175549));
#629 = ( GEOMETRIC_REPRESENTATION_CONTEXT(2) 
PARAMETRIC_REPRESENTATION_CONTEXT() REPRESENTATION_CONTEXT('2D SPACE',''
  ) );
#630 = PCURVE('',#631,#636);
#631 = CYLINDRICAL_SURFACE('',#632,2.05);
#632 = AXIS2_PLACEMENT_3D('',#633,#634,#635);
#633 = CARTESIAN_POINT('',(6.,-19.4,142.));
#634 = DIRECTION('',(0.,1.,0.));
#635 = DIRECTION('',(0.988211302798,-0.,0.153096116943));
#636 = DEFINITIONAL_REPRESENTATION('',(#637),#643);
#637 = B_SPLINE_CURVE_WITH_KNOTS('',4,(#638,#639,#640,#641,#642),
  .UNSPECIFIED.,.F.,.F.,(5,5),(0.,1.),.PIECEWISE_BEZIER_KNOTS.);
#638 = CARTESIAN_POINT('',(2.993101266297,155.27548833848));
#639 = CARTESIAN_POINT('',(2.993101266297,158.65661625386));
#640 = CARTESIAN_POINT('',(2.993101266297,162.03774416924));
#641 = CARTESIAN_POINT('',(2.993101266297,165.41887208462));
#642 = CARTESIAN_POINT('',(2.993101266297,168.8));
#643 = ( GEOMETRIC_REPRESENTATION_CONTEXT(2) 
PARAMETRIC_REPRESENTATION_CONTEXT() REPRESENTATION_CONTEXT('2D SPACE',''
  ) );
#644 = ORIENTED_EDGE('',*,*,#645,.F.);
#645 = EDGE_CURVE('',#646,#612,#648,.T.);
#646 = VERTEX_POINT('',#647);
#647 = CARTESIAN_POINT('',(3.,141.17548833848,141.38989221983));
#648 = SURFACE_CURVE('',#649,(#657,#668),.PCURVE_S1.);
#649 = ( BOUNDED_CURVE() B_SPLINE_CURVE(2,(#650,#651,#652,#653,#654,#655
,#656),.UNSPECIFIED.,.T.,.F.) B_SPLINE_CURVE_WITH_KNOTS((1,2,2,2,2,1),(
    -2.094395102393,0.,2.094395102393,4.188790204786,6.28318530718,
8.377580409573),.UNSPECIFIED.) CURVE() GEOMETRIC_REPRESENTATION_ITEM() 
RATIONAL_B_SPLINE_CURVE((1.,0.5,1.,0.5,1.,0.5,1.)) REPRESENTATION_ITEM(
  '') );
#650 = CARTESIAN_POINT('',(3.,141.17548833848,141.38989221983));
#651 = CARTESIAN_POINT('',(5.551362713291E-02,141.17548833848,
    141.38989221983));
#652 = CARTESIAN_POINT('',(1.527756813566,143.72548833848,
    141.38989221983));
#653 = CARTESIAN_POINT('',(3.,146.27548833848,141.38989221983));
#654 = CARTESIAN_POINT('',(4.472243186434,143.72548833848,
    141.38989221983));
#655 = CARTESIAN_POINT('',(5.944486372867,141.17548833848,
    141.38989221983));
#656 = CARTESIAN_POINT('',(3.,141.17548833848,141.38989221983));
#657 = PCURVE('',#64,#658);
#658 = DEFINITIONAL_REPRESENTATION('',(#659),#667);
#659 = ( BOUNDED_CURVE() B_SPLINE_CURVE(2,(#660,#661,#662,#663,#664,#665
,#666),.UNSPECIFIED.,.T.,.F.) B_SPLINE_CURVE_WITH_KNOTS((1,2,2,2,2,1),(
    -2.094395102393,0.,2.094395102393,4.188790204786,6.28318530718,
8.377580409573),.UNSPECIFIED.) CURVE() GEOMETRIC_REPRESENTATION_ITEM() 
RATIONAL_B_SPLINE_CURVE((1.,0.5,1.,0.5,1.,0.5,1.)) REPRESENTATION_ITEM(
  '') );
#660 = CARTESIAN_POINT('',(24.7,7.));
#661 = CARTESIAN_POINT('',(24.7,9.944486372867));
#662 = CARTESIAN_POINT('',(22.15,8.472243186434));
#663 = CARTESIAN_POINT('',(19.6,7.));
#664 = CARTESIAN_POINT('',(22.15,5.527756813566));
#665 = CARTESIAN_POINT('',(24.7,4.055513627133));
#666 = CARTESIAN_POINT('',(24.7,7.));
#667 = ( GEOMETRIC_REPRESENTATION_CONTEXT(2) 
PARAMETRIC_REPRESENTATION_CONTEXT() REPRESENTATION_CONTEXT('2D SPACE',''
  ) );
#668 = PCURVE('',#669,#684);
#669 = ( BOUNDED_SURFACE() B_SPLINE_SURFACE(2,1,(
    (#670,#671)
    ,(#672,#673)
    ,(#674,#675)
    ,(#676,#677)
    ,(#678,#679)
    ,(#680,#681)
,(#682,#683
    )),.UNSPECIFIED.,.T.,.F.,.F.) B_SPLINE_SURFACE_WITH_KNOTS((1,2,2,2,2
    ,1),(2,2),(-2.094395102393,0.,2.094395102393,4.188790204786,
    6.28318530718,8.377580409573),(9.999999999999E-02,2.1),
.UNSPECIFIED.) GEOMETRIC_REPRESENTATION_ITEM() RATIONAL_B_SPLINE_SURFACE
((
    (1.,1.)
    ,(0.5,0.5)
    ,(1.,1.)
    ,(0.5,0.5)
    ,(1.,1.)
    ,(0.5,0.5)
,(1.,1.))) REPRESENTATION_ITEM('') SURFACE() );
#670 = CARTESIAN_POINT('',(3.,141.17548833848,139.38989221983));
#671 = CARTESIAN_POINT('',(3.,141.17548833848,141.38989221983));
#672 = CARTESIAN_POINT('',(5.551362713291E-02,141.17548833848,
    139.38989221983));
#673 = CARTESIAN_POINT('',(5.551362713291E-02,141.17548833848,
    141.38989221983));
#674 = CARTESIAN_POINT('',(1.527756813566,143.72548833848,
    139.38989221983));
#675 = CARTESIAN_POINT('',(1.527756813566,143.72548833848,
    141.38989221983));
#676 = CARTESIAN_POINT('',(3.,146.27548833848,139.38989221983));
#677 = CARTESIAN_POINT('',(3.,146.27548833848,141.38989221983));
#678 = CARTESIAN_POINT('',(4.472243186434,143.72548833848,
    139.38989221983));
#679 = CARTESIAN_POINT('',(4.472243186434,143.72548833848,
    141.38989221983));
#680 = CARTESIAN_POINT('',(5.944486372867,141.17548833848,
    139.38989221983));
#681 = CARTESIAN_POINT('',(5.944486372867,141.17548833848,
    141.38989221983));
#682 = CARTESIAN_POINT('',(3.,141.17548833848,139.38989221983));
#683 = CARTESIAN_POINT('',(3.,141.17548833848,141.38989221983));
#684 = DEFINITIONAL_REPRESENTATION('',(#685),#693);
#685 = B_SPLINE_CURVE_WITH_KNOTS('',2,(#686,#687,#688,#689,#690,#691,
    #692),.UNSPECIFIED.,.F.,.F.,(3,2,2,3),(0.,2.094395102393,
    4.188790204786,6.28318530718),.PIECEWISE_BEZIER_KNOTS.);
#686 = CARTESIAN_POINT('',(0.,2.1));
#687 = CARTESIAN_POINT('',(1.047197551197,2.1));
#688 = CARTESIAN_POINT('',(2.094395102393,2.1));
#689 = CARTESIAN_POINT('',(3.14159265359,2.1));
#690 = CARTESIAN_POINT('',(4.188790204786,2.1));
#691 = CARTESIAN_POINT('',(5.235987755983,2.1));
#692 = CARTESIAN_POINT('',(6.28318530718,2.1));
#693 = ( GEOMETRIC_REPRESENTATION_CONTEXT(2) 
PARAMETRIC_REPRESENTATION_CONTEXT() REPRESENTATION_CONTEXT('2D SPACE',''
  ) );
#694 = ORIENTED_EDGE('',*,*,#695,.F.);
#695 = EDGE_CURVE('',#696,#646,#698,.T.);
#696 = VERTEX_POINT('',#697);
#697 = CARTESIAN_POINT('',(4.042892824451,141.53296289861,
    141.38989221983));
#698 = SURFACE_CURVE('',#699,(#707,#718),.PCURVE_S1.);
#699 = ( BOUNDED_CURVE() B_SPLINE_CURVE(2,(#700,#701,#702,#703,#704,#705
,#706),.UNSPECIFIED.,.T.,.F.) B_SPLINE_CURVE_WITH_KNOTS((1,2,2,2,2,1),(
    -2.094395102393,0.,2.094395102393,4.188790204786,6.28318530718,
8.377580409573),.UNSPECIFIED.) CURVE() GEOMETRIC_REPRESENTATION_ITEM() 
RATIONAL_B_SPLINE_CURVE((1.,0.5,1.,0.5,1.,0.5,1.)) REPRESENTATION_ITEM(
  '') );
#700 = CARTESIAN_POINT('',(3.,141.17548833848,141.38989221983));
#701 = CARTESIAN_POINT('',(5.551362713291E-02,141.17548833848,
    141.38989221983));
#702 = CARTESIAN_POINT('',(1.527756813566,143.72548833848,
    141.38989221983));
#703 = CARTESIAN_POINT('',(3.,146.27548833848,141.38989221983));
#704 = CARTESIAN_POINT('',(4.472243186434,143.72548833848,
    141.38989221983));
#705 = CARTESIAN_POINT('',(5.944486372867,141.17548833848,
    141.38989221983));
#706 = CARTESIAN_POINT('',(3.,141.17548833848,141.38989221983));
#707 = PCURVE('',#64,#708);
#708 = DEFINITIONAL_REPRESENTATION('',(#709),#717);
#709 = ( BOUNDED_CURVE() B_SPLINE_CURVE(2,(#710,#711,#712,#713,#714,#715
,#716),.UNSPECIFIED.,.T.,.F.) B_SPLINE_CURVE_WITH_KNOTS((1,2,2,2,2,1),(
    -2.094395102393,0.,2.094395102393,4.188790204786,6.28318530718,
8.377580409573),.UNSPECIFIED.) CURVE() GEOMETRIC_REPRESENTATION_ITEM() 
RATIONAL_B_SPLINE_CURVE((1.,0.5,1.,0.5,1.,0.5,1.)) REPRESENTATION_ITEM(
  '') );
#710 = CARTESIAN_POINT('',(24.7,7.));
#711 = CARTESIAN_POINT('',(24.7,9.944486372867));
#712 = CARTESIAN_POINT('',(22.15,8.472243186434));
#713 = CARTESIAN_POINT('',(19.6,7.));
#714 = CARTESIAN_POINT('',(22.15,5.527756813566));
#715 = CARTESIAN_POINT('',(24.7,4.055513627133));
#716 = CARTESIAN_POINT('',(24.7,7.));
#717 = ( GEOMETRIC_REPRESENTATION_CONTEXT(2) 
PARAMETRIC_REPRESENTATION_CONTEXT() REPRESENTATION_CONTEXT('2D SPACE',''
  ) );
#718 = PCURVE('',#669,#719);
#719 = DEFINITIONAL_REPRESENTATION('',(#720),#728);
#720 = B_SPLINE_CURVE_WITH_KNOTS('',2,(#721,#722,#723,#724,#725,#726,
    #727),.UNSPECIFIED.,.F.,.F.,(3,2,2,3),(0.,2.094395102393,
    4.188790204786,6.28318530718),.PIECEWISE_BEZIER_KNOTS.);
#721 = CARTESIAN_POINT('',(0.,2.1));
#722 = CARTESIAN_POINT('',(1.047197551197,2.1));
#723 = CARTESIAN_POINT('',(2.094395102393,2.1));
#724 = CARTESIAN_POINT('',(3.14159265359,2.1));
#725 = CARTESIAN_POINT('',(4.188790204786,2.1));
#726 = CARTESIAN_POINT('',(5.235987755983,2.1));
#727 = CARTESIAN_POINT('',(6.28318530718,2.1));
#728 = ( GEOMETRIC_REPRESENTATION_CONTEXT(2) 
PARAMETRIC_REPRESENTATION_CONTEXT() REPRESENTATION_CONTEXT('2D SPACE',''
  ) );
#729 = ORIENTED_EDGE('',*,*,#730,.F.);
#730 = EDGE_CURVE('',#731,#696,#733,.T.);
#731 = VERTEX_POINT('',#732);
#732 = CARTESIAN_POINT('',(4.042892824451,135.87548833848,
    141.38989221983));
#733 = SURFACE_CURVE('',#734,(#740,#749),.PCURVE_S1.);
#734 = B_SPLINE_CURVE_WITH_KNOTS('',4,(#735,#736,#737,#738,#739),
  .UNSPECIFIED.,.F.,.F.,(5,5),(0.,1.),.PIECEWISE_BEZIER_KNOTS.);
#735 = CARTESIAN_POINT('',(4.042892824451,135.87548833848,
    141.38989221983));
#736 = CARTESIAN_POINT('',(4.042892824451,139.25661625386,
    141.38989221983));
#737 = CARTESIAN_POINT('',(4.042892824451,142.63774416924,
    141.38989221983));
#738 = CARTESIAN_POINT('',(4.042892824451,146.01887208462,
    141.38989221983));
#739 = CARTESIAN_POINT('',(4.042892824451,149.4,141.38989221983));
#740 = PCURVE('',#64,#741);
#741 = DEFINITIONAL_REPRESENTATION('',(#742),#748);
#742 = B_SPLINE_CURVE_WITH_KNOTS('',4,(#743,#744,#745,#746,#747),
  .UNSPECIFIED.,.F.,.F.,(5,5),(0.,1.),.PIECEWISE_BEZIER_KNOTS.);
#743 = CARTESIAN_POINT('',(30.,5.957107175549));
#744 = CARTESIAN_POINT('',(26.618872084621,5.957107175549));
#745 = CARTESIAN_POINT('',(23.237744169243,5.957107175549));
#746 = CARTESIAN_POINT('',(19.856616253864,5.957107175549));
#747 = CARTESIAN_POINT('',(16.475488338486,5.957107175549));
#748 = ( GEOMETRIC_REPRESENTATION_CONTEXT(2) 
PARAMETRIC_REPRESENTATION_CONTEXT() REPRESENTATION_CONTEXT('2D SPACE',''
  ) );
#749 = PCURVE('',#631,#750);
#750 = DEFINITIONAL_REPRESENTATION('',(#751),#757);
#751 = B_SPLINE_CURVE_WITH_KNOTS('',4,(#752,#753,#754,#755,#756),
  .UNSPECIFIED.,.F.,.F.,(5,5),(0.,1.),.PIECEWISE_BEZIER_KNOTS.);
#752 = CARTESIAN_POINT('',(2.993101266297,155.27548833848));
#753 = CARTESIAN_POINT('',(2.993101266297,158.65661625386));
#754 = CARTESIAN_POINT('',(2.993101266297,162.03774416924));
#755 = CARTESIAN_POINT('',(2.993101266297,165.41887208462));
#756 = CARTESIAN_POINT('',(2.993101266297,168.8));
#757 = ( GEOMETRIC_REPRESENTATION_CONTEXT(2) 
PARAMETRIC_REPRESENTATION_CONTEXT() REPRESENTATION_CONTEXT('2D SPACE',''
  ) );
#758 = ORIENTED_EDGE('',*,*,#759,.T.);
#759 = EDGE_CURVE('',#731,#760,#762,.T.);
#760 = VERTEX_POINT('',#761);
#761 = CARTESIAN_POINT('',(-13.,135.87548833848,141.38989221983));
#762 = SURFACE_CURVE('',#763,(#766,#772),.PCURVE_S1.);
#763 = B_SPLINE_CURVE_WITH_KNOTS('',1,(#764,#765),.UNSPECIFIED.,.F.,.F.,
  (2,2),(0.,23.),.PIECEWISE_BEZIER_KNOTS.);
#764 = CARTESIAN_POINT('',(10.,135.87548833848,141.38989221983));
#765 = CARTESIAN_POINT('',(-13.,135.87548833848,141.38989221983));
#766 = PCURVE('',#64,#767);
#767 = DEFINITIONAL_REPRESENTATION('',(#768),#771);
#768 = B_SPLINE_CURVE_WITH_KNOTS('',1,(#769,#770),.UNSPECIFIED.,.F.,.F.,
  (2,2),(0.,23.),.PIECEWISE_BEZIER_KNOTS.);
#769 = CARTESIAN_POINT('',(30.,0.));
#770 = CARTESIAN_POINT('',(30.,23.));
#771 = ( GEOMETRIC_REPRESENTATION_CONTEXT(2) 
PARAMETRIC_REPRESENTATION_CONTEXT() REPRESENTATION_CONTEXT('2D SPACE',''
  ) );
#772 = PCURVE('',#773,#778);
#773 = B_SPLINE_SURFACE_WITH_KNOTS('',1,1,(
    (#774,#775)
    ,(#776,#777
    )),.UNSPECIFIED.,.F.,.F.,.F.,(2,2),(2,2),(0.,2.),(-23.,0.),
  .PIECEWISE_BEZIER_KNOTS.);
#774 = CARTESIAN_POINT('',(-13.,135.87548833848,139.38989221983));
#775 = CARTESIAN_POINT('',(10.,135.87548833848,139.38989221983));
#776 = CARTESIAN_POINT('',(-13.,135.87548833848,141.38989221983));
#777 = CARTESIAN_POINT('',(10.,135.87548833848,141.38989221983));
#778 = DEFINITIONAL_REPRESENTATION('',(#779),#782);
#779 = B_SPLINE_CURVE_WITH_KNOTS('',1,(#780,#781),.UNSPECIFIED.,.F.,.F.,
  (2,2),(0.,23.),.PIECEWISE_BEZIER_KNOTS.);
#780 = CARTESIAN_POINT('',(2.,0.));
#781 = CARTESIAN_POINT('',(2.,-23.));
#782 = ( GEOMETRIC_REPRESENTATION_CONTEXT(2) 
PARAMETRIC_REPRESENTATION_CONTEXT() REPRESENTATION_CONTEXT('2D SPACE',''
  ) );
#783 = ORIENTED_EDGE('',*,*,#784,.F.);
#784 = EDGE_CURVE('',#46,#760,#785,.T.);
#785 = SURFACE_CURVE('',#786,(#789,#795),.PCURVE_S1.);
#786 = B_SPLINE_CURVE_WITH_KNOTS('',1,(#787,#788),.UNSPECIFIED.,.F.,.F.,
  (2,2),(0.,30.),.PIECEWISE_BEZIER_KNOTS.);
#787 = CARTESIAN_POINT('',(-13.,165.87548833848,141.38989221983));
#788 = CARTESIAN_POINT('',(-13.,135.87548833848,141.38989221983));
#789 = PCURVE('',#64,#790);
#790 = DEFINITIONAL_REPRESENTATION('',(#791),#794);
#791 = B_SPLINE_CURVE_WITH_KNOTS('',1,(#792,#793),.UNSPECIFIED.,.F.,.F.,
  (2,2),(0.,30.),.PIECEWISE_BEZIER_KNOTS.);
#792 = CARTESIAN_POINT('',(0.,23.));
#793 = CARTESIAN_POINT('',(30.,23.));
#794 = ( GEOMETRIC_REPRESENTATION_CONTEXT(2) 
PARAMETRIC_REPRESENTATION_CONTEXT() REPRESENTATION_CONTEXT('2D SPACE',''
  ) );
#795 = PCURVE('',#796,#801);
#796 = B_SPLINE_SURFACE_WITH_KNOTS('',1,1,(
    (#797,#798)
    ,(#799,#800
  )),.UNSPECIFIED.,.F.,.F.,.F.,(2,2),(2,2),(0.,30.),(0.,2.),
  .PIECEWISE_BEZIER_KNOTS.);
#797 = CARTESIAN_POINT('',(-13.,165.87548833848,141.38989221983));
#798 = CARTESIAN_POINT('',(-15.,165.87548833848,141.38989221983));
#799 = CARTESIAN_POINT('',(-13.,135.87548833848,141.38989221983));
#800 = CARTESIAN_POINT('',(-15.,135.87548833848,141.38989221983));
#801 = DEFINITIONAL_REPRESENTATION('',(#802),#805);
#802 = B_SPLINE_CURVE_WITH_KNOTS('',1,(#803,#804),.UNSPECIFIED.,.F.,.F.,
  (2,2),(0.,30.),.PIECEWISE_BEZIER_KNOTS.);
#803 = CARTESIAN_POINT('',(0.,0.));
#804 = CARTESIAN_POINT('',(30.,0.));
#805 = ( GEOMETRIC_REPRESENTATION_CONTEXT(2) 
PARAMETRIC_REPRESENTATION_CONTEXT() REPRESENTATION_CONTEXT('2D SPACE',''
  ) );
#806 = FACE_BOUND('',#807,.F.);
#807 = EDGE_LOOP('',(#808));
#808 = ORIENTED_EDGE('',*,*,#809,.F.);
#809 = EDGE_CURVE('',#810,#810,#812,.T.);
#810 = VERTEX_POINT('',#811);
#811 = CARTESIAN_POINT('',(3.,157.17548833848,141.38989221983));
#812 = SURFACE_CURVE('',#813,(#821,#832),.PCURVE_S1.);
#813 = ( BOUNDED_CURVE() B_SPLINE_CURVE(2,(#814,#815,#816,#817,#818,#819
,#820),.UNSPECIFIED.,.T.,.F.) B_SPLINE_CURVE_WITH_KNOTS((1,2,2,2,2,1),(
    -2.094395102393,0.,2.094395102393,4.188790204786,6.28318530718,
8.377580409573),.UNSPECIFIED.) CURVE() GEOMETRIC_REPRESENTATION_ITEM() 
RATIONAL_B_SPLINE_CURVE((1.,0.5,1.,0.5,1.,0.5,1.)) REPRESENTATION_ITEM(
  '') );
#814 = CARTESIAN_POINT('',(3.,157.17548833848,141.38989221983));
#815 = CARTESIAN_POINT('',(5.551362713291E-02,157.17548833848,
    141.38989221983));
#816 = CARTESIAN_POINT('',(1.527756813566,159.72548833848,
    141.38989221983));
#817 = CARTESIAN_POINT('',(3.,162.27548833848,141.38989221983));
#818 = CARTESIAN_POINT('',(4.472243186434,159.72548833848,
    141.38989221983));
#819 = CARTESIAN_POINT('',(5.944486372867,157.17548833848,
    141.38989221983));
#820 = CARTESIAN_POINT('',(3.,157.17548833848,141.38989221983));
#821 = PCURVE('',#64,#822);
#822 = DEFINITIONAL_REPRESENTATION('',(#823),#831);
#823 = ( BOUNDED_CURVE() B_SPLINE_CURVE(2,(#824,#825,#826,#827,#828,#829
,#830),.UNSPECIFIED.,.T.,.F.) B_SPLINE_CURVE_WITH_KNOTS((1,2,2,2,2,1),(
    -2.094395102393,0.,2.094395102393,4.188790204786,6.28318530718,
8.377580409573),.UNSPECIFIED.) CURVE() GEOMETRIC_REPRESENTATION_ITEM() 
RATIONAL_B_SPLINE_CURVE((1.,0.5,1.,0.5,1.,0.5,1.)) REPRESENTATION_ITEM(
  '') );
#824 = CARTESIAN_POINT('',(8.7,7.));
#825 = CARTESIAN_POINT('',(8.7,9.944486372867));
#826 = CARTESIAN_POINT('',(6.15,8.472243186434));
#827 = CARTESIAN_POINT('',(3.6,7.));
#828 = CARTESIAN_POINT('',(6.15,5.527756813566));
#829 = CARTESIAN_POINT('',(8.7,4.055513627133));
#830 = CARTESIAN_POINT('',(8.7,7.));
#831 = ( GEOMETRIC_REPRESENTATION_CONTEXT(2) 
PARAMETRIC_REPRESENTATION_CONTEXT() REPRESENTATION_CONTEXT('2D SPACE',''
  ) );
#832 = PCURVE('',#833,#848);
#833 = ( BOUNDED_SURFACE() B_SPLINE_SURFACE(2,1,(
    (#834,#835)
    ,(#836,#837)
    ,(#838,#839)
    ,(#840,#841)
    ,(#842,#843)
    ,(#844,#845)
,(#846,#847
    )),.UNSPECIFIED.,.T.,.F.,.F.) B_SPLINE_SURFACE_WITH_KNOTS((1,2,2,2,2
    ,1),(2,2),(-2.094395102393,0.,2.094395102393,4.188790204786,
    6.28318530718,8.377580409573),(9.999999999999E-02,2.1),
.UNSPECIFIED.) GEOMETRIC_REPRESENTATION_ITEM() RATIONAL_B_SPLINE_SURFACE
((
    (1.,1.)
    ,(0.5,0.5)
    ,(1.,1.)
    ,(0.5,0.5)
    ,(1.,1.)
    ,(0.5,0.5)
,(1.,1.))) REPRESENTATION_ITEM('') SURFACE() );
#834 = CARTESIAN_POINT('',(3.,157.17548833848,139.38989221983));
#835 = CARTESIAN_POINT('',(3.,157.17548833848,141.38989221983));
#836 = CARTESIAN_POINT('',(5.551362713291E-02,157.17548833848,
    139.38989221983));
#837 = CARTESIAN_POINT('',(5.551362713291E-02,157.17548833848,
    141.38989221983));
#838 = CARTESIAN_POINT('',(1.527756813566,159.72548833848,
    139.38989221983));
#839 = CARTESIAN_POINT('',(1.527756813566,159.72548833848,
    141.38989221983));
#840 = CARTESIAN_POINT('',(3.,162.27548833848,139.38989221983));
#841 = CARTESIAN_POINT('',(3.,162.27548833848,141.38989221983));
#842 = CARTESIAN_POINT('',(4.472243186434,159.72548833848,
    139.38989221983));
#843 = CARTESIAN_POINT('',(4.472243186434,159.72548833848,
    141.38989221983));
#844 = CARTESIAN_POINT('',(5.944486372867,157.17548833848,
    139.38989221983));
#845 = CARTESIAN_POINT('',(5.944486372867,157.17548833848,
    141.38989221983));
#846 = CARTESIAN_POINT('',(3.,157.17548833848,139.38989221983));
#847 = CARTESIAN_POINT('',(3.,157.17548833848,141.38989221983));
#848 = DEFINITIONAL_REPRESENTATION('',(#849),#857);
#849 = B_SPLINE_CURVE_WITH_KNOTS('',2,(#850,#851,#852,#853,#854,#855,
    #856),.UNSPECIFIED.,.F.,.F.,(3,2,2,3),(0.,2.094395102393,
    4.188790204786,6.28318530718),.PIECEWISE_BEZIER_KNOTS.);
#850 = CARTESIAN_POINT('',(0.,2.1));
#851 = CARTESIAN_POINT('',(1.047197551197,2.1));
#852 = CARTESIAN_POINT('',(2.094395102393,2.1));
#853 = CARTESIAN_POINT('',(3.14159265359,2.1));
#854 = CARTESIAN_POINT('',(4.188790204786,2.1));
#855 = CARTESIAN_POINT('',(5.235987755983,2.1));
#856 = CARTESIAN_POINT('',(6.28318530718,2.1));
#857 = ( GEOMETRIC_REPRESENTATION_CONTEXT(2) 
PARAMETRIC_REPRESENTATION_CONTEXT() REPRESENTATION_CONTEXT('2D SPACE',''
  ) );
#858 = ADVANCED_FACE('',(#859),#137,.T.);
#859 = FACE_BOUND('',#860,.T.);
#860 = EDGE_LOOP('',(#861,#881,#882,#907));
#861 = ORIENTED_EDGE('',*,*,#862,.F.);
#862 = EDGE_CURVE('',#46,#863,#865,.T.);
#863 = VERTEX_POINT('',#864);
#864 = CARTESIAN_POINT('',(-15.,165.87548833848,141.38989221983));
#865 = SURFACE_CURVE('',#866,(#869,#875),.PCURVE_S1.);
#866 = B_SPLINE_CURVE_WITH_KNOTS('',1,(#867,#868),.UNSPECIFIED.,.F.,.F.,
  (2,2),(0.,2.),.PIECEWISE_BEZIER_KNOTS.);
#867 = CARTESIAN_POINT('',(-13.,165.87548833848,141.38989221983));
#868 = CARTESIAN_POINT('',(-15.,165.87548833848,141.38989221983));
#869 = PCURVE('',#137,#870);
#870 = DEFINITIONAL_REPRESENTATION('',(#871),#874);
#871 = B_SPLINE_CURVE_WITH_KNOTS('',1,(#872,#873),.UNSPECIFIED.,.F.,.F.,
  (2,2),(0.,2.),.PIECEWISE_BEZIER_KNOTS.);
#872 = CARTESIAN_POINT('',(2.,-23.));
#873 = CARTESIAN_POINT('',(2.,-25.));
#874 = ( GEOMETRIC_REPRESENTATION_CONTEXT(2) 
PARAMETRIC_REPRESENTATION_CONTEXT() REPRESENTATION_CONTEXT('2D SPACE',''
  ) );
#875 = PCURVE('',#796,#876);
#876 = DEFINITIONAL_REPRESENTATION('',(#877),#880);
#877 = B_SPLINE_CURVE_WITH_KNOTS('',1,(#878,#879),.UNSPECIFIED.,.F.,.F.,
  (2,2),(0.,2.),.PIECEWISE_BEZIER_KNOTS.);
#878 = CARTESIAN_POINT('',(0.,0.));
#879 = CARTESIAN_POINT('',(0.,2.));
#880 = ( GEOMETRIC_REPRESENTATION_CONTEXT(2) 
PARAMETRIC_REPRESENTATION_CONTEXT() REPRESENTATION_CONTEXT('2D SPACE',''
  ) );
#881 = ORIENTED_EDGE('',*,*,#125,.F.);
#882 = ORIENTED_EDGE('',*,*,#883,.T.);
#883 = EDGE_CURVE('',#101,#884,#886,.T.);
#884 = VERTEX_POINT('',#885);
#885 = CARTESIAN_POINT('',(-15.,165.87548833848,139.38989221983));
#886 = SURFACE_CURVE('',#887,(#890,#896),.PCURVE_S1.);
#887 = B_SPLINE_CURVE_WITH_KNOTS('',1,(#888,#889),.UNSPECIFIED.,.F.,.F.,
  (2,2),(23.,25.),.PIECEWISE_BEZIER_KNOTS.);
#888 = CARTESIAN_POINT('',(-13.,165.87548833848,139.38989221983));
#889 = CARTESIAN_POINT('',(-15.,165.87548833848,139.38989221983));
#890 = PCURVE('',#137,#891);
#891 = DEFINITIONAL_REPRESENTATION('',(#892),#895);
#892 = B_SPLINE_CURVE_WITH_KNOTS('',1,(#893,#894),.UNSPECIFIED.,.F.,.F.,
  (2,2),(23.,25.),.PIECEWISE_BEZIER_KNOTS.);
#893 = CARTESIAN_POINT('',(0.,-23.));
#894 = CARTESIAN_POINT('',(0.,-25.));
#895 = ( GEOMETRIC_REPRESENTATION_CONTEXT(2) 
PARAMETRIC_REPRESENTATION_CONTEXT() REPRESENTATION_CONTEXT('2D SPACE',''
  ) );
#896 = PCURVE('',#897,#902);
#897 = B_SPLINE_SURFACE_WITH_KNOTS('',1,1,(
    (#898,#899)
    ,(#900,#901
    )),.UNSPECIFIED.,.F.,.F.,.F.,(2,2),(2,2),(0.,30.),(0.,45.),
  .PIECEWISE_BEZIER_KNOTS.);
#898 = CARTESIAN_POINT('',(25.,165.87548833848,139.38989221983));
#899 = CARTESIAN_POINT('',(-20.,165.87548833848,139.38989221983));
#900 = CARTESIAN_POINT('',(25.,135.87548833848,139.38989221983));
#901 = CARTESIAN_POINT('',(-20.,135.87548833848,139.38989221983));
#902 = DEFINITIONAL_REPRESENTATION('',(#903),#906);
#903 = B_SPLINE_CURVE_WITH_KNOTS('',1,(#904,#905),.UNSPECIFIED.,.F.,.F.,
  (2,2),(23.,25.),.PIECEWISE_BEZIER_KNOTS.);
#904 = CARTESIAN_POINT('',(0.,38.));
#905 = CARTESIAN_POINT('',(0.,40.));
#906 = ( GEOMETRIC_REPRESENTATION_CONTEXT(2) 
PARAMETRIC_REPRESENTATION_CONTEXT() REPRESENTATION_CONTEXT('2D SPACE',''
  ) );
#907 = ORIENTED_EDGE('',*,*,#908,.T.);
#908 = EDGE_CURVE('',#884,#863,#909,.T.);
#909 = SURFACE_CURVE('',#910,(#913,#919),.PCURVE_S1.);
#910 = B_SPLINE_CURVE_WITH_KNOTS('',1,(#911,#912),.UNSPECIFIED.,.F.,.F.,
  (2,2),(28.,30.),.PIECEWISE_BEZIER_KNOTS.);
#911 = CARTESIAN_POINT('',(-15.,165.87548833848,139.38989221983));
#912 = CARTESIAN_POINT('',(-15.,165.87548833848,141.38989221983));
#913 = PCURVE('',#137,#914);
#914 = DEFINITIONAL_REPRESENTATION('',(#915),#918);
#915 = B_SPLINE_CURVE_WITH_KNOTS('',1,(#916,#917),.UNSPECIFIED.,.F.,.F.,
  (2,2),(28.,30.),.PIECEWISE_BEZIER_KNOTS.);
#916 = CARTESIAN_POINT('',(0.,-25.));
#917 = CARTESIAN_POINT('',(2.,-25.));
#918 = ( GEOMETRIC_REPRESENTATION_CONTEXT(2) 
PARAMETRIC_REPRESENTATION_CONTEXT() REPRESENTATION_CONTEXT('2D SPACE',''
  ) );
#919 = PCURVE('',#920,#925);
#920 = B_SPLINE_SURFACE_WITH_KNOTS('',1,1,(
    (#921,#922)
    ,(#923,#924
    )),.UNSPECIFIED.,.F.,.F.,.F.,(2,2),(2,2),(0.,2.),(-30.,-25.),
  .PIECEWISE_BEZIER_KNOTS.);
#921 = CARTESIAN_POINT('',(-20.,165.87548833848,139.38989221983));
#922 = CARTESIAN_POINT('',(-15.,165.87548833848,139.38989221983));
#923 = CARTESIAN_POINT('',(-20.,165.87548833848,141.38989221983));
#924 = CARTESIAN_POINT('',(-15.,165.87548833848,141.38989221983));
#925 = DEFINITIONAL_REPRESENTATION('',(#926),#929);
#926 = B_SPLINE_CURVE_WITH_KNOTS('',1,(#927,#928),.UNSPECIFIED.,.F.,.F.,
  (2,2),(28.,30.),.PIECEWISE_BEZIER_KNOTS.);
#927 = CARTESIAN_POINT('',(0.,-25.));
#928 = CARTESIAN_POINT('',(2.,-25.));
#929 = ( GEOMETRIC_REPRESENTATION_CONTEXT(2) 
PARAMETRIC_REPRESENTATION_CONTEXT() REPRESENTATION_CONTEXT('2D SPACE',''
  ) );
#930 = ADVANCED_FACE('',(#931,#993,#1096),#114,.T.);
#931 = FACE_BOUND('',#932,.T.);
#932 = EDGE_LOOP('',(#933,#934,#954,#974));
#933 = ORIENTED_EDGE('',*,*,#100,.F.);
#934 = ORIENTED_EDGE('',*,*,#935,.T.);
#935 = EDGE_CURVE('',#76,#936,#938,.T.);
#936 = VERTEX_POINT('',#937);
#937 = CARTESIAN_POINT('',(10.,135.87548833848,139.38989221983));
#938 = SURFACE_CURVE('',#939,(#942,#948),.PCURVE_S1.);
#939 = B_SPLINE_CURVE_WITH_KNOTS('',1,(#940,#941),.UNSPECIFIED.,.F.,.F.,
  (2,2),(0.,30.),.PIECEWISE_BEZIER_KNOTS.);
#940 = CARTESIAN_POINT('',(10.,165.87548833848,139.38989221983));
#941 = CARTESIAN_POINT('',(10.,135.87548833848,139.38989221983));
#942 = PCURVE('',#114,#943);
#943 = DEFINITIONAL_REPRESENTATION('',(#944),#947);
#944 = B_SPLINE_CURVE_WITH_KNOTS('',1,(#945,#946),.UNSPECIFIED.,.F.,.F.,
  (2,2),(0.,30.),.PIECEWISE_BEZIER_KNOTS.);
#945 = CARTESIAN_POINT('',(0.,0.));
#946 = CARTESIAN_POINT('',(30.,0.));
#947 = ( GEOMETRIC_REPRESENTATION_CONTEXT(2) 
PARAMETRIC_REPRESENTATION_CONTEXT() REPRESENTATION_CONTEXT('2D SPACE',''
  ) );
#948 = PCURVE('',#89,#949);
#949 = DEFINITIONAL_REPRESENTATION('',(#950),#953);
#950 = B_SPLINE_CURVE_WITH_KNOTS('',1,(#951,#952),.UNSPECIFIED.,.F.,.F.,
  (2,2),(0.,30.),.PIECEWISE_BEZIER_KNOTS.);
#951 = CARTESIAN_POINT('',(0.,0.));
#952 = CARTESIAN_POINT('',(0.,30.));
#953 = ( GEOMETRIC_REPRESENTATION_CONTEXT(2) 
PARAMETRIC_REPRESENTATION_CONTEXT() REPRESENTATION_CONTEXT('2D SPACE',''
  ) );
#954 = ORIENTED_EDGE('',*,*,#955,.T.);
#955 = EDGE_CURVE('',#936,#956,#958,.T.);
#956 = VERTEX_POINT('',#957);
#957 = CARTESIAN_POINT('',(-13.,135.87548833848,139.38989221983));
#958 = SURFACE_CURVE('',#959,(#962,#968),.PCURVE_S1.);
#959 = B_SPLINE_CURVE_WITH_KNOTS('',1,(#960,#961),.UNSPECIFIED.,.F.,.F.,
  (2,2),(0.,23.),.PIECEWISE_BEZIER_KNOTS.);
#960 = CARTESIAN_POINT('',(10.,135.87548833848,139.38989221983));
#961 = CARTESIAN_POINT('',(-13.,135.87548833848,139.38989221983));
#962 = PCURVE('',#114,#963);
#963 = DEFINITIONAL_REPRESENTATION('',(#964),#967);
#964 = B_SPLINE_CURVE_WITH_KNOTS('',1,(#965,#966),.UNSPECIFIED.,.F.,.F.,
  (2,2),(0.,23.),.PIECEWISE_BEZIER_KNOTS.);
#965 = CARTESIAN_POINT('',(30.,0.));
#966 = CARTESIAN_POINT('',(30.,23.));
#967 = ( GEOMETRIC_REPRESENTATION_CONTEXT(2) 
PARAMETRIC_REPRESENTATION_CONTEXT() REPRESENTATION_CONTEXT('2D SPACE',''
  ) );
#968 = PCURVE('',#773,#969);
#969 = DEFINITIONAL_REPRESENTATION('',(#970),#973);
#970 = B_SPLINE_CURVE_WITH_KNOTS('',1,(#971,#972),.UNSPECIFIED.,.F.,.F.,
  (2,2),(0.,23.),.PIECEWISE_BEZIER_KNOTS.);
#971 = CARTESIAN_POINT('',(0.,0.));
#972 = CARTESIAN_POINT('',(0.,-23.));
#973 = ( GEOMETRIC_REPRESENTATION_CONTEXT(2) 
PARAMETRIC_REPRESENTATION_CONTEXT() REPRESENTATION_CONTEXT('2D SPACE',''
  ) );
#974 = ORIENTED_EDGE('',*,*,#975,.T.);
#975 = EDGE_CURVE('',#956,#101,#976,.T.);
#976 = SURFACE_CURVE('',#977,(#980,#986),.PCURVE_S1.);
#977 = B_SPLINE_CURVE_WITH_KNOTS('',1,(#978,#979),.UNSPECIFIED.,.F.,.F.,
  (2,2),(-30.,0.),.PIECEWISE_BEZIER_KNOTS.);
#978 = CARTESIAN_POINT('',(-13.,135.87548833848,139.38989221983));
#979 = CARTESIAN_POINT('',(-13.,165.87548833848,139.38989221983));
#980 = PCURVE('',#114,#981);
#981 = DEFINITIONAL_REPRESENTATION('',(#982),#985);
#982 = B_SPLINE_CURVE_WITH_KNOTS('',1,(#983,#984),.UNSPECIFIED.,.F.,.F.,
  (2,2),(-30.,0.),.PIECEWISE_BEZIER_KNOTS.);
#983 = CARTESIAN_POINT('',(30.,23.));
#984 = CARTESIAN_POINT('',(0.,23.));
#985 = ( GEOMETRIC_REPRESENTATION_CONTEXT(2) 
PARAMETRIC_REPRESENTATION_CONTEXT() REPRESENTATION_CONTEXT('2D SPACE',''
  ) );
#986 = PCURVE('',#897,#987);
#987 = DEFINITIONAL_REPRESENTATION('',(#988),#992);
#988 = B_SPLINE_CURVE_WITH_KNOTS('',2,(#989,#990,#991),.UNSPECIFIED.,.F.
  ,.F.,(3,3),(-30.,0.),.PIECEWISE_BEZIER_KNOTS.);
#989 = CARTESIAN_POINT('',(30.,38.));
#990 = CARTESIAN_POINT('',(15.,38.));
#991 = CARTESIAN_POINT('',(0.,38.));
#992 = ( GEOMETRIC_REPRESENTATION_CONTEXT(2) 
PARAMETRIC_REPRESENTATION_CONTEXT() REPRESENTATION_CONTEXT('2D SPACE',''
  ) );
#993 = FACE_BOUND('',#994,.T.);
#994 = EDGE_LOOP('',(#995,#1032,#1067));
#995 = ORIENTED_EDGE('',*,*,#996,.F.);
#996 = EDGE_CURVE('',#997,#999,#1001,.T.);
#997 = VERTEX_POINT('',#998);
#998 = CARTESIAN_POINT('',(3.,157.17548833848,139.38989221983));
#999 = VERTEX_POINT('',#1000);
#1000 = CARTESIAN_POINT('',(4.556464231829,159.55916888891,
    139.38989221983));
#1001 = SURFACE_CURVE('',#1002,(#1010,#1021),.PCURVE_S1.);
#1002 = ( BOUNDED_CURVE() B_SPLINE_CURVE(2,(#1003,#1004,#1005,#1006,
#1007,#1008,#1009),.UNSPECIFIED.,.T.,.F.) B_SPLINE_CURVE_WITH_KNOTS((1,2
    ,2,2,2,1),(-2.094395102393,0.,2.094395102393,4.188790204786,
6.28318530718,8.377580409573),.UNSPECIFIED.) CURVE() 
GEOMETRIC_REPRESENTATION_ITEM() RATIONAL_B_SPLINE_CURVE((1.,0.5,1.,0.5,
1.,0.5,1.)) REPRESENTATION_ITEM('') );
#1003 = CARTESIAN_POINT('',(3.,157.17548833848,139.38989221983));
#1004 = CARTESIAN_POINT('',(5.551362713291E-02,157.17548833848,
    139.38989221983));
#1005 = CARTESIAN_POINT('',(1.527756813566,159.72548833848,
    139.38989221983));
#1006 = CARTESIAN_POINT('',(3.,162.27548833848,139.38989221983));
#1007 = CARTESIAN_POINT('',(4.472243186434,159.72548833848,
    139.38989221983));
#1008 = CARTESIAN_POINT('',(5.944486372867,157.17548833848,
    139.38989221983));
#1009 = CARTESIAN_POINT('',(3.,157.17548833848,139.38989221983));
#1010 = PCURVE('',#114,#1011);
#1011 = DEFINITIONAL_REPRESENTATION('',(#1012),#1020);
#1012 = ( BOUNDED_CURVE() B_SPLINE_CURVE(2,(#1013,#1014,#1015,#1016,
#1017,#1018,#1019),.UNSPECIFIED.,.T.,.F.) B_SPLINE_CURVE_WITH_KNOTS((1,2
    ,2,2,2,1),(-2.094395102393,0.,2.094395102393,4.188790204786,
6.28318530718,8.377580409573),.UNSPECIFIED.) CURVE() 
GEOMETRIC_REPRESENTATION_ITEM() RATIONAL_B_SPLINE_CURVE((1.,0.5,1.,0.5,
1.,0.5,1.)) REPRESENTATION_ITEM('') );
#1013 = CARTESIAN_POINT('',(8.7,7.));
#1014 = CARTESIAN_POINT('',(8.7,9.944486372867));
#1015 = CARTESIAN_POINT('',(6.15,8.472243186434));
#1016 = CARTESIAN_POINT('',(3.6,7.));
#1017 = CARTESIAN_POINT('',(6.15,5.527756813566));
#1018 = CARTESIAN_POINT('',(8.7,4.055513627133));
#1019 = CARTESIAN_POINT('',(8.7,7.));
#1020 = ( GEOMETRIC_REPRESENTATION_CONTEXT(2) 
PARAMETRIC_REPRESENTATION_CONTEXT() REPRESENTATION_CONTEXT('2D SPACE',''
  ) );
#1021 = PCURVE('',#833,#1022);
#1022 = DEFINITIONAL_REPRESENTATION('',(#1023),#1031);
#1023 = B_SPLINE_CURVE_WITH_KNOTS('',2,(#1024,#1025,#1026,#1027,#1028,
    #1029,#1030),.UNSPECIFIED.,.F.,.F.,(3,2,2,3),(0.,2.094395102393,
    4.188790204786,6.28318530718),.PIECEWISE_BEZIER_KNOTS.);
#1024 = CARTESIAN_POINT('',(0.,9.999999999999E-02));
#1025 = CARTESIAN_POINT('',(1.047197551197,9.999999999996E-02));
#1026 = CARTESIAN_POINT('',(2.094395102393,9.999999999999E-02));
#1027 = CARTESIAN_POINT('',(3.14159265359,9.999999999999E-02));
#1028 = CARTESIAN_POINT('',(4.188790204786,0.1));
#1029 = CARTESIAN_POINT('',(5.235987755983,0.1));
#1030 = CARTESIAN_POINT('',(6.28318530718,9.999999999999E-02));
#1031 = ( GEOMETRIC_REPRESENTATION_CONTEXT(2) 
PARAMETRIC_REPRESENTATION_CONTEXT() REPRESENTATION_CONTEXT('2D SPACE',''
  ) );
#1032 = ORIENTED_EDGE('',*,*,#1033,.F.);
#1033 = EDGE_CURVE('',#1034,#997,#1036,.T.);
#1034 = VERTEX_POINT('',#1035);
#1035 = CARTESIAN_POINT('',(4.7,158.87548833848,139.38989221983));
#1036 = SURFACE_CURVE('',#1037,(#1045,#1056),.PCURVE_S1.);
#1037 = ( BOUNDED_CURVE() B_SPLINE_CURVE(2,(#1038,#1039,#1040,#1041,
#1042,#1043,#1044),.UNSPECIFIED.,.T.,.F.) B_SPLINE_CURVE_WITH_KNOTS((1,2
    ,2,2,2,1),(-2.094395102393,0.,2.094395102393,4.188790204786,
6.28318530718,8.377580409573),.UNSPECIFIED.) CURVE() 
GEOMETRIC_REPRESENTATION_ITEM() RATIONAL_B_SPLINE_CURVE((1.,0.5,1.,0.5,
1.,0.5,1.)) REPRESENTATION_ITEM('') );
#1038 = CARTESIAN_POINT('',(3.,157.17548833848,139.38989221983));
#1039 = CARTESIAN_POINT('',(5.551362713291E-02,157.17548833848,
    139.38989221983));
#1040 = CARTESIAN_POINT('',(1.527756813566,159.72548833848,
    139.38989221983));
#1041 = CARTESIAN_POINT('',(3.,162.27548833848,139.38989221983));
#1042 = CARTESIAN_POINT('',(4.472243186434,159.72548833848,
    139.38989221983));
#1043 = CARTESIAN_POINT('',(5.944486372867,157.17548833848,
    139.38989221983));
#1044 = CARTESIAN_POINT('',(3.,157.17548833848,139.38989221983));
#1045 = PCURVE('',#114,#1046);
#1046 = DEFINITIONAL_REPRESENTATION('',(#1047),#1055);
#1047 = ( BOUNDED_CURVE() B_SPLINE_CURVE(2,(#1048,#1049,#1050,#1051,
#1052,#1053,#1054),.UNSPECIFIED.,.T.,.F.) B_SPLINE_CURVE_WITH_KNOTS((1,2
    ,2,2,2,1),(-2.094395102393,0.,2.094395102393,4.188790204786,
6.28318530718,8.377580409573),.UNSPECIFIED.) CURVE() 
GEOMETRIC_REPRESENTATION_ITEM() RATIONAL_B_SPLINE_CURVE((1.,0.5,1.,0.5,
1.,0.5,1.)) REPRESENTATION_ITEM('') );
#1048 = CARTESIAN_POINT('',(8.7,7.));
#1049 = CARTESIAN_POINT('',(8.7,9.944486372867));
#1050 = CARTESIAN_POINT('',(6.15,8.472243186434));
#1051 = CARTESIAN_POINT('',(3.6,7.));
#1052 = CARTESIAN_POINT('',(6.15,5.527756813566));
#1053 = CARTESIAN_POINT('',(8.7,4.055513627133));
#1054 = CARTESIAN_POINT('',(8.7,7.));
#1055 = ( GEOMETRIC_REPRESENTATION_CONTEXT(2) 
PARAMETRIC_REPRESENTATION_CONTEXT() REPRESENTATION_CONTEXT('2D SPACE',''
  ) );
#1056 = PCURVE('',#833,#1057);
#1057 = DEFINITIONAL_REPRESENTATION('',(#1058),#1066);
#1058 = B_SPLINE_CURVE_WITH_KNOTS('',2,(#1059,#1060,#1061,#1062,#1063,
    #1064,#1065),.UNSPECIFIED.,.F.,.F.,(3,2,2,3),(0.,2.094395102393,
    4.188790204786,6.28318530718),.PIECEWISE_BEZIER_KNOTS.);
#1059 = CARTESIAN_POINT('',(0.,9.999999999999E-02));
#1060 = CARTESIAN_POINT('',(1.047197551197,9.999999999996E-02));
#1061 = CARTESIAN_POINT('',(2.094395102393,9.999999999999E-02));
#1062 = CARTESIAN_POINT('',(3.14159265359,9.999999999999E-02));
#1063 = CARTESIAN_POINT('',(4.188790204786,0.1));
#1064 = CARTESIAN_POINT('',(5.235987755983,0.1));
#1065 = CARTESIAN_POINT('',(6.28318530718,9.999999999999E-02));
#1066 = ( GEOMETRIC_REPRESENTATION_CONTEXT(2) 
PARAMETRIC_REPRESENTATION_CONTEXT() REPRESENTATION_CONTEXT('2D SPACE',''
  ) );
#1067 = ORIENTED_EDGE('',*,*,#1068,.T.);
#1068 = EDGE_CURVE('',#1034,#999,#1069,.T.);
#1069 = SURFACE_CURVE('',#1070,(#1078,#1087),.PCURVE_S1.);
#1070 = B_SPLINE_CURVE_WITH_KNOTS('',6,(#1071,#1072,#1073,#1074,#1075,
    #1076,#1077),.UNSPECIFIED.,.F.,.F.,(7,7),(0.,1.),
  .PIECEWISE_BEZIER_KNOTS.);
#1071 = CARTESIAN_POINT('',(4.7,158.87548833848,139.38989221983));
#1072 = CARTESIAN_POINT('',(4.7,158.9927522581,139.38989221983));
#1073 = CARTESIAN_POINT('',(4.690293525711,159.11002349781,
    139.38989221983));
#1074 = CARTESIAN_POINT('',(4.670878380185,159.22628176843,
    139.38989221983));
#1075 = CARTESIAN_POINT('',(4.641899271049,159.34053224709,
    139.38989221983));
#1076 = CARTESIAN_POINT('',(4.603623722453,159.45180579324,
    139.38989221983));
#1077 = CARTESIAN_POINT('',(4.556464231829,159.55916888891,
    139.38989221983));
#1078 = PCURVE('',#114,#1079);
#1079 = DEFINITIONAL_REPRESENTATION('',(#1080),#1086);
#1080 = B_SPLINE_CURVE_WITH_KNOTS('',4,(#1081,#1082,#1083,#1084,#1085),
  .UNSPECIFIED.,.F.,.F.,(5,5),(0.,1.),.PIECEWISE_BEZIER_KNOTS.);
#1081 = CARTESIAN_POINT('',(7.,5.3));
#1082 = CARTESIAN_POINT('',(6.824104120566,5.3));
#1083 = CARTESIAN_POINT('',(6.648187771094,5.324268420028));
#1084 = CARTESIAN_POINT('',(6.477364093083,5.372796532235));
#1085 = CARTESIAN_POINT('',(6.316319449571,5.443535768171));
#1086 = ( GEOMETRIC_REPRESENTATION_CONTEXT(2) 
PARAMETRIC_REPRESENTATION_CONTEXT() REPRESENTATION_CONTEXT('2D SPACE',''
  ) );
#1087 = PCURVE('',#833,#1088);
#1088 = DEFINITIONAL_REPRESENTATION('',(#1089),#1095);
#1089 = B_SPLINE_CURVE_WITH_KNOTS('',4,(#1090,#1091,#1092,#1093,#1094),
  .UNSPECIFIED.,.F.,.F.,(5,5),(0.,1.),.PIECEWISE_BEZIER_KNOTS.);
#1090 = CARTESIAN_POINT('',(4.749981681104,0.1));
#1091 = CARTESIAN_POINT('',(4.649409368221,0.1));
#1092 = CARTESIAN_POINT('',(4.545097173124,0.1));
#1093 = CARTESIAN_POINT('',(4.4354105934,0.1));
#1094 = CARTESIAN_POINT('',(4.317513825311,0.1));
#1095 = ( GEOMETRIC_REPRESENTATION_CONTEXT(2) 
PARAMETRIC_REPRESENTATION_CONTEXT() REPRESENTATION_CONTEXT('2D SPACE',''
  ) );
#1096 = FACE_BOUND('',#1097,.T.);
#1097 = EDGE_LOOP('',(#1098,#1135,#1170));
#1098 = ORIENTED_EDGE('',*,*,#1099,.F.);
#1099 = EDGE_CURVE('',#1100,#1102,#1104,.T.);
#1100 = VERTEX_POINT('',#1101);
#1101 = CARTESIAN_POINT('',(3.,141.17548833848,139.38989221983));
#1102 = VERTEX_POINT('',#1103);
#1103 = CARTESIAN_POINT('',(4.404308757002,143.83356814466,
    139.38989221983));
#1104 = SURFACE_CURVE('',#1105,(#1113,#1124),.PCURVE_S1.);
#1105 = ( BOUNDED_CURVE() B_SPLINE_CURVE(2,(#1106,#1107,#1108,#1109,
#1110,#1111,#1112),.UNSPECIFIED.,.T.,.F.) B_SPLINE_CURVE_WITH_KNOTS((1,2
    ,2,2,2,1),(-2.094395102393,0.,2.094395102393,4.188790204786,
6.28318530718,8.377580409573),.UNSPECIFIED.) CURVE() 
GEOMETRIC_REPRESENTATION_ITEM() RATIONAL_B_SPLINE_CURVE((1.,0.5,1.,0.5,
1.,0.5,1.)) REPRESENTATION_ITEM('') );
#1106 = CARTESIAN_POINT('',(3.,141.17548833848,139.38989221983));
#1107 = CARTESIAN_POINT('',(5.551362713291E-02,141.17548833848,
    139.38989221983));
#1108 = CARTESIAN_POINT('',(1.527756813566,143.72548833848,
    139.38989221983));
#1109 = CARTESIAN_POINT('',(3.,146.27548833848,139.38989221983));
#1110 = CARTESIAN_POINT('',(4.472243186434,143.72548833848,
    139.38989221983));
#1111 = CARTESIAN_POINT('',(5.944486372867,141.17548833848,
    139.38989221983));
#1112 = CARTESIAN_POINT('',(3.,141.17548833848,139.38989221983));
#1113 = PCURVE('',#114,#1114);
#1114 = DEFINITIONAL_REPRESENTATION('',(#1115),#1123);
#1115 = ( BOUNDED_CURVE() B_SPLINE_CURVE(2,(#1116,#1117,#1118,#1119,
#1120,#1121,#1122),.UNSPECIFIED.,.T.,.F.) B_SPLINE_CURVE_WITH_KNOTS((1,2
    ,2,2,2,1),(-2.094395102393,0.,2.094395102393,4.188790204786,
6.28318530718,8.377580409573),.UNSPECIFIED.) CURVE() 
GEOMETRIC_REPRESENTATION_ITEM() RATIONAL_B_SPLINE_CURVE((1.,0.5,1.,0.5,
1.,0.5,1.)) REPRESENTATION_ITEM('') );
#1116 = CARTESIAN_POINT('',(24.7,7.));
#1117 = CARTESIAN_POINT('',(24.7,9.944486372867));
#1118 = CARTESIAN_POINT('',(22.15,8.472243186434));
#1119 = CARTESIAN_POINT('',(19.6,7.));
#1120 = CARTESIAN_POINT('',(22.15,5.527756813566));
#1121 = CARTESIAN_POINT('',(24.7,4.055513627133));
#1122 = CARTESIAN_POINT('',(24.7,7.));
#1123 = ( GEOMETRIC_REPRESENTATION_CONTEXT(2) 
PARAMETRIC_REPRESENTATION_CONTEXT() REPRESENTATION_CONTEXT('2D SPACE',''
  ) );
#1124 = PCURVE('',#669,#1125);
#1125 = DEFINITIONAL_REPRESENTATION('',(#1126),#1134);
#1126 = B_SPLINE_CURVE_WITH_KNOTS('',2,(#1127,#1128,#1129,#1130,#1131,
    #1132,#1133),.UNSPECIFIED.,.F.,.F.,(3,2,2,3),(0.,2.094395102393,
    4.188790204786,6.28318530718),.PIECEWISE_BEZIER_KNOTS.);
#1127 = CARTESIAN_POINT('',(0.,9.999999999999E-02));
#1128 = CARTESIAN_POINT('',(1.047197551197,9.999999999996E-02));
#1129 = CARTESIAN_POINT('',(2.094395102393,9.999999999999E-02));
#1130 = CARTESIAN_POINT('',(3.14159265359,9.999999999999E-02));
#1131 = CARTESIAN_POINT('',(4.188790204786,0.1));
#1132 = CARTESIAN_POINT('',(5.235987755983,0.1));
#1133 = CARTESIAN_POINT('',(6.28318530718,9.999999999999E-02));
#1134 = ( GEOMETRIC_REPRESENTATION_CONTEXT(2) 
PARAMETRIC_REPRESENTATION_CONTEXT() REPRESENTATION_CONTEXT('2D SPACE',''
  ) );
#1135 = ORIENTED_EDGE('',*,*,#1136,.F.);
#1136 = EDGE_CURVE('',#1137,#1100,#1139,.T.);
#1137 = VERTEX_POINT('',#1138);
#1138 = CARTESIAN_POINT('',(4.7,142.87548833848,139.38989221983));
#1139 = SURFACE_CURVE('',#1140,(#1148,#1159),.PCURVE_S1.);
#1140 = ( BOUNDED_CURVE() B_SPLINE_CURVE(2,(#1141,#1142,#1143,#1144,
#1145,#1146,#1147),.UNSPECIFIED.,.T.,.F.) B_SPLINE_CURVE_WITH_KNOTS((1,2
    ,2,2,2,1),(-2.094395102393,0.,2.094395102393,4.188790204786,
6.28318530718,8.377580409573),.UNSPECIFIED.) CURVE() 
GEOMETRIC_REPRESENTATION_ITEM() RATIONAL_B_SPLINE_CURVE((1.,0.5,1.,0.5,
1.,0.5,1.)) REPRESENTATION_ITEM('') );
#1141 = CARTESIAN_POINT('',(3.,141.17548833848,139.38989221983));
#1142 = CARTESIAN_POINT('',(5.551362713291E-02,141.17548833848,
    139.38989221983));
#1143 = CARTESIAN_POINT('',(1.527756813566,143.72548833848,
    139.38989221983));
#1144 = CARTESIAN_POINT('',(3.,146.27548833848,139.38989221983));
#1145 = CARTESIAN_POINT('',(4.472243186434,143.72548833848,
    139.38989221983));
#1146 = CARTESIAN_POINT('',(5.944486372867,141.17548833848,
    139.38989221983));
#1147 = CARTESIAN_POINT('',(3.,141.17548833848,139.38989221983));
#1148 = PCURVE('',#114,#1149);
#1149 = DEFINITIONAL_REPRESENTATION('',(#1150),#1158);
#1150 = ( BOUNDED_CURVE() B_SPLINE_CURVE(2,(#1151,#1152,#1153,#1154,
#1155,#1156,#1157),.UNSPECIFIED.,.T.,.F.) B_SPLINE_CURVE_WITH_KNOTS((1,2
    ,2,2,2,1),(-2.094395102393,0.,2.094395102393,4.188790204786,
6.28318530718,8.377580409573),.UNSPECIFIED.) CURVE() 
GEOMETRIC_REPRESENTATION_ITEM() RATIONAL_B_SPLINE_CURVE((1.,0.5,1.,0.5,
1.,0.5,1.)) REPRESENTATION_ITEM('') );
#1151 = CARTESIAN_POINT('',(24.7,7.));
#1152 = CARTESIAN_POINT('',(24.7,9.944486372867));
#1153 = CARTESIAN_POINT('',(22.15,8.472243186434));
#1154 = CARTESIAN_POINT('',(19.6,7.));
#1155 = CARTESIAN_POINT('',(22.15,5.527756813566));
#1156 = CARTESIAN_POINT('',(24.7,4.055513627133));
#1157 = CARTESIAN_POINT('',(24.7,7.));
#1158 = ( GEOMETRIC_REPRESENTATION_CONTEXT(2) 
PARAMETRIC_REPRESENTATION_CONTEXT() REPRESENTATION_CONTEXT('2D SPACE',''
  ) );
#1159 = PCURVE('',#669,#1160);
#1160 = DEFINITIONAL_REPRESENTATION('',(#1161),#1169);
#1161 = B_SPLINE_CURVE_WITH_KNOTS('',2,(#1162,#1163,#1164,#1165,#1166,
    #1167,#1168),.UNSPECIFIED.,.F.,.F.,(3,2,2,3),(0.,2.094395102393,
    4.188790204786,6.28318530718),.PIECEWISE_BEZIER_KNOTS.);
#1162 = CARTESIAN_POINT('',(0.,9.999999999999E-02));
#1163 = CARTESIAN_POINT('',(1.047197551197,9.999999999996E-02));
#1164 = CARTESIAN_POINT('',(2.094395102393,9.999999999999E-02));
#1165 = CARTESIAN_POINT('',(3.14159265359,9.999999999999E-02));
#1166 = CARTESIAN_POINT('',(4.188790204786,0.1));
#1167 = CARTESIAN_POINT('',(5.235987755983,0.1));
#1168 = CARTESIAN_POINT('',(6.28318530718,9.999999999999E-02));
#1169 = ( GEOMETRIC_REPRESENTATION_CONTEXT(2) 
PARAMETRIC_REPRESENTATION_CONTEXT() REPRESENTATION_CONTEXT('2D SPACE',''
  ) );
#1170 = ORIENTED_EDGE('',*,*,#1171,.T.);
#1171 = EDGE_CURVE('',#1137,#1102,#1172,.T.);
#1172 = SURFACE_CURVE('',#1173,(#1181,#1192),.PCURVE_S1.);
#1173 = B_SPLINE_CURVE_WITH_KNOTS('',6,(#1174,#1175,#1176,#1177,#1178,
    #1179,#1180),.UNSPECIFIED.,.F.,.F.,(7,7),(0.,1.),
  .PIECEWISE_BEZIER_KNOTS.);
#1174 = CARTESIAN_POINT('',(4.7,142.87548833848,139.38989221983));
#1175 = CARTESIAN_POINT('',(4.7,143.04511010691,139.38989221983));
#1176 = CARTESIAN_POINT('',(4.679690525891,143.21477670236,
    139.38989221983));
#1177 = CARTESIAN_POINT('',(4.639052810389,143.38134657443,
    139.38989221983));
#1178 = CARTESIAN_POINT('',(4.578747554488,143.54184696062,
    139.38989221983));
#1179 = CARTESIAN_POINT('',(4.499903722154,143.69344949711,
    139.38989221983));
#1180 = CARTESIAN_POINT('',(4.404308757002,143.83356814466,
    139.38989221983));
#1181 = PCURVE('',#114,#1182);
#1182 = DEFINITIONAL_REPRESENTATION('',(#1183),#1191);
#1183 = B_SPLINE_CURVE_WITH_KNOTS('',6,(#1184,#1185,#1186,#1187,#1188,
    #1189,#1190),.UNSPECIFIED.,.F.,.F.,(7,7),(0.,1.),
  .PIECEWISE_BEZIER_KNOTS.);
#1184 = CARTESIAN_POINT('',(23.,5.3));
#1185 = CARTESIAN_POINT('',(22.830378226747,5.299999969346));
#1186 = CARTESIAN_POINT('',(22.660711654237,5.320309553036));
#1187 = CARTESIAN_POINT('',(22.494141731306,5.360947085124));
#1188 = CARTESIAN_POINT('',(22.333641411113,5.421252526555));
#1189 = CARTESIAN_POINT('',(22.182038824553,5.500096245974));
#1190 = CARTESIAN_POINT('',(22.041920193821,5.595691242998));
#1191 = ( GEOMETRIC_REPRESENTATION_CONTEXT(2) 
PARAMETRIC_REPRESENTATION_CONTEXT() REPRESENTATION_CONTEXT('2D SPACE',''
  ) );
#1192 = PCURVE('',#669,#1193);
#1193 = DEFINITIONAL_REPRESENTATION('',(#1194),#1225);
#1194 = B_SPLINE_CURVE_WITH_KNOTS('',8,(#1195,#1196,#1197,#1198,#1199,
    #1200,#1201,#1202,#1203,#1204,#1205,#1206,#1207,#1208,#1209,#1210,
    #1211,#1212,#1213,#1214,#1215,#1216,#1217,#1218,#1219,#1220,#1221,
    #1222,#1223,#1224),.UNSPECIFIED.,.F.,.F.,(9,7,7,7,9),(0.,0.5,0.75,
    0.875,1.),.UNSPECIFIED.);
#1195 = CARTESIAN_POINT('',(4.749981681104,0.1));
#1196 = CARTESIAN_POINT('',(4.7136123238,0.1));
#1197 = CARTESIAN_POINT('',(4.676822395293,0.1));
#1198 = CARTESIAN_POINT('',(4.639567985353,0.1));
#1199 = CARTESIAN_POINT('',(4.601800559607,0.1));
#1200 = CARTESIAN_POINT('',(4.563466959543,0.1));
#1201 = CARTESIAN_POINT('',(4.524509402507,0.1));
#1202 = CARTESIAN_POINT('',(4.484865481703,0.1));
#1203 = CARTESIAN_POINT('',(4.424269508439,0.1));
#1204 = CARTESIAN_POINT('',(4.403883383054,0.1));
#1205 = CARTESIAN_POINT('',(4.383300289235,0.1));
#1206 = CARTESIAN_POINT('',(4.36251072618,0.1));
#1207 = CARTESIAN_POINT('',(4.341505193086,0.1));
#1208 = CARTESIAN_POINT('',(4.320274189149,0.1));
#1209 = CARTESIAN_POINT('',(4.298808213568,0.1));
#1210 = CARTESIAN_POINT('',(4.266242541525,0.1));
#1211 = CARTESIAN_POINT('',(4.255326147059,0.1));
#1212 = CARTESIAN_POINT('',(4.244340156743,0.1));
#1213 = CARTESIAN_POINT('',(4.233329321609,0.1));
#1214 = CARTESIAN_POINT('',(4.222144531866,0.1));
#1215 = CARTESIAN_POINT('',(4.211069500823,0.1));
#1216 = CARTESIAN_POINT('',(4.199749714441,0.1));
#1217 = CARTESIAN_POINT('',(4.177171879132,0.1));
#1218 = CARTESIAN_POINT('',(4.165873253381,0.1));
#1219 = CARTESIAN_POINT('',(4.154756210083,0.1));
#1220 = CARTESIAN_POINT('',(4.143645373253,0.1));
#1221 = CARTESIAN_POINT('',(4.132573022183,0.1));
#1222 = CARTESIAN_POINT('',(4.121625318001,0.1));
#1223 = CARTESIAN_POINT('',(4.110704822627,0.1));
#1224 = CARTESIAN_POINT('',(4.099853697791,0.1));
#1225 = ( GEOMETRIC_REPRESENTATION_CONTEXT(2) 
PARAMETRIC_REPRESENTATION_CONTEXT() REPRESENTATION_CONTEXT('2D SPACE',''
  ) );
#1226 = ADVANCED_FACE('',(#1227),#89,.T.);
#1227 = FACE_BOUND('',#1228,.T.);
#1228 = EDGE_LOOP('',(#1229,#1249,#1250,#1251,#1252,#1392,#1543));
#1229 = ORIENTED_EDGE('',*,*,#1230,.F.);
#1230 = EDGE_CURVE('',#936,#1231,#1233,.T.);
#1231 = VERTEX_POINT('',#1232);
#1232 = CARTESIAN_POINT('',(10.,135.87548833848,139.95));
#1233 = SURFACE_CURVE('',#1234,(#1237,#1243),.PCURVE_S1.);
#1234 = B_SPLINE_CURVE_WITH_KNOTS('',1,(#1235,#1236),.UNSPECIFIED.,.F.,
  .F.,(2,2),(0.,2.),.PIECEWISE_BEZIER_KNOTS.);
#1235 = CARTESIAN_POINT('',(10.,135.87548833848,139.38989221983));
#1236 = CARTESIAN_POINT('',(10.,135.87548833848,141.38989221983));
#1237 = PCURVE('',#89,#1238);
#1238 = DEFINITIONAL_REPRESENTATION('',(#1239),#1242);
#1239 = B_SPLINE_CURVE_WITH_KNOTS('',1,(#1240,#1241),.UNSPECIFIED.,.F.,
  .F.,(2,2),(0.,2.),.PIECEWISE_BEZIER_KNOTS.);
#1240 = CARTESIAN_POINT('',(0.,30.));
#1241 = CARTESIAN_POINT('',(2.,30.));
#1242 = ( GEOMETRIC_REPRESENTATION_CONTEXT(2) 
PARAMETRIC_REPRESENTATION_CONTEXT() REPRESENTATION_CONTEXT('2D SPACE',''
  ) );
#1243 = PCURVE('',#773,#1244);
#1244 = DEFINITIONAL_REPRESENTATION('',(#1245),#1248);
#1245 = B_SPLINE_CURVE_WITH_KNOTS('',1,(#1246,#1247),.UNSPECIFIED.,.F.,
  .F.,(2,2),(0.,2.),.PIECEWISE_BEZIER_KNOTS.);
#1246 = CARTESIAN_POINT('',(0.,0.));
#1247 = CARTESIAN_POINT('',(2.,0.));
#1248 = ( GEOMETRIC_REPRESENTATION_CONTEXT(2) 
PARAMETRIC_REPRESENTATION_CONTEXT() REPRESENTATION_CONTEXT('2D SPACE',''
  ) );
#1249 = ORIENTED_EDGE('',*,*,#935,.F.);
#1250 = ORIENTED_EDGE('',*,*,#75,.T.);
#1251 = ORIENTED_EDGE('',*,*,#152,.T.);
#1252 = ORIENTED_EDGE('',*,*,#1253,.T.);
#1253 = EDGE_CURVE('',#153,#1254,#1256,.T.);
#1254 = VERTEX_POINT('',#1255);
#1255 = CARTESIAN_POINT('',(10.,153.40662717657,140.40330378356));
#1256 = SURFACE_CURVE('',#1257,(#1300,#1346),.PCURVE_S1.);
#1257 = B_SPLINE_CURVE_WITH_KNOTS('',5,(#1258,#1259,#1260,#1261,#1262,
    #1263,#1264,#1265,#1266,#1267,#1268,#1269,#1270,#1271,#1272,#1273,
    #1274,#1275,#1276,#1277,#1278,#1279,#1280,#1281,#1282,#1283,#1284,
    #1285,#1286,#1287,#1288,#1289,#1290,#1291,#1292,#1293,#1294,#1295,
    #1296,#1297,#1298,#1299),.UNSPECIFIED.,.F.,.F.,(6,4,4,4,4,4,4,4,4,4,
    6),(0.,0.10154270736,0.213189842401,0.345524795346,0.466382853176,
    0.53381786713,0.664928612083,0.788854391157,0.835100528298,
    0.89889621933,1.),.UNSPECIFIED.);
#1258 = CARTESIAN_POINT('',(10.,156.7857883034,141.38989221983));
#1259 = CARTESIAN_POINT('',(10.,156.75279055546,141.28644147524));
#1260 = CARTESIAN_POINT('',(10.,156.71281672738,141.18520384373));
#1261 = CARTESIAN_POINT('',(10.,156.66608397404,141.08680357301));
#1262 = CARTESIAN_POINT('',(10.,156.61289394129,140.99181640461));
#1263 = CARTESIAN_POINT('',(10.,156.48846004424,140.80065983878));
#1264 = CARTESIAN_POINT('',(10.,156.41594341415,140.70530895011));
#1265 = CARTESIAN_POINT('',(10.,156.33658088057,140.61541452891));
#1266 = CARTESIAN_POINT('',(10.,156.25096871186,140.53156974059));
#1267 = CARTESIAN_POINT('',(10.,156.0516932354,140.36263991673));
#1268 = CARTESIAN_POINT('',(10.,155.93576462038,140.28019812853));
#1269 = CARTESIAN_POINT('',(10.,155.81311530875,140.20776041362));
#1270 = CARTESIAN_POINT('',(10.,155.68495729715,140.14589806473));
#1271 = CARTESIAN_POINT('',(10.,155.43164143533,140.04845306847));
#1272 = CARTESIAN_POINT('',(10.,155.30718037269,140.01105370441));
#1273 = CARTESIAN_POINT('',(10.,155.18013441137,139.98303695444));
#1274 = CARTESIAN_POINT('',(10.,155.05146058291,139.96450704434));
#1275 = CARTESIAN_POINT('',(10.,154.8499214518,139.95037851622));
#1276 = CARTESIAN_POINT('',(10.,154.77752776639,139.94826412573));
#1277 = CARTESIAN_POINT('',(10.,154.70508167945,139.94909035037));
#1278 = CARTESIAN_POINT('',(10.,154.63274199358,139.952840703));
#1279 = CARTESIAN_POINT('',(10.,154.42052603549,139.97240959924));
#1280 = CARTESIAN_POINT('',(10.,154.28137808252,139.99628004367));
#1281 = CARTESIAN_POINT('',(10.,154.14435761185,140.03089560594));
#1282 = CARTESIAN_POINT('',(10.,154.01054137217,140.07590766494));
#1283 = CARTESIAN_POINT('',(10.,153.75848049158,140.18283741477));
#1284 = CARTESIAN_POINT('',(10.,153.63978769319,140.24369204243));
#1285 = CARTESIAN_POINT('',(10.,153.52574417661,140.31307624532));
#1286 = CARTESIAN_POINT('',(10.,153.41720216057,140.39054644216));
#1287 = CARTESIAN_POINT('',(10.,153.27688305861,140.50733655382));
#1288 = CARTESIAN_POINT('',(10.,153.23963531855,140.54013096512));
#1289 = CARTESIAN_POINT('',(10.,153.20331793074,140.57395422102));
#1290 = CARTESIAN_POINT('',(10.,153.16797621972,140.60877788946));
#1291 = CARTESIAN_POINT('',(10.,153.08631198794,140.69394846457));
#1292 = CARTESIAN_POINT('',(10.,153.04091180524,140.74517104008));
#1293 = CARTESIAN_POINT('',(10.,152.99757635828,140.79816020102));
#1294 = CARTESIAN_POINT('',(10.,152.95642795374,140.85282654975));
#1295 = CARTESIAN_POINT('',(10.,152.85604026236,140.99820613398));
#1296 = CARTESIAN_POINT('',(10.,152.80029307591,141.0913047768));
#1297 = CARTESIAN_POINT('',(10.,152.7508398289,141.18796280275));
#1298 = CARTESIAN_POINT('',(10.,152.70817817579,141.28769505665));
#1299 = CARTESIAN_POINT('',(10.,152.67271571182,141.38989221983));
#1300 = PCURVE('',#89,#1301);
#1301 = DEFINITIONAL_REPRESENTATION('',(#1302),#1345);
#1302 = B_SPLINE_CURVE_WITH_KNOTS('',5,(#1303,#1304,#1305,#1306,#1307,
    #1308,#1309,#1310,#1311,#1312,#1313,#1314,#1315,#1316,#1317,#1318,
    #1319,#1320,#1321,#1322,#1323,#1324,#1325,#1326,#1327,#1328,#1329,
    #1330,#1331,#1332,#1333,#1334,#1335,#1336,#1337,#1338,#1339,#1340,
    #1341,#1342,#1343,#1344),.UNSPECIFIED.,.F.,.F.,(6,4,4,4,4,4,4,4,4,4,
    6),(0.,0.10154270736,0.213189842401,0.345524795346,0.466382853176,
    0.53381786713,0.664928612083,0.788854391157,0.835100528298,
    0.89889621933,1.),.UNSPECIFIED.);
#1303 = CARTESIAN_POINT('',(2.,9.08970003508));
#1304 = CARTESIAN_POINT('',(1.89654925541,9.122697783025));
#1305 = CARTESIAN_POINT('',(1.795311623902,9.1626716111));
#1306 = CARTESIAN_POINT('',(1.69691135318,9.209404364442));
#1307 = CARTESIAN_POINT('',(1.601924184781,9.262594397189));
#1308 = CARTESIAN_POINT('',(1.410767618945,9.387028294243));
#1309 = CARTESIAN_POINT('',(1.315416730279,9.459544924328));
#1310 = CARTESIAN_POINT('',(1.225522309081,9.538907457916));
#1311 = CARTESIAN_POINT('',(1.14167752076,9.624519626622));
#1312 = CARTESIAN_POINT('',(0.972747696901,9.823795103079));
#1313 = CARTESIAN_POINT('',(0.890305908699,9.939723718096));
#1314 = CARTESIAN_POINT('',(0.817868193791,10.062373029727));
#1315 = CARTESIAN_POINT('',(0.756005844898,10.19053104133));
#1316 = CARTESIAN_POINT('',(0.658560848636,10.443846903154));
#1317 = CARTESIAN_POINT('',(0.62116148458,10.568307965796));
#1318 = CARTESIAN_POINT('',(0.593144734608,10.695353927111));
#1319 = CARTESIAN_POINT('',(0.57461482451,10.824027755567));
#1320 = CARTESIAN_POINT('',(0.560486296384,11.025566886686));
#1321 = CARTESIAN_POINT('',(0.5583719059,11.097960572096));
#1322 = CARTESIAN_POINT('',(0.559198130537,11.170406659033));
#1323 = CARTESIAN_POINT('',(0.562948483169,11.242746344898));
#1324 = CARTESIAN_POINT('',(0.582517379404,11.454962302989));
#1325 = CARTESIAN_POINT('',(0.606387823841,11.59411025596));
#1326 = CARTESIAN_POINT('',(0.641003386111,11.731130726632));
#1327 = CARTESIAN_POINT('',(0.686015445111,11.864946966309));
#1328 = CARTESIAN_POINT('',(0.79294519494,12.1170078469));
#1329 = CARTESIAN_POINT('',(0.853799822597,12.23570064529));
#1330 = CARTESIAN_POINT('',(0.923184025484,12.349744161869));
#1331 = CARTESIAN_POINT('',(1.000654222325,12.45828617791));
#1332 = CARTESIAN_POINT('',(1.117444333985,12.598605279873));
#1333 = CARTESIAN_POINT('',(1.150238745286,12.635853019932));
#1334 = CARTESIAN_POINT('',(1.184062001189,12.672170407745));
#1335 = CARTESIAN_POINT('',(1.218885669624,12.707512118764));
#1336 = CARTESIAN_POINT('',(1.304056244739,12.789176350537));
#1337 = CARTESIAN_POINT('',(1.355278820253,12.834576533243));
#1338 = CARTESIAN_POINT('',(1.40826798119,12.877911980197));
#1339 = CARTESIAN_POINT('',(1.462934329918,12.919060384736));
#1340 = CARTESIAN_POINT('',(1.608313914148,13.019448076125));
#1341 = CARTESIAN_POINT('',(1.701412556967,13.07519526257));
#1342 = CARTESIAN_POINT('',(1.798070582919,13.12464850958));
#1343 = CARTESIAN_POINT('',(1.897802836823,13.167310162696));
#1344 = CARTESIAN_POINT('',(2.,13.202772626658));
#1345 = ( GEOMETRIC_REPRESENTATION_CONTEXT(2) 
PARAMETRIC_REPRESENTATION_CONTEXT() REPRESENTATION_CONTEXT('2D SPACE',''
  ) );
#1346 = PCURVE('',#462,#1347);
#1347 = DEFINITIONAL_REPRESENTATION('',(#1348),#1391);
#1348 = B_SPLINE_CURVE_WITH_KNOTS('',5,(#1349,#1350,#1351,#1352,#1353,
    #1354,#1355,#1356,#1357,#1358,#1359,#1360,#1361,#1362,#1363,#1364,
    #1365,#1366,#1367,#1368,#1369,#1370,#1371,#1372,#1373,#1374,#1375,
    #1376,#1377,#1378,#1379,#1380,#1381,#1382,#1383,#1384,#1385,#1386,
    #1387,#1388,#1389,#1390),.UNSPECIFIED.,.F.,.F.,(6,4,4,4,4,4,4,4,4,4,
    6),(0.,0.10154270736,0.213189842401,0.345524795346,0.466382853176,
    0.53381786713,0.664928612083,0.788854391157,0.835100528298,
    0.89889621933,1.),.UNSPECIFIED.);
#1349 = CARTESIAN_POINT('',(1.357460550325,6.585377263917));
#1350 = CARTESIAN_POINT('',(1.35653607969,6.638236272295));
#1351 = CARTESIAN_POINT('',(1.355406300989,6.691053266795));
#1352 = CARTESIAN_POINT('',(1.35406876386,6.743813428285));
#1353 = CARTESIAN_POINT('',(1.352519785807,6.796508972866));
#1354 = CARTESIAN_POINT('',(1.348814629091,6.9069803032));
#1355 = CARTESIAN_POINT('',(1.346613276676,6.964742393037));
#1356 = CARTESIAN_POINT('',(1.344145239012,7.022395286296));
#1357 = CARTESIAN_POINT('',(1.341403124653,7.079932430531));
#1358 = CARTESIAN_POINT('',(1.33479565846,7.205385822525));
#1359 = CARTESIAN_POINT('',(1.330816080032,7.273254081612));
#1360 = CARTESIAN_POINT('',(1.326428656313,7.3409230492));
#1361 = CARTESIAN_POINT('',(1.321619003649,7.408393491205));
#1362 = CARTESIAN_POINT('',(1.31159016058,7.537084987718));
#1363 = CARTESIAN_POINT('',(1.306442392668,7.598344155124));
#1364 = CARTESIAN_POINT('',(1.300926417878,7.659430190372));
#1365 = CARTESIAN_POINT('',(1.295036142303,7.720353448156));
#1366 = CARTESIAN_POINT('',(1.28528039162,7.81503255723));
#1367 = CARTESIAN_POINT('',(1.281670785298,7.848893855316));
#1368 = CARTESIAN_POINT('',(1.277945803045,7.882710741557));
#1369 = CARTESIAN_POINT('',(1.274106832832,7.916486614989));
#1370 = CARTESIAN_POINT('',(1.262475554789,8.015823148215));
#1371 = CARTESIAN_POINT('',(1.254373311605,8.081281063873));
#1372 = CARTESIAN_POINT('',(1.245868504448,8.146632670229));
#1373 = CARTESIAN_POINT('',(1.236998343096,8.211923292044));
#1374 = CARTESIAN_POINT('',(1.219184071006,8.338925246852));
#1375 = CARTESIAN_POINT('',(1.210270948055,8.400635037633));
#1376 = CARTESIAN_POINT('',(1.201165539168,8.462398274839));
#1377 = CARTESIAN_POINT('',(1.191967611057,8.524271634801));
#1378 = CARTESIAN_POINT('',(1.179416253559,8.609479109088));
#1379 = CARTESIAN_POINT('',(1.17601332009,8.632659755559));
#1380 = CARTESIAN_POINT('',(1.172626239849,8.655868260909));
#1381 = CARTESIAN_POINT('',(1.169263814831,8.679107785826));
#1382 = CARTESIAN_POINT('',(1.161344948976,8.734486795033));
#1383 = CARTESIAN_POINT('',(1.156819556234,8.766656916273));
#1384 = CARTESIAN_POINT('',(1.152385558281,8.798899732096));
#1385 = CARTESIAN_POINT('',(1.148071946828,8.831221616723));
#1386 = CARTESIAN_POINT('',(1.13731620087,8.914984008184));
#1387 = CARTESIAN_POINT('',(1.131104398869,8.966551812786));
#1388 = CARTESIAN_POINT('',(1.125401418429,9.018346013779));
#1389 = CARTESIAN_POINT('',(1.120351248601,9.070367523377));
#1390 = CARTESIAN_POINT('',(1.116075658119,9.122586004028));
#1391 = ( GEOMETRIC_REPRESENTATION_CONTEXT(2) 
PARAMETRIC_REPRESENTATION_CONTEXT() REPRESENTATION_CONTEXT('2D SPACE',''
  ) );
#1392 = ORIENTED_EDGE('',*,*,#1393,.T.);
#1393 = EDGE_CURVE('',#1254,#1394,#1396,.T.);
#1394 = VERTEX_POINT('',#1395);
#1395 = CARTESIAN_POINT('',(10.,149.4,139.95));
#1396 = SURFACE_CURVE('',#1397,(#1442,#1490),.PCURVE_S1.);
#1397 = B_SPLINE_CURVE_WITH_KNOTS('',7,(#1398,#1399,#1400,#1401,#1402,
    #1403,#1404,#1405,#1406,#1407,#1408,#1409,#1410,#1411,#1412,#1413,
    #1414,#1415,#1416,#1417,#1418,#1419,#1420,#1421,#1422,#1423,#1424,
    #1425,#1426,#1427,#1428,#1429,#1430,#1431,#1432,#1433,#1434,#1435,
    #1436,#1437,#1438,#1439,#1440,#1441),.UNSPECIFIED.,.F.,.F.,(8,6,6,6,
    6,6,6,8),(0.,0.12240792552,0.188730547781,0.254500950956,
    0.385176492047,0.617072378109,0.905602300308,1.),.UNSPECIFIED.);
#1398 = CARTESIAN_POINT('',(10.,154.47443286119,141.38989221983));
#1399 = CARTESIAN_POINT('',(10.,154.43477620728,141.30447291306));
#1400 = CARTESIAN_POINT('',(10.,154.38905121284,141.22171900989));
#1401 = CARTESIAN_POINT('',(10.,154.3377179547,141.14201663851));
#1402 = CARTESIAN_POINT('',(10.,154.28128244002,141.0656288066));
#1403 = CARTESIAN_POINT('',(10.,154.220256661,140.99271983931));
#1404 = CARTESIAN_POINT('',(10.,154.15513061231,140.92337396377));
#1405 = CARTESIAN_POINT('',(10.,154.04909320484,140.82197498396));
#1406 = CARTESIAN_POINT('',(10.,154.01075769391,140.78739156251));
#1407 = CARTESIAN_POINT('',(10.,153.97142030234,140.75385956637));
#1408 = CARTESIAN_POINT('',(10.,153.93114855879,140.72137588373));
#1409 = CARTESIAN_POINT('',(10.,153.89000646047,140.68993310002));
#1410 = CARTESIAN_POINT('',(10.,153.848053977,140.65952009739));
#1411 = CARTESIAN_POINT('',(10.,153.76299472446,140.60096998166));
#1412 = CARTESIAN_POINT('',(10.,153.71990095368,140.57281635077));
#1413 = CARTESIAN_POINT('',(10.,153.67611929632,140.54564779176));
#1414 = CARTESIAN_POINT('',(10.,153.63170050165,140.51944803768));
#1415 = CARTESIAN_POINT('',(10.,153.58669183157,140.49419884305));
#1416 = CARTESIAN_POINT('',(10.,153.54113687838,140.46988030262));
#1417 = CARTESIAN_POINT('',(10.,153.40355836849,140.39996087168));
#1418 = CARTESIAN_POINT('',(10.,153.31004907324,140.35704409452));
#1419 = CARTESIAN_POINT('',(10.,153.21485195267,140.31754973714));
#1420 = CARTESIAN_POINT('',(10.,153.11823261683,140.28129761808));
#1421 = CARTESIAN_POINT('',(10.,153.02041699293,140.24810159754));
#1422 = CARTESIAN_POINT('',(10.,152.92159048833,140.21777269909));
#1423 = CARTESIAN_POINT('',(10.,152.64498207072,140.14105390814));
#1424 = CARTESIAN_POINT('',(10.,152.4654077955,140.10043979116));
#1425 = CARTESIAN_POINT('',(10.,152.28394219641,140.06720655719));
#1426 = CARTESIAN_POINT('',(10.,152.10117600662,140.04035976758));
#1427 = CARTESIAN_POINT('',(10.,151.91753399573,140.01895625835));
#1428 = CARTESIAN_POINT('',(10.,151.73327763437,140.00210650456));
#1429 = CARTESIAN_POINT('',(10.,151.31859395604,139.97270821815));
#1430 = CARTESIAN_POINT('',(10.,151.08801046984,139.96222368792));
#1431 = CARTESIAN_POINT('',(10.,150.85698026406,139.95599356516));
#1432 = CARTESIAN_POINT('',(10.,150.62566988112,139.95267097894));
#1433 = CARTESIAN_POINT('',(10.,150.39418652058,139.95109662219));
#1434 = CARTESIAN_POINT('',(10.,150.16258022422,139.95042154547));
#1435 = CARTESIAN_POINT('',(10.,149.85503051199,139.95006609457));
#1436 = CARTESIAN_POINT('',(10.,149.77920501835,139.95002212964));
#1437 = CARTESIAN_POINT('',(10.,149.70337178824,139.95000443954));
#1438 = CARTESIAN_POINT('',(10.,149.62753273642,139.94999996154));
#1439 = CARTESIAN_POINT('',(10.,149.55168979111,139.94999995473));
#1440 = CARTESIAN_POINT('',(10.,149.47584489394,139.95));
#1441 = CARTESIAN_POINT('',(10.,149.4,139.95));
#1442 = PCURVE('',#89,#1443);
#1443 = DEFINITIONAL_REPRESENTATION('',(#1444),#1489);
#1444 = B_SPLINE_CURVE_WITH_KNOTS('',7,(#1445,#1446,#1447,#1448,#1449,
    #1450,#1451,#1452,#1453,#1454,#1455,#1456,#1457,#1458,#1459,#1460,
    #1461,#1462,#1463,#1464,#1465,#1466,#1467,#1468,#1469,#1470,#1471,
    #1472,#1473,#1474,#1475,#1476,#1477,#1478,#1479,#1480,#1481,#1482,
    #1483,#1484,#1485,#1486,#1487,#1488),.UNSPECIFIED.,.F.,.F.,(8,6,6,6,
    6,6,6,8),(0.,0.12240792552,0.188730547781,0.254500950956,
    0.385176492047,0.617072378109,0.905602300308,1.),.UNSPECIFIED.);
#1445 = CARTESIAN_POINT('',(2.,11.401055477295));
#1446 = CARTESIAN_POINT('',(1.914580693228,11.440712131204));
#1447 = CARTESIAN_POINT('',(1.831826790055,11.486437125642));
#1448 = CARTESIAN_POINT('',(1.752124418675,11.537770383783));
#1449 = CARTESIAN_POINT('',(1.675736586768,11.594205898465));
#1450 = CARTESIAN_POINT('',(1.602827619475,11.655231677483));
#1451 = CARTESIAN_POINT('',(1.533481743943,11.720357726175));
#1452 = CARTESIAN_POINT('',(1.432082764123,11.826395133643));
#1453 = CARTESIAN_POINT('',(1.397499342682,11.864730644572));
#1454 = CARTESIAN_POINT('',(1.363967346541,11.904068036139));
#1455 = CARTESIAN_POINT('',(1.331483663896,11.944339779687));
#1456 = CARTESIAN_POINT('',(1.300040880183,11.985481878007));
#1457 = CARTESIAN_POINT('',(1.26962787756,12.027434361478));
#1458 = CARTESIAN_POINT('',(1.211077761827,12.11249361402));
#1459 = CARTESIAN_POINT('',(1.182924130934,12.155587384797));
#1460 = CARTESIAN_POINT('',(1.155755571929,12.199369042161));
#1461 = CARTESIAN_POINT('',(1.129555817845,12.243787836834));
#1462 = CARTESIAN_POINT('',(1.10430662322,12.288796506907));
#1463 = CARTESIAN_POINT('',(1.079988082786,12.3343514601));
#1464 = CARTESIAN_POINT('',(1.010068651852,12.47192996999));
#1465 = CARTESIAN_POINT('',(0.967151874691,12.565439265237));
#1466 = CARTESIAN_POINT('',(0.92765751731,12.660636385812));
#1467 = CARTESIAN_POINT('',(0.891405398252,12.75725572165));
#1468 = CARTESIAN_POINT('',(0.858209377708,12.855071345556));
#1469 = CARTESIAN_POINT('',(0.827880479257,12.953897850155));
#1470 = CARTESIAN_POINT('',(0.751161688313,13.230506267766));
#1471 = CARTESIAN_POINT('',(0.710547571333,13.410080542981));
#1472 = CARTESIAN_POINT('',(0.677314337363,13.591546142074));
#1473 = CARTESIAN_POINT('',(0.650467547743,13.774312331856));
#1474 = CARTESIAN_POINT('',(0.629064038514,13.957954342748));
#1475 = CARTESIAN_POINT('',(0.612214284726,14.14221070411));
#1476 = CARTESIAN_POINT('',(0.582815998321,14.556894382443));
#1477 = CARTESIAN_POINT('',(0.572331468084,14.787477868642));
#1478 = CARTESIAN_POINT('',(0.566101345324,15.018508074423));
#1479 = CARTESIAN_POINT('',(0.56277875911,15.249818457355));
#1480 = CARTESIAN_POINT('',(0.561204402357,15.481301817902));
#1481 = CARTESIAN_POINT('',(0.560529325638,15.712908114265));
#1482 = CARTESIAN_POINT('',(0.560173874735,16.020457826493));
#1483 = CARTESIAN_POINT('',(0.560129909809,16.096283320123));
#1484 = CARTESIAN_POINT('',(0.560112219704,16.17211655023));
#1485 = CARTESIAN_POINT('',(0.560107741708,16.247955602051));
#1486 = CARTESIAN_POINT('',(0.560107734902,16.323798547377));
#1487 = CARTESIAN_POINT('',(0.560107780164,16.39964344456));
#1488 = CARTESIAN_POINT('',(0.560107780164,16.475488338506));
#1489 = ( GEOMETRIC_REPRESENTATION_CONTEXT(2) 
PARAMETRIC_REPRESENTATION_CONTEXT() REPRESENTATION_CONTEXT('2D SPACE',''
  ) );
#1490 = PCURVE('',#1491,#1496);
#1491 = TOROIDAL_SURFACE('',#1492,5.6,2.05);
#1492 = AXIS2_PLACEMENT_3D('',#1493,#1494,#1495);
#1493 = CARTESIAN_POINT('',(15.6,149.4,142.));
#1494 = DIRECTION('',(0.,0.,-1.));
#1495 = DIRECTION('',(-1.,0.,0.));
#1496 = DEFINITIONAL_REPRESENTATION('',(#1497),#1542);
#1497 = B_SPLINE_CURVE_WITH_KNOTS('',7,(#1498,#1499,#1500,#1501,#1502,
    #1503,#1504,#1505,#1506,#1507,#1508,#1509,#1510,#1511,#1512,#1513,
    #1514,#1515,#1516,#1517,#1518,#1519,#1520,#1521,#1522,#1523,#1524,
    #1525,#1526,#1527,#1528,#1529,#1530,#1531,#1532,#1533,#1534,#1535,
    #1536,#1537,#1538,#1539,#1540,#1541),.UNSPECIFIED.,.F.,.F.,(8,6,6,6,
    6,6,6,8),(0.,0.12240792552,0.188730547781,0.254500950956,
    0.385176492047,0.617072378109,0.905602300308,1.),.UNSPECIFIED.);
#1498 = CARTESIAN_POINT('',(0.736201820076,6.585377263917));
#1499 = CARTESIAN_POINT('',(0.732313223126,6.629022960912));
#1500 = CARTESIAN_POINT('',(0.727797611127,6.671999550038));
#1501 = CARTESIAN_POINT('',(0.722682220063,6.714207415905));
#1502 = CARTESIAN_POINT('',(0.716996530068,6.75557884297));
#1503 = CARTESIAN_POINT('',(0.710770387505,6.796066245561));
#1504 = CARTESIAN_POINT('',(0.704032557681,6.83563670902));
#1505 = CARTESIAN_POINT('',(0.69289624988,6.89520653263));
#1506 = CARTESIAN_POINT('',(0.688840257152,6.915866704129));
#1507 = CARTESIAN_POINT('',(0.684645821298,6.93625115029));
#1508 = CARTESIAN_POINT('',(0.680316881058,6.956358508803));
#1509 = CARTESIAN_POINT('',(0.675857181867,6.976188218719));
#1510 = CARTESIAN_POINT('',(0.671270235081,6.995740477963));
#1511 = CARTESIAN_POINT('',(0.661887543965,7.034131429125));
#1512 = CARTESIAN_POINT('',(0.657093908466,7.052974495323));
#1513 = CARTESIAN_POINT('',(0.652181518271,7.071546338952));
#1514 = CARTESIAN_POINT('',(0.647153368784,7.089848137737));
#1515 = CARTESIAN_POINT('',(0.642012277277,7.107881330833));
#1516 = CARTESIAN_POINT('',(0.636760856907,7.125647642044));
#1517 = CARTESIAN_POINT('',(0.620753265387,7.177921778523));
#1518 = CARTESIAN_POINT('',(0.6096797891,7.211646274853));
#1519 = CARTESIAN_POINT('',(0.598198854389,7.244341322027));
#1520 = CARTESIAN_POINT('',(0.586327130862,7.276022449155));
#1521 = CARTESIAN_POINT('',(0.574079691762,7.306703348774));
#1522 = CARTESIAN_POINT('',(0.561469540505,7.336397241173));
#1523 = CARTESIAN_POINT('',(0.525504148528,7.416086316704));
#1524 = CARTESIAN_POINT('',(0.501400972752,7.463970107813));
#1525 = CARTESIAN_POINT('',(0.476251809271,7.508861388716));
#1526 = CARTESIAN_POINT('',(0.450113381202,7.55078390915));
#1527 = CARTESIAN_POINT('',(0.423044831187,7.58973039548));
#1528 = CARTESIAN_POINT('',(0.395104245384,7.625679487513));
#1529 = CARTESIAN_POINT('',(0.33055495048,7.69954383199));
#1530 = CARTESIAN_POINT('',(0.29351602827,7.735772220619));
#1531 = CARTESIAN_POINT('',(0.255332561654,7.767204831057));
#1532 = CARTESIAN_POINT('',(0.216147584077,7.793680568034));
#1533 = CARTESIAN_POINT('',(0.176141976915,7.815017437313));
#1534 = CARTESIAN_POINT('',(0.135524090262,7.831066774077));
#1535 = CARTESIAN_POINT('',(8.109360575676E-02,7.84522576505));
#1536 = CARTESIAN_POINT('',(6.763406705398E-02,7.848140077749));
#1537 = CARTESIAN_POINT('',(5.414104824665E-02,7.850474937316));
#1538 = CARTESIAN_POINT('',(4.062275249127E-02,7.852227815805));
#1539 = CARTESIAN_POINT('',(2.708750060423E-02,7.853397008512));
#1540 = CARTESIAN_POINT('',(1.354373106177E-02,7.853981633975));
#1541 = CARTESIAN_POINT('',(0.,7.853981633974));
#1542 = ( GEOMETRIC_REPRESENTATION_CONTEXT(2) 
PARAMETRIC_REPRESENTATION_CONTEXT() REPRESENTATION_CONTEXT('2D SPACE',''
  ) );
#1543 = ORIENTED_EDGE('',*,*,#1544,.T.);
#1544 = EDGE_CURVE('',#1394,#1231,#1545,.T.);
#1545 = SURFACE_CURVE('',#1546,(#1552,#1561),.PCURVE_S1.);
#1546 = B_SPLINE_CURVE_WITH_KNOTS('',4,(#1547,#1548,#1549,#1550,#1551),
  .UNSPECIFIED.,.F.,.F.,(5,5),(0.,1.),.PIECEWISE_BEZIER_KNOTS.);
#1547 = CARTESIAN_POINT('',(10.,149.4,139.95));
#1548 = CARTESIAN_POINT('',(10.,146.01887208462,139.95));
#1549 = CARTESIAN_POINT('',(10.,142.63774416924,139.95));
#1550 = CARTESIAN_POINT('',(10.,139.25661625386,139.95));
#1551 = CARTESIAN_POINT('',(10.,135.87548833848,139.95));
#1552 = PCURVE('',#89,#1553);
#1553 = DEFINITIONAL_REPRESENTATION('',(#1554),#1560);
#1554 = B_SPLINE_CURVE_WITH_KNOTS('',4,(#1555,#1556,#1557,#1558,#1559),
  .UNSPECIFIED.,.F.,.F.,(5,5),(0.,1.),.PIECEWISE_BEZIER_KNOTS.);
#1555 = CARTESIAN_POINT('',(0.560107780164,16.475488338486));
#1556 = CARTESIAN_POINT('',(0.560107780164,19.856616253864));
#1557 = CARTESIAN_POINT('',(0.560107780164,23.237744169243));
#1558 = CARTESIAN_POINT('',(0.560107780164,26.618872084621));
#1559 = CARTESIAN_POINT('',(0.560107780164,30.));
#1560 = ( GEOMETRIC_REPRESENTATION_CONTEXT(2) 
PARAMETRIC_REPRESENTATION_CONTEXT() REPRESENTATION_CONTEXT('2D SPACE',''
  ) );
#1561 = PCURVE('',#1562,#1567);
#1562 = CYLINDRICAL_SURFACE('',#1563,2.05);
#1563 = AXIS2_PLACEMENT_3D('',#1564,#1565,#1566);
#1564 = CARTESIAN_POINT('',(10.,-15.4,142.));
#1565 = DIRECTION('',(0.,1.,0.));
#1566 = DIRECTION('',(0.989519311639,-0.,0.1444005952));
#1567 = DEFINITIONAL_REPRESENTATION('',(#1568),#1574);
#1568 = B_SPLINE_CURVE_WITH_KNOTS('',4,(#1569,#1570,#1571,#1572,#1573),
  .UNSPECIFIED.,.F.,.F.,(5,5),(0.,1.),.PIECEWISE_BEZIER_KNOTS.);
#1569 = CARTESIAN_POINT('',(1.715703518972,164.8));
#1570 = CARTESIAN_POINT('',(1.715703518972,161.41887208462));
#1571 = CARTESIAN_POINT('',(1.715703518972,158.03774416924));
#1572 = CARTESIAN_POINT('',(1.715703518972,154.65661625386));
#1573 = CARTESIAN_POINT('',(1.715703518972,151.27548833848));
#1574 = ( GEOMETRIC_REPRESENTATION_CONTEXT(2) 
PARAMETRIC_REPRESENTATION_CONTEXT() REPRESENTATION_CONTEXT('2D SPACE',''
  ) );
#1575 = ADVANCED_FACE('',(#1576),#796,.F.);
#1576 = FACE_BOUND('',#1577,.F.);
#1577 = EDGE_LOOP('',(#1578,#1579,#1580,#1605));
#1578 = ORIENTED_EDGE('',*,*,#862,.F.);
#1579 = ORIENTED_EDGE('',*,*,#784,.T.);
#1580 = ORIENTED_EDGE('',*,*,#1581,.T.);
#1581 = EDGE_CURVE('',#760,#1582,#1584,.T.);
#1582 = VERTEX_POINT('',#1583);
#1583 = CARTESIAN_POINT('',(-15.,135.87548833848,141.38989221983));
#1584 = SURFACE_CURVE('',#1585,(#1588,#1594),.PCURVE_S1.);
#1585 = B_SPLINE_CURVE_WITH_KNOTS('',1,(#1586,#1587),.UNSPECIFIED.,.F.,
  .F.,(2,2),(0.,2.),.PIECEWISE_BEZIER_KNOTS.);
#1586 = CARTESIAN_POINT('',(-13.,135.87548833848,141.38989221983));
#1587 = CARTESIAN_POINT('',(-15.,135.87548833848,141.38989221983));
#1588 = PCURVE('',#796,#1589);
#1589 = DEFINITIONAL_REPRESENTATION('',(#1590),#1593);
#1590 = B_SPLINE_CURVE_WITH_KNOTS('',1,(#1591,#1592),.UNSPECIFIED.,.F.,
  .F.,(2,2),(0.,2.),.PIECEWISE_BEZIER_KNOTS.);
#1591 = CARTESIAN_POINT('',(30.,0.));
#1592 = CARTESIAN_POINT('',(30.,2.));
#1593 = ( GEOMETRIC_REPRESENTATION_CONTEXT(2) 
PARAMETRIC_REPRESENTATION_CONTEXT() REPRESENTATION_CONTEXT('2D SPACE',''
  ) );
#1594 = PCURVE('',#1595,#1600);
#1595 = B_SPLINE_SURFACE_WITH_KNOTS('',1,1,(
    (#1596,#1597)
    ,(#1598,#1599
    )),.UNSPECIFIED.,.F.,.F.,.F.,(2,2),(2,2),(0.,2.),(-25.,-23.),
  .PIECEWISE_BEZIER_KNOTS.);
#1596 = CARTESIAN_POINT('',(-15.,135.87548833848,139.38989221983));
#1597 = CARTESIAN_POINT('',(-13.,135.87548833848,139.38989221983));
#1598 = CARTESIAN_POINT('',(-15.,135.87548833848,141.38989221983));
#1599 = CARTESIAN_POINT('',(-13.,135.87548833848,141.38989221983));
#1600 = DEFINITIONAL_REPRESENTATION('',(#1601),#1604);
#1601 = B_SPLINE_CURVE_WITH_KNOTS('',1,(#1602,#1603),.UNSPECIFIED.,.F.,
  .F.,(2,2),(0.,2.),.PIECEWISE_BEZIER_KNOTS.);
#1602 = CARTESIAN_POINT('',(2.,-23.));
#1603 = CARTESIAN_POINT('',(2.,-25.));
#1604 = ( GEOMETRIC_REPRESENTATION_CONTEXT(2) 
PARAMETRIC_REPRESENTATION_CONTEXT() REPRESENTATION_CONTEXT('2D SPACE',''
  ) );
#1605 = ORIENTED_EDGE('',*,*,#1606,.F.);
#1606 = EDGE_CURVE('',#863,#1582,#1607,.T.);
#1607 = SURFACE_CURVE('',#1608,(#1611,#1617),.PCURVE_S1.);
#1608 = B_SPLINE_CURVE_WITH_KNOTS('',1,(#1609,#1610),.UNSPECIFIED.,.F.,
  .F.,(2,2),(0.,30.),.PIECEWISE_BEZIER_KNOTS.);
#1609 = CARTESIAN_POINT('',(-15.,165.87548833848,141.38989221983));
#1610 = CARTESIAN_POINT('',(-15.,135.87548833848,141.38989221983));
#1611 = PCURVE('',#796,#1612);
#1612 = DEFINITIONAL_REPRESENTATION('',(#1613),#1616);
#1613 = B_SPLINE_CURVE_WITH_KNOTS('',1,(#1614,#1615),.UNSPECIFIED.,.F.,
  .F.,(2,2),(0.,30.),.PIECEWISE_BEZIER_KNOTS.);
#1614 = CARTESIAN_POINT('',(0.,2.));
#1615 = CARTESIAN_POINT('',(30.,2.));
#1616 = ( GEOMETRIC_REPRESENTATION_CONTEXT(2) 
PARAMETRIC_REPRESENTATION_CONTEXT() REPRESENTATION_CONTEXT('2D SPACE',''
  ) );
#1617 = PCURVE('',#1618,#1623);
#1618 = B_SPLINE_SURFACE_WITH_KNOTS('',1,1,(
    (#1619,#1620)
    ,(#1621,#1622
    )),.UNSPECIFIED.,.F.,.F.,.F.,(2,2),(2,2),(0.,30.),(25.,30.),
  .PIECEWISE_BEZIER_KNOTS.);
#1619 = CARTESIAN_POINT('',(-15.,165.87548833848,141.38989221983));
#1620 = CARTESIAN_POINT('',(-20.,165.87548833848,141.38989221983));
#1621 = CARTESIAN_POINT('',(-15.,135.87548833848,141.38989221983));
#1622 = CARTESIAN_POINT('',(-20.,135.87548833848,141.38989221983));
#1623 = DEFINITIONAL_REPRESENTATION('',(#1624),#1627);
#1624 = B_SPLINE_CURVE_WITH_KNOTS('',1,(#1625,#1626),.UNSPECIFIED.,.F.,
  .F.,(2,2),(0.,30.),.PIECEWISE_BEZIER_KNOTS.);
#1625 = CARTESIAN_POINT('',(0.,25.));
#1626 = CARTESIAN_POINT('',(30.,25.));
#1627 = ( GEOMETRIC_REPRESENTATION_CONTEXT(2) 
PARAMETRIC_REPRESENTATION_CONTEXT() REPRESENTATION_CONTEXT('2D SPACE',''
  ) );
#1628 = ADVANCED_FACE('',(#1629),#773,.F.);
#1629 = FACE_BOUND('',#1630,.F.);
#1630 = EDGE_LOOP('',(#1631,#1658,#2006,#2007,#2008,#2026,#2027));
#1631 = ORIENTED_EDGE('',*,*,#1632,.F.);
#1632 = EDGE_CURVE('',#1633,#1635,#1637,.T.);
#1633 = VERTEX_POINT('',#1634);
#1634 = CARTESIAN_POINT('',(8.042892824451,135.87548833848,
    141.38989221983));
#1635 = VERTEX_POINT('',#1636);
#1636 = CARTESIAN_POINT('',(7.957107175549,135.87548833848,
    141.38989221983));
#1637 = SURFACE_CURVE('',#1638,(#1641,#1647),.PCURVE_S1.);
#1638 = B_SPLINE_CURVE_WITH_KNOTS('',1,(#1639,#1640),.UNSPECIFIED.,.F.,
  .F.,(2,2),(0.,23.),.PIECEWISE_BEZIER_KNOTS.);
#1639 = CARTESIAN_POINT('',(10.,135.87548833848,141.38989221983));
#1640 = CARTESIAN_POINT('',(-13.,135.87548833848,141.38989221983));
#1641 = PCURVE('',#773,#1642);
#1642 = DEFINITIONAL_REPRESENTATION('',(#1643),#1646);
#1643 = B_SPLINE_CURVE_WITH_KNOTS('',1,(#1644,#1645),.UNSPECIFIED.,.F.,
  .F.,(2,2),(0.,23.),.PIECEWISE_BEZIER_KNOTS.);
#1644 = CARTESIAN_POINT('',(2.,0.));
#1645 = CARTESIAN_POINT('',(2.,-23.));
#1646 = ( GEOMETRIC_REPRESENTATION_CONTEXT(2) 
PARAMETRIC_REPRESENTATION_CONTEXT() REPRESENTATION_CONTEXT('2D SPACE',''
  ) );
#1647 = PCURVE('',#1648,#1653);
#1648 = B_SPLINE_SURFACE_WITH_KNOTS('',1,1,(
    (#1649,#1650)
    ,(#1651,#1652
    )),.UNSPECIFIED.,.F.,.F.,.F.,(2,2),(2,2),(0.,30.),(0.,23.),
  .PIECEWISE_BEZIER_KNOTS.);
#1649 = CARTESIAN_POINT('',(10.,165.87548833848,141.38989221983));
#1650 = CARTESIAN_POINT('',(-13.,165.87548833848,141.38989221983));
#1651 = CARTESIAN_POINT('',(10.,135.87548833848,141.38989221983));
#1652 = CARTESIAN_POINT('',(-13.,135.87548833848,141.38989221983));
#1653 = DEFINITIONAL_REPRESENTATION('',(#1654),#1657);
#1654 = B_SPLINE_CURVE_WITH_KNOTS('',1,(#1655,#1656),.UNSPECIFIED.,.F.,
  .F.,(2,2),(0.,23.),.PIECEWISE_BEZIER_KNOTS.);
#1655 = CARTESIAN_POINT('',(30.,0.));
#1656 = CARTESIAN_POINT('',(30.,23.));
#1657 = ( GEOMETRIC_REPRESENTATION_CONTEXT(2) 
PARAMETRIC_REPRESENTATION_CONTEXT() REPRESENTATION_CONTEXT('2D SPACE',''
  ) );
#1658 = ORIENTED_EDGE('',*,*,#1659,.T.);
#1659 = EDGE_CURVE('',#1633,#1231,#1660,.T.);
#1660 = SURFACE_CURVE('',#1661,(#1774,#1890),.PCURVE_S1.);
#1661 = B_SPLINE_CURVE_WITH_KNOTS('',6,(#1662,#1663,#1664,#1665,#1666,
    #1667,#1668,#1669,#1670,#1671,#1672,#1673,#1674,#1675,#1676,#1677,
    #1678,#1679,#1680,#1681,#1682,#1683,#1684,#1685,#1686,#1687,#1688,
    #1689,#1690,#1691,#1692,#1693,#1694,#1695,#1696,#1697,#1698,#1699,
    #1700,#1701,#1702,#1703,#1704,#1705,#1706,#1707,#1708,#1709,#1710,
    #1711,#1712,#1713,#1714,#1715,#1716,#1717,#1718,#1719,#1720,#1721,
    #1722,#1723,#1724,#1725,#1726,#1727,#1728,#1729,#1730,#1731,#1732,
    #1733,#1734,#1735,#1736,#1737,#1738,#1739,#1740,#1741,#1742,#1743,
    #1744,#1745,#1746,#1747,#1748,#1749,#1750,#1751,#1752,#1753,#1754,
    #1755,#1756,#1757,#1758,#1759,#1760,#1761,#1762,#1763,#1764,#1765,
    #1766,#1767,#1768,#1769,#1770,#1771,#1772,#1773),.UNSPECIFIED.,.F.,
  .F.,(7,5,5,5,5,5,5,5,5,5,5,5,5,5,5,5,5,5,5,5,5,5,7),(0.,
    1.859493528991E-02,3.897643429263E-02,6.120795693609E-02,
    8.453025753299E-02,0.103913013137,0.126952891174,0.148589311184,
    0.167011146855,0.191060773861,0.217396979702,0.243380441197,
    0.267096022229,0.295291721355,0.32228974554,0.351155154569,
    0.371310505754,0.398624314878,0.429280522648,0.461346114466,
    0.502861016234,0.549023587162,1.),.UNSPECIFIED.);
#1662 = CARTESIAN_POINT('',(8.042892824451,135.87548833848,
    141.38989221983));
#1663 = CARTESIAN_POINT('',(8.045291470807,135.87548833848,
    141.38219782854));
#1664 = CARTESIAN_POINT('',(8.047726417878,135.87548833848,
    141.3745147536));
#1665 = CARTESIAN_POINT('',(8.050197598927,135.87548833848,
    141.36684320912));
#1666 = CARTESIAN_POINT('',(8.052704945536,135.87548833848,
    141.35918340863));
#1667 = CARTESIAN_POINT('',(8.055248387611,135.87548833848,
    141.35153556514));
#1668 = CARTESIAN_POINT('',(8.060655148999,135.87548833848,
    141.33553059695));
#1669 = CARTESIAN_POINT('',(8.063525723019,135.87548833848,
    141.32717592301));
#1670 = CARTESIAN_POINT('',(8.066439480932,135.87548833848,
    141.31883614903));
#1671 = CARTESIAN_POINT('',(8.069396325826,135.87548833848,
    141.31051155394));
#1672 = CARTESIAN_POINT('',(8.072396158393,135.87548833848,
    141.3022024158));
#1673 = CARTESIAN_POINT('',(8.078757782259,135.87548833848,
    141.28486281768));
#1674 = CARTESIAN_POINT('',(8.082127712408,135.87548833848,
    141.27583534368));
#1675 = CARTESIAN_POINT('',(8.085548535367,135.87548833848,
    141.26682694964));
#1676 = CARTESIAN_POINT('',(8.089020115773,135.87548833848,
    141.25783799406));
#1677 = CARTESIAN_POINT('',(8.092542314896,135.87548833848,
    141.24886883415));
#1678 = CARTESIAN_POINT('',(8.099862957849,135.87548833848,
    141.23053173913));
#1679 = CARTESIAN_POINT('',(8.103666476423,135.87548833848,
    141.22116582995));
#1680 = CARTESIAN_POINT('',(8.107525382315,135.87548833848,
    141.21182250922));
#1681 = CARTESIAN_POINT('',(8.111439507444,135.87548833848,
    141.20250218619));
#1682 = CARTESIAN_POINT('',(8.115408679704,135.87548833848,
    141.19320526842));
#1683 = CARTESIAN_POINT('',(8.122777034835,135.87548833848,
    141.1762254453));
#1684 = CARTESIAN_POINT('',(8.126159246013,135.87548833848,
    141.1685351751));
#1685 = CARTESIAN_POINT('',(8.129579255385,135.87548833848,
    141.16086158418));
#1686 = CARTESIAN_POINT('',(8.13303695995,135.87548833848,
    141.15320490469));
#1687 = CARTESIAN_POINT('',(8.136532254804,135.87548833848,
    141.1455653679));
#1688 = CARTESIAN_POINT('',(8.144264373209,135.87548833848,
    141.12888289703));
#1689 = CARTESIAN_POINT('',(8.148516675885,135.87548833848,
    141.11984713729));
#1690 = CARTESIAN_POINT('',(8.15282176179,135.87548833848,
    141.11083631207));
#1691 = CARTESIAN_POINT('',(8.157179447796,135.87548833848,
    141.10185080661));
#1692 = CARTESIAN_POINT('',(8.161589547028,135.87548833848,
    141.09289100432));
#1693 = CARTESIAN_POINT('',(8.170242371505,135.87548833848,
    141.07556776049));
#1694 = CARTESIAN_POINT('',(8.174478928329,135.87548833848,
    141.06720123784));
#1695 = CARTESIAN_POINT('',(8.178761381482,135.87548833848,
    141.05885803492));
#1696 = CARTESIAN_POINT('',(8.183089570232,135.87548833848,
    141.05053846629));
#1697 = CARTESIAN_POINT('',(8.187463330974,135.87548833848,
    141.04224284502));
#1698 = CARTESIAN_POINT('',(8.19564509542,135.87548833848,
    141.02692902019));
#1699 = CARTESIAN_POINT('',(8.199440609353,135.87548833848,
    141.01990414365));
#1700 = CARTESIAN_POINT('',(8.203268936285,135.87548833848,
    141.01289704542));
#1701 = CARTESIAN_POINT('',(8.207129971977,135.87548833848,
    141.00590791699));
#1702 = CARTESIAN_POINT('',(8.211023610701,135.87548833848,
    140.99893694906));
#1703 = CARTESIAN_POINT('',(8.22007529695,135.87548833848,
    140.98290771921));
#1704 = CARTESIAN_POINT('',(8.225256231912,135.87548833848,
    140.97386238176));
#1705 = CARTESIAN_POINT('',(8.230492311563,135.87548833848,
    140.96484874161));
#1706 = CARTESIAN_POINT('',(8.235783293084,135.87548833848,
    140.95586721871));
#1707 = CARTESIAN_POINT('',(8.241128929392,135.87548833848,
    140.94691823054));
#1708 = CARTESIAN_POINT('',(8.252442431285,135.87548833848,
    140.92823843885));
#1709 = CARTESIAN_POINT('',(8.258421133784,135.87548833848,
    140.91851419869));
#1710 = CARTESIAN_POINT('',(8.264464746578,135.87548833848,
    140.90883001658));
#1711 = CARTESIAN_POINT('',(8.270572933595,135.87548833848,
    140.89918643374));
#1712 = CARTESIAN_POINT('',(8.276745352753,135.87548833848,
    140.88958398757));
#1713 = CARTESIAN_POINT('',(8.289134430797,135.87548833848,
    140.87059049191));
#1714 = CARTESIAN_POINT('',(8.295349389866,135.87548833848,
    140.86119833358));
#1715 = CARTESIAN_POINT('',(8.301626198887,135.87548833848,
    140.85184724924));
#1716 = CARTESIAN_POINT('',(8.307964518006,135.87548833848,
    140.8425377476));
#1717 = CARTESIAN_POINT('',(8.314364001797,135.87548833848,
    140.83327033362));
#1718 = CARTESIAN_POINT('',(8.326720731051,135.87548833848,
    140.81562584172));
#1719 = CARTESIAN_POINT('',(8.332667823982,135.87548833848,
    140.80724165374));
#1720 = CARTESIAN_POINT('',(8.338665311192,135.87548833848,
    140.79889332565));
#1721 = CARTESIAN_POINT('',(8.344712922027,135.87548833848,
    140.79058123578));
#1722 = CARTESIAN_POINT('',(8.350810382057,135.87548833848,
    140.78230575973));
#1723 = CARTESIAN_POINT('',(8.364265681698,135.87548833848,
    140.76427244535));
#1724 = CARTESIAN_POINT('',(8.371644019341,135.87548833848,
    140.75452990123));
#1725 = CARTESIAN_POINT('',(8.379091958431,135.87548833848,
    140.74484026469));
#1726 = CARTESIAN_POINT('',(8.386609024032,135.87548833848,
    140.73520415666));
#1727 = CARTESIAN_POINT('',(8.39419473384,135.87548833848,
    140.72562219237));
#1728 = CARTESIAN_POINT('',(8.409177347631,135.87548833848,
    140.70697245981));
#1729 = CARTESIAN_POINT('',(8.416568584609,135.87548833848,
    140.69790013872));
#1730 = CARTESIAN_POINT('',(8.424021879228,135.87548833848,
    140.68887855321));
#1731 = CARTESIAN_POINT('',(8.431536795582,135.87548833848,
    140.67990823335));
#1732 = CARTESIAN_POINT('',(8.439112891738,135.87548833848,
    140.67098970424));
#1733 = CARTESIAN_POINT('',(8.45491476777,135.87548833848,140.6526440138
    ));
#1734 = CARTESIAN_POINT('',(8.463149239596,135.87548833848,
    140.64322433907));
#1735 = CARTESIAN_POINT('',(8.471452587726,135.87548833848,
    140.63386509738));
#1736 = CARTESIAN_POINT('',(8.479824257034,135.87548833848,
    140.62456691753));
#1737 = CARTESIAN_POINT('',(8.488263684756,135.87548833848,
    140.61533042151));
#1738 = CARTESIAN_POINT('',(8.502710068319,135.87548833848,
    140.59975031619));
#1739 = CARTESIAN_POINT('',(8.508682594146,135.87548833848,
    140.59337478218));
#1740 = CARTESIAN_POINT('',(8.514687683808,135.87548833848,
    140.58702983185));
#1741 = CARTESIAN_POINT('',(8.520725141373,135.87548833848,
    140.58071567294));
#1742 = CARTESIAN_POINT('',(8.526794769144,135.87548833848,
    140.57443251149));
#1743 = CARTESIAN_POINT('',(8.541165035153,135.87548833848,
    140.55970812045));
#1744 = CARTESIAN_POINT('',(8.549492415996,135.87548833848,
    140.55129299021));
#1745 = CARTESIAN_POINT('',(8.557878013757,135.87548833848,
    140.54293566984));
#1746 = CARTESIAN_POINT('',(8.566321326231,135.87548833848,
    140.53463666217));
#1747 = CARTESIAN_POINT('',(8.57482184544,135.87548833848,140.5263964642
    ));
#1748 = CARTESIAN_POINT('',(8.592983418327,135.87548833848,
    140.50903357124));
#1749 = CARTESIAN_POINT('',(8.602659196116,135.87548833848,
    140.49992627749));
#1750 = CARTESIAN_POINT('',(8.612405664593,135.87548833848,
    140.4908943803));
#1751 = CARTESIAN_POINT('',(8.622222088538,135.87548833848,
    140.48193856453));
#1752 = CARTESIAN_POINT('',(8.632107723914,135.87548833848,
    140.47305950547));
#1753 = CARTESIAN_POINT('',(8.652473539887,135.87548833848,
    140.45505158698));
#1754 = CARTESIAN_POINT('',(8.662960159918,135.87548833848,
    140.44593000989));
#1755 = CARTESIAN_POINT('',(8.673520816406,135.87548833848,
    140.43689389934));
#1756 = CARTESIAN_POINT('',(8.684154637713,135.87548833848,
    140.42794400523));
#1757 = CARTESIAN_POINT('',(8.694860742112,135.87548833848,
    140.41908106561));
#1758 = CARTESIAN_POINT('',(8.719591720285,135.87548833848,
    140.39894459369));
#1759 = CARTESIAN_POINT('',(8.733664870231,135.87548833848,
    140.38773035196));
#1760 = CARTESIAN_POINT('',(8.747855751994,135.87548833848,
    140.37666465744));
#1761 = CARTESIAN_POINT('',(8.762162403184,135.87548833848,
    140.36574905146));
#1762 = CARTESIAN_POINT('',(8.776582834655,135.87548833848,
    140.35498504068));
#1763 = CARTESIAN_POINT('',(8.807274132248,135.87548833848,
    140.33257523887));
#1764 = CARTESIAN_POINT('',(8.823571424383,135.87548833848,
    140.32096563799));
#1765 = CARTESIAN_POINT('',(8.840004135121,135.87548833848,
    140.30954731826));
#1766 = CARTESIAN_POINT('',(8.856569454779,135.87548833848,
    140.29832224831));
#1767 = CARTESIAN_POINT('',(8.873264535779,135.87548833848,
    140.28729234155));
#1768 = CARTESIAN_POINT('',(9.05442538481,135.87548833848,
    140.17062965319));
#1769 = CARTESIAN_POINT('',(9.230905795796,135.87548833848,
    140.08358258435));
#1770 = CARTESIAN_POINT('',(9.416768819854,135.87548833848,
    140.01711357759));
#1771 = CARTESIAN_POINT('',(9.609024492253,135.87548833848,
    139.97236412107));
#1772 = CARTESIAN_POINT('',(9.804538982785,135.87548833848,139.95));
#1773 = CARTESIAN_POINT('',(10.,135.87548833848,139.95));
#1774 = PCURVE('',#773,#1775);
#1775 = DEFINITIONAL_REPRESENTATION('',(#1776),#1889);
#1776 = B_SPLINE_CURVE_WITH_KNOTS('',6,(#1777,#1778,#1779,#1780,#1781,
    #1782,#1783,#1784,#1785,#1786,#1787,#1788,#1789,#1790,#1791,#1792,
    #1793,#1794,#1795,#1796,#1797,#1798,#1799,#1800,#1801,#1802,#1803,
    #1804,#1805,#1806,#1807,#1808,#1809,#1810,#1811,#1812,#1813,#1814,
    #1815,#1816,#1817,#1818,#1819,#1820,#1821,#1822,#1823,#1824,#1825,
    #1826,#1827,#1828,#1829,#1830,#1831,#1832,#1833,#1834,#1835,#1836,
    #1837,#1838,#1839,#1840,#1841,#1842,#1843,#1844,#1845,#1846,#1847,
    #1848,#1849,#1850,#1851,#1852,#1853,#1854,#1855,#1856,#1857,#1858,
    #1859,#1860,#1861,#1862,#1863,#1864,#1865,#1866,#1867,#1868,#1869,
    #1870,#1871,#1872,#1873,#1874,#1875,#1876,#1877,#1878,#1879,#1880,
    #1881,#1882,#1883,#1884,#1885,#1886,#1887,#1888),.UNSPECIFIED.,.F.,
  .F.,(7,5,5,5,5,5,5,5,5,5,5,5,5,5,5,5,5,5,5,5,5,5,7),(0.,
    1.859493528991E-02,3.897643429263E-02,6.120795693609E-02,
    8.453025753299E-02,0.103913013137,0.126952891174,0.148589311184,
    0.167011146855,0.191060773861,0.217396979702,0.243380441197,
    0.267096022229,0.295291721355,0.32228974554,0.351155154569,
    0.371310505754,0.398624314878,0.429280522648,0.461346114466,
    0.502861016234,0.549023587162,1.),.UNSPECIFIED.);
#1777 = CARTESIAN_POINT('',(2.,-1.957107175549));
#1778 = CARTESIAN_POINT('',(1.992305608704,-1.954708529193));
#1779 = CARTESIAN_POINT('',(1.984622533772,-1.952273582122));
#1780 = CARTESIAN_POINT('',(1.97695098929,-1.949802401073));
#1781 = CARTESIAN_POINT('',(1.969291188803,-1.947295054464));
#1782 = CARTESIAN_POINT('',(1.961643345308,-1.944751612389));
#1783 = CARTESIAN_POINT('',(1.945638377119,-1.939344851001));
#1784 = CARTESIAN_POINT('',(1.937283703176,-1.936474276981));
#1785 = CARTESIAN_POINT('',(1.928943929198,-1.933560519068));
#1786 = CARTESIAN_POINT('',(1.920619334104,-1.930603674174));
#1787 = CARTESIAN_POINT('',(1.91231019597,-1.927603841607));
#1788 = CARTESIAN_POINT('',(1.894970597846,-1.921242217741));
#1789 = CARTESIAN_POINT('',(1.885943123846,-1.917872287592));
#1790 = CARTESIAN_POINT('',(1.876934729808,-1.914451464633));
#1791 = CARTESIAN_POINT('',(1.86794577423,-1.910979884227));
#1792 = CARTESIAN_POINT('',(1.858976614321,-1.907457685104));
#1793 = CARTESIAN_POINT('',(1.840639519301,-1.900137042151));
#1794 = CARTESIAN_POINT('',(1.831273610123,-1.896333523577));
#1795 = CARTESIAN_POINT('',(1.821930289392,-1.892474617685));
#1796 = CARTESIAN_POINT('',(1.812609966358,-1.888560492556));
#1797 = CARTESIAN_POINT('',(1.80331304859,-1.884591320296));
#1798 = CARTESIAN_POINT('',(1.786333225471,-1.877222965165));
#1799 = CARTESIAN_POINT('',(1.778642955264,-1.873840753987));
#1800 = CARTESIAN_POINT('',(1.770969364348,-1.870420744615));
#1801 = CARTESIAN_POINT('',(1.763312684856,-1.86696304005));
#1802 = CARTESIAN_POINT('',(1.755673148073,-1.863467745196));
#1803 = CARTESIAN_POINT('',(1.738990677196,-1.855735626791));
#1804 = CARTESIAN_POINT('',(1.729954917457,-1.851483324115));
#1805 = CARTESIAN_POINT('',(1.720944092242,-1.84717823821));
#1806 = CARTESIAN_POINT('',(1.711958586778,-1.842820552204));
#1807 = CARTESIAN_POINT('',(1.702998784492,-1.838410452972));
#1808 = CARTESIAN_POINT('',(1.685675540662,-1.829757628495));
#1809 = CARTESIAN_POINT('',(1.677309018008,-1.825521071671));
#1810 = CARTESIAN_POINT('',(1.668965815085,-1.821238618518));
#1811 = CARTESIAN_POINT('',(1.660646246455,-1.816910429768));
#1812 = CARTESIAN_POINT('',(1.652350625191,-1.812536669026));
#1813 = CARTESIAN_POINT('',(1.637036800357,-1.80435490458));
#1814 = CARTESIAN_POINT('',(1.630011923818,-1.800559390647));
#1815 = CARTESIAN_POINT('',(1.623004825587,-1.796731063715));
#1816 = CARTESIAN_POINT('',(1.616015697162,-1.792870028023));
#1817 = CARTESIAN_POINT('',(1.609044729225,-1.788976389299));
#1818 = CARTESIAN_POINT('',(1.593015499373,-1.77992470305));
#1819 = CARTESIAN_POINT('',(1.583970161932,-1.774743768088));
#1820 = CARTESIAN_POINT('',(1.574956521777,-1.769507688437));
#1821 = CARTESIAN_POINT('',(1.565974998878,-1.764216706916));
#1822 = CARTESIAN_POINT('',(1.557026010712,-1.758871070608));
#1823 = CARTESIAN_POINT('',(1.538346219022,-1.747557568715));
#1824 = CARTESIAN_POINT('',(1.528621978858,-1.741578866216));
#1825 = CARTESIAN_POINT('',(1.518937796752,-1.735535253422));
#1826 = CARTESIAN_POINT('',(1.509294213903,-1.729427066405));
#1827 = CARTESIAN_POINT('',(1.499691767736,-1.723254647247));
#1828 = CARTESIAN_POINT('',(1.480698272077,-1.710865569203));
#1829 = CARTESIAN_POINT('',(1.47130611375,-1.704650610134));
#1830 = CARTESIAN_POINT('',(1.461955029404,-1.698373801113));
#1831 = CARTESIAN_POINT('',(1.452645527763,-1.692035481994));
#1832 = CARTESIAN_POINT('',(1.443378113786,-1.685635998203));
#1833 = CARTESIAN_POINT('',(1.425733621884,-1.673279268949));
#1834 = CARTESIAN_POINT('',(1.417349433911,-1.667332176018));
#1835 = CARTESIAN_POINT('',(1.409001105819,-1.661334688808));
#1836 = CARTESIAN_POINT('',(1.400689015948,-1.655287077973));
#1837 = CARTESIAN_POINT('',(1.392413539902,-1.649189617943));
#1838 = CARTESIAN_POINT('',(1.374380225515,-1.635734318302));
#1839 = CARTESIAN_POINT('',(1.364637681399,-1.628355980659));
#1840 = CARTESIAN_POINT('',(1.354948044854,-1.620908041569));
#1841 = CARTESIAN_POINT('',(1.345311936823,-1.613390975968));
#1842 = CARTESIAN_POINT('',(1.335729972541,-1.60580526616));
#1843 = CARTESIAN_POINT('',(1.317080239978,-1.590822652369));
#1844 = CARTESIAN_POINT('',(1.30800791889,-1.583431415391));
#1845 = CARTESIAN_POINT('',(1.298986333375,-1.575978120772));
#1846 = CARTESIAN_POINT('',(1.29001601352,-1.568463204418));
#1847 = CARTESIAN_POINT('',(1.281097484405,-1.560887108262));
#1848 = CARTESIAN_POINT('',(1.262751793964,-1.54508523223));
#1849 = CARTESIAN_POINT('',(1.253332119237,-1.536850760404));
#1850 = CARTESIAN_POINT('',(1.243972877547,-1.528547412274));
#1851 = CARTESIAN_POINT('',(1.2346746977,-1.520175742966));
#1852 = CARTESIAN_POINT('',(1.225438201681,-1.511736315244));
#1853 = CARTESIAN_POINT('',(1.209858096361,-1.497289931681));
#1854 = CARTESIAN_POINT('',(1.203482562348,-1.491317405854));
#1855 = CARTESIAN_POINT('',(1.197137612018,-1.485312316192));
#1856 = CARTESIAN_POINT('',(1.190823453104,-1.479274858627));
#1857 = CARTESIAN_POINT('',(1.184540291659,-1.473205230856));
#1858 = CARTESIAN_POINT('',(1.169815900614,-1.458834964847));
#1859 = CARTESIAN_POINT('',(1.161400770376,-1.450507584004));
#1860 = CARTESIAN_POINT('',(1.153043450007,-1.442121986243));
#1861 = CARTESIAN_POINT('',(1.144744442338,-1.433678673769));
#1862 = CARTESIAN_POINT('',(1.136504244363,-1.42517815456));
#1863 = CARTESIAN_POINT('',(1.119141351404,-1.407016581673));
#1864 = CARTESIAN_POINT('',(1.110034057659,-1.397340803884));
#1865 = CARTESIAN_POINT('',(1.101002160468,-1.387594335407));
#1866 = CARTESIAN_POINT('',(1.092046344701,-1.377777911462));
#1867 = CARTESIAN_POINT('',(1.08316728564,-1.367892276086));
#1868 = CARTESIAN_POINT('',(1.065159367149,-1.347526460113));
#1869 = CARTESIAN_POINT('',(1.056037790057,-1.337039840082));
#1870 = CARTESIAN_POINT('',(1.047001679504,-1.326479183594));
#1871 = CARTESIAN_POINT('',(1.038051785402,-1.315845362287));
#1872 = CARTESIAN_POINT('',(1.029188845777,-1.305139257888));
#1873 = CARTESIAN_POINT('',(1.009052373855,-1.280408279715));
#1874 = CARTESIAN_POINT('',(0.997838132129,-1.266335129769));
#1875 = CARTESIAN_POINT('',(0.986772437609,-1.252144248006));
#1876 = CARTESIAN_POINT('',(0.975856831632,-1.237837596816));
#1877 = CARTESIAN_POINT('',(0.965092820846,-1.223417165345));
#1878 = CARTESIAN_POINT('',(0.942683019037,-1.192725867752));
#1879 = CARTESIAN_POINT('',(0.931073418157,-1.176428575617));
#1880 = CARTESIAN_POINT('',(0.919655098425,-1.159995864879));
#1881 = CARTESIAN_POINT('',(0.908430028474,-1.143430545221));
#1882 = CARTESIAN_POINT('',(0.897400121716,-1.126735464221));
#1883 = CARTESIAN_POINT('',(0.780737433354,-0.94557461519));
#1884 = CARTESIAN_POINT('',(0.693690364515,-0.769094204204));
#1885 = CARTESIAN_POINT('',(0.627221357754,-0.583231180146));
#1886 = CARTESIAN_POINT('',(0.582471901243,-0.390975507747));
#1887 = CARTESIAN_POINT('',(0.560107780164,-0.195461017215));
#1888 = CARTESIAN_POINT('',(0.560107780164,0.));
#1889 = ( GEOMETRIC_REPRESENTATION_CONTEXT(2) 
PARAMETRIC_REPRESENTATION_CONTEXT() REPRESENTATION_CONTEXT('2D SPACE',''
  ) );
#1890 = PCURVE('',#1562,#1891);
#1891 = DEFINITIONAL_REPRESENTATION('',(#1892),#2005);
#1892 = B_SPLINE_CURVE_WITH_KNOTS('',6,(#1893,#1894,#1895,#1896,#1897,
    #1898,#1899,#1900,#1901,#1902,#1903,#1904,#1905,#1906,#1907,#1908,
    #1909,#1910,#1911,#1912,#1913,#1914,#1915,#1916,#1917,#1918,#1919,
    #1920,#1921,#1922,#1923,#1924,#1925,#1926,#1927,#1928,#1929,#1930,
    #1931,#1932,#1933,#1934,#1935,#1936,#1937,#1938,#1939,#1940,#1941,
    #1942,#1943,#1944,#1945,#1946,#1947,#1948,#1949,#1950,#1951,#1952,
    #1953,#1954,#1955,#1956,#1957,#1958,#1959,#1960,#1961,#1962,#1963,
    #1964,#1965,#1966,#1967,#1968,#1969,#1970,#1971,#1972,#1973,#1974,
    #1975,#1976,#1977,#1978,#1979,#1980,#1981,#1982,#1983,#1984,#1985,
    #1986,#1987,#1988,#1989,#1990,#1991,#1992,#1993,#1994,#1995,#1996,
    #1997,#1998,#1999,#2000,#2001,#2002,#2003,#2004),.UNSPECIFIED.,.F.,
  .F.,(7,5,5,5,5,5,5,5,5,5,5,5,5,5,5,5,5,5,5,5,5,5,7),(0.,
    1.859493528991E-02,3.897643429263E-02,6.120795693609E-02,
    8.453025753299E-02,0.103913013137,0.126952891174,0.148589311184,
    0.167011146855,0.191060773861,0.217396979702,0.243380441197,
    0.267096022229,0.295291721355,0.32228974554,0.351155154569,
    0.371310505754,0.398624314878,0.429280522648,0.461346114466,
    0.502861016234,0.549023587162,1.),.UNSPECIFIED.);
#1893 = CARTESIAN_POINT('',(2.98430788903,151.27548833848));
#1894 = CARTESIAN_POINT('',(2.980376376544,151.27548833848));
#1895 = CARTESIAN_POINT('',(2.976444864058,151.27548833848));
#1896 = CARTESIAN_POINT('',(2.97251335157,151.27548833848));
#1897 = CARTESIAN_POINT('',(2.968581839082,151.27548833848));
#1898 = CARTESIAN_POINT('',(2.964650326594,151.27548833848));
#1899 = CARTESIAN_POINT('',(2.956409569864,151.27548833848));
#1900 = CARTESIAN_POINT('',(2.952100325619,151.27548833848));
#1901 = CARTESIAN_POINT('',(2.947791081372,151.27548833848));
#1902 = CARTESIAN_POINT('',(2.943481837125,151.27548833848));
#1903 = CARTESIAN_POINT('',(2.939172592879,151.27548833848));
#1904 = CARTESIAN_POINT('',(2.930162955349,151.27548833848));
#1905 = CARTESIAN_POINT('',(2.925462562061,151.27548833848));
#1906 = CARTESIAN_POINT('',(2.920762168772,151.27548833848));
#1907 = CARTESIAN_POINT('',(2.916061775483,151.27548833848));
#1908 = CARTESIAN_POINT('',(2.911361382193,151.27548833848));
#1909 = CARTESIAN_POINT('',(2.901729973295,151.27548833848));
#1910 = CARTESIAN_POINT('',(2.896798957681,151.27548833848));
#1911 = CARTESIAN_POINT('',(2.891867942065,151.27548833848));
#1912 = CARTESIAN_POINT('',(2.886936926447,151.27548833848));
#1913 = CARTESIAN_POINT('',(2.882005910831,151.27548833848));
#1914 = CARTESIAN_POINT('',(2.87297681449,151.27548833848));
#1915 = CARTESIAN_POINT('',(2.868878733763,151.27548833848));
#1916 = CARTESIAN_POINT('',(2.864780653034,151.27548833848));
#1917 = CARTESIAN_POINT('',(2.860682572305,151.27548833848));
#1918 = CARTESIAN_POINT('',(2.856584491575,151.27548833848));
#1919 = CARTESIAN_POINT('',(2.847615107605,151.27548833848));
#1920 = CARTESIAN_POINT('',(2.842743804361,151.27548833848));
#1921 = CARTESIAN_POINT('',(2.837872501114,151.27548833848));
#1922 = CARTESIAN_POINT('',(2.833001197866,151.27548833848));
#1923 = CARTESIAN_POINT('',(2.828129894618,151.27548833848));
#1924 = CARTESIAN_POINT('',(2.818684020149,151.27548833848));
#1925 = CARTESIAN_POINT('',(2.814109448923,151.27548833848));
#1926 = CARTESIAN_POINT('',(2.809534877695,151.27548833848));
#1927 = CARTESIAN_POINT('',(2.804960306466,151.27548833848));
#1928 = CARTESIAN_POINT('',(2.800385735237,151.27548833848));
#1929 = CARTESIAN_POINT('',(2.791916249813,151.27548833848));
#1930 = CARTESIAN_POINT('',(2.788021335616,151.27548833848));
#1931 = CARTESIAN_POINT('',(2.784126421418,151.27548833848));
#1932 = CARTESIAN_POINT('',(2.780231507219,151.27548833848));
#1933 = CARTESIAN_POINT('',(2.776336593019,151.27548833848));
#1934 = CARTESIAN_POINT('',(2.767356885131,151.27548833848));
#1935 = CARTESIAN_POINT('',(2.762272091439,151.27548833848));
#1936 = CARTESIAN_POINT('',(2.757187297743,151.27548833848));
#1937 = CARTESIAN_POINT('',(2.752102504046,151.27548833848));
#1938 = CARTESIAN_POINT('',(2.747017710348,151.27548833848));
#1939 = CARTESIAN_POINT('',(2.736364673394,151.27548833848));
#1940 = CARTESIAN_POINT('',(2.730796430128,151.27548833848));
#1941 = CARTESIAN_POINT('',(2.725228186858,151.27548833848));
#1942 = CARTESIAN_POINT('',(2.719659943585,151.27548833848));
#1943 = CARTESIAN_POINT('',(2.714091700313,151.27548833848));
#1944 = CARTESIAN_POINT('',(2.703029794233,151.27548833848));
#1945 = CARTESIAN_POINT('',(2.697536131416,151.27548833848));
#1946 = CARTESIAN_POINT('',(2.692042468593,151.27548833848));
#1947 = CARTESIAN_POINT('',(2.686548805769,151.27548833848));
#1948 = CARTESIAN_POINT('',(2.681055142944,151.27548833848));
#1949 = CARTESIAN_POINT('',(2.67054731348,151.27548833848));
#1950 = CARTESIAN_POINT('',(2.665533146834,151.27548833848));
#1951 = CARTESIAN_POINT('',(2.660518980184,151.27548833848));
#1952 = CARTESIAN_POINT('',(2.655504813532,151.27548833848));
#1953 = CARTESIAN_POINT('',(2.650490646879,151.27548833848));
#1954 = CARTESIAN_POINT('',(2.639515085728,151.27548833848));
#1955 = CARTESIAN_POINT('',(2.633553691218,151.27548833848));
#1956 = CARTESIAN_POINT('',(2.627592296702,151.27548833848));
#1957 = CARTESIAN_POINT('',(2.621630902181,151.27548833848));
#1958 = CARTESIAN_POINT('',(2.61566950766,151.27548833848));
#1959 = CARTESIAN_POINT('',(2.603999942098,151.27548833848));
#1960 = CARTESIAN_POINT('',(2.598291771043,151.27548833848));
#1961 = CARTESIAN_POINT('',(2.592583599981,151.27548833848));
#1962 = CARTESIAN_POINT('',(2.586875428915,151.27548833848));
#1963 = CARTESIAN_POINT('',(2.581167257849,151.27548833848));
#1964 = CARTESIAN_POINT('',(2.569356096007,151.27548833848));
#1965 = CARTESIAN_POINT('',(2.563253105217,151.27548833848));
#1966 = CARTESIAN_POINT('',(2.557150114418,151.27548833848));
#1967 = CARTESIAN_POINT('',(2.551047123614,151.27548833848));
#1968 = CARTESIAN_POINT('',(2.544944132809,151.27548833848));
#1969 = CARTESIAN_POINT('',(2.534579711906,151.27548833848));
#1970 = CARTESIAN_POINT('',(2.530318281802,151.27548833848));
#1971 = CARTESIAN_POINT('',(2.526056851694,151.27548833848));
#1972 = CARTESIAN_POINT('',(2.521795421583,151.27548833848));
#1973 = CARTESIAN_POINT('',(2.51753399147,151.27548833848));
#1974 = CARTESIAN_POINT('',(2.507497624086,151.27548833848));
#1975 = CARTESIAN_POINT('',(2.501722686804,151.27548833848));
#1976 = CARTESIAN_POINT('',(2.495947749515,151.27548833848));
#1977 = CARTESIAN_POINT('',(2.490172812219,151.27548833848));
#1978 = CARTESIAN_POINT('',(2.48439787492,151.27548833848));
#1979 = CARTESIAN_POINT('',(2.472141319592,151.27548833848));
#1980 = CARTESIAN_POINT('',(2.465659701544,151.27548833848));
#1981 = CARTESIAN_POINT('',(2.459178083482,151.27548833848));
#1982 = CARTESIAN_POINT('',(2.452696465411,151.27548833848));
#1983 = CARTESIAN_POINT('',(2.446214847337,151.27548833848));
#1984 = CARTESIAN_POINT('',(2.432953626224,151.27548833848));
#1985 = CARTESIAN_POINT('',(2.42617402316,151.27548833848));
#1986 = CARTESIAN_POINT('',(2.419394420078,151.27548833848));
#1987 = CARTESIAN_POINT('',(2.412614816985,151.27548833848));
#1988 = CARTESIAN_POINT('',(2.405835213887,151.27548833848));
#1989 = CARTESIAN_POINT('',(2.390278147455,151.27548833848));
#1990 = CARTESIAN_POINT('',(2.381500684049,151.27548833848));
#1991 = CARTESIAN_POINT('',(2.372723220597,151.27548833848));
#1992 = CARTESIAN_POINT('',(2.363945757121,151.27548833848));
#1993 = CARTESIAN_POINT('',(2.355168293647,151.27548833848));
#1994 = CARTESIAN_POINT('',(2.336630713666,151.27548833848));
#1995 = CARTESIAN_POINT('',(2.326870597019,151.27548833848));
#1996 = CARTESIAN_POINT('',(2.317110480294,151.27548833848));
#1997 = CARTESIAN_POINT('',(2.307350363533,151.27548833848));
#1998 = CARTESIAN_POINT('',(2.297590246775,151.27548833848));
#1999 = CARTESIAN_POINT('',(2.192480535443,151.27548833848));
#2000 = CARTESIAN_POINT('',(2.097112445405,151.27548833848));
#2001 = CARTESIAN_POINT('',(2.001768591416,151.27548833848));
#2002 = CARTESIAN_POINT('',(1.906422749622,151.27548833848));
#2003 = CARTESIAN_POINT('',(1.811050356638,151.27548833848));
#2004 = CARTESIAN_POINT('',(1.715703518972,151.27548833848));
#2005 = ( GEOMETRIC_REPRESENTATION_CONTEXT(2) 
PARAMETRIC_REPRESENTATION_CONTEXT() REPRESENTATION_CONTEXT('2D SPACE',''
  ) );
#2006 = ORIENTED_EDGE('',*,*,#1230,.F.);
#2007 = ORIENTED_EDGE('',*,*,#955,.T.);
#2008 = ORIENTED_EDGE('',*,*,#2009,.T.);
#2009 = EDGE_CURVE('',#956,#760,#2010,.T.);
#2010 = SURFACE_CURVE('',#2011,(#2014,#2020),.PCURVE_S1.);
#2011 = B_SPLINE_CURVE_WITH_KNOTS('',1,(#2012,#2013),.UNSPECIFIED.,.F.,
  .F.,(2,2),(28.,30.),.PIECEWISE_BEZIER_KNOTS.);
#2012 = CARTESIAN_POINT('',(-13.,135.87548833848,139.38989221983));
#2013 = CARTESIAN_POINT('',(-13.,135.87548833848,141.38989221983));
#2014 = PCURVE('',#773,#2015);
#2015 = DEFINITIONAL_REPRESENTATION('',(#2016),#2019);
#2016 = B_SPLINE_CURVE_WITH_KNOTS('',1,(#2017,#2018),.UNSPECIFIED.,.F.,
  .F.,(2,2),(28.,30.),.PIECEWISE_BEZIER_KNOTS.);
#2017 = CARTESIAN_POINT('',(0.,-23.));
#2018 = CARTESIAN_POINT('',(2.,-23.));
#2019 = ( GEOMETRIC_REPRESENTATION_CONTEXT(2) 
PARAMETRIC_REPRESENTATION_CONTEXT() REPRESENTATION_CONTEXT('2D SPACE',''
  ) );
#2020 = PCURVE('',#1595,#2021);
#2021 = DEFINITIONAL_REPRESENTATION('',(#2022),#2025);
#2022 = B_SPLINE_CURVE_WITH_KNOTS('',1,(#2023,#2024),.UNSPECIFIED.,.F.,
  .F.,(2,2),(28.,30.),.PIECEWISE_BEZIER_KNOTS.);
#2023 = CARTESIAN_POINT('',(0.,-23.));
#2024 = CARTESIAN_POINT('',(2.,-23.));
#2025 = ( GEOMETRIC_REPRESENTATION_CONTEXT(2) 
PARAMETRIC_REPRESENTATION_CONTEXT() REPRESENTATION_CONTEXT('2D SPACE',''
  ) );
#2026 = ORIENTED_EDGE('',*,*,#759,.F.);
#2027 = ORIENTED_EDGE('',*,*,#2028,.T.);
#2028 = EDGE_CURVE('',#731,#1635,#2029,.T.);
#2029 = SURFACE_CURVE('',#2030,(#2285,#2543),.PCURVE_S1.);
#2030 = B_SPLINE_CURVE_WITH_KNOTS('',7,(#2031,#2032,#2033,#2034,#2035,
    #2036,#2037,#2038,#2039,#2040,#2041,#2042,#2043,#2044,#2045,#2046,
    #2047,#2048,#2049,#2050,#2051,#2052,#2053,#2054,#2055,#2056,#2057,
    #2058,#2059,#2060,#2061,#2062,#2063,#2064,#2065,#2066,#2067,#2068,
    #2069,#2070,#2071,#2072,#2073,#2074,#2075,#2076,#2077,#2078,#2079,
    #2080,#2081,#2082,#2083,#2084,#2085,#2086,#2087,#2088,#2089,#2090,
    #2091,#2092,#2093,#2094,#2095,#2096,#2097,#2098,#2099,#2100,#2101,
    #2102,#2103,#2104,#2105,#2106,#2107,#2108,#2109,#2110,#2111,#2112,
    #2113,#2114,#2115,#2116,#2117,#2118,#2119,#2120,#2121,#2122,#2123,
    #2124,#2125,#2126,#2127,#2128,#2129,#2130,#2131,#2132,#2133,#2134,
    #2135,#2136,#2137,#2138,#2139,#2140,#2141,#2142,#2143,#2144,#2145,
    #2146,#2147,#2148,#2149,#2150,#2151,#2152,#2153,#2154,#2155,#2156,
    #2157,#2158,#2159,#2160,#2161,#2162,#2163,#2164,#2165,#2166,#2167,
    #2168,#2169,#2170,#2171,#2172,#2173,#2174,#2175,#2176,#2177,#2178,
    #2179,#2180,#2181,#2182,#2183,#2184,#2185,#2186,#2187,#2188,#2189,
    #2190,#2191,#2192,#2193,#2194,#2195,#2196,#2197,#2198,#2199,#2200,
    #2201,#2202,#2203,#2204,#2205,#2206,#2207,#2208,#2209,#2210,#2211,
    #2212,#2213,#2214,#2215,#2216,#2217,#2218,#2219,#2220,#2221,#2222,
    #2223,#2224,#2225,#2226,#2227,#2228,#2229,#2230,#2231,#2232,#2233,
    #2234,#2235,#2236,#2237,#2238,#2239,#2240,#2241,#2242,#2243,#2244,
    #2245,#2246,#2247,#2248,#2249,#2250,#2251,#2252,#2253,#2254,#2255,
    #2256,#2257,#2258,#2259,#2260,#2261,#2262,#2263,#2264,#2265,#2266,
    #2267,#2268,#2269,#2270,#2271,#2272,#2273,#2274,#2275,#2276,#2277,
    #2278,#2279,#2280,#2281,#2282,#2283,#2284),.UNSPECIFIED.,.F.,.F.,(8,
    6,6,6,6,6,6,6,6,6,6,6,6,6,6,6,6,6,6,6,6,6,6,6,6,6,6,6,6,6,6,6,6,6,6,
    6,6,6,6,6,6,6,8),(0.,1.17355135855E-02,2.359254760882E-02,
    3.558604318872E-02,4.52059191758E-02,5.578166346347E-02,
    6.822135533716E-02,7.998706420036E-02,9.284458947E-02,0.103221667007
    ,0.116558097108,0.130208799516,0.144214737528,0.158624384297,
    0.170377890189,0.178215819884,0.193254758869,0.208328414042,
    0.221683759777,0.233742592281,0.250144445507,0.473422281461,
    0.757263700466,0.770900058753,0.78339909157,0.796024063253,
    0.812032605645,0.826900402189,0.84076494025,0.852747439443,
    0.866847765882,0.878237686653,0.890781689143,0.901715807423,
    0.914684120138,0.926977630484,0.937784006507,0.9501384789,
    0.9623180837,0.968969787969,0.97927453587,0.992321377229,1.),
  .UNSPECIFIED.);
#2031 = CARTESIAN_POINT('',(4.042892824451,135.87548833848,
    141.38989221983));
#2032 = CARTESIAN_POINT('',(4.0454877989,135.87548833848,141.38156804617
    ));
#2033 = CARTESIAN_POINT('',(4.048124079477,135.87548833848,
    141.37325674925));
#2034 = CARTESIAN_POINT('',(4.050801589499,135.87548833848,
    141.36495857506));
#2035 = CARTESIAN_POINT('',(4.05352025046,135.87548833848,
    141.35667376897));
#2036 = CARTESIAN_POINT('',(4.056279982032,135.87548833848,
    141.3484025758));
#2037 = CARTESIAN_POINT('',(4.059080702065,135.87548833848,
    141.34014523972));
#2038 = CARTESIAN_POINT('',(4.064793375936,135.87548833848,
    141.3235734108));
#2039 = CARTESIAN_POINT('',(4.067706181296,135.87548833848,
    141.31525921147));
#2040 = CARTESIAN_POINT('',(4.070660656058,135.87548833848,
    141.30695965758));
#2041 = CARTESIAN_POINT('',(4.073656711735,135.87548833848,
    141.29867499969));
#2042 = CARTESIAN_POINT('',(4.07669425796,135.87548833848,
    141.29040548768));
#2043 = CARTESIAN_POINT('',(4.079773202487,135.87548833848,
    141.28215137075));
#2044 = CARTESIAN_POINT('',(4.086049610561,135.87548833848,
    141.26557960825));
#2045 = CARTESIAN_POINT('',(4.089248030322,135.87548833848,
    141.25726232479));
#2046 = CARTESIAN_POINT('',(4.09248861306,135.87548833848,
    141.24896130427));
#2047 = CARTESIAN_POINT('',(4.095771259418,135.87548833848,
    141.24067680312));
#2048 = CARTESIAN_POINT('',(4.099095868092,135.87548833848,
    141.23240907699));
#2049 = CARTESIAN_POINT('',(4.102462335834,135.87548833848,
    141.22415838077));
#2050 = CARTESIAN_POINT('',(4.108604261658,135.87548833848,
    141.20932102201));
#2051 = CARTESIAN_POINT('',(4.111364828231,135.87548833848,
    141.2027281951));
#2052 = CARTESIAN_POINT('',(4.11415220289,135.87548833848,
    141.19614661899));
#2053 = CARTESIAN_POINT('',(4.116966330559,135.87548833848,
    141.18957642447));
#2054 = CARTESIAN_POINT('',(4.119807155367,135.87548833848,
    141.18301774198));
#2055 = CARTESIAN_POINT('',(4.122674620644,135.87548833848,
    141.17647070162));
#2056 = CARTESIAN_POINT('',(4.128750281108,135.87548833848,
    141.16275079502));
#2057 = CARTESIAN_POINT('',(4.131964021541,135.87548833848,
    141.15558038439));
#2058 = CARTESIAN_POINT('',(4.135209813873,135.87548833848,
    141.14842437369));
#2059 = CARTESIAN_POINT('',(4.138487580602,135.87548833848,
    141.14128293483));
#2060 = CARTESIAN_POINT('',(4.141797243076,135.87548833848,
    141.13415623915));
#2061 = CARTESIAN_POINT('',(4.145138721494,135.87548833848,
    141.1270444575));
#2062 = CARTESIAN_POINT('',(4.152479668456,135.87548833848,
    141.11160028831));
#2063 = CARTESIAN_POINT('',(4.156491309222,135.87548833848,
    141.10327368646));
#2064 = CARTESIAN_POINT('',(4.160546725459,135.87548833848,
    141.09496823181));
#2065 = CARTESIAN_POINT('',(4.164645783252,135.87548833848,
    141.08668420044));
#2066 = CARTESIAN_POINT('',(4.168788346516,135.87548833848,
    141.07842186739));
#2067 = CARTESIAN_POINT('',(4.172974276998,135.87548833848,
    141.07018150659));
#2068 = CARTESIAN_POINT('',(4.181203455633,135.87548833848,
    141.05419053309));
#2069 = CARTESIAN_POINT('',(4.185242146634,135.87548833848,
    141.04643757518));
#2070 = CARTESIAN_POINT('',(4.189319388461,135.87548833848,
    141.03870474807));
#2071 = CARTESIAN_POINT('',(4.193435060591,135.87548833848,
    141.03099228172));
#2072 = CARTESIAN_POINT('',(4.197589040793,135.87548833848,
    141.02330040518));
#2073 = CARTESIAN_POINT('',(4.201781205127,135.87548833848,
    141.01562934661));
#2074 = CARTESIAN_POINT('',(4.210634200555,135.87548833848,
    140.99961942548));
#2075 = CARTESIAN_POINT('',(4.215302422784,135.87548833848,
    140.99128464997));
#2076 = CARTESIAN_POINT('',(4.220015930646,135.87548833848,
    140.98297530321));
#2077 = CARTESIAN_POINT('',(4.224774557767,135.87548833848,
    140.97469168038));
#2078 = CARTESIAN_POINT('',(4.229578135374,135.87548833848,
    140.96643407527));
#2079 = CARTESIAN_POINT('',(4.234426492299,135.87548833848,
    140.95820278029));
#2080 = CARTESIAN_POINT('',(4.243268477208,135.87548833848,
    140.94337622559));
#2081 = CARTESIAN_POINT('',(4.247246554807,135.87548833848,
    140.93677169218));
#2082 = CARTESIAN_POINT('',(4.251253596534,135.87548833848,
    140.93018463926));
#2083 = CARTESIAN_POINT('',(4.255289510147,135.87548833848,
    140.92361521922));
#2084 = CARTESIAN_POINT('',(4.259354202405,135.87548833848,
    140.91706358381));
#2085 = CARTESIAN_POINT('',(4.263447579071,135.87548833848,
    140.91052988421));
#2086 = CARTESIAN_POINT('',(4.272867019946,135.87548833848,
    140.89564052406));
#2087 = CARTESIAN_POINT('',(4.278211715508,135.87548833848,
    140.8872966502));
#2088 = CARTESIAN_POINT('',(4.283603429418,135.87548833848,
    140.87898296896));
#2089 = CARTESIAN_POINT('',(4.289041956829,135.87548833848,
    140.87069979815));
#2090 = CARTESIAN_POINT('',(4.294527090218,135.87548833848,
    140.86244745384));
#2091 = CARTESIAN_POINT('',(4.300058619392,135.87548833848,
    140.85422625035));
#2092 = CARTESIAN_POINT('',(4.311345482076,135.87548833848,
    140.83765375905));
#2093 = CARTESIAN_POINT('',(4.31710301786,135.87548833848,
    140.82930397105));
#2094 = CARTESIAN_POINT('',(4.322908710558,135.87548833848,
    140.82098747142));
#2095 = CARTESIAN_POINT('',(4.328762329024,135.87548833848,
    140.81270459329));
#2096 = CARTESIAN_POINT('',(4.334663639248,135.87548833848,
    140.8044556678));
#2097 = CARTESIAN_POINT('',(4.340612404353,135.87548833848,
    140.79624102405));
#2098 = CARTESIAN_POINT('',(4.352760399711,135.87548833848,
    140.7796680831));
#2099 = CARTESIAN_POINT('',(4.358962119358,135.87548833848,
    140.77131161055));
#2100 = CARTESIAN_POINT('',(4.365213284581,135.87548833848,
    140.76299192474));
#2101 = CARTESIAN_POINT('',(4.371513633328,135.87548833848,
    140.7547093766));
#2102 = CARTESIAN_POINT('',(4.37786290045,135.87548833848,
    140.74646431469));
#2103 = CARTESIAN_POINT('',(4.384260817702,135.87548833848,
    140.73825708523));
#2104 = CARTESIAN_POINT('',(4.397339218557,135.87548833848,
    140.72168351321));
#2105 = CARTESIAN_POINT('',(4.404022531351,135.87548833848,
    140.71331940311));
#2106 = CARTESIAN_POINT('',(4.410756756634,135.87548833848,
    140.70499607623));
#2107 = CARTESIAN_POINT('',(4.417541595543,135.87548833848,
    140.69671390426));
#2108 = CARTESIAN_POINT('',(4.424376745843,135.87548833848,
    140.68847325616));
#2109 = CARTESIAN_POINT('',(4.431261901927,135.87548833848,
    140.68027449808));
#2110 = CARTESIAN_POINT('',(4.443853301128,135.87548833848,
    140.66546498335));
#2111 = CARTESIAN_POINT('',(4.449542911562,135.87548833848,
    140.65884008513));
#2112 = CARTESIAN_POINT('',(4.45526541845,135.87548833848,140.652243496)
  );
#2113 = CARTESIAN_POINT('',(4.46102065267,135.87548833848,
    140.64567541187));
#2114 = CARTESIAN_POINT('',(4.466808443654,135.87548833848,
    140.63913602742));
#2115 = CARTESIAN_POINT('',(4.472628619378,135.87548833848,
    140.63262553603));
#2116 = CARTESIAN_POINT('',(4.482383722564,135.87548833848,
    140.62182194658));
#2117 = CARTESIAN_POINT('',(4.486300763138,135.87548833848,
    140.61751269753));
#2118 = CARTESIAN_POINT('',(4.490232076652,135.87548833848,
    140.61321643966));
#2119 = CARTESIAN_POINT('',(4.494177611383,135.87548833848,
    140.60893322966));
#2120 = CARTESIAN_POINT('',(4.498137315328,135.87548833848,
    140.60466312399));
#2121 = CARTESIAN_POINT('',(4.502111136205,135.87548833848,
    140.60040617885));
#2122 = CARTESIAN_POINT('',(4.513750731175,135.87548833848,
    140.58801984375));
#2123 = CARTESIAN_POINT('',(4.521454219726,135.87548833848,
    140.57992589447));
#2124 = CARTESIAN_POINT('',(4.529209115751,135.87548833848,
    140.5718809975));
#2125 = CARTESIAN_POINT('',(4.537015044198,135.87548833848,
    140.56388554439));
#2126 = CARTESIAN_POINT('',(4.544871626315,135.87548833848,
    140.55593992311));
#2127 = CARTESIAN_POINT('',(4.552778479649,135.87548833848,
    140.54804451799));
#2128 = CARTESIAN_POINT('',(4.568710323937,135.87548833848,
    140.53233679238));
#2129 = CARTESIAN_POINT('',(4.576735545536,135.87548833848,
    140.5245247057));
#2130 = CARTESIAN_POINT('',(4.58481049401,135.87548833848,
    140.51676383307));
#2131 = CARTESIAN_POINT('',(4.592934776928,135.87548833848,
    140.50905455406));
#2132 = CARTESIAN_POINT('',(4.601107998271,135.87548833848,
    140.50139724446));
#2133 = CARTESIAN_POINT('',(4.609329758423,135.87548833848,
    140.49379227628));
#2134 = CARTESIAN_POINT('',(4.624926829687,135.87548833848,
    140.47954867296));
#2135 = CARTESIAN_POINT('',(4.632291791993,135.87548833848,
    140.47289870553));
#2136 = CARTESIAN_POINT('',(4.639694260665,135.87548833848,
    140.46629037155));
#2137 = CARTESIAN_POINT('',(4.647133953146,135.87548833848,
    140.4597239247));
#2138 = CARTESIAN_POINT('',(4.654610584749,135.87548833848,
    140.45319961626));
#2139 = CARTESIAN_POINT('',(4.66212386866,135.87548833848,
    140.44671769507));
#2140 = CARTESIAN_POINT('',(4.676490256866,135.87548833848,
    140.43446423471));
#2141 = CARTESIAN_POINT('',(4.683336643703,135.87548833848,
    140.42868481968));
#2142 = CARTESIAN_POINT('',(4.690212463752,135.87548833848,
    140.42294034393));
#2143 = CARTESIAN_POINT('',(4.697117502957,135.87548833848,
    140.41723098723));
#2144 = CARTESIAN_POINT('',(4.704051545899,135.87548833848,
    140.41155692767));
#2145 = CARTESIAN_POINT('',(4.711014375798,135.87548833848,
    140.40591834175));
#2146 = CARTESIAN_POINT('',(4.727515144135,135.87548833848,
    140.39269455389));
#2147 = CARTESIAN_POINT('',(4.737077366582,135.87548833848,
    140.38513965363));
#2148 = CARTESIAN_POINT('',(4.746691892891,135.87548833848,
    140.37765114341));
#2149 = CARTESIAN_POINT('',(4.756358169643,135.87548833848,
    140.37022945738));
#2150 = CARTESIAN_POINT('',(4.766075638964,135.87548833848,
    140.36287502385));
#2151 = CARTESIAN_POINT('',(4.775843738525,135.87548833848,
    140.35558826537));
#2152 = CARTESIAN_POINT('',(4.919316200268,135.87548833848,
    140.25010214921));
#2153 = CARTESIAN_POINT('',(5.062269717649,135.87548833848,
    140.16443700296));
#2154 = CARTESIAN_POINT('',(5.213056741116,135.87548833848,
    140.09246262254));
#2155 = CARTESIAN_POINT('',(5.370099679118,135.87548833848,
    140.03500475701));
#2156 = CARTESIAN_POINT('',(5.531735883225,135.87548833848,
    139.99267308308));
#2157 = CARTESIAN_POINT('',(5.696224646661,135.87548833848,
    139.96585664467));
#2158 = CARTESIAN_POINT('',(6.072138234037,135.87548833848,
    139.94044466861));
#2159 = CARTESIAN_POINT('',(6.284370971599,135.87548833848,
    139.95146521449));
#2160 = CARTESIAN_POINT('',(6.494591100876,135.87548833848,
    139.98803871101));
#2161 = CARTESIAN_POINT('',(6.69914780747,135.87548833848,
    140.04966890816));
#2162 = CARTESIAN_POINT('',(6.894570329423,135.87548833848,
    140.13530489153));
#2163 = CARTESIAN_POINT('',(7.077557582848,135.87548833848,
    140.24334145023));
#2164 = CARTESIAN_POINT('',(7.253151757538,135.87548833848,
    140.37759026946));
#2165 = CARTESIAN_POINT('',(7.261165495471,135.87548833848,
    140.38379063906));
#2166 = CARTESIAN_POINT('',(7.269143426757,135.87548833848,
    140.3900371772));
#2167 = CARTESIAN_POINT('',(7.277085232361,135.87548833848,
    140.39632963556));
#2168 = CARTESIAN_POINT('',(7.284990595423,135.87548833848,
    140.4026677631));
#2169 = CARTESIAN_POINT('',(7.292859201251,135.87548833848,
    140.40905130601));
#2170 = CARTESIAN_POINT('',(7.307869092749,135.87548833848,
    140.42137253069));
#2171 = CARTESIAN_POINT('',(7.31501630411,135.87548833848,
    140.42730299378));
#2172 = CARTESIAN_POINT('',(7.322132130755,135.87548833848,
    140.43327119947));
#2173 = CARTESIAN_POINT('',(7.32921633362,135.87548833848,
    140.43927694833));
#2174 = CARTESIAN_POINT('',(7.33626867524,135.87548833848,
    140.44532003904));
#2175 = CARTESIAN_POINT('',(7.343288919746,135.87548833848,
    140.4514002684));
#2176 = CARTESIAN_POINT('',(7.357335155416,135.87548833848,
    140.46369623012));
#2177 = CARTESIAN_POINT('',(7.364360491792,135.87548833848,
    140.46991271053));
#2178 = CARTESIAN_POINT('',(7.371352600565,135.87548833848,
    140.47616666121));
#2179 = CARTESIAN_POINT('',(7.378311242031,135.87548833848,
    140.48245786893));
#2180 = CARTESIAN_POINT('',(7.385236178209,135.87548833848,
    140.48878611853));
#2181 = CARTESIAN_POINT('',(7.392127172841,135.87548833848,
    140.49515119294));
#2182 = CARTESIAN_POINT('',(7.407678479837,135.87548833848,
    140.50967024345));
#2183 = CARTESIAN_POINT('',(7.416318018694,135.87548833848,
    140.51784647012));
#2184 = CARTESIAN_POINT('',(7.42490212977,135.87548833848,
    140.52608110674));
#2185 = CARTESIAN_POINT('',(7.433430339507,135.87548833848,
    140.53437370209));
#2186 = CARTESIAN_POINT('',(7.441902178976,135.87548833848,
    140.54272380021));
#2187 = CARTESIAN_POINT('',(7.450317183879,135.87548833848,
    140.55113094036));
#2188 = CARTESIAN_POINT('',(7.466437046699,135.87548833848,
    140.56745526137));
#2189 = CARTESIAN_POINT('',(7.47414977917,135.87548833848,
    140.57536466645));
#2190 = CARTESIAN_POINT('',(7.481812723732,135.87548833848,
    140.5833224994));
#2191 = CARTESIAN_POINT('',(7.489425515737,135.87548833848,
    140.59132838391));
#2192 = CARTESIAN_POINT('',(7.496987794119,135.87548833848,
    140.59938194026));
#2193 = CARTESIAN_POINT('',(7.504499201392,135.87548833848,
    140.60748278534));
#2194 = CARTESIAN_POINT('',(7.518916163066,135.87548833848,
    140.62322848112));
#2195 = CARTESIAN_POINT('',(7.525828397454,135.87548833848,
    140.63086721565));
#2196 = CARTESIAN_POINT('',(7.532695799838,135.87548833848,
    140.63854642277));
#2197 = CARTESIAN_POINT('',(7.539518086037,135.87548833848,
    140.64626578659));
#2198 = CARTESIAN_POINT('',(7.546294974671,135.87548833848,
    140.65402498873));
#2199 = CARTESIAN_POINT('',(7.553026187159,135.87548833848,
    140.66182370832));
#2200 = CARTESIAN_POINT('',(7.565489218962,135.87548833848,
    140.67643557978));
#2201 = CARTESIAN_POINT('',(7.571232667032,135.87548833848,
    140.68323881309));
#2202 = CARTESIAN_POINT('',(7.576941613908,135.87548833848,
    140.69007111327));
#2203 = CARTESIAN_POINT('',(7.582615883175,135.87548833848,
    140.69693227026));
#2204 = CARTESIAN_POINT('',(7.588255300024,135.87548833848,
    140.70382207269));
#2205 = CARTESIAN_POINT('',(7.593859691252,135.87548833848,
    140.71074030787));
#2206 = CARTESIAN_POINT('',(7.605982397373,135.87548833848,
    140.72586095527));
#2207 = CARTESIAN_POINT('',(7.612487171053,135.87548833848,
    140.73407422399));
#2208 = CARTESIAN_POINT('',(7.618942926685,135.87548833848,
    140.74232621913));
#2209 = CARTESIAN_POINT('',(7.625349387811,135.87548833848,
    140.75061658947));
#2210 = CARTESIAN_POINT('',(7.631706281138,135.87548833848,
    140.75894498137));
#2211 = CARTESIAN_POINT('',(7.638013336537,135.87548833848,
    140.7673110387));
#2212 = CARTESIAN_POINT('',(7.649324508359,135.87548833848,
    140.78250244811));
#2213 = CARTESIAN_POINT('',(7.654346036061,135.87548833848,
    140.78931483621));
#2214 = CARTESIAN_POINT('',(7.659334729443,135.87548833848,
    140.79615137825));
#2215 = CARTESIAN_POINT('',(7.664290449177,135.87548833848,
    140.80301188427));
#2216 = CARTESIAN_POINT('',(7.669213057317,135.87548833848,
    140.8098961633));
#2217 = CARTESIAN_POINT('',(7.674102417299,135.87548833848,
    140.81680402337));
#2218 = CARTESIAN_POINT('',(7.684306401548,135.87548833848,
    140.83136882719));
#2219 = CARTESIAN_POINT('',(7.689613917974,135.87548833848,
    140.83903075066));
#2220 = CARTESIAN_POINT('',(7.694880762625,135.87548833848,
    140.8467207842));
#2221 = CARTESIAN_POINT('',(7.700106756988,135.87548833848,
    140.85443866861));
#2222 = CARTESIAN_POINT('',(7.705291724621,135.87548833848,
    140.86218414334));
#2223 = CARTESIAN_POINT('',(7.710435491157,135.87548833848,
    140.86995694641));
#2224 = CARTESIAN_POINT('',(7.719985441627,135.87548833848,
    140.88455565553));
#2225 = CARTESIAN_POINT('',(7.724401563754,135.87548833848,
    140.89137506041));
#2226 = CARTESIAN_POINT('',(7.728786136579,135.87548833848,
    140.89821485464));
#2227 = CARTESIAN_POINT('',(7.733139047217,135.87548833848,
    140.90507486303));
#2228 = CARTESIAN_POINT('',(7.737460184007,135.87548833848,
    140.9119549096));
#2229 = CARTESIAN_POINT('',(7.741749436506,135.87548833848,
    140.91885481759));
#2230 = CARTESIAN_POINT('',(7.751055979249,135.87548833848,
    140.93398132927));
#2231 = CARTESIAN_POINT('',(7.756060257965,135.87548833848,
    140.9422159383));
#2232 = CARTESIAN_POINT('',(7.761019349409,135.87548833848,
    140.95047794037));
#2233 = CARTESIAN_POINT('',(7.765933073809,135.87548833848,
    140.95876703785));
#2234 = CARTESIAN_POINT('',(7.770801253856,135.87548833848,
    140.96708293163));
#2235 = CARTESIAN_POINT('',(7.7756237147,135.87548833848,140.97542532112
    ));
#2236 = CARTESIAN_POINT('',(7.784928305813,135.87548833848,
    140.99172703071));
#2237 = CARTESIAN_POINT('',(7.789415087756,135.87548833848,
    140.99968369581));
#2238 = CARTESIAN_POINT('',(7.793860482928,135.87548833848,
    141.0076636423));
#2239 = CARTESIAN_POINT('',(7.798264346499,135.87548833848,
    141.0156666118));
#2240 = CARTESIAN_POINT('',(7.802626535663,135.87548833848,
    141.02369234478));
#2241 = CARTESIAN_POINT('',(7.806946909641,135.87548833848,
    141.03174058062));
#2242 = CARTESIAN_POINT('',(7.81498619328,135.87548833848,
    141.04690525656));
#2243 = CARTESIAN_POINT('',(7.818714639276,135.87548833848,
    141.05401664118));
#2244 = CARTESIAN_POINT('',(7.822410573417,135.87548833848,
    141.06114503365));
#2245 = CARTESIAN_POINT('',(7.826073902685,135.87548833848,
    141.06829025557));
#2246 = CARTESIAN_POINT('',(7.829704535289,135.87548833848,
    141.07545212789));
#2247 = CARTESIAN_POINT('',(7.833302380667,135.87548833848,
    141.08263047096));
#2248 = CARTESIAN_POINT('',(7.840943027461,135.87548833848,
    141.09805042453));
#2249 = CARTESIAN_POINT('',(7.844975734532,135.87548833848,
    141.10629703684));
#2250 = CARTESIAN_POINT('',(7.848965337198,135.87548833848,141.114564672
    ));
#2251 = CARTESIAN_POINT('',(7.85291170409,135.87548833848,
    141.12285305959));
#2252 = CARTESIAN_POINT('',(7.856814705966,135.87548833848,
    141.13116192816));
#2253 = CARTESIAN_POINT('',(7.86067421571,135.87548833848,
    141.13949100525));
#2254 = CARTESIAN_POINT('',(7.868251990079,135.87548833848,
    141.15607085604));
#2255 = CARTESIAN_POINT('',(7.871971480709,135.87548833848,
    141.16432106942));
#2256 = CARTESIAN_POINT('',(7.875648460472,135.87548833848,
    141.17259039553));
#2257 = CARTESIAN_POINT('',(7.879282811651,135.87548833848,
    141.18087857148));
#2258 = CARTESIAN_POINT('',(7.882874418568,135.87548833848,
    141.18918533344));
#2259 = CARTESIAN_POINT('',(7.886423167583,135.87548833848,
    141.19751041672));
#2260 = CARTESIAN_POINT('',(7.891843574778,135.87548833848,
    141.21041003308));
#2261 = CARTESIAN_POINT('',(7.893745386249,135.87548833848,
    141.21497189579));
#2262 = CARTESIAN_POINT('',(7.895634363328,135.87548833848,
    141.2195391006));
#2263 = CARTESIAN_POINT('',(7.897510488021,135.87548833848,
    141.22411160418));
#2264 = CARTESIAN_POINT('',(7.899373742517,135.87548833848,
    141.22868936311));
#2265 = CARTESIAN_POINT('',(7.901224109188,135.87548833848,
    141.23327233392));
#2266 = CARTESIAN_POINT('',(7.905908145801,135.87548833848,
    141.24496836825));
#2267 = CARTESIAN_POINT('',(7.908723748536,135.87548833848,
    141.25208866735));
#2268 = CARTESIAN_POINT('',(7.911508313929,135.87548833848,
    141.25922120838));
#2269 = CARTESIAN_POINT('',(7.91426177818,135.87548833848,
    141.26636582895));
#2270 = CARTESIAN_POINT('',(7.916984078553,135.87548833848,
    141.27352236627));
#2271 = CARTESIAN_POINT('',(7.919675153375,135.87548833848,
    141.28069065717));
#2272 = CARTESIAN_POINT('',(7.925702500475,135.87548833848,
    141.29696098519));
#2273 = CARTESIAN_POINT('',(7.929019906923,135.87548833848,
    141.3060700112));
#2274 = CARTESIAN_POINT('',(7.932287038369,135.87548833848,
    141.31519728398));
#2275 = CARTESIAN_POINT('',(7.935503774564,135.87548833848,
    141.32434247051));
#2276 = CARTESIAN_POINT('',(7.938669998023,135.87548833848,
    141.33350523676));
#2277 = CARTESIAN_POINT('',(7.941785594024,135.87548833848,
    141.34268524775));
#2278 = CARTESIAN_POINT('',(7.946654249473,135.87548833848,
    141.35729494721));
#2279 = CARTESIAN_POINT('',(7.948440473094,135.87548833848,
    141.36271358379));
#2280 = CARTESIAN_POINT('',(7.950209098654,135.87548833848,
    141.36813800882));
#2281 = CARTESIAN_POINT('',(7.951960103664,135.87548833848,
    141.37356815369));
#2282 = CARTESIAN_POINT('',(7.953693465973,135.87548833848,
    141.3790039497));
#2283 = CARTESIAN_POINT('',(7.955409163762,135.87548833848,
    141.38444532805));
#2284 = CARTESIAN_POINT('',(7.957107175549,135.87548833848,
    141.38989221983));
#2285 = PCURVE('',#773,#2286);
#2286 = DEFINITIONAL_REPRESENTATION('',(#2287),#2542);
#2287 = B_SPLINE_CURVE_WITH_KNOTS('',7,(#2288,#2289,#2290,#2291,#2292,
    #2293,#2294,#2295,#2296,#2297,#2298,#2299,#2300,#2301,#2302,#2303,
    #2304,#2305,#2306,#2307,#2308,#2309,#2310,#2311,#2312,#2313,#2314,
    #2315,#2316,#2317,#2318,#2319,#2320,#2321,#2322,#2323,#2324,#2325,
    #2326,#2327,#2328,#2329,#2330,#2331,#2332,#2333,#2334,#2335,#2336,
    #2337,#2338,#2339,#2340,#2341,#2342,#2343,#2344,#2345,#2346,#2347,
    #2348,#2349,#2350,#2351,#2352,#2353,#2354,#2355,#2356,#2357,#2358,
    #2359,#2360,#2361,#2362,#2363,#2364,#2365,#2366,#2367,#2368,#2369,
    #2370,#2371,#2372,#2373,#2374,#2375,#2376,#2377,#2378,#2379,#2380,
    #2381,#2382,#2383,#2384,#2385,#2386,#2387,#2388,#2389,#2390,#2391,
    #2392,#2393,#2394,#2395,#2396,#2397,#2398,#2399,#2400,#2401,#2402,
    #2403,#2404,#2405,#2406,#2407,#2408,#2409,#2410,#2411,#2412,#2413,
    #2414,#2415,#2416,#2417,#2418,#2419,#2420,#2421,#2422,#2423,#2424,
    #2425,#2426,#2427,#2428,#2429,#2430,#2431,#2432,#2433,#2434,#2435,
    #2436,#2437,#2438,#2439,#2440,#2441,#2442,#2443,#2444,#2445,#2446,
    #2447,#2448,#2449,#2450,#2451,#2452,#2453,#2454,#2455,#2456,#2457,
    #2458,#2459,#2460,#2461,#2462,#2463,#2464,#2465,#2466,#2467,#2468,
    #2469,#2470,#2471,#2472,#2473,#2474,#2475,#2476,#2477,#2478,#2479,
    #2480,#2481,#2482,#2483,#2484,#2485,#2486,#2487,#2488,#2489,#2490,
    #2491,#2492,#2493,#2494,#2495,#2496,#2497,#2498,#2499,#2500,#2501,
    #2502,#2503,#2504,#2505,#2506,#2507,#2508,#2509,#2510,#2511,#2512,
    #2513,#2514,#2515,#2516,#2517,#2518,#2519,#2520,#2521,#2522,#2523,
    #2524,#2525,#2526,#2527,#2528,#2529,#2530,#2531,#2532,#2533,#2534,
    #2535,#2536,#2537,#2538,#2539,#2540,#2541),.UNSPECIFIED.,.F.,.F.,(8,
    6,6,6,6,6,6,6,6,6,6,6,6,6,6,6,6,6,6,6,6,6,6,6,6,6,6,6,6,6,6,6,6,6,6,
    6,6,6,6,6,6,6,8),(0.,1.17355135855E-02,2.359254760882E-02,
    3.558604318872E-02,4.52059191758E-02,5.578166346347E-02,
    6.822135533716E-02,7.998706420036E-02,9.284458947E-02,0.103221667007
    ,0.116558097108,0.130208799516,0.144214737528,0.158624384297,
    0.170377890189,0.178215819884,0.193254758869,0.208328414042,
    0.221683759777,0.233742592281,0.250144445507,0.473422281461,
    0.757263700466,0.770900058753,0.78339909157,0.796024063253,
    0.812032605645,0.826900402189,0.84076494025,0.852747439443,
    0.866847765882,0.878237686653,0.890781689143,0.901715807423,
    0.914684120138,0.926977630484,0.937784006507,0.9501384789,
    0.9623180837,0.968969787969,0.97927453587,0.992321377229,1.),
  .UNSPECIFIED.);
#2288 = CARTESIAN_POINT('',(2.,-5.957107175549));
#2289 = CARTESIAN_POINT('',(1.99167582634,-5.9545122011));
#2290 = CARTESIAN_POINT('',(1.983364529419,-5.951875920523));
#2291 = CARTESIAN_POINT('',(1.975066355224,-5.949198410501));
#2292 = CARTESIAN_POINT('',(1.966781549143,-5.94647974954));
#2293 = CARTESIAN_POINT('',(1.958510355966,-5.943720017968));
#2294 = CARTESIAN_POINT('',(1.950253019885,-5.940919297935));
#2295 = CARTESIAN_POINT('',(1.933681190966,-5.935206624064));
#2296 = CARTESIAN_POINT('',(1.925366991637,-5.932293818704));
#2297 = CARTESIAN_POINT('',(1.917067437747,-5.929339343942));
#2298 = CARTESIAN_POINT('',(1.908782779856,-5.926343288265));
#2299 = CARTESIAN_POINT('',(1.900513267847,-5.92330574204));
#2300 = CARTESIAN_POINT('',(1.89225915092,-5.920226797513));
#2301 = CARTESIAN_POINT('',(1.875687388415,-5.913950389439));
#2302 = CARTESIAN_POINT('',(1.867370104962,-5.910751969678));
#2303 = CARTESIAN_POINT('',(1.859069084442,-5.90751138694));
#2304 = CARTESIAN_POINT('',(1.850784583285,-5.904228740582));
#2305 = CARTESIAN_POINT('',(1.842516857154,-5.900904131908));
#2306 = CARTESIAN_POINT('',(1.834266160938,-5.897537664166));
#2307 = CARTESIAN_POINT('',(1.819428802176,-5.891395738342));
#2308 = CARTESIAN_POINT('',(1.812835975267,-5.888635171769));
#2309 = CARTESIAN_POINT('',(1.806254399158,-5.88584779711));
#2310 = CARTESIAN_POINT('',(1.799684204636,-5.883033669441));
#2311 = CARTESIAN_POINT('',(1.793125522145,-5.880192844633));
#2312 = CARTESIAN_POINT('',(1.786578481792,-5.877325379356));
#2313 = CARTESIAN_POINT('',(1.77285857519,-5.871249718892));
#2314 = CARTESIAN_POINT('',(1.765688164558,-5.868035978459));
#2315 = CARTESIAN_POINT('',(1.758532153863,-5.864790186127));
#2316 = CARTESIAN_POINT('',(1.751390714995,-5.861512419398));
#2317 = CARTESIAN_POINT('',(1.744264019316,-5.858202756924));
#2318 = CARTESIAN_POINT('',(1.737152237665,-5.854861278506));
#2319 = CARTESIAN_POINT('',(1.721708068476,-5.847520331544));
#2320 = CARTESIAN_POINT('',(1.71338146663,-5.843508690778));
#2321 = CARTESIAN_POINT('',(1.705076011977,-5.839453274541));
#2322 = CARTESIAN_POINT('',(1.696791980611,-5.835354216748));
#2323 = CARTESIAN_POINT('',(1.688529647555,-5.831211653484));
#2324 = CARTESIAN_POINT('',(1.680289286756,-5.827025723002));
#2325 = CARTESIAN_POINT('',(1.664298313258,-5.818796544367));
#2326 = CARTESIAN_POINT('',(1.656545355348,-5.814757853366));
#2327 = CARTESIAN_POINT('',(1.648812528236,-5.810680611539));
#2328 = CARTESIAN_POINT('',(1.641100061886,-5.806564939409));
#2329 = CARTESIAN_POINT('',(1.633408185351,-5.802410959207));
#2330 = CARTESIAN_POINT('',(1.625737126774,-5.798218794873));
#2331 = CARTESIAN_POINT('',(1.609727205652,-5.789365799445));
#2332 = CARTESIAN_POINT('',(1.601392430135,-5.784697577216));
#2333 = CARTESIAN_POINT('',(1.593083083378,-5.779984069354));
#2334 = CARTESIAN_POINT('',(1.584799460548,-5.775225442233));
#2335 = CARTESIAN_POINT('',(1.576541855436,-5.770421864626));
#2336 = CARTESIAN_POINT('',(1.568310560457,-5.765573507701));
#2337 = CARTESIAN_POINT('',(1.553484005754,-5.756731522792));
#2338 = CARTESIAN_POINT('',(1.546879472348,-5.752753445193));
#2339 = CARTESIAN_POINT('',(1.54029241943,-5.748746403466));
#2340 = CARTESIAN_POINT('',(1.533722999385,-5.744710489853));
#2341 = CARTESIAN_POINT('',(1.527171363982,-5.740645797595));
#2342 = CARTESIAN_POINT('',(1.52063766438,-5.736552420929));
#2343 = CARTESIAN_POINT('',(1.505748304228,-5.727132980054));
#2344 = CARTESIAN_POINT('',(1.497404430371,-5.721788284492));
#2345 = CARTESIAN_POINT('',(1.489090749128,-5.716396570582));
#2346 = CARTESIAN_POINT('',(1.480807578319,-5.710958043171));
#2347 = CARTESIAN_POINT('',(1.472555234013,-5.705472909782));
#2348 = CARTESIAN_POINT('',(1.464334030519,-5.699941380608));
#2349 = CARTESIAN_POINT('',(1.447761539216,-5.688654517924));
#2350 = CARTESIAN_POINT('',(1.439411751221,-5.68289698214));
#2351 = CARTESIAN_POINT('',(1.431095251585,-5.677091289442));
#2352 = CARTESIAN_POINT('',(1.42281237346,-5.671237670976));
#2353 = CARTESIAN_POINT('',(1.414563447972,-5.665336360752));
#2354 = CARTESIAN_POINT('',(1.406348804221,-5.659387595647));
#2355 = CARTESIAN_POINT('',(1.389775863266,-5.647239600289));
#2356 = CARTESIAN_POINT('',(1.381419390715,-5.641037880642));
#2357 = CARTESIAN_POINT('',(1.373099704907,-5.634786715419));
#2358 = CARTESIAN_POINT('',(1.364817156765,-5.628486366672));
#2359 = CARTESIAN_POINT('',(1.356572094859,-5.62213709955));
#2360 = CARTESIAN_POINT('',(1.348364865403,-5.615739182298));
#2361 = CARTESIAN_POINT('',(1.331791293383,-5.602660781443));
#2362 = CARTESIAN_POINT('',(1.323427183277,-5.595977468649));
#2363 = CARTESIAN_POINT('',(1.315103856394,-5.589243243366));
#2364 = CARTESIAN_POINT('',(1.306821684432,-5.582458404457));
#2365 = CARTESIAN_POINT('',(1.298581036325,-5.575623254157));
#2366 = CARTESIAN_POINT('',(1.290382278248,-5.568738098073));
#2367 = CARTESIAN_POINT('',(1.275572763519,-5.556146698872));
#2368 = CARTESIAN_POINT('',(1.268947865303,-5.550457088438));
#2369 = CARTESIAN_POINT('',(1.262351276164,-5.54473458155));
#2370 = CARTESIAN_POINT('',(1.255783192038,-5.53897934733));
#2371 = CARTESIAN_POINT('',(1.249243807584,-5.533191556346));
#2372 = CARTESIAN_POINT('',(1.242733316194,-5.527371380622));
#2373 = CARTESIAN_POINT('',(1.231929726746,-5.517616277436));
#2374 = CARTESIAN_POINT('',(1.227620477703,-5.513699236862));
#2375 = CARTESIAN_POINT('',(1.223324219826,-5.509767923348));
#2376 = CARTESIAN_POINT('',(1.219041009828,-5.505822388617));
#2377 = CARTESIAN_POINT('',(1.214770904161,-5.501862684672));
#2378 = CARTESIAN_POINT('',(1.210513959021,-5.497888863795));
#2379 = CARTESIAN_POINT('',(1.198127623922,-5.486249268825));
#2380 = CARTESIAN_POINT('',(1.190033674638,-5.478545780274));
#2381 = CARTESIAN_POINT('',(1.181988777664,-5.470790884249));
#2382 = CARTESIAN_POINT('',(1.173993324562,-5.462984955802));
#2383 = CARTESIAN_POINT('',(1.16604770328,-5.455128373685));
#2384 = CARTESIAN_POINT('',(1.158152298155,-5.447221520351));
#2385 = CARTESIAN_POINT('',(1.142444572552,-5.431289676063));
#2386 = CARTESIAN_POINT('',(1.134632485873,-5.423264454464));
#2387 = CARTESIAN_POINT('',(1.126871613238,-5.41518950599));
#2388 = CARTESIAN_POINT('',(1.119162334226,-5.407065223072));
#2389 = CARTESIAN_POINT('',(1.111505024628,-5.398892001729));
#2390 = CARTESIAN_POINT('',(1.103900056449,-5.390670241577));
#2391 = CARTESIAN_POINT('',(1.089656453129,-5.375073170313));
#2392 = CARTESIAN_POINT('',(1.083006485701,-5.367708208007));
#2393 = CARTESIAN_POINT('',(1.076398151721,-5.360305739335));
#2394 = CARTESIAN_POINT('',(1.069831704872,-5.352866046854));
#2395 = CARTESIAN_POINT('',(1.063307396425,-5.345389415251));
#2396 = CARTESIAN_POINT('',(1.056825475241,-5.33787613134));
#2397 = CARTESIAN_POINT('',(1.044572014877,-5.323509743134));
#2398 = CARTESIAN_POINT('',(1.038792599852,-5.316663356297));
#2399 = CARTESIAN_POINT('',(1.033048124103,-5.309787536248));
#2400 = CARTESIAN_POINT('',(1.027338767394,-5.302882497043));
#2401 = CARTESIAN_POINT('',(1.021664707842,-5.295948454101));
#2402 = CARTESIAN_POINT('',(1.016026121915,-5.288985624202));
#2403 = CARTESIAN_POINT('',(1.002802334063,-5.272484855865));
#2404 = CARTESIAN_POINT('',(0.995247433798,-5.262922633418));
#2405 = CARTESIAN_POINT('',(0.98775892358,-5.253308107109));
#2406 = CARTESIAN_POINT('',(0.980337237544,-5.243641830357));
#2407 = CARTESIAN_POINT('',(0.972982804022,-5.233924361036));
#2408 = CARTESIAN_POINT('',(0.965696045541,-5.224156261475));
#2409 = CARTESIAN_POINT('',(0.860209929378,-5.080683799732));
#2410 = CARTESIAN_POINT('',(0.774544783131,-4.937730282351));
#2411 = CARTESIAN_POINT('',(0.702570402707,-4.786943258884));
#2412 = CARTESIAN_POINT('',(0.645112537183,-4.629900320882));
#2413 = CARTESIAN_POINT('',(0.602780863253,-4.468264116775));
#2414 = CARTESIAN_POINT('',(0.575964424834,-4.303775353339));
#2415 = CARTESIAN_POINT('',(0.55055244878,-3.927861765963));
#2416 = CARTESIAN_POINT('',(0.56157299466,-3.715629028401));
#2417 = CARTESIAN_POINT('',(0.598146491183,-3.505408899124));
#2418 = CARTESIAN_POINT('',(0.659776688332,-3.30085219253));
#2419 = CARTESIAN_POINT('',(0.7454126717,-3.105429670577));
#2420 = CARTESIAN_POINT('',(0.853449230395,-2.922442417152));
#2421 = CARTESIAN_POINT('',(0.987698049625,-2.746848242462));
#2422 = CARTESIAN_POINT('',(0.993898419225,-2.738834504529));
#2423 = CARTESIAN_POINT('',(1.000144957365,-2.730856573243));
#2424 = CARTESIAN_POINT('',(1.006437415732,-2.722914767639));
#2425 = CARTESIAN_POINT('',(1.012775543267,-2.715009404577));
#2426 = CARTESIAN_POINT('',(1.019159086175,-2.707140798749));
#2427 = CARTESIAN_POINT('',(1.031480310858,-2.692130907251));
#2428 = CARTESIAN_POINT('',(1.03741077395,-2.68498369589));
#2429 = CARTESIAN_POINT('',(1.043378979641,-2.677867869245));
#2430 = CARTESIAN_POINT('',(1.049384728498,-2.67078366638));
#2431 = CARTESIAN_POINT('',(1.055427819207,-2.66373132476));
#2432 = CARTESIAN_POINT('',(1.061508048567,-2.656711080254));
#2433 = CARTESIAN_POINT('',(1.073804010285,-2.642664844584));
#2434 = CARTESIAN_POINT('',(1.080020490694,-2.635639508208));
#2435 = CARTESIAN_POINT('',(1.086274441383,-2.628647399435));
#2436 = CARTESIAN_POINT('',(1.092565649102,-2.621688757969));
#2437 = CARTESIAN_POINT('',(1.098893898696,-2.614763821791));
#2438 = CARTESIAN_POINT('',(1.105258973104,-2.607872827159));
#2439 = CARTESIAN_POINT('',(1.119778023623,-2.592321520163));
#2440 = CARTESIAN_POINT('',(1.127954250288,-2.583681981306));
#2441 = CARTESIAN_POINT('',(1.136188886905,-2.57509787023));
#2442 = CARTESIAN_POINT('',(1.144481482259,-2.566569660493));
#2443 = CARTESIAN_POINT('',(1.152831580379,-2.558097821024));
#2444 = CARTESIAN_POINT('',(1.161238720527,-2.549682816121));
#2445 = CARTESIAN_POINT('',(1.177563041534,-2.533562953301));
#2446 = CARTESIAN_POINT('',(1.185472446622,-2.52585022083));
#2447 = CARTESIAN_POINT('',(1.193430279572,-2.518187276268));
#2448 = CARTESIAN_POINT('',(1.201436164077,-2.510574484263));
#2449 = CARTESIAN_POINT('',(1.209489720427,-2.503012205881));
#2450 = CARTESIAN_POINT('',(1.217590565507,-2.495500798608));
#2451 = CARTESIAN_POINT('',(1.233336261291,-2.481083836934));
#2452 = CARTESIAN_POINT('',(1.240974995817,-2.474171602546));
#2453 = CARTESIAN_POINT('',(1.248654202943,-2.467304200162));
#2454 = CARTESIAN_POINT('',(1.256373566763,-2.460481913963));
#2455 = CARTESIAN_POINT('',(1.264132768896,-2.453705025329));
#2456 = CARTESIAN_POINT('',(1.271931488489,-2.446973812841));
#2457 = CARTESIAN_POINT('',(1.286543359949,-2.434510781038));
#2458 = CARTESIAN_POINT('',(1.293346593263,-2.428767332968));
#2459 = CARTESIAN_POINT('',(1.300178893439,-2.423058386092));
#2460 = CARTESIAN_POINT('',(1.30704005043,-2.417384116825));
#2461 = CARTESIAN_POINT('',(1.313929852863,-2.411744699976));
#2462 = CARTESIAN_POINT('',(1.320848088036,-2.406140308748));
#2463 = CARTESIAN_POINT('',(1.33596873544,-2.394017602627));
#2464 = CARTESIAN_POINT('',(1.344182004157,-2.387512828947));
#2465 = CARTESIAN_POINT('',(1.352433999295,-2.381057073315));
#2466 = CARTESIAN_POINT('',(1.360724369641,-2.374650612189));
#2467 = CARTESIAN_POINT('',(1.369052761535,-2.368293718862));
#2468 = CARTESIAN_POINT('',(1.377418818873,-2.361986663463));
#2469 = CARTESIAN_POINT('',(1.392610228282,-2.350675491641));
#2470 = CARTESIAN_POINT('',(1.399422616377,-2.345653963939));
#2471 = CARTESIAN_POINT('',(1.406259158419,-2.340665270557));
#2472 = CARTESIAN_POINT('',(1.413119664437,-2.335709550823));
#2473 = CARTESIAN_POINT('',(1.420003943464,-2.330786942683));
#2474 = CARTESIAN_POINT('',(1.426911803537,-2.325897582701));
#2475 = CARTESIAN_POINT('',(1.441476607354,-2.315693598452));
#2476 = CARTESIAN_POINT('',(1.449138530832,-2.310386082026));
#2477 = CARTESIAN_POINT('',(1.456828564363,-2.305119237375));
#2478 = CARTESIAN_POINT('',(1.464546448781,-2.299893243012));
#2479 = CARTESIAN_POINT('',(1.472291923513,-2.294708275379));
#2480 = CARTESIAN_POINT('',(1.480064726582,-2.289564508843));
#2481 = CARTESIAN_POINT('',(1.4946634357,-2.280014558373));
#2482 = CARTESIAN_POINT('',(1.501482840575,-2.275598436246));
#2483 = CARTESIAN_POINT('',(1.508322634808,-2.271213863421));
#2484 = CARTESIAN_POINT('',(1.515182643196,-2.266860952783));
#2485 = CARTESIAN_POINT('',(1.522062689763,-2.262539815993));
#2486 = CARTESIAN_POINT('',(1.528962597759,-2.258250563494));
#2487 = CARTESIAN_POINT('',(1.544089109438,-2.248944020751));
#2488 = CARTESIAN_POINT('',(1.552323718464,-2.243939742035));
#2489 = CARTESIAN_POINT('',(1.560585720543,-2.238980650591));
#2490 = CARTESIAN_POINT('',(1.568874818022,-2.234066926191));
#2491 = CARTESIAN_POINT('',(1.577190711793,-2.229198746144));
#2492 = CARTESIAN_POINT('',(1.585533101287,-2.2243762853));
#2493 = CARTESIAN_POINT('',(1.601834810882,-2.215071694187));
#2494 = CARTESIAN_POINT('',(1.609791475975,-2.210584912244));
#2495 = CARTESIAN_POINT('',(1.617771422469,-2.206139517072));
#2496 = CARTESIAN_POINT('',(1.625774391964,-2.201735653501));
#2497 = CARTESIAN_POINT('',(1.633800124946,-2.197373464337));
#2498 = CARTESIAN_POINT('',(1.641848360785,-2.193053090359));
#2499 = CARTESIAN_POINT('',(1.657013036731,-2.18501380672));
#2500 = CARTESIAN_POINT('',(1.664124421349,-2.181285360724));
#2501 = CARTESIAN_POINT('',(1.671252813819,-2.177589426583));
#2502 = CARTESIAN_POINT('',(1.678398035734,-2.173926097315));
#2503 = CARTESIAN_POINT('',(1.68555990806,-2.170295464711));
#2504 = CARTESIAN_POINT('',(1.692738251132,-2.166697619333));
#2505 = CARTESIAN_POINT('',(1.708158204697,-2.159056972539));
#2506 = CARTESIAN_POINT('',(1.716404817007,-2.155024265468));
#2507 = CARTESIAN_POINT('',(1.724672452169,-2.151034662802));
#2508 = CARTESIAN_POINT('',(1.732960839756,-2.14708829591));
#2509 = CARTESIAN_POINT('',(1.741269708325,-2.143185294034));
#2510 = CARTESIAN_POINT('',(1.749598785422,-2.13932578429));
#2511 = CARTESIAN_POINT('',(1.766178636204,-2.131748009921));
#2512 = CARTESIAN_POINT('',(1.774428849584,-2.128028519291));
#2513 = CARTESIAN_POINT('',(1.782698175701,-2.124351539528));
#2514 = CARTESIAN_POINT('',(1.790986351644,-2.120717188349));
#2515 = CARTESIAN_POINT('',(1.799293113606,-2.117125581432));
#2516 = CARTESIAN_POINT('',(1.807618196889,-2.113576832417));
#2517 = CARTESIAN_POINT('',(1.820517813247,-2.108156425222));
#2518 = CARTESIAN_POINT('',(1.825079675956,-2.106254613751));
#2519 = CARTESIAN_POINT('',(1.829646880767,-2.104365636672));
#2520 = CARTESIAN_POINT('',(1.834219384345,-2.102489511979));
#2521 = CARTESIAN_POINT('',(1.83879714328,-2.100626257483));
#2522 = CARTESIAN_POINT('',(1.843380114086,-2.098775890812));
#2523 = CARTESIAN_POINT('',(1.855076148419,-2.094091854199));
#2524 = CARTESIAN_POINT('',(1.862196447521,-2.091276251464));
#2525 = CARTESIAN_POINT('',(1.869328988545,-2.088491686071));
#2526 = CARTESIAN_POINT('',(1.876473609114,-2.08573822182));
#2527 = CARTESIAN_POINT('',(1.883630146443,-2.083015921447));
#2528 = CARTESIAN_POINT('',(1.890798437335,-2.080324846625));
#2529 = CARTESIAN_POINT('',(1.907068765354,-2.074297499525));
#2530 = CARTESIAN_POINT('',(1.916177791365,-2.070980093077));
#2531 = CARTESIAN_POINT('',(1.925305064151,-2.067712961631));
#2532 = CARTESIAN_POINT('',(1.934450250674,-2.064496225436));
#2533 = CARTESIAN_POINT('',(1.943613016924,-2.061330001977));
#2534 = CARTESIAN_POINT('',(1.952793027918,-2.058214405976));
#2535 = CARTESIAN_POINT('',(1.967402727373,-2.053345750527));
#2536 = CARTESIAN_POINT('',(1.972821363963,-2.051559526906));
#2537 = CARTESIAN_POINT('',(1.978245788986,-2.049790901346));
#2538 = CARTESIAN_POINT('',(1.983675933855,-2.048039896336));
#2539 = CARTESIAN_POINT('',(1.989111729868,-2.046306534027));
#2540 = CARTESIAN_POINT('',(1.994553108221,-2.044590836238));
#2541 = CARTESIAN_POINT('',(2.,-2.042892824451));
#2542 = ( GEOMETRIC_REPRESENTATION_CONTEXT(2) 
PARAMETRIC_REPRESENTATION_CONTEXT() REPRESENTATION_CONTEXT('2D SPACE',''
  ) );
#2543 = PCURVE('',#631,#2544);
#2544 = DEFINITIONAL_REPRESENTATION('',(#2545),#2800);
#2545 = B_SPLINE_CURVE_WITH_KNOTS('',7,(#2546,#2547,#2548,#2549,#2550,
    #2551,#2552,#2553,#2554,#2555,#2556,#2557,#2558,#2559,#2560,#2561,
    #2562,#2563,#2564,#2565,#2566,#2567,#2568,#2569,#2570,#2571,#2572,
    #2573,#2574,#2575,#2576,#2577,#2578,#2579,#2580,#2581,#2582,#2583,
    #2584,#2585,#2586,#2587,#2588,#2589,#2590,#2591,#2592,#2593,#2594,
    #2595,#2596,#2597,#2598,#2599,#2600,#2601,#2602,#2603,#2604,#2605,
    #2606,#2607,#2608,#2609,#2610,#2611,#2612,#2613,#2614,#2615,#2616,
    #2617,#2618,#2619,#2620,#2621,#2622,#2623,#2624,#2625,#2626,#2627,
    #2628,#2629,#2630,#2631,#2632,#2633,#2634,#2635,#2636,#2637,#2638,
    #2639,#2640,#2641,#2642,#2643,#2644,#2645,#2646,#2647,#2648,#2649,
    #2650,#2651,#2652,#2653,#2654,#2655,#2656,#2657,#2658,#2659,#2660,
    #2661,#2662,#2663,#2664,#2665,#2666,#2667,#2668,#2669,#2670,#2671,
    #2672,#2673,#2674,#2675,#2676,#2677,#2678,#2679,#2680,#2681,#2682,
    #2683,#2684,#2685,#2686,#2687,#2688,#2689,#2690,#2691,#2692,#2693,
    #2694,#2695,#2696,#2697,#2698,#2699,#2700,#2701,#2702,#2703,#2704,
    #2705,#2706,#2707,#2708,#2709,#2710,#2711,#2712,#2713,#2714,#2715,
    #2716,#2717,#2718,#2719,#2720,#2721,#2722,#2723,#2724,#2725,#2726,
    #2727,#2728,#2729,#2730,#2731,#2732,#2733,#2734,#2735,#2736,#2737,
    #2738,#2739,#2740,#2741,#2742,#2743,#2744,#2745,#2746,#2747,#2748,
    #2749,#2750,#2751,#2752,#2753,#2754,#2755,#2756,#2757,#2758,#2759,
    #2760,#2761,#2762,#2763,#2764,#2765,#2766,#2767,#2768,#2769,#2770,
    #2771,#2772,#2773,#2774,#2775,#2776,#2777,#2778,#2779,#2780,#2781,
    #2782,#2783,#2784,#2785,#2786,#2787,#2788,#2789,#2790,#2791,#2792,
    #2793,#2794,#2795,#2796,#2797,#2798,#2799),.UNSPECIFIED.,.F.,.F.,(8,
    6,6,6,6,6,6,6,6,6,6,6,6,6,6,6,6,6,6,6,6,6,6,6,6,6,6,6,6,6,6,6,6,6,6,
    6,6,6,6,6,6,6,8),(0.,1.17355135855E-02,2.359254760882E-02,
    3.558604318872E-02,4.52059191758E-02,5.578166346347E-02,
    6.822135533716E-02,7.998706420036E-02,9.284458947E-02,0.103221667007
    ,0.116558097108,0.130208799516,0.144214737528,0.158624384297,
    0.170377890189,0.178215819884,0.193254758869,0.208328414042,
    0.221683759777,0.233742592281,0.250144445507,0.473422281461,
    0.757263700466,0.770900058753,0.78339909157,0.796024063253,
    0.812032605645,0.826900402189,0.84076494025,0.852747439443,
    0.866847765882,0.878237686653,0.890781689143,0.901715807423,
    0.914684120138,0.926977630484,0.937784006507,0.9501384789,
    0.9623180837,0.968969787969,0.97927453587,0.992321377229,1.),
  .UNSPECIFIED.);
#2546 = CARTESIAN_POINT('',(2.993101266297,155.27548833848));
#2547 = CARTESIAN_POINT('',(2.988847961335,155.27548833848));
#2548 = CARTESIAN_POINT('',(2.984594656371,155.27548833848));
#2549 = CARTESIAN_POINT('',(2.980341351405,155.27548833848));
#2550 = CARTESIAN_POINT('',(2.976088046438,155.27548833848));
#2551 = CARTESIAN_POINT('',(2.971834741471,155.27548833848));
#2552 = CARTESIAN_POINT('',(2.967581436504,155.27548833848));
#2553 = CARTESIAN_POINT('',(2.959030783893,155.27548833848));
#2554 = CARTESIAN_POINT('',(2.954733436244,155.27548833848));
#2555 = CARTESIAN_POINT('',(2.950436088593,155.27548833848));
#2556 = CARTESIAN_POINT('',(2.946138740942,155.27548833848));
#2557 = CARTESIAN_POINT('',(2.94184139329,155.27548833848));
#2558 = CARTESIAN_POINT('',(2.937544045638,155.27548833848));
#2559 = CARTESIAN_POINT('',(2.928899892544,155.27548833848));
#2560 = CARTESIAN_POINT('',(2.924553087097,155.27548833848));
#2561 = CARTESIAN_POINT('',(2.920206281648,155.27548833848));
#2562 = CARTESIAN_POINT('',(2.915859476198,155.27548833848));
#2563 = CARTESIAN_POINT('',(2.911512670747,155.27548833848));
#2564 = CARTESIAN_POINT('',(2.907165865297,155.27548833848));
#2565 = CARTESIAN_POINT('',(2.899332525913,155.27548833848));
#2566 = CARTESIAN_POINT('',(2.895845991975,155.27548833848));
#2567 = CARTESIAN_POINT('',(2.892359458037,155.27548833848));
#2568 = CARTESIAN_POINT('',(2.888872924098,155.27548833848));
#2569 = CARTESIAN_POINT('',(2.885386390158,155.27548833848));
#2570 = CARTESIAN_POINT('',(2.881899856219,155.27548833848));
#2571 = CARTESIAN_POINT('',(2.874580352765,155.27548833848));
#2572 = CARTESIAN_POINT('',(2.870747383248,155.27548833848));
#2573 = CARTESIAN_POINT('',(2.86691441373,155.27548833848));
#2574 = CARTESIAN_POINT('',(2.863081444212,155.27548833848));
#2575 = CARTESIAN_POINT('',(2.859248474692,155.27548833848));
#2576 = CARTESIAN_POINT('',(2.855415505173,155.27548833848));
#2577 = CARTESIAN_POINT('',(2.847074015169,155.27548833848));
#2578 = CARTESIAN_POINT('',(2.842565494679,155.27548833848));
#2579 = CARTESIAN_POINT('',(2.838056974187,155.27548833848));
#2580 = CARTESIAN_POINT('',(2.833548453694,155.27548833848));
#2581 = CARTESIAN_POINT('',(2.829039933199,155.27548833848));
#2582 = CARTESIAN_POINT('',(2.824531412706,155.27548833848));
#2583 = CARTESIAN_POINT('',(2.815758643545,155.27548833848));
#2584 = CARTESIAN_POINT('',(2.811494394873,155.27548833848));
#2585 = CARTESIAN_POINT('',(2.807230146199,155.27548833848));
#2586 = CARTESIAN_POINT('',(2.802965897524,155.27548833848));
#2587 = CARTESIAN_POINT('',(2.798701648848,155.27548833848));
#2588 = CARTESIAN_POINT('',(2.794437400172,155.27548833848));
#2589 = CARTESIAN_POINT('',(2.785513195541,155.27548833848));
#2590 = CARTESIAN_POINT('',(2.78085323958,155.27548833848));
#2591 = CARTESIAN_POINT('',(2.776193283617,155.27548833848));
#2592 = CARTESIAN_POINT('',(2.771533327651,155.27548833848));
#2593 = CARTESIAN_POINT('',(2.766873371684,155.27548833848));
#2594 = CARTESIAN_POINT('',(2.762213415718,155.27548833848));
#2595 = CARTESIAN_POINT('',(2.753792493056,155.27548833848));
#2596 = CARTESIAN_POINT('',(2.750031526356,155.27548833848));
#2597 = CARTESIAN_POINT('',(2.746270559654,155.27548833848));
#2598 = CARTESIAN_POINT('',(2.742509592951,155.27548833848));
#2599 = CARTESIAN_POINT('',(2.738748626247,155.27548833848));
#2600 = CARTESIAN_POINT('',(2.734987659543,155.27548833848));
#2601 = CARTESIAN_POINT('',(2.726393167274,155.27548833848));
#2602 = CARTESIAN_POINT('',(2.721559641704,155.27548833848));
#2603 = CARTESIAN_POINT('',(2.71672611613,155.27548833848));
#2604 = CARTESIAN_POINT('',(2.711892590553,155.27548833848));
#2605 = CARTESIAN_POINT('',(2.707059064975,155.27548833848));
#2606 = CARTESIAN_POINT('',(2.702225539398,155.27548833848));
#2607 = CARTESIAN_POINT('',(2.692444586459,155.27548833848));
#2608 = CARTESIAN_POINT('',(2.687497159089,155.27548833848));
#2609 = CARTESIAN_POINT('',(2.682549731715,155.27548833848));
#2610 = CARTESIAN_POINT('',(2.677602304337,155.27548833848));
#2611 = CARTESIAN_POINT('',(2.672654876958,155.27548833848));
#2612 = CARTESIAN_POINT('',(2.66770744958,155.27548833848));
#2613 = CARTESIAN_POINT('',(2.657683846702,155.27548833848));
#2614 = CARTESIAN_POINT('',(2.652607671192,155.27548833848));
#2615 = CARTESIAN_POINT('',(2.647531495677,155.27548833848));
#2616 = CARTESIAN_POINT('',(2.642455320159,155.27548833848));
#2617 = CARTESIAN_POINT('',(2.637379144639,155.27548833848));
#2618 = CARTESIAN_POINT('',(2.632302969119,155.27548833848));
#2619 = CARTESIAN_POINT('',(2.622004301822,155.27548833848));
#2620 = CARTESIAN_POINT('',(2.616781810033,155.27548833848));
#2621 = CARTESIAN_POINT('',(2.611559318238,155.27548833848));
#2622 = CARTESIAN_POINT('',(2.606336826439,155.27548833848));
#2623 = CARTESIAN_POINT('',(2.601114334637,155.27548833848));
#2624 = CARTESIAN_POINT('',(2.595891842836,155.27548833848));
#2625 = CARTESIAN_POINT('',(2.586409525026,155.27548833848));
#2626 = CARTESIAN_POINT('',(2.582149699009,155.27548833848));
#2627 = CARTESIAN_POINT('',(2.57788987299,155.27548833848));
#2628 = CARTESIAN_POINT('',(2.573630046967,155.27548833848));
#2629 = CARTESIAN_POINT('',(2.569370220943,155.27548833848));
#2630 = CARTESIAN_POINT('',(2.565110394917,155.27548833848));
#2631 = CARTESIAN_POINT('',(2.558009866108,155.27548833848));
#2632 = CARTESIAN_POINT('',(2.555169163323,155.27548833848));
#2633 = CARTESIAN_POINT('',(2.552328460538,155.27548833848));
#2634 = CARTESIAN_POINT('',(2.549487757751,155.27548833848));
#2635 = CARTESIAN_POINT('',(2.546647054962,155.27548833848));
#2636 = CARTESIAN_POINT('',(2.543806352173,155.27548833848));
#2637 = CARTESIAN_POINT('',(2.535515083022,155.27548833848));
#2638 = CARTESIAN_POINT('',(2.530064516649,155.27548833848));
#2639 = CARTESIAN_POINT('',(2.524613950268,155.27548833848));
#2640 = CARTESIAN_POINT('',(2.51916338388,155.27548833848));
#2641 = CARTESIAN_POINT('',(2.513712817489,155.27548833848));
#2642 = CARTESIAN_POINT('',(2.508262251098,155.27548833848));
#2643 = CARTESIAN_POINT('',(2.497348536123,155.27548833848));
#2644 = CARTESIAN_POINT('',(2.491885387525,155.27548833848));
#2645 = CARTESIAN_POINT('',(2.486422238918,155.27548833848));
#2646 = CARTESIAN_POINT('',(2.480959090304,155.27548833848));
#2647 = CARTESIAN_POINT('',(2.475495941685,155.27548833848));
#2648 = CARTESIAN_POINT('',(2.470032793065,155.27548833848));
#2649 = CARTESIAN_POINT('',(2.459729263149,155.27548833848));
#2650 = CARTESIAN_POINT('',(2.454888881842,155.27548833848));
#2651 = CARTESIAN_POINT('',(2.450048500527,155.27548833848));
#2652 = CARTESIAN_POINT('',(2.445208119207,155.27548833848));
#2653 = CARTESIAN_POINT('',(2.440367737883,155.27548833848));
#2654 = CARTESIAN_POINT('',(2.435527356556,155.27548833848));
#2655 = CARTESIAN_POINT('',(2.426316489517,155.27548833848));
#2656 = CARTESIAN_POINT('',(2.421946003799,155.27548833848));
#2657 = CARTESIAN_POINT('',(2.417575518076,155.27548833848));
#2658 = CARTESIAN_POINT('',(2.413205032347,155.27548833848));
#2659 = CARTESIAN_POINT('',(2.408834546614,155.27548833848));
#2660 = CARTESIAN_POINT('',(2.404464060878,155.27548833848));
#2661 = CARTESIAN_POINT('',(2.394149047292,155.27548833848));
#2662 = CARTESIAN_POINT('',(2.388204519425,155.27548833848));
#2663 = CARTESIAN_POINT('',(2.382259991542,155.27548833848));
#2664 = CARTESIAN_POINT('',(2.376315463647,155.27548833848));
#2665 = CARTESIAN_POINT('',(2.370370935744,155.27548833848));
#2666 = CARTESIAN_POINT('',(2.364426407836,155.27548833848));
#2667 = CARTESIAN_POINT('',(2.277559236085,155.27548833848));
#2668 = CARTESIAN_POINT('',(2.19662364825,155.27548833848));
#2669 = CARTESIAN_POINT('',(2.115698740688,155.27548833848));
#2670 = CARTESIAN_POINT('',(2.034779847763,155.27548833848));
#2671 = CARTESIAN_POINT('',(1.953853158362,155.27548833848));
#2672 = CARTESIAN_POINT('',(1.872915502744,155.27548833848));
#2673 = CARTESIAN_POINT('',(1.689124507398,155.27548833848));
#2674 = CARTESIAN_POINT('',(1.586194642027,155.27548833848));
#2675 = CARTESIAN_POINT('',(1.483307044177,155.27548833848));
#2676 = CARTESIAN_POINT('',(1.380435134773,155.27548833848));
#2677 = CARTESIAN_POINT('',(1.277554170982,155.27548833848));
#2678 = CARTESIAN_POINT('',(1.17463373819,155.27548833848));
#2679 = CARTESIAN_POINT('',(1.066812241127,155.27548833848));
#2680 = CARTESIAN_POINT('',(1.061869712049,155.27548833848));
#2681 = CARTESIAN_POINT('',(1.056927182976,155.27548833848));
#2682 = CARTESIAN_POINT('',(1.051984653909,155.27548833848));
#2683 = CARTESIAN_POINT('',(1.047042124849,155.27548833848));
#2684 = CARTESIAN_POINT('',(1.042099595799,155.27548833848));
#2685 = CARTESIAN_POINT('',(1.032626763918,155.27548833848));
#2686 = CARTESIAN_POINT('',(1.02809646108,155.27548833848));
#2687 = CARTESIAN_POINT('',(1.023566158246,155.27548833848));
#2688 = CARTESIAN_POINT('',(1.019035855416,155.27548833848));
#2689 = CARTESIAN_POINT('',(1.014505552591,155.27548833848));
#2690 = CARTESIAN_POINT('',(1.009975249772,155.27548833848));
#2691 = CARTESIAN_POINT('',(1.000868997322,155.27548833848));
#2692 = CARTESIAN_POINT('',(0.996293047685,155.27548833848));
#2693 = CARTESIAN_POINT('',(0.991717098051,155.27548833848));
#2694 = CARTESIAN_POINT('',(0.98714114842,155.27548833848));
#2695 = CARTESIAN_POINT('',(0.982565198794,155.27548833848));
#2696 = CARTESIAN_POINT('',(0.977989249174,155.27548833848));
#2697 = CARTESIAN_POINT('',(0.967610967072,155.27548833848));
#2698 = CARTESIAN_POINT('',(0.961808634579,155.27548833848));
#2699 = CARTESIAN_POINT('',(0.956006302087,155.27548833848));
#2700 = CARTESIAN_POINT('',(0.950203969599,155.27548833848));
#2701 = CARTESIAN_POINT('',(0.944401637119,155.27548833848));
#2702 = CARTESIAN_POINT('',(0.938599304651,155.27548833848));
#2703 = CARTESIAN_POINT('',(0.92740810566,155.27548833848));
#2704 = CARTESIAN_POINT('',(0.922019239121,155.27548833848));
#2705 = CARTESIAN_POINT('',(0.916630372583,155.27548833848));
#2706 = CARTESIAN_POINT('',(0.911241506047,155.27548833848));
#2707 = CARTESIAN_POINT('',(0.905852639518,155.27548833848));
#2708 = CARTESIAN_POINT('',(0.900463772996,155.27548833848));
#2709 = CARTESIAN_POINT('',(0.890049673283,155.27548833848));
#2710 = CARTESIAN_POINT('',(0.885024440079,155.27548833848));
#2711 = CARTESIAN_POINT('',(0.879999206875,155.27548833848));
#2712 = CARTESIAN_POINT('',(0.874973973674,155.27548833848));
#2713 = CARTESIAN_POINT('',(0.869948740477,155.27548833848));
#2714 = CARTESIAN_POINT('',(0.864923507286,155.27548833848));
#2715 = CARTESIAN_POINT('',(0.855555190165,155.27548833848));
#2716 = CARTESIAN_POINT('',(0.851212106227,155.27548833848));
#2717 = CARTESIAN_POINT('',(0.84686902229,155.27548833848));
#2718 = CARTESIAN_POINT('',(0.842525938355,155.27548833848));
#2719 = CARTESIAN_POINT('',(0.838182854422,155.27548833848));
#2720 = CARTESIAN_POINT('',(0.833839770493,155.27548833848));
#2721 = CARTESIAN_POINT('',(0.82438599137,155.27548833848));
#2722 = CARTESIAN_POINT('',(0.819275296169,155.27548833848));
#2723 = CARTESIAN_POINT('',(0.814164600968,155.27548833848));
#2724 = CARTESIAN_POINT('',(0.809053905769,155.27548833848));
#2725 = CARTESIAN_POINT('',(0.803943210573,155.27548833848));
#2726 = CARTESIAN_POINT('',(0.798832515383,155.27548833848));
#2727 = CARTESIAN_POINT('',(0.789593517678,155.27548833848));
#2728 = CARTESIAN_POINT('',(0.785465215155,155.27548833848));
#2729 = CARTESIAN_POINT('',(0.781336912632,155.27548833848));
#2730 = CARTESIAN_POINT('',(0.777208610111,155.27548833848));
#2731 = CARTESIAN_POINT('',(0.773080307591,155.27548833848));
#2732 = CARTESIAN_POINT('',(0.768952005074,155.27548833848));
#2733 = CARTESIAN_POINT('',(0.760277100521,155.27548833848));
#2734 = CARTESIAN_POINT('',(0.75573049848,155.27548833848));
#2735 = CARTESIAN_POINT('',(0.751183896439,155.27548833848));
#2736 = CARTESIAN_POINT('',(0.746637294399,155.27548833848));
#2737 = CARTESIAN_POINT('',(0.742090692361,155.27548833848));
#2738 = CARTESIAN_POINT('',(0.737544090327,155.27548833848));
#2739 = CARTESIAN_POINT('',(0.729034392435,155.27548833848));
#2740 = CARTESIAN_POINT('',(0.725071296573,155.27548833848));
#2741 = CARTESIAN_POINT('',(0.721108200711,155.27548833848));
#2742 = CARTESIAN_POINT('',(0.717145104849,155.27548833848));
#2743 = CARTESIAN_POINT('',(0.71318200899,155.27548833848));
#2744 = CARTESIAN_POINT('',(0.709218913132,155.27548833848));
#2745 = CARTESIAN_POINT('',(0.700555423056,155.27548833848));
#2746 = CARTESIAN_POINT('',(0.695855028833,155.27548833848));
#2747 = CARTESIAN_POINT('',(0.691154634609,155.27548833848));
#2748 = CARTESIAN_POINT('',(0.686454240387,155.27548833848));
#2749 = CARTESIAN_POINT('',(0.681753846166,155.27548833848));
#2750 = CARTESIAN_POINT('',(0.677053451949,155.27548833848));
#2751 = CARTESIAN_POINT('',(0.667897247167,155.27548833848));
#2752 = CARTESIAN_POINT('',(0.663441436595,155.27548833848));
#2753 = CARTESIAN_POINT('',(0.658985626023,155.27548833848));
#2754 = CARTESIAN_POINT('',(0.654529815452,155.27548833848));
#2755 = CARTESIAN_POINT('',(0.650074004882,155.27548833848));
#2756 = CARTESIAN_POINT('',(0.645618194315,155.27548833848));
#2757 = CARTESIAN_POINT('',(0.63724558838,155.27548833848));
#2758 = CARTESIAN_POINT('',(0.633328793007,155.27548833848));
#2759 = CARTESIAN_POINT('',(0.629411997634,155.27548833848));
#2760 = CARTESIAN_POINT('',(0.625495202262,155.27548833848));
#2761 = CARTESIAN_POINT('',(0.621578406891,155.27548833848));
#2762 = CARTESIAN_POINT('',(0.617661611522,155.27548833848));
#2763 = CARTESIAN_POINT('',(0.609266909765,155.27548833848));
#2764 = CARTESIAN_POINT('',(0.604789003375,155.27548833848));
#2765 = CARTESIAN_POINT('',(0.600311096983,155.27548833848));
#2766 = CARTESIAN_POINT('',(0.595833190593,155.27548833848));
#2767 = CARTESIAN_POINT('',(0.591355284203,155.27548833848));
#2768 = CARTESIAN_POINT('',(0.586877377817,155.27548833848));
#2769 = CARTESIAN_POINT('',(0.577984946203,155.27548833848));
#2770 = CARTESIAN_POINT('',(0.573570420972,155.27548833848));
#2771 = CARTESIAN_POINT('',(0.56915589574,155.27548833848));
#2772 = CARTESIAN_POINT('',(0.564741370508,155.27548833848));
#2773 = CARTESIAN_POINT('',(0.560326845277,155.27548833848));
#2774 = CARTESIAN_POINT('',(0.555912320049,155.27548833848));
#2775 = CARTESIAN_POINT('',(0.549086869612,155.27548833848));
#2776 = CARTESIAN_POINT('',(0.5466759444,155.27548833848));
#2777 = CARTESIAN_POINT('',(0.544265019189,155.27548833848));
#2778 = CARTESIAN_POINT('',(0.541854093977,155.27548833848));
#2779 = CARTESIAN_POINT('',(0.539443168766,155.27548833848));
#2780 = CARTESIAN_POINT('',(0.537032243555,155.27548833848));
#2781 = CARTESIAN_POINT('',(0.530886339233,155.27548833848));
#2782 = CARTESIAN_POINT('',(0.527151360121,155.27548833848));
#2783 = CARTESIAN_POINT('',(0.523416381008,155.27548833848));
#2784 = CARTESIAN_POINT('',(0.519681401896,155.27548833848));
#2785 = CARTESIAN_POINT('',(0.515946422785,155.27548833848));
#2786 = CARTESIAN_POINT('',(0.512211443675,155.27548833848));
#2787 = CARTESIAN_POINT('',(0.503747607501,155.27548833848));
#2788 = CARTESIAN_POINT('',(0.499018750434,155.27548833848));
#2789 = CARTESIAN_POINT('',(0.494289893365,155.27548833848));
#2790 = CARTESIAN_POINT('',(0.489561036297,155.27548833848));
#2791 = CARTESIAN_POINT('',(0.48483217923,155.27548833848));
#2792 = CARTESIAN_POINT('',(0.480103322165,155.27548833848));
#2793 = CARTESIAN_POINT('',(0.472591330973,155.27548833848));
#2794 = CARTESIAN_POINT('',(0.46980819684,155.27548833848));
#2795 = CARTESIAN_POINT('',(0.467025062708,155.27548833848));
#2796 = CARTESIAN_POINT('',(0.464241928576,155.27548833848));
#2797 = CARTESIAN_POINT('',(0.461458794445,155.27548833848));
#2798 = CARTESIAN_POINT('',(0.458675660313,155.27548833848));
#2799 = CARTESIAN_POINT('',(0.455892526182,155.27548833848));
#2800 = ( GEOMETRIC_REPRESENTATION_CONTEXT(2) 
PARAMETRIC_REPRESENTATION_CONTEXT() REPRESENTATION_CONTEXT('2D SPACE',''
  ) );
#2801 = ADVANCED_FACE('',(#2802),#631,.F.);
#2802 = FACE_BOUND('',#2803,.F.);
#2803 = EDGE_LOOP('',(#2804,#2827,#2854,#2855,#2856,#3066));
#2804 = ORIENTED_EDGE('',*,*,#2805,.F.);
#2805 = EDGE_CURVE('',#2806,#173,#2808,.T.);
#2806 = VERTEX_POINT('',#2807);
#2807 = CARTESIAN_POINT('',(7.957107175549,149.4,141.38989221983));
#2808 = SURFACE_CURVE('',#2809,(#2814,#2821),.PCURVE_S1.);
#2809 = CIRCLE('',#2810,2.05);
#2810 = AXIS2_PLACEMENT_3D('',#2811,#2812,#2813);
#2811 = CARTESIAN_POINT('',(6.,149.4,142.));
#2812 = DIRECTION('',(0.,1.,0.));
#2813 = DIRECTION('',(0.988211302798,-0.,0.153096116943));
#2814 = PCURVE('',#631,#2815);
#2815 = DEFINITIONAL_REPRESENTATION('',(#2816),#2820);
#2816 = LINE('',#2817,#2818);
#2817 = CARTESIAN_POINT('',(0.,168.8));
#2818 = VECTOR('',#2819,1.);
#2819 = DIRECTION('',(1.,0.));
#2820 = ( GEOMETRIC_REPRESENTATION_CONTEXT(2) 
PARAMETRIC_REPRESENTATION_CONTEXT() REPRESENTATION_CONTEXT('2D SPACE',''
  ) );
#2821 = PCURVE('',#462,#2822);
#2822 = DEFINITIONAL_REPRESENTATION('',(#2823),#2826);
#2823 = B_SPLINE_CURVE_WITH_KNOTS('',1,(#2824,#2825),.UNSPECIFIED.,.F.,
  .F.,(2,2),(0.,6.28318530718),.PIECEWISE_BEZIER_KNOTS.);
#2824 = CARTESIAN_POINT('',(0.,9.578478530214));
#2825 = CARTESIAN_POINT('',(0.,3.295293223034));
#2826 = ( GEOMETRIC_REPRESENTATION_CONTEXT(2) 
PARAMETRIC_REPRESENTATION_CONTEXT() REPRESENTATION_CONTEXT('2D SPACE',''
  ) );
#2827 = ORIENTED_EDGE('',*,*,#2828,.F.);
#2828 = EDGE_CURVE('',#1635,#2806,#2829,.T.);
#2829 = SURFACE_CURVE('',#2830,(#2836,#2845),.PCURVE_S1.);
#2830 = B_SPLINE_CURVE_WITH_KNOTS('',4,(#2831,#2832,#2833,#2834,#2835),
  .UNSPECIFIED.,.F.,.F.,(5,5),(0.,1.),.PIECEWISE_BEZIER_KNOTS.);
#2831 = CARTESIAN_POINT('',(7.957107175549,135.87548833848,
    141.38989221983));
#2832 = CARTESIAN_POINT('',(7.957107175549,139.25661625386,
    141.38989221983));
#2833 = CARTESIAN_POINT('',(7.957107175549,142.63774416924,
    141.38989221983));
#2834 = CARTESIAN_POINT('',(7.957107175549,146.01887208462,
    141.38989221983));
#2835 = CARTESIAN_POINT('',(7.957107175549,149.4,141.38989221983));
#2836 = PCURVE('',#631,#2837);
#2837 = DEFINITIONAL_REPRESENTATION('',(#2838),#2844);
#2838 = B_SPLINE_CURVE_WITH_KNOTS('',4,(#2839,#2840,#2841,#2842,#2843),
  .UNSPECIFIED.,.F.,.F.,(5,5),(0.,1.),.PIECEWISE_BEZIER_KNOTS.);
#2839 = CARTESIAN_POINT('',(0.455892526182,155.27548833848));
#2840 = CARTESIAN_POINT('',(0.455892526182,158.65661625386));
#2841 = CARTESIAN_POINT('',(0.455892526182,162.03774416924));
#2842 = CARTESIAN_POINT('',(0.455892526182,165.41887208462));
#2843 = CARTESIAN_POINT('',(0.455892526182,168.8));
#2844 = ( GEOMETRIC_REPRESENTATION_CONTEXT(2) 
PARAMETRIC_REPRESENTATION_CONTEXT() REPRESENTATION_CONTEXT('2D SPACE',''
  ) );
#2845 = PCURVE('',#1648,#2846);
#2846 = DEFINITIONAL_REPRESENTATION('',(#2847),#2853);
#2847 = B_SPLINE_CURVE_WITH_KNOTS('',4,(#2848,#2849,#2850,#2851,#2852),
  .UNSPECIFIED.,.F.,.F.,(5,5),(0.,1.),.PIECEWISE_BEZIER_KNOTS.);
#2848 = CARTESIAN_POINT('',(30.,2.042892824451));
#2849 = CARTESIAN_POINT('',(26.618872084621,2.042892824451));
#2850 = CARTESIAN_POINT('',(23.237744169243,2.042892824451));
#2851 = CARTESIAN_POINT('',(19.856616253864,2.042892824451));
#2852 = CARTESIAN_POINT('',(16.475488338486,2.042892824451));
#2853 = ( GEOMETRIC_REPRESENTATION_CONTEXT(2) 
PARAMETRIC_REPRESENTATION_CONTEXT() REPRESENTATION_CONTEXT('2D SPACE',''
  ) );
#2854 = ORIENTED_EDGE('',*,*,#2028,.F.);
#2855 = ORIENTED_EDGE('',*,*,#730,.T.);
#2856 = ORIENTED_EDGE('',*,*,#2857,.T.);
#2857 = EDGE_CURVE('',#696,#612,#2858,.T.);
#2858 = SURFACE_CURVE('',#2859,(#2926,#2996),.PCURVE_S1.);
#2859 = B_SPLINE_CURVE_WITH_KNOTS('',5,(#2860,#2861,#2862,#2863,#2864,
    #2865,#2866,#2867,#2868,#2869,#2870,#2871,#2872,#2873,#2874,#2875,
    #2876,#2877,#2878,#2879,#2880,#2881,#2882,#2883,#2884,#2885,#2886,
    #2887,#2888,#2889,#2890,#2891,#2892,#2893,#2894,#2895,#2896,#2897,
    #2898,#2899,#2900,#2901,#2902,#2903,#2904,#2905,#2906,#2907,#2908,
    #2909,#2910,#2911,#2912,#2913,#2914,#2915,#2916,#2917,#2918,#2919,
    #2920,#2921,#2922,#2923,#2924,#2925),.UNSPECIFIED.,.F.,.F.,(6,4,4,4,
    4,4,4,4,4,4,4,4,4,4,4,4,6),(0.,8.69473294365E-02,0.129220656628,
    0.213562582526,0.295408114274,0.339762149263,0.388631137495,
    0.496387805031,0.612185611756,0.678326727489,0.708503202771,
    0.718555539975,0.727490184614,0.78749922429,0.872625768384,
    0.915432249235,1.),.UNSPECIFIED.);
#2860 = CARTESIAN_POINT('',(4.042892824451,141.53296289861,
    141.38989221983));
#2861 = CARTESIAN_POINT('',(4.063166496916,141.54871177525,
    141.32485821904));
#2862 = CARTESIAN_POINT('',(4.086027496943,141.56708457935,
    141.26103167434));
#2863 = CARTESIAN_POINT('',(4.111321537326,141.58830804007,
    141.19869591795));
#2864 = CARTESIAN_POINT('',(4.138800649002,141.61265203651,
    141.13820597715));
#2865 = CARTESIAN_POINT('',(4.182295206856,141.65378396933,
    141.05160430934));
#2866 = CARTESIAN_POINT('',(4.196946116517,141.66802693887,
    141.02379841989));
#2867 = CARTESIAN_POINT('',(4.211972874748,141.68308133776,
    140.99656185054));
#2868 = CARTESIAN_POINT('',(4.227320996927,141.69896529194,
    140.96993834129));
#2869 = CARTESIAN_POINT('',(4.274065636532,141.7490604168,
    140.89216233664));
#2870 = CARTESIAN_POINT('',(4.30623754917,141.78578363295,
    140.84295736891));
#2871 = CARTESIAN_POINT('',(4.338936527223,141.82593686876,
    140.79671729892));
#2872 = CARTESIAN_POINT('',(4.371547311427,141.86947888815,
    140.75371378422));
#2873 = CARTESIAN_POINT('',(4.434417980352,141.96145571058,
    140.67565505796));
#2874 = CARTESIAN_POINT('',(4.464725936258,142.00971711978,
    140.64039437997));
#2875 = CARTESIAN_POINT('',(4.493818602229,142.06071998847,
    140.60845435234));
#2876 = CARTESIAN_POINT('',(4.521204827893,142.11413927413,
    140.57980516258));
#2877 = CARTESIAN_POINT('',(4.560236703175,142.19965337018,
    140.54056172845));
#2878 = CARTESIAN_POINT('',(4.573346960673,142.23030942992,
    140.52770781586));
#2879 = CARTESIAN_POINT('',(4.585792140043,142.26150928158,
    140.51577556257));
#2880 = CARTESIAN_POINT('',(4.597525520458,142.29319597148,
    140.50474446436));
#2881 = CARTESIAN_POINT('',(4.620614463288,142.36069958546,
    140.48340275557));
#2882 = CARTESIAN_POINT('',(4.631809702471,142.39660885929,
    140.47328038211));
#2883 = CARTESIAN_POINT('',(4.64204869439,142.43296650332,
    140.46419102544));
#2884 = CARTESIAN_POINT('',(4.651295735787,142.46970194473,
    140.45610389645));
#2885 = CARTESIAN_POINT('',(4.677678043848,142.58843649265,
    140.4333027822));
#2886 = CARTESIAN_POINT('',(4.690887924664,142.67162654288,
    140.42235006064));
#2887 = CARTESIAN_POINT('',(4.698906953105,142.75563492561,
    140.41581780957));
#2888 = CARTESIAN_POINT('',(4.701691836301,142.83982253566,
    140.41352423919));
#2889 = CARTESIAN_POINT('',(4.696768217497,143.01366460042,
    140.41756585977));
#2890 = CARTESIAN_POINT('',(4.688261825157,143.10324129148,
    140.42455755841));
#2891 = CARTESIAN_POINT('',(4.673899753975,143.19163291189,
    140.43644226503));
#2892 = CARTESIAN_POINT('',(4.653954713522,143.27804173291,
    140.45345903984));
#2893 = CARTESIAN_POINT('',(4.614742961945,143.40942621329,
    140.48873213229));
#2894 = CARTESIAN_POINT('',(4.598854085855,143.45627639335,
    140.50332662619));
#2895 = CARTESIAN_POINT('',(4.581439661948,143.50205845323,
    140.51974549559));
#2896 = CARTESIAN_POINT('',(4.562643694395,143.54661348543,
    140.53804409376));
#2897 = CARTESIAN_POINT('',(4.533527546586,143.60949419166,
    140.56747538192));
#2898 = CARTESIAN_POINT('',(4.52415598978,143.62890867312,
    140.57709420118));
#2899 = CARTESIAN_POINT('',(4.514552450755,143.64802290067,
    140.58711409403));
#2900 = CARTESIAN_POINT('',(4.504735828766,143.66682366385,
    140.59753700156));
#2901 = CARTESIAN_POINT('',(4.49139219501,143.69145299105,
    140.61197023967));
#2902 = CARTESIAN_POINT('',(4.488078107453,143.6974944291,
    140.61557661591));
#2903 = CARTESIAN_POINT('',(4.484783990569,143.70342806384,
    140.61918281583));
#2904 = CARTESIAN_POINT('',(4.481509617011,143.70925850907,
    140.62278884946));
#2905 = CARTESIAN_POINT('',(4.475361817536,143.72008399709,
    140.62959967402));
#2906 = CARTESIAN_POINT('',(4.472484923611,143.72509881207,
    140.63280377255));
#2907 = CARTESIAN_POINT('',(4.469620574955,143.73004290027,
    140.6360108302));
#2908 = CARTESIAN_POINT('',(4.466769331028,143.73491768161,
    140.63922006802));
#2909 = CARTESIAN_POINT('',(4.444904719947,143.77195460622,
    140.66395938152));
#2910 = CARTESIAN_POINT('',(4.42525848448,143.803206851,140.68694909899)
  );
#2911 = CARTESIAN_POINT('',(4.405129735225,143.83336515242,
    140.71140369353));
#2912 = CARTESIAN_POINT('',(4.384672665648,143.86233966133,
    140.73730898783));
#2913 = CARTESIAN_POINT('',(4.334797838549,143.92939406766,
    140.80335545603));
#2914 = CARTESIAN_POINT('',(4.30520933354,143.96621421727,
    140.84492181076));
#2915 = CARTESIAN_POINT('',(4.275757776143,144.0003292004,140.8891760458
    ));
#2916 = CARTESIAN_POINT('',(4.246907615997,144.03169751638,
    140.93588870921));
#2917 = CARTESIAN_POINT('',(4.205031486969,144.07478115561,
    141.00934943386));
#2918 = CARTESIAN_POINT('',(4.191268206041,144.08851476936,
    141.03447920364));
#2919 = CARTESIAN_POINT('',(4.177801584816,144.1015735414,
    141.06012338728));
#2920 = CARTESIAN_POINT('',(4.164673708389,144.11396961178,
    141.08624632296));
#2921 = CARTESIAN_POINT('',(4.12672574401,144.14893356792,
    141.16529479321));
#2922 = CARTESIAN_POINT('',(4.102994020652,144.16962544905,
    141.21950485636));
#2923 = CARTESIAN_POINT('',(4.081001268628,144.18792474065,
    141.27517162401));
#2924 = CARTESIAN_POINT('',(4.06092830452,144.20400356135,
    141.33203790523));
#2925 = CARTESIAN_POINT('',(4.042892824451,144.21801377835,
    141.38989221983));
#2926 = PCURVE('',#631,#2927);
#2927 = DEFINITIONAL_REPRESENTATION('',(#2928),#2995);
#2928 = B_SPLINE_CURVE_WITH_KNOTS('',5,(#2929,#2930,#2931,#2932,#2933,
    #2934,#2935,#2936,#2937,#2938,#2939,#2940,#2941,#2942,#2943,#2944,
    #2945,#2946,#2947,#2948,#2949,#2950,#2951,#2952,#2953,#2954,#2955,
    #2956,#2957,#2958,#2959,#2960,#2961,#2962,#2963,#2964,#2965,#2966,
    #2967,#2968,#2969,#2970,#2971,#2972,#2973,#2974,#2975,#2976,#2977,
    #2978,#2979,#2980,#2981,#2982,#2983,#2984,#2985,#2986,#2987,#2988,
    #2989,#2990,#2991,#2992,#2993,#2994),.UNSPECIFIED.,.F.,.F.,(6,4,4,4,
    4,4,4,4,4,4,4,4,4,4,4,4,6),(0.,8.69473294365E-02,0.129220656628,
    0.213562582526,0.295408114274,0.339762149263,0.388631137495,
    0.496387805031,0.612185611756,0.678326727489,0.708503202771,
    0.718555539975,0.727490184614,0.78749922429,0.872625768384,
    0.915432249235,1.),.UNSPECIFIED.);
#2929 = CARTESIAN_POINT('',(2.993101266297,160.93296289861));
#2930 = CARTESIAN_POINT('',(2.959871608974,160.94871177525));
#2931 = CARTESIAN_POINT('',(2.926828585455,160.96708457935));
#2932 = CARTESIAN_POINT('',(2.894050479203,160.98830804007));
#2933 = CARTESIAN_POINT('',(2.861665979353,161.01265203651));
#2934 = CARTESIAN_POINT('',(2.814392613995,161.05378396933));
#2935 = CARTESIAN_POINT('',(2.799064071524,161.06802693887));
#2936 = CARTESIAN_POINT('',(2.78389362037,161.08308133776));
#2937 = CARTESIAN_POINT('',(2.768905549954,161.09896529194));
#2938 = CARTESIAN_POINT('',(2.724641004709,161.1490604168));
#2939 = CARTESIAN_POINT('',(2.695984067807,161.18578363295));
#2940 = CARTESIAN_POINT('',(2.668380433003,161.22593686876));
#2941 = CARTESIAN_POINT('',(2.642064749602,161.26947888815));
#2942 = CARTESIAN_POINT('',(2.593172473411,161.36145571058));
#2943 = CARTESIAN_POINT('',(2.570503103859,161.40971711978));
#2944 = CARTESIAN_POINT('',(2.549437634111,161.46071998847));
#2945 = CARTESIAN_POINT('',(2.530108148366,161.51413927413));
#2946 = CARTESIAN_POINT('',(2.503108536541,161.59965337018));
#2947 = CARTESIAN_POINT('',(2.494152954787,161.63030942992));
#2948 = CARTESIAN_POINT('',(2.48574322985,161.66150928158));
#2949 = CARTESIAN_POINT('',(2.477887593853,161.69319597148));
#2950 = CARTESIAN_POINT('',(2.462550277613,161.76069958546));
#2951 = CARTESIAN_POINT('',(2.455188289043,161.79660885929));
#2952 = CARTESIAN_POINT('',(2.448509924996,161.83296650332));
#2953 = CARTESIAN_POINT('',(2.442517541898,161.86970194473));
#2954 = CARTESIAN_POINT('',(2.425507785176,161.98843649265));
#2955 = CARTESIAN_POINT('',(2.417138698039,162.07162654288));
#2956 = CARTESIAN_POINT('',(2.412092825825,162.15563492561));
#2957 = CARTESIAN_POINT('',(2.410333076561,162.23982253566));
#2958 = CARTESIAN_POINT('',(2.413440386706,162.41366460042));
#2959 = CARTESIAN_POINT('',(2.418811444357,162.50324129148));
#2960 = CARTESIAN_POINT('',(2.427905687529,162.59163291189));
#2961 = CARTESIAN_POINT('',(2.440690643217,162.67804173291));
#2962 = CARTESIAN_POINT('',(2.46641860509,162.80942621329));
#2963 = CARTESIAN_POINT('',(2.476942146517,162.85627639335));
#2964 = CARTESIAN_POINT('',(2.48861581803,162.90205845323));
#2965 = CARTESIAN_POINT('',(2.501409741115,162.94661348543));
#2966 = CARTESIAN_POINT('',(2.521604808783,163.00949419166));
#2967 = CARTESIAN_POINT('',(2.528155528395,163.02890867312));
#2968 = CARTESIAN_POINT('',(2.534925439099,163.04802290067));
#2969 = CARTESIAN_POINT('',(2.541909497452,163.06682366385));
#2970 = CARTESIAN_POINT('',(2.551497946334,163.09145299105));
#2971 = CARTESIAN_POINT('',(2.55388714021,163.0974944291));
#2972 = CARTESIAN_POINT('',(2.556269686388,163.10342806384));
#2973 = CARTESIAN_POINT('',(2.558645691454,163.10925850907));
#2974 = CARTESIAN_POINT('',(2.563121358219,163.12008399709));
#2975 = CARTESIAN_POINT('',(2.565221902699,163.12509881207));
#2976 = CARTESIAN_POINT('',(2.567319437738,163.13004290027));
#2977 = CARTESIAN_POINT('',(2.569413517352,163.13491768161));
#2978 = CARTESIAN_POINT('',(2.585519168314,163.17195460622));
#2979 = CARTESIAN_POINT('',(2.600268706176,163.203206851));
#2980 = CARTESIAN_POINT('',(2.615715240495,163.23336515242));
#2981 = CARTESIAN_POINT('',(2.631813282031,163.26233966133));
#2982 = CARTESIAN_POINT('',(2.672185241898,163.32939406766));
#2983 = CARTESIAN_POINT('',(2.697064187256,163.36621421727));
#2984 = CARTESIAN_POINT('',(2.722976613687,163.4003292004));
#2985 = CARTESIAN_POINT('',(2.749742247049,163.43169751638));
#2986 = CARTESIAN_POINT('',(2.790990146777,163.47478115561));
#2987 = CARTESIAN_POINT('',(2.804964650131,163.48851476936));
#2988 = CARTESIAN_POINT('',(2.819091026411,163.5015735414));
#2989 = CARTESIAN_POINT('',(2.833350173149,163.51396961178));
#2990 = CARTESIAN_POINT('',(2.876123481359,163.54893356792));
#2991 = CARTESIAN_POINT('',(2.904972706816,163.56962544905));
#2992 = CARTESIAN_POINT('',(2.934143293068,163.58792474065));
#2993 = CARTESIAN_POINT('',(2.963540128651,163.60400356135));
#2994 = CARTESIAN_POINT('',(2.993101266297,163.61801377835));
#2995 = ( GEOMETRIC_REPRESENTATION_CONTEXT(2) 
PARAMETRIC_REPRESENTATION_CONTEXT() REPRESENTATION_CONTEXT('2D SPACE',''
  ) );
#2996 = PCURVE('',#669,#2997);
#2997 = DEFINITIONAL_REPRESENTATION('',(#2998),#3065);
#2998 = B_SPLINE_CURVE_WITH_KNOTS('',5,(#2999,#3000,#3001,#3002,#3003,
    #3004,#3005,#3006,#3007,#3008,#3009,#3010,#3011,#3012,#3013,#3014,
    #3015,#3016,#3017,#3018,#3019,#3020,#3021,#3022,#3023,#3024,#3025,
    #3026,#3027,#3028,#3029,#3030,#3031,#3032,#3033,#3034,#3035,#3036,
    #3037,#3038,#3039,#3040,#3041,#3042,#3043,#3044,#3045,#3046,#3047,
    #3048,#3049,#3050,#3051,#3052,#3053,#3054,#3055,#3056,#3057,#3058,
    #3059,#3060,#3061,#3062,#3063,#3064),.UNSPECIFIED.,.F.,.F.,(6,4,4,4,
    4,4,4,4,4,4,4,4,4,4,4,4,6),(0.,8.69473294365E-02,0.129220656628,
    0.213562582526,0.295408114274,0.339762149263,0.388631137495,
    0.496387805031,0.612185611756,0.678326727489,0.708503202771,
    0.718555539975,0.727490184614,0.78749922429,0.872625768384,
    0.915432249235,1.),.UNSPECIFIED.);
#2999 = CARTESIAN_POINT('',(5.591174245241,2.1));
#3000 = CARTESIAN_POINT('',(5.576953846491,2.034965999212));
#3001 = CARTESIAN_POINT('',(5.560762576942,1.971139454507));
#3002 = CARTESIAN_POINT('',(5.542610018605,1.908803698122));
#3003 = CARTESIAN_POINT('',(5.522524492402,1.848313757322));
#3004 = CARTESIAN_POINT('',(5.489909618043,1.761712089507));
#3005 = CARTESIAN_POINT('',(5.478800632524,1.733906200057));
#3006 = CARTESIAN_POINT('',(5.467261020234,1.706669630711));
#3007 = CARTESIAN_POINT('',(5.455302547382,1.680046121462));
#3008 = CARTESIAN_POINT('',(5.418274891197,1.602270116813));
#3009 = CARTESIAN_POINT('',(5.391997736158,1.553065149079));
#3010 = CARTESIAN_POINT('',(5.364236445539,1.506825079088));
#3011 = CARTESIAN_POINT('',(5.335153289334,1.463821564385));
#3012 = CARTESIAN_POINT('',(5.275632800539,1.385762838132));
#3013 = CARTESIAN_POINT('',(5.245254836999,1.35050216014));
#3014 = CARTESIAN_POINT('',(5.213990685715,1.318562132506));
#3015 = CARTESIAN_POINT('',(5.181996457943,1.289912942748));
#3016 = CARTESIAN_POINT('',(5.131735539486,1.250669508623));
#3017 = CARTESIAN_POINT('',(5.11389291438,1.237815596024));
#3018 = CARTESIAN_POINT('',(5.095891113989,1.225883342742));
#3019 = CARTESIAN_POINT('',(5.077744973354,1.214852244524));
#3020 = CARTESIAN_POINT('',(5.039325062186,1.193510535738));
#3021 = CARTESIAN_POINT('',(5.019022826228,1.183388162282));
#3022 = CARTESIAN_POINT('',(4.99857274222,1.174298805606));
#3023 = CARTESIAN_POINT('',(4.977983946154,1.166211676613));
#3024 = CARTESIAN_POINT('',(4.911565547053,1.143410562371));
#3025 = CARTESIAN_POINT('',(4.865223081006,1.132457840809));
#3026 = CARTESIAN_POINT('',(4.818263957029,1.125925589736));
#3027 = CARTESIAN_POINT('',(4.770658694148,1.123632019361));
#3028 = CARTESIAN_POINT('',(4.670441957571,1.127673639942));
#3029 = CARTESIAN_POINT('',(4.617731003434,1.134665338579));
#3030 = CARTESIAN_POINT('',(4.564157354852,1.146550045203));
#3031 = CARTESIAN_POINT('',(4.509705191614,1.163566820004));
#3032 = CARTESIAN_POINT('',(4.422982414072,1.198839912458));
#3033 = CARTESIAN_POINT('',(4.391215379083,1.213434406362));
#3034 = CARTESIAN_POINT('',(4.359237880186,1.229853275757));
#3035 = CARTESIAN_POINT('',(4.327099962702,1.248151873925));
#3036 = CARTESIAN_POINT('',(4.280181418042,1.277583162087));
#3037 = CARTESIAN_POINT('',(4.265464878995,1.287201981351));
#3038 = CARTESIAN_POINT('',(4.250738984814,1.297221874196));
#3039 = CARTESIAN_POINT('',(4.236012397656,1.30764478173));
#3040 = CARTESIAN_POINT('',(4.216392261993,1.32207801984));
#3041 = CARTESIAN_POINT('',(4.211551766548,1.325684396076));
#3042 = CARTESIAN_POINT('',(4.206770745142,1.329290596003));
#3043 = CARTESIAN_POINT('',(4.202046776134,1.332896629631));
#3044 = CARTESIAN_POINT('',(4.193227780158,1.339707454189));
#3045 = CARTESIAN_POINT('',(4.189114846714,1.342911552717));
#3046 = CARTESIAN_POINT('',(4.185051219876,1.346118610368));
#3047 = CARTESIAN_POINT('',(4.181045594157,1.349327848191));
#3048 = CARTESIAN_POINT('',(4.150623141449,1.374067161692));
#3049 = CARTESIAN_POINT('',(4.124938128324,1.397056879158));
#3050 = CARTESIAN_POINT('',(4.100085006907,1.421511473694));
#3051 = CARTESIAN_POINT('',(4.076098512693,1.447416767995));
#3052 = CARTESIAN_POINT('',(4.020260128191,1.513463236201));
#3053 = CARTESIAN_POINT('',(3.98931413675,1.555029590932));
#3054 = CARTESIAN_POINT('',(3.960270596037,1.599283825965));
#3055 = CARTESIAN_POINT('',(3.933173214411,1.645996489382));
#3056 = CARTESIAN_POINT('',(3.895398244687,1.719457214024));
#3057 = CARTESIAN_POINT('',(3.883254124259,1.744586983805));
#3058 = CARTESIAN_POINT('',(3.871606307565,1.770231167447));
#3059 = CARTESIAN_POINT('',(3.860453508098,1.796354103127));
#3060 = CARTESIAN_POINT('',(3.82873008175,1.875402573381));
#3061 = CARTESIAN_POINT('',(3.80958717308,1.929612636529));
#3062 = CARTESIAN_POINT('',(3.792336077,1.985279404176));
#3063 = CARTESIAN_POINT('',(3.776927197839,2.042145685395));
#3064 = CARTESIAN_POINT('',(3.763312464759,2.1));
#3065 = ( GEOMETRIC_REPRESENTATION_CONTEXT(2) 
PARAMETRIC_REPRESENTATION_CONTEXT() REPRESENTATION_CONTEXT('2D SPACE',''
  ) );
#3066 = ORIENTED_EDGE('',*,*,#611,.T.);
#3067 = ADVANCED_FACE('',(#3068),#669,.T.);
#3068 = FACE_BOUND('',#3069,.T.);
#3069 = EDGE_LOOP('',(#3070,#3071,#3091,#3092,#3093,#3094,#3095,#3096));
#3070 = ORIENTED_EDGE('',*,*,#1136,.T.);
#3071 = ORIENTED_EDGE('',*,*,#3072,.T.);
#3072 = EDGE_CURVE('',#1100,#646,#3073,.T.);
#3073 = SEAM_CURVE('',#3074,(#3077,#3084),.PCURVE_S1.);
#3074 = B_SPLINE_CURVE_WITH_KNOTS('',1,(#3075,#3076),.UNSPECIFIED.,.F.,
  .F.,(2,2),(9.999999999999E-02,2.1),.PIECEWISE_BEZIER_KNOTS.);
#3075 = CARTESIAN_POINT('',(3.,141.17548833848,139.38989221983));
#3076 = CARTESIAN_POINT('',(3.,141.17548833848,141.38989221983));
#3077 = PCURVE('',#669,#3078);
#3078 = DEFINITIONAL_REPRESENTATION('',(#3079),#3083);
#3079 = B_SPLINE_CURVE_WITH_KNOTS('',2,(#3080,#3081,#3082),
  .UNSPECIFIED.,.F.,.F.,(3,3),(9.999999999999E-02,2.1),
  .PIECEWISE_BEZIER_KNOTS.);
#3080 = CARTESIAN_POINT('',(0.,9.999999999999E-02));
#3081 = CARTESIAN_POINT('',(8.881784197001E-16,1.1));
#3082 = CARTESIAN_POINT('',(0.,2.1));
#3083 = ( GEOMETRIC_REPRESENTATION_CONTEXT(2) 
PARAMETRIC_REPRESENTATION_CONTEXT() REPRESENTATION_CONTEXT('2D SPACE',''
  ) );
#3084 = PCURVE('',#669,#3085);
#3085 = DEFINITIONAL_REPRESENTATION('',(#3086),#3090);
#3086 = B_SPLINE_CURVE_WITH_KNOTS('',2,(#3087,#3088,#3089),
  .UNSPECIFIED.,.F.,.F.,(3,3),(9.999999999999E-02,2.1),
  .PIECEWISE_BEZIER_KNOTS.);
#3087 = CARTESIAN_POINT('',(6.28318530718,9.999999999999E-02));
#3088 = CARTESIAN_POINT('',(6.28318530718,1.1));
#3089 = CARTESIAN_POINT('',(6.28318530718,2.1));
#3090 = ( GEOMETRIC_REPRESENTATION_CONTEXT(2) 
PARAMETRIC_REPRESENTATION_CONTEXT() REPRESENTATION_CONTEXT('2D SPACE',''
  ) );
#3091 = ORIENTED_EDGE('',*,*,#695,.F.);
#3092 = ORIENTED_EDGE('',*,*,#2857,.T.);
#3093 = ORIENTED_EDGE('',*,*,#645,.F.);
#3094 = ORIENTED_EDGE('',*,*,#3072,.F.);
#3095 = ORIENTED_EDGE('',*,*,#1099,.T.);
#3096 = ORIENTED_EDGE('',*,*,#1171,.F.);
#3097 = ADVANCED_FACE('',(#3098),#462,.F.);
#3098 = FACE_BOUND('',#3099,.F.);
#3099 = EDGE_LOOP('',(#3100,#3588,#3589,#3590,#3591));
#3100 = ORIENTED_EDGE('',*,*,#3101,.F.);
#3101 = EDGE_CURVE('',#2806,#3102,#3104,.T.);
#3102 = VERTEX_POINT('',#3103);
#3103 = CARTESIAN_POINT('',(8.120099915283,150.47748017653,
    141.38989221983));
#3104 = SURFACE_CURVE('',#3105,(#3264,#3426),.PCURVE_S1.);
#3105 = B_SPLINE_CURVE_WITH_KNOTS('',4,(#3106,#3107,#3108,#3109,#3110,
    #3111,#3112,#3113,#3114,#3115,#3116,#3117,#3118,#3119,#3120,#3121,
    #3122,#3123,#3124,#3125,#3126,#3127,#3128,#3129,#3130,#3131,#3132,
    #3133,#3134,#3135,#3136,#3137,#3138,#3139,#3140,#3141,#3142,#3143,
    #3144,#3145,#3146,#3147,#3148,#3149,#3150,#3151,#3152,#3153,#3154,
    #3155,#3156,#3157,#3158,#3159,#3160,#3161,#3162,#3163,#3164,#3165,
    #3166,#3167,#3168,#3169,#3170,#3171,#3172,#3173,#3174,#3175,#3176,
    #3177,#3178,#3179,#3180,#3181,#3182,#3183,#3184,#3185,#3186,#3187,
    #3188,#3189,#3190,#3191,#3192,#3193,#3194,#3195,#3196,#3197,#3198,
    #3199,#3200,#3201,#3202,#3203,#3204,#3205,#3206,#3207,#3208,#3209,
    #3210,#3211,#3212,#3213,#3214,#3215,#3216,#3217,#3218,#3219,#3220,
    #3221,#3222,#3223,#3224,#3225,#3226,#3227,#3228,#3229,#3230,#3231,
    #3232,#3233,#3234,#3235,#3236,#3237,#3238,#3239,#3240,#3241,#3242,
    #3243,#3244,#3245,#3246,#3247,#3248,#3249,#3250,#3251,#3252,#3253,
    #3254,#3255,#3256,#3257,#3258,#3259,#3260,#3261,#3262,#3263),
  .UNSPECIFIED.,.F.,.F.,(5,3,3,3,3,3,3,3,3,3,3,3,3,3,3,3,3,3,3,3,3,3,3,3
    ,3,3,3,3,3,3,3,3,3,3,3,3,3,3,3,3,3,3,3,3,3,3,3,3,3,3,3,3,5),(0.,
    0.125035891486,0.13989833351,0.162811264957,0.186962733238,
    0.203063712097,0.217926154121,0.23402713298,0.249508843421,
    0.265609822279,0.28356860639,0.299669585249,0.314532027273,
    0.329394469296,0.347353253407,0.362215695431,0.377078137455,
    0.395036921566,0.412995705677,0.430954489788,0.447055468646,
    0.463775715922,0.480495963199,0.49845474731,0.515174994586,
    0.532514510279,0.550473294391,0.568432078502,0.586390862613,
    0.604349646724,0.622308430835,0.640267214946,0.658225999057,
    0.676184783168,0.689808688356,0.70714820405,0.725106988161,
    0.743065772272,0.757308945878,0.773409924737,0.789510903596,
    0.806231150872,0.824189934983,0.842148719094,0.85886896637,
    0.876827750481,0.894167266175,0.912126050286,0.930084834397,
    0.948043618508,0.965383134202,0.982722649895,1.),.UNSPECIFIED.);
#3106 = CARTESIAN_POINT('',(7.957107175549,149.4,141.38989221983));
#3107 = CARTESIAN_POINT('',(7.957107175549,149.52709097734,
    141.38989221983));
#3108 = CARTESIAN_POINT('',(7.963019010542,149.65418215317,
    141.38989221983));
#3109 = CARTESIAN_POINT('',(7.974842654023,149.78086016315,
    141.38989221983));
#3110 = CARTESIAN_POINT('',(7.99462193482,149.92167552229,
    141.38989221983));
#3111 = CARTESIAN_POINT('',(7.996805951277,149.93662376827,
    141.38989221983));
#3112 = CARTESIAN_POINT('',(7.999072587499,149.95155970968,
    141.38989221983));
#3113 = CARTESIAN_POINT('',(8.005043339316,149.98948888059,
    141.38989221983));
#3114 = CARTESIAN_POINT('',(8.008861052216,150.01246422781,
    141.38989221983));
#3115 = CARTESIAN_POINT('',(8.012874479697,150.03540619617,
    141.38989221983));
#3116 = CARTESIAN_POINT('',(8.021519342726,150.08245654874,
    141.38989221983));
#3117 = CARTESIAN_POINT('',(8.026172457536,150.1065609498,
    141.38989221983));
#3118 = CARTESIAN_POINT('',(8.031041970205,150.13062256807,
    141.38989221983));
#3119 = CARTESIAN_POINT('',(8.039517461343,150.1706491132,
    141.38989221983));
#3120 = CARTESIAN_POINT('',(8.043003560922,150.18663942409,
    141.38989221983));
#3121 = CARTESIAN_POINT('',(8.046585381159,150.20260856609,
    141.38989221983));
#3122 = CARTESIAN_POINT('',(8.053657194571,150.23327609459,
    141.38989221983));
#3123 = CARTESIAN_POINT('',(8.057133057166,150.24797773956,
    141.38989221983));
#3124 = CARTESIAN_POINT('',(8.060690156251,150.26265994075,
    141.38989221983));
#3125 = CARTESIAN_POINT('',(8.068269674435,150.29320595119,
    141.38989221983));
#3126 = CARTESIAN_POINT('',(8.07230616813,150.30906626806,
    141.38989221983));
#3127 = CARTESIAN_POINT('',(8.076437593933,150.32490212147,
    141.38989221983));
#3128 = CARTESIAN_POINT('',(8.084727311366,150.35591510185,
    141.38989221983));
#3129 = CARTESIAN_POINT('',(8.088878458121,150.37109413863,
    141.38989221983));
#3130 = CARTESIAN_POINT('',(8.093116962446,150.38624901435,
    141.38989221983));
#3131 = CARTESIAN_POINT('',(8.101941281607,150.41711413638,
    141.38989221983));
#3132 = CARTESIAN_POINT('',(8.106534207261,150.43282234973,
    141.38989221983));
#3133 = CARTESIAN_POINT('',(8.111221143928,150.44850276928,
    141.38989221983));
#3134 = CARTESIAN_POINT('',(8.121334142805,150.48161231098,
    141.38989221983));
#3135 = CARTESIAN_POINT('',(8.126783088692,150.49903444354,
    141.38989221983));
#3136 = CARTESIAN_POINT('',(8.132348314922,150.51641978137,
    141.38989221983));
#3137 = CARTESIAN_POINT('',(8.143122864555,150.54931998773,
    141.38989221983));
#3138 = CARTESIAN_POINT('',(8.148309448975,150.5648423031,
    141.38989221983));
#3139 = CARTESIAN_POINT('',(8.153588920214,150.58033327195,
    141.38989221983));
#3140 = CARTESIAN_POINT('',(8.163919821999,150.61006171487,
    141.38989221983));
#3141 = CARTESIAN_POINT('',(8.168957554663,150.62430394907,
    141.38989221983));
#3142 = CARTESIAN_POINT('',(8.174073959727,150.63851811049,
    141.38989221983));
#3143 = CARTESIAN_POINT('',(8.184463638187,150.66688898668,
    141.38989221983));
#3144 = CARTESIAN_POINT('',(8.189736911587,150.68104570146,
    141.38989221983));
#3145 = CARTESIAN_POINT('',(8.195088380923,150.69517304238,
    141.38989221983));
#3146 = CARTESIAN_POINT('',(8.207078341881,150.72630462532,
    141.38989221983));
#3147 = CARTESIAN_POINT('',(8.213752694517,150.7432950559,
    141.38989221983));
#3148 = CARTESIAN_POINT('',(8.220540415828,150.76024051411,
    141.38989221983));
#3149 = CARTESIAN_POINT('',(8.233151908245,150.79112554088,
    141.38989221983));
#3150 = CARTESIAN_POINT('',(8.238940102361,150.80507963685,
    141.38989221983));
#3151 = CARTESIAN_POINT('',(8.244805364205,150.81900151493,
    141.38989221983));
#3152 = CARTESIAN_POINT('',(8.256689478349,150.84677956139,
    141.38989221983));
#3153 = CARTESIAN_POINT('',(8.262708330653,150.86063572978,
    141.38989221983));
#3154 = CARTESIAN_POINT('',(8.268803705689,150.8744584064,
    141.38989221983));
#3155 = CARTESIAN_POINT('',(8.28243268824,150.9049081265,141.38989221983
    ));
#3156 = CARTESIAN_POINT('',(8.290001371323,150.92151947054,
    141.38989221983));
#3157 = CARTESIAN_POINT('',(8.297680870339,150.93807987541,
    141.38989221983));
#3158 = CARTESIAN_POINT('',(8.313260457046,150.97109659603,
    141.38989221983));
#3159 = CARTESIAN_POINT('',(8.321160544747,150.9875529118,
    141.38989221983));
#3160 = CARTESIAN_POINT('',(8.329170405199,151.00395607765,
    141.38989221983));
#3161 = CARTESIAN_POINT('',(8.345408584314,151.03665392011,
    141.38989221983));
#3162 = CARTESIAN_POINT('',(8.353636902987,151.05294859673,
    141.38989221983));
#3163 = CARTESIAN_POINT('',(8.361973907131,151.06918793405,
    141.38989221983));
#3164 = CARTESIAN_POINT('',(8.377990521875,151.09987966828,
    141.38989221983));
#3165 = CARTESIAN_POINT('',(8.38564891988,151.1143431351,141.38989221983
    ));
#3166 = CARTESIAN_POINT('',(8.393393817774,151.12876046804,
    141.38989221983));
#3167 = CARTESIAN_POINT('',(8.40935696179,151.15805402796,
    141.38989221983));
#3168 = CARTESIAN_POINT('',(8.41758195667,151.17292657731,
    141.38989221983));
#3169 = CARTESIAN_POINT('',(8.425899306721,151.18774767555,
    141.38989221983));
#3170 = CARTESIAN_POINT('',(8.442717741003,151.21728525541,
    141.38989221983));
#3171 = CARTESIAN_POINT('',(8.451218825242,151.23200173705,
    141.38989221983));
#3172 = CARTESIAN_POINT('',(8.459811288495,151.24666505318,
    141.38989221983));
#3173 = CARTESIAN_POINT('',(8.477821175289,151.27696582915,
    141.38989221983));
#3174 = CARTESIAN_POINT('',(8.487252560436,151.29259499063,
    141.38989221983));
#3175 = CARTESIAN_POINT('',(8.496788157714,151.30816078965,
    141.38989221983));
#3176 = CARTESIAN_POINT('',(8.515401715748,151.33809452486,
    141.38989221983));
#3177 = CARTESIAN_POINT('',(8.524465884039,151.35247103759,
    141.38989221983));
#3178 = CARTESIAN_POINT('',(8.533619305684,151.36679088874,
    141.38989221983));
#3179 = CARTESIAN_POINT('',(8.552445884255,151.39584384792,
    141.38989221983));
#3180 = CARTESIAN_POINT('',(8.562125734514,151.41057261863,
    141.38989221983));
#3181 = CARTESIAN_POINT('',(8.571900396764,151.42523863941,
    141.38989221983));
#3182 = CARTESIAN_POINT('',(8.591990572433,151.45496487097,
    141.38989221983));
#3183 = CARTESIAN_POINT('',(8.602312934296,151.47002045333,
    141.38989221983));
#3184 = CARTESIAN_POINT('',(8.612735656167,151.48500673316,
    141.38989221983));
#3185 = CARTESIAN_POINT('',(8.633780410793,151.51483869027,
    141.38989221983));
#3186 = CARTESIAN_POINT('',(8.644402443561,151.52968436757,
    141.38989221983));
#3187 = CARTESIAN_POINT('',(8.655123427217,151.54445874484,
    141.38989221983));
#3188 = CARTESIAN_POINT('',(8.676761847418,151.57386293049,
    141.38989221983));
#3189 = CARTESIAN_POINT('',(8.687679283978,151.58849273887,
    141.38989221983));
#3190 = CARTESIAN_POINT('',(8.698694222553,151.60304927839,
    141.38989221983));
#3191 = CARTESIAN_POINT('',(8.720917615681,151.63201388024,
    141.38989221983));
#3192 = CARTESIAN_POINT('',(8.732126070249,151.64642194259,
    141.38989221983));
#3193 = CARTESIAN_POINT('',(8.743430538792,151.66075479664,
    141.38989221983));
#3194 = CARTESIAN_POINT('',(8.766229977201,151.68926817895,
    141.38989221983));
#3195 = CARTESIAN_POINT('',(8.777724947084,151.70344870721,
    141.38989221983));
#3196 = CARTESIAN_POINT('',(8.78931440433,151.71755211798,
    141.38989221983));
#3197 = CARTESIAN_POINT('',(8.812680728965,151.74560282626,
    141.38989221983));
#3198 = CARTESIAN_POINT('',(8.82445759637,151.7595501238,141.38989221983
    ));
#3199 = CARTESIAN_POINT('',(8.83632738657,151.77341842561,
    141.38989221983));
#3200 = CARTESIAN_POINT('',(8.860251210644,151.80099519127,
    141.38989221983));
#3201 = CARTESIAN_POINT('',(8.872305244534,151.81470365513,
    141.38989221983));
#3202 = CARTESIAN_POINT('',(8.884450599321,151.82833127677,
    141.38989221983));
#3203 = CARTESIAN_POINT('',(8.908922312086,151.85542302157,
    141.38989221983));
#3204 = CARTESIAN_POINT('',(8.921248670081,151.86888714476,
    141.38989221983));
#3205 = CARTESIAN_POINT('',(8.933664710388,151.8822686117,
    141.38989221983));
#3206 = CARTESIAN_POINT('',(8.955656060407,151.90565460945,
    141.38989221983));
#3207 = CARTESIAN_POINT('',(8.965193655901,151.91569460538,
    141.38989221983));
#3208 = CARTESIAN_POINT('',(8.974782016616,151.92568613103,
    141.38989221983));
#3209 = CARTESIAN_POINT('',(8.996688276871,151.94828311337,
    141.38989221983));
#3210 = CARTESIAN_POINT('',(9.009037412246,151.96085828904,
    141.38989221983));
#3211 = CARTESIAN_POINT('',(9.021467411509,151.97335354038,
    141.38989221983));
#3212 = CARTESIAN_POINT('',(9.046934364692,151.99862602139,
    141.38989221983));
#3213 = CARTESIAN_POINT('',(9.059977140989,152.01139738393,
    141.38989221983));
#3214 = CARTESIAN_POINT('',(9.073104955087,152.0240813191,
    141.38989221983));
#3215 = CARTESIAN_POINT('',(9.099528889566,152.04927264794,
    141.38989221983));
#3216 = CARTESIAN_POINT('',(9.112825009965,152.06178004163,
    141.38989221983));
#3217 = CARTESIAN_POINT('',(9.126204398862,152.07419832119,
    141.38989221983));
#3218 = CARTESIAN_POINT('',(9.150342719988,152.09630431004,
    141.38989221983));
#3219 = CARTESIAN_POINT('',(9.161071095103,152.10602538577,
    141.38989221983));
#3220 = CARTESIAN_POINT('',(9.171850830548,152.1156894765,
    141.38989221983));
#3221 = CARTESIAN_POINT('',(9.194924801911,152.13615592671,
    141.38989221983));
#3222 = CARTESIAN_POINT('',(9.207233183231,152.14694233862,
    141.38989221983));
#3223 = CARTESIAN_POINT('',(9.219605955173,152.15765482885,
    141.38989221983));
#3224 = CARTESIAN_POINT('',(9.2444789416,152.17893082087,141.38989221983
    ));
#3225 = CARTESIAN_POINT('',(9.256979156095,152.18949432266,
    141.38989221983));
#3226 = CARTESIAN_POINT('',(9.269542422522,152.19998275768,
    141.38989221983));
#3227 = CARTESIAN_POINT('',(9.295279301672,152.22120886593,
    141.38989221983));
#3228 = CARTESIAN_POINT('',(9.308457804551,152.23194060981,
    141.38989221983));
#3229 = CARTESIAN_POINT('',(9.321702808992,152.24259016954,
    141.38989221983));
#3230 = CARTESIAN_POINT('',(9.349310256107,152.26450641717,
    141.38989221983));
#3231 = CARTESIAN_POINT('',(9.363682797079,152.27576038449,
    141.38989221983));
#3232 = CARTESIAN_POINT('',(9.378130208046,152.2869180738,
    141.38989221983));
#3233 = CARTESIAN_POINT('',(9.407172825304,152.3090394152,
    141.38989221983));
#3234 = CARTESIAN_POINT('',(9.421768031615,152.32000306729,
    141.38989221983));
#3235 = CARTESIAN_POINT('',(9.436436163277,152.33086896017,
    141.38989221983));
#3236 = CARTESIAN_POINT('',(9.464899746787,152.35166120536,
    141.38989221983));
#3237 = CARTESIAN_POINT('',(9.478685618274,152.36160067276,
    141.38989221983));
#3238 = CARTESIAN_POINT('',(9.492533051237,152.37145419321,
    141.38989221983));
#3239 = CARTESIAN_POINT('',(9.521379661704,152.39171168839,
    141.38989221983));
#3240 = CARTESIAN_POINT('',(9.536388173209,152.40210237157,
    141.38989221983));
#3241 = CARTESIAN_POINT('',(9.551465772678,152.41239254692,
    141.38989221983));
#3242 = CARTESIAN_POINT('',(9.581234854676,152.43241917315,
    141.38989221983));
#3243 = CARTESIAN_POINT('',(9.595921723419,152.44216248235,
    141.38989221983));
#3244 = CARTESIAN_POINT('',(9.610671139403,152.45181084572,
    141.38989221983));
#3245 = CARTESIAN_POINT('',(9.640822182495,152.47125766041,
    141.38989221983));
#3246 = CARTESIAN_POINT('',(9.656228289847,152.48104916544,
    141.38989221983));
#3247 = CARTESIAN_POINT('',(9.671699473019,152.49073751957,
    141.38989221983));
#3248 = CARTESIAN_POINT('',(9.70276991056,152.50990664249,
    141.38989221983));
#3249 = CARTESIAN_POINT('',(9.71836916495,152.51938741128,
    141.38989221983));
#3250 = CARTESIAN_POINT('',(9.734031414737,152.52876374564,
    141.38989221983));
#3251 = CARTESIAN_POINT('',(9.765479799353,152.54730630392,
    141.38989221983));
#3252 = CARTESIAN_POINT('',(9.781265934204,152.55647252784,
    141.38989221983));
#3253 = CARTESIAN_POINT('',(9.797112958721,152.56553307575,
    141.38989221983));
#3254 = CARTESIAN_POINT('',(9.828378144841,152.58313285239,
    141.38989221983));
#3255 = CARTESIAN_POINT('',(9.843792251765,152.59167928413,
    141.38989221983));
#3256 = CARTESIAN_POINT('',(9.859261169896,152.60012610362,
    141.38989221983));
#3257 = CARTESIAN_POINT('',(9.890306690694,152.6168194761,
    141.38989221983));
#3258 = CARTESIAN_POINT('',(9.90588329338,152.6250660291,141.38989221983
    ));
#3259 = CARTESIAN_POINT('',(9.921512769412,152.63321192786,
    141.38989221983));
#3260 = CARTESIAN_POINT('',(9.95281928968,152.64927257058,
    141.38989221983));
#3261 = CARTESIAN_POINT('',(9.968495966165,152.65718804041,
    141.38989221983));
#3262 = CARTESIAN_POINT('',(9.984223189209,152.66500257707,
    141.38989221983));
#3263 = CARTESIAN_POINT('',(10.,152.67271571182,141.38989221983));
#3264 = PCURVE('',#462,#3265);
#3265 = DEFINITIONAL_REPRESENTATION('',(#3266),#3425);
#3266 = B_SPLINE_CURVE_WITH_KNOTS('',4,(#3267,#3268,#3269,#3270,#3271,
    #3272,#3273,#3274,#3275,#3276,#3277,#3278,#3279,#3280,#3281,#3282,
    #3283,#3284,#3285,#3286,#3287,#3288,#3289,#3290,#3291,#3292,#3293,
    #3294,#3295,#3296,#3297,#3298,#3299,#3300,#3301,#3302,#3303,#3304,
    #3305,#3306,#3307,#3308,#3309,#3310,#3311,#3312,#3313,#3314,#3315,
    #3316,#3317,#3318,#3319,#3320,#3321,#3322,#3323,#3324,#3325,#3326,
    #3327,#3328,#3329,#3330,#3331,#3332,#3333,#3334,#3335,#3336,#3337,
    #3338,#3339,#3340,#3341,#3342,#3343,#3344,#3345,#3346,#3347,#3348,
    #3349,#3350,#3351,#3352,#3353,#3354,#3355,#3356,#3357,#3358,#3359,
    #3360,#3361,#3362,#3363,#3364,#3365,#3366,#3367,#3368,#3369,#3370,
    #3371,#3372,#3373,#3374,#3375,#3376,#3377,#3378,#3379,#3380,#3381,
    #3382,#3383,#3384,#3385,#3386,#3387,#3388,#3389,#3390,#3391,#3392,
    #3393,#3394,#3395,#3396,#3397,#3398,#3399,#3400,#3401,#3402,#3403,
    #3404,#3405,#3406,#3407,#3408,#3409,#3410,#3411,#3412,#3413,#3414,
    #3415,#3416,#3417,#3418,#3419,#3420,#3421,#3422,#3423,#3424),
  .UNSPECIFIED.,.F.,.F.,(5,3,3,3,3,3,3,3,3,3,3,3,3,3,3,3,3,3,3,3,3,3,3,3
    ,3,3,3,3,3,3,3,3,3,3,3,3,3,3,3,3,3,3,3,3,3,3,3,3,3,3,3,3,5),(0.,
    0.125035891486,0.13989833351,0.162811264957,0.186962733238,
    0.203063712097,0.217926154121,0.23402713298,0.249508843421,
    0.265609822279,0.28356860639,0.299669585249,0.314532027273,
    0.329394469296,0.347353253407,0.362215695431,0.377078137455,
    0.395036921566,0.412995705677,0.430954489788,0.447055468646,
    0.463775715922,0.480495963199,0.49845474731,0.515174994586,
    0.532514510279,0.550473294391,0.568432078502,0.586390862613,
    0.604349646724,0.622308430835,0.640267214946,0.658225999057,
    0.676184783168,0.689808688356,0.70714820405,0.725106988161,
    0.743065772272,0.757308945878,0.773409924737,0.789510903596,
    0.806231150872,0.824189934983,0.842148719094,0.85886896637,
    0.876827750481,0.894167266175,0.912126050286,0.930084834397,
    0.948043618508,0.965383134202,0.982722649895,1.),.UNSPECIFIED.);
#3267 = CARTESIAN_POINT('',(0.,9.122586004032));
#3268 = CARTESIAN_POINT('',(3.488737755002E-02,9.122586004032));
#3269 = CARTESIAN_POINT('',(6.977477283854E-02,9.122586004032));
#3270 = CARTESIAN_POINT('',(0.104662168115,9.122586004032));
#3271 = CARTESIAN_POINT('',(0.143696447975,9.122586004032));
#3272 = CARTESIAN_POINT('',(0.147843350278,9.122586004032));
#3273 = CARTESIAN_POINT('',(0.151990252581,9.122586004032));
#3274 = CARTESIAN_POINT('',(0.162530295932,9.122586004032));
#3275 = CARTESIAN_POINT('',(0.168923436984,9.122586004032));
#3276 = CARTESIAN_POINT('',(0.175316578035,9.122586004032));
#3277 = CARTESIAN_POINT('',(0.188448435323,9.122586004032));
#3278 = CARTESIAN_POINT('',(0.195187151568,9.122586004032));
#3279 = CARTESIAN_POINT('',(0.201925867812,9.122586004032));
#3280 = CARTESIAN_POINT('',(0.213157061546,9.122586004032));
#3281 = CARTESIAN_POINT('',(0.217649539041,9.122586004032));
#3282 = CARTESIAN_POINT('',(0.222142016536,9.122586004032));
#3283 = CARTESIAN_POINT('',(0.230781396332,9.122586004032));
#3284 = CARTESIAN_POINT('',(0.234928298635,9.122586004032));
#3285 = CARTESIAN_POINT('',(0.239075200938,9.122586004032));
#3286 = CARTESIAN_POINT('',(0.247714580735,9.122586004032));
#3287 = CARTESIAN_POINT('',(0.25220705823,9.122586004032));
#3288 = CARTESIAN_POINT('',(0.256699535725,9.122586004032));
#3289 = CARTESIAN_POINT('',(0.265511703118,9.122586004032));
#3290 = CARTESIAN_POINT('',(0.269831393017,9.122586004032));
#3291 = CARTESIAN_POINT('',(0.274151082916,9.122586004032));
#3292 = CARTESIAN_POINT('',(0.282963250309,9.122586004032));
#3293 = CARTESIAN_POINT('',(0.287455727803,9.122586004032));
#3294 = CARTESIAN_POINT('',(0.291948205298,9.122586004032));
#3295 = CARTESIAN_POINT('',(0.301451523075,9.122586004032));
#3296 = CARTESIAN_POINT('',(0.306462363358,9.122586004032));
#3297 = CARTESIAN_POINT('',(0.311473203641,9.122586004032));
#3298 = CARTESIAN_POINT('',(0.320976521417,9.122586004032));
#3299 = CARTESIAN_POINT('',(0.325468998912,9.122586004032));
#3300 = CARTESIAN_POINT('',(0.329961476407,9.122586004032));
#3301 = CARTESIAN_POINT('',(0.338600856204,9.122586004032));
#3302 = CARTESIAN_POINT('',(0.342747758507,9.122586004032));
#3303 = CARTESIAN_POINT('',(0.34689466081,9.122586004032));
#3304 = CARTESIAN_POINT('',(0.355188465415,9.122586004032));
#3305 = CARTESIAN_POINT('',(0.359335367718,9.122586004032));
#3306 = CARTESIAN_POINT('',(0.363482270021,9.122586004032));
#3307 = CARTESIAN_POINT('',(0.372640012605,9.122586004032));
#3308 = CARTESIAN_POINT('',(0.377650852888,9.122586004032));
#3309 = CARTESIAN_POINT('',(0.382661693171,9.122586004032));
#3310 = CARTESIAN_POINT('',(0.391819435756,9.122586004032));
#3311 = CARTESIAN_POINT('',(0.395966338058,9.122586004032));
#3312 = CARTESIAN_POINT('',(0.400113240361,9.122586004032));
#3313 = CARTESIAN_POINT('',(0.408407044966,9.122586004032));
#3314 = CARTESIAN_POINT('',(0.412553947269,9.122586004032));
#3315 = CARTESIAN_POINT('',(0.416700849572,9.122586004032));
#3316 = CARTESIAN_POINT('',(0.425858592157,9.122586004032));
#3317 = CARTESIAN_POINT('',(0.43086943244,9.122586004032));
#3318 = CARTESIAN_POINT('',(0.435880272723,9.122586004032));
#3319 = CARTESIAN_POINT('',(0.445901953287,9.122586004032));
#3320 = CARTESIAN_POINT('',(0.45091279357,9.122586004032));
#3321 = CARTESIAN_POINT('',(0.455923633853,9.122586004032));
#3322 = CARTESIAN_POINT('',(0.465945314417,9.122586004032));
#3323 = CARTESIAN_POINT('',(0.4709561547,9.122586004032));
#3324 = CARTESIAN_POINT('',(0.475966994983,9.122586004032));
#3325 = CARTESIAN_POINT('',(0.485470312759,9.122586004032));
#3326 = CARTESIAN_POINT('',(0.489962790254,9.122586004032));
#3327 = CARTESIAN_POINT('',(0.494455267749,9.122586004032));
#3328 = CARTESIAN_POINT('',(0.503613010333,9.122586004032));
#3329 = CARTESIAN_POINT('',(0.508278275424,9.122586004032));
#3330 = CARTESIAN_POINT('',(0.512943540515,9.122586004032));
#3331 = CARTESIAN_POINT('',(0.522274070696,9.122586004032));
#3332 = CARTESIAN_POINT('',(0.526939335787,9.122586004032));
#3333 = CARTESIAN_POINT('',(0.531604600878,9.122586004032));
#3334 = CARTESIAN_POINT('',(0.54128070625,9.122586004032));
#3335 = CARTESIAN_POINT('',(0.546291546533,9.122586004032));
#3336 = CARTESIAN_POINT('',(0.551302386816,9.122586004032));
#3337 = CARTESIAN_POINT('',(0.560978492188,9.122586004032));
#3338 = CARTESIAN_POINT('',(0.565643757279,9.122586004032));
#3339 = CARTESIAN_POINT('',(0.57030902237,9.122586004032));
#3340 = CARTESIAN_POINT('',(0.579812340146,9.122586004032));
#3341 = CARTESIAN_POINT('',(0.584650392833,9.122586004032));
#3342 = CARTESIAN_POINT('',(0.58948844552,9.122586004032));
#3343 = CARTESIAN_POINT('',(0.599337338488,9.122586004032));
#3344 = CARTESIAN_POINT('',(0.604348178771,9.122586004032));
#3345 = CARTESIAN_POINT('',(0.609359019054,9.122586004032));
#3346 = CARTESIAN_POINT('',(0.619380699618,9.122586004032));
#3347 = CARTESIAN_POINT('',(0.624391539901,9.122586004032));
#3348 = CARTESIAN_POINT('',(0.629402380184,9.122586004032));
#3349 = CARTESIAN_POINT('',(0.639424060748,9.122586004032));
#3350 = CARTESIAN_POINT('',(0.644434901031,9.122586004032));
#3351 = CARTESIAN_POINT('',(0.649445741314,9.122586004032));
#3352 = CARTESIAN_POINT('',(0.659467421878,9.122586004032));
#3353 = CARTESIAN_POINT('',(0.664478262161,9.122586004032));
#3354 = CARTESIAN_POINT('',(0.669489102444,9.122586004032));
#3355 = CARTESIAN_POINT('',(0.679510783008,9.122586004032));
#3356 = CARTESIAN_POINT('',(0.684521623291,9.122586004032));
#3357 = CARTESIAN_POINT('',(0.689532463574,9.122586004032));
#3358 = CARTESIAN_POINT('',(0.699554144138,9.122586004032));
#3359 = CARTESIAN_POINT('',(0.704564984421,9.122586004032));
#3360 = CARTESIAN_POINT('',(0.709575824704,9.122586004032));
#3361 = CARTESIAN_POINT('',(0.719597505267,9.122586004032));
#3362 = CARTESIAN_POINT('',(0.72460834555,9.122586004032));
#3363 = CARTESIAN_POINT('',(0.729619185834,9.122586004032));
#3364 = CARTESIAN_POINT('',(0.739640866397,9.122586004032));
#3365 = CARTESIAN_POINT('',(0.74465170668,9.122586004032));
#3366 = CARTESIAN_POINT('',(0.749662546963,9.122586004032));
#3367 = CARTESIAN_POINT('',(0.758474714356,9.122586004032));
#3368 = CARTESIAN_POINT('',(0.762276041467,9.122586004032));
#3369 = CARTESIAN_POINT('',(0.766077368578,9.122586004032));
#3370 = CARTESIAN_POINT('',(0.774716748375,9.122586004032));
#3371 = CARTESIAN_POINT('',(0.779554801062,9.122586004032));
#3372 = CARTESIAN_POINT('',(0.784392853749,9.122586004032));
#3373 = CARTESIAN_POINT('',(0.794241746717,9.122586004032));
#3374 = CARTESIAN_POINT('',(0.799252587,9.122586004032));
#3375 = CARTESIAN_POINT('',(0.804263427283,9.122586004032));
#3376 = CARTESIAN_POINT('',(0.814285107847,9.122586004032));
#3377 = CARTESIAN_POINT('',(0.81929594813,9.122586004032));
#3378 = CARTESIAN_POINT('',(0.824306788413,9.122586004032));
#3379 = CARTESIAN_POINT('',(0.833291743401,9.122586004032));
#3380 = CARTESIAN_POINT('',(0.837265858108,9.122586004032));
#3381 = CARTESIAN_POINT('',(0.841239972815,9.122586004032));
#3382 = CARTESIAN_POINT('',(0.849706565016,9.122586004032));
#3383 = CARTESIAN_POINT('',(0.854199042511,9.122586004032));
#3384 = CARTESIAN_POINT('',(0.858691520006,9.122586004032));
#3385 = CARTESIAN_POINT('',(0.867676474995,9.122586004032));
#3386 = CARTESIAN_POINT('',(0.87216895249,9.122586004032));
#3387 = CARTESIAN_POINT('',(0.876661429985,9.122586004032));
#3388 = CARTESIAN_POINT('',(0.885819172569,9.122586004032));
#3389 = CARTESIAN_POINT('',(0.89048443766,9.122586004032));
#3390 = CARTESIAN_POINT('',(0.895149702751,9.122586004032));
#3391 = CARTESIAN_POINT('',(0.904825808123,9.122586004032));
#3392 = CARTESIAN_POINT('',(0.909836648406,9.122586004032));
#3393 = CARTESIAN_POINT('',(0.914847488689,9.122586004032));
#3394 = CARTESIAN_POINT('',(0.924869169253,9.122586004032));
#3395 = CARTESIAN_POINT('',(0.929880009536,9.122586004032));
#3396 = CARTESIAN_POINT('',(0.934890849819,9.122586004032));
#3397 = CARTESIAN_POINT('',(0.944566955191,9.122586004032));
#3398 = CARTESIAN_POINT('',(0.949232220282,9.122586004032));
#3399 = CARTESIAN_POINT('',(0.953897485373,9.122586004032));
#3400 = CARTESIAN_POINT('',(0.963573590745,9.122586004032));
#3401 = CARTESIAN_POINT('',(0.968584431028,9.122586004032));
#3402 = CARTESIAN_POINT('',(0.973595271311,9.122586004032));
#3403 = CARTESIAN_POINT('',(0.983444164279,9.122586004032));
#3404 = CARTESIAN_POINT('',(0.988282216966,9.122586004032));
#3405 = CARTESIAN_POINT('',(0.993120269653,9.122586004032));
#3406 = CARTESIAN_POINT('',(1.002969162621,9.122586004032));
#3407 = CARTESIAN_POINT('',(1.007980002904,9.122586004032));
#3408 = CARTESIAN_POINT('',(1.012990843187,9.122586004032));
#3409 = CARTESIAN_POINT('',(1.023012523751,9.122586004032));
#3410 = CARTESIAN_POINT('',(1.028023364034,9.122586004032));
#3411 = CARTESIAN_POINT('',(1.033034204317,9.122586004032));
#3412 = CARTESIAN_POINT('',(1.043055884881,9.122586004032));
#3413 = CARTESIAN_POINT('',(1.048066725164,9.122586004032));
#3414 = CARTESIAN_POINT('',(1.053077565447,9.122586004032));
#3415 = CARTESIAN_POINT('',(1.062926458415,9.122586004032));
#3416 = CARTESIAN_POINT('',(1.067764511102,9.122586004032));
#3417 = CARTESIAN_POINT('',(1.072602563789,9.122586004032));
#3418 = CARTESIAN_POINT('',(1.082278669161,9.122586004032));
#3419 = CARTESIAN_POINT('',(1.087116721848,9.122586004032));
#3420 = CARTESIAN_POINT('',(1.091954774535,9.122586004032));
#3421 = CARTESIAN_POINT('',(1.101613534533,9.122586004032));
#3422 = CARTESIAN_POINT('',(1.106434243294,9.122586004032));
#3423 = CARTESIAN_POINT('',(1.111254948633,9.122586004032));
#3424 = CARTESIAN_POINT('',(1.116075657849,9.122586004032));
#3425 = ( GEOMETRIC_REPRESENTATION_CONTEXT(2) 
PARAMETRIC_REPRESENTATION_CONTEXT() REPRESENTATION_CONTEXT('2D SPACE',''
  ) );
#3426 = PCURVE('',#1648,#3427);
#3427 = DEFINITIONAL_REPRESENTATION('',(#3428),#3587);
#3428 = B_SPLINE_CURVE_WITH_KNOTS('',4,(#3429,#3430,#3431,#3432,#3433,
    #3434,#3435,#3436,#3437,#3438,#3439,#3440,#3441,#3442,#3443,#3444,
    #3445,#3446,#3447,#3448,#3449,#3450,#3451,#3452,#3453,#3454,#3455,
    #3456,#3457,#3458,#3459,#3460,#3461,#3462,#3463,#3464,#3465,#3466,
    #3467,#3468,#3469,#3470,#3471,#3472,#3473,#3474,#3475,#3476,#3477,
    #3478,#3479,#3480,#3481,#3482,#3483,#3484,#3485,#3486,#3487,#3488,
    #3489,#3490,#3491,#3492,#3493,#3494,#3495,#3496,#3497,#3498,#3499,
    #3500,#3501,#3502,#3503,#3504,#3505,#3506,#3507,#3508,#3509,#3510,
    #3511,#3512,#3513,#3514,#3515,#3516,#3517,#3518,#3519,#3520,#3521,
    #3522,#3523,#3524,#3525,#3526,#3527,#3528,#3529,#3530,#3531,#3532,
    #3533,#3534,#3535,#3536,#3537,#3538,#3539,#3540,#3541,#3542,#3543,
    #3544,#3545,#3546,#3547,#3548,#3549,#3550,#3551,#3552,#3553,#3554,
    #3555,#3556,#3557,#3558,#3559,#3560,#3561,#3562,#3563,#3564,#3565,
    #3566,#3567,#3568,#3569,#3570,#3571,#3572,#3573,#3574,#3575,#3576,
    #3577,#3578,#3579,#3580,#3581,#3582,#3583,#3584,#3585,#3586),
  .UNSPECIFIED.,.F.,.F.,(5,3,3,3,3,3,3,3,3,3,3,3,3,3,3,3,3,3,3,3,3,3,3,3
    ,3,3,3,3,3,3,3,3,3,3,3,3,3,3,3,3,3,3,3,3,3,3,3,3,3,3,3,3,5),(0.,
    0.125035891486,0.13989833351,0.162811264957,0.186962733238,
    0.203063712097,0.217926154121,0.23402713298,0.249508843421,
    0.265609822279,0.28356860639,0.299669585249,0.314532027273,
    0.329394469296,0.347353253407,0.362215695431,0.377078137455,
    0.395036921566,0.412995705677,0.430954489788,0.447055468646,
    0.463775715922,0.480495963199,0.49845474731,0.515174994586,
    0.532514510279,0.550473294391,0.568432078502,0.586390862613,
    0.604349646724,0.622308430835,0.640267214946,0.658225999057,
    0.676184783168,0.689808688356,0.70714820405,0.725106988161,
    0.743065772272,0.757308945878,0.773409924737,0.789510903596,
    0.806231150872,0.824189934983,0.842148719094,0.85886896637,
    0.876827750481,0.894167266175,0.912126050286,0.930084834397,
    0.948043618508,0.965383134202,0.982722649895,1.),.UNSPECIFIED.);
#3429 = CARTESIAN_POINT('',(16.475488338486,2.042892824451));
#3430 = CARTESIAN_POINT('',(16.348397361145,2.042892824451));
#3431 = CARTESIAN_POINT('',(16.221306185308,2.036980989458));
#3432 = CARTESIAN_POINT('',(16.094628175329,2.025157345977));
#3433 = CARTESIAN_POINT('',(15.953812816187,2.00537806518));
#3434 = CARTESIAN_POINT('',(15.938864570212,2.003194048723));
#3435 = CARTESIAN_POINT('',(15.9239286288,2.000927412501));
#3436 = CARTESIAN_POINT('',(15.885999457893,1.994956660684));
#3437 = CARTESIAN_POINT('',(15.863024110666,1.991138947784));
#3438 = CARTESIAN_POINT('',(15.840082142315,1.987125520303));
#3439 = CARTESIAN_POINT('',(15.793031789738,1.978480657274));
#3440 = CARTESIAN_POINT('',(15.768927388686,1.973827542464));
#3441 = CARTESIAN_POINT('',(15.744865770414,1.968958029795));
#3442 = CARTESIAN_POINT('',(15.704839225283,1.960482538657));
#3443 = CARTESIAN_POINT('',(15.688848914396,1.956996439078));
#3444 = CARTESIAN_POINT('',(15.672879772392,1.953414618841));
#3445 = CARTESIAN_POINT('',(15.642212243887,1.946342805429));
#3446 = CARTESIAN_POINT('',(15.627510598916,1.942866942834));
#3447 = CARTESIAN_POINT('',(15.612828397728,1.939309843749));
#3448 = CARTESIAN_POINT('',(15.58228238729,1.931730325565));
#3449 = CARTESIAN_POINT('',(15.566422070421,1.92769383187));
#3450 = CARTESIAN_POINT('',(15.550586217007,1.923562406067));
#3451 = CARTESIAN_POINT('',(15.519573236635,1.915272688634));
#3452 = CARTESIAN_POINT('',(15.504394199851,1.911121541879));
#3453 = CARTESIAN_POINT('',(15.489239324129,1.906883037554));
#3454 = CARTESIAN_POINT('',(15.458374202098,1.898058718393));
#3455 = CARTESIAN_POINT('',(15.442665988753,1.893465792739));
#3456 = CARTESIAN_POINT('',(15.426985569205,1.888778856072));
#3457 = CARTESIAN_POINT('',(15.393876027504,1.878665857195));
#3458 = CARTESIAN_POINT('',(15.376453894937,1.873216911308));
#3459 = CARTESIAN_POINT('',(15.359068557106,1.867651685078));
#3460 = CARTESIAN_POINT('',(15.326168350753,1.856877135445));
#3461 = CARTESIAN_POINT('',(15.310646035378,1.851690551025));
#3462 = CARTESIAN_POINT('',(15.295155066526,1.846411079786));
#3463 = CARTESIAN_POINT('',(15.265426623616,1.836080178001));
#3464 = CARTESIAN_POINT('',(15.251184389408,1.831042445337));
#3465 = CARTESIAN_POINT('',(15.236970227989,1.825926040273));
#3466 = CARTESIAN_POINT('',(15.208599351801,1.815536361813));
#3467 = CARTESIAN_POINT('',(15.194442637023,1.810263088413));
#3468 = CARTESIAN_POINT('',(15.1803152961,1.804911619077));
#3469 = CARTESIAN_POINT('',(15.149183713166,1.792921658119));
#3470 = CARTESIAN_POINT('',(15.132193282584,1.786247305483));
#3471 = CARTESIAN_POINT('',(15.115247824376,1.779459584172));
#3472 = CARTESIAN_POINT('',(15.084362797603,1.766848091755));
#3473 = CARTESIAN_POINT('',(15.070408701627,1.761059897639));
#3474 = CARTESIAN_POINT('',(15.056486823552,1.755194635795));
#3475 = CARTESIAN_POINT('',(15.028708777092,1.743310521651));
#3476 = CARTESIAN_POINT('',(15.014852608697,1.737291669347));
#3477 = CARTESIAN_POINT('',(15.001029932082,1.731196294311));
#3478 = CARTESIAN_POINT('',(14.970580211979,1.71756731176));
#3479 = CARTESIAN_POINT('',(14.953968867938,1.709998628677));
#3480 = CARTESIAN_POINT('',(14.937408463071,1.702319129661));
#3481 = CARTESIAN_POINT('',(14.904391742454,1.686739542954));
#3482 = CARTESIAN_POINT('',(14.887935426682,1.678839455253));
#3483 = CARTESIAN_POINT('',(14.871532260829,1.670829594801));
#3484 = CARTESIAN_POINT('',(14.838834418373,1.654591415686));
#3485 = CARTESIAN_POINT('',(14.822539741748,1.646363097013));
#3486 = CARTESIAN_POINT('',(14.806300404435,1.638026092869));
#3487 = CARTESIAN_POINT('',(14.775608670205,1.622009478125));
#3488 = CARTESIAN_POINT('',(14.761145203382,1.61435108012));
#3489 = CARTESIAN_POINT('',(14.746727870441,1.606606182226));
#3490 = CARTESIAN_POINT('',(14.717434310519,1.59064303821));
#3491 = CARTESIAN_POINT('',(14.70256176117,1.58241804333));
#3492 = CARTESIAN_POINT('',(14.68774066293,1.574100693279));
#3493 = CARTESIAN_POINT('',(14.65820308307,1.557282258997));
#3494 = CARTESIAN_POINT('',(14.643486601435,1.548781174758));
#3495 = CARTESIAN_POINT('',(14.628823285297,1.540188711505));
#3496 = CARTESIAN_POINT('',(14.598522509332,1.522178824711));
#3497 = CARTESIAN_POINT('',(14.582893347848,1.512747439564));
#3498 = CARTESIAN_POINT('',(14.567327548831,1.503211842286));
#3499 = CARTESIAN_POINT('',(14.53739381362,1.484598284252));
#3500 = CARTESIAN_POINT('',(14.523017300895,1.475534115961));
#3501 = CARTESIAN_POINT('',(14.50869744974,1.466380694316));
#3502 = CARTESIAN_POINT('',(14.479644490558,1.447554115745));
#3503 = CARTESIAN_POINT('',(14.464915719849,1.437874265486));
#3504 = CARTESIAN_POINT('',(14.45024969907,1.428099603236));
#3505 = CARTESIAN_POINT('',(14.420523467509,1.408009427567));
#3506 = CARTESIAN_POINT('',(14.405467885154,1.397687065704));
#3507 = CARTESIAN_POINT('',(14.39048160532,1.387264343833));
#3508 = CARTESIAN_POINT('',(14.360649648211,1.366219589207));
#3509 = CARTESIAN_POINT('',(14.345803970915,1.355597556439));
#3510 = CARTESIAN_POINT('',(14.331029593638,1.344876572783));
#3511 = CARTESIAN_POINT('',(14.301625407993,1.323238152582));
#3512 = CARTESIAN_POINT('',(14.286995599606,1.312320716022));
#3513 = CARTESIAN_POINT('',(14.272439060091,1.301305777447));
#3514 = CARTESIAN_POINT('',(14.243474458245,1.279082384319));
#3515 = CARTESIAN_POINT('',(14.229066395894,1.267873929751));
#3516 = CARTESIAN_POINT('',(14.214733541837,1.256569461208));
#3517 = CARTESIAN_POINT('',(14.186220159532,1.233770022799));
#3518 = CARTESIAN_POINT('',(14.172039631267,1.222275052916));
#3519 = CARTESIAN_POINT('',(14.157936220501,1.21068559567));
#3520 = CARTESIAN_POINT('',(14.129885512217,1.187319271035));
#3521 = CARTESIAN_POINT('',(14.115938214679,1.17554240363));
#3522 = CARTESIAN_POINT('',(14.102069912869,1.16367261343));
#3523 = CARTESIAN_POINT('',(14.074493147215,1.139748789356));
#3524 = CARTESIAN_POINT('',(14.060784683354,1.127694755466));
#3525 = CARTESIAN_POINT('',(14.047157061713,1.115549400679));
#3526 = CARTESIAN_POINT('',(14.020065316908,1.091077687914));
#3527 = CARTESIAN_POINT('',(14.006601193726,1.078751329919));
#3528 = CARTESIAN_POINT('',(13.993219726782,1.066335289612));
#3529 = CARTESIAN_POINT('',(13.969833729027,1.044343939593));
#3530 = CARTESIAN_POINT('',(13.959793733103,1.034806344099));
#3531 = CARTESIAN_POINT('',(13.949802207456,1.025217983384));
#3532 = CARTESIAN_POINT('',(13.927205225109,1.003311723129));
#3533 = CARTESIAN_POINT('',(13.91463004944,0.990962587754));
#3534 = CARTESIAN_POINT('',(13.902134798104,0.978532588491));
#3535 = CARTESIAN_POINT('',(13.876862317087,0.953065635308));
#3536 = CARTESIAN_POINT('',(13.864090954554,0.940022859011));
#3537 = CARTESIAN_POINT('',(13.851407019381,0.926895044913));
#3538 = CARTESIAN_POINT('',(13.826215690538,0.900471110434));
#3539 = CARTESIAN_POINT('',(13.813708296851,0.887174990035));
#3540 = CARTESIAN_POINT('',(13.801290017292,0.873795601138));
#3541 = CARTESIAN_POINT('',(13.779184028437,0.849657280012));
#3542 = CARTESIAN_POINT('',(13.76946295271,0.838928904897));
#3543 = CARTESIAN_POINT('',(13.759798861982,0.828149169452));
#3544 = CARTESIAN_POINT('',(13.73933241177,0.805075198089));
#3545 = CARTESIAN_POINT('',(13.728545999863,0.792766816769));
#3546 = CARTESIAN_POINT('',(13.717833509629,0.780394044827));
#3547 = CARTESIAN_POINT('',(13.696557517613,0.7555210584));
#3548 = CARTESIAN_POINT('',(13.685994015822,0.743020843905));
#3549 = CARTESIAN_POINT('',(13.675505580799,0.730457577478));
#3550 = CARTESIAN_POINT('',(13.654279472551,0.704720698328));
#3551 = CARTESIAN_POINT('',(13.643547728666,0.691542195449));
#3552 = CARTESIAN_POINT('',(13.632898168944,0.678297191008));
#3553 = CARTESIAN_POINT('',(13.610981921314,0.650689743893));
#3554 = CARTESIAN_POINT('',(13.599727953992,0.636317202921));
#3555 = CARTESIAN_POINT('',(13.588570264677,0.621869791954));
#3556 = CARTESIAN_POINT('',(13.566448923284,0.592827174696));
#3557 = CARTESIAN_POINT('',(13.555485271191,0.578231968385));
#3558 = CARTESIAN_POINT('',(13.544619378313,0.563563836723));
#3559 = CARTESIAN_POINT('',(13.52382713312,0.535100253213));
#3560 = CARTESIAN_POINT('',(13.513887665716,0.521314381726));
#3561 = CARTESIAN_POINT('',(13.504034145266,0.507466948763));
#3562 = CARTESIAN_POINT('',(13.483776650087,0.478620338296));
#3563 = CARTESIAN_POINT('',(13.473385966909,0.463611826791));
#3564 = CARTESIAN_POINT('',(13.46309579156,0.448534227322));
#3565 = CARTESIAN_POINT('',(13.443069165329,0.418765145324));
#3566 = CARTESIAN_POINT('',(13.43332585613,0.404078276581));
#3567 = CARTESIAN_POINT('',(13.423677492759,0.389328860597));
#3568 = CARTESIAN_POINT('',(13.404230678067,0.359177817505));
#3569 = CARTESIAN_POINT('',(13.394439173037,0.343771710153));
#3570 = CARTESIAN_POINT('',(13.384750818908,0.328300526981));
#3571 = CARTESIAN_POINT('',(13.365581695995,0.29723008944));
#3572 = CARTESIAN_POINT('',(13.3561009272,0.28163083505));
#3573 = CARTESIAN_POINT('',(13.346724592836,0.265968585263));
#3574 = CARTESIAN_POINT('',(13.328182034565,0.234520200647));
#3575 = CARTESIAN_POINT('',(13.319015810645,0.218734065796));
#3576 = CARTESIAN_POINT('',(13.309955262735,0.202887041279));
#3577 = CARTESIAN_POINT('',(13.292355486086,0.171621855159));
#3578 = CARTESIAN_POINT('',(13.283809054354,0.156207748235));
#3579 = CARTESIAN_POINT('',(13.275362234866,0.140738830104));
#3580 = CARTESIAN_POINT('',(13.258668862385,0.109693309306));
#3581 = CARTESIAN_POINT('',(13.250422309384,9.411670662033E-02));
#3582 = CARTESIAN_POINT('',(13.242276410626,7.848723058819E-02));
#3583 = CARTESIAN_POINT('',(13.226215767901,4.71807103199E-02));
#3584 = CARTESIAN_POINT('',(13.21830029807,3.150403383469E-02));
#3585 = CARTESIAN_POINT('',(13.210485761408,1.577681079118E-02));
#3586 = CARTESIAN_POINT('',(13.202772626658,0.));
#3587 = ( GEOMETRIC_REPRESENTATION_CONTEXT(2) 
PARAMETRIC_REPRESENTATION_CONTEXT() REPRESENTATION_CONTEXT('2D SPACE',''
  ) );
#3588 = ORIENTED_EDGE('',*,*,#2805,.T.);
#3589 = ORIENTED_EDGE('',*,*,#172,.F.);
#3590 = ORIENTED_EDGE('',*,*,#1253,.T.);
#3591 = ORIENTED_EDGE('',*,*,#3592,.F.);
#3592 = EDGE_CURVE('',#3102,#1254,#3593,.T.);
#3593 = SURFACE_CURVE('',#3594,(#3637,#3683),.PCURVE_S1.);
#3594 = B_SPLINE_CURVE_WITH_KNOTS('',6,(#3595,#3596,#3597,#3598,#3599,
    #3600,#3601,#3602,#3603,#3604,#3605,#3606,#3607,#3608,#3609,#3610,
    #3611,#3612,#3613,#3614,#3615,#3616,#3617,#3618,#3619,#3620,#3621,
    #3622,#3623,#3624,#3625,#3626,#3627,#3628,#3629,#3630,#3631,#3632,
    #3633,#3634,#3635,#3636),.UNSPECIFIED.,.F.,.F.,(7,5,5,5,5,5,5,5,7),(
    0.,5.407430991434E-02,0.11455228125,0.172875288777,0.227445023402,
    0.420881633486,0.616532862876,0.809124702614,1.),.UNSPECIFIED.);
#3595 = CARTESIAN_POINT('',(8.120099908464,150.47748015451,
    141.38989221983));
#3596 = CARTESIAN_POINT('',(8.128813122591,150.51614193486,
    141.37990997008));
#3597 = CARTESIAN_POINT('',(8.137884359531,150.55465385695,
    141.3697326392));
#3598 = CARTESIAN_POINT('',(8.147311006241,150.59301710241,
    141.35938036979));
#3599 = CARTESIAN_POINT('',(8.15709064024,150.6312326787,141.34887131127
    ));
#3600 = CARTESIAN_POINT('',(8.167221029603,150.66930141907,
    141.33822161985));
#3601 = CARTESIAN_POINT('',(8.189420206948,150.74963746352,
    141.31539314803));
#3602 = CARTESIAN_POINT('',(8.201576439306,150.79186803106,
    141.3031828337));
#3603 = CARTESIAN_POINT('',(8.214165963935,150.8339165344,
    141.29083432483));
#3604 = CARTESIAN_POINT('',(8.227186066409,150.87578340995,
    141.2783653191));
#3605 = CARTESIAN_POINT('',(8.240634183983,150.91746868139,
    141.26579140258));
#3606 = CARTESIAN_POINT('',(8.26788727583,150.99899638442,
    141.24091199147));
#3607 = CARTESIAN_POINT('',(8.281662434093,151.03885153731,
    141.22861304206));
#3608 = CARTESIAN_POINT('',(8.295831200483,151.07853703838,
    141.21624136723));
#3609 = CARTESIAN_POINT('',(8.31039144246,151.11805219614,
    141.20380796104));
#3610 = CARTESIAN_POINT('',(8.325341074844,151.15739600764,
    141.19132264598));
#3611 = CARTESIAN_POINT('',(8.355028060529,151.23321751984,
    141.16707175377));
#3612 = CARTESIAN_POINT('',(8.369717151841,151.26971673138,
    141.15531163606));
#3613 = CARTESIAN_POINT('',(8.38474365639,151.30606371371,
    141.14352085243));
#3614 = CARTESIAN_POINT('',(8.40010589757,151.34225720788,
    141.13170594719));
#3615 = CARTESIAN_POINT('',(8.41580219952,151.37829577534,
    141.11987287638));
#3616 = CARTESIAN_POINT('',(8.488648737111,151.54137095485,
    141.06603624679));
#3617 = CARTESIAN_POINT('',(8.549642680653,151.66659627576,
    141.02388531706));
#3618 = CARTESIAN_POINT('',(8.614738770678,151.78978460657,
    140.98181513846));
#3619 = CARTESIAN_POINT('',(8.683859300352,151.9108382447,140.939994323)
  );
#3620 = CARTESIAN_POINT('',(8.756920666726,152.02965208838,
    140.89856119042));
#3621 = CARTESIAN_POINT('',(8.911628404114,152.26391430912,
    140.81623111789));
#3622 = CARTESIAN_POINT('',(8.993362882556,152.3793077779,
    140.77534624975));
#3623 = CARTESIAN_POINT('',(9.078944836477,152.49218182345,
    140.73509473161));
#3624 = CARTESIAN_POINT('',(9.168274160854,152.60241655411,
    140.69557505265));
#3625 = CARTESIAN_POINT('',(9.261243288063,152.70989084785,
    140.65687173916));
#3626 = CARTESIAN_POINT('',(9.452721805532,152.91744544646,
    140.5818430541));
#3627 = CARTESIAN_POINT('',(9.551121909077,153.01761512885,
    140.54548985551));
#3628 = CARTESIAN_POINT('',(9.652827165903,153.11488110502,
    140.51007502967));
#3629 = CARTESIAN_POINT('',(9.757720608223,153.20913165508,
    140.47566331499));
#3630 = CARTESIAN_POINT('',(9.865678367231,153.30025841998,
    140.44231311794));
#3631 = CARTESIAN_POINT('',(10.086472504696,153.47527338468,
    140.37813076168));
#3632 = CARTESIAN_POINT('',(10.199257081057,153.55921916226,
    140.3472788348));
#3633 = CARTESIAN_POINT('',(10.314795881544,153.63989344147,
    140.3175744244));
#3634 = CARTESIAN_POINT('',(10.432955581696,153.71720024796,
    140.2890651851));
#3635 = CARTESIAN_POINT('',(10.553596994665,153.79104914289,
    140.26179450876));
#3636 = CARTESIAN_POINT('',(10.67657507122,153.86135522289,
    140.2358015245));
#3637 = PCURVE('',#462,#3638);
#3638 = DEFINITIONAL_REPRESENTATION('',(#3639),#3682);
#3639 = B_SPLINE_CURVE_WITH_KNOTS('',6,(#3640,#3641,#3642,#3643,#3644,
    #3645,#3646,#3647,#3648,#3649,#3650,#3651,#3652,#3653,#3654,#3655,
    #3656,#3657,#3658,#3659,#3660,#3661,#3662,#3663,#3664,#3665,#3666,
    #3667,#3668,#3669,#3670,#3671,#3672,#3673,#3674,#3675,#3676,#3677,
    #3678,#3679,#3680,#3681),.UNSPECIFIED.,.F.,.F.,(7,5,5,5,5,5,5,5,7),(
    0.,5.407430991434E-02,0.11455228125,0.172875288777,0.227445023402,
    0.420881633486,0.616532862876,0.809124702614,1.),.UNSPECIFIED.);
#3640 = CARTESIAN_POINT('',(0.300267688916,9.122586004032));
#3641 = CARTESIAN_POINT('',(0.311113220416,9.117485491492));
#3642 = CARTESIAN_POINT('',(0.321926332706,9.112275567817));
#3643 = CARTESIAN_POINT('',(0.332707773408,9.106965505612));
#3644 = CARTESIAN_POINT('',(0.343458279003,9.101563595762));
#3645 = CARTESIAN_POINT('',(0.35417857483,9.096077147437));
#3646 = CARTESIAN_POINT('',(0.376826215828,9.084288843092));
#3647 = CARTESIAN_POINT('',(0.38874611075,9.077967462476));
#3648 = CARTESIAN_POINT('',(0.400629972008,9.071557196761));
#3649 = CARTESIAN_POINT('',(0.412478603833,9.065065859674));
#3650 = CARTESIAN_POINT('',(0.42429270254,9.058500228148));
#3651 = CARTESIAN_POINT('',(0.44743325758,9.045468247203));
#3652 = CARTESIAN_POINT('',(0.45876208517,9.039006768181));
#3653 = CARTESIAN_POINT('',(0.470059858495,9.032486793641));
#3654 = CARTESIAN_POINT('',(0.481327017167,9.025912938824));
#3655 = CARTESIAN_POINT('',(0.492563921216,9.019289245827));
#3656 = CARTESIAN_POINT('',(0.514256579006,9.006378361312));
#3657 = CARTESIAN_POINT('',(0.524716067415,9.000096980964));
#3658 = CARTESIAN_POINT('',(0.535149545313,8.993777907117));
#3659 = CARTESIAN_POINT('',(0.545557197462,8.987423718001));
#3660 = CARTESIAN_POINT('',(0.555939164384,8.981036705513));
#3661 = CARTESIAN_POINT('',(0.60300641628,8.951869207401));
#3662 = CARTESIAN_POINT('',(0.639395525226,8.928732634447));
#3663 = CARTESIAN_POINT('',(0.675467989475,8.905299364846));
#3664 = CARTESIAN_POINT('',(0.711221870294,8.881624612747));
#3665 = CARTESIAN_POINT('',(0.746654056975,8.857749350249));
#3666 = CARTESIAN_POINT('',(0.817269846491,8.80938254657));
#3667 = CARTESIAN_POINT('',(0.852445716641,8.784887355949));
#3668 = CARTESIAN_POINT('',(0.887284391827,8.760249239202));
#3669 = CARTESIAN_POINT('',(0.921781126745,8.735490176174));
#3670 = CARTESIAN_POINT('',(0.955931389151,8.710626198646));
#3671 = CARTESIAN_POINT('',(1.023003306566,8.661105384583));
#3672 = CARTESIAN_POINT('',(1.055935836419,8.636451330986));
#3673 = CARTESIAN_POINT('',(1.088525619408,8.611721000494));
#3674 = CARTESIAN_POINT('',(1.120769969815,8.586923853597));
#3675 = CARTESIAN_POINT('',(1.152667120662,8.562067343118));
#3676 = CARTESIAN_POINT('',(1.215484174389,8.512470530592));
#3677 = CARTESIAN_POINT('',(1.246410289343,8.487731187335));
#3678 = CARTESIAN_POINT('',(1.27699383062,8.462945867978));
#3679 = CARTESIAN_POINT('',(1.307234970641,8.438119726562));
#3680 = CARTESIAN_POINT('',(1.337134812321,8.413257103333));
#3681 = CARTESIAN_POINT('',(1.366695389077,8.388361524738));
#3682 = ( GEOMETRIC_REPRESENTATION_CONTEXT(2) 
PARAMETRIC_REPRESENTATION_CONTEXT() REPRESENTATION_CONTEXT('2D SPACE',''
  ) );
#3683 = PCURVE('',#1491,#3684);
#3684 = DEFINITIONAL_REPRESENTATION('',(#3685),#3728);
#3685 = B_SPLINE_CURVE_WITH_KNOTS('',6,(#3686,#3687,#3688,#3689,#3690,
    #3691,#3692,#3693,#3694,#3695,#3696,#3697,#3698,#3699,#3700,#3701,
    #3702,#3703,#3704,#3705,#3706,#3707,#3708,#3709,#3710,#3711,#3712,
    #3713,#3714,#3715,#3716,#3717,#3718,#3719,#3720,#3721,#3722,#3723,
    #3724,#3725,#3726,#3727),.UNSPECIFIED.,.F.,.F.,(7,5,5,5,5,5,5,5,7),(
    0.,5.407430991434E-02,0.11455228125,0.172875288777,0.227445023402,
    0.420881633486,0.616532862876,0.809124702614,1.),.UNSPECIFIED.);
#3686 = CARTESIAN_POINT('',(0.143065930436,6.585377263917));
#3687 = CARTESIAN_POINT('',(0.148294003529,6.590477776457));
#3688 = CARTESIAN_POINT('',(0.153514371019,6.595687700132));
#3689 = CARTESIAN_POINT('',(0.158727778124,6.600997762337));
#3690 = CARTESIAN_POINT('',(0.163934943661,6.606399672187));
#3691 = CARTESIAN_POINT('',(0.169136560045,6.611886120512));
#3692 = CARTESIAN_POINT('',(0.18014544114,6.623674424857));
#3693 = CARTESIAN_POINT('',(0.18595147245,6.629995805473));
#3694 = CARTESIAN_POINT('',(0.191752309554,6.636406071188));
#3695 = CARTESIAN_POINT('',(0.197548817317,6.642897408275));
#3696 = CARTESIAN_POINT('',(0.203341803136,6.649463039801));
#3697 = CARTESIAN_POINT('',(0.214715912618,6.662495020746));
#3698 = CARTESIAN_POINT('',(0.220297227989,6.668956499768));
#3699 = CARTESIAN_POINT('',(0.225876631618,6.675476474308));
#3700 = CARTESIAN_POINT('',(0.231454748971,6.682050329125));
#3701 = CARTESIAN_POINT('',(0.237032162415,6.688674022122));
#3702 = CARTESIAN_POINT('',(0.247827746137,6.701584906637));
#3703 = CARTESIAN_POINT('',(0.253045937278,6.707866286985));
#3704 = CARTESIAN_POINT('',(0.258264425987,6.714185360832));
#3705 = CARTESIAN_POINT('',(0.263483628379,6.720539549948));
#3706 = CARTESIAN_POINT('',(0.268703935342,6.726926562436));
#3707 = CARTESIAN_POINT('',(0.292435659196,6.756094060548));
#3708 = CARTESIAN_POINT('',(0.310963961886,6.779230633502));
#3709 = CARTESIAN_POINT('',(0.329527315332,6.802663903103));
#3710 = CARTESIAN_POINT('',(0.348138356674,6.826338655202));
#3711 = CARTESIAN_POINT('',(0.366808418379,6.8502139177));
#3712 = CARTESIAN_POINT('',(0.404501990451,6.898580721379));
#3713 = CARTESIAN_POINT('',(0.423526968534,6.923075912));
#3714 = CARTESIAN_POINT('',(0.442633383268,6.947714028747));
#3715 = CARTESIAN_POINT('',(0.461830708303,6.972473091775));
#3716 = CARTESIAN_POINT('',(0.481127761218,6.997337069303));
#3717 = CARTESIAN_POINT('',(0.519634980475,7.046857883366));
#3718 = CARTESIAN_POINT('',(0.538841796534,7.071511936963));
#3719 = CARTESIAN_POINT('',(0.558161600569,7.096242267455));
#3720 = CARTESIAN_POINT('',(0.577602211879,7.121039414352));
#3721 = CARTESIAN_POINT('',(0.597171265672,7.145895924831));
#3722 = CARTESIAN_POINT('',(0.636405648687,7.195492737357));
#3723 = CARTESIAN_POINT('',(0.656068600919,7.220232079433));
#3724 = CARTESIAN_POINT('',(0.675872431088,7.245017398671));
#3725 = CARTESIAN_POINT('',(0.695824415692,7.269843541622));
#3726 = CARTESIAN_POINT('',(0.715931804405,7.294706166977));
#3727 = CARTESIAN_POINT('',(0.736201820076,7.319601745573));
#3728 = ( GEOMETRIC_REPRESENTATION_CONTEXT(2) 
PARAMETRIC_REPRESENTATION_CONTEXT() REPRESENTATION_CONTEXT('2D SPACE',''
  ) );
#3729 = ADVANCED_FACE('',(#3730),#833,.T.);
#3730 = FACE_BOUND('',#3731,.T.);
#3731 = EDGE_LOOP('',(#3732,#3752,#3753,#3754,#3755,#3756));
#3732 = ORIENTED_EDGE('',*,*,#3733,.T.);
#3733 = EDGE_CURVE('',#997,#810,#3734,.T.);
#3734 = SEAM_CURVE('',#3735,(#3738,#3745),.PCURVE_S1.);
#3735 = B_SPLINE_CURVE_WITH_KNOTS('',1,(#3736,#3737),.UNSPECIFIED.,.F.,
  .F.,(2,2),(9.999999999999E-02,2.1),.PIECEWISE_BEZIER_KNOTS.);
#3736 = CARTESIAN_POINT('',(3.,157.17548833848,139.38989221983));
#3737 = CARTESIAN_POINT('',(3.,157.17548833848,141.38989221983));
#3738 = PCURVE('',#833,#3739);
#3739 = DEFINITIONAL_REPRESENTATION('',(#3740),#3744);
#3740 = B_SPLINE_CURVE_WITH_KNOTS('',2,(#3741,#3742,#3743),
  .UNSPECIFIED.,.F.,.F.,(3,3),(9.999999999999E-02,2.1),
  .PIECEWISE_BEZIER_KNOTS.);
#3741 = CARTESIAN_POINT('',(6.28318530718,9.999999999999E-02));
#3742 = CARTESIAN_POINT('',(6.28318530718,1.1));
#3743 = CARTESIAN_POINT('',(6.28318530718,2.1));
#3744 = ( GEOMETRIC_REPRESENTATION_CONTEXT(2) 
PARAMETRIC_REPRESENTATION_CONTEXT() REPRESENTATION_CONTEXT('2D SPACE',''
  ) );
#3745 = PCURVE('',#833,#3746);
#3746 = DEFINITIONAL_REPRESENTATION('',(#3747),#3751);
#3747 = B_SPLINE_CURVE_WITH_KNOTS('',2,(#3748,#3749,#3750),
  .UNSPECIFIED.,.F.,.F.,(3,3),(9.999999999999E-02,2.1),
  .PIECEWISE_BEZIER_KNOTS.);
#3748 = CARTESIAN_POINT('',(0.,9.999999999999E-02));
#3749 = CARTESIAN_POINT('',(8.881784197001E-16,1.1));
#3750 = CARTESIAN_POINT('',(0.,2.1));
#3751 = ( GEOMETRIC_REPRESENTATION_CONTEXT(2) 
PARAMETRIC_REPRESENTATION_CONTEXT() REPRESENTATION_CONTEXT('2D SPACE',''
  ) );
#3752 = ORIENTED_EDGE('',*,*,#809,.F.);
#3753 = ORIENTED_EDGE('',*,*,#3733,.F.);
#3754 = ORIENTED_EDGE('',*,*,#996,.T.);
#3755 = ORIENTED_EDGE('',*,*,#1068,.F.);
#3756 = ORIENTED_EDGE('',*,*,#1033,.T.);
#3757 = ADVANCED_FACE('',(#3758),#920,.T.);
#3758 = FACE_BOUND('',#3759,.T.);
#3759 = EDGE_LOOP('',(#3760,#3780,#3781,#3806,#3831));
#3760 = ORIENTED_EDGE('',*,*,#3761,.F.);
#3761 = EDGE_CURVE('',#863,#3762,#3764,.T.);
#3762 = VERTEX_POINT('',#3763);
#3763 = CARTESIAN_POINT('',(-19.96538521177,165.87548833848,
    141.38989221983));
#3764 = SURFACE_CURVE('',#3765,(#3768,#3774),.PCURVE_S1.);
#3765 = B_SPLINE_CURVE_WITH_KNOTS('',1,(#3766,#3767),.UNSPECIFIED.,.F.,
  .F.,(2,2),(25.,30.),.PIECEWISE_BEZIER_KNOTS.);
#3766 = CARTESIAN_POINT('',(-15.,165.87548833848,141.38989221983));
#3767 = CARTESIAN_POINT('',(-20.,165.87548833848,141.38989221983));
#3768 = PCURVE('',#920,#3769);
#3769 = DEFINITIONAL_REPRESENTATION('',(#3770),#3773);
#3770 = B_SPLINE_CURVE_WITH_KNOTS('',1,(#3771,#3772),.UNSPECIFIED.,.F.,
  .F.,(2,2),(25.,30.),.PIECEWISE_BEZIER_KNOTS.);
#3771 = CARTESIAN_POINT('',(2.,-25.));
#3772 = CARTESIAN_POINT('',(2.,-30.));
#3773 = ( GEOMETRIC_REPRESENTATION_CONTEXT(2) 
PARAMETRIC_REPRESENTATION_CONTEXT() REPRESENTATION_CONTEXT('2D SPACE',''
  ) );
#3774 = PCURVE('',#1618,#3775);
#3775 = DEFINITIONAL_REPRESENTATION('',(#3776),#3779);
#3776 = B_SPLINE_CURVE_WITH_KNOTS('',1,(#3777,#3778),.UNSPECIFIED.,.F.,
  .F.,(2,2),(25.,30.),.PIECEWISE_BEZIER_KNOTS.);
#3777 = CARTESIAN_POINT('',(0.,25.));
#3778 = CARTESIAN_POINT('',(0.,30.));
#3779 = ( GEOMETRIC_REPRESENTATION_CONTEXT(2) 
PARAMETRIC_REPRESENTATION_CONTEXT() REPRESENTATION_CONTEXT('2D SPACE',''
  ) );
#3780 = ORIENTED_EDGE('',*,*,#908,.F.);
#3781 = ORIENTED_EDGE('',*,*,#3782,.T.);
#3782 = EDGE_CURVE('',#884,#3783,#3785,.T.);
#3783 = VERTEX_POINT('',#3784);
#3784 = CARTESIAN_POINT('',(-20.,165.87548833848,139.38989221983));
#3785 = SURFACE_CURVE('',#3786,(#3789,#3795),.PCURVE_S1.);
#3786 = B_SPLINE_CURVE_WITH_KNOTS('',1,(#3787,#3788),.UNSPECIFIED.,.F.,
  .F.,(2,2),(25.,30.),.PIECEWISE_BEZIER_KNOTS.);
#3787 = CARTESIAN_POINT('',(-15.,165.87548833848,139.38989221983));
#3788 = CARTESIAN_POINT('',(-20.,165.87548833848,139.38989221983));
#3789 = PCURVE('',#920,#3790);
#3790 = DEFINITIONAL_REPRESENTATION('',(#3791),#3794);
#3791 = B_SPLINE_CURVE_WITH_KNOTS('',1,(#3792,#3793),.UNSPECIFIED.,.F.,
  .F.,(2,2),(25.,30.),.PIECEWISE_BEZIER_KNOTS.);
#3792 = CARTESIAN_POINT('',(0.,-25.));
#3793 = CARTESIAN_POINT('',(0.,-30.));
#3794 = ( GEOMETRIC_REPRESENTATION_CONTEXT(2) 
PARAMETRIC_REPRESENTATION_CONTEXT() REPRESENTATION_CONTEXT('2D SPACE',''
  ) );
#3795 = PCURVE('',#3796,#3801);
#3796 = B_SPLINE_SURFACE_WITH_KNOTS('',1,1,(
    (#3797,#3798)
    ,(#3799,#3800
    )),.UNSPECIFIED.,.F.,.F.,.F.,(2,2),(2,2),(0.,30.),(25.,30.),
  .PIECEWISE_BEZIER_KNOTS.);
#3797 = CARTESIAN_POINT('',(-15.,165.87548833848,139.38989221983));
#3798 = CARTESIAN_POINT('',(-20.,165.87548833848,139.38989221983));
#3799 = CARTESIAN_POINT('',(-15.,135.87548833848,139.38989221983));
#3800 = CARTESIAN_POINT('',(-20.,135.87548833848,139.38989221983));
#3801 = DEFINITIONAL_REPRESENTATION('',(#3802),#3805);
#3802 = B_SPLINE_CURVE_WITH_KNOTS('',1,(#3803,#3804),.UNSPECIFIED.,.F.,
  .F.,(2,2),(25.,30.),.PIECEWISE_BEZIER_KNOTS.);
#3803 = CARTESIAN_POINT('',(0.,25.));
#3804 = CARTESIAN_POINT('',(0.,30.));
#3805 = ( GEOMETRIC_REPRESENTATION_CONTEXT(2) 
PARAMETRIC_REPRESENTATION_CONTEXT() REPRESENTATION_CONTEXT('2D SPACE',''
  ) );
#3806 = ORIENTED_EDGE('',*,*,#3807,.T.);
#3807 = EDGE_CURVE('',#3783,#3808,#3810,.T.);
#3808 = VERTEX_POINT('',#3809);
#3809 = CARTESIAN_POINT('',(-20.,165.87548833848,141.34344588436));
#3810 = SURFACE_CURVE('',#3811,(#3814,#3820),.PCURVE_S1.);
#3811 = B_SPLINE_CURVE_WITH_KNOTS('',1,(#3812,#3813),.UNSPECIFIED.,.F.,
  .F.,(2,2),(0.,2.),.PIECEWISE_BEZIER_KNOTS.);
#3812 = CARTESIAN_POINT('',(-20.,165.87548833848,139.38989221983));
#3813 = CARTESIAN_POINT('',(-20.,165.87548833848,141.38989221983));
#3814 = PCURVE('',#920,#3815);
#3815 = DEFINITIONAL_REPRESENTATION('',(#3816),#3819);
#3816 = B_SPLINE_CURVE_WITH_KNOTS('',1,(#3817,#3818),.UNSPECIFIED.,.F.,
  .F.,(2,2),(0.,2.),.PIECEWISE_BEZIER_KNOTS.);
#3817 = CARTESIAN_POINT('',(0.,-30.));
#3818 = CARTESIAN_POINT('',(2.,-30.));
#3819 = ( GEOMETRIC_REPRESENTATION_CONTEXT(2) 
PARAMETRIC_REPRESENTATION_CONTEXT() REPRESENTATION_CONTEXT('2D SPACE',''
  ) );
#3820 = PCURVE('',#3821,#3826);
#3821 = B_SPLINE_SURFACE_WITH_KNOTS('',1,1,(
    (#3822,#3823)
    ,(#3824,#3825
    )),.UNSPECIFIED.,.F.,.F.,.F.,(2,2),(2,2),(0.,2.),(0.,30.),
  .PIECEWISE_BEZIER_KNOTS.);
#3822 = CARTESIAN_POINT('',(-20.,165.87548833848,139.38989221983));
#3823 = CARTESIAN_POINT('',(-20.,135.87548833848,139.38989221983));
#3824 = CARTESIAN_POINT('',(-20.,165.87548833848,141.38989221983));
#3825 = CARTESIAN_POINT('',(-20.,135.87548833848,141.38989221983));
#3826 = DEFINITIONAL_REPRESENTATION('',(#3827),#3830);
#3827 = B_SPLINE_CURVE_WITH_KNOTS('',1,(#3828,#3829),.UNSPECIFIED.,.F.,
  .F.,(2,2),(0.,2.),.PIECEWISE_BEZIER_KNOTS.);
#3828 = CARTESIAN_POINT('',(0.,0.));
#3829 = CARTESIAN_POINT('',(2.,0.));
#3830 = ( GEOMETRIC_REPRESENTATION_CONTEXT(2) 
PARAMETRIC_REPRESENTATION_CONTEXT() REPRESENTATION_CONTEXT('2D SPACE',''
  ) );
#3831 = ORIENTED_EDGE('',*,*,#3832,.T.);
#3832 = EDGE_CURVE('',#3808,#3762,#3833,.T.);
#3833 = SURFACE_CURVE('',#3834,(#3840,#3849),.PCURVE_S1.);
#3834 = B_SPLINE_CURVE_WITH_KNOTS('',4,(#3835,#3836,#3837,#3838,#3839),
  .UNSPECIFIED.,.F.,.F.,(5,5),(0.,1.),.PIECEWISE_BEZIER_KNOTS.);
#3835 = CARTESIAN_POINT('',(-20.,165.87548833848,141.34344588436));
#3836 = CARTESIAN_POINT('',(-19.99117830641,165.87548833848,
    141.35493098535));
#3837 = CARTESIAN_POINT('',(-19.98246778958,165.87548833848,
    141.36650149194));
#3838 = CARTESIAN_POINT('',(-19.97386969292,165.87548833848,
    141.37815578779));
#3839 = CARTESIAN_POINT('',(-19.96538521177,165.87548833848,
    141.38989221983));
#3840 = PCURVE('',#920,#3841);
#3841 = DEFINITIONAL_REPRESENTATION('',(#3842),#3848);
#3842 = B_SPLINE_CURVE_WITH_KNOTS('',4,(#3843,#3844,#3845,#3846,#3847),
  .UNSPECIFIED.,.F.,.F.,(5,5),(0.,1.),.PIECEWISE_BEZIER_KNOTS.);
#3843 = CARTESIAN_POINT('',(1.95355366453,-30.));
#3844 = CARTESIAN_POINT('',(1.965038765514,-29.99117830641));
#3845 = CARTESIAN_POINT('',(1.976609272111,-29.98246778958));
#3846 = CARTESIAN_POINT('',(1.988263567959,-29.97386969292));
#3847 = CARTESIAN_POINT('',(2.,-29.96538521177));
#3848 = ( GEOMETRIC_REPRESENTATION_CONTEXT(2) 
PARAMETRIC_REPRESENTATION_CONTEXT() REPRESENTATION_CONTEXT('2D SPACE',''
  ) );
#3849 = PCURVE('',#3850,#3855);
#3850 = CYLINDRICAL_SURFACE('',#3851,2.);
#3851 = AXIS2_PLACEMENT_3D('',#3852,#3853,#3854);
#3852 = CARTESIAN_POINT('',(-24.39215094432,212.81549398945,
    144.56582210309));
#3853 = DIRECTION('',(5.952381395277E-02,-0.997321021254,
    -4.251700996627E-02));
#3854 = DIRECTION('',(-0.269062855141,2.498660241544E-02,-0.962798447071
    ));
#3855 = DEFINITIONAL_REPRESENTATION('',(#3856),#3862);
#3856 = B_SPLINE_CURVE_WITH_KNOTS('',4,(#3857,#3858,#3859,#3860,#3861),
  .UNSPECIFIED.,.F.,.F.,(5,5),(0.,1.),.PIECEWISE_BEZIER_KNOTS.);
#3857 = CARTESIAN_POINT('',(1.187551956764,47.212697750988));
#3858 = CARTESIAN_POINT('',(1.194792959264,47.212734539683));
#3859 = CARTESIAN_POINT('',(1.20203397908,47.212761079522));
#3860 = CARTESIAN_POINT('',(1.209275009085,47.212777365215));
#3861 = CARTESIAN_POINT('',(1.216516041831,47.212783395894));
#3862 = ( GEOMETRIC_REPRESENTATION_CONTEXT(2) 
PARAMETRIC_REPRESENTATION_CONTEXT() REPRESENTATION_CONTEXT('2D SPACE',''
  ) );
#3863 = ADVANCED_FACE('',(#3864),#897,.T.);
#3864 = FACE_BOUND('',#3865,.T.);
#3865 = EDGE_LOOP('',(#3866,#3867,#3868,#3888));
#3866 = ORIENTED_EDGE('',*,*,#883,.F.);
#3867 = ORIENTED_EDGE('',*,*,#975,.F.);
#3868 = ORIENTED_EDGE('',*,*,#3869,.T.);
#3869 = EDGE_CURVE('',#956,#3870,#3872,.T.);
#3870 = VERTEX_POINT('',#3871);
#3871 = CARTESIAN_POINT('',(-15.,135.87548833848,139.38989221983));
#3872 = SURFACE_CURVE('',#3873,(#3876,#3882),.PCURVE_S1.);
#3873 = B_SPLINE_CURVE_WITH_KNOTS('',1,(#3874,#3875),.UNSPECIFIED.,.F.,
  .F.,(2,2),(23.,25.),.PIECEWISE_BEZIER_KNOTS.);
#3874 = CARTESIAN_POINT('',(-13.,135.87548833848,139.38989221983));
#3875 = CARTESIAN_POINT('',(-15.,135.87548833848,139.38989221983));
#3876 = PCURVE('',#897,#3877);
#3877 = DEFINITIONAL_REPRESENTATION('',(#3878),#3881);
#3878 = B_SPLINE_CURVE_WITH_KNOTS('',1,(#3879,#3880),.UNSPECIFIED.,.F.,
  .F.,(2,2),(23.,25.),.PIECEWISE_BEZIER_KNOTS.);
#3879 = CARTESIAN_POINT('',(30.,38.));
#3880 = CARTESIAN_POINT('',(30.,40.));
#3881 = ( GEOMETRIC_REPRESENTATION_CONTEXT(2) 
PARAMETRIC_REPRESENTATION_CONTEXT() REPRESENTATION_CONTEXT('2D SPACE',''
  ) );
#3882 = PCURVE('',#1595,#3883);
#3883 = DEFINITIONAL_REPRESENTATION('',(#3884),#3887);
#3884 = B_SPLINE_CURVE_WITH_KNOTS('',1,(#3885,#3886),.UNSPECIFIED.,.F.,
  .F.,(2,2),(23.,25.),.PIECEWISE_BEZIER_KNOTS.);
#3885 = CARTESIAN_POINT('',(0.,-23.));
#3886 = CARTESIAN_POINT('',(0.,-25.));
#3887 = ( GEOMETRIC_REPRESENTATION_CONTEXT(2) 
PARAMETRIC_REPRESENTATION_CONTEXT() REPRESENTATION_CONTEXT('2D SPACE',''
  ) );
#3888 = ORIENTED_EDGE('',*,*,#3889,.T.);
#3889 = EDGE_CURVE('',#3870,#884,#3890,.T.);
#3890 = SURFACE_CURVE('',#3891,(#3894,#3901),.PCURVE_S1.);
#3891 = B_SPLINE_CURVE_WITH_KNOTS('',1,(#3892,#3893),.UNSPECIFIED.,.F.,
  .F.,(2,2),(-30.,0.),.PIECEWISE_BEZIER_KNOTS.);
#3892 = CARTESIAN_POINT('',(-15.,135.87548833848,139.38989221983));
#3893 = CARTESIAN_POINT('',(-15.,165.87548833848,139.38989221983));
#3894 = PCURVE('',#897,#3895);
#3895 = DEFINITIONAL_REPRESENTATION('',(#3896),#3900);
#3896 = B_SPLINE_CURVE_WITH_KNOTS('',2,(#3897,#3898,#3899),
  .UNSPECIFIED.,.F.,.F.,(3,3),(-30.,0.),.PIECEWISE_BEZIER_KNOTS.);
#3897 = CARTESIAN_POINT('',(30.,40.));
#3898 = CARTESIAN_POINT('',(15.,40.));
#3899 = CARTESIAN_POINT('',(0.,40.));
#3900 = ( GEOMETRIC_REPRESENTATION_CONTEXT(2) 
PARAMETRIC_REPRESENTATION_CONTEXT() REPRESENTATION_CONTEXT('2D SPACE',''
  ) );
#3901 = PCURVE('',#3796,#3902);
#3902 = DEFINITIONAL_REPRESENTATION('',(#3903),#3906);
#3903 = B_SPLINE_CURVE_WITH_KNOTS('',1,(#3904,#3905),.UNSPECIFIED.,.F.,
  .F.,(2,2),(-30.,0.),.PIECEWISE_BEZIER_KNOTS.);
#3904 = CARTESIAN_POINT('',(30.,25.));
#3905 = CARTESIAN_POINT('',(0.,25.));
#3906 = ( GEOMETRIC_REPRESENTATION_CONTEXT(2) 
PARAMETRIC_REPRESENTATION_CONTEXT() REPRESENTATION_CONTEXT('2D SPACE',''
  ) );
#3907 = ADVANCED_FACE('',(#3908),#1562,.F.);
#3908 = FACE_BOUND('',#3909,.F.);
#3909 = EDGE_LOOP('',(#3910,#3933,#3934,#3935));
#3910 = ORIENTED_EDGE('',*,*,#3911,.F.);
#3911 = EDGE_CURVE('',#1394,#3912,#3914,.T.);
#3912 = VERTEX_POINT('',#3913);
#3913 = CARTESIAN_POINT('',(8.042892824451,149.4,141.38989221983));
#3914 = SURFACE_CURVE('',#3915,(#3920,#3927),.PCURVE_S1.);
#3915 = CIRCLE('',#3916,2.05);
#3916 = AXIS2_PLACEMENT_3D('',#3917,#3918,#3919);
#3917 = CARTESIAN_POINT('',(10.,149.4,142.));
#3918 = DIRECTION('',(0.,1.,0.));
#3919 = DIRECTION('',(0.989519311639,-0.,0.1444005952));
#3920 = PCURVE('',#1562,#3921);
#3921 = DEFINITIONAL_REPRESENTATION('',(#3922),#3926);
#3922 = LINE('',#3923,#3924);
#3923 = CARTESIAN_POINT('',(0.,164.8));
#3924 = VECTOR('',#3925,1.);
#3925 = DIRECTION('',(1.,0.));
#3926 = ( GEOMETRIC_REPRESENTATION_CONTEXT(2) 
PARAMETRIC_REPRESENTATION_CONTEXT() REPRESENTATION_CONTEXT('2D SPACE',''
  ) );
#3927 = PCURVE('',#1491,#3928);
#3928 = DEFINITIONAL_REPRESENTATION('',(#3929),#3932);
#3929 = B_SPLINE_CURVE_WITH_KNOTS('',1,(#3930,#3931),.UNSPECIFIED.,.F.,
  .F.,(2,2),(0.,6.28318530718),.PIECEWISE_BEZIER_KNOTS.);
#3930 = CARTESIAN_POINT('',(0.,9.569685152947));
#3931 = CARTESIAN_POINT('',(0.,3.286499845767));
#3932 = ( GEOMETRIC_REPRESENTATION_CONTEXT(2) 
PARAMETRIC_REPRESENTATION_CONTEXT() REPRESENTATION_CONTEXT('2D SPACE',''
  ) );
#3933 = ORIENTED_EDGE('',*,*,#1544,.T.);
#3934 = ORIENTED_EDGE('',*,*,#1659,.F.);
#3935 = ORIENTED_EDGE('',*,*,#3936,.T.);
#3936 = EDGE_CURVE('',#1633,#3912,#3937,.T.);
#3937 = SURFACE_CURVE('',#3938,(#3944,#3953),.PCURVE_S1.);
#3938 = B_SPLINE_CURVE_WITH_KNOTS('',4,(#3939,#3940,#3941,#3942,#3943),
  .UNSPECIFIED.,.F.,.F.,(5,5),(0.,1.),.PIECEWISE_BEZIER_KNOTS.);
#3939 = CARTESIAN_POINT('',(8.042892824451,135.87548833848,
    141.38989221983));
#3940 = CARTESIAN_POINT('',(8.042892824451,139.25661625386,
    141.38989221983));
#3941 = CARTESIAN_POINT('',(8.042892824451,142.63774416924,
    141.38989221983));
#3942 = CARTESIAN_POINT('',(8.042892824451,146.01887208462,
    141.38989221983));
#3943 = CARTESIAN_POINT('',(8.042892824451,149.4,141.38989221983));
#3944 = PCURVE('',#1562,#3945);
#3945 = DEFINITIONAL_REPRESENTATION('',(#3946),#3952);
#3946 = B_SPLINE_CURVE_WITH_KNOTS('',4,(#3947,#3948,#3949,#3950,#3951),
  .UNSPECIFIED.,.F.,.F.,(5,5),(0.,1.),.PIECEWISE_BEZIER_KNOTS.);
#3947 = CARTESIAN_POINT('',(2.98430788903,151.27548833848));
#3948 = CARTESIAN_POINT('',(2.98430788903,154.65661625386));
#3949 = CARTESIAN_POINT('',(2.98430788903,158.03774416924));
#3950 = CARTESIAN_POINT('',(2.98430788903,161.41887208462));
#3951 = CARTESIAN_POINT('',(2.98430788903,164.8));
#3952 = ( GEOMETRIC_REPRESENTATION_CONTEXT(2) 
PARAMETRIC_REPRESENTATION_CONTEXT() REPRESENTATION_CONTEXT('2D SPACE',''
  ) );
#3953 = PCURVE('',#1648,#3954);
#3954 = DEFINITIONAL_REPRESENTATION('',(#3955),#3961);
#3955 = B_SPLINE_CURVE_WITH_KNOTS('',4,(#3956,#3957,#3958,#3959,#3960),
  .UNSPECIFIED.,.F.,.F.,(5,5),(0.,1.),.PIECEWISE_BEZIER_KNOTS.);
#3956 = CARTESIAN_POINT('',(30.,1.957107175549));
#3957 = CARTESIAN_POINT('',(26.618872084621,1.957107175549));
#3958 = CARTESIAN_POINT('',(23.237744169243,1.957107175549));
#3959 = CARTESIAN_POINT('',(19.856616253864,1.957107175549));
#3960 = CARTESIAN_POINT('',(16.475488338486,1.957107175549));
#3961 = ( GEOMETRIC_REPRESENTATION_CONTEXT(2) 
PARAMETRIC_REPRESENTATION_CONTEXT() REPRESENTATION_CONTEXT('2D SPACE',''
  ) );
#3962 = ADVANCED_FACE('',(#3963),#1491,.F.);
#3963 = FACE_BOUND('',#3964,.F.);
#3964 = EDGE_LOOP('',(#3965,#3966,#3967,#3968));
#3965 = ORIENTED_EDGE('',*,*,#3592,.T.);
#3966 = ORIENTED_EDGE('',*,*,#1393,.T.);
#3967 = ORIENTED_EDGE('',*,*,#3911,.T.);
#3968 = ORIENTED_EDGE('',*,*,#3969,.F.);
#3969 = EDGE_CURVE('',#3102,#3912,#3970,.T.);
#3970 = SURFACE_CURVE('',#3971,(#4031,#4094),.PCURVE_S1.);
#3971 = B_SPLINE_CURVE_WITH_KNOTS('',4,(#3972,#3973,#3974,#3975,#3976,
    #3977,#3978,#3979,#3980,#3981,#3982,#3983,#3984,#3985,#3986,#3987,
    #3988,#3989,#3990,#3991,#3992,#3993,#3994,#3995,#3996,#3997,#3998,
    #3999,#4000,#4001,#4002,#4003,#4004,#4005,#4006,#4007,#4008,#4009,
    #4010,#4011,#4012,#4013,#4014,#4015,#4016,#4017,#4018,#4019,#4020,
    #4021,#4022,#4023,#4024,#4025,#4026,#4027,#4028,#4029,#4030),
  .UNSPECIFIED.,.F.,.F.,(5,3,3,3,3,3,3,3,3,3,3,3,3,3,3,3,3,3,3,5),(0.,
    3.940796332416E-02,6.159792443986E-02,0.113658986983,0.130728187841,
    0.149504308786,0.197298071141,0.23143647285,0.254479894008,
    0.276669855124,0.300566736325,0.32275669744,0.343239738471,
    0.356895099158,0.373964300016,0.426025362559,0.439680723246,
    0.478939885203,0.738391500025,1.),.UNSPECIFIED.);
#3972 = CARTESIAN_POINT('',(10.,154.47443286119,141.38989221983));
#3973 = CARTESIAN_POINT('',(9.963194884426,154.43381578084,
    141.38989221983));
#3974 = CARTESIAN_POINT('',(9.926782565832,154.39284276807,
    141.38989221983));
#3975 = CARTESIAN_POINT('',(9.89076820763,154.35151952106,
    141.38989221983));
#3976 = CARTESIAN_POINT('',(9.835104625186,154.28638954154,
    141.38989221983));
#3977 = CARTESIAN_POINT('',(9.815180206672,154.26281800452,
    141.38989221983));
#3978 = CARTESIAN_POINT('',(9.795384442567,154.23913831841,
    141.38989221983));
#3979 = CARTESIAN_POINT('',(9.729578194972,154.15954410261,
    141.38989221983));
#3980 = CARTESIAN_POINT('',(9.684151167139,154.10314718743,
    141.38989221983));
#3981 = CARTESIAN_POINT('',(9.639448422466,154.04617446134,
    141.38989221983));
#3982 = CARTESIAN_POINT('',(9.581065089627,153.9697762592,
    141.38989221983));
#3983 = CARTESIAN_POINT('',(9.566728468178,153.95085212149,
    141.38989221983));
#3984 = CARTESIAN_POINT('',(9.552471242444,153.93186809616,
    141.38989221983));
#3985 = CARTESIAN_POINT('',(9.522698583006,153.89187693157,
    141.38989221983));
#3986 = CARTESIAN_POINT('',(9.507199900757,153.87085732115,
    141.38989221983));
#3987 = CARTESIAN_POINT('',(9.491798235476,153.84976652031,
    141.38989221983));
#3988 = CARTESIAN_POINT('',(9.43753802859,153.77474003157,
    141.38989221983));
#3989 = CARTESIAN_POINT('',(9.399213746112,153.72041795947,
    141.38989221983));
#3990 = CARTESIAN_POINT('',(9.361529266392,153.66565010272,
    141.38989221983));
#3991 = CARTESIAN_POINT('',(9.298037208626,153.57101767511,
    141.38989221983));
#3992 = CARTESIAN_POINT('',(9.27191251399,153.53136586777,
    141.38989221983));
#3993 = CARTESIAN_POINT('',(9.24612093406,153.49149658259,
    141.38989221983));
#3994 = CARTESIAN_POINT('',(9.203482493914,153.42435832307,
    141.38989221983));
#3995 = CARTESIAN_POINT('',(9.186452835394,153.39720544091,
    141.38989221983));
#3996 = CARTESIAN_POINT('',(9.169576997554,153.36995669091,
    141.38989221983));
#3997 = CARTESIAN_POINT('',(9.136753871655,153.3162827935,
    141.38989221983));
#3998 = CARTESIAN_POINT('',(9.120795342152,153.28986452053,
    141.38989221983));
#3999 = CARTESIAN_POINT('',(9.10498091018,153.26335973696,
    141.38989221983));
#4000 = CARTESIAN_POINT('',(9.072436278556,153.2081341209,
    141.38989221983));
#4001 = CARTESIAN_POINT('',(9.055729211743,153.17939965613,
    141.38989221983));
#4002 = CARTESIAN_POINT('',(9.039190942822,153.15056770843,
    141.38989221983));
#4003 = CARTESIAN_POINT('',(9.007622877189,153.09477811308,
    141.38989221983));
#4004 = CARTESIAN_POINT('',(8.992569711375,153.06783368861,
    141.38989221983));
#4005 = CARTESIAN_POINT('',(8.977663494832,153.04080769151,
    141.38989221983));
#4006 = CARTESIAN_POINT('',(8.949281550977,152.98868006837,
    141.38989221983));
#4007 = CARTESIAN_POINT('',(8.935783988489,152.96359033092,
    141.38989221983));
#4008 = CARTESIAN_POINT('',(8.922412712892,152.93843306343,
    141.38989221983));
#4009 = CARTESIAN_POINT('',(8.900338568328,152.89639332753,
    141.38989221983));
#4010 = CARTESIAN_POINT('',(8.891565261105,152.87954784471,
    141.38989221983));
#4011 = CARTESIAN_POINT('',(8.882848453214,152.86267305667,
    141.38989221983));
#4012 = CARTESIAN_POINT('',(8.863363087173,152.82463948749,
    141.38989221983));
#4013 = CARTESIAN_POINT('',(8.852626391951,152.80346438232,
    141.38989221983));
#4014 = CARTESIAN_POINT('',(8.841978489775,152.78224448877,
    141.38989221983));
#4015 = CARTESIAN_POINT('',(8.799215223348,152.69612479365,
    141.38989221983));
#4016 = CARTESIAN_POINT('',(8.76783937035,152.63085778248,
    141.38989221983));
#4017 = CARTESIAN_POINT('',(8.73729998546,152.56519521422,
    141.38989221983));
#4018 = CARTESIAN_POINT('',(8.699815318608,152.48183078097,
    141.38989221983));
#4019 = CARTESIAN_POINT('',(8.692084345101,152.46448220005,
    141.38989221983));
#4020 = CARTESIAN_POINT('',(8.684411550982,152.44710780966,
    141.38989221983));
#4021 = CARTESIAN_POINT('',(8.654905415913,152.37968317089,
    141.38989221983));
#4022 = CARTESIAN_POINT('',(8.6334957164,152.32944752986,141.38989221983
    ));
#4023 = CARTESIAN_POINT('',(8.612571014157,152.27900794521,
    141.38989221983));
#4024 = CARTESIAN_POINT('',(8.457073295261,151.89373070502,
    141.38989221983));
#4025 = CARTESIAN_POINT('',(8.343318205657,151.55048878985,
    141.38989221983));
#4026 = CARTESIAN_POINT('',(8.251693068505,151.20068875128,
    141.38989221983));
#4027 = CARTESIAN_POINT('',(8.11297252236,150.48935232453,
    141.38989221983));
#4028 = CARTESIAN_POINT('',(8.066252848185,150.12773850467,
    141.38989221983));
#4029 = CARTESIAN_POINT('',(8.042892824451,149.76386821481,
    141.38989221983));
#4030 = CARTESIAN_POINT('',(8.042892824451,149.4,141.38989221983));
#4031 = PCURVE('',#1491,#4032);
#4032 = DEFINITIONAL_REPRESENTATION('',(#4033),#4093);
#4033 = B_SPLINE_CURVE_WITH_KNOTS('',4,(#4034,#4035,#4036,#4037,#4038,
    #4039,#4040,#4041,#4042,#4043,#4044,#4045,#4046,#4047,#4048,#4049,
    #4050,#4051,#4052,#4053,#4054,#4055,#4056,#4057,#4058,#4059,#4060,
    #4061,#4062,#4063,#4064,#4065,#4066,#4067,#4068,#4069,#4070,#4071,
    #4072,#4073,#4074,#4075,#4076,#4077,#4078,#4079,#4080,#4081,#4082,
    #4083,#4084,#4085,#4086,#4087,#4088,#4089,#4090,#4091,#4092),
  .UNSPECIFIED.,.F.,.F.,(5,3,3,3,3,3,3,3,3,3,3,3,3,3,3,3,3,3,3,5),(0.,
    3.940796332416E-02,6.159792443986E-02,0.113658986983,0.130728187841,
    0.149504308786,0.197298071141,0.23143647285,0.254479894008,
    0.276669855124,0.300566736325,0.32275669744,0.343239738471,
    0.356895099158,0.373964300016,0.426025362559,0.439680723246,
    0.478939885203,0.738391500025,1.),.UNSPECIFIED.);
#4034 = CARTESIAN_POINT('',(0.736201820002,6.585377263917));
#4035 = CARTESIAN_POINT('',(0.728948769941,6.585377263917));
#4036 = CARTESIAN_POINT('',(0.721695720066,6.585377263917));
#4037 = CARTESIAN_POINT('',(0.714442669908,6.585377263917));
#4038 = CARTESIAN_POINT('',(0.703105549413,6.585377263917));
#4039 = CARTESIAN_POINT('',(0.699021478963,6.585377263917));
#4040 = CARTESIAN_POINT('',(0.694937408513,6.585377263917));
#4041 = CARTESIAN_POINT('',(0.681271480484,6.585377263917));
#4042 = CARTESIAN_POINT('',(0.671689622877,6.585377263917));
#4043 = CARTESIAN_POINT('',(0.662107765269,6.585377263917));
#4044 = CARTESIAN_POINT('',(0.649384315036,6.585377263917));
#4045 = CARTESIAN_POINT('',(0.646242722383,6.585377263917));
#4046 = CARTESIAN_POINT('',(0.643101129729,6.585377263917));
#4047 = CARTESIAN_POINT('',(0.636503785157,6.585377263917));
#4048 = CARTESIAN_POINT('',(0.633048033238,6.585377263917));
#4049 = CARTESIAN_POINT('',(0.629592281319,6.585377263917));
#4050 = CARTESIAN_POINT('',(0.617340069979,6.585377263917));
#4051 = CARTESIAN_POINT('',(0.60854361054,6.585377263917));
#4052 = CARTESIAN_POINT('',(0.5997471511,6.585377263917));
#4053 = CARTESIAN_POINT('',(0.584667506374,6.585377263917));
#4054 = CARTESIAN_POINT('',(0.578384321065,6.585377263917));
#4055 = CARTESIAN_POINT('',(0.572101135756,6.585377263917));
#4056 = CARTESIAN_POINT('',(0.561576800369,6.585377263917));
#4057 = CARTESIAN_POINT('',(0.557335650286,6.585377263917));
#4058 = CARTESIAN_POINT('',(0.553094500204,6.585377263917));
#4059 = CARTESIAN_POINT('',(0.544769279672,6.585377263917));
#4060 = CARTESIAN_POINT('',(0.540685209222,6.585377263917));
#4061 = CARTESIAN_POINT('',(0.536601138772,6.585377263917));
#4062 = CARTESIAN_POINT('',(0.528118838608,6.585377263917));
#4063 = CARTESIAN_POINT('',(0.523720608893,6.585377263917));
#4064 = CARTESIAN_POINT('',(0.519322379177,6.585377263917));
#4065 = CARTESIAN_POINT('',(0.510840079013,6.585377263917));
#4066 = CARTESIAN_POINT('',(0.506756008563,6.585377263917));
#4067 = CARTESIAN_POINT('',(0.502671938113,6.585377263917));
#4068 = CARTESIAN_POINT('',(0.49481795648,6.585377263917));
#4069 = CARTESIAN_POINT('',(0.491048045295,6.585377263917));
#4070 = CARTESIAN_POINT('',(0.487278134111,6.585377263917));
#4071 = CARTESIAN_POINT('',(0.480994948804,6.585377263917));
#4072 = CARTESIAN_POINT('',(0.478481674681,6.585377263917));
#4073 = CARTESIAN_POINT('',(0.475968400558,6.585377263917));
#4074 = CARTESIAN_POINT('',(0.470313533782,6.585377263917));
#4075 = CARTESIAN_POINT('',(0.467171941128,6.585377263917));
#4076 = CARTESIAN_POINT('',(0.464030348474,6.585377263917));
#4077 = CARTESIAN_POINT('',(0.451306898242,6.585377263917));
#4078 = CARTESIAN_POINT('',(0.441725040634,6.585377263917));
#4079 = CARTESIAN_POINT('',(0.432143183026,6.585377263917));
#4080 = CARTESIAN_POINT('',(0.420048051324,6.585377263917));
#4081 = CARTESIAN_POINT('',(0.417534777201,6.585377263917));
#4082 = CARTESIAN_POINT('',(0.415021503078,6.585377263917));
#4083 = CARTESIAN_POINT('',(0.405282565856,6.585377263917));
#4084 = CARTESIAN_POINT('',(0.398056902749,6.585377263917));
#4085 = CARTESIAN_POINT('',(0.390831239642,6.585377263917));
#4086 = CARTESIAN_POINT('',(0.335853412055,6.585377263917));
#4087 = CARTESIAN_POINT('',(0.288101159873,6.585377263917));
#4088 = CARTESIAN_POINT('',(0.240348907691,6.585377263917));
#4089 = CARTESIAN_POINT('',(0.144447603217,6.585377263917));
#4090 = CARTESIAN_POINT('',(9.629837145841E-02,6.585377263917));
#4091 = CARTESIAN_POINT('',(4.814914045342E-02,6.585377263917));
#4092 = CARTESIAN_POINT('',(0.,6.585377263917));
#4093 = ( GEOMETRIC_REPRESENTATION_CONTEXT(2) 
PARAMETRIC_REPRESENTATION_CONTEXT() REPRESENTATION_CONTEXT('2D SPACE',''
  ) );
#4094 = PCURVE('',#1648,#4095);
#4095 = DEFINITIONAL_REPRESENTATION('',(#4096),#4156);
#4096 = B_SPLINE_CURVE_WITH_KNOTS('',4,(#4097,#4098,#4099,#4100,#4101,
    #4102,#4103,#4104,#4105,#4106,#4107,#4108,#4109,#4110,#4111,#4112,
    #4113,#4114,#4115,#4116,#4117,#4118,#4119,#4120,#4121,#4122,#4123,
    #4124,#4125,#4126,#4127,#4128,#4129,#4130,#4131,#4132,#4133,#4134,
    #4135,#4136,#4137,#4138,#4139,#4140,#4141,#4142,#4143,#4144,#4145,
    #4146,#4147,#4148,#4149,#4150,#4151,#4152,#4153,#4154,#4155),
  .UNSPECIFIED.,.F.,.F.,(5,3,3,3,3,3,3,3,3,3,3,3,3,3,3,3,3,3,3,5),(0.,
    3.940796332416E-02,6.159792443986E-02,0.113658986983,0.130728187841,
    0.149504308786,0.197298071141,0.23143647285,0.254479894008,
    0.276669855124,0.300566736325,0.32275669744,0.343239738471,
    0.356895099158,0.373964300016,0.426025362559,0.439680723246,
    0.478939885203,0.738391500025,1.),.UNSPECIFIED.);
#4097 = CARTESIAN_POINT('',(11.401055477295,0.));
#4098 = CARTESIAN_POINT('',(11.441672557643,3.680511557354E-02));
#4099 = CARTESIAN_POINT('',(11.482645570409,7.32174341682E-02));
#4100 = CARTESIAN_POINT('',(11.523968817424,0.10923179237));
#4101 = CARTESIAN_POINT('',(11.589098796938,0.164895374814));
#4102 = CARTESIAN_POINT('',(11.612670333963,0.184819793328));
#4103 = CARTESIAN_POINT('',(11.636350020076,0.204615557433));
#4104 = CARTESIAN_POINT('',(11.715944235869,0.270421805028));
#4105 = CARTESIAN_POINT('',(11.772341151049,0.315848832861));
#4106 = CARTESIAN_POINT('',(11.82931387714,0.360551577534));
#4107 = CARTESIAN_POINT('',(11.905712079276,0.418934910373));
#4108 = CARTESIAN_POINT('',(11.924636216995,0.433271531822));
#4109 = CARTESIAN_POINT('',(11.943620242316,0.447528757556));
#4110 = CARTESIAN_POINT('',(11.983611406909,0.477301416994));
#4111 = CARTESIAN_POINT('',(12.00463101733,0.492800099243));
#4112 = CARTESIAN_POINT('',(12.025721818173,0.508201764524));
#4113 = CARTESIAN_POINT('',(12.100748306912,0.56246197141));
#4114 = CARTESIAN_POINT('',(12.155070379013,0.600786253888));
#4115 = CARTESIAN_POINT('',(12.209838235764,0.638470733608));
#4116 = CARTESIAN_POINT('',(12.304470663371,0.701962791374));
#4117 = CARTESIAN_POINT('',(12.344122470716,0.72808748601));
#4118 = CARTESIAN_POINT('',(12.38399175589,0.75387906594));
#4119 = CARTESIAN_POINT('',(12.451130015412,0.796517506086));
#4120 = CARTESIAN_POINT('',(12.478282897574,0.813547164606));
#4121 = CARTESIAN_POINT('',(12.505531647567,0.830423002446));
#4122 = CARTESIAN_POINT('',(12.559205544977,0.863246128345));
#4123 = CARTESIAN_POINT('',(12.585623817951,0.879204657848));
#4124 = CARTESIAN_POINT('',(12.612128601525,0.89501908982));
#4125 = CARTESIAN_POINT('',(12.667354217585,0.927563721444));
#4126 = CARTESIAN_POINT('',(12.696088682355,0.944270788257));
#4127 = CARTESIAN_POINT('',(12.724920630054,0.960809057178));
#4128 = CARTESIAN_POINT('',(12.780710225402,0.992377122811));
#4129 = CARTESIAN_POINT('',(12.807654649868,1.007430288625));
#4130 = CARTESIAN_POINT('',(12.834680646968,1.022336505168));
#4131 = CARTESIAN_POINT('',(12.88680827011,1.050718449023));
#4132 = CARTESIAN_POINT('',(12.911898007564,1.064216011511));
#4133 = CARTESIAN_POINT('',(12.937055275054,1.077587287108));
#4134 = CARTESIAN_POINT('',(12.979095010947,1.099661431672));
#4135 = CARTESIAN_POINT('',(12.995940493773,1.108434738895));
#4136 = CARTESIAN_POINT('',(13.012815281814,1.117151546786));
#4137 = CARTESIAN_POINT('',(13.050848850994,1.136636912827));
#4138 = CARTESIAN_POINT('',(13.072023956158,1.147373608049));
#4139 = CARTESIAN_POINT('',(13.093243849707,1.158021510225));
#4140 = CARTESIAN_POINT('',(13.179363544828,1.200784776652));
#4141 = CARTESIAN_POINT('',(13.244630556006,1.23216062965));
#4142 = CARTESIAN_POINT('',(13.310293124263,1.26270001454));
#4143 = CARTESIAN_POINT('',(13.393657557509,1.300184681392));
#4144 = CARTESIAN_POINT('',(13.411006138428,1.307915654899));
#4145 = CARTESIAN_POINT('',(13.428380528825,1.315588449018));
#4146 = CARTESIAN_POINT('',(13.495805167593,1.345094584087));
#4147 = CARTESIAN_POINT('',(13.546040808626,1.3665042836));
#4148 = CARTESIAN_POINT('',(13.59648039327,1.387428985843));
#4149 = CARTESIAN_POINT('',(13.98175763346,1.542926704739));
#4150 = CARTESIAN_POINT('',(14.32499954863,1.656681794343));
#4151 = CARTESIAN_POINT('',(14.674799587198,1.748306931495));
#4152 = CARTESIAN_POINT('',(15.386136013946,1.88702747764));
#4153 = CARTESIAN_POINT('',(15.747749833815,1.933747151815));
#4154 = CARTESIAN_POINT('',(16.111620123668,1.957107175549));
#4155 = CARTESIAN_POINT('',(16.475488338486,1.957107175549));
#4156 = ( GEOMETRIC_REPRESENTATION_CONTEXT(2) 
PARAMETRIC_REPRESENTATION_CONTEXT() REPRESENTATION_CONTEXT('2D SPACE',''
  ) );
#4157 = ADVANCED_FACE('',(#4158),#1618,.F.);
#4158 = FACE_BOUND('',#4159,.F.);
#4159 = EDGE_LOOP('',(#4160,#4161,#4162,#4187));
#4160 = ORIENTED_EDGE('',*,*,#3761,.F.);
#4161 = ORIENTED_EDGE('',*,*,#1606,.T.);
#4162 = ORIENTED_EDGE('',*,*,#4163,.T.);
#4163 = EDGE_CURVE('',#1582,#4164,#4166,.T.);
#4164 = VERTEX_POINT('',#4165);
#4165 = CARTESIAN_POINT('',(-17.79950999689,135.87548833848,
    141.38989221983));
#4166 = SURFACE_CURVE('',#4167,(#4170,#4176),.PCURVE_S1.);
#4167 = B_SPLINE_CURVE_WITH_KNOTS('',1,(#4168,#4169),.UNSPECIFIED.,.F.,
  .F.,(2,2),(25.,30.),.PIECEWISE_BEZIER_KNOTS.);
#4168 = CARTESIAN_POINT('',(-15.,135.87548833848,141.38989221983));
#4169 = CARTESIAN_POINT('',(-20.,135.87548833848,141.38989221983));
#4170 = PCURVE('',#1618,#4171);
#4171 = DEFINITIONAL_REPRESENTATION('',(#4172),#4175);
#4172 = B_SPLINE_CURVE_WITH_KNOTS('',1,(#4173,#4174),.UNSPECIFIED.,.F.,
  .F.,(2,2),(25.,30.),.PIECEWISE_BEZIER_KNOTS.);
#4173 = CARTESIAN_POINT('',(30.,25.));
#4174 = CARTESIAN_POINT('',(30.,30.));
#4175 = ( GEOMETRIC_REPRESENTATION_CONTEXT(2) 
PARAMETRIC_REPRESENTATION_CONTEXT() REPRESENTATION_CONTEXT('2D SPACE',''
  ) );
#4176 = PCURVE('',#4177,#4182);
#4177 = B_SPLINE_SURFACE_WITH_KNOTS('',1,1,(
    (#4178,#4179)
    ,(#4180,#4181
    )),.UNSPECIFIED.,.F.,.F.,.F.,(2,2),(2,2),(0.,2.),(-30.,-25.),
  .PIECEWISE_BEZIER_KNOTS.);
#4178 = CARTESIAN_POINT('',(-20.,135.87548833848,139.38989221983));
#4179 = CARTESIAN_POINT('',(-15.,135.87548833848,139.38989221983));
#4180 = CARTESIAN_POINT('',(-20.,135.87548833848,141.38989221983));
#4181 = CARTESIAN_POINT('',(-15.,135.87548833848,141.38989221983));
#4182 = DEFINITIONAL_REPRESENTATION('',(#4183),#4186);
#4183 = B_SPLINE_CURVE_WITH_KNOTS('',1,(#4184,#4185),.UNSPECIFIED.,.F.,
  .F.,(2,2),(25.,30.),.PIECEWISE_BEZIER_KNOTS.);
#4184 = CARTESIAN_POINT('',(2.,-25.));
#4185 = CARTESIAN_POINT('',(2.,-30.));
#4186 = ( GEOMETRIC_REPRESENTATION_CONTEXT(2) 
PARAMETRIC_REPRESENTATION_CONTEXT() REPRESENTATION_CONTEXT('2D SPACE',''
  ) );
#4187 = ORIENTED_EDGE('',*,*,#4188,.T.);
#4188 = EDGE_CURVE('',#4164,#3762,#4189,.T.);
#4189 = SURFACE_CURVE('',#4190,(#4213,#4239),.PCURVE_S1.);
#4190 = B_SPLINE_CURVE_WITH_KNOTS('',6,(#4191,#4192,#4193,#4194,#4195,
    #4196,#4197,#4198,#4199,#4200,#4201,#4202,#4203,#4204,#4205,#4206,
    #4207,#4208,#4209,#4210,#4211,#4212),.UNSPECIFIED.,.F.,.F.,(7,5,5,5,
    7),(0.,0.24980795556,0.499725602996,0.749774611763,1.),
  .UNSPECIFIED.);
#4191 = CARTESIAN_POINT('',(-17.79950999689,135.87548833848,
    141.38989221983));
#4192 = CARTESIAN_POINT('',(-17.87121600629,137.12574103227,
    141.38989221983));
#4193 = CARTESIAN_POINT('',(-17.94462770489,138.37589487626,
    141.38989221983));
#4194 = CARTESIAN_POINT('',(-18.01973395966,139.62594839131,
    141.38989221983));
#4195 = CARTESIAN_POINT('',(-18.09653423982,140.87589944048,
    141.38989221983));
#4196 = CARTESIAN_POINT('',(-18.17503894879,142.12574519833,
    141.38989221983));
#4197 = CARTESIAN_POINT('',(-18.33553579289,144.62576780735,
    141.38989221983));
#4198 = CARTESIAN_POINT('',(-18.41752941965,145.87594448811,
    141.38989221983));
#4199 = CARTESIAN_POINT('',(-18.50127273679,147.12600861284,
    141.38989221983));
#4200 = CARTESIAN_POINT('',(-18.58679888471,148.37595569291,
    141.38989221983));
#4201 = CARTESIAN_POINT('',(-18.67415501488,149.62578009068,
    141.38989221983));
#4202 = CARTESIAN_POINT('',(-18.85270241874,152.12582639122,
    141.38989221983));
#4203 = CARTESIAN_POINT('',(-18.94389557939,153.37604801395,
    141.38989221983));
#4204 = CARTESIAN_POINT('',(-19.0370499756,154.62613270802,
    141.38989221983));
#4205 = CARTESIAN_POINT('',(-19.13224672777,155.87607177759,
    141.38989221983));
#4206 = CARTESIAN_POINT('',(-19.22959218498,157.12585410187,
    141.38989221983));
#4207 = CARTESIAN_POINT('',(-19.42893262723,159.6259582207,
    141.38989221983));
#4208 = CARTESIAN_POINT('',(-19.53093105502,160.87627926158,
    141.38989221983));
#4209 = CARTESIAN_POINT('',(-19.63536420245,162.12641475698,
    141.38989221983));
#4210 = CARTESIAN_POINT('',(-19.74241316539,163.37634602629,
    141.38989221983));
#4211 = CARTESIAN_POINT('',(-19.85230769359,164.62604878097,
    141.38989221983));
#4212 = CARTESIAN_POINT('',(-19.96538521177,165.87548833848,
    141.38989221983));
#4213 = PCURVE('',#1618,#4214);
#4214 = DEFINITIONAL_REPRESENTATION('',(#4215),#4238);
#4215 = B_SPLINE_CURVE_WITH_KNOTS('',6,(#4216,#4217,#4218,#4219,#4220,
    #4221,#4222,#4223,#4224,#4225,#4226,#4227,#4228,#4229,#4230,#4231,
    #4232,#4233,#4234,#4235,#4236,#4237),.UNSPECIFIED.,.F.,.F.,(7,5,5,5,
    7),(0.,0.24980795556,0.499725602996,0.749774611763,1.),
  .UNSPECIFIED.);
#4216 = CARTESIAN_POINT('',(30.,27.799509996898));
#4217 = CARTESIAN_POINT('',(28.749747306207,27.87121600629));
#4218 = CARTESIAN_POINT('',(27.499593462218,27.944627704898));
#4219 = CARTESIAN_POINT('',(26.249539947175,28.019733959661));
#4220 = CARTESIAN_POINT('',(24.999588897997,28.096534239827));
#4221 = CARTESIAN_POINT('',(23.749743140148,28.175038948797));
#4222 = CARTESIAN_POINT('',(21.249720531133,28.335535792896));
#4223 = CARTESIAN_POINT('',(19.999543850374,28.417529419656));
#4224 = CARTESIAN_POINT('',(18.749479725642,28.501272736798));
#4225 = CARTESIAN_POINT('',(17.499532645575,28.586798884719));
#4226 = CARTESIAN_POINT('',(16.249708247804,28.674155014882));
#4227 = CARTESIAN_POINT('',(13.74966194726,28.852702418748));
#4228 = CARTESIAN_POINT('',(12.49944032453,28.94389557939));
#4229 = CARTESIAN_POINT('',(11.249355630465,29.037049975601));
#4230 = CARTESIAN_POINT('',(9.99941656089,29.132246727779));
#4231 = CARTESIAN_POINT('',(8.749634236609,29.229592184983));
#4232 = CARTESIAN_POINT('',(6.249530117777,29.428932627236));
#4233 = CARTESIAN_POINT('',(4.999209076898,29.530931055024));
#4234 = CARTESIAN_POINT('',(3.749073581502,29.635364202456));
#4235 = CARTESIAN_POINT('',(2.499142312195,29.742413165391));
#4236 = CARTESIAN_POINT('',(1.249439557506,29.852307693591));
#4237 = CARTESIAN_POINT('',(0.,29.965385211779));
#4238 = ( GEOMETRIC_REPRESENTATION_CONTEXT(2) 
PARAMETRIC_REPRESENTATION_CONTEXT() REPRESENTATION_CONTEXT('2D SPACE',''
  ) );
#4239 = PCURVE('',#3850,#4240);
#4240 = DEFINITIONAL_REPRESENTATION('',(#4241),#4264);
#4241 = B_SPLINE_CURVE_WITH_KNOTS('',6,(#4242,#4243,#4244,#4245,#4246,
    #4247,#4248,#4249,#4250,#4251,#4252,#4253,#4254,#4255,#4256,#4257,
    #4258,#4259,#4260,#4261,#4262,#4263),.UNSPECIFIED.,.F.,.F.,(7,5,5,5,
    7),(0.,0.24980795556,0.499725602996,0.749774611763,1.),
  .UNSPECIFIED.);
#4242 = CARTESIAN_POINT('',(1.895746834267,77.261335186864));
#4243 = CARTESIAN_POINT('',(1.869085034431,76.010163678302));
#4244 = CARTESIAN_POINT('',(1.842469770434,74.7589892256));
#4245 = CARTESIAN_POINT('',(1.815866663816,73.507813966618));
#4246 = CARTESIAN_POINT('',(1.789242238931,72.256640064146));
#4247 = CARTESIAN_POINT('',(1.762562603682,71.005469716826));
#4248 = CARTESIAN_POINT('',(1.70900990179,68.502591230957));
#4249 = CARTESIAN_POINT('',(1.682136772204,67.250883173569));
#4250 = CARTESIAN_POINT('',(1.655136967459,65.999183222429));
#4251 = CARTESIAN_POINT('',(1.627973158909,64.747493881505));
#4252 = CARTESIAN_POINT('',(1.600604499069,63.495817966691));
#4253 = CARTESIAN_POINT('',(1.545350298171,60.9918414146));
#4254 = CARTESIAN_POINT('',(1.517464543187,59.739540944297));
#4255 = CARTESIAN_POINT('',(1.489280564793,58.487260295609));
#4256 = CARTESIAN_POINT('',(1.460746598958,57.235003312469));
#4257 = CARTESIAN_POINT('',(1.431801281158,55.982774755587));
#4258 = CARTESIAN_POINT('',(1.372915922501,53.477502859153));
#4259 = CARTESIAN_POINT('',(1.342975090216,52.224460066328));
#4260 = CARTESIAN_POINT('',(1.312470516309,50.971457398115));
#4261 = CARTESIAN_POINT('',(1.281309680127,49.718502705558));
#4262 = CARTESIAN_POINT('',(1.249379057712,48.465606536537));
#4263 = CARTESIAN_POINT('',(1.216516041831,47.212783395894));
#4264 = ( GEOMETRIC_REPRESENTATION_CONTEXT(2) 
PARAMETRIC_REPRESENTATION_CONTEXT() REPRESENTATION_CONTEXT('2D SPACE',''
  ) );
#4265 = ADVANCED_FACE('',(#4266),#1595,.F.);
#4266 = FACE_BOUND('',#4267,.F.);
#4267 = EDGE_LOOP('',(#4268,#4269,#4270,#4271));
#4268 = ORIENTED_EDGE('',*,*,#1581,.F.);
#4269 = ORIENTED_EDGE('',*,*,#2009,.F.);
#4270 = ORIENTED_EDGE('',*,*,#3869,.T.);
#4271 = ORIENTED_EDGE('',*,*,#4272,.T.);
#4272 = EDGE_CURVE('',#3870,#1582,#4273,.T.);
#4273 = SURFACE_CURVE('',#4274,(#4277,#4283),.PCURVE_S1.);
#4274 = B_SPLINE_CURVE_WITH_KNOTS('',1,(#4275,#4276),.UNSPECIFIED.,.F.,
  .F.,(2,2),(28.,30.),.PIECEWISE_BEZIER_KNOTS.);
#4275 = CARTESIAN_POINT('',(-15.,135.87548833848,139.38989221983));
#4276 = CARTESIAN_POINT('',(-15.,135.87548833848,141.38989221983));
#4277 = PCURVE('',#1595,#4278);
#4278 = DEFINITIONAL_REPRESENTATION('',(#4279),#4282);
#4279 = B_SPLINE_CURVE_WITH_KNOTS('',1,(#4280,#4281),.UNSPECIFIED.,.F.,
  .F.,(2,2),(28.,30.),.PIECEWISE_BEZIER_KNOTS.);
#4280 = CARTESIAN_POINT('',(0.,-25.));
#4281 = CARTESIAN_POINT('',(2.,-25.));
#4282 = ( GEOMETRIC_REPRESENTATION_CONTEXT(2) 
PARAMETRIC_REPRESENTATION_CONTEXT() REPRESENTATION_CONTEXT('2D SPACE',''
  ) );
#4283 = PCURVE('',#4177,#4284);
#4284 = DEFINITIONAL_REPRESENTATION('',(#4285),#4288);
#4285 = B_SPLINE_CURVE_WITH_KNOTS('',1,(#4286,#4287),.UNSPECIFIED.,.F.,
  .F.,(2,2),(28.,30.),.PIECEWISE_BEZIER_KNOTS.);
#4286 = CARTESIAN_POINT('',(0.,-25.));
#4287 = CARTESIAN_POINT('',(2.,-25.));
#4288 = ( GEOMETRIC_REPRESENTATION_CONTEXT(2) 
PARAMETRIC_REPRESENTATION_CONTEXT() REPRESENTATION_CONTEXT('2D SPACE',''
  ) );
#4289 = ADVANCED_FACE('',(#4290),#1648,.F.);
#4290 = FACE_BOUND('',#4291,.F.);
#4291 = EDGE_LOOP('',(#4292,#4293,#4294,#4295,#4296));
#4292 = ORIENTED_EDGE('',*,*,#3101,.T.);
#4293 = ORIENTED_EDGE('',*,*,#3969,.T.);
#4294 = ORIENTED_EDGE('',*,*,#3936,.F.);
#4295 = ORIENTED_EDGE('',*,*,#1632,.T.);
#4296 = ORIENTED_EDGE('',*,*,#2828,.T.);
#4297 = ADVANCED_FACE('',(#4298),#3850,.F.);
#4298 = FACE_BOUND('',#4299,.F.);
#4299 = EDGE_LOOP('',(#4300,#4410,#4411,#4412,#4504));
#4300 = ORIENTED_EDGE('',*,*,#4301,.F.);
#4301 = EDGE_CURVE('',#3808,#4302,#4304,.T.);
#4302 = VERTEX_POINT('',#4303);
#4303 = CARTESIAN_POINT('',(-20.,138.34077105794,139.38989221983));
#4304 = SURFACE_CURVE('',#4305,(#4338,#4374),.PCURVE_S1.);
#4305 = B_SPLINE_CURVE_WITH_KNOTS('',7,(#4306,#4307,#4308,#4309,#4310,
    #4311,#4312,#4313,#4314,#4315,#4316,#4317,#4318,#4319,#4320,#4321,
    #4322,#4323,#4324,#4325,#4326,#4327,#4328,#4329,#4330,#4331,#4332,
    #4333,#4334,#4335,#4336,#4337),.UNSPECIFIED.,.F.,.F.,(8,6,6,6,6,8),(
    0.,0.167560577422,0.377016501246,0.666721200644,0.964859004285,1.),
  .UNSPECIFIED.);
#4306 = CARTESIAN_POINT('',(-20.,165.87548833848,141.34344588436));
#4307 = CARTESIAN_POINT('',(-20.,165.21893207767,141.26443960136));
#4308 = CARTESIAN_POINT('',(-20.,164.56198224616,141.18935923221));
#4309 = CARTESIAN_POINT('',(-20.,163.90472266416,141.11752400273));
#4310 = CARTESIAN_POINT('',(-20.,163.24720658961,141.04852335407));
#4311 = CARTESIAN_POINT('',(-20.,162.58947369925,140.98203634506));
#4312 = CARTESIAN_POINT('',(-20.,161.93155083573,140.91782257346));
#4313 = CARTESIAN_POINT('',(-20.,160.45081597954,140.7780125675));
#4314 = CARTESIAN_POINT('',(-20.,159.62791287702,140.70358521576));
#4315 = CARTESIAN_POINT('',(-20.,158.80478669841,140.63202391228));
#4316 = CARTESIAN_POINT('',(-20.,157.98146685509,140.56306175073));
#4317 = CARTESIAN_POINT('',(-20.,157.15797560408,140.49649449611));
#4318 = CARTESIAN_POINT('',(-20.,156.33433008362,140.4321542394));
#4319 = CARTESIAN_POINT('',(-20.,154.37113741592,140.28381054992));
#4320 = CARTESIAN_POINT('',(-20.,153.23146356227,140.20171757425));
#4321 = CARTESIAN_POINT('',(-20.,152.09155591788,140.12327124348));
#4322 = CARTESIAN_POINT('',(-20.,150.95144068203,140.04822142612));
#4323 = CARTESIAN_POINT('',(-20.,149.81113805284,139.97638140867));
#4324 = CARTESIAN_POINT('',(-20.,148.67066370798,139.90760498279));
#4325 = CARTESIAN_POINT('',(-20.,146.35619113564,139.77404642913));
#4326 = CARTESIAN_POINT('',(-20.,145.18218478871,139.70943834163));
#4327 = CARTESIAN_POINT('',(-20.,144.00802324668,139.64784196534));
#4328 = CARTESIAN_POINT('',(-20.,142.83371756463,139.58917535636));
#4329 = CARTESIAN_POINT('',(-20.,141.65927679005,139.53338781178));
#4330 = CARTESIAN_POINT('',(-20.,140.48470821992,139.48045557064));
#4331 = CARTESIAN_POINT('',(-20.,139.1715588798,139.42447489958));
#4332 = CARTESIAN_POINT('',(-20.,139.03309841101,139.41861194259));
#4333 = CARTESIAN_POINT('',(-20.,138.89463626178,139.41278864429));
#4334 = CARTESIAN_POINT('',(-20.,138.75617244214,139.40700501005));
#4335 = CARTESIAN_POINT('',(-20.,138.6177069619,139.40126105022));
#4336 = CARTESIAN_POINT('',(-20.,138.47923983069,139.39555678007));
#4337 = CARTESIAN_POINT('',(-20.,138.34077105794,139.38989221983));
#4338 = PCURVE('',#3850,#4339);
#4339 = DEFINITIONAL_REPRESENTATION('',(#4340),#4373);
#4340 = B_SPLINE_CURVE_WITH_KNOTS('',7,(#4341,#4342,#4343,#4344,#4345,
    #4346,#4347,#4348,#4349,#4350,#4351,#4352,#4353,#4354,#4355,#4356,
    #4357,#4358,#4359,#4360,#4361,#4362,#4363,#4364,#4365,#4366,#4367,
    #4368,#4369,#4370,#4371,#4372),.UNSPECIFIED.,.F.,.F.,(8,6,6,6,6,8),(
    0.,0.167560577422,0.377016501246,0.666721200644,0.964859004285,1.),
  .UNSPECIFIED.);
#4341 = CARTESIAN_POINT('',(1.187551956764,47.212697750988));
#4342 = CARTESIAN_POINT('',(1.155387630901,47.870854222455));
#4343 = CARTESIAN_POINT('',(1.124779745077,48.529236292127));
#4344 = CARTESIAN_POINT('',(1.0954042007,49.187789308848));
#4345 = CARTESIAN_POINT('',(1.067067033604,49.846477613076));
#4346 = CARTESIAN_POINT('',(1.039616511362,50.50527527983));
#4347 = CARTESIAN_POINT('',(1.012939052614,51.164165759546));
#4348 = CARTESIAN_POINT('',(0.954443795506,52.64687806195));
#4349 = CARTESIAN_POINT('',(0.92300871219,53.470741053005));
#4350 = CARTESIAN_POINT('',(0.892456227335,54.294704666725));
#4351 = CARTESIAN_POINT('',(0.862658806216,55.118750918601));
#4352 = CARTESIAN_POINT('',(0.83351748611,55.942866294679));
#4353 = CARTESIAN_POINT('',(0.804949310534,56.767040841631));
#4354 = CARTESIAN_POINT('',(0.738071120011,58.731281288026));
#4355 = CARTESIAN_POINT('',(0.700221994284,59.871392327503));
#4356 = CARTESIAN_POINT('',(0.663157652019,61.011581486976));
#4357 = CARTESIAN_POINT('',(0.626743000394,62.151833272166));
#4358 = CARTESIAN_POINT('',(0.590868459651,63.292135477589));
#4359 = CARTESIAN_POINT('',(0.55543866318,64.432478683903));
#4360 = CARTESIAN_POINT('',(0.48428123373,66.746429343771));
#4361 = CARTESIAN_POINT('',(0.448574787289,67.92003749535));
#4362 = CARTESIAN_POINT('',(0.413160335059,69.093672377313));
#4363 = CARTESIAN_POINT('',(0.377958109221,70.267326448195));
#4364 = CARTESIAN_POINT('',(0.342895404276,71.440992840499));
#4365 = CARTESIAN_POINT('',(0.30790272598,72.614665287017));
#4366 = CARTESIAN_POINT('',(0.268785400146,73.926676858709));
#4367 = CARTESIAN_POINT('',(0.264660859866,74.065015670246));
#4368 = CARTESIAN_POINT('',(0.260536205214,74.203354471554));
#4369 = CARTESIAN_POINT('',(0.256411321869,74.341693252405));
#4370 = CARTESIAN_POINT('',(0.252286095403,74.480032002563));
#4371 = CARTESIAN_POINT('',(0.248160411281,74.618370711778));
#4372 = CARTESIAN_POINT('',(0.24403415486,74.75670936979));
#4373 = ( GEOMETRIC_REPRESENTATION_CONTEXT(2) 
PARAMETRIC_REPRESENTATION_CONTEXT() REPRESENTATION_CONTEXT('2D SPACE',''
  ) );
#4374 = PCURVE('',#3821,#4375);
#4375 = DEFINITIONAL_REPRESENTATION('',(#4376),#4409);
#4376 = B_SPLINE_CURVE_WITH_KNOTS('',7,(#4377,#4378,#4379,#4380,#4381,
    #4382,#4383,#4384,#4385,#4386,#4387,#4388,#4389,#4390,#4391,#4392,
    #4393,#4394,#4395,#4396,#4397,#4398,#4399,#4400,#4401,#4402,#4403,
    #4404,#4405,#4406,#4407,#4408),.UNSPECIFIED.,.F.,.F.,(8,6,6,6,6,8),(
    0.,0.167560577422,0.377016501246,0.666721200644,0.964859004285,1.),
  .UNSPECIFIED.);
#4377 = CARTESIAN_POINT('',(1.95355366453,0.));
#4378 = CARTESIAN_POINT('',(1.874547381528,0.656556260813));
#4379 = CARTESIAN_POINT('',(1.799467012378,1.313506092317));
#4380 = CARTESIAN_POINT('',(1.727631782902,1.97076567432));
#4381 = CARTESIAN_POINT('',(1.65863113424,2.628281748871));
#4382 = CARTESIAN_POINT('',(1.592144125225,3.286014639232));
#4383 = CARTESIAN_POINT('',(1.527930353626,3.94393750275));
#4384 = CARTESIAN_POINT('',(1.388120347665,5.424672358944));
#4385 = CARTESIAN_POINT('',(1.31369299593,6.247575461465));
#4386 = CARTESIAN_POINT('',(1.242131692445,7.070701640069));
#4387 = CARTESIAN_POINT('',(1.1731695309,7.894021483396));
#4388 = CARTESIAN_POINT('',(1.106602276283,8.717512734405));
#4389 = CARTESIAN_POINT('',(1.042262019569,9.541158254864));
#4390 = CARTESIAN_POINT('',(0.893918330084,11.504350922565));
#4391 = CARTESIAN_POINT('',(0.811825354419,12.644024776209));
#4392 = CARTESIAN_POINT('',(0.733379023652,13.783932420605));
#4393 = CARTESIAN_POINT('',(0.658329206287,14.924047656447));
#4394 = CARTESIAN_POINT('',(0.586489188834,16.064350285639));
#4395 = CARTESIAN_POINT('',(0.517712762959,17.204824630498));
#4396 = CARTESIAN_POINT('',(0.384154209297,19.519297202838));
#4397 = CARTESIAN_POINT('',(0.319546121794,20.693303549767));
#4398 = CARTESIAN_POINT('',(0.257949745513,21.867465091801));
#4399 = CARTESIAN_POINT('',(0.199283136531,23.041770773847));
#4400 = CARTESIAN_POINT('',(0.143495591949,24.216211548435));
#4401 = CARTESIAN_POINT('',(9.056335080607E-02,25.390780118563));
#4402 = CARTESIAN_POINT('',(3.458267974516E-02,26.703929458677));
#4403 = CARTESIAN_POINT('',(2.871972275664E-02,26.842389927467));
#4404 = CARTESIAN_POINT('',(2.289642445518E-02,26.980852076698));
#4405 = CARTESIAN_POINT('',(1.711279022198E-02,27.119315896345));
#4406 = CARTESIAN_POINT('',(1.136883038862E-02,27.257781376584));
#4407 = CARTESIAN_POINT('',(5.664560237143E-03,27.396248507789));
#4408 = CARTESIAN_POINT('',(0.,27.534717280537));
#4409 = ( GEOMETRIC_REPRESENTATION_CONTEXT(2) 
PARAMETRIC_REPRESENTATION_CONTEXT() REPRESENTATION_CONTEXT('2D SPACE',''
  ) );
#4410 = ORIENTED_EDGE('',*,*,#3832,.T.);
#4411 = ORIENTED_EDGE('',*,*,#4188,.F.);
#4412 = ORIENTED_EDGE('',*,*,#4413,.T.);
#4413 = EDGE_CURVE('',#4164,#4414,#4416,.T.);
#4414 = VERTEX_POINT('',#4415);
#4415 = CARTESIAN_POINT('',(-19.15214523548,135.87548833848,
    139.38989221983));
#4416 = SURFACE_CURVE('',#4417,(#4444,#4474),.PCURVE_S1.);
#4417 = B_SPLINE_CURVE_WITH_KNOTS('',5,(#4418,#4419,#4420,#4421,#4422,
    #4423,#4424,#4425,#4426,#4427,#4428,#4429,#4430,#4431,#4432,#4433,
    #4434,#4435,#4436,#4437,#4438,#4439,#4440,#4441,#4442,#4443),
  .UNSPECIFIED.,.F.,.F.,(6,4,4,4,4,4,6),(0.,0.16780364899,0.27569176722,
    0.519546462569,0.747586950753,0.847408701112,1.),.UNSPECIFIED.);
#4418 = CARTESIAN_POINT('',(-17.79950999689,135.87548833848,
    141.38989221983));
#4419 = CARTESIAN_POINT('',(-17.79476096938,135.87548833848,
    141.30301922373));
#4420 = CARTESIAN_POINT('',(-17.79473340301,135.87548833848,
    141.21588336953));
#4421 = CARTESIAN_POINT('',(-17.79944975653,135.87548833848,
    141.12882861874));
#4422 = CARTESIAN_POINT('',(-17.80889473775,135.87548833848,
    141.04219796008));
#4423 = CARTESIAN_POINT('',(-17.83209401717,135.87548833848,
    140.90112743002));
#4424 = CARTESIAN_POINT('',(-17.84310552199,135.87548833848,
    140.84623782817));
#4425 = CARTESIAN_POINT('',(-17.85603570692,135.87548833848,
    140.79175523507));
#4426 = CARTESIAN_POINT('',(-17.8708640864,135.87548833848,
    140.73776891893));
#4427 = CARTESIAN_POINT('',(-17.92530941794,135.87548833848,
    140.56366432651));
#4428 = CARTESIAN_POINT('',(-17.97261663405,135.87548833848,
    140.44594258749));
#4429 = CARTESIAN_POINT('',(-18.02917212699,135.87548833848,
    140.33222414689));
#4430 = CARTESIAN_POINT('',(-18.09450680379,135.87548833848,
    140.22346111974));
#4431 = CARTESIAN_POINT('',(-18.23672375832,135.87548833848,
    140.0242667717));
#4432 = CARTESIAN_POINT('',(-18.31258568867,135.87548833848,
    139.93309931464));
#4433 = CARTESIAN_POINT('',(-18.39507508466,135.87548833848,
    139.84773610216));
#4434 = CARTESIAN_POINT('',(-18.48358670009,135.87548833848,
    139.76879920949));
#4435 = CARTESIAN_POINT('',(-18.61850027224,135.87548833848,
    139.66530740816));
#4436 = CARTESIAN_POINT('',(-18.66059732483,135.87548833848,
    139.63513023831));
#4437 = CARTESIAN_POINT('',(-18.70365727728,135.87548833848,
    139.6063292232));
#4438 = CARTESIAN_POINT('',(-18.74761952209,135.87548833848,
    139.57894428658));
#4439 = CARTESIAN_POINT('',(-18.8609059188,135.87548833848,
    139.51336921222));
#4440 = CARTESIAN_POINT('',(-18.93135216239,135.87548833848,
    139.47711977548));
#4441 = CARTESIAN_POINT('',(-19.00353335362,135.87548833848,
    139.44439140875));
#4442 = CARTESIAN_POINT('',(-19.07721317309,135.87548833848,
    139.41528865836));
#4443 = CARTESIAN_POINT('',(-19.15214523548,135.87548833848,
    139.38989221983));
#4444 = PCURVE('',#3850,#4445);
#4445 = DEFINITIONAL_REPRESENTATION('',(#4446),#4473);
#4446 = B_SPLINE_CURVE_WITH_KNOTS('',5,(#4447,#4448,#4449,#4450,#4451,
    #4452,#4453,#4454,#4455,#4456,#4457,#4458,#4459,#4460,#4461,#4462,
    #4463,#4464,#4465,#4466,#4467,#4468,#4469,#4470,#4471,#4472),
  .UNSPECIFIED.,.F.,.F.,(6,4,4,4,4,4,6),(0.,0.16780364899,0.27569176722,
    0.519546462569,0.747586950753,0.847408701112,1.),.UNSPECIFIED.);
#4447 = CARTESIAN_POINT('',(1.895746834267,77.261335186864));
#4448 = CARTESIAN_POINT('',(1.852290936889,77.265311447135));
#4449 = CARTESIAN_POINT('',(1.808826699934,77.269017843972));
#4450 = CARTESIAN_POINT('',(1.765354476328,77.272438416329));
#4451 = CARTESIAN_POINT('',(1.721874842113,77.275559491602));
#4452 = CARTESIAN_POINT('',(1.650429435608,77.280176479142));
#4453 = CARTESIAN_POINT('',(1.622467495042,77.281854774127));
#4454 = CARTESIAN_POINT('',(1.59450298269,77.283401557158));
#4455 = CARTESIAN_POINT('',(1.56653613782,77.284814252198));
#4456 = CARTESIAN_POINT('',(1.475350360135,77.288975865105));
#4457 = CARTESIAN_POINT('',(1.412121074575,77.291165135526));
#4458 = CARTESIAN_POINT('',(1.348887697965,77.292633704958));
#4459 = CARTESIAN_POINT('',(1.285647053056,77.293369014521));
#4460 = CARTESIAN_POINT('',(1.163270533214,77.293372867059));
#4461 = CARTESIAN_POINT('',(1.104131533635,77.292733443311));
#4462 = CARTESIAN_POINT('',(1.044998091502,77.291452748407));
#4463 = CARTESIAN_POINT('',(0.985868292467,77.28954036013));
#4464 = CARTESIAN_POINT('',(0.900869696853,77.285909951711));
#4465 = CARTESIAN_POINT('',(0.874992478015,77.284687217615));
#4466 = CARTESIAN_POINT('',(0.849117143095,77.283348658063));
#4467 = CARTESIAN_POINT('',(0.823243890134,77.281896183206));
#4468 = CARTESIAN_POINT('',(0.757825516207,77.277941000895));
#4469 = CARTESIAN_POINT('',(0.718283345001,77.27528898946));
#4470 = CARTESIAN_POINT('',(0.678747016809,77.272384001957));
#4471 = CARTESIAN_POINT('',(0.6392170254,77.269235660019));
#4472 = CARTESIAN_POINT('',(0.599693723593,77.265855198509));
#4473 = ( GEOMETRIC_REPRESENTATION_CONTEXT(2) 
PARAMETRIC_REPRESENTATION_CONTEXT() REPRESENTATION_CONTEXT('2D SPACE',''
  ) );
#4474 = PCURVE('',#4177,#4475);
#4475 = DEFINITIONAL_REPRESENTATION('',(#4476),#4503);
#4476 = B_SPLINE_CURVE_WITH_KNOTS('',5,(#4477,#4478,#4479,#4480,#4481,
    #4482,#4483,#4484,#4485,#4486,#4487,#4488,#4489,#4490,#4491,#4492,
    #4493,#4494,#4495,#4496,#4497,#4498,#4499,#4500,#4501,#4502),
  .UNSPECIFIED.,.F.,.F.,(6,4,4,4,4,4,6),(0.,0.16780364899,0.27569176722,
    0.519546462569,0.747586950753,0.847408701112,1.),.UNSPECIFIED.);
#4477 = CARTESIAN_POINT('',(2.,-27.79950999689));
#4478 = CARTESIAN_POINT('',(1.913127003902,-27.79476096938));
#4479 = CARTESIAN_POINT('',(1.825991149697,-27.79473340301));
#4480 = CARTESIAN_POINT('',(1.738936398912,-27.79944975653));
#4481 = CARTESIAN_POINT('',(1.652305740253,-27.80889473775));
#4482 = CARTESIAN_POINT('',(1.511235210193,-27.83209401717));
#4483 = CARTESIAN_POINT('',(1.456345608341,-27.84310552199));
#4484 = CARTESIAN_POINT('',(1.401863015243,-27.85603570692));
#4485 = CARTESIAN_POINT('',(1.347876699102,-27.8708640864));
#4486 = CARTESIAN_POINT('',(1.173772106674,-27.92530941794));
#4487 = CARTESIAN_POINT('',(1.056050367654,-27.97261663405));
#4488 = CARTESIAN_POINT('',(0.942331927056,-28.02917212699));
#4489 = CARTESIAN_POINT('',(0.833568899912,-28.09450680379));
#4490 = CARTESIAN_POINT('',(0.634374551866,-28.23672375832));
#4491 = CARTESIAN_POINT('',(0.543207094807,-28.31258568867));
#4492 = CARTESIAN_POINT('',(0.457843882329,-28.39507508466));
#4493 = CARTESIAN_POINT('',(0.378906989655,-28.48358670009));
#4494 = CARTESIAN_POINT('',(0.275415188327,-28.61850027224));
#4495 = CARTESIAN_POINT('',(0.245238018478,-28.66059732483));
#4496 = CARTESIAN_POINT('',(0.216437003372,-28.70365727728));
#4497 = CARTESIAN_POINT('',(0.189052066749,-28.74761952209));
#4498 = CARTESIAN_POINT('',(0.12347699239,-28.8609059188));
#4499 = CARTESIAN_POINT('',(8.722755565025E-02,-28.93135216239));
#4500 = CARTESIAN_POINT('',(5.449918891988E-02,-29.00353335362));
#4501 = CARTESIAN_POINT('',(2.53964385243E-02,-29.07721317309));
#4502 = CARTESIAN_POINT('',(0.,-29.15214523548));
#4503 = ( GEOMETRIC_REPRESENTATION_CONTEXT(2) 
PARAMETRIC_REPRESENTATION_CONTEXT() REPRESENTATION_CONTEXT('2D SPACE',''
  ) );
#4504 = ORIENTED_EDGE('',*,*,#4505,.T.);
#4505 = EDGE_CURVE('',#4414,#4302,#4506,.T.);
#4506 = SURFACE_CURVE('',#4507,(#4552,#4600),.PCURVE_S1.);
#4507 = B_SPLINE_CURVE_WITH_KNOTS('',8,(#4508,#4509,#4510,#4511,#4512,
    #4513,#4514,#4515,#4516,#4517,#4518,#4519,#4520,#4521,#4522,#4523,
    #4524,#4525,#4526,#4527,#4528,#4529,#4530,#4531,#4532,#4533,#4534,
    #4535,#4536,#4537,#4538,#4539,#4540,#4541,#4542,#4543,#4544,#4545,
    #4546,#4547,#4548,#4549,#4550,#4551),.UNSPECIFIED.,.F.,.F.,(9,7,7,7,
    7,7,9),(0.,0.513965625906,0.755702840249,0.869260423483,
    0.920610093563,0.957843536974,1.),.UNSPECIFIED.);
#4508 = CARTESIAN_POINT('',(-19.15214523548,135.87548833848,
    139.38989221983));
#4509 = CARTESIAN_POINT('',(-19.18357621175,136.04495780603,
    139.38989221983));
#4510 = CARTESIAN_POINT('',(-19.2158819565,136.21428052149,
    139.38989221983));
#4511 = CARTESIAN_POINT('',(-19.24917618402,136.38344790954,
    139.38989221983));
#4512 = CARTESIAN_POINT('',(-19.28360860568,136.55243600478,
    139.38989221983));
#4513 = CARTESIAN_POINT('',(-19.319352482,136.72120817871,
    139.38989221983));
#4514 = CARTESIAN_POINT('',(-19.35668552448,136.88969987254,
    139.38989221983));
#4515 = CARTESIAN_POINT('',(-19.39594074449,137.05782798965,
    139.38989221983));
#4516 = CARTESIAN_POINT('',(-19.45757408474,137.30425545856,
    139.38989221983));
#4517 = CARTESIAN_POINT('',(-19.47787476144,137.38295334867,
    139.38989221983));
#4518 = CARTESIAN_POINT('',(-19.49884327886,137.46151276719,
    139.38989221983));
#4519 = CARTESIAN_POINT('',(-19.52056986705,137.5399154205,
    139.38989221983));
#4520 = CARTESIAN_POINT('',(-19.5431903176,137.61812286409,
    139.38989221983));
#4521 = CARTESIAN_POINT('',(-19.56687206597,137.6960801505,
    139.38989221983));
#4522 = CARTESIAN_POINT('',(-19.59184941067,137.7737077166,
    139.38989221983));
#4523 = CARTESIAN_POINT('',(-19.63117939194,137.88709700506,
    139.38989221983));
#4524 = CARTESIAN_POINT('',(-19.64413883843,137.92322020438,
    139.38989221983));
#4525 = CARTESIAN_POINT('',(-19.65754257302,137.95921818589,
    139.38989221983));
#4526 = CARTESIAN_POINT('',(-19.67145103385,137.99507369548,
    139.38989221983));
#4527 = CARTESIAN_POINT('',(-19.68595060144,138.03075207678,
    139.38989221983));
#4528 = CARTESIAN_POINT('',(-19.70114719083,138.06620364894,
    139.38989221983));
#4529 = CARTESIAN_POINT('',(-19.71718747725,138.10135696723,
    139.38989221983));
#4530 = CARTESIAN_POINT('',(-19.74212902673,138.15178699794,
    139.38989221983));
#4531 = CARTESIAN_POINT('',(-19.7501245704,138.16739606435,
    139.38989221983));
#4532 = CARTESIAN_POINT('',(-19.75837682939,138.1829039981,
    139.38989221983));
#4533 = CARTESIAN_POINT('',(-19.76692091396,138.19829450446,
    139.38989221983));
#4534 = CARTESIAN_POINT('',(-19.77579625226,138.21354383709,
    139.38989221983));
#4535 = CARTESIAN_POINT('',(-19.78505099631,138.22861886372,
    139.38989221983));
#4536 = CARTESIAN_POINT('',(-19.79475402653,138.24347139085,
    139.38989221983));
#4537 = CARTESIAN_POINT('',(-19.81245442356,138.2685842291,
    139.38989221983));
#4538 = CARTESIAN_POINT('',(-19.82016743934,138.27895636816,
    139.38989221983));
#4539 = CARTESIAN_POINT('',(-19.82821277306,138.28914263145,
    139.38989221983));
#4540 = CARTESIAN_POINT('',(-19.83664608433,138.29911566501,
    139.38989221983));
#4541 = CARTESIAN_POINT('',(-19.84553540313,138.3088074876,
    139.38989221983));
#4542 = CARTESIAN_POINT('',(-19.85495316983,138.31811697541,
    139.38989221983));
#4543 = CARTESIAN_POINT('',(-19.86499041003,138.32690062581,
    139.38989221983));
#4544 = CARTESIAN_POINT('',(-19.88812203838,138.34397110277,
    139.38989221983));
#4545 = CARTESIAN_POINT('',(-19.90274882642,138.35299971812,
    139.38989221983));
#4546 = CARTESIAN_POINT('',(-19.91906012529,138.36027458279,
    139.38989221983));
#4547 = CARTESIAN_POINT('',(-19.93638402635,138.3641862966,
    139.38989221983));
#4548 = CARTESIAN_POINT('',(-19.95401992353,138.36368612331,
    139.38989221983));
#4549 = CARTESIAN_POINT('',(-19.97115859121,138.35851273849,
    139.38989221983));
#4550 = CARTESIAN_POINT('',(-19.98687865481,138.35002876472,
    139.38989221983));
#4551 = CARTESIAN_POINT('',(-20.,138.34077105794,139.38989221983));
#4552 = PCURVE('',#3850,#4553);
#4553 = DEFINITIONAL_REPRESENTATION('',(#4554),#4599);
#4554 = B_SPLINE_CURVE_WITH_KNOTS('',8,(#4555,#4556,#4557,#4558,#4559,
    #4560,#4561,#4562,#4563,#4564,#4565,#4566,#4567,#4568,#4569,#4570,
    #4571,#4572,#4573,#4574,#4575,#4576,#4577,#4578,#4579,#4580,#4581,
    #4582,#4583,#4584,#4585,#4586,#4587,#4588,#4589,#4590,#4591,#4592,
    #4593,#4594,#4595,#4596,#4597,#4598),.UNSPECIFIED.,.F.,.F.,(9,7,7,7,
    7,7,9),(0.,0.513965625906,0.755702840249,0.869260423483,
    0.920610093563,0.957843536974,1.),.UNSPECIFIED.);
#4555 = CARTESIAN_POINT('',(0.599693723593,77.265855198509));
#4556 = CARTESIAN_POINT('',(0.588450273202,77.094968844473));
#4557 = CARTESIAN_POINT('',(0.576790183643,76.924176779834));
#4558 = CARTESIAN_POINT('',(0.564657395166,76.753480788219));
#4559 = CARTESIAN_POINT('',(0.551977636635,76.582895859432));
#4560 = CARTESIAN_POINT('',(0.538664729494,76.412448210718));
#4561 = CARTESIAN_POINT('',(0.524579909084,76.242185697489));
#4562 = CARTESIAN_POINT('',(0.509556645522,76.072171371619));
#4563 = CARTESIAN_POINT('',(0.485541677851,75.82273542518));
#4564 = CARTESIAN_POINT('',(0.477571505432,75.743039991341));
#4565 = CARTESIAN_POINT('',(0.469271962615,75.663442905706));
#4566 = CARTESIAN_POINT('',(0.460597849923,75.58395704204));
#4567 = CARTESIAN_POINT('',(0.451480732392,75.50461265904));
#4568 = CARTESIAN_POINT('',(0.44183599302,75.425454590557));
#4569 = CARTESIAN_POINT('',(0.431545057764,75.346548240245));
#4570 = CARTESIAN_POINT('',(0.415108207777,75.231121648787));
#4571 = CARTESIAN_POINT('',(0.409659606022,75.194323827068));
#4572 = CARTESIAN_POINT('',(0.403988139073,75.157624441979));
#4573 = CARTESIAN_POINT('',(0.398063252032,75.1210371039));
#4574 = CARTESIAN_POINT('',(0.391840961396,75.084591234666));
#4575 = CARTESIAN_POINT('',(0.385267122195,75.048330077558));
#4576 = CARTESIAN_POINT('',(0.378266642788,75.012316155231));
#4577 = CARTESIAN_POINT('',(0.367264966593,74.96053660935));
#4578 = CARTESIAN_POINT('',(0.363722809548,74.944493434041));
#4579 = CARTESIAN_POINT('',(0.360050293933,74.928535839791));
#4580 = CARTESIAN_POINT('',(0.356229446027,74.91267798777));
#4581 = CARTESIAN_POINT('',(0.352239924198,74.896941213797));
#4582 = CARTESIAN_POINT('',(0.348056761842,74.881355695176));
#4583 = CARTESIAN_POINT('',(0.343644207557,74.865965396283));
#4584 = CARTESIAN_POINT('',(0.33553876613,74.839866239657));
#4585 = CARTESIAN_POINT('',(0.331990653875,74.829062779222));
#4586 = CARTESIAN_POINT('',(0.328271721468,74.818424915767));
#4587 = CARTESIAN_POINT('',(0.324353404069,74.807976616902));
#4588 = CARTESIAN_POINT('',(0.32019977123,74.797781632332));
#4589 = CARTESIAN_POINT('',(0.315771715518,74.787936503057));
#4590 = CARTESIAN_POINT('',(0.311019590356,74.778578929048));
#4591 = CARTESIAN_POINT('',(0.299975887497,74.760177300792));
#4592 = CARTESIAN_POINT('',(0.29294140599,74.750302230694));
#4593 = CARTESIAN_POINT('',(0.28501543138,74.742075944519));
#4594 = CARTESIAN_POINT('',(0.276485571067,74.73714352544));
#4595 = CARTESIAN_POINT('',(0.267669523337,74.736592602915));
#4596 = CARTESIAN_POINT('',(0.258961525313,74.740731969478));
#4597 = CARTESIAN_POINT('',(0.25086131891,74.748257496724));
#4598 = CARTESIAN_POINT('',(0.24403415486,74.75670936979));
#4599 = ( GEOMETRIC_REPRESENTATION_CONTEXT(2) 
PARAMETRIC_REPRESENTATION_CONTEXT() REPRESENTATION_CONTEXT('2D SPACE',''
  ) );
#4600 = PCURVE('',#3796,#4601);
#4601 = DEFINITIONAL_REPRESENTATION('',(#4602),#4647);
#4602 = B_SPLINE_CURVE_WITH_KNOTS('',8,(#4603,#4604,#4605,#4606,#4607,
    #4608,#4609,#4610,#4611,#4612,#4613,#4614,#4615,#4616,#4617,#4618,
    #4619,#4620,#4621,#4622,#4623,#4624,#4625,#4626,#4627,#4628,#4629,
    #4630,#4631,#4632,#4633,#4634,#4635,#4636,#4637,#4638,#4639,#4640,
    #4641,#4642,#4643,#4644,#4645,#4646),.UNSPECIFIED.,.F.,.F.,(9,7,7,7,
    7,7,9),(0.,0.513965625906,0.755702840249,0.869260423483,
    0.920610093563,0.957843536974,1.),.UNSPECIFIED.);
#4603 = CARTESIAN_POINT('',(30.,29.152145235481));
#4604 = CARTESIAN_POINT('',(29.830530532447,29.183576211758));
#4605 = CARTESIAN_POINT('',(29.661207816991,29.215881956508));
#4606 = CARTESIAN_POINT('',(29.492040428946,29.249176184023));
#4607 = CARTESIAN_POINT('',(29.3230523337,29.283608605686));
#4608 = CARTESIAN_POINT('',(29.154280159768,29.319352482005));
#4609 = CARTESIAN_POINT('',(28.985788465945,29.356685524487));
#4610 = CARTESIAN_POINT('',(28.817660348836,29.395940744492));
#4611 = CARTESIAN_POINT('',(28.571232879923,29.457574084743));
#4612 = CARTESIAN_POINT('',(28.492534989813,29.47787476144));
#4613 = CARTESIAN_POINT('',(28.413975571294,29.498843278861));
#4614 = CARTESIAN_POINT('',(28.33557291798,29.520569867052));
#4615 = CARTESIAN_POINT('',(28.257365474392,29.543190317603));
#4616 = CARTESIAN_POINT('',(28.179408187979,29.566872065977));
#4617 = CARTESIAN_POINT('',(28.101780621886,29.591849410671));
#4618 = CARTESIAN_POINT('',(27.988391333422,29.631179391948));
#4619 = CARTESIAN_POINT('',(27.952268134102,29.644138838436));
#4620 = CARTESIAN_POINT('',(27.91627015259,29.657542573028));
#4621 = CARTESIAN_POINT('',(27.880414642998,29.671451033858));
#4622 = CARTESIAN_POINT('',(27.844736261702,29.685950601447));
#4623 = CARTESIAN_POINT('',(27.809284689545,29.701147190838));
#4624 = CARTESIAN_POINT('',(27.77413137125,29.717187477253));
#4625 = CARTESIAN_POINT('',(27.723701340539,29.742129026734));
#4626 = CARTESIAN_POINT('',(27.708092274128,29.750124570407));
#4627 = CARTESIAN_POINT('',(27.692584340381,29.758376829393));
#4628 = CARTESIAN_POINT('',(27.677193834021,29.766920913961));
#4629 = CARTESIAN_POINT('',(27.661944501396,29.775796252261));
#4630 = CARTESIAN_POINT('',(27.646869474762,29.785050996311));
#4631 = CARTESIAN_POINT('',(27.63201694763,29.794754026538));
#4632 = CARTESIAN_POINT('',(27.606904109384,29.812454423561));
#4633 = CARTESIAN_POINT('',(27.596531970325,29.820167439342));
#4634 = CARTESIAN_POINT('',(27.586345707035,29.828212773062));
#4635 = CARTESIAN_POINT('',(27.576372673475,29.836646084333));
#4636 = CARTESIAN_POINT('',(27.566680850877,29.845535403131));
#4637 = CARTESIAN_POINT('',(27.557371363075,29.854953169831));
#4638 = CARTESIAN_POINT('',(27.548587712672,29.864990410038));
#4639 = CARTESIAN_POINT('',(27.531517235714,29.888122038389));
#4640 = CARTESIAN_POINT('',(27.522488620356,29.902748826423));
#4641 = CARTESIAN_POINT('',(27.515213755693,29.919060125293));
#4642 = CARTESIAN_POINT('',(27.51130204188,29.936384026356));
#4643 = CARTESIAN_POINT('',(27.511802215172,29.954019923532));
#4644 = CARTESIAN_POINT('',(27.516975599988,29.971158591212));
#4645 = CARTESIAN_POINT('',(27.525459573761,29.986878654816));
#4646 = CARTESIAN_POINT('',(27.534717280537,30.));
#4647 = ( GEOMETRIC_REPRESENTATION_CONTEXT(2) 
PARAMETRIC_REPRESENTATION_CONTEXT() REPRESENTATION_CONTEXT('2D SPACE',''
  ) );
#4648 = ADVANCED_FACE('',(#4649),#3821,.F.);
#4649 = FACE_BOUND('',#4650,.F.);
#4650 = EDGE_LOOP('',(#4651,#4669,#4670));
#4651 = ORIENTED_EDGE('',*,*,#4652,.F.);
#4652 = EDGE_CURVE('',#3783,#4302,#4653,.T.);
#4653 = SURFACE_CURVE('',#4654,(#4657,#4663),.PCURVE_S1.);
#4654 = B_SPLINE_CURVE_WITH_KNOTS('',1,(#4655,#4656),.UNSPECIFIED.,.F.,
  .F.,(2,2),(0.,30.),.PIECEWISE_BEZIER_KNOTS.);
#4655 = CARTESIAN_POINT('',(-20.,165.87548833848,139.38989221983));
#4656 = CARTESIAN_POINT('',(-20.,135.87548833848,139.38989221983));
#4657 = PCURVE('',#3821,#4658);
#4658 = DEFINITIONAL_REPRESENTATION('',(#4659),#4662);
#4659 = B_SPLINE_CURVE_WITH_KNOTS('',1,(#4660,#4661),.UNSPECIFIED.,.F.,
  .F.,(2,2),(0.,30.),.PIECEWISE_BEZIER_KNOTS.);
#4660 = CARTESIAN_POINT('',(0.,0.));
#4661 = CARTESIAN_POINT('',(0.,30.));
#4662 = ( GEOMETRIC_REPRESENTATION_CONTEXT(2) 
PARAMETRIC_REPRESENTATION_CONTEXT() REPRESENTATION_CONTEXT('2D SPACE',''
  ) );
#4663 = PCURVE('',#3796,#4664);
#4664 = DEFINITIONAL_REPRESENTATION('',(#4665),#4668);
#4665 = B_SPLINE_CURVE_WITH_KNOTS('',1,(#4666,#4667),.UNSPECIFIED.,.F.,
  .F.,(2,2),(0.,30.),.PIECEWISE_BEZIER_KNOTS.);
#4666 = CARTESIAN_POINT('',(0.,30.));
#4667 = CARTESIAN_POINT('',(30.,30.));
#4668 = ( GEOMETRIC_REPRESENTATION_CONTEXT(2) 
PARAMETRIC_REPRESENTATION_CONTEXT() REPRESENTATION_CONTEXT('2D SPACE',''
  ) );
#4669 = ORIENTED_EDGE('',*,*,#3807,.T.);
#4670 = ORIENTED_EDGE('',*,*,#4301,.T.);
#4671 = ADVANCED_FACE('',(#4672),#3796,.T.);
#4672 = FACE_BOUND('',#4673,.T.);
#4673 = EDGE_LOOP('',(#4674,#4675,#4676,#4694,#4695));
#4674 = ORIENTED_EDGE('',*,*,#3782,.F.);
#4675 = ORIENTED_EDGE('',*,*,#3889,.F.);
#4676 = ORIENTED_EDGE('',*,*,#4677,.T.);
#4677 = EDGE_CURVE('',#3870,#4414,#4678,.T.);
#4678 = SURFACE_CURVE('',#4679,(#4682,#4688),.PCURVE_S1.);
#4679 = B_SPLINE_CURVE_WITH_KNOTS('',1,(#4680,#4681),.UNSPECIFIED.,.F.,
  .F.,(2,2),(25.,30.),.PIECEWISE_BEZIER_KNOTS.);
#4680 = CARTESIAN_POINT('',(-15.,135.87548833848,139.38989221983));
#4681 = CARTESIAN_POINT('',(-20.,135.87548833848,139.38989221983));
#4682 = PCURVE('',#3796,#4683);
#4683 = DEFINITIONAL_REPRESENTATION('',(#4684),#4687);
#4684 = B_SPLINE_CURVE_WITH_KNOTS('',1,(#4685,#4686),.UNSPECIFIED.,.F.,
  .F.,(2,2),(25.,30.),.PIECEWISE_BEZIER_KNOTS.);
#4685 = CARTESIAN_POINT('',(30.,25.));
#4686 = CARTESIAN_POINT('',(30.,30.));
#4687 = ( GEOMETRIC_REPRESENTATION_CONTEXT(2) 
PARAMETRIC_REPRESENTATION_CONTEXT() REPRESENTATION_CONTEXT('2D SPACE',''
  ) );
#4688 = PCURVE('',#4177,#4689);
#4689 = DEFINITIONAL_REPRESENTATION('',(#4690),#4693);
#4690 = B_SPLINE_CURVE_WITH_KNOTS('',1,(#4691,#4692),.UNSPECIFIED.,.F.,
  .F.,(2,2),(25.,30.),.PIECEWISE_BEZIER_KNOTS.);
#4691 = CARTESIAN_POINT('',(0.,-25.));
#4692 = CARTESIAN_POINT('',(0.,-30.));
#4693 = ( GEOMETRIC_REPRESENTATION_CONTEXT(2) 
PARAMETRIC_REPRESENTATION_CONTEXT() REPRESENTATION_CONTEXT('2D SPACE',''
  ) );
#4694 = ORIENTED_EDGE('',*,*,#4505,.T.);
#4695 = ORIENTED_EDGE('',*,*,#4652,.F.);
#4696 = ADVANCED_FACE('',(#4697),#4177,.F.);
#4697 = FACE_BOUND('',#4698,.F.);
#4698 = EDGE_LOOP('',(#4699,#4700,#4701,#4702));
#4699 = ORIENTED_EDGE('',*,*,#4163,.F.);
#4700 = ORIENTED_EDGE('',*,*,#4272,.F.);
#4701 = ORIENTED_EDGE('',*,*,#4677,.T.);
#4702 = ORIENTED_EDGE('',*,*,#4413,.F.);
#4703 = ( GEOMETRIC_REPRESENTATION_CONTEXT(3) 
GLOBAL_UNCERTAINTY_ASSIGNED_CONTEXT((#4707)) 
GLOBAL_UNIT_ASSIGNED_CONTEXT((#4704,#4705,#4706)) REPRESENTATION_CONTEXT
('Context #1','3D Context with UNIT and UNCERTAINTY') );
#4704 = ( LENGTH_UNIT() NAMED_UNIT(*) SI_UNIT(.MILLI.,.METRE.) );
#4705 = ( NAMED_UNIT(*) PLANE_ANGLE_UNIT() SI_UNIT($,.RADIAN.) );
#4706 = ( NAMED_UNIT(*) SI_UNIT($,.STERADIAN.) SOLID_ANGLE_UNIT() );
#4707 = UNCERTAINTY_MEASURE_WITH_UNIT(LENGTH_MEASURE(2.E-06),#4704,
  'distance_accuracy_value','confusion accuracy');
#4708 = CONTEXT_DEPENDENT_SHAPE_REPRESENTATION(#4709,#4711);
#4709 = ( REPRESENTATION_RELATIONSHIP('','',#36,#10) 
REPRESENTATION_RELATIONSHIP_WITH_TRANSFORMATION(#4710) 
SHAPE_REPRESENTATION_RELATIONSHIP() );
#4710 = ITEM_DEFINED_TRANSFORMATION('','',#11,#15);
#4711 = PRODUCT_DEFINITION_SHAPE('Placement','Placement of an item',
  #4712);
#4712 = NEXT_ASSEMBLY_USAGE_OCCURRENCE('16','','',#5,#31,$);
#4713 = PRODUCT_RELATED_PRODUCT_CATEGORY('part',$,(#33));
#4714 = SHAPE_DEFINITION_REPRESENTATION(#4715,#4721);
#4715 = PRODUCT_DEFINITION_SHAPE('','',#4716);
#4716 = PRODUCT_DEFINITION('design','',#4717,#4720);
#4717 = PRODUCT_DEFINITION_FORMATION('','',#4718);
#4718 = PRODUCT('Open CASCADE STEP translator 7.8 71.2',
  'Open CASCADE STEP translator 7.8 71.2','',(#4719));
#4719 = PRODUCT_CONTEXT('',#2,'mechanical');
#4720 = PRODUCT_DEFINITION_CONTEXT('part definition',#2,'design');
#4721 = ADVANCED_BREP_SHAPE_REPRESENTATION('',(#11,#4722),#5627);
#4722 = MANIFOLD_SOLID_BREP('',#4723);
#4723 = CLOSED_SHELL('',(#4724,#4833,#5004,#5050,#5539,#5563,#5570,#5596
    ,#5622));
#4724 = ADVANCED_FACE('',(#4725),#4738,.T.);
#4725 = FACE_BOUND('',#4726,.T.);
#4726 = EDGE_LOOP('',(#4727,#4759,#4784,#4809));
#4727 = ORIENTED_EDGE('',*,*,#4728,.F.);
#4728 = EDGE_CURVE('',#4729,#4731,#4733,.T.);
#4729 = VERTEX_POINT('',#4730);
#4730 = CARTESIAN_POINT('',(-13.,165.87548833848,111.38989221983));
#4731 = VERTEX_POINT('',#4732);
#4732 = CARTESIAN_POINT('',(-13.,165.87548833848,134.38989221983));
#4733 = SURFACE_CURVE('',#4734,(#4737,#4748),.PCURVE_S1.);
#4734 = B_SPLINE_CURVE_WITH_KNOTS('',1,(#4735,#4736),.UNSPECIFIED.,.F.,
  .F.,(2,2),(0.,28.),.PIECEWISE_BEZIER_KNOTS.);
#4735 = CARTESIAN_POINT('',(-13.,165.87548833848,111.38989221983));
#4736 = CARTESIAN_POINT('',(-13.,165.87548833848,139.38989221983));
#4737 = PCURVE('',#4738,#4743);
#4738 = B_SPLINE_SURFACE_WITH_KNOTS('',1,1,(
    (#4739,#4740)
    ,(#4741,#4742
    )),.UNSPECIFIED.,.F.,.F.,.F.,(2,2),(2,2),(0.,28.),(-2.,0.),
  .PIECEWISE_BEZIER_KNOTS.);
#4739 = CARTESIAN_POINT('',(-15.,165.87548833848,111.38989221983));
#4740 = CARTESIAN_POINT('',(-13.,165.87548833848,111.38989221983));
#4741 = CARTESIAN_POINT('',(-15.,165.87548833848,139.38989221983));
#4742 = CARTESIAN_POINT('',(-13.,165.87548833848,139.38989221983));
#4743 = DEFINITIONAL_REPRESENTATION('',(#4744),#4747);
#4744 = B_SPLINE_CURVE_WITH_KNOTS('',1,(#4745,#4746),.UNSPECIFIED.,.F.,
  .F.,(2,2),(0.,28.),.PIECEWISE_BEZIER_KNOTS.);
#4745 = CARTESIAN_POINT('',(0.,0.));
#4746 = CARTESIAN_POINT('',(28.,0.));
#4747 = ( GEOMETRIC_REPRESENTATION_CONTEXT(2) 
PARAMETRIC_REPRESENTATION_CONTEXT() REPRESENTATION_CONTEXT('2D SPACE',''
  ) );
#4748 = PCURVE('',#4749,#4754);
#4749 = B_SPLINE_SURFACE_WITH_KNOTS('',1,1,(
    (#4750,#4751)
    ,(#4752,#4753
    )),.UNSPECIFIED.,.F.,.F.,.F.,(2,2),(2,2),(0.,28.),(0.,30.),
  .PIECEWISE_BEZIER_KNOTS.);
#4750 = CARTESIAN_POINT('',(-13.,165.87548833848,111.38989221983));
#4751 = CARTESIAN_POINT('',(-13.,135.87548833848,111.38989221983));
#4752 = CARTESIAN_POINT('',(-13.,165.87548833848,139.38989221983));
#4753 = CARTESIAN_POINT('',(-13.,135.87548833848,139.38989221983));
#4754 = DEFINITIONAL_REPRESENTATION('',(#4755),#4758);
#4755 = B_SPLINE_CURVE_WITH_KNOTS('',1,(#4756,#4757),.UNSPECIFIED.,.F.,
  .F.,(2,2),(0.,28.),.PIECEWISE_BEZIER_KNOTS.);
#4756 = CARTESIAN_POINT('',(0.,0.));
#4757 = CARTESIAN_POINT('',(28.,0.));
#4758 = ( GEOMETRIC_REPRESENTATION_CONTEXT(2) 
PARAMETRIC_REPRESENTATION_CONTEXT() REPRESENTATION_CONTEXT('2D SPACE',''
  ) );
#4759 = ORIENTED_EDGE('',*,*,#4760,.T.);
#4760 = EDGE_CURVE('',#4729,#4761,#4763,.T.);
#4761 = VERTEX_POINT('',#4762);
#4762 = CARTESIAN_POINT('',(-15.,165.87548833848,111.38989221983));
#4763 = SURFACE_CURVE('',#4764,(#4767,#4773),.PCURVE_S1.);
#4764 = B_SPLINE_CURVE_WITH_KNOTS('',1,(#4765,#4766),.UNSPECIFIED.,.F.,
  .F.,(2,2),(0.,2.),.PIECEWISE_BEZIER_KNOTS.);
#4765 = CARTESIAN_POINT('',(-13.,165.87548833848,111.38989221983));
#4766 = CARTESIAN_POINT('',(-15.,165.87548833848,111.38989221983));
#4767 = PCURVE('',#4738,#4768);
#4768 = DEFINITIONAL_REPRESENTATION('',(#4769),#4772);
#4769 = B_SPLINE_CURVE_WITH_KNOTS('',1,(#4770,#4771),.UNSPECIFIED.,.F.,
  .F.,(2,2),(0.,2.),.PIECEWISE_BEZIER_KNOTS.);
#4770 = CARTESIAN_POINT('',(0.,0.));
#4771 = CARTESIAN_POINT('',(0.,-2.));
#4772 = ( GEOMETRIC_REPRESENTATION_CONTEXT(2) 
PARAMETRIC_REPRESENTATION_CONTEXT() REPRESENTATION_CONTEXT('2D SPACE',''
  ) );
#4773 = PCURVE('',#4774,#4779);
#4774 = B_SPLINE_SURFACE_WITH_KNOTS('',1,1,(
    (#4775,#4776)
    ,(#4777,#4778
    )),.UNSPECIFIED.,.F.,.F.,.F.,(2,2),(2,2),(0.,30.),(0.,2.),
  .PIECEWISE_BEZIER_KNOTS.);
#4775 = CARTESIAN_POINT('',(-13.,165.87548833848,111.38989221983));
#4776 = CARTESIAN_POINT('',(-15.,165.87548833848,111.38989221983));
#4777 = CARTESIAN_POINT('',(-13.,135.87548833848,111.38989221983));
#4778 = CARTESIAN_POINT('',(-15.,135.87548833848,111.38989221983));
#4779 = DEFINITIONAL_REPRESENTATION('',(#4780),#4783);
#4780 = B_SPLINE_CURVE_WITH_KNOTS('',1,(#4781,#4782),.UNSPECIFIED.,.F.,
  .F.,(2,2),(0.,2.),.PIECEWISE_BEZIER_KNOTS.);
#4781 = CARTESIAN_POINT('',(0.,0.));
#4782 = CARTESIAN_POINT('',(0.,2.));
#4783 = ( GEOMETRIC_REPRESENTATION_CONTEXT(2) 
PARAMETRIC_REPRESENTATION_CONTEXT() REPRESENTATION_CONTEXT('2D SPACE',''
  ) );
#4784 = ORIENTED_EDGE('',*,*,#4785,.T.);
#4785 = EDGE_CURVE('',#4761,#4786,#4788,.T.);
#4786 = VERTEX_POINT('',#4787);
#4787 = CARTESIAN_POINT('',(-15.,165.87548833848,134.38989221983));
#4788 = SURFACE_CURVE('',#4789,(#4792,#4798),.PCURVE_S1.);
#4789 = B_SPLINE_CURVE_WITH_KNOTS('',1,(#4790,#4791),.UNSPECIFIED.,.F.,
  .F.,(2,2),(0.,28.),.PIECEWISE_BEZIER_KNOTS.);
#4790 = CARTESIAN_POINT('',(-15.,165.87548833848,111.38989221983));
#4791 = CARTESIAN_POINT('',(-15.,165.87548833848,139.38989221983));
#4792 = PCURVE('',#4738,#4793);
#4793 = DEFINITIONAL_REPRESENTATION('',(#4794),#4797);
#4794 = B_SPLINE_CURVE_WITH_KNOTS('',1,(#4795,#4796),.UNSPECIFIED.,.F.,
  .F.,(2,2),(0.,28.),.PIECEWISE_BEZIER_KNOTS.);
#4795 = CARTESIAN_POINT('',(0.,-2.));
#4796 = CARTESIAN_POINT('',(28.,-2.));
#4797 = ( GEOMETRIC_REPRESENTATION_CONTEXT(2) 
PARAMETRIC_REPRESENTATION_CONTEXT() REPRESENTATION_CONTEXT('2D SPACE',''
  ) );
#4798 = PCURVE('',#4799,#4804);
#4799 = B_SPLINE_SURFACE_WITH_KNOTS('',1,1,(
    (#4800,#4801)
    ,(#4802,#4803
    )),.UNSPECIFIED.,.F.,.F.,.F.,(2,2),(2,2),(0.,28.),(0.,30.),
  .PIECEWISE_BEZIER_KNOTS.);
#4800 = CARTESIAN_POINT('',(-15.,165.87548833848,111.38989221983));
#4801 = CARTESIAN_POINT('',(-15.,135.87548833848,111.38989221983));
#4802 = CARTESIAN_POINT('',(-15.,165.87548833848,139.38989221983));
#4803 = CARTESIAN_POINT('',(-15.,135.87548833848,139.38989221983));
#4804 = DEFINITIONAL_REPRESENTATION('',(#4805),#4808);
#4805 = B_SPLINE_CURVE_WITH_KNOTS('',1,(#4806,#4807),.UNSPECIFIED.,.F.,
  .F.,(2,2),(0.,28.),.PIECEWISE_BEZIER_KNOTS.);
#4806 = CARTESIAN_POINT('',(0.,0.));
#4807 = CARTESIAN_POINT('',(28.,0.));
#4808 = ( GEOMETRIC_REPRESENTATION_CONTEXT(2) 
PARAMETRIC_REPRESENTATION_CONTEXT() REPRESENTATION_CONTEXT('2D SPACE',''
  ) );
#4809 = ORIENTED_EDGE('',*,*,#4810,.F.);
#4810 = EDGE_CURVE('',#4731,#4786,#4811,.T.);
#4811 = SURFACE_CURVE('',#4812,(#4815,#4822),.PCURVE_S1.);
#4812 = B_SPLINE_CURVE_WITH_KNOTS('',1,(#4813,#4814),.UNSPECIFIED.,.F.,
  .F.,(2,2),(0.,45.),.PIECEWISE_BEZIER_KNOTS.);
#4813 = CARTESIAN_POINT('',(25.,165.87548833848,134.38989221983));
#4814 = CARTESIAN_POINT('',(-20.,165.87548833848,134.38989221983));
#4815 = PCURVE('',#4738,#4816);
#4816 = DEFINITIONAL_REPRESENTATION('',(#4817),#4821);
#4817 = B_SPLINE_CURVE_WITH_KNOTS('',2,(#4818,#4819,#4820),
  .UNSPECIFIED.,.F.,.F.,(3,3),(38.,40.),.PIECEWISE_BEZIER_KNOTS.);
#4818 = CARTESIAN_POINT('',(23.,0.));
#4819 = CARTESIAN_POINT('',(23.,-1.));
#4820 = CARTESIAN_POINT('',(23.,-2.));
#4821 = ( GEOMETRIC_REPRESENTATION_CONTEXT(2) 
PARAMETRIC_REPRESENTATION_CONTEXT() REPRESENTATION_CONTEXT('2D SPACE',''
  ) );
#4822 = PCURVE('',#4823,#4828);
#4823 = B_SPLINE_SURFACE_WITH_KNOTS('',1,1,(
    (#4824,#4825)
    ,(#4826,#4827
    )),.UNSPECIFIED.,.F.,.F.,.F.,(2,2),(2,2),(0.,30.),(0.,45.),
  .PIECEWISE_BEZIER_KNOTS.);
#4824 = CARTESIAN_POINT('',(25.,165.87548833848,134.38989221983));
#4825 = CARTESIAN_POINT('',(-20.,165.87548833848,134.38989221983));
#4826 = CARTESIAN_POINT('',(25.,135.87548833848,134.38989221983));
#4827 = CARTESIAN_POINT('',(-20.,135.87548833848,134.38989221983));
#4828 = DEFINITIONAL_REPRESENTATION('',(#4829),#4832);
#4829 = B_SPLINE_CURVE_WITH_KNOTS('',1,(#4830,#4831),.UNSPECIFIED.,.F.,
  .F.,(2,2),(0.,45.),.PIECEWISE_BEZIER_KNOTS.);
#4830 = CARTESIAN_POINT('',(0.,0.));
#4831 = CARTESIAN_POINT('',(0.,45.));
#4832 = ( GEOMETRIC_REPRESENTATION_CONTEXT(2) 
PARAMETRIC_REPRESENTATION_CONTEXT() REPRESENTATION_CONTEXT('2D SPACE',''
  ) );
#4833 = ADVANCED_FACE('',(#4834,#4900,#4952),#4749,.T.);
#4834 = FACE_BOUND('',#4835,.T.);
#4835 = EDGE_LOOP('',(#4836,#4863,#4881,#4882));
#4836 = ORIENTED_EDGE('',*,*,#4837,.F.);
#4837 = EDGE_CURVE('',#4838,#4840,#4842,.T.);
#4838 = VERTEX_POINT('',#4839);
#4839 = CARTESIAN_POINT('',(-13.,135.87548833848,111.38989221983));
#4840 = VERTEX_POINT('',#4841);
#4841 = CARTESIAN_POINT('',(-13.,135.87548833848,134.38989221983));
#4842 = SURFACE_CURVE('',#4843,(#4846,#4852),.PCURVE_S1.);
#4843 = B_SPLINE_CURVE_WITH_KNOTS('',1,(#4844,#4845),.UNSPECIFIED.,.F.,
  .F.,(2,2),(0.,28.),.PIECEWISE_BEZIER_KNOTS.);
#4844 = CARTESIAN_POINT('',(-13.,135.87548833848,111.38989221983));
#4845 = CARTESIAN_POINT('',(-13.,135.87548833848,139.38989221983));
#4846 = PCURVE('',#4749,#4847);
#4847 = DEFINITIONAL_REPRESENTATION('',(#4848),#4851);
#4848 = B_SPLINE_CURVE_WITH_KNOTS('',1,(#4849,#4850),.UNSPECIFIED.,.F.,
  .F.,(2,2),(0.,28.),.PIECEWISE_BEZIER_KNOTS.);
#4849 = CARTESIAN_POINT('',(0.,30.));
#4850 = CARTESIAN_POINT('',(28.,30.));
#4851 = ( GEOMETRIC_REPRESENTATION_CONTEXT(2) 
PARAMETRIC_REPRESENTATION_CONTEXT() REPRESENTATION_CONTEXT('2D SPACE',''
  ) );
#4852 = PCURVE('',#4853,#4858);
#4853 = B_SPLINE_SURFACE_WITH_KNOTS('',1,1,(
    (#4854,#4855)
    ,(#4856,#4857
    )),.UNSPECIFIED.,.F.,.F.,.F.,(2,2),(2,2),(0.,28.),(-2.,0.),
  .PIECEWISE_BEZIER_KNOTS.);
#4854 = CARTESIAN_POINT('',(-15.,135.87548833848,111.38989221983));
#4855 = CARTESIAN_POINT('',(-13.,135.87548833848,111.38989221983));
#4856 = CARTESIAN_POINT('',(-15.,135.87548833848,139.38989221983));
#4857 = CARTESIAN_POINT('',(-13.,135.87548833848,139.38989221983));
#4858 = DEFINITIONAL_REPRESENTATION('',(#4859),#4862);
#4859 = B_SPLINE_CURVE_WITH_KNOTS('',1,(#4860,#4861),.UNSPECIFIED.,.F.,
  .F.,(2,2),(0.,28.),.PIECEWISE_BEZIER_KNOTS.);
#4860 = CARTESIAN_POINT('',(0.,0.));
#4861 = CARTESIAN_POINT('',(28.,0.));
#4862 = ( GEOMETRIC_REPRESENTATION_CONTEXT(2) 
PARAMETRIC_REPRESENTATION_CONTEXT() REPRESENTATION_CONTEXT('2D SPACE',''
  ) );
#4863 = ORIENTED_EDGE('',*,*,#4864,.F.);
#4864 = EDGE_CURVE('',#4729,#4838,#4865,.T.);
#4865 = SURFACE_CURVE('',#4866,(#4869,#4875),.PCURVE_S1.);
#4866 = B_SPLINE_CURVE_WITH_KNOTS('',1,(#4867,#4868),.UNSPECIFIED.,.F.,
  .F.,(2,2),(0.,30.),.PIECEWISE_BEZIER_KNOTS.);
#4867 = CARTESIAN_POINT('',(-13.,165.87548833848,111.38989221983));
#4868 = CARTESIAN_POINT('',(-13.,135.87548833848,111.38989221983));
#4869 = PCURVE('',#4749,#4870);
#4870 = DEFINITIONAL_REPRESENTATION('',(#4871),#4874);
#4871 = B_SPLINE_CURVE_WITH_KNOTS('',1,(#4872,#4873),.UNSPECIFIED.,.F.,
  .F.,(2,2),(0.,30.),.PIECEWISE_BEZIER_KNOTS.);
#4872 = CARTESIAN_POINT('',(0.,0.));
#4873 = CARTESIAN_POINT('',(0.,30.));
#4874 = ( GEOMETRIC_REPRESENTATION_CONTEXT(2) 
PARAMETRIC_REPRESENTATION_CONTEXT() REPRESENTATION_CONTEXT('2D SPACE',''
  ) );
#4875 = PCURVE('',#4774,#4876);
#4876 = DEFINITIONAL_REPRESENTATION('',(#4877),#4880);
#4877 = B_SPLINE_CURVE_WITH_KNOTS('',1,(#4878,#4879),.UNSPECIFIED.,.F.,
  .F.,(2,2),(0.,30.),.PIECEWISE_BEZIER_KNOTS.);
#4878 = CARTESIAN_POINT('',(0.,0.));
#4879 = CARTESIAN_POINT('',(30.,0.));
#4880 = ( GEOMETRIC_REPRESENTATION_CONTEXT(2) 
PARAMETRIC_REPRESENTATION_CONTEXT() REPRESENTATION_CONTEXT('2D SPACE',''
  ) );
#4881 = ORIENTED_EDGE('',*,*,#4728,.T.);
#4882 = ORIENTED_EDGE('',*,*,#4883,.T.);
#4883 = EDGE_CURVE('',#4731,#4840,#4884,.T.);
#4884 = SURFACE_CURVE('',#4885,(#4888,#4894),.PCURVE_S1.);
#4885 = B_SPLINE_CURVE_WITH_KNOTS('',1,(#4886,#4887),.UNSPECIFIED.,.F.,
  .F.,(2,2),(0.,1.),.PIECEWISE_BEZIER_KNOTS.);
#4886 = CARTESIAN_POINT('',(-13.,165.87548833848,134.38989221983));
#4887 = CARTESIAN_POINT('',(-13.,135.87548833848,134.38989221983));
#4888 = PCURVE('',#4749,#4889);
#4889 = DEFINITIONAL_REPRESENTATION('',(#4890),#4893);
#4890 = B_SPLINE_CURVE_WITH_KNOTS('',1,(#4891,#4892),.UNSPECIFIED.,.F.,
  .F.,(2,2),(0.,1.),.PIECEWISE_BEZIER_KNOTS.);
#4891 = CARTESIAN_POINT('',(23.,0.));
#4892 = CARTESIAN_POINT('',(23.,30.));
#4893 = ( GEOMETRIC_REPRESENTATION_CONTEXT(2) 
PARAMETRIC_REPRESENTATION_CONTEXT() REPRESENTATION_CONTEXT('2D SPACE',''
  ) );
#4894 = PCURVE('',#4823,#4895);
#4895 = DEFINITIONAL_REPRESENTATION('',(#4896),#4899);
#4896 = B_SPLINE_CURVE_WITH_KNOTS('',1,(#4897,#4898),.UNSPECIFIED.,.F.,
  .F.,(2,2),(0.,1.),.PIECEWISE_BEZIER_KNOTS.);
#4897 = CARTESIAN_POINT('',(2.857142578495E-10,38.));
#4898 = CARTESIAN_POINT('',(29.999999999086,38.));
#4899 = ( GEOMETRIC_REPRESENTATION_CONTEXT(2) 
PARAMETRIC_REPRESENTATION_CONTEXT() REPRESENTATION_CONTEXT('2D SPACE',''
  ) );
#4900 = FACE_BOUND('',#4901,.T.);
#4901 = EDGE_LOOP('',(#4902));
#4902 = ORIENTED_EDGE('',*,*,#4903,.F.);
#4903 = EDGE_CURVE('',#4904,#4904,#4906,.T.);
#4904 = VERTEX_POINT('',#4905);
#4905 = CARTESIAN_POINT('',(-13.,158.87548833848,128.08989221983));
#4906 = SURFACE_CURVE('',#4907,(#4915,#4926),.PCURVE_S1.);
#4907 = ( BOUNDED_CURVE() B_SPLINE_CURVE(2,(#4908,#4909,#4910,#4911,
#4912,#4913,#4914),.UNSPECIFIED.,.T.,.F.) B_SPLINE_CURVE_WITH_KNOTS((1,2
    ,2,2,2,1),(-2.094395102393,0.,2.094395102393,4.188790204786,
6.28318530718,8.377580409573),.UNSPECIFIED.) CURVE() 
GEOMETRIC_REPRESENTATION_ITEM() RATIONAL_B_SPLINE_CURVE((1.,0.5,1.,0.5,
1.,0.5,1.)) REPRESENTATION_ITEM('') );
#4908 = CARTESIAN_POINT('',(-13.,158.87548833848,128.08989221983));
#4909 = CARTESIAN_POINT('',(-13.,155.93100196561,128.08989221983));
#4910 = CARTESIAN_POINT('',(-13.,157.40324515205,125.53989221983));
#4911 = CARTESIAN_POINT('',(-13.,158.87548833848,122.98989221983));
#4912 = CARTESIAN_POINT('',(-13.,160.34773152491,125.53989221983));
#4913 = CARTESIAN_POINT('',(-13.,161.81997471135,128.08989221983));
#4914 = CARTESIAN_POINT('',(-13.,158.87548833848,128.08989221983));
#4915 = PCURVE('',#4749,#4916);
#4916 = DEFINITIONAL_REPRESENTATION('',(#4917),#4925);
#4917 = ( BOUNDED_CURVE() B_SPLINE_CURVE(2,(#4918,#4919,#4920,#4921,
#4922,#4923,#4924),.UNSPECIFIED.,.T.,.F.) B_SPLINE_CURVE_WITH_KNOTS((1,2
    ,2,2,2,1),(-2.094395102393,0.,2.094395102393,4.188790204786,
6.28318530718,8.377580409573),.UNSPECIFIED.) CURVE() 
GEOMETRIC_REPRESENTATION_ITEM() RATIONAL_B_SPLINE_CURVE((1.,0.5,1.,0.5,
1.,0.5,1.)) REPRESENTATION_ITEM('') );
#4918 = CARTESIAN_POINT('',(16.7,7.));
#4919 = CARTESIAN_POINT('',(16.7,9.944486372867));
#4920 = CARTESIAN_POINT('',(14.15,8.472243186434));
#4921 = CARTESIAN_POINT('',(11.6,7.));
#4922 = CARTESIAN_POINT('',(14.15,5.527756813566));
#4923 = CARTESIAN_POINT('',(16.7,4.055513627133));
#4924 = CARTESIAN_POINT('',(16.7,7.));
#4925 = ( GEOMETRIC_REPRESENTATION_CONTEXT(2) 
PARAMETRIC_REPRESENTATION_CONTEXT() REPRESENTATION_CONTEXT('2D SPACE',''
  ) );
#4926 = PCURVE('',#4927,#4942);
#4927 = ( BOUNDED_SURFACE() B_SPLINE_SURFACE(2,1,(
    (#4928,#4929)
    ,(#4930,#4931)
    ,(#4932,#4933)
    ,(#4934,#4935)
    ,(#4936,#4937)
    ,(#4938,#4939)
    ,(#4940,#4941
)),.UNSPECIFIED.,.T.,.F.,.F.) B_SPLINE_SURFACE_WITH_KNOTS((1,2,2,2,2,1),
  (2,2),(-2.094395102393,0.,2.094395102393,4.188790204786,6.28318530718,
    8.377580409573),(1.E-01,2.1),.UNSPECIFIED.) 
GEOMETRIC_REPRESENTATION_ITEM() RATIONAL_B_SPLINE_SURFACE((
    (1.,1.)
    ,(0.5,0.5)
    ,(1.,1.)
    ,(0.5,0.5)
    ,(1.,1.)
    ,(0.5,0.5)
,(1.,1.))) REPRESENTATION_ITEM('') SURFACE() );
#4928 = CARTESIAN_POINT('',(-13.,158.87548833848,128.08989221983));
#4929 = CARTESIAN_POINT('',(-15.,158.87548833848,128.08989221983));
#4930 = CARTESIAN_POINT('',(-13.,155.93100196561,128.08989221983));
#4931 = CARTESIAN_POINT('',(-15.,155.93100196561,128.08989221983));
#4932 = CARTESIAN_POINT('',(-13.,157.40324515205,125.53989221983));
#4933 = CARTESIAN_POINT('',(-15.,157.40324515205,125.53989221983));
#4934 = CARTESIAN_POINT('',(-13.,158.87548833848,122.98989221983));
#4935 = CARTESIAN_POINT('',(-15.,158.87548833848,122.98989221983));
#4936 = CARTESIAN_POINT('',(-13.,160.34773152491,125.53989221983));
#4937 = CARTESIAN_POINT('',(-15.,160.34773152491,125.53989221983));
#4938 = CARTESIAN_POINT('',(-13.,161.81997471135,128.08989221983));
#4939 = CARTESIAN_POINT('',(-15.,161.81997471135,128.08989221983));
#4940 = CARTESIAN_POINT('',(-13.,158.87548833848,128.08989221983));
#4941 = CARTESIAN_POINT('',(-15.,158.87548833848,128.08989221983));
#4942 = DEFINITIONAL_REPRESENTATION('',(#4943),#4951);
#4943 = B_SPLINE_CURVE_WITH_KNOTS('',2,(#4944,#4945,#4946,#4947,#4948,
    #4949,#4950),.UNSPECIFIED.,.F.,.F.,(3,2,2,3),(0.,2.094395102393,
    4.188790204786,6.28318530718),.PIECEWISE_BEZIER_KNOTS.);
#4944 = CARTESIAN_POINT('',(0.,1.E-01));
#4945 = CARTESIAN_POINT('',(1.047197551197,0.1));
#4946 = CARTESIAN_POINT('',(2.094395102393,1.E-01));
#4947 = CARTESIAN_POINT('',(3.14159265359,0.1));
#4948 = CARTESIAN_POINT('',(4.188790204786,1.E-01));
#4949 = CARTESIAN_POINT('',(5.235987755983,0.1));
#4950 = CARTESIAN_POINT('',(6.28318530718,1.E-01));
#4951 = ( GEOMETRIC_REPRESENTATION_CONTEXT(2) 
PARAMETRIC_REPRESENTATION_CONTEXT() REPRESENTATION_CONTEXT('2D SPACE',''
  ) );
#4952 = FACE_BOUND('',#4953,.T.);
#4953 = EDGE_LOOP('',(#4954));
#4954 = ORIENTED_EDGE('',*,*,#4955,.F.);
#4955 = EDGE_CURVE('',#4956,#4956,#4958,.T.);
#4956 = VERTEX_POINT('',#4957);
#4957 = CARTESIAN_POINT('',(-13.,142.87548833848,128.08989221983));
#4958 = SURFACE_CURVE('',#4959,(#4967,#4978),.PCURVE_S1.);
#4959 = ( BOUNDED_CURVE() B_SPLINE_CURVE(2,(#4960,#4961,#4962,#4963,
#4964,#4965,#4966),.UNSPECIFIED.,.T.,.F.) B_SPLINE_CURVE_WITH_KNOTS((1,2
    ,2,2,2,1),(-2.094395102393,0.,2.094395102393,4.188790204786,
6.28318530718,8.377580409573),.UNSPECIFIED.) CURVE() 
GEOMETRIC_REPRESENTATION_ITEM() RATIONAL_B_SPLINE_CURVE((1.,0.5,1.,0.5,
1.,0.5,1.)) REPRESENTATION_ITEM('') );
#4960 = CARTESIAN_POINT('',(-13.,142.87548833848,128.08989221983));
#4961 = CARTESIAN_POINT('',(-13.,139.93100196561,128.08989221983));
#4962 = CARTESIAN_POINT('',(-13.,141.40324515205,125.53989221983));
#4963 = CARTESIAN_POINT('',(-13.,142.87548833848,122.98989221983));
#4964 = CARTESIAN_POINT('',(-13.,144.34773152491,125.53989221983));
#4965 = CARTESIAN_POINT('',(-13.,145.81997471135,128.08989221983));
#4966 = CARTESIAN_POINT('',(-13.,142.87548833848,128.08989221983));
#4967 = PCURVE('',#4749,#4968);
#4968 = DEFINITIONAL_REPRESENTATION('',(#4969),#4977);
#4969 = ( BOUNDED_CURVE() B_SPLINE_CURVE(2,(#4970,#4971,#4972,#4973,
#4974,#4975,#4976),.UNSPECIFIED.,.T.,.F.) B_SPLINE_CURVE_WITH_KNOTS((1,2
    ,2,2,2,1),(-2.094395102393,0.,2.094395102393,4.188790204786,
6.28318530718,8.377580409573),.UNSPECIFIED.) CURVE() 
GEOMETRIC_REPRESENTATION_ITEM() RATIONAL_B_SPLINE_CURVE((1.,0.5,1.,0.5,
1.,0.5,1.)) REPRESENTATION_ITEM('') );
#4970 = CARTESIAN_POINT('',(16.7,23.));
#4971 = CARTESIAN_POINT('',(16.7,25.944486372867));
#4972 = CARTESIAN_POINT('',(14.15,24.472243186434));
#4973 = CARTESIAN_POINT('',(11.6,23.));
#4974 = CARTESIAN_POINT('',(14.15,21.527756813566));
#4975 = CARTESIAN_POINT('',(16.7,20.055513627133));
#4976 = CARTESIAN_POINT('',(16.7,23.));
#4977 = ( GEOMETRIC_REPRESENTATION_CONTEXT(2) 
PARAMETRIC_REPRESENTATION_CONTEXT() REPRESENTATION_CONTEXT('2D SPACE',''
  ) );
#4978 = PCURVE('',#4979,#4994);
#4979 = ( BOUNDED_SURFACE() B_SPLINE_SURFACE(2,1,(
    (#4980,#4981)
    ,(#4982,#4983)
    ,(#4984,#4985)
    ,(#4986,#4987)
    ,(#4988,#4989)
    ,(#4990,#4991)
    ,(#4992,#4993
)),.UNSPECIFIED.,.T.,.F.,.F.) B_SPLINE_SURFACE_WITH_KNOTS((1,2,2,2,2,1),
  (2,2),(-2.094395102393,0.,2.094395102393,4.188790204786,6.28318530718,
    8.377580409573),(1.E-01,2.1),.UNSPECIFIED.) 
GEOMETRIC_REPRESENTATION_ITEM() RATIONAL_B_SPLINE_SURFACE((
    (1.,1.)
    ,(0.5,0.5)
    ,(1.,1.)
    ,(0.5,0.5)
    ,(1.,1.)
    ,(0.5,0.5)
,(1.,1.))) REPRESENTATION_ITEM('') SURFACE() );
#4980 = CARTESIAN_POINT('',(-13.,142.87548833848,128.08989221983));
#4981 = CARTESIAN_POINT('',(-15.,142.87548833848,128.08989221983));
#4982 = CARTESIAN_POINT('',(-13.,139.93100196561,128.08989221983));
#4983 = CARTESIAN_POINT('',(-15.,139.93100196561,128.08989221983));
#4984 = CARTESIAN_POINT('',(-13.,141.40324515205,125.53989221983));
#4985 = CARTESIAN_POINT('',(-15.,141.40324515205,125.53989221983));
#4986 = CARTESIAN_POINT('',(-13.,142.87548833848,122.98989221983));
#4987 = CARTESIAN_POINT('',(-15.,142.87548833848,122.98989221983));
#4988 = CARTESIAN_POINT('',(-13.,144.34773152491,125.53989221983));
#4989 = CARTESIAN_POINT('',(-15.,144.34773152491,125.53989221983));
#4990 = CARTESIAN_POINT('',(-13.,145.81997471135,128.08989221983));
#4991 = CARTESIAN_POINT('',(-15.,145.81997471135,128.08989221983));
#4992 = CARTESIAN_POINT('',(-13.,142.87548833848,128.08989221983));
#4993 = CARTESIAN_POINT('',(-15.,142.87548833848,128.08989221983));
#4994 = DEFINITIONAL_REPRESENTATION('',(#4995),#5003);
#4995 = B_SPLINE_CURVE_WITH_KNOTS('',2,(#4996,#4997,#4998,#4999,#5000,
    #5001,#5002),.UNSPECIFIED.,.F.,.F.,(3,2,2,3),(0.,2.094395102393,
    4.188790204786,6.28318530718),.PIECEWISE_BEZIER_KNOTS.);
#4996 = CARTESIAN_POINT('',(0.,1.E-01));
#4997 = CARTESIAN_POINT('',(1.047197551197,0.1));
#4998 = CARTESIAN_POINT('',(2.094395102393,1.E-01));
#4999 = CARTESIAN_POINT('',(3.14159265359,0.1));
#5000 = CARTESIAN_POINT('',(4.188790204786,1.E-01));
#5001 = CARTESIAN_POINT('',(5.235987755983,0.1));
#5002 = CARTESIAN_POINT('',(6.28318530718,1.E-01));
#5003 = ( GEOMETRIC_REPRESENTATION_CONTEXT(2) 
PARAMETRIC_REPRESENTATION_CONTEXT() REPRESENTATION_CONTEXT('2D SPACE',''
  ) );
#5004 = ADVANCED_FACE('',(#5005),#4823,.F.);
#5005 = FACE_BOUND('',#5006,.F.);
#5006 = EDGE_LOOP('',(#5007,#5029,#5030,#5031));
#5007 = ORIENTED_EDGE('',*,*,#5008,.F.);
#5008 = EDGE_CURVE('',#4786,#5009,#5011,.T.);
#5009 = VERTEX_POINT('',#5010);
#5010 = CARTESIAN_POINT('',(-15.,135.87548833848,134.38989221983));
#5011 = SURFACE_CURVE('',#5012,(#5015,#5022),.PCURVE_S1.);
#5012 = B_SPLINE_CURVE_WITH_KNOTS('',1,(#5013,#5014),.UNSPECIFIED.,.F.,
  .F.,(2,2),(0.,30.),.PIECEWISE_BEZIER_KNOTS.);
#5013 = CARTESIAN_POINT('',(-15.,165.87548833848,134.38989221983));
#5014 = CARTESIAN_POINT('',(-15.,135.87548833848,134.38989221983));
#5015 = PCURVE('',#4823,#5016);
#5016 = DEFINITIONAL_REPRESENTATION('',(#5017),#5021);
#5017 = B_SPLINE_CURVE_WITH_KNOTS('',2,(#5018,#5019,#5020),
  .UNSPECIFIED.,.F.,.F.,(3,3),(0.,30.),.PIECEWISE_BEZIER_KNOTS.);
#5018 = CARTESIAN_POINT('',(3.10038453244E-15,40.));
#5019 = CARTESIAN_POINT('',(15.,40.));
#5020 = CARTESIAN_POINT('',(30.,40.));
#5021 = ( GEOMETRIC_REPRESENTATION_CONTEXT(2) 
PARAMETRIC_REPRESENTATION_CONTEXT() REPRESENTATION_CONTEXT('2D SPACE',''
  ) );
#5022 = PCURVE('',#4799,#5023);
#5023 = DEFINITIONAL_REPRESENTATION('',(#5024),#5028);
#5024 = B_SPLINE_CURVE_WITH_KNOTS('',2,(#5025,#5026,#5027),
  .UNSPECIFIED.,.F.,.F.,(3,3),(0.,30.),.PIECEWISE_BEZIER_KNOTS.);
#5025 = CARTESIAN_POINT('',(23.,3.10038453244E-15));
#5026 = CARTESIAN_POINT('',(23.,15.));
#5027 = CARTESIAN_POINT('',(23.,30.));
#5028 = ( GEOMETRIC_REPRESENTATION_CONTEXT(2) 
PARAMETRIC_REPRESENTATION_CONTEXT() REPRESENTATION_CONTEXT('2D SPACE',''
  ) );
#5029 = ORIENTED_EDGE('',*,*,#4810,.F.);
#5030 = ORIENTED_EDGE('',*,*,#4883,.T.);
#5031 = ORIENTED_EDGE('',*,*,#5032,.T.);
#5032 = EDGE_CURVE('',#4840,#5009,#5033,.T.);
#5033 = SURFACE_CURVE('',#5034,(#5037,#5043),.PCURVE_S1.);
#5034 = B_SPLINE_CURVE_WITH_KNOTS('',1,(#5035,#5036),.UNSPECIFIED.,.F.,
  .F.,(2,2),(0.,45.),.PIECEWISE_BEZIER_KNOTS.);
#5035 = CARTESIAN_POINT('',(25.,135.87548833848,134.38989221983));
#5036 = CARTESIAN_POINT('',(-20.,135.87548833848,134.38989221983));
#5037 = PCURVE('',#4823,#5038);
#5038 = DEFINITIONAL_REPRESENTATION('',(#5039),#5042);
#5039 = B_SPLINE_CURVE_WITH_KNOTS('',1,(#5040,#5041),.UNSPECIFIED.,.F.,
  .F.,(2,2),(0.,45.),.PIECEWISE_BEZIER_KNOTS.);
#5040 = CARTESIAN_POINT('',(30.,0.));
#5041 = CARTESIAN_POINT('',(30.,45.));
#5042 = ( GEOMETRIC_REPRESENTATION_CONTEXT(2) 
PARAMETRIC_REPRESENTATION_CONTEXT() REPRESENTATION_CONTEXT('2D SPACE',''
  ) );
#5043 = PCURVE('',#4853,#5044);
#5044 = DEFINITIONAL_REPRESENTATION('',(#5045),#5049);
#5045 = B_SPLINE_CURVE_WITH_KNOTS('',2,(#5046,#5047,#5048),
  .UNSPECIFIED.,.F.,.F.,(3,3),(38.,40.),.PIECEWISE_BEZIER_KNOTS.);
#5046 = CARTESIAN_POINT('',(23.,0.));
#5047 = CARTESIAN_POINT('',(23.,-1.));
#5048 = CARTESIAN_POINT('',(23.,-2.));
#5049 = ( GEOMETRIC_REPRESENTATION_CONTEXT(2) 
PARAMETRIC_REPRESENTATION_CONTEXT() REPRESENTATION_CONTEXT('2D SPACE',''
  ) );
#5050 = ADVANCED_FACE('',(#5051,#5093,#5465,#5502),#4799,.F.);
#5051 = FACE_BOUND('',#5052,.F.);
#5052 = EDGE_LOOP('',(#5053,#5073,#5091,#5092));
#5053 = ORIENTED_EDGE('',*,*,#5054,.F.);
#5054 = EDGE_CURVE('',#5055,#5009,#5057,.T.);
#5055 = VERTEX_POINT('',#5056);
#5056 = CARTESIAN_POINT('',(-15.,135.87548833848,111.38989221983));
#5057 = SURFACE_CURVE('',#5058,(#5061,#5067),.PCURVE_S1.);
#5058 = B_SPLINE_CURVE_WITH_KNOTS('',1,(#5059,#5060),.UNSPECIFIED.,.F.,
  .F.,(2,2),(0.,28.),.PIECEWISE_BEZIER_KNOTS.);
#5059 = CARTESIAN_POINT('',(-15.,135.87548833848,111.38989221983));
#5060 = CARTESIAN_POINT('',(-15.,135.87548833848,139.38989221983));
#5061 = PCURVE('',#4799,#5062);
#5062 = DEFINITIONAL_REPRESENTATION('',(#5063),#5066);
#5063 = B_SPLINE_CURVE_WITH_KNOTS('',1,(#5064,#5065),.UNSPECIFIED.,.F.,
  .F.,(2,2),(0.,28.),.PIECEWISE_BEZIER_KNOTS.);
#5064 = CARTESIAN_POINT('',(0.,30.));
#5065 = CARTESIAN_POINT('',(28.,30.));
#5066 = ( GEOMETRIC_REPRESENTATION_CONTEXT(2) 
PARAMETRIC_REPRESENTATION_CONTEXT() REPRESENTATION_CONTEXT('2D SPACE',''
  ) );
#5067 = PCURVE('',#4853,#5068);
#5068 = DEFINITIONAL_REPRESENTATION('',(#5069),#5072);
#5069 = B_SPLINE_CURVE_WITH_KNOTS('',1,(#5070,#5071),.UNSPECIFIED.,.F.,
  .F.,(2,2),(0.,28.),.PIECEWISE_BEZIER_KNOTS.);
#5070 = CARTESIAN_POINT('',(0.,-2.));
#5071 = CARTESIAN_POINT('',(28.,-2.));
#5072 = ( GEOMETRIC_REPRESENTATION_CONTEXT(2) 
PARAMETRIC_REPRESENTATION_CONTEXT() REPRESENTATION_CONTEXT('2D SPACE',''
  ) );
#5073 = ORIENTED_EDGE('',*,*,#5074,.F.);
#5074 = EDGE_CURVE('',#4761,#5055,#5075,.T.);
#5075 = SURFACE_CURVE('',#5076,(#5079,#5085),.PCURVE_S1.);
#5076 = B_SPLINE_CURVE_WITH_KNOTS('',1,(#5077,#5078),.UNSPECIFIED.,.F.,
  .F.,(2,2),(0.,30.),.PIECEWISE_BEZIER_KNOTS.);
#5077 = CARTESIAN_POINT('',(-15.,165.87548833848,111.38989221983));
#5078 = CARTESIAN_POINT('',(-15.,135.87548833848,111.38989221983));
#5079 = PCURVE('',#4799,#5080);
#5080 = DEFINITIONAL_REPRESENTATION('',(#5081),#5084);
#5081 = B_SPLINE_CURVE_WITH_KNOTS('',1,(#5082,#5083),.UNSPECIFIED.,.F.,
  .F.,(2,2),(0.,30.),.PIECEWISE_BEZIER_KNOTS.);
#5082 = CARTESIAN_POINT('',(0.,0.));
#5083 = CARTESIAN_POINT('',(0.,30.));
#5084 = ( GEOMETRIC_REPRESENTATION_CONTEXT(2) 
PARAMETRIC_REPRESENTATION_CONTEXT() REPRESENTATION_CONTEXT('2D SPACE',''
  ) );
#5085 = PCURVE('',#4774,#5086);
#5086 = DEFINITIONAL_REPRESENTATION('',(#5087),#5090);
#5087 = B_SPLINE_CURVE_WITH_KNOTS('',1,(#5088,#5089),.UNSPECIFIED.,.F.,
  .F.,(2,2),(0.,30.),.PIECEWISE_BEZIER_KNOTS.);
#5088 = CARTESIAN_POINT('',(0.,2.));
#5089 = CARTESIAN_POINT('',(30.,2.));
#5090 = ( GEOMETRIC_REPRESENTATION_CONTEXT(2) 
PARAMETRIC_REPRESENTATION_CONTEXT() REPRESENTATION_CONTEXT('2D SPACE',''
  ) );
#5091 = ORIENTED_EDGE('',*,*,#4785,.T.);
#5092 = ORIENTED_EDGE('',*,*,#5008,.T.);
#5093 = FACE_BOUND('',#5094,.F.);
#5094 = EDGE_LOOP('',(#5095,#5132));
#5095 = ORIENTED_EDGE('',*,*,#5096,.T.);
#5096 = EDGE_CURVE('',#5097,#5099,#5101,.T.);
#5097 = VERTEX_POINT('',#5098);
#5098 = CARTESIAN_POINT('',(-15.,159.39336890722,117.77069497536));
#5099 = VERTEX_POINT('',#5100);
#5100 = CARTESIAN_POINT('',(-15.,158.87548833848,117.68989221983));
#5101 = SURFACE_CURVE('',#5102,(#5109,#5118),.PCURVE_S1.);
#5102 = B_SPLINE_CURVE_WITH_KNOTS('',5,(#5103,#5104,#5105,#5106,#5107,
    #5108),.UNSPECIFIED.,.F.,.F.,(6,6),(0.,1.),
  .PIECEWISE_BEZIER_KNOTS.);
#5103 = CARTESIAN_POINT('',(-15.,159.39336890722,117.77069497536));
#5104 = CARTESIAN_POINT('',(-15.,159.29312290469,117.73863250923));
#5105 = CARTESIAN_POINT('',(-15.,159.19039342247,117.71432743222));
#5106 = CARTESIAN_POINT('',(-15.,159.08598756004,117.69803739689));
#5107 = CARTESIAN_POINT('',(-15.,158.98073658761,117.68989221983));
#5108 = CARTESIAN_POINT('',(-15.,158.87548833848,117.68989221983));
#5109 = PCURVE('',#4799,#5110);
#5110 = DEFINITIONAL_REPRESENTATION('',(#5111),#5117);
#5111 = B_SPLINE_CURVE_WITH_KNOTS('',4,(#5112,#5113,#5114,#5115,#5116),
  .UNSPECIFIED.,.F.,.F.,(5,5),(0.,1.),.PIECEWISE_BEZIER_KNOTS.);
#5112 = CARTESIAN_POINT('',(6.380802755524,6.482119431258));
#5113 = CARTESIAN_POINT('',(6.340724703261,6.607426795264));
#5114 = CARTESIAN_POINT('',(6.313575433582,6.736874204373));
#5115 = CARTESIAN_POINT('',(6.299999969601,6.868439827757));
#5116 = CARTESIAN_POINT('',(6.3,7.));
#5117 = ( GEOMETRIC_REPRESENTATION_CONTEXT(2) 
PARAMETRIC_REPRESENTATION_CONTEXT() REPRESENTATION_CONTEXT('2D SPACE',''
  ) );
#5118 = PCURVE('',#5119,#5124);
#5119 = B_SPLINE_SURFACE_WITH_KNOTS('',1,1,(
    (#5120,#5121)
    ,(#5122,#5123
    )),.UNSPECIFIED.,.F.,.F.,.F.,(2,2),(2,2),(0.,28.),(0.,30.),
  .PIECEWISE_BEZIER_KNOTS.);
#5120 = CARTESIAN_POINT('',(-15.,165.87548833848,111.38989221983));
#5121 = CARTESIAN_POINT('',(-15.,135.87548833848,111.38989221983));
#5122 = CARTESIAN_POINT('',(-15.,165.87548833848,139.38989221983));
#5123 = CARTESIAN_POINT('',(-15.,135.87548833848,139.38989221983));
#5124 = DEFINITIONAL_REPRESENTATION('',(#5125),#5131);
#5125 = B_SPLINE_CURVE_WITH_KNOTS('',4,(#5126,#5127,#5128,#5129,#5130),
  .UNSPECIFIED.,.F.,.F.,(5,5),(0.,1.),.PIECEWISE_BEZIER_KNOTS.);
#5126 = CARTESIAN_POINT('',(6.380802755524,6.482119431258));
#5127 = CARTESIAN_POINT('',(6.340724703261,6.607426795264));
#5128 = CARTESIAN_POINT('',(6.313575433582,6.736874204373));
#5129 = CARTESIAN_POINT('',(6.299999969601,6.868439827757));
#5130 = CARTESIAN_POINT('',(6.3,7.));
#5131 = ( GEOMETRIC_REPRESENTATION_CONTEXT(2) 
PARAMETRIC_REPRESENTATION_CONTEXT() REPRESENTATION_CONTEXT('2D SPACE',''
  ) );
#5132 = ORIENTED_EDGE('',*,*,#5133,.T.);
#5133 = EDGE_CURVE('',#5099,#5097,#5134,.T.);
#5134 = SURFACE_CURVE('',#5135,(#5201,#5333),.PCURVE_S1.);
#5135 = B_SPLINE_CURVE_WITH_KNOTS('',8,(#5136,#5137,#5138,#5139,#5140,
    #5141,#5142,#5143,#5144,#5145,#5146,#5147,#5148,#5149,#5150,#5151,
    #5152,#5153,#5154,#5155,#5156,#5157,#5158,#5159,#5160,#5161,#5162,
    #5163,#5164,#5165,#5166,#5167,#5168,#5169,#5170,#5171,#5172,#5173,
    #5174,#5175,#5176,#5177,#5178,#5179,#5180,#5181,#5182,#5183,#5184,
    #5185,#5186,#5187,#5188,#5189,#5190,#5191,#5192,#5193,#5194,#5195,
    #5196,#5197,#5198,#5199,#5200),.UNSPECIFIED.,.F.,.F.,(9,7,7,7,7,7,7,
    7,7,9),(0.,0.10603943544,0.195810931724,0.33452039984,0.420829860263
    ,0.525398846587,0.636812383652,0.793209912044,0.918638432361,1.),
  .UNSPECIFIED.);
#5136 = CARTESIAN_POINT('',(-15.,158.87548833848,117.68989221983));
#5137 = CARTESIAN_POINT('',(-15.,158.74090569173,117.68989221983));
#5138 = CARTESIAN_POINT('',(-15.,158.6062912312,117.70206879957));
#5139 = CARTESIAN_POINT('',(-15.,158.47297863636,117.72643131016));
#5140 = CARTESIAN_POINT('',(-15.,158.34225321573,117.76280452048));
#5141 = CARTESIAN_POINT('',(-15.,158.21535609125,117.81086016601));
#5142 = CARTESIAN_POINT('',(-15.,158.09348205542,117.87012852699));
#5143 = CARTESIAN_POINT('',(-15.,157.97777110122,117.93999003587));
#5144 = CARTESIAN_POINT('',(-15.,157.77745811719,118.08708330798));
#5145 = CARTESIAN_POINT('',(-15.,157.690777074,118.16156192504));
#5146 = CARTESIAN_POINT('',(-15.,157.60989749222,118.242611926));
#5147 = CARTESIAN_POINT('',(-15.,157.53539581552,118.32970060072));
#5148 = CARTESIAN_POINT('',(-15.,157.46778555789,118.42224240532));
#5149 = CARTESIAN_POINT('',(-15.,157.40751886747,118.51960310567));
#5150 = CARTESIAN_POINT('',(-15.,157.35498203027,118.62109902751));
#5151 = CARTESIAN_POINT('',(-15.,157.24173067043,118.88806476111));
#5152 = CARTESIAN_POINT('',(-15.,157.19211266619,119.05838556785));
#5153 = CARTESIAN_POINT('',(-15.,157.16286898468,119.23415241937));
#5154 = CARTESIAN_POINT('',(-15.,157.15462657355,119.4125046827));
#5155 = CARTESIAN_POINT('',(-15.,157.16755278634,119.59057782367));
#5156 = CARTESIAN_POINT('',(-15.,157.20140444578,119.76551302779));
#5157 = CARTESIAN_POINT('',(-15.,157.25547844881,119.93446870442));
#5158 = CARTESIAN_POINT('',(-15.,157.37388432114,120.19437094401));
#5159 = CARTESIAN_POINT('',(-15.,157.42664678892,120.2907253415));
#5160 = CARTESIAN_POINT('',(-15.,157.48646306658,120.38309696097));
#5161 = CARTESIAN_POINT('',(-15.,157.55297697172,120.47088600685));
#5162 = CARTESIAN_POINT('',(-15.,157.62577674339,120.5535359834));
#5163 = CARTESIAN_POINT('',(-15.,157.70439863272,120.63053305609));
#5164 = CARTESIAN_POINT('',(-15.,157.78832575028,120.7014093651));
#5165 = CARTESIAN_POINT('',(-15.,157.9843946359,120.84370310587));
#5166 = CARTESIAN_POINT('',(-15.,158.09878678567,120.91209001463));
#5167 = CARTESIAN_POINT('',(-15.,158.21912897616,120.97015300397));
#5168 = CARTESIAN_POINT('',(-15.,158.34432610605,121.01730184117));
#5169 = CARTESIAN_POINT('',(-15.,158.47323146921,121.05308815571));
#5170 = CARTESIAN_POINT('',(-15.,158.6046546847,121.0771977964));
#5171 = CARTESIAN_POINT('',(-15.,158.73736370368,121.08946146405));
#5172 = CARTESIAN_POINT('',(-15.,159.01148507089,121.09033340745));
#5173 = CARTESIAN_POINT('',(-15.,159.15297235524,121.07734096863));
#5174 = CARTESIAN_POINT('',(-15.,159.2929900079,121.05088901931));
#5175 = CARTESIAN_POINT('',(-15.,159.43004707958,121.01118779343));
#5176 = CARTESIAN_POINT('',(-15.,159.56270812049,120.9586330528));
#5177 = CARTESIAN_POINT('',(-15.,159.68959573941,120.89379066488));
#5178 = CARTESIAN_POINT('',(-15.,159.80940201152,120.81740774815));
#5179 = CARTESIAN_POINT('',(-15.,160.07743707381,120.60838338185));
#5180 = CARTESIAN_POINT('',(-15.,160.21784426812,120.46529749721));
#5181 = CARTESIAN_POINT('',(-15.,160.33854842753,120.30386093907));
#5182 = CARTESIAN_POINT('',(-15.,160.43688333754,120.12732132416));
#5183 = CARTESIAN_POINT('',(-15.,160.51076378486,119.93922593665));
#5184 = CARTESIAN_POINT('',(-15.,160.55876897425,119.74343920372));
#5185 = CARTESIAN_POINT('',(-15.,160.58007699744,119.54409010435));
#5186 = CARTESIAN_POINT('',(-15.,160.57077139473,119.18652964592));
#5187 = CARTESIAN_POINT('',(-15.,160.54959734462,119.02775934631));
#5188 = CARTESIAN_POINT('',(-15.,160.51142137776,118.87159618323));
#5189 = CARTESIAN_POINT('',(-15.,160.45665233464,118.72016159691));
#5190 = CARTESIAN_POINT('',(-15.,160.38598759702,118.57546137908));
#5191 = CARTESIAN_POINT('',(-15.,160.3003834499,118.43939051891));
#5192 = CARTESIAN_POINT('',(-15.,160.2010777259,118.31371652275));
#5193 = CARTESIAN_POINT('',(-15.,160.0173817972,118.12626955401));
#5194 = CARTESIAN_POINT('',(-15.,159.93998091245,118.05752977795));
#5195 = CARTESIAN_POINT('',(-15.,159.85786830992,117.9942264977));
#5196 = CARTESIAN_POINT('',(-15.,159.77149285319,117.93673328512));
#5197 = CARTESIAN_POINT('',(-15.,159.68133371899,117.88537694916));
#5198 = CARTESIAN_POINT('',(-15.,159.58789812283,117.84043873491));
#5199 = CARTESIAN_POINT('',(-15.,159.49172132362,117.80215180096));
#5200 = CARTESIAN_POINT('',(-15.,159.39336890722,117.77069497536));
#5201 = PCURVE('',#4799,#5202);
#5202 = DEFINITIONAL_REPRESENTATION('',(#5203),#5332);
#5203 = B_SPLINE_CURVE_WITH_KNOTS('',8,(#5204,#5205,#5206,#5207,#5208,
    #5209,#5210,#5211,#5212,#5213,#5214,#5215,#5216,#5217,#5218,#5219,
    #5220,#5221,#5222,#5223,#5224,#5225,#5226,#5227,#5228,#5229,#5230,
    #5231,#5232,#5233,#5234,#5235,#5236,#5237,#5238,#5239,#5240,#5241,
    #5242,#5243,#5244,#5245,#5246,#5247,#5248,#5249,#5250,#5251,#5252,
    #5253,#5254,#5255,#5256,#5257,#5258,#5259,#5260,#5261,#5262,#5263,
    #5264,#5265,#5266,#5267,#5268,#5269,#5270,#5271,#5272,#5273,#5274,
    #5275,#5276,#5277,#5278,#5279,#5280,#5281,#5282,#5283,#5284,#5285,
    #5286,#5287,#5288,#5289,#5290,#5291,#5292,#5293,#5294,#5295,#5296,
    #5297,#5298,#5299,#5300,#5301,#5302,#5303,#5304,#5305,#5306,#5307,
    #5308,#5309,#5310,#5311,#5312,#5313,#5314,#5315,#5316,#5317,#5318,
    #5319,#5320,#5321,#5322,#5323,#5324,#5325,#5326,#5327,#5328,#5329,
    #5330,#5331),.UNSPECIFIED.,.F.,.F.,(9,7,7,7,7,7,7,7,7,7,7,7,7,7,7,7,
    7,7,9),(0.,6.25E-02,0.12109375,0.176025390625,0.227523803711,
    0.324083328247,0.366328120232,0.405932612717,0.480191036128,
    0.51267909637,0.573594209323,0.626894933158,0.673533066513,
    0.755149799885,0.785756074899,0.812536565537,0.906268282768,
    0.953134141384,1.),.UNSPECIFIED.);
#5204 = CARTESIAN_POINT('',(6.3,7.));
#5205 = CARTESIAN_POINT('',(6.299999423343,7.079323435757));
#5206 = CARTESIAN_POINT('',(6.304230668057,7.15865797266));
#5207 = CARTESIAN_POINT('',(6.312692829065,7.237730537263));
#5208 = CARTESIAN_POINT('',(6.325365818319,7.316273740437));
#5209 = CARTESIAN_POINT('',(6.342210364802,7.394025877366));
#5210 = CARTESIAN_POINT('',(6.363168014527,7.470730927553));
#5211 = CARTESIAN_POINT('',(6.388161130536,7.546138554818));
#5212 = CARTESIAN_POINT('',(6.444216182686,7.689252323431));
#5213 = CARTESIAN_POINT('',(6.474806820221,7.757151312963));
#5214 = CARTESIAN_POINT('',(6.508767931947,7.823476431475));
#5215 = CARTESIAN_POINT('',(6.546038764674,7.888073165712));
#5216 = CARTESIAN_POINT('',(6.586489529334,7.950719011481));
#5217 = CARTESIAN_POINT('',(6.629980827018,8.011207648476));
#5218 = CARTESIAN_POINT('',(6.676419481566,8.069423220517));
#5219 = CARTESIAN_POINT('',(6.771789331279,8.177437895015));
#5220 = CARTESIAN_POINT('',(6.820386354997,8.227540444204));
#5221 = CARTESIAN_POINT('',(6.871313843563,8.275345152775));
#5222 = CARTESIAN_POINT('',(6.9244447266,8.320726059043));
#5223 = CARTESIAN_POINT('',(6.979644693894,8.36356626412));
#5224 = CARTESIAN_POINT('',(7.036772195398,8.403757931914));
#5225 = CARTESIAN_POINT('',(7.09567844123,8.441202289128));
#5226 = CARTESIAN_POINT('',(7.21295392777,8.508254192562));
#5227 = CARTESIAN_POINT('',(7.271119139943,8.538203265314));
#5228 = CARTESIAN_POINT('',(7.33062581491,8.565600083966));
#5229 = CARTESIAN_POINT('',(7.391165665642,8.590315814887));
#5230 = CARTESIAN_POINT('',(7.452934462752,8.612422881066));
#5231 = CARTESIAN_POINT('',(7.515466169512,8.63173505952));
#5232 = CARTESIAN_POINT('',(7.578799031486,8.648291752121));
#5233 = CARTESIAN_POINT('',(7.762579320408,8.687798699324));
#5234 = CARTESIAN_POINT('',(7.884554204104,8.70368114537));
#5235 = CARTESIAN_POINT('',(8.007686965114,8.709484682286));
#5236 = CARTESIAN_POINT('',(8.131013291841,8.7051175735));
#5237 = CARTESIAN_POINT('',(8.25356812769,8.690595112412));
#5238 = CARTESIAN_POINT('',(8.374389806874,8.666043155071));
#5239 = CARTESIAN_POINT('',(8.492524190205,8.631701652859));
#5240 = CARTESIAN_POINT('',(8.657124242337,8.568777951878));
#5241 = CARTESIAN_POINT('',(8.706530154837,8.5478203402));
#5242 = CARTESIAN_POINT('',(8.755139172934,8.525100499977));
#5243 = CARTESIAN_POINT('',(8.802933453691,8.500625939982));
#5244 = CARTESIAN_POINT('',(8.849820675144,8.474441209924));
#5245 = CARTESIAN_POINT('',(8.89570055079,8.446599704327));
#5246 = CARTESIAN_POINT('',(8.940543215321,8.417128811685));
#5247 = CARTESIAN_POINT('',(9.025246792687,8.356980426615));
#5248 = CARTESIAN_POINT('',(9.065248831272,8.3264914443));
#5249 = CARTESIAN_POINT('',(9.1042124109,8.294656467645));
#5250 = CARTESIAN_POINT('',(9.142085008381,8.261516687174));
#5251 = CARTESIAN_POINT('',(9.178816118961,8.22711570172));
#5252 = CARTESIAN_POINT('',(9.214357256325,8.191499518422));
#5253 = CARTESIAN_POINT('',(9.248661952594,8.154716552725));
#5254 = CARTESIAN_POINT('',(9.343605235998,8.045757686425));
#5255 = CARTESIAN_POINT('',(9.401026680658,7.970765778256));
#5256 = CARTESIAN_POINT('',(9.45361996541,7.892239069159));
#5257 = CARTESIAN_POINT('',(9.50125042221,7.810348836472));
#5258 = CARTESIAN_POINT('',(9.543498434767,7.725742658949));
#5259 = CARTESIAN_POINT('',(9.5803335612,7.6386063307));
#5260 = CARTESIAN_POINT('',(9.611511062431,7.549467687146));
#5261 = CARTESIAN_POINT('',(9.648070959662,7.41900176904));
#5262 = CARTESIAN_POINT('',(9.658097033937,7.378986340387));
#5263 = CARTESIAN_POINT('',(9.667012448392,7.338697691484));
#5264 = CARTESIAN_POINT('',(9.674808580374,7.298171679577));
#5265 = CARTESIAN_POINT('',(9.681478208882,7.257444572489));
#5266 = CARTESIAN_POINT('',(9.687015514564,7.216553048619));
#5267 = CARTESIAN_POINT('',(9.691416079722,7.175534196943));
#5268 = CARTESIAN_POINT('',(9.700791094499,7.057345451019));
#5269 = CARTESIAN_POINT('',(9.702897362661,6.979954337561));
#5270 = CARTESIAN_POINT('',(9.700981242928,6.902503649675));
#5271 = CARTESIAN_POINT('',(9.695035822784,6.825185095855));
#5272 = CARTESIAN_POINT('',(9.685077405104,6.748279726573));
#5273 = CARTESIAN_POINT('',(9.67114278686,6.672063030845));
#5274 = CARTESIAN_POINT('',(9.653282646209,6.596718605213));
#5275 = CARTESIAN_POINT('',(9.612562963849,6.457582028922));
#5276 = CARTESIAN_POINT('',(9.590607681104,6.393515628067));
#5277 = CARTESIAN_POINT('',(9.565745082126,6.330470192243));
#5278 = CARTESIAN_POINT('',(9.538030380233,6.268598514772));
#5279 = CARTESIAN_POINT('',(9.507528617384,6.208049764954));
#5280 = CARTESIAN_POINT('',(9.474314664177,6.148969488069));
#5281 = CARTESIAN_POINT('',(9.438473219849,6.091499605373));
#5282 = CARTESIAN_POINT('',(9.366522240984,5.987023210719));
#5283 = CARTESIAN_POINT('',(9.330995590659,5.93959341856));
#5284 = CARTESIAN_POINT('',(9.293651398621,5.893664504052));
#5285 = CARTESIAN_POINT('',(9.254366896814,5.849081653112));
#5286 = CARTESIAN_POINT('',(9.213449179602,5.806243558589));
#5287 = CARTESIAN_POINT('',(9.170798886946,5.764988308001));
#5288 = CARTESIAN_POINT('',(9.126591378787,5.725520373337));
#5289 = CARTESIAN_POINT('',(9.000887938326,5.621970267772));
#5290 = CARTESIAN_POINT('',(8.916306348305,5.561652723162));
#5291 = CARTESIAN_POINT('',(8.82759896588,5.507287322771));
#5292 = CARTESIAN_POINT('',(8.735253142938,5.459198859509));
#5293 = CARTESIAN_POINT('',(8.639780160447,5.417662155655));
#5294 = CARTESIAN_POINT('',(8.541715228457,5.382902062867));
#5295 = CARTESIAN_POINT('',(8.441617486099,5.355093462173));
#5296 = CARTESIAN_POINT('',(8.301989447392,5.326586473854));
#5297 = CARTESIAN_POINT('',(8.263704808776,5.319806374349));
#5298 = CARTESIAN_POINT('',(8.225246706777,5.314027459717));
#5299 = CARTESIAN_POINT('',(8.186646231229,5.309254983422));
#5300 = CARTESIAN_POINT('',(8.147934940759,5.305492958129));
#5301 = CARTESIAN_POINT('',(8.109144862789,5.302744155707));
#5302 = CARTESIAN_POINT('',(8.070308493538,5.30101010723));
#5303 = CARTESIAN_POINT('',(7.997464641473,5.299661898266));
#5304 = CARTESIAN_POINT('',(7.963461821569,5.299810054166));
#5305 = CARTESIAN_POINT('',(7.92947565163,5.300734558283));
#5306 = CARTESIAN_POINT('',(7.895513174909,5.302435655125));
#5307 = CARTESIAN_POINT('',(7.861588177627,5.30491305137));
#5308 = CARTESIAN_POINT('',(7.82772850722,5.308165134374));
#5309 = CARTESIAN_POINT('',(7.79396569578,5.312189203932));
#5310 = CARTESIAN_POINT('',(7.642504329737,5.333759157119));
#5311 = CARTESIAN_POINT('',(7.526040547524,5.359962990117));
#5312 = CARTESIAN_POINT('',(7.411810130495,5.395460108609));
#5313 = CARTESIAN_POINT('',(7.300675072579,5.440025475919));
#5314 = CARTESIAN_POINT('',(7.19346158059,5.493343452977));
#5315 = CARTESIAN_POINT('',(7.090956881599,5.55500812495));
#5316 = CARTESIAN_POINT('',(6.993906030319,5.624523627868));
#5317 = CARTESIAN_POINT('',(6.857559044686,5.739695180759));
#5318 = CARTESIAN_POINT('',(6.813650002891,5.77989976995));
#5319 = CARTESIAN_POINT('',(6.771368278036,5.821841768084));
#5320 = CARTESIAN_POINT('',(6.730785354375,5.865454128383));
#5321 = CARTESIAN_POINT('',(6.691973530195,5.910660789329));
#5322 = CARTESIAN_POINT('',(6.655009949579,5.957371458613));
#5323 = CARTESIAN_POINT('',(6.61996864923,6.005489623717));
#5324 = CARTESIAN_POINT('',(6.553833496067,6.104377160613));
#5325 = CARTESIAN_POINT('',(6.522743457308,6.155142544021));
#5326 = CARTESIAN_POINT('',(6.493692286989,6.207137894387));
#5327 = CARTESIAN_POINT('',(6.466736352193,6.260267978944));
#5328 = CARTESIAN_POINT('',(6.441926604164,6.314434377139));
#5329 = CARTESIAN_POINT('',(6.419308578306,6.369535480636));
#5330 = CARTESIAN_POINT('',(6.398922394184,6.425466493312));
#5331 = CARTESIAN_POINT('',(6.380802755524,6.482119431258));
#5332 = ( GEOMETRIC_REPRESENTATION_CONTEXT(2) 
PARAMETRIC_REPRESENTATION_CONTEXT() REPRESENTATION_CONTEXT('2D SPACE',''
  ) );
#5333 = PCURVE('',#5119,#5334);
#5334 = DEFINITIONAL_REPRESENTATION('',(#5335),#5464);
#5335 = B_SPLINE_CURVE_WITH_KNOTS('',8,(#5336,#5337,#5338,#5339,#5340,
    #5341,#5342,#5343,#5344,#5345,#5346,#5347,#5348,#5349,#5350,#5351,
    #5352,#5353,#5354,#5355,#5356,#5357,#5358,#5359,#5360,#5361,#5362,
    #5363,#5364,#5365,#5366,#5367,#5368,#5369,#5370,#5371,#5372,#5373,
    #5374,#5375,#5376,#5377,#5378,#5379,#5380,#5381,#5382,#5383,#5384,
    #5385,#5386,#5387,#5388,#5389,#5390,#5391,#5392,#5393,#5394,#5395,
    #5396,#5397,#5398,#5399,#5400,#5401,#5402,#5403,#5404,#5405,#5406,
    #5407,#5408,#5409,#5410,#5411,#5412,#5413,#5414,#5415,#5416,#5417,
    #5418,#5419,#5420,#5421,#5422,#5423,#5424,#5425,#5426,#5427,#5428,
    #5429,#5430,#5431,#5432,#5433,#5434,#5435,#5436,#5437,#5438,#5439,
    #5440,#5441,#5442,#5443,#5444,#5445,#5446,#5447,#5448,#5449,#5450,
    #5451,#5452,#5453,#5454,#5455,#5456,#5457,#5458,#5459,#5460,#5461,
    #5462,#5463),.UNSPECIFIED.,.F.,.F.,(9,7,7,7,7,7,7,7,7,7,7,7,7,7,7,7,
    7,7,9),(0.,6.25E-02,0.12109375,0.176025390625,0.227523803711,
    0.324083328247,0.366328120232,0.405932612717,0.480191036128,
    0.51267909637,0.573594209323,0.626894933158,0.673533066513,
    0.755149799885,0.785756074899,0.812536565537,0.906268282768,
    0.953134141384,1.),.UNSPECIFIED.);
#5336 = CARTESIAN_POINT('',(6.3,7.));
#5337 = CARTESIAN_POINT('',(6.299999423343,7.079323435757));
#5338 = CARTESIAN_POINT('',(6.304230668057,7.15865797266));
#5339 = CARTESIAN_POINT('',(6.312692829065,7.237730537263));
#5340 = CARTESIAN_POINT('',(6.325365818319,7.316273740437));
#5341 = CARTESIAN_POINT('',(6.342210364802,7.394025877366));
#5342 = CARTESIAN_POINT('',(6.363168014527,7.470730927553));
#5343 = CARTESIAN_POINT('',(6.388161130536,7.546138554818));
#5344 = CARTESIAN_POINT('',(6.444216182686,7.689252323431));
#5345 = CARTESIAN_POINT('',(6.474806820221,7.757151312963));
#5346 = CARTESIAN_POINT('',(6.508767931947,7.823476431475));
#5347 = CARTESIAN_POINT('',(6.546038764674,7.888073165712));
#5348 = CARTESIAN_POINT('',(6.586489529334,7.950719011481));
#5349 = CARTESIAN_POINT('',(6.629980827018,8.011207648476));
#5350 = CARTESIAN_POINT('',(6.676419481566,8.069423220517));
#5351 = CARTESIAN_POINT('',(6.771789331279,8.177437895015));
#5352 = CARTESIAN_POINT('',(6.820386354997,8.227540444204));
#5353 = CARTESIAN_POINT('',(6.871313843563,8.275345152775));
#5354 = CARTESIAN_POINT('',(6.9244447266,8.320726059043));
#5355 = CARTESIAN_POINT('',(6.979644693894,8.36356626412));
#5356 = CARTESIAN_POINT('',(7.036772195398,8.403757931914));
#5357 = CARTESIAN_POINT('',(7.09567844123,8.441202289128));
#5358 = CARTESIAN_POINT('',(7.21295392777,8.508254192562));
#5359 = CARTESIAN_POINT('',(7.271119139943,8.538203265314));
#5360 = CARTESIAN_POINT('',(7.33062581491,8.565600083966));
#5361 = CARTESIAN_POINT('',(7.391165665642,8.590315814887));
#5362 = CARTESIAN_POINT('',(7.452934462752,8.612422881066));
#5363 = CARTESIAN_POINT('',(7.515466169512,8.63173505952));
#5364 = CARTESIAN_POINT('',(7.578799031486,8.648291752121));
#5365 = CARTESIAN_POINT('',(7.762579320408,8.687798699324));
#5366 = CARTESIAN_POINT('',(7.884554204104,8.70368114537));
#5367 = CARTESIAN_POINT('',(8.007686965114,8.709484682286));
#5368 = CARTESIAN_POINT('',(8.131013291841,8.7051175735));
#5369 = CARTESIAN_POINT('',(8.25356812769,8.690595112412));
#5370 = CARTESIAN_POINT('',(8.374389806874,8.666043155071));
#5371 = CARTESIAN_POINT('',(8.492524190205,8.631701652859));
#5372 = CARTESIAN_POINT('',(8.657124242337,8.568777951878));
#5373 = CARTESIAN_POINT('',(8.706530154837,8.5478203402));
#5374 = CARTESIAN_POINT('',(8.755139172934,8.525100499977));
#5375 = CARTESIAN_POINT('',(8.802933453691,8.500625939982));
#5376 = CARTESIAN_POINT('',(8.849820675144,8.474441209924));
#5377 = CARTESIAN_POINT('',(8.89570055079,8.446599704327));
#5378 = CARTESIAN_POINT('',(8.940543215321,8.417128811685));
#5379 = CARTESIAN_POINT('',(9.025246792687,8.356980426615));
#5380 = CARTESIAN_POINT('',(9.065248831272,8.3264914443));
#5381 = CARTESIAN_POINT('',(9.1042124109,8.294656467645));
#5382 = CARTESIAN_POINT('',(9.142085008381,8.261516687174));
#5383 = CARTESIAN_POINT('',(9.178816118961,8.22711570172));
#5384 = CARTESIAN_POINT('',(9.214357256325,8.191499518422));
#5385 = CARTESIAN_POINT('',(9.248661952594,8.154716552725));
#5386 = CARTESIAN_POINT('',(9.343605235998,8.045757686425));
#5387 = CARTESIAN_POINT('',(9.401026680658,7.970765778256));
#5388 = CARTESIAN_POINT('',(9.45361996541,7.892239069159));
#5389 = CARTESIAN_POINT('',(9.50125042221,7.810348836472));
#5390 = CARTESIAN_POINT('',(9.543498434767,7.725742658949));
#5391 = CARTESIAN_POINT('',(9.5803335612,7.6386063307));
#5392 = CARTESIAN_POINT('',(9.611511062431,7.549467687146));
#5393 = CARTESIAN_POINT('',(9.648070959662,7.41900176904));
#5394 = CARTESIAN_POINT('',(9.658097033937,7.378986340387));
#5395 = CARTESIAN_POINT('',(9.667012448392,7.338697691484));
#5396 = CARTESIAN_POINT('',(9.674808580374,7.298171679577));
#5397 = CARTESIAN_POINT('',(9.681478208882,7.257444572489));
#5398 = CARTESIAN_POINT('',(9.687015514564,7.216553048619));
#5399 = CARTESIAN_POINT('',(9.691416079722,7.175534196943));
#5400 = CARTESIAN_POINT('',(9.700791094499,7.057345451019));
#5401 = CARTESIAN_POINT('',(9.702897362661,6.979954337561));
#5402 = CARTESIAN_POINT('',(9.700981242928,6.902503649675));
#5403 = CARTESIAN_POINT('',(9.695035822784,6.825185095855));
#5404 = CARTESIAN_POINT('',(9.685077405104,6.748279726573));
#5405 = CARTESIAN_POINT('',(9.67114278686,6.672063030845));
#5406 = CARTESIAN_POINT('',(9.653282646209,6.596718605213));
#5407 = CARTESIAN_POINT('',(9.612562963849,6.457582028922));
#5408 = CARTESIAN_POINT('',(9.590607681104,6.393515628067));
#5409 = CARTESIAN_POINT('',(9.565745082126,6.330470192243));
#5410 = CARTESIAN_POINT('',(9.538030380233,6.268598514772));
#5411 = CARTESIAN_POINT('',(9.507528617384,6.208049764954));
#5412 = CARTESIAN_POINT('',(9.474314664177,6.148969488069));
#5413 = CARTESIAN_POINT('',(9.438473219849,6.091499605373));
#5414 = CARTESIAN_POINT('',(9.366522240984,5.987023210719));
#5415 = CARTESIAN_POINT('',(9.330995590659,5.93959341856));
#5416 = CARTESIAN_POINT('',(9.293651398621,5.893664504052));
#5417 = CARTESIAN_POINT('',(9.254366896814,5.849081653112));
#5418 = CARTESIAN_POINT('',(9.213449179602,5.806243558589));
#5419 = CARTESIAN_POINT('',(9.170798886946,5.764988308001));
#5420 = CARTESIAN_POINT('',(9.126591378787,5.725520373337));
#5421 = CARTESIAN_POINT('',(9.000887938326,5.621970267772));
#5422 = CARTESIAN_POINT('',(8.916306348305,5.561652723162));
#5423 = CARTESIAN_POINT('',(8.82759896588,5.507287322771));
#5424 = CARTESIAN_POINT('',(8.735253142938,5.459198859509));
#5425 = CARTESIAN_POINT('',(8.639780160447,5.417662155655));
#5426 = CARTESIAN_POINT('',(8.541715228457,5.382902062867));
#5427 = CARTESIAN_POINT('',(8.441617486099,5.355093462173));
#5428 = CARTESIAN_POINT('',(8.301989447392,5.326586473854));
#5429 = CARTESIAN_POINT('',(8.263704808776,5.319806374349));
#5430 = CARTESIAN_POINT('',(8.225246706777,5.314027459717));
#5431 = CARTESIAN_POINT('',(8.186646231229,5.309254983422));
#5432 = CARTESIAN_POINT('',(8.147934940759,5.305492958129));
#5433 = CARTESIAN_POINT('',(8.109144862789,5.302744155707));
#5434 = CARTESIAN_POINT('',(8.070308493538,5.30101010723));
#5435 = CARTESIAN_POINT('',(7.997464641473,5.299661898266));
#5436 = CARTESIAN_POINT('',(7.963461821569,5.299810054166));
#5437 = CARTESIAN_POINT('',(7.92947565163,5.300734558283));
#5438 = CARTESIAN_POINT('',(7.895513174909,5.302435655125));
#5439 = CARTESIAN_POINT('',(7.861588177627,5.30491305137));
#5440 = CARTESIAN_POINT('',(7.82772850722,5.308165134374));
#5441 = CARTESIAN_POINT('',(7.79396569578,5.312189203932));
#5442 = CARTESIAN_POINT('',(7.642504329737,5.333759157119));
#5443 = CARTESIAN_POINT('',(7.526040547524,5.359962990117));
#5444 = CARTESIAN_POINT('',(7.411810130495,5.395460108609));
#5445 = CARTESIAN_POINT('',(7.300675072579,5.440025475919));
#5446 = CARTESIAN_POINT('',(7.19346158059,5.493343452977));
#5447 = CARTESIAN_POINT('',(7.090956881599,5.55500812495));
#5448 = CARTESIAN_POINT('',(6.993906030319,5.624523627868));
#5449 = CARTESIAN_POINT('',(6.857559044686,5.739695180759));
#5450 = CARTESIAN_POINT('',(6.813650002891,5.77989976995));
#5451 = CARTESIAN_POINT('',(6.771368278036,5.821841768084));
#5452 = CARTESIAN_POINT('',(6.730785354375,5.865454128383));
#5453 = CARTESIAN_POINT('',(6.691973530195,5.910660789329));
#5454 = CARTESIAN_POINT('',(6.655009949579,5.957371458613));
#5455 = CARTESIAN_POINT('',(6.61996864923,6.005489623717));
#5456 = CARTESIAN_POINT('',(6.553833496067,6.104377160613));
#5457 = CARTESIAN_POINT('',(6.522743457308,6.155142544021));
#5458 = CARTESIAN_POINT('',(6.493692286989,6.207137894387));
#5459 = CARTESIAN_POINT('',(6.466736352193,6.260267978944));
#5460 = CARTESIAN_POINT('',(6.441926604164,6.314434377139));
#5461 = CARTESIAN_POINT('',(6.419308578306,6.369535480636));
#5462 = CARTESIAN_POINT('',(6.398922394184,6.425466493312));
#5463 = CARTESIAN_POINT('',(6.380802755524,6.482119431258));
#5464 = ( GEOMETRIC_REPRESENTATION_CONTEXT(2) 
PARAMETRIC_REPRESENTATION_CONTEXT() REPRESENTATION_CONTEXT('2D SPACE',''
  ) );
#5465 = FACE_BOUND('',#5466,.F.);
#5466 = EDGE_LOOP('',(#5467));
#5467 = ORIENTED_EDGE('',*,*,#5468,.F.);
#5468 = EDGE_CURVE('',#5469,#5469,#5471,.T.);
#5469 = VERTEX_POINT('',#5470);
#5470 = CARTESIAN_POINT('',(-15.,158.87548833848,128.08989221983));
#5471 = SURFACE_CURVE('',#5472,(#5480,#5491),.PCURVE_S1.);
#5472 = ( BOUNDED_CURVE() B_SPLINE_CURVE(2,(#5473,#5474,#5475,#5476,
#5477,#5478,#5479),.UNSPECIFIED.,.T.,.F.) B_SPLINE_CURVE_WITH_KNOTS((1,2
    ,2,2,2,1),(-2.094395102393,0.,2.094395102393,4.188790204786,
6.28318530718,8.377580409573),.UNSPECIFIED.) CURVE() 
GEOMETRIC_REPRESENTATION_ITEM() RATIONAL_B_SPLINE_CURVE((1.,0.5,1.,0.5,
1.,0.5,1.)) REPRESENTATION_ITEM('') );
#5473 = CARTESIAN_POINT('',(-15.,158.87548833848,128.08989221983));
#5474 = CARTESIAN_POINT('',(-15.,155.93100196561,128.08989221983));
#5475 = CARTESIAN_POINT('',(-15.,157.40324515205,125.53989221983));
#5476 = CARTESIAN_POINT('',(-15.,158.87548833848,122.98989221983));
#5477 = CARTESIAN_POINT('',(-15.,160.34773152491,125.53989221983));
#5478 = CARTESIAN_POINT('',(-15.,161.81997471135,128.08989221983));
#5479 = CARTESIAN_POINT('',(-15.,158.87548833848,128.08989221983));
#5480 = PCURVE('',#4799,#5481);
#5481 = DEFINITIONAL_REPRESENTATION('',(#5482),#5490);
#5482 = ( BOUNDED_CURVE() B_SPLINE_CURVE(2,(#5483,#5484,#5485,#5486,
#5487,#5488,#5489),.UNSPECIFIED.,.T.,.F.) B_SPLINE_CURVE_WITH_KNOTS((1,2
    ,2,2,2,1),(-2.094395102393,0.,2.094395102393,4.188790204786,
6.28318530718,8.377580409573),.UNSPECIFIED.) CURVE() 
GEOMETRIC_REPRESENTATION_ITEM() RATIONAL_B_SPLINE_CURVE((1.,0.5,1.,0.5,
1.,0.5,1.)) REPRESENTATION_ITEM('') );
#5483 = CARTESIAN_POINT('',(16.7,7.));
#5484 = CARTESIAN_POINT('',(16.7,9.944486372867));
#5485 = CARTESIAN_POINT('',(14.15,8.472243186434));
#5486 = CARTESIAN_POINT('',(11.6,7.));
#5487 = CARTESIAN_POINT('',(14.15,5.527756813566));
#5488 = CARTESIAN_POINT('',(16.7,4.055513627133));
#5489 = CARTESIAN_POINT('',(16.7,7.));
#5490 = ( GEOMETRIC_REPRESENTATION_CONTEXT(2) 
PARAMETRIC_REPRESENTATION_CONTEXT() REPRESENTATION_CONTEXT('2D SPACE',''
  ) );
#5491 = PCURVE('',#4927,#5492);
#5492 = DEFINITIONAL_REPRESENTATION('',(#5493),#5501);
#5493 = B_SPLINE_CURVE_WITH_KNOTS('',2,(#5494,#5495,#5496,#5497,#5498,
    #5499,#5500),.UNSPECIFIED.,.F.,.F.,(3,2,2,3),(0.,2.094395102393,
    4.188790204786,6.28318530718),.PIECEWISE_BEZIER_KNOTS.);
#5494 = CARTESIAN_POINT('',(0.,2.1));
#5495 = CARTESIAN_POINT('',(1.047197551197,2.1));
#5496 = CARTESIAN_POINT('',(2.094395102393,2.1));
#5497 = CARTESIAN_POINT('',(3.14159265359,2.1));
#5498 = CARTESIAN_POINT('',(4.188790204786,2.1));
#5499 = CARTESIAN_POINT('',(5.235987755983,2.1));
#5500 = CARTESIAN_POINT('',(6.28318530718,2.1));
#5501 = ( GEOMETRIC_REPRESENTATION_CONTEXT(2) 
PARAMETRIC_REPRESENTATION_CONTEXT() REPRESENTATION_CONTEXT('2D SPACE',''
  ) );
#5502 = FACE_BOUND('',#5503,.F.);
#5503 = EDGE_LOOP('',(#5504));
#5504 = ORIENTED_EDGE('',*,*,#5505,.F.);
#5505 = EDGE_CURVE('',#5506,#5506,#5508,.T.);
#5506 = VERTEX_POINT('',#5507);
#5507 = CARTESIAN_POINT('',(-15.,142.87548833848,128.08989221983));
#5508 = SURFACE_CURVE('',#5509,(#5517,#5528),.PCURVE_S1.);
#5509 = ( BOUNDED_CURVE() B_SPLINE_CURVE(2,(#5510,#5511,#5512,#5513,
#5514,#5515,#5516),.UNSPECIFIED.,.T.,.F.) B_SPLINE_CURVE_WITH_KNOTS((1,2
    ,2,2,2,1),(-2.094395102393,0.,2.094395102393,4.188790204786,
6.28318530718,8.377580409573),.UNSPECIFIED.) CURVE() 
GEOMETRIC_REPRESENTATION_ITEM() RATIONAL_B_SPLINE_CURVE((1.,0.5,1.,0.5,
1.,0.5,1.)) REPRESENTATION_ITEM('') );
#5510 = CARTESIAN_POINT('',(-15.,142.87548833848,128.08989221983));
#5511 = CARTESIAN_POINT('',(-15.,139.93100196561,128.08989221983));
#5512 = CARTESIAN_POINT('',(-15.,141.40324515205,125.53989221983));
#5513 = CARTESIAN_POINT('',(-15.,142.87548833848,122.98989221983));
#5514 = CARTESIAN_POINT('',(-15.,144.34773152491,125.53989221983));
#5515 = CARTESIAN_POINT('',(-15.,145.81997471135,128.08989221983));
#5516 = CARTESIAN_POINT('',(-15.,142.87548833848,128.08989221983));
#5517 = PCURVE('',#4799,#5518);
#5518 = DEFINITIONAL_REPRESENTATION('',(#5519),#5527);
#5519 = ( BOUNDED_CURVE() B_SPLINE_CURVE(2,(#5520,#5521,#5522,#5523,
#5524,#5525,#5526),.UNSPECIFIED.,.T.,.F.) B_SPLINE_CURVE_WITH_KNOTS((1,2
    ,2,2,2,1),(-2.094395102393,0.,2.094395102393,4.188790204786,
6.28318530718,8.377580409573),.UNSPECIFIED.) CURVE() 
GEOMETRIC_REPRESENTATION_ITEM() RATIONAL_B_SPLINE_CURVE((1.,0.5,1.,0.5,
1.,0.5,1.)) REPRESENTATION_ITEM('') );
#5520 = CARTESIAN_POINT('',(16.7,23.));
#5521 = CARTESIAN_POINT('',(16.7,25.944486372867));
#5522 = CARTESIAN_POINT('',(14.15,24.472243186434));
#5523 = CARTESIAN_POINT('',(11.6,23.));
#5524 = CARTESIAN_POINT('',(14.15,21.527756813566));
#5525 = CARTESIAN_POINT('',(16.7,20.055513627133));
#5526 = CARTESIAN_POINT('',(16.7,23.));
#5527 = ( GEOMETRIC_REPRESENTATION_CONTEXT(2) 
PARAMETRIC_REPRESENTATION_CONTEXT() REPRESENTATION_CONTEXT('2D SPACE',''
  ) );
#5528 = PCURVE('',#4979,#5529);
#5529 = DEFINITIONAL_REPRESENTATION('',(#5530),#5538);
#5530 = B_SPLINE_CURVE_WITH_KNOTS('',2,(#5531,#5532,#5533,#5534,#5535,
    #5536,#5537),.UNSPECIFIED.,.F.,.F.,(3,2,2,3),(0.,2.094395102393,
    4.188790204786,6.28318530718),.PIECEWISE_BEZIER_KNOTS.);
#5531 = CARTESIAN_POINT('',(0.,2.1));
#5532 = CARTESIAN_POINT('',(1.047197551197,2.1));
#5533 = CARTESIAN_POINT('',(2.094395102393,2.1));
#5534 = CARTESIAN_POINT('',(3.14159265359,2.1));
#5535 = CARTESIAN_POINT('',(4.188790204786,2.1));
#5536 = CARTESIAN_POINT('',(5.235987755983,2.1));
#5537 = CARTESIAN_POINT('',(6.28318530718,2.1));
#5538 = ( GEOMETRIC_REPRESENTATION_CONTEXT(2) 
PARAMETRIC_REPRESENTATION_CONTEXT() REPRESENTATION_CONTEXT('2D SPACE',''
  ) );
#5539 = ADVANCED_FACE('',(#5540),#4774,.T.);
#5540 = FACE_BOUND('',#5541,.T.);
#5541 = EDGE_LOOP('',(#5542,#5543,#5544,#5562));
#5542 = ORIENTED_EDGE('',*,*,#4760,.F.);
#5543 = ORIENTED_EDGE('',*,*,#4864,.T.);
#5544 = ORIENTED_EDGE('',*,*,#5545,.T.);
#5545 = EDGE_CURVE('',#4838,#5055,#5546,.T.);
#5546 = SURFACE_CURVE('',#5547,(#5550,#5556),.PCURVE_S1.);
#5547 = B_SPLINE_CURVE_WITH_KNOTS('',1,(#5548,#5549),.UNSPECIFIED.,.F.,
  .F.,(2,2),(0.,2.),.PIECEWISE_BEZIER_KNOTS.);
#5548 = CARTESIAN_POINT('',(-13.,135.87548833848,111.38989221983));
#5549 = CARTESIAN_POINT('',(-15.,135.87548833848,111.38989221983));
#5550 = PCURVE('',#4774,#5551);
#5551 = DEFINITIONAL_REPRESENTATION('',(#5552),#5555);
#5552 = B_SPLINE_CURVE_WITH_KNOTS('',1,(#5553,#5554),.UNSPECIFIED.,.F.,
  .F.,(2,2),(0.,2.),.PIECEWISE_BEZIER_KNOTS.);
#5553 = CARTESIAN_POINT('',(30.,0.));
#5554 = CARTESIAN_POINT('',(30.,2.));
#5555 = ( GEOMETRIC_REPRESENTATION_CONTEXT(2) 
PARAMETRIC_REPRESENTATION_CONTEXT() REPRESENTATION_CONTEXT('2D SPACE',''
  ) );
#5556 = PCURVE('',#4853,#5557);
#5557 = DEFINITIONAL_REPRESENTATION('',(#5558),#5561);
#5558 = B_SPLINE_CURVE_WITH_KNOTS('',1,(#5559,#5560),.UNSPECIFIED.,.F.,
  .F.,(2,2),(0.,2.),.PIECEWISE_BEZIER_KNOTS.);
#5559 = CARTESIAN_POINT('',(0.,0.));
#5560 = CARTESIAN_POINT('',(0.,-2.));
#5561 = ( GEOMETRIC_REPRESENTATION_CONTEXT(2) 
PARAMETRIC_REPRESENTATION_CONTEXT() REPRESENTATION_CONTEXT('2D SPACE',''
  ) );
#5562 = ORIENTED_EDGE('',*,*,#5074,.F.);
#5563 = ADVANCED_FACE('',(#5564),#4853,.F.);
#5564 = FACE_BOUND('',#5565,.F.);
#5565 = EDGE_LOOP('',(#5566,#5567,#5568,#5569));
#5566 = ORIENTED_EDGE('',*,*,#4837,.F.);
#5567 = ORIENTED_EDGE('',*,*,#5545,.T.);
#5568 = ORIENTED_EDGE('',*,*,#5054,.T.);
#5569 = ORIENTED_EDGE('',*,*,#5032,.F.);
#5570 = ADVANCED_FACE('',(#5571),#4927,.T.);
#5571 = FACE_BOUND('',#5572,.T.);
#5572 = EDGE_LOOP('',(#5573,#5574,#5594,#5595));
#5573 = ORIENTED_EDGE('',*,*,#5468,.F.);
#5574 = ORIENTED_EDGE('',*,*,#5575,.F.);
#5575 = EDGE_CURVE('',#4904,#5469,#5576,.T.);
#5576 = SEAM_CURVE('',#5577,(#5580,#5587),.PCURVE_S1.);
#5577 = B_SPLINE_CURVE_WITH_KNOTS('',1,(#5578,#5579),.UNSPECIFIED.,.F.,
  .F.,(2,2),(1.E-01,2.1),.PIECEWISE_BEZIER_KNOTS.);
#5578 = CARTESIAN_POINT('',(-13.,158.87548833848,128.08989221983));
#5579 = CARTESIAN_POINT('',(-15.,158.87548833848,128.08989221983));
#5580 = PCURVE('',#4927,#5581);
#5581 = DEFINITIONAL_REPRESENTATION('',(#5582),#5586);
#5582 = B_SPLINE_CURVE_WITH_KNOTS('',2,(#5583,#5584,#5585),
  .UNSPECIFIED.,.F.,.F.,(3,3),(1.E-01,2.1),.PIECEWISE_BEZIER_KNOTS.);
#5583 = CARTESIAN_POINT('',(6.28318530718,1.E-01));
#5584 = CARTESIAN_POINT('',(6.28318530718,1.1));
#5585 = CARTESIAN_POINT('',(6.28318530718,2.1));
#5586 = ( GEOMETRIC_REPRESENTATION_CONTEXT(2) 
PARAMETRIC_REPRESENTATION_CONTEXT() REPRESENTATION_CONTEXT('2D SPACE',''
  ) );
#5587 = PCURVE('',#4927,#5588);
#5588 = DEFINITIONAL_REPRESENTATION('',(#5589),#5593);
#5589 = B_SPLINE_CURVE_WITH_KNOTS('',2,(#5590,#5591,#5592),
  .UNSPECIFIED.,.F.,.F.,(3,3),(1.E-01,2.1),.PIECEWISE_BEZIER_KNOTS.);
#5590 = CARTESIAN_POINT('',(0.,1.E-01));
#5591 = CARTESIAN_POINT('',(8.881784197001E-16,1.1));
#5592 = CARTESIAN_POINT('',(0.,2.1));
#5593 = ( GEOMETRIC_REPRESENTATION_CONTEXT(2) 
PARAMETRIC_REPRESENTATION_CONTEXT() REPRESENTATION_CONTEXT('2D SPACE',''
  ) );
#5594 = ORIENTED_EDGE('',*,*,#4903,.T.);
#5595 = ORIENTED_EDGE('',*,*,#5575,.T.);
#5596 = ADVANCED_FACE('',(#5597),#4979,.T.);
#5597 = FACE_BOUND('',#5598,.T.);
#5598 = EDGE_LOOP('',(#5599,#5600,#5620,#5621));
#5599 = ORIENTED_EDGE('',*,*,#5505,.F.);
#5600 = ORIENTED_EDGE('',*,*,#5601,.F.);
#5601 = EDGE_CURVE('',#4956,#5506,#5602,.T.);
#5602 = SEAM_CURVE('',#5603,(#5606,#5613),.PCURVE_S1.);
#5603 = B_SPLINE_CURVE_WITH_KNOTS('',1,(#5604,#5605),.UNSPECIFIED.,.F.,
  .F.,(2,2),(1.E-01,2.1),.PIECEWISE_BEZIER_KNOTS.);
#5604 = CARTESIAN_POINT('',(-13.,142.87548833848,128.08989221983));
#5605 = CARTESIAN_POINT('',(-15.,142.87548833848,128.08989221983));
#5606 = PCURVE('',#4979,#5607);
#5607 = DEFINITIONAL_REPRESENTATION('',(#5608),#5612);
#5608 = B_SPLINE_CURVE_WITH_KNOTS('',2,(#5609,#5610,#5611),
  .UNSPECIFIED.,.F.,.F.,(3,3),(1.E-01,2.1),.PIECEWISE_BEZIER_KNOTS.);
#5609 = CARTESIAN_POINT('',(6.28318530718,1.E-01));
#5610 = CARTESIAN_POINT('',(6.28318530718,1.1));
#5611 = CARTESIAN_POINT('',(6.28318530718,2.1));
#5612 = ( GEOMETRIC_REPRESENTATION_CONTEXT(2) 
PARAMETRIC_REPRESENTATION_CONTEXT() REPRESENTATION_CONTEXT('2D SPACE',''
  ) );
#5613 = PCURVE('',#4979,#5614);
#5614 = DEFINITIONAL_REPRESENTATION('',(#5615),#5619);
#5615 = B_SPLINE_CURVE_WITH_KNOTS('',2,(#5616,#5617,#5618),
  .UNSPECIFIED.,.F.,.F.,(3,3),(1.E-01,2.1),.PIECEWISE_BEZIER_KNOTS.);
#5616 = CARTESIAN_POINT('',(0.,1.E-01));
#5617 = CARTESIAN_POINT('',(8.881784197001E-16,1.1));
#5618 = CARTESIAN_POINT('',(0.,2.1));
#5619 = ( GEOMETRIC_REPRESENTATION_CONTEXT(2) 
PARAMETRIC_REPRESENTATION_CONTEXT() REPRESENTATION_CONTEXT('2D SPACE',''
  ) );
#5620 = ORIENTED_EDGE('',*,*,#4955,.T.);
#5621 = ORIENTED_EDGE('',*,*,#5601,.T.);
#5622 = ADVANCED_FACE('',(#5623),#5119,.F.);
#5623 = FACE_BOUND('',#5624,.F.);
#5624 = EDGE_LOOP('',(#5625,#5626));
#5625 = ORIENTED_EDGE('',*,*,#5133,.F.);
#5626 = ORIENTED_EDGE('',*,*,#5096,.F.);
#5627 = ( GEOMETRIC_REPRESENTATION_CONTEXT(3) 
GLOBAL_UNCERTAINTY_ASSIGNED_CONTEXT((#5631)) 
GLOBAL_UNIT_ASSIGNED_CONTEXT((#5628,#5629,#5630)) REPRESENTATION_CONTEXT
('Context #1','3D Context with UNIT and UNCERTAINTY') );
#5628 = ( LENGTH_UNIT() NAMED_UNIT(*) SI_UNIT(.MILLI.,.METRE.) );
#5629 = ( NAMED_UNIT(*) PLANE_ANGLE_UNIT() SI_UNIT($,.RADIAN.) );
#5630 = ( NAMED_UNIT(*) SI_UNIT($,.STERADIAN.) SOLID_ANGLE_UNIT() );
#5631 = UNCERTAINTY_MEASURE_WITH_UNIT(LENGTH_MEASURE(1.E-06),#5628,
  'distance_accuracy_value','confusion accuracy');
#5632 = CONTEXT_DEPENDENT_SHAPE_REPRESENTATION(#5633,#5635);
#5633 = ( REPRESENTATION_RELATIONSHIP('','',#4721,#10) 
REPRESENTATION_RELATIONSHIP_WITH_TRANSFORMATION(#5634) 
SHAPE_REPRESENTATION_RELATIONSHIP() );
#5634 = ITEM_DEFINED_TRANSFORMATION('','',#11,#19);
#5635 = PRODUCT_DEFINITION_SHAPE('Placement','Placement of an item',
  #5636);
#5636 = NEXT_ASSEMBLY_USAGE_OCCURRENCE('17','','',#5,#4716,$);
#5637 = PRODUCT_RELATED_PRODUCT_CATEGORY('part',$,(#4718));
ENDSEC;
END-ISO-10303-21;
