ISO-10303-21;
HEADER;
FILE_DESCRIPTION(('Open CASCADE Model'),'2;1');
FILE_NAME('Open CASCADE Shape Model','2026-10-01T13:11:56',('Author'),(
    'Open CASCADE'),'Open CASCADE STEP processor 7.8','Open CASCADE 7.8'
  ,'Unknown');
FILE_SCHEMA(('AUTOMOTIVE_DESIGN { 1 0 10303 214 1 1 1 1 }'));
ENDSEC;
DATA;
#1 = APPLICATION_PROTOCOL_DEFINITION('international standard',
  'automotive_design',2000,#2);
#2 = APPLICATION_CONTEXT(
  'core data for automotive mechanical design processes');
#3 = SHAPE_DEFINITION_REPRESENTATION(#4,#10);
#4 = PRODUCT_DEFINITION_SHAPE('','',#5);
#5 = PRODUCT_DEFINITION('design','',#6,#9);
#6 = PRODUCT_DEFINITION_FORMATION('','',#7);
#7 = PRODUCT('Open CASCADE STEP translator 7.8 69',
  'Open CASCADE STEP translator 7.8 69','',(#8));
#8 = PRODUCT_CONTEXT('',#2,'mechanical');
#9 = PRODUCT_DEFINITION_CONTEXT('part definition',#2,'design');
#10 = ADVANCED_BREP_SHAPE_REPRESENTATION('',(#11,#15),#1873);
#11 = AXIS2_PLACEMENT_3D('',#12,#13,#14);
#12 = CARTESIAN_POINT('',(0.,0.,0.));
#13 = DIRECTION('',(0.,0.,1.));
#14 = DIRECTION('',(1.,0.,-0.));
#15 = MANIFOLD_SOLID_BREP('',#16);
#16 = CLOSED_SHELL('',(#17,#125,#192,#1013,#1085,#1717,#1757,#1763,#1789
    ,#1815,#1844));
#17 = ADVANCED_FACE('',(#18),#31,.T.);
#18 = FACE_BOUND('',#19,.T.);
#19 = EDGE_LOOP('',(#20,#52,#77,#102));
#20 = ORIENTED_EDGE('',*,*,#21,.F.);
#21 = EDGE_CURVE('',#22,#24,#26,.T.);
#22 = VERTEX_POINT('',#23);
#23 = CARTESIAN_POINT('',(25.,165.87548833848,134.38989221983));
#24 = VERTEX_POINT('',#25);
#25 = CARTESIAN_POINT('',(25.,165.87548833848,139.38989221983));
#26 = SURFACE_CURVE('',#27,(#30,#41),.PCURVE_S1.);
#27 = B_SPLINE_CURVE_WITH_KNOTS('',1,(#28,#29),.UNSPECIFIED.,.F.,.F.,(2,
    2),(0.,5.),.PIECEWISE_BEZIER_KNOTS.);
#28 = CARTESIAN_POINT('',(25.,165.87548833848,134.38989221983));
#29 = CARTESIAN_POINT('',(25.,165.87548833848,139.38989221983));
#30 = PCURVE('',#31,#36);
#31 = B_SPLINE_SURFACE_WITH_KNOTS('',1,1,(
    (#32,#33)
    ,(#34,#35)),.UNSPECIFIED.,.F.,.F.,.F.,(2,2),(2,2),(0.,5.),(-45.,0.),
  .PIECEWISE_BEZIER_KNOTS.);
#32 = CARTESIAN_POINT('',(-20.,165.87548833848,134.38989221983));
#33 = CARTESIAN_POINT('',(25.,165.87548833848,134.38989221983));
#34 = CARTESIAN_POINT('',(-20.,165.87548833848,139.38989221983));
#35 = CARTESIAN_POINT('',(25.,165.87548833848,139.38989221983));
#36 = DEFINITIONAL_REPRESENTATION('',(#37),#40);
#37 = B_SPLINE_CURVE_WITH_KNOTS('',1,(#38,#39),.UNSPECIFIED.,.F.,.F.,(2,
    2),(0.,5.),.PIECEWISE_BEZIER_KNOTS.);
#38 = CARTESIAN_POINT('',(0.,0.));
#39 = CARTESIAN_POINT('',(5.,0.));
#40 = ( GEOMETRIC_REPRESENTATION_CONTEXT(2) 
PARAMETRIC_REPRESENTATION_CONTEXT() REPRESENTATION_CONTEXT('2D SPACE',''
  ) );
#41 = PCURVE('',#42,#47);
#42 = B_SPLINE_SURFACE_WITH_KNOTS('',1,1,(
    (#43,#44)
    ,(#45,#46)),.UNSPECIFIED.,.F.,.F.,.F.,(2,2),(2,2),(0.,5.),(0.,30.),
  .PIECEWISE_BEZIER_KNOTS.);
#43 = CARTESIAN_POINT('',(25.,165.87548833848,134.38989221983));
#44 = CARTESIAN_POINT('',(25.,135.87548833848,134.38989221983));
#45 = CARTESIAN_POINT('',(25.,165.87548833848,139.38989221983));
#46 = CARTESIAN_POINT('',(25.,135.87548833848,139.38989221983));
#47 = DEFINITIONAL_REPRESENTATION('',(#48),#51);
#48 = B_SPLINE_CURVE_WITH_KNOTS('',1,(#49,#50),.UNSPECIFIED.,.F.,.F.,(2,
    2),(0.,5.),.PIECEWISE_BEZIER_KNOTS.);
#49 = CARTESIAN_POINT('',(0.,0.));
#50 = CARTESIAN_POINT('',(5.,0.));
#51 = ( GEOMETRIC_REPRESENTATION_CONTEXT(2) 
PARAMETRIC_REPRESENTATION_CONTEXT() REPRESENTATION_CONTEXT('2D SPACE',''
  ) );
#52 = ORIENTED_EDGE('',*,*,#53,.T.);
#53 = EDGE_CURVE('',#22,#54,#56,.T.);
#54 = VERTEX_POINT('',#55);
#55 = CARTESIAN_POINT('',(-20.,165.87548833848,134.38989221983));
#56 = SURFACE_CURVE('',#57,(#60,#66),.PCURVE_S1.);
#57 = B_SPLINE_CURVE_WITH_KNOTS('',1,(#58,#59),.UNSPECIFIED.,.F.,.F.,(2,
    2),(0.,45.),.PIECEWISE_BEZIER_KNOTS.);
#58 = CARTESIAN_POINT('',(25.,165.87548833848,134.38989221983));
#59 = CARTESIAN_POINT('',(-20.,165.87548833848,134.38989221983));
#60 = PCURVE('',#31,#61);
#61 = DEFINITIONAL_REPRESENTATION('',(#62),#65);
#62 = B_SPLINE_CURVE_WITH_KNOTS('',1,(#63,#64),.UNSPECIFIED.,.F.,.F.,(2,
    2),(0.,45.),.PIECEWISE_BEZIER_KNOTS.);
#63 = CARTESIAN_POINT('',(0.,0.));
#64 = CARTESIAN_POINT('',(0.,-45.));
#65 = ( GEOMETRIC_REPRESENTATION_CONTEXT(2) 
PARAMETRIC_REPRESENTATION_CONTEXT() REPRESENTATION_CONTEXT('2D SPACE',''
  ) );
#66 = PCURVE('',#67,#72);
#67 = B_SPLINE_SURFACE_WITH_KNOTS('',1,1,(
    (#68,#69)
    ,(#70,#71)),.UNSPECIFIED.,.F.,.F.,.F.,(2,2),(2,2),(0.,30.),(0.,45.),
  .PIECEWISE_BEZIER_KNOTS.);
#68 = CARTESIAN_POINT('',(25.,165.87548833848,134.38989221983));
#69 = CARTESIAN_POINT('',(-20.,165.87548833848,134.38989221983));
#70 = CARTESIAN_POINT('',(25.,135.87548833848,134.38989221983));
#71 = CARTESIAN_POINT('',(-20.,135.87548833848,134.38989221983));
#72 = DEFINITIONAL_REPRESENTATION('',(#73),#76);
#73 = B_SPLINE_CURVE_WITH_KNOTS('',1,(#74,#75),.UNSPECIFIED.,.F.,.F.,(2,
    2),(0.,45.),.PIECEWISE_BEZIER_KNOTS.);
#74 = CARTESIAN_POINT('',(0.,0.));
#75 = CARTESIAN_POINT('',(0.,45.));
#76 = ( GEOMETRIC_REPRESENTATION_CONTEXT(2) 
PARAMETRIC_REPRESENTATION_CONTEXT() REPRESENTATION_CONTEXT('2D SPACE',''
  ) );
#77 = ORIENTED_EDGE('',*,*,#78,.T.);
#78 = EDGE_CURVE('',#54,#79,#81,.T.);
#79 = VERTEX_POINT('',#80);
#80 = CARTESIAN_POINT('',(-20.,165.87548833848,139.38989221983));
#81 = SURFACE_CURVE('',#82,(#85,#91),.PCURVE_S1.);
#82 = B_SPLINE_CURVE_WITH_KNOTS('',1,(#83,#84),.UNSPECIFIED.,.F.,.F.,(2,
    2),(0.,5.),.PIECEWISE_BEZIER_KNOTS.);
#83 = CARTESIAN_POINT('',(-20.,165.87548833848,134.38989221983));
#84 = CARTESIAN_POINT('',(-20.,165.87548833848,139.38989221983));
#85 = PCURVE('',#31,#86);
#86 = DEFINITIONAL_REPRESENTATION('',(#87),#90);
#87 = B_SPLINE_CURVE_WITH_KNOTS('',1,(#88,#89),.UNSPECIFIED.,.F.,.F.,(2,
    2),(0.,5.),.PIECEWISE_BEZIER_KNOTS.);
#88 = CARTESIAN_POINT('',(0.,-45.));
#89 = CARTESIAN_POINT('',(5.,-45.));
#90 = ( GEOMETRIC_REPRESENTATION_CONTEXT(2) 
PARAMETRIC_REPRESENTATION_CONTEXT() REPRESENTATION_CONTEXT('2D SPACE',''
  ) );
#91 = PCURVE('',#92,#97);
#92 = B_SPLINE_SURFACE_WITH_KNOTS('',1,1,(
    (#93,#94)
    ,(#95,#96)),.UNSPECIFIED.,.F.,.F.,.F.,(2,2),(2,2),(0.,5.),(0.,30.),
  .PIECEWISE_BEZIER_KNOTS.);
#93 = CARTESIAN_POINT('',(-20.,165.87548833848,134.38989221983));
#94 = CARTESIAN_POINT('',(-20.,135.87548833848,134.38989221983));
#95 = CARTESIAN_POINT('',(-20.,165.87548833848,139.38989221983));
#96 = CARTESIAN_POINT('',(-20.,135.87548833848,139.38989221983));
#97 = DEFINITIONAL_REPRESENTATION('',(#98),#101);
#98 = B_SPLINE_CURVE_WITH_KNOTS('',1,(#99,#100),.UNSPECIFIED.,.F.,.F.,(2
    ,2),(0.,5.),.PIECEWISE_BEZIER_KNOTS.);
#99 = CARTESIAN_POINT('',(0.,0.));
#100 = CARTESIAN_POINT('',(5.,0.));
#101 = ( GEOMETRIC_REPRESENTATION_CONTEXT(2) 
PARAMETRIC_REPRESENTATION_CONTEXT() REPRESENTATION_CONTEXT('2D SPACE',''
  ) );
#102 = ORIENTED_EDGE('',*,*,#103,.F.);
#103 = EDGE_CURVE('',#24,#79,#104,.T.);
#104 = SURFACE_CURVE('',#105,(#108,#114),.PCURVE_S1.);
#105 = B_SPLINE_CURVE_WITH_KNOTS('',1,(#106,#107),.UNSPECIFIED.,.F.,.F.,
  (2,2),(0.,45.),.PIECEWISE_BEZIER_KNOTS.);
#106 = CARTESIAN_POINT('',(25.,165.87548833848,139.38989221983));
#107 = CARTESIAN_POINT('',(-20.,165.87548833848,139.38989221983));
#108 = PCURVE('',#31,#109);
#109 = DEFINITIONAL_REPRESENTATION('',(#110),#113);
#110 = B_SPLINE_CURVE_WITH_KNOTS('',1,(#111,#112),.UNSPECIFIED.,.F.,.F.,
  (2,2),(0.,45.),.PIECEWISE_BEZIER_KNOTS.);
#111 = CARTESIAN_POINT('',(5.,0.));
#112 = CARTESIAN_POINT('',(5.,-45.));
#113 = ( GEOMETRIC_REPRESENTATION_CONTEXT(2) 
PARAMETRIC_REPRESENTATION_CONTEXT() REPRESENTATION_CONTEXT('2D SPACE',''
  ) );
#114 = PCURVE('',#115,#120);
#115 = B_SPLINE_SURFACE_WITH_KNOTS('',1,1,(
    (#116,#117)
    ,(#118,#119
    )),.UNSPECIFIED.,.F.,.F.,.F.,(2,2),(2,2),(0.,30.),(0.,45.),
  .PIECEWISE_BEZIER_KNOTS.);
#116 = CARTESIAN_POINT('',(25.,165.87548833848,139.38989221983));
#117 = CARTESIAN_POINT('',(-20.,165.87548833848,139.38989221983));
#118 = CARTESIAN_POINT('',(25.,135.87548833848,139.38989221983));
#119 = CARTESIAN_POINT('',(-20.,135.87548833848,139.38989221983));
#120 = DEFINITIONAL_REPRESENTATION('',(#121),#124);
#121 = B_SPLINE_CURVE_WITH_KNOTS('',1,(#122,#123),.UNSPECIFIED.,.F.,.F.,
  (2,2),(0.,45.),.PIECEWISE_BEZIER_KNOTS.);
#122 = CARTESIAN_POINT('',(0.,0.));
#123 = CARTESIAN_POINT('',(0.,45.));
#124 = ( GEOMETRIC_REPRESENTATION_CONTEXT(2) 
PARAMETRIC_REPRESENTATION_CONTEXT() REPRESENTATION_CONTEXT('2D SPACE',''
  ) );
#125 = ADVANCED_FACE('',(#126),#42,.T.);
#126 = FACE_BOUND('',#127,.T.);
#127 = EDGE_LOOP('',(#128,#148,#149,#169));
#128 = ORIENTED_EDGE('',*,*,#129,.F.);
#129 = EDGE_CURVE('',#22,#130,#132,.T.);
#130 = VERTEX_POINT('',#131);
#131 = CARTESIAN_POINT('',(25.,135.87548833848,134.38989221983));
#132 = SURFACE_CURVE('',#133,(#136,#142),.PCURVE_S1.);
#133 = B_SPLINE_CURVE_WITH_KNOTS('',1,(#134,#135),.UNSPECIFIED.,.F.,.F.,
  (2,2),(0.,30.),.PIECEWISE_BEZIER_KNOTS.);
#134 = CARTESIAN_POINT('',(25.,165.87548833848,134.38989221983));
#135 = CARTESIAN_POINT('',(25.,135.87548833848,134.38989221983));
#136 = PCURVE('',#42,#137);
#137 = DEFINITIONAL_REPRESENTATION('',(#138),#141);
#138 = B_SPLINE_CURVE_WITH_KNOTS('',1,(#139,#140),.UNSPECIFIED.,.F.,.F.,
  (2,2),(0.,30.),.PIECEWISE_BEZIER_KNOTS.);
#139 = CARTESIAN_POINT('',(0.,0.));
#140 = CARTESIAN_POINT('',(0.,30.));
#141 = ( GEOMETRIC_REPRESENTATION_CONTEXT(2) 
PARAMETRIC_REPRESENTATION_CONTEXT() REPRESENTATION_CONTEXT('2D SPACE',''
  ) );
#142 = PCURVE('',#67,#143);
#143 = DEFINITIONAL_REPRESENTATION('',(#144),#147);
#144 = B_SPLINE_CURVE_WITH_KNOTS('',1,(#145,#146),.UNSPECIFIED.,.F.,.F.,
  (2,2),(0.,30.),.PIECEWISE_BEZIER_KNOTS.);
#145 = CARTESIAN_POINT('',(0.,0.));
#146 = CARTESIAN_POINT('',(30.,0.));
#147 = ( GEOMETRIC_REPRESENTATION_CONTEXT(2) 
PARAMETRIC_REPRESENTATION_CONTEXT() REPRESENTATION_CONTEXT('2D SPACE',''
  ) );
#148 = ORIENTED_EDGE('',*,*,#21,.T.);
#149 = ORIENTED_EDGE('',*,*,#150,.T.);
#150 = EDGE_CURVE('',#24,#151,#153,.T.);
#151 = VERTEX_POINT('',#152);
#152 = CARTESIAN_POINT('',(25.,135.87548833848,139.38989221983));
#153 = SURFACE_CURVE('',#154,(#157,#163),.PCURVE_S1.);
#154 = B_SPLINE_CURVE_WITH_KNOTS('',1,(#155,#156),.UNSPECIFIED.,.F.,.F.,
  (2,2),(0.,30.),.PIECEWISE_BEZIER_KNOTS.);
#155 = CARTESIAN_POINT('',(25.,165.87548833848,139.38989221983));
#156 = CARTESIAN_POINT('',(25.,135.87548833848,139.38989221983));
#157 = PCURVE('',#42,#158);
#158 = DEFINITIONAL_REPRESENTATION('',(#159),#162);
#159 = B_SPLINE_CURVE_WITH_KNOTS('',1,(#160,#161),.UNSPECIFIED.,.F.,.F.,
  (2,2),(0.,30.),.PIECEWISE_BEZIER_KNOTS.);
#160 = CARTESIAN_POINT('',(5.,0.));
#161 = CARTESIAN_POINT('',(5.,30.));
#162 = ( GEOMETRIC_REPRESENTATION_CONTEXT(2) 
PARAMETRIC_REPRESENTATION_CONTEXT() REPRESENTATION_CONTEXT('2D SPACE',''
  ) );
#163 = PCURVE('',#115,#164);
#164 = DEFINITIONAL_REPRESENTATION('',(#165),#168);
#165 = B_SPLINE_CURVE_WITH_KNOTS('',1,(#166,#167),.UNSPECIFIED.,.F.,.F.,
  (2,2),(0.,30.),.PIECEWISE_BEZIER_KNOTS.);
#166 = CARTESIAN_POINT('',(0.,0.));
#167 = CARTESIAN_POINT('',(30.,0.));
#168 = ( GEOMETRIC_REPRESENTATION_CONTEXT(2) 
PARAMETRIC_REPRESENTATION_CONTEXT() REPRESENTATION_CONTEXT('2D SPACE',''
  ) );
#169 = ORIENTED_EDGE('',*,*,#170,.F.);
#170 = EDGE_CURVE('',#130,#151,#171,.T.);
#171 = SURFACE_CURVE('',#172,(#175,#181),.PCURVE_S1.);
#172 = B_SPLINE_CURVE_WITH_KNOTS('',1,(#173,#174),.UNSPECIFIED.,.F.,.F.,
  (2,2),(0.,5.),.PIECEWISE_BEZIER_KNOTS.);
#173 = CARTESIAN_POINT('',(25.,135.87548833848,134.38989221983));
#174 = CARTESIAN_POINT('',(25.,135.87548833848,139.38989221983));
#175 = PCURVE('',#42,#176);
#176 = DEFINITIONAL_REPRESENTATION('',(#177),#180);
#177 = B_SPLINE_CURVE_WITH_KNOTS('',1,(#178,#179),.UNSPECIFIED.,.F.,.F.,
  (2,2),(0.,5.),.PIECEWISE_BEZIER_KNOTS.);
#178 = CARTESIAN_POINT('',(0.,30.));
#179 = CARTESIAN_POINT('',(5.,30.));
#180 = ( GEOMETRIC_REPRESENTATION_CONTEXT(2) 
PARAMETRIC_REPRESENTATION_CONTEXT() REPRESENTATION_CONTEXT('2D SPACE',''
  ) );
#181 = PCURVE('',#182,#187);
#182 = B_SPLINE_SURFACE_WITH_KNOTS('',1,1,(
    (#183,#184)
    ,(#185,#186
    )),.UNSPECIFIED.,.F.,.F.,.F.,(2,2),(2,2),(0.,5.),(-45.,0.),
  .PIECEWISE_BEZIER_KNOTS.);
#183 = CARTESIAN_POINT('',(-20.,135.87548833848,134.38989221983));
#184 = CARTESIAN_POINT('',(25.,135.87548833848,134.38989221983));
#185 = CARTESIAN_POINT('',(-20.,135.87548833848,139.38989221983));
#186 = CARTESIAN_POINT('',(25.,135.87548833848,139.38989221983));
#187 = DEFINITIONAL_REPRESENTATION('',(#188),#191);
#188 = B_SPLINE_CURVE_WITH_KNOTS('',1,(#189,#190),.UNSPECIFIED.,.F.,.F.,
  (2,2),(0.,5.),.PIECEWISE_BEZIER_KNOTS.);
#189 = CARTESIAN_POINT('',(0.,0.));
#190 = CARTESIAN_POINT('',(5.,0.));
#191 = ( GEOMETRIC_REPRESENTATION_CONTEXT(2) 
PARAMETRIC_REPRESENTATION_CONTEXT() REPRESENTATION_CONTEXT('2D SPACE',''
  ) );
#192 = ADVANCED_FACE('',(#193,#365,#417,#469,#741),#115,.F.);
#193 = FACE_BOUND('',#194,.F.);
#194 = EDGE_LOOP('',(#195,#215,#216,#217,#237));
#195 = ORIENTED_EDGE('',*,*,#196,.F.);
#196 = EDGE_CURVE('',#79,#197,#199,.T.);
#197 = VERTEX_POINT('',#198);
#198 = CARTESIAN_POINT('',(-20.,138.34077105794,139.38989221983));
#199 = SURFACE_CURVE('',#200,(#203,#209),.PCURVE_S1.);
#200 = B_SPLINE_CURVE_WITH_KNOTS('',1,(#201,#202),.UNSPECIFIED.,.F.,.F.,
  (2,2),(0.,30.),.PIECEWISE_BEZIER_KNOTS.);
#201 = CARTESIAN_POINT('',(-20.,165.87548833848,139.38989221983));
#202 = CARTESIAN_POINT('',(-20.,135.87548833848,139.38989221983));
#203 = PCURVE('',#115,#204);
#204 = DEFINITIONAL_REPRESENTATION('',(#205),#208);
#205 = B_SPLINE_CURVE_WITH_KNOTS('',1,(#206,#207),.UNSPECIFIED.,.F.,.F.,
  (2,2),(0.,30.),.PIECEWISE_BEZIER_KNOTS.);
#206 = CARTESIAN_POINT('',(0.,45.));
#207 = CARTESIAN_POINT('',(30.,45.));
#208 = ( GEOMETRIC_REPRESENTATION_CONTEXT(2) 
PARAMETRIC_REPRESENTATION_CONTEXT() REPRESENTATION_CONTEXT('2D SPACE',''
  ) );
#209 = PCURVE('',#92,#210);
#210 = DEFINITIONAL_REPRESENTATION('',(#211),#214);
#211 = B_SPLINE_CURVE_WITH_KNOTS('',1,(#212,#213),.UNSPECIFIED.,.F.,.F.,
  (2,2),(0.,30.),.PIECEWISE_BEZIER_KNOTS.);
#212 = CARTESIAN_POINT('',(5.,0.));
#213 = CARTESIAN_POINT('',(5.,30.));
#214 = ( GEOMETRIC_REPRESENTATION_CONTEXT(2) 
PARAMETRIC_REPRESENTATION_CONTEXT() REPRESENTATION_CONTEXT('2D SPACE',''
  ) );
#215 = ORIENTED_EDGE('',*,*,#103,.F.);
#216 = ORIENTED_EDGE('',*,*,#150,.T.);
#217 = ORIENTED_EDGE('',*,*,#218,.T.);
#218 = EDGE_CURVE('',#151,#219,#221,.T.);
#219 = VERTEX_POINT('',#220);
#220 = CARTESIAN_POINT('',(-19.15214523548,135.87548833848,
    139.38989221983));
#221 = SURFACE_CURVE('',#222,(#225,#231),.PCURVE_S1.);
#222 = B_SPLINE_CURVE_WITH_KNOTS('',1,(#223,#224),.UNSPECIFIED.,.F.,.F.,
  (2,2),(0.,45.),.PIECEWISE_BEZIER_KNOTS.);
#223 = CARTESIAN_POINT('',(25.,135.87548833848,139.38989221983));
#224 = CARTESIAN_POINT('',(-20.,135.87548833848,139.38989221983));
#225 = PCURVE('',#115,#226);
#226 = DEFINITIONAL_REPRESENTATION('',(#227),#230);
#227 = B_SPLINE_CURVE_WITH_KNOTS('',1,(#228,#229),.UNSPECIFIED.,.F.,.F.,
  (2,2),(0.,45.),.PIECEWISE_BEZIER_KNOTS.);
#228 = CARTESIAN_POINT('',(30.,0.));
#229 = CARTESIAN_POINT('',(30.,45.));
#230 = ( GEOMETRIC_REPRESENTATION_CONTEXT(2) 
PARAMETRIC_REPRESENTATION_CONTEXT() REPRESENTATION_CONTEXT('2D SPACE',''
  ) );
#231 = PCURVE('',#182,#232);
#232 = DEFINITIONAL_REPRESENTATION('',(#233),#236);
#233 = B_SPLINE_CURVE_WITH_KNOTS('',1,(#234,#235),.UNSPECIFIED.,.F.,.F.,
  (2,2),(0.,45.),.PIECEWISE_BEZIER_KNOTS.);
#234 = CARTESIAN_POINT('',(5.,0.));
#235 = CARTESIAN_POINT('',(5.,-45.));
#236 = ( GEOMETRIC_REPRESENTATION_CONTEXT(2) 
PARAMETRIC_REPRESENTATION_CONTEXT() REPRESENTATION_CONTEXT('2D SPACE',''
  ) );
#237 = ORIENTED_EDGE('',*,*,#238,.T.);
#238 = EDGE_CURVE('',#219,#197,#239,.T.);
#239 = SURFACE_CURVE('',#240,(#278,#319),.PCURVE_S1.);
#240 = B_SPLINE_CURVE_WITH_KNOTS('',8,(#241,#242,#243,#244,#245,#246,
    #247,#248,#249,#250,#251,#252,#253,#254,#255,#256,#257,#258,#259,
    #260,#261,#262,#263,#264,#265,#266,#267,#268,#269,#270,#271,#272,
    #273,#274,#275,#276,#277),.UNSPECIFIED.,.F.,.F.,(9,7,7,7,7,9),(0.,
    0.512159755049,0.754699426154,0.898411820568,0.966285574615,1.),
  .UNSPECIFIED.);
#241 = CARTESIAN_POINT('',(-19.15214523548,135.87548833848,
    139.38989221983));
#242 = CARTESIAN_POINT('',(-19.18357288664,136.04493987768,
    139.38989221983));
#243 = CARTESIAN_POINT('',(-19.21587516507,136.21424498503,
    139.38989221983));
#244 = CARTESIAN_POINT('',(-19.24916577891,136.38339489098,
    139.38989221983));
#245 = CARTESIAN_POINT('',(-19.28359420071,136.55236553757,
    139.38989221983));
#246 = CARTESIAN_POINT('',(-19.31933387958,136.72112018021,
    139.38989221983));
#247 = CARTESIAN_POINT('',(-19.35666213284,136.88959433198,
    139.38989221983));
#248 = CARTESIAN_POINT('',(-19.39591202328,137.05770498077,
    139.38989221983));
#249 = CARTESIAN_POINT('',(-19.45767126606,137.30464788246,
    139.38989221983));
#250 = CARTESIAN_POINT('',(-19.47811193864,137.38387639352,
    139.38989221983));
#251 = CARTESIAN_POINT('',(-19.49922999475,137.46296454611,
    139.38989221983));
#252 = CARTESIAN_POINT('',(-19.52111739854,137.54189374513,
    139.38989221983));
#253 = CARTESIAN_POINT('',(-19.54391345684,137.62062444749,
    139.38989221983));
#254 = CARTESIAN_POINT('',(-19.56778964154,137.69910017116,
    139.38989221983));
#255 = CARTESIAN_POINT('',(-19.59298641516,137.77723905006,
    139.38989221983));
#256 = CARTESIAN_POINT('',(-19.63602081981,137.90089413172,
    139.38989221983));
#257 = CARTESIAN_POINT('',(-19.65264890077,137.94665237762,
    139.38989221983));
#258 = CARTESIAN_POINT('',(-19.67000833201,137.99220310951,
    139.38989221983));
#259 = CARTESIAN_POINT('',(-19.6882926198,138.03751152525,
    139.38989221983));
#260 = CARTESIAN_POINT('',(-19.70759890054,138.08253806912,
    139.38989221983));
#261 = CARTESIAN_POINT('',(-19.72836309875,138.12706598976,
    139.38989221983));
#262 = CARTESIAN_POINT('',(-19.75077815902,138.17092701267,
    139.38989221983));
#263 = CARTESIAN_POINT('',(-19.78821698566,138.23355960768,
    139.38989221983));
#264 = CARTESIAN_POINT('',(-19.80071152257,138.25262104231,
    139.38989221983));
#265 = CARTESIAN_POINT('',(-19.81382639147,138.27139776127,
    139.38989221983));
#266 = CARTESIAN_POINT('',(-19.82782682101,138.29011795691,
    139.38989221983));
#267 = CARTESIAN_POINT('',(-19.84310764319,138.30849254016,
    139.38989221983));
#268 = CARTESIAN_POINT('',(-19.8601932934,138.32571514055,
    139.38989221983));
#269 = CARTESIAN_POINT('',(-19.87973781041,138.3404621062,
    139.38989221983));
#270 = CARTESIAN_POINT('',(-19.9138436664,138.35607351769,
    139.38989221983));
#271 = CARTESIAN_POINT('',(-19.92644080821,138.36022041043,
    139.38989221983));
#272 = CARTESIAN_POINT('',(-19.93972288665,138.36243047331,
    139.38989221983));
#273 = CARTESIAN_POINT('',(-19.95315882376,138.36220010509,
    139.38989221983));
#274 = CARTESIAN_POINT('',(-19.96627983872,138.35942481199,
    139.38989221983));
#275 = CARTESIAN_POINT('',(-19.97867944789,138.35439920773,
    139.38989221983));
#276 = CARTESIAN_POINT('',(-19.99001346476,138.3478170135,
    139.38989221983));
#277 = CARTESIAN_POINT('',(-20.,138.34077105794,139.38989221983));
#278 = PCURVE('',#115,#279);
#279 = DEFINITIONAL_REPRESENTATION('',(#280),#318);
#280 = B_SPLINE_CURVE_WITH_KNOTS('',8,(#281,#282,#283,#284,#285,#286,
    #287,#288,#289,#290,#291,#292,#293,#294,#295,#296,#297,#298,#299,
    #300,#301,#302,#303,#304,#305,#306,#307,#308,#309,#310,#311,#312,
    #313,#314,#315,#316,#317),.UNSPECIFIED.,.F.,.F.,(9,7,7,7,7,9),(0.,
    0.512159755049,0.754699426154,0.898411820568,0.966285574615,1.),
  .UNSPECIFIED.);
#281 = CARTESIAN_POINT('',(30.,44.152145235481));
#282 = CARTESIAN_POINT('',(29.830548460806,44.183572886641));
#283 = CARTESIAN_POINT('',(29.661243353452,44.215875165072));
#284 = CARTESIAN_POINT('',(29.492093447502,44.249165778913));
#285 = CARTESIAN_POINT('',(29.323122800907,44.283594200713));
#286 = CARTESIAN_POINT('',(29.154368158274,44.319333879581));
#287 = CARTESIAN_POINT('',(28.985894006504,44.356662132843));
#288 = CARTESIAN_POINT('',(28.81778335771,44.395912023282));
#289 = CARTESIAN_POINT('',(28.570840456017,44.457671266067));
#290 = CARTESIAN_POINT('',(28.491611944962,44.478111938644));
#291 = CARTESIAN_POINT('',(28.412523792368,44.499229994758));
#292 = CARTESIAN_POINT('',(28.333594593353,44.521117398548));
#293 = CARTESIAN_POINT('',(28.254863890988,44.543913456847));
#294 = CARTESIAN_POINT('',(28.176388167325,44.567789641542));
#295 = CARTESIAN_POINT('',(28.098249288419,44.592986415161));
#296 = CARTESIAN_POINT('',(27.974594206761,44.636020819816));
#297 = CARTESIAN_POINT('',(27.928835960858,44.652648900778));
#298 = CARTESIAN_POINT('',(27.883285228969,44.670008332011));
#299 = CARTESIAN_POINT('',(27.837976813232,44.688292619806));
#300 = CARTESIAN_POINT('',(27.792950269361,44.707598900541));
#301 = CARTESIAN_POINT('',(27.748422348719,44.728363098759));
#302 = CARTESIAN_POINT('',(27.704561325807,44.750778159028));
#303 = CARTESIAN_POINT('',(27.6419287308,44.788216985665));
#304 = CARTESIAN_POINT('',(27.622867296173,44.800711522574));
#305 = CARTESIAN_POINT('',(27.604090577212,44.813826391477));
#306 = CARTESIAN_POINT('',(27.585370381572,44.827826821012));
#307 = CARTESIAN_POINT('',(27.566995798319,44.843107643192));
#308 = CARTESIAN_POINT('',(27.549773197926,44.860193293406));
#309 = CARTESIAN_POINT('',(27.535026232279,44.879737810417));
#310 = CARTESIAN_POINT('',(27.519414820792,44.913843666404));
#311 = CARTESIAN_POINT('',(27.51526792805,44.926440808211));
#312 = CARTESIAN_POINT('',(27.513057865168,44.939722886655));
#313 = CARTESIAN_POINT('',(27.51328823339,44.953158823766));
#314 = CARTESIAN_POINT('',(27.516063526486,44.966279838729));
#315 = CARTESIAN_POINT('',(27.521089130746,44.978679447892));
#316 = CARTESIAN_POINT('',(27.527671324984,44.99001346476));
#317 = CARTESIAN_POINT('',(27.534717280537,45.));
#318 = ( GEOMETRIC_REPRESENTATION_CONTEXT(2) 
PARAMETRIC_REPRESENTATION_CONTEXT() REPRESENTATION_CONTEXT('2D SPACE',''
  ) );
#319 = PCURVE('',#320,#325);
#320 = CYLINDRICAL_SURFACE('',#321,2.);
#321 = AXIS2_PLACEMENT_3D('',#322,#323,#324);
#322 = CARTESIAN_POINT('',(-24.39215094432,212.81549398945,
    144.56582210309));
#323 = DIRECTION('',(5.952381395277E-02,-0.997321021254,
    -4.251700996627E-02));
#324 = DIRECTION('',(-0.269062855141,2.498660241544E-02,-0.962798447071)
  );
#325 = DEFINITIONAL_REPRESENTATION('',(#326),#364);
#326 = B_SPLINE_CURVE_WITH_KNOTS('',8,(#327,#328,#329,#330,#331,#332,
    #333,#334,#335,#336,#337,#338,#339,#340,#341,#342,#343,#344,#345,
    #346,#347,#348,#349,#350,#351,#352,#353,#354,#355,#356,#357,#358,
    #359,#360,#361,#362,#363),.UNSPECIFIED.,.F.,.F.,(9,7,7,7,7,9),(0.,
    0.512159755049,0.754699426154,0.898411820568,0.966285574615,1.),
  .UNSPECIFIED.);
#327 = CARTESIAN_POINT('',(0.599693723593,77.265855198509));
#328 = CARTESIAN_POINT('',(0.588451462658,77.094986922726));
#329 = CARTESIAN_POINT('',(0.576792636386,76.924212625344));
#330 = CARTESIAN_POINT('',(0.564661182886,76.753534284094));
#331 = CARTESIAN_POINT('',(0.551982947352,76.582966995294));
#332 = CARTESIAN_POINT('',(0.538671653692,76.412537080768));
#333 = CARTESIAN_POINT('',(0.524588735043,76.242292347666));
#334 = CARTESIAN_POINT('',(0.509567637404,76.072295760552));
#335 = CARTESIAN_POINT('',(0.485503906052,75.822338267966));
#336 = CARTESIAN_POINT('',(0.477478476955,75.742105301616));
#337 = CARTESIAN_POINT('',(0.469118969356,75.661971997259));
#338 = CARTESIAN_POINT('',(0.460379317179,75.581951426139));
#339 = CARTESIAN_POINT('',(0.451189309664,75.502074733319));
#340 = CARTESIAN_POINT('',(0.441462283725,75.422388042877));
#341 = CARTESIAN_POINT('',(0.431076539104,75.342958688302));
#342 = CARTESIAN_POINT('',(0.413080642044,75.217073304083));
#343 = CARTESIAN_POINT('',(0.406074043562,75.17044787675));
#344 = CARTESIAN_POINT('',(0.398700499843,75.12398587475));
#345 = CARTESIAN_POINT('',(0.390862642361,75.07771048875));
#346 = CARTESIAN_POINT('',(0.382511162681,75.031655386571));
#347 = CARTESIAN_POINT('',(0.373422585617,74.98601079101));
#348 = CARTESIAN_POINT('',(0.363496216751,74.940933040969));
#349 = CARTESIAN_POINT('',(0.34661957655,74.876239735601));
#350 = CARTESIAN_POINT('',(0.340935057802,74.856485643662));
#351 = CARTESIAN_POINT('',(0.334934235919,74.836978580115));
#352 = CARTESIAN_POINT('',(0.32849155803,74.817475176519));
#353 = CARTESIAN_POINT('',(0.3214014831,74.798240245567));
#354 = CARTESIAN_POINT('',(0.31337848193,74.78004678109));
#355 = CARTESIAN_POINT('',(0.304057037157,74.764175958056));
#356 = CARTESIAN_POINT('',(0.287495212381,74.746576258582));
#357 = CARTESIAN_POINT('',(0.281330843049,74.741690645352));
#358 = CARTESIAN_POINT('',(0.274767422322,74.738695903215));
#359 = CARTESIAN_POINT('',(0.268054673835,74.738125896066));
#360 = CARTESIAN_POINT('',(0.26142315779,74.740112741357));
#361 = CARTESIAN_POINT('',(0.255084270959,74.744386810101));
#362 = CARTESIAN_POINT('',(0.24923024668,74.750276726869));
#363 = CARTESIAN_POINT('',(0.24403415486,74.75670936979));
#364 = ( GEOMETRIC_REPRESENTATION_CONTEXT(2) 
PARAMETRIC_REPRESENTATION_CONTEXT() REPRESENTATION_CONTEXT('2D SPACE',''
  ) );
#365 = FACE_BOUND('',#366,.F.);
#366 = EDGE_LOOP('',(#367));
#367 = ORIENTED_EDGE('',*,*,#368,.F.);
#368 = EDGE_CURVE('',#369,#369,#371,.T.);
#369 = VERTEX_POINT('',#370);
#370 = CARTESIAN_POINT('',(15.,156.62548833848,139.38989221983));
#371 = SURFACE_CURVE('',#372,(#380,#391),.PCURVE_S1.);
#372 = ( BOUNDED_CURVE() B_SPLINE_CURVE(2,(#373,#374,#375,#376,#377,#378
,#379),.UNSPECIFIED.,.T.,.F.) B_SPLINE_CURVE_WITH_KNOTS((1,2,2,2,2,1),(
    -2.094395102393,0.,2.094395102393,4.188790204786,6.28318530718,
8.377580409573),.UNSPECIFIED.) CURVE() GEOMETRIC_REPRESENTATION_ITEM() 
RATIONAL_B_SPLINE_CURVE((1.,0.5,1.,0.5,1.,0.5,1.)) REPRESENTATION_ITEM(
  '') );
#373 = CARTESIAN_POINT('',(15.,156.62548833848,139.38989221983));
#374 = CARTESIAN_POINT('',(11.10288568297,156.62548833848,
    139.38989221983));
#375 = CARTESIAN_POINT('',(13.051442841485,160.00048833848,
    139.38989221983));
#376 = CARTESIAN_POINT('',(15.,163.37548833848,139.38989221983));
#377 = CARTESIAN_POINT('',(16.948557158515,160.00048833848,
    139.38989221983));
#378 = CARTESIAN_POINT('',(18.89711431703,156.62548833848,
    139.38989221983));
#379 = CARTESIAN_POINT('',(15.,156.62548833848,139.38989221983));
#380 = PCURVE('',#115,#381);
#381 = DEFINITIONAL_REPRESENTATION('',(#382),#390);
#382 = ( BOUNDED_CURVE() B_SPLINE_CURVE(2,(#383,#384,#385,#386,#387,#388
,#389),.UNSPECIFIED.,.T.,.F.) B_SPLINE_CURVE_WITH_KNOTS((3,2,2,3),(0.,
    2.094395102393,4.188790204786,6.28318530718),
.PIECEWISE_BEZIER_KNOTS.) CURVE() GEOMETRIC_REPRESENTATION_ITEM() 
RATIONAL_B_SPLINE_CURVE((1.,0.5,1.,0.5,1.,0.5,1.)) REPRESENTATION_ITEM(
  '') );
#383 = CARTESIAN_POINT('',(9.25,10.));
#384 = CARTESIAN_POINT('',(9.25,13.89711431703));
#385 = CARTESIAN_POINT('',(5.875,11.948557158515));
#386 = CARTESIAN_POINT('',(2.5,10.));
#387 = CARTESIAN_POINT('',(5.875,8.051442841485));
#388 = CARTESIAN_POINT('',(9.25,6.10288568297));
#389 = CARTESIAN_POINT('',(9.25,10.));
#390 = ( GEOMETRIC_REPRESENTATION_CONTEXT(2) 
PARAMETRIC_REPRESENTATION_CONTEXT() REPRESENTATION_CONTEXT('2D SPACE',''
  ) );
#391 = PCURVE('',#392,#407);
#392 = ( BOUNDED_SURFACE() B_SPLINE_SURFACE(2,1,(
    (#393,#394)
    ,(#395,#396)
    ,(#397,#398)
    ,(#399,#400)
    ,(#401,#402)
    ,(#403,#404)
,(#405,#406
    )),.UNSPECIFIED.,.T.,.F.,.F.) B_SPLINE_SURFACE_WITH_KNOTS((1,2,2,2,2
    ,1),(2,2),(-2.094395102393,0.,2.094395102393,4.188790204786,
    6.28318530718,8.377580409573),(9.999999999999E-02,5.1),
.UNSPECIFIED.) GEOMETRIC_REPRESENTATION_ITEM() RATIONAL_B_SPLINE_SURFACE
((
    (1.,1.)
    ,(0.5,0.5)
    ,(1.,1.)
    ,(0.5,0.5)
    ,(1.,1.)
    ,(0.5,0.5)
,(1.,1.))) REPRESENTATION_ITEM('') SURFACE() );
#393 = CARTESIAN_POINT('',(15.,156.62548833848,134.38989221983));
#394 = CARTESIAN_POINT('',(15.,156.62548833848,139.38989221983));
#395 = CARTESIAN_POINT('',(11.10288568297,156.62548833848,
    134.38989221983));
#396 = CARTESIAN_POINT('',(11.10288568297,156.62548833848,
    139.38989221983));
#397 = CARTESIAN_POINT('',(13.051442841485,160.00048833848,
    134.38989221983));
#398 = CARTESIAN_POINT('',(13.051442841485,160.00048833848,
    139.38989221983));
#399 = CARTESIAN_POINT('',(15.,163.37548833848,134.38989221983));
#400 = CARTESIAN_POINT('',(15.,163.37548833848,139.38989221983));
#401 = CARTESIAN_POINT('',(16.948557158515,160.00048833848,
    134.38989221983));
#402 = CARTESIAN_POINT('',(16.948557158515,160.00048833848,
    139.38989221983));
#403 = CARTESIAN_POINT('',(18.89711431703,156.62548833848,
    134.38989221983));
#404 = CARTESIAN_POINT('',(18.89711431703,156.62548833848,
    139.38989221983));
#405 = CARTESIAN_POINT('',(15.,156.62548833848,134.38989221983));
#406 = CARTESIAN_POINT('',(15.,156.62548833848,139.38989221983));
#407 = DEFINITIONAL_REPRESENTATION('',(#408),#416);
#408 = B_SPLINE_CURVE_WITH_KNOTS('',2,(#409,#410,#411,#412,#413,#414,
    #415),.UNSPECIFIED.,.F.,.F.,(3,2,2,3),(0.,2.094395102393,
    4.188790204786,6.28318530718),.PIECEWISE_BEZIER_KNOTS.);
#409 = CARTESIAN_POINT('',(0.,5.1));
#410 = CARTESIAN_POINT('',(1.047197551197,5.1));
#411 = CARTESIAN_POINT('',(2.094395102393,5.1));
#412 = CARTESIAN_POINT('',(3.14159265359,5.1));
#413 = CARTESIAN_POINT('',(4.188790204786,5.1));
#414 = CARTESIAN_POINT('',(5.235987755983,5.1));
#415 = CARTESIAN_POINT('',(6.28318530718,5.1));
#416 = ( GEOMETRIC_REPRESENTATION_CONTEXT(2) 
PARAMETRIC_REPRESENTATION_CONTEXT() REPRESENTATION_CONTEXT('2D SPACE',''
  ) );
#417 = FACE_BOUND('',#418,.F.);
#418 = EDGE_LOOP('',(#419));
#419 = ORIENTED_EDGE('',*,*,#420,.F.);
#420 = EDGE_CURVE('',#421,#421,#423,.T.);
#421 = VERTEX_POINT('',#422);
#422 = CARTESIAN_POINT('',(15.,140.62548833848,139.38989221983));
#423 = SURFACE_CURVE('',#424,(#432,#443),.PCURVE_S1.);
#424 = ( BOUNDED_CURVE() B_SPLINE_CURVE(2,(#425,#426,#427,#428,#429,#430
,#431),.UNSPECIFIED.,.T.,.F.) B_SPLINE_CURVE_WITH_KNOTS((1,2,2,2,2,1),(
    -2.094395102393,0.,2.094395102393,4.188790204786,6.28318530718,
8.377580409573),.UNSPECIFIED.) CURVE() GEOMETRIC_REPRESENTATION_ITEM() 
RATIONAL_B_SPLINE_CURVE((1.,0.5,1.,0.5,1.,0.5,1.)) REPRESENTATION_ITEM(
  '') );
#425 = CARTESIAN_POINT('',(15.,140.62548833848,139.38989221983));
#426 = CARTESIAN_POINT('',(11.10288568297,140.62548833848,
    139.38989221983));
#427 = CARTESIAN_POINT('',(13.051442841485,144.00048833848,
    139.38989221983));
#428 = CARTESIAN_POINT('',(15.,147.37548833848,139.38989221983));
#429 = CARTESIAN_POINT('',(16.948557158515,144.00048833848,
    139.38989221983));
#430 = CARTESIAN_POINT('',(18.89711431703,140.62548833848,
    139.38989221983));
#431 = CARTESIAN_POINT('',(15.,140.62548833848,139.38989221983));
#432 = PCURVE('',#115,#433);
#433 = DEFINITIONAL_REPRESENTATION('',(#434),#442);
#434 = ( BOUNDED_CURVE() B_SPLINE_CURVE(2,(#435,#436,#437,#438,#439,#440
,#441),.UNSPECIFIED.,.T.,.F.) B_SPLINE_CURVE_WITH_KNOTS((3,2,2,3),(0.,
    2.094395102393,4.188790204786,6.28318530718),
.PIECEWISE_BEZIER_KNOTS.) CURVE() GEOMETRIC_REPRESENTATION_ITEM() 
RATIONAL_B_SPLINE_CURVE((1.,0.5,1.,0.5,1.,0.5,1.)) REPRESENTATION_ITEM(
  '') );
#435 = CARTESIAN_POINT('',(25.25,10.));
#436 = CARTESIAN_POINT('',(25.25,13.89711431703));
#437 = CARTESIAN_POINT('',(21.875,11.948557158515));
#438 = CARTESIAN_POINT('',(18.5,10.));
#439 = CARTESIAN_POINT('',(21.875,8.051442841485));
#440 = CARTESIAN_POINT('',(25.25,6.10288568297));
#441 = CARTESIAN_POINT('',(25.25,10.));
#442 = ( GEOMETRIC_REPRESENTATION_CONTEXT(2) 
PARAMETRIC_REPRESENTATION_CONTEXT() REPRESENTATION_CONTEXT('2D SPACE',''
  ) );
#443 = PCURVE('',#444,#459);
#444 = ( BOUNDED_SURFACE() B_SPLINE_SURFACE(2,1,(
    (#445,#446)
    ,(#447,#448)
    ,(#449,#450)
    ,(#451,#452)
    ,(#453,#454)
    ,(#455,#456)
,(#457,#458
    )),.UNSPECIFIED.,.T.,.F.,.F.) B_SPLINE_SURFACE_WITH_KNOTS((1,2,2,2,2
    ,1),(2,2),(-2.094395102393,0.,2.094395102393,4.188790204786,
    6.28318530718,8.377580409573),(9.999999999999E-02,5.1),
.UNSPECIFIED.) GEOMETRIC_REPRESENTATION_ITEM() RATIONAL_B_SPLINE_SURFACE
((
    (1.,1.)
    ,(0.5,0.5)
    ,(1.,1.)
    ,(0.5,0.5)
    ,(1.,1.)
    ,(0.5,0.5)
,(1.,1.))) REPRESENTATION_ITEM('') SURFACE() );
#445 = CARTESIAN_POINT('',(15.,140.62548833848,134.38989221983));
#446 = CARTESIAN_POINT('',(15.,140.62548833848,139.38989221983));
#447 = CARTESIAN_POINT('',(11.10288568297,140.62548833848,
    134.38989221983));
#448 = CARTESIAN_POINT('',(11.10288568297,140.62548833848,
    139.38989221983));
#449 = CARTESIAN_POINT('',(13.051442841485,144.00048833848,
    134.38989221983));
#450 = CARTESIAN_POINT('',(13.051442841485,144.00048833848,
    139.38989221983));
#451 = CARTESIAN_POINT('',(15.,147.37548833848,134.38989221983));
#452 = CARTESIAN_POINT('',(15.,147.37548833848,139.38989221983));
#453 = CARTESIAN_POINT('',(16.948557158515,144.00048833848,
    134.38989221983));
#454 = CARTESIAN_POINT('',(16.948557158515,144.00048833848,
    139.38989221983));
#455 = CARTESIAN_POINT('',(18.89711431703,140.62548833848,
    134.38989221983));
#456 = CARTESIAN_POINT('',(18.89711431703,140.62548833848,
    139.38989221983));
#457 = CARTESIAN_POINT('',(15.,140.62548833848,134.38989221983));
#458 = CARTESIAN_POINT('',(15.,140.62548833848,139.38989221983));
#459 = DEFINITIONAL_REPRESENTATION('',(#460),#468);
#460 = B_SPLINE_CURVE_WITH_KNOTS('',2,(#461,#462,#463,#464,#465,#466,
    #467),.UNSPECIFIED.,.F.,.F.,(3,2,2,3),(0.,2.094395102393,
    4.188790204786,6.28318530718),.PIECEWISE_BEZIER_KNOTS.);
#461 = CARTESIAN_POINT('',(0.,5.1));
#462 = CARTESIAN_POINT('',(1.047197551197,5.1));
#463 = CARTESIAN_POINT('',(2.094395102393,5.1));
#464 = CARTESIAN_POINT('',(3.14159265359,5.1));
#465 = CARTESIAN_POINT('',(4.188790204786,5.1));
#466 = CARTESIAN_POINT('',(5.235987755983,5.1));
#467 = CARTESIAN_POINT('',(6.28318530718,5.1));
#468 = ( GEOMETRIC_REPRESENTATION_CONTEXT(2) 
PARAMETRIC_REPRESENTATION_CONTEXT() REPRESENTATION_CONTEXT('2D SPACE',''
  ) );
#469 = FACE_BOUND('',#470,.F.);
#470 = EDGE_LOOP('',(#471,#513));
#471 = ORIENTED_EDGE('',*,*,#472,.T.);
#472 = EDGE_CURVE('',#473,#475,#477,.T.);
#473 = VERTEX_POINT('',#474);
#474 = CARTESIAN_POINT('',(4.7,158.87548833848,139.38989221983));
#475 = VERTEX_POINT('',#476);
#476 = CARTESIAN_POINT('',(4.556464231829,159.55916888891,
    139.38989221983));
#477 = SURFACE_CURVE('',#478,(#486,#497),.PCURVE_S1.);
#478 = B_SPLINE_CURVE_WITH_KNOTS('',6,(#479,#480,#481,#482,#483,#484,
    #485),.UNSPECIFIED.,.F.,.F.,(7,7),(0.,1.),.PIECEWISE_BEZIER_KNOTS.);
#479 = CARTESIAN_POINT('',(4.7,158.87548833848,139.38989221983));
#480 = CARTESIAN_POINT('',(4.7,158.9927522581,139.38989221983));
#481 = CARTESIAN_POINT('',(4.690293525711,159.11002349781,
    139.38989221983));
#482 = CARTESIAN_POINT('',(4.670878380185,159.22628176843,
    139.38989221983));
#483 = CARTESIAN_POINT('',(4.641899271049,159.34053224709,
    139.38989221983));
#484 = CARTESIAN_POINT('',(4.603623722453,159.45180579324,
    139.38989221983));
#485 = CARTESIAN_POINT('',(4.556464231829,159.55916888891,
    139.38989221983));
#486 = PCURVE('',#115,#487);
#487 = DEFINITIONAL_REPRESENTATION('',(#488),#496);
#488 = B_SPLINE_CURVE_WITH_KNOTS('',6,(#489,#490,#491,#492,#493,#494,
    #495),.UNSPECIFIED.,.F.,.F.,(7,7),(0.,1.),.PIECEWISE_BEZIER_KNOTS.);
#489 = CARTESIAN_POINT('',(7.,20.3));
#490 = CARTESIAN_POINT('',(6.882736080378,20.3));
#491 = CARTESIAN_POINT('',(6.765464840674,20.309706474289));
#492 = CARTESIAN_POINT('',(6.649206570049,20.329121619815));
#493 = CARTESIAN_POINT('',(6.53495609139,20.358100728951));
#494 = CARTESIAN_POINT('',(6.423682545245,20.396376277547));
#495 = CARTESIAN_POINT('',(6.31631944957,20.443535768171));
#496 = ( GEOMETRIC_REPRESENTATION_CONTEXT(2) 
PARAMETRIC_REPRESENTATION_CONTEXT() REPRESENTATION_CONTEXT('2D SPACE',''
  ) );
#497 = PCURVE('',#498,#503);
#498 = CYLINDRICAL_SURFACE('',#499,1.7);
#499 = AXIS2_PLACEMENT_3D('',#500,#501,#502);
#500 = CARTESIAN_POINT('',(3.,158.87548833848,74.389892219836));
#501 = DIRECTION('',(0.,0.,1.));
#502 = DIRECTION('',(1.,0.,-0.));
#503 = DEFINITIONAL_REPRESENTATION('',(#504),#512);
#504 = B_SPLINE_CURVE_WITH_KNOTS('',6,(#505,#506,#507,#508,#509,#510,
    #511),.UNSPECIFIED.,.F.,.F.,(7,7),(0.,1.),.PIECEWISE_BEZIER_KNOTS.);
#505 = CARTESIAN_POINT('',(0.,65.));
#506 = CARTESIAN_POINT('',(6.897877624848E-02,65.));
#507 = CARTESIAN_POINT('',(0.137961815544,65.));
#508 = CARTESIAN_POINT('',(0.206940015337,65.));
#509 = CARTESIAN_POINT('',(0.275918280187,65.));
#510 = CARTESIAN_POINT('',(0.344901469239,65.));
#511 = CARTESIAN_POINT('',(0.413880308251,65.));
#512 = ( GEOMETRIC_REPRESENTATION_CONTEXT(2) 
PARAMETRIC_REPRESENTATION_CONTEXT() REPRESENTATION_CONTEXT('2D SPACE',''
  ) );
#513 = ORIENTED_EDGE('',*,*,#514,.T.);
#514 = EDGE_CURVE('',#475,#473,#515,.T.);
#515 = SURFACE_CURVE('',#516,(#589,#665),.PCURVE_S1.);
#516 = B_SPLINE_CURVE_WITH_KNOTS('',8,(#517,#518,#519,#520,#521,#522,
    #523,#524,#525,#526,#527,#528,#529,#530,#531,#532,#533,#534,#535,
    #536,#537,#538,#539,#540,#541,#542,#543,#544,#545,#546,#547,#548,
    #549,#550,#551,#552,#553,#554,#555,#556,#557,#558,#559,#560,#561,
    #562,#563,#564,#565,#566,#567,#568,#569,#570,#571,#572,#573,#574,
    #575,#576,#577,#578,#579,#580,#581,#582,#583,#584,#585,#586,#587,
    #588),.UNSPECIFIED.,.F.,.F.,(9,7,7,7,7,7,7,7,7,7,9),(0.,
    9.901693949305E-02,0.199630860659,0.298198043366,0.397699566307,
    0.468636780769,0.533204873981,0.636255612757,0.739245739864,
    0.833485437554,1.),.UNSPECIFIED.);
#517 = CARTESIAN_POINT('',(4.556464231829,159.55916888891,
    139.38989221983));
#518 = CARTESIAN_POINT('',(4.506805669905,159.67222135968,
    139.38989221983));
#519 = CARTESIAN_POINT('',(4.447754365299,159.78117017899,
    139.38989221983));
#520 = CARTESIAN_POINT('',(4.379716871134,159.88507606821,
    139.38989221983));
#521 = CARTESIAN_POINT('',(4.303204829007,159.98307950702,
    139.38989221983));
#522 = CARTESIAN_POINT('',(4.218818427466,160.07439138217,
    139.38989221983));
#523 = CARTESIAN_POINT('',(4.127239464254,160.15829170811,
    139.38989221983));
#524 = CARTESIAN_POINT('',(4.029234012358,160.23413641915,
    139.38989221983));
#525 = CARTESIAN_POINT('',(3.820424963098,160.36969245179,
    139.38989221983));
#526 = CARTESIAN_POINT('',(3.709403458572,160.42914784858,
    139.38989221983));
#527 = CARTESIAN_POINT('',(3.59349925066,160.47914738767,139.38989221983
    ));
#528 = CARTESIAN_POINT('',(3.473657782664,160.5192339032,139.38989221983
    ));
#529 = CARTESIAN_POINT('',(3.350861505058,160.54906520255,
    139.38989221983));
#530 = CARTESIAN_POINT('',(3.226124306085,160.56840843189,
    139.38989221983));
#531 = CARTESIAN_POINT('',(3.100489734665,160.57714770427,
    139.38989221983));
#532 = CARTESIAN_POINT('',(2.852128399594,160.57349976167,
    139.38989221983));
#533 = CARTESIAN_POINT('',(2.729351340473,160.56153808326,
    139.38989221983));
#534 = CARTESIAN_POINT('',(2.607712362663,160.53942886271,
    139.38989221983));
#535 = CARTESIAN_POINT('',(2.488189698023,160.5073070787,139.38989221983
    ));
#536 = CARTESIAN_POINT('',(2.371731292075,160.46541489468,
    139.38989221983));
#537 = CARTESIAN_POINT('',(2.259253393225,160.41409468482,
    139.38989221983));
#538 = CARTESIAN_POINT('',(2.151635725004,160.3537939721,139.38989221983
    ));
#539 = CARTESIAN_POINT('',(1.946824611772,160.21571925187,
    139.38989221983));
#540 = CARTESIAN_POINT('',(1.849704509662,160.13776134516,
    139.38989221983));
#541 = CARTESIAN_POINT('',(1.759218736679,160.05178526874,
    139.38989221983));
#542 = CARTESIAN_POINT('',(1.676132824506,159.9584585777,139.38989221983
    ));
#543 = CARTESIAN_POINT('',(1.601124956043,159.85852462445,
    139.38989221983));
#544 = CARTESIAN_POINT('',(1.534788846047,159.75279562716,
    139.38989221983));
#545 = CARTESIAN_POINT('',(1.477626581208,159.64215385408,
    139.38989221983));
#546 = CARTESIAN_POINT('',(1.396099595446,159.44586465414,
    139.38989221983));
#547 = CARTESIAN_POINT('',(1.367024794811,159.36214677978,
    139.38989221983));
#548 = CARTESIAN_POINT('',(1.342950025232,159.27674954351,
    139.38989221983));
#549 = CARTESIAN_POINT('',(1.323986343978,159.19002233982,
    139.38989221983));
#550 = CARTESIAN_POINT('',(1.310215328278,159.10232067222,
    139.38989221983));
#551 = CARTESIAN_POINT('',(1.301689830089,159.01400543075,
    139.38989221983));
#552 = CARTESIAN_POINT('',(1.298433015418,158.92544248968,
    139.38989221983));
#553 = CARTESIAN_POINT('',(1.302258550364,158.7565033641,139.38989221983
    ));
#554 = CARTESIAN_POINT('',(1.308439185097,158.67610038654,
    139.38989221983));
#555 = CARTESIAN_POINT('',(1.318971062558,158.59607228086,
    139.38989221983));
#556 = CARTESIAN_POINT('',(1.333827036106,158.51669404747,
    139.38989221983));
#557 = CARTESIAN_POINT('',(1.352959436645,158.43823668893,
    139.38989221983));
#558 = CARTESIAN_POINT('',(1.376300166975,158.36096679962,
    139.38989221983));
#559 = CARTESIAN_POINT('',(1.40376079613,158.28514615534,139.38989221983
    ));
#560 = CARTESIAN_POINT('',(1.485461768672,158.09274392742,
    139.38989221983));
#561 = CARTESIAN_POINT('',(1.545919844959,157.97877335219,
    139.38989221983));
#562 = CARTESIAN_POINT('',(1.616161172516,157.87018698809,
    139.38989221983));
#563 = CARTESIAN_POINT('',(1.695615212967,157.76795817554,
    139.38989221983));
#564 = CARTESIAN_POINT('',(1.783607489659,157.67297804813,
    139.38989221983));
#565 = CARTESIAN_POINT('',(1.879368317678,157.58605719054,
    139.38989221983));
#566 = CARTESIAN_POINT('',(1.982029373871,157.50791709084,
    139.38989221983));
#567 = CARTESIAN_POINT('',(2.199122976768,157.37046611782,
    139.38989221983));
#568 = CARTESIAN_POINT('',(2.313591446859,157.31111703776,
    139.38989221983));
#569 = CARTESIAN_POINT('',(2.433040861215,157.26174831362,
    139.38989221983));
#570 = CARTESIAN_POINT('',(2.55644982627,157.22283551853,139.38989221983
    ));
#571 = CARTESIAN_POINT('',(2.682758447366,157.19472748453,
    139.38989221983));
#572 = CARTESIAN_POINT('',(2.810874526238,157.17765283841,
    139.38989221983));
#573 = CARTESIAN_POINT('',(2.939675719432,157.17171122094,
    139.38989221983));
#574 = CARTESIAN_POINT('',(3.185436030627,157.18155061685,
    139.38989221983));
#575 = CARTESIAN_POINT('',(3.3025096717,157.19553038323,139.38989221983)
  );
#576 = CARTESIAN_POINT('',(3.418348544973,157.21875762264,
    139.38989221983));
#577 = CARTESIAN_POINT('',(3.532100921997,157.25109789154,
    139.38989221983));
#578 = CARTESIAN_POINT('',(3.642941585713,157.29232742868,
    139.38989221983));
#579 = CARTESIAN_POINT('',(3.750072905948,157.34213847579,
    139.38989221983));
#580 = CARTESIAN_POINT('',(3.852728786457,157.40013565915,
    139.38989221983));
#581 = CARTESIAN_POINT('',(4.12237317773,157.58188885918,139.38989221983
    ));
#582 = CARTESIAN_POINT('',(4.278600065133,157.72215307475,
    139.38989221983));
#583 = CARTESIAN_POINT('',(4.414491309904,157.88383705139,
    139.38989221983));
#584 = CARTESIAN_POINT('',(4.526788743862,158.06338153515,
    139.38989221983));
#585 = CARTESIAN_POINT('',(4.61289737078,158.25685088022,139.38989221983
    ));
#586 = CARTESIAN_POINT('',(4.67100858037,158.45989387611,139.38989221983
    ));
#587 = CARTESIAN_POINT('',(4.7,158.66782388063,139.38989221983));
#588 = CARTESIAN_POINT('',(4.7,158.87548833848,139.38989221983));
#589 = PCURVE('',#115,#590);
#590 = DEFINITIONAL_REPRESENTATION('',(#591),#664);
#591 = B_SPLINE_CURVE_WITH_KNOTS('',8,(#592,#593,#594,#595,#596,#597,
    #598,#599,#600,#601,#602,#603,#604,#605,#606,#607,#608,#609,#610,
    #611,#612,#613,#614,#615,#616,#617,#618,#619,#620,#621,#622,#623,
    #624,#625,#626,#627,#628,#629,#630,#631,#632,#633,#634,#635,#636,
    #637,#638,#639,#640,#641,#642,#643,#644,#645,#646,#647,#648,#649,
    #650,#651,#652,#653,#654,#655,#656,#657,#658,#659,#660,#661,#662,
    #663),.UNSPECIFIED.,.F.,.F.,(9,7,7,7,7,7,7,7,7,7,9),(0.,
    9.901693949305E-02,0.199630860659,0.298198043366,0.397699566307,
    0.468636780769,0.533204873981,0.636255612757,0.739245739864,
    0.833485437554,1.),.UNSPECIFIED.);
#592 = CARTESIAN_POINT('',(6.31631944957,20.443535768171));
#593 = CARTESIAN_POINT('',(6.203266978806,20.493194330095));
#594 = CARTESIAN_POINT('',(6.09431815949,20.552245634701));
#595 = CARTESIAN_POINT('',(5.990412270266,20.620283128866));
#596 = CARTESIAN_POINT('',(5.892408831465,20.696795170993));
#597 = CARTESIAN_POINT('',(5.801096956307,20.781181572534));
#598 = CARTESIAN_POINT('',(5.717196630369,20.872760535746));
#599 = CARTESIAN_POINT('',(5.641351919331,20.970765987642));
#600 = CARTESIAN_POINT('',(5.505795886689,21.179575036902));
#601 = CARTESIAN_POINT('',(5.446340489906,21.290596541428));
#602 = CARTESIAN_POINT('',(5.396340950812,21.40650074934));
#603 = CARTESIAN_POINT('',(5.35625443528,21.526342217336));
#604 = CARTESIAN_POINT('',(5.32642313593,21.649138494942));
#605 = CARTESIAN_POINT('',(5.30707990659,21.773875693915));
#606 = CARTESIAN_POINT('',(5.298340634212,21.899510265335));
#607 = CARTESIAN_POINT('',(5.30198857681,22.147871600406));
#608 = CARTESIAN_POINT('',(5.313950255218,22.270648659527));
#609 = CARTESIAN_POINT('',(5.336059475767,22.392287637337));
#610 = CARTESIAN_POINT('',(5.368181259777,22.511810301977));
#611 = CARTESIAN_POINT('',(5.410073443798,22.628268707925));
#612 = CARTESIAN_POINT('',(5.461393653666,22.740746606775));
#613 = CARTESIAN_POINT('',(5.521694366378,22.848364274996));
#614 = CARTESIAN_POINT('',(5.659769086607,23.053175388228));
#615 = CARTESIAN_POINT('',(5.737726993323,23.150295490338));
#616 = CARTESIAN_POINT('',(5.823703069742,23.240781263321));
#617 = CARTESIAN_POINT('',(5.917029760782,23.323867175494));
#618 = CARTESIAN_POINT('',(6.016963714028,23.398875043957));
#619 = CARTESIAN_POINT('',(6.122692711324,23.465211153953));
#620 = CARTESIAN_POINT('',(6.233334484404,23.522373418792));
#621 = CARTESIAN_POINT('',(6.429623684345,23.603900404554));
#622 = CARTESIAN_POINT('',(6.513341558698,23.632975205189));
#623 = CARTESIAN_POINT('',(6.598738794968,23.657049974768));
#624 = CARTESIAN_POINT('',(6.685465998661,23.676013656022));
#625 = CARTESIAN_POINT('',(6.773167666257,23.689784671722));
#626 = CARTESIAN_POINT('',(6.861482907735,23.698310169911));
#627 = CARTESIAN_POINT('',(6.950045848798,23.701566984582));
#628 = CARTESIAN_POINT('',(7.118984974383,23.697741449636));
#629 = CARTESIAN_POINT('',(7.199387951943,23.691560814903));
#630 = CARTESIAN_POINT('',(7.279416057618,23.681028937442));
#631 = CARTESIAN_POINT('',(7.358794291009,23.666172963894));
#632 = CARTESIAN_POINT('',(7.437251649546,23.647040563355));
#633 = CARTESIAN_POINT('',(7.514521538858,23.623699833025));
#634 = CARTESIAN_POINT('',(7.590342183137,23.59623920387));
#635 = CARTESIAN_POINT('',(7.782744411063,23.514538231328));
#636 = CARTESIAN_POINT('',(7.896714986295,23.454080155041));
#637 = CARTESIAN_POINT('',(8.005301350394,23.383838827484));
#638 = CARTESIAN_POINT('',(8.107530162942,23.304384787033));
#639 = CARTESIAN_POINT('',(8.202510290351,23.216392510341));
#640 = CARTESIAN_POINT('',(8.28943114794,23.120631682322));
#641 = CARTESIAN_POINT('',(8.36757124764,23.017970626129));
#642 = CARTESIAN_POINT('',(8.505022220661,22.800877023232));
#643 = CARTESIAN_POINT('',(8.56437130072,22.686408553141));
#644 = CARTESIAN_POINT('',(8.613740024859,22.566959138785));
#645 = CARTESIAN_POINT('',(8.652652819949,22.44355017373));
#646 = CARTESIAN_POINT('',(8.680760853947,22.317241552634));
#647 = CARTESIAN_POINT('',(8.697835500067,22.189125473762));
#648 = CARTESIAN_POINT('',(8.703777117541,22.060324280568));
#649 = CARTESIAN_POINT('',(8.693937721626,21.814563969373));
#650 = CARTESIAN_POINT('',(8.679957955247,21.6974903283));
#651 = CARTESIAN_POINT('',(8.656730715844,21.581651455027));
#652 = CARTESIAN_POINT('',(8.624390446943,21.467899078003));
#653 = CARTESIAN_POINT('',(8.583160909798,21.357058414287));
#654 = CARTESIAN_POINT('',(8.533349862689,21.249927094052));
#655 = CARTESIAN_POINT('',(8.475352679334,21.147271213543));
#656 = CARTESIAN_POINT('',(8.2935994793,20.87762682227));
#657 = CARTESIAN_POINT('',(8.153335263731,20.721399934867));
#658 = CARTESIAN_POINT('',(7.991651287088,20.585508690096));
#659 = CARTESIAN_POINT('',(7.81210680333,20.473211256138));
#660 = CARTESIAN_POINT('',(7.618637458263,20.38710262922));
#661 = CARTESIAN_POINT('',(7.415594462371,20.32899141963));
#662 = CARTESIAN_POINT('',(7.207664457848,20.3));
#663 = CARTESIAN_POINT('',(7.,20.3));
#664 = ( GEOMETRIC_REPRESENTATION_CONTEXT(2) 
PARAMETRIC_REPRESENTATION_CONTEXT() REPRESENTATION_CONTEXT('2D SPACE',''
  ) );
#665 = PCURVE('',#498,#666);
#666 = DEFINITIONAL_REPRESENTATION('',(#667),#740);
#667 = B_SPLINE_CURVE_WITH_KNOTS('',8,(#668,#669,#670,#671,#672,#673,
    #674,#675,#676,#677,#678,#679,#680,#681,#682,#683,#684,#685,#686,
    #687,#688,#689,#690,#691,#692,#693,#694,#695,#696,#697,#698,#699,
    #700,#701,#702,#703,#704,#705,#706,#707,#708,#709,#710,#711,#712,
    #713,#714,#715,#716,#717,#718,#719,#720,#721,#722,#723,#724,#725,
    #726,#727,#728,#729,#730,#731,#732,#733,#734,#735,#736,#737,#738,
    #739),.UNSPECIFIED.,.F.,.F.,(9,7,7,7,7,7,7,7,7,7,9),(0.,
    9.901693949305E-02,0.199630860659,0.298198043366,0.397699566307,
    0.468636780769,0.533204873981,0.636255612757,0.739245739864,
    0.833485437554,1.),.UNSPECIFIED.);
#668 = CARTESIAN_POINT('',(0.413880308251,65.));
#669 = CARTESIAN_POINT('',(0.486514467425,65.));
#670 = CARTESIAN_POINT('',(0.559160315528,65.));
#671 = CARTESIAN_POINT('',(0.631800807294,65.));
#672 = CARTESIAN_POINT('',(0.704434836566,65.));
#673 = CARTESIAN_POINT('',(0.777069240405,65.));
#674 = CARTESIAN_POINT('',(0.849710761711,65.));
#675 = CARTESIAN_POINT('',(0.922357970341,65.));
#676 = CARTESIAN_POINT('',(1.068799801959,65.));
#677 = CARTESIAN_POINT('',(1.142619435609,65.));
#678 = CARTESIAN_POINT('',(1.216433061701,65.));
#679 = CARTESIAN_POINT('',(1.290239213634,65.));
#680 = CARTESIAN_POINT('',(1.364045192241,65.));
#681 = CARTESIAN_POINT('',(1.437858332659,65.));
#682 = CARTESIAN_POINT('',(1.511677286059,65.));
#683 = CARTESIAN_POINT('',(1.657787947353,65.));
#684 = CARTESIAN_POINT('',(1.730105066991,65.));
#685 = CARTESIAN_POINT('',(1.802417311481,65.));
#686 = CARTESIAN_POINT('',(1.874723150159,65.));
#687 = CARTESIAN_POINT('',(1.947029094624,65.));
#688 = CARTESIAN_POINT('',(2.019341783229,65.));
#689 = CARTESIAN_POINT('',(2.091659940766,65.));
#690 = CARTESIAN_POINT('',(2.236957893168,65.));
#691 = CARTESIAN_POINT('',(2.309961877221,65.));
#692 = CARTESIAN_POINT('',(2.382960015367,65.));
#693 = CARTESIAN_POINT('',(2.45595084851,65.));
#694 = CARTESIAN_POINT('',(2.52894128939,65.));
#695 = CARTESIAN_POINT('',(2.601938347068,65.));
#696 = CARTESIAN_POINT('',(2.674940895082,65.));
#697 = CARTESIAN_POINT('',(2.79996836531,65.));
#698 = CARTESIAN_POINT('',(2.852007549561,65.));
#699 = CARTESIAN_POINT('',(2.904045676335,65.));
#700 = CARTESIAN_POINT('',(2.956082488828,65.));
#701 = CARTESIAN_POINT('',(3.008119282461,65.));
#702 = CARTESIAN_POINT('',(3.060157354876,65.));
#703 = CARTESIAN_POINT('',(3.112196456601,65.));
#704 = CARTESIAN_POINT('',(3.211597888141,65.));
#705 = CARTESIAN_POINT('',(3.258963953928,65.));
#706 = CARTESIAN_POINT('',(3.306329417235,65.));
#707 = CARTESIAN_POINT('',(3.35369411608,65.));
#708 = CARTESIAN_POINT('',(3.401058821652,65.));
#709 = CARTESIAN_POINT('',(3.448424310968,65.));
#710 = CARTESIAN_POINT('',(3.495790439522,65.));
#711 = CARTESIAN_POINT('',(3.618749439392,65.));
#712 = CARTESIAN_POINT('',(3.694357865308,65.));
#713 = CARTESIAN_POINT('',(3.769959751612,65.));
#714 = CARTESIAN_POINT('',(3.845553754719,65.));
#715 = CARTESIAN_POINT('',(3.921148197438,65.));
#716 = CARTESIAN_POINT('',(3.996751283388,65.));
#717 = CARTESIAN_POINT('',(4.072361255955,65.));
#718 = CARTESIAN_POINT('',(4.22350728448,65.));
#719 = CARTESIAN_POINT('',(4.29907255864,65.));
#720 = CARTESIAN_POINT('',(4.374631116909,65.));
#721 = CARTESIAN_POINT('',(4.4501813633,65.));
#722 = CARTESIAN_POINT('',(4.525731492364,65.));
#723 = CARTESIAN_POINT('',(4.601289683408,65.));
#724 = CARTESIAN_POINT('',(4.676854309723,65.));
#725 = CARTESIAN_POINT('',(4.821535015652,65.));
#726 = CARTESIAN_POINT('',(4.890675538565,65.));
#727 = CARTESIAN_POINT('',(4.959811974216,65.));
#728 = CARTESIAN_POINT('',(5.028943230489,65.));
#729 = CARTESIAN_POINT('',(5.098074568479,65.));
#730 = CARTESIAN_POINT('',(5.167211281706,65.));
#731 = CARTESIAN_POINT('',(5.236352366573,65.));
#732 = CARTESIAN_POINT('',(5.427634982778,65.));
#733 = CARTESIAN_POINT('',(5.549954295406,65.));
#734 = CARTESIAN_POINT('',(5.67217700487,65.));
#735 = CARTESIAN_POINT('',(5.794340383066,65.));
#736 = CARTESIAN_POINT('',(5.916501467539,65.));
#737 = CARTESIAN_POINT('',(6.038718338774,65.));
#738 = CARTESIAN_POINT('',(6.16102974374,65.));
#739 = CARTESIAN_POINT('',(6.28318530718,65.));
#740 = ( GEOMETRIC_REPRESENTATION_CONTEXT(2) 
PARAMETRIC_REPRESENTATION_CONTEXT() REPRESENTATION_CONTEXT('2D SPACE',''
  ) );
#741 = FACE_BOUND('',#742,.F.);
#742 = EDGE_LOOP('',(#743,#785));
#743 = ORIENTED_EDGE('',*,*,#744,.T.);
#744 = EDGE_CURVE('',#745,#747,#749,.T.);
#745 = VERTEX_POINT('',#746);
#746 = CARTESIAN_POINT('',(4.7,142.87548833848,139.38989221983));
#747 = VERTEX_POINT('',#748);
#748 = CARTESIAN_POINT('',(4.404308757002,143.83356814466,
    139.38989221983));
#749 = SURFACE_CURVE('',#750,(#758,#769),.PCURVE_S1.);
#750 = B_SPLINE_CURVE_WITH_KNOTS('',6,(#751,#752,#753,#754,#755,#756,
    #757),.UNSPECIFIED.,.F.,.F.,(7,7),(0.,1.),.PIECEWISE_BEZIER_KNOTS.);
#751 = CARTESIAN_POINT('',(4.7,142.87548833848,139.38989221983));
#752 = CARTESIAN_POINT('',(4.7,143.04511010691,139.38989221983));
#753 = CARTESIAN_POINT('',(4.679690525891,143.21477670236,
    139.38989221983));
#754 = CARTESIAN_POINT('',(4.639052810389,143.38134657443,
    139.38989221983));
#755 = CARTESIAN_POINT('',(4.578747554488,143.54184696062,
    139.38989221983));
#756 = CARTESIAN_POINT('',(4.499903722154,143.69344949711,
    139.38989221983));
#757 = CARTESIAN_POINT('',(4.404308757002,143.83356814466,
    139.38989221983));
#758 = PCURVE('',#115,#759);
#759 = DEFINITIONAL_REPRESENTATION('',(#760),#768);
#760 = B_SPLINE_CURVE_WITH_KNOTS('',6,(#761,#762,#763,#764,#765,#766,
    #767),.UNSPECIFIED.,.F.,.F.,(7,7),(0.,1.),.PIECEWISE_BEZIER_KNOTS.);
#761 = CARTESIAN_POINT('',(23.,20.3));
#762 = CARTESIAN_POINT('',(22.83037823157,20.3));
#763 = CARTESIAN_POINT('',(22.660711636119,20.320309474109));
#764 = CARTESIAN_POINT('',(22.494141764052,20.360947189611));
#765 = CARTESIAN_POINT('',(22.333641377856,20.421252445512));
#766 = CARTESIAN_POINT('',(22.182038841373,20.500096277846));
#767 = CARTESIAN_POINT('',(22.041920193821,20.595691242998));
#768 = ( GEOMETRIC_REPRESENTATION_CONTEXT(2) 
PARAMETRIC_REPRESENTATION_CONTEXT() REPRESENTATION_CONTEXT('2D SPACE',''
  ) );
#769 = PCURVE('',#770,#775);
#770 = CYLINDRICAL_SURFACE('',#771,1.7);
#771 = AXIS2_PLACEMENT_3D('',#772,#773,#774);
#772 = CARTESIAN_POINT('',(3.,142.87548833848,74.389892219836));
#773 = DIRECTION('',(0.,0.,1.));
#774 = DIRECTION('',(1.,0.,-0.));
#775 = DEFINITIONAL_REPRESENTATION('',(#776),#784);
#776 = B_SPLINE_CURVE_WITH_KNOTS('',6,(#777,#778,#779,#780,#781,#782,
    #783),.UNSPECIFIED.,.F.,.F.,(7,7),(0.,1.),.PIECEWISE_BEZIER_KNOTS.);
#777 = CARTESIAN_POINT('',(0.,65.));
#778 = CARTESIAN_POINT('',(9.977751084105E-02,65.));
#779 = CARTESIAN_POINT('',(0.199580844183,65.));
#780 = CARTESIAN_POINT('',(0.299353833089,65.));
#781 = CARTESIAN_POINT('',(0.399127079108,65.));
#782 = CARTESIAN_POINT('',(0.49893116841,65.));
#783 = CARTESIAN_POINT('',(0.598708832583,65.));
#784 = ( GEOMETRIC_REPRESENTATION_CONTEXT(2) 
PARAMETRIC_REPRESENTATION_CONTEXT() REPRESENTATION_CONTEXT('2D SPACE',''
  ) );
#785 = ORIENTED_EDGE('',*,*,#786,.T.);
#786 = EDGE_CURVE('',#747,#745,#787,.T.);
#787 = SURFACE_CURVE('',#788,(#861,#937),.PCURVE_S1.);
#788 = B_SPLINE_CURVE_WITH_KNOTS('',8,(#789,#790,#791,#792,#793,#794,
    #795,#796,#797,#798,#799,#800,#801,#802,#803,#804,#805,#806,#807,
    #808,#809,#810,#811,#812,#813,#814,#815,#816,#817,#818,#819,#820,
    #821,#822,#823,#824,#825,#826,#827,#828,#829,#830,#831,#832,#833,
    #834,#835,#836,#837,#838,#839,#840,#841,#842,#843,#844,#845,#846,
    #847,#848,#849,#850,#851,#852,#853,#854,#855,#856,#857,#858,#859,
    #860),.UNSPECIFIED.,.F.,.F.,(9,7,7,7,7,7,7,7,7,7,9),(0.,
    9.750965906319E-02,0.186213615289,0.318896377049,0.384952908078,
    0.450501400827,0.508993728308,0.626034725751,0.729137785692,
    0.82698857453,1.),.UNSPECIFIED.);
#789 = CARTESIAN_POINT('',(4.404308757002,143.83356814466,
    139.38989221983));
#790 = CARTESIAN_POINT('',(4.337936072087,143.93085413488,
    139.38989221983));
#791 = CARTESIAN_POINT('',(4.26385203034,144.02289812683,139.38989221983
    ));
#792 = CARTESIAN_POINT('',(4.182552003878,144.10896674124,
    139.38989221983));
#793 = CARTESIAN_POINT('',(4.094604707281,144.18840547883,
    139.38989221983));
#794 = CARTESIAN_POINT('',(4.000641203314,144.26062971387,
    139.38989221983));
#795 = CARTESIAN_POINT('',(3.901350004341,144.32512299989,
    139.38989221983));
#796 = CARTESIAN_POINT('',(3.797478269436,144.38144268746,
    139.38989221983));
#797 = CARTESIAN_POINT('',(3.591920383114,144.47270728424,
    139.38989221983));
#798 = CARTESIAN_POINT('',(3.490861028798,144.50913336683,
    139.38989221983));
#799 = CARTESIAN_POINT('',(3.387266806957,144.53823945211,
    139.38989221983));
#800 = CARTESIAN_POINT('',(3.281758594435,144.55982501502,
    139.38989221983));
#801 = CARTESIAN_POINT('',(3.174969510343,144.57375285717,
    139.38989221983));
#802 = CARTESIAN_POINT('',(3.067542923667,144.57994669955,
    139.38989221983));
#803 = CARTESIAN_POINT('',(2.960131330352,144.57839416614,
    139.38989221983));
#804 = CARTESIAN_POINT('',(2.6937422832,144.55533551445,139.38989221983)
  );
#805 = CARTESIAN_POINT('',(2.535502242727,144.52430930661,
    139.38989221983));
#806 = CARTESIAN_POINT('',(2.380954634771,144.47624713042,
    139.38989221983));
#807 = CARTESIAN_POINT('',(2.232231343161,144.41169796241,
    139.38989221983));
#808 = CARTESIAN_POINT('',(2.091329218525,144.33149806674,
    139.38989221983));
#809 = CARTESIAN_POINT('',(1.960116511393,144.23674217453,
    139.38989221983));
#810 = CARTESIAN_POINT('',(1.840313177395,144.12880651823,
    139.38989221983));
#811 = CARTESIAN_POINT('',(1.680209234994,143.94997301518,
    139.38989221983));
#812 = CARTESIAN_POINT('',(1.630181003499,143.88767686433,
    139.38989221983));
#813 = CARTESIAN_POINT('',(1.583520101944,143.82272691158,
    139.38989221983));
#814 = CARTESIAN_POINT('',(1.540390254514,143.75533628967,
    139.38989221983));
#815 = CARTESIAN_POINT('',(1.500938140359,143.68572885961,
    139.38989221983));
#816 = CARTESIAN_POINT('',(1.465293187952,143.61413886694,
    139.38989221983));
#817 = CARTESIAN_POINT('',(1.43356736945,143.54081059802,139.38989221983
    ));
#818 = CARTESIAN_POINT('',(1.378355755483,143.39176085515,
    139.38989221983));
#819 = CARTESIAN_POINT('',(1.354806982685,143.31605813161,
    139.38989221983));
#820 = CARTESIAN_POINT('',(1.335300388807,143.23913812063,
    139.38989221983));
#821 = CARTESIAN_POINT('',(1.319908596185,143.16125313161,
    139.38989221983));
#822 = CARTESIAN_POINT('',(1.308685057977,143.08265915332,
    139.38989221983));
#823 = CARTESIAN_POINT('',(1.301663978803,143.00361547881,
    139.38989221983));
#824 = CARTESIAN_POINT('',(1.298860235375,142.92438433033,
    139.38989221983));
#825 = CARTESIAN_POINT('',(1.301526676194,142.77459739272,
    139.38989221983));
#826 = CARTESIAN_POINT('',(1.306138684318,142.70402251789,
    139.38989221983));
#827 = CARTESIAN_POINT('',(1.314101911225,142.63369367294,
    139.38989221983));
#828 = CARTESIAN_POINT('',(1.325400662899,142.56379674603,
    139.38989221983));
#829 = CARTESIAN_POINT('',(1.340007020795,142.4945155044,139.38989221983
    ));
#830 = CARTESIAN_POINT('',(1.357880901041,142.42603139843,
    139.38989221983));
#831 = CARTESIAN_POINT('',(1.378970113631,142.35852336582,
    139.38989221983));
#832 = CARTESIAN_POINT('',(1.451714386993,142.15939225832,
    139.38989221983));
#833 = CARTESIAN_POINT('',(1.512849724414,142.03118923624,
    139.38989221983));
#834 = CARTESIAN_POINT('',(1.586095802717,141.90901886447,
    139.38989221983));
#835 = CARTESIAN_POINT('',(1.670740456952,141.79420551702,
    139.38989221983));
#836 = CARTESIAN_POINT('',(1.765916843458,141.68795781723,
    139.38989221983));
#837 = CARTESIAN_POINT('',(1.870618614128,141.59137138565,
    139.38989221983));
#838 = CARTESIAN_POINT('',(1.983693409843,141.50541416562,
    139.38989221983));
#839 = CARTESIAN_POINT('',(2.209631182496,141.3652487524,139.38989221983
    ));
#840 = CARTESIAN_POINT('',(2.320961659003,141.30845014562,
    139.38989221983));
#841 = CARTESIAN_POINT('',(2.436915900099,141.26105773059,
    139.38989221983));
#842 = CARTESIAN_POINT('',(2.556561254679,141.22350026694,
    139.38989221983));
#843 = CARTESIAN_POINT('',(2.67893125414,141.19609428604,139.38989221983
    ));
#844 = CARTESIAN_POINT('',(2.803030849723,141.17904957874,
    139.38989221983));
#845 = CARTESIAN_POINT('',(2.927838256087,141.17246193437,
    139.38989221983));
#846 = CARTESIAN_POINT('',(3.170428048787,141.17992915837,
    139.38989221983));
#847 = CARTESIAN_POINT('',(3.28828075473,141.19295065423,139.38989221983
    ));
#848 = CARTESIAN_POINT('',(3.404966229926,141.21533450025,
    139.38989221983));
#849 = CARTESIAN_POINT('',(3.519617263784,141.24695136723,
    139.38989221983));
#850 = CARTESIAN_POINT('',(3.631392966945,141.28758041837,
    139.38989221983));
#851 = CARTESIAN_POINT('',(3.739479924665,141.33691476362,
    139.38989221983));
#852 = CARTESIAN_POINT('',(3.843096260819,141.39455766503,
    139.38989221983));
#853 = CARTESIAN_POINT('',(4.115485264401,141.57573583644,
    139.38989221983));
#854 = CARTESIAN_POINT('',(4.273461818078,141.7160676344,139.38989221983
    ));
#855 = CARTESIAN_POINT('',(4.41095027687,141.87819923381,139.38989221983
    ));
#856 = CARTESIAN_POINT('',(4.524615272047,142.05851663876,
    139.38989221983));
#857 = CARTESIAN_POINT('',(4.611797421359,142.25301966854,
    139.38989221983));
#858 = CARTESIAN_POINT('',(4.670643518277,142.45727897372,
    139.38989221983));
#859 = CARTESIAN_POINT('',(4.7,142.66652053294,139.38989221983));
#860 = CARTESIAN_POINT('',(4.7,142.87548833848,139.38989221983));
#861 = PCURVE('',#115,#862);
#862 = DEFINITIONAL_REPRESENTATION('',(#863),#936);
#863 = B_SPLINE_CURVE_WITH_KNOTS('',8,(#864,#865,#866,#867,#868,#869,
    #870,#871,#872,#873,#874,#875,#876,#877,#878,#879,#880,#881,#882,
    #883,#884,#885,#886,#887,#888,#889,#890,#891,#892,#893,#894,#895,
    #896,#897,#898,#899,#900,#901,#902,#903,#904,#905,#906,#907,#908,
    #909,#910,#911,#912,#913,#914,#915,#916,#917,#918,#919,#920,#921,
    #922,#923,#924,#925,#926,#927,#928,#929,#930,#931,#932,#933,#934,
    #935),.UNSPECIFIED.,.F.,.F.,(9,7,7,7,7,7,7,7,7,7,9),(0.,
    9.750965906319E-02,0.186213615289,0.318896377049,0.384952908078,
    0.450501400827,0.508993728308,0.626034725751,0.729137785692,
    0.82698857453,1.),.UNSPECIFIED.);
#864 = CARTESIAN_POINT('',(22.041920193821,20.595691242998));
#865 = CARTESIAN_POINT('',(21.944634203603,20.662063927913));
#866 = CARTESIAN_POINT('',(21.852590211649,20.73614796966));
#867 = CARTESIAN_POINT('',(21.766521597239,20.817447996122));
#868 = CARTESIAN_POINT('',(21.687082859654,20.905395292719));
#869 = CARTESIAN_POINT('',(21.614858624614,20.999358796686));
#870 = CARTESIAN_POINT('',(21.550365338596,21.098649995659));
#871 = CARTESIAN_POINT('',(21.494045651019,21.202521730564));
#872 = CARTESIAN_POINT('',(21.402781054242,21.408079616886));
#873 = CARTESIAN_POINT('',(21.366354971652,21.509138971202));
#874 = CARTESIAN_POINT('',(21.337248886369,21.612733193043));
#875 = CARTESIAN_POINT('',(21.315663323457,21.718241405565));
#876 = CARTESIAN_POINT('',(21.301735481313,21.825030489657));
#877 = CARTESIAN_POINT('',(21.295541638931,21.932457076333));
#878 = CARTESIAN_POINT('',(21.297094172339,22.039868669648));
#879 = CARTESIAN_POINT('',(21.320152824028,22.3062577168));
#880 = CARTESIAN_POINT('',(21.351179031869,22.464497757273));
#881 = CARTESIAN_POINT('',(21.399241208061,22.619045365229));
#882 = CARTESIAN_POINT('',(21.46379037607,22.767768656839));
#883 = CARTESIAN_POINT('',(21.543990271743,22.908670781475));
#884 = CARTESIAN_POINT('',(21.638746163955,23.039883488607));
#885 = CARTESIAN_POINT('',(21.74668182025,23.159686822605));
#886 = CARTESIAN_POINT('',(21.9255153233,23.319790765006));
#887 = CARTESIAN_POINT('',(21.987811474151,23.369818996501));
#888 = CARTESIAN_POINT('',(22.0527614269,23.416479898056));
#889 = CARTESIAN_POINT('',(22.12015204881,23.459609745486));
#890 = CARTESIAN_POINT('',(22.189759478874,23.499061859641));
#891 = CARTESIAN_POINT('',(22.261349471545,23.534706812048));
#892 = CARTESIAN_POINT('',(22.334677740464,23.56643263055));
#893 = CARTESIAN_POINT('',(22.483727483334,23.621644244517));
#894 = CARTESIAN_POINT('',(22.559430206873,23.645193017315));
#895 = CARTESIAN_POINT('',(22.636350217853,23.664699611193));
#896 = CARTESIAN_POINT('',(22.71423520687,23.680091403815));
#897 = CARTESIAN_POINT('',(22.792829185159,23.691314942023));
#898 = CARTESIAN_POINT('',(22.87187285967,23.698336021197));
#899 = CARTESIAN_POINT('',(22.951104008155,23.701139764625));
#900 = CARTESIAN_POINT('',(23.100890945766,23.698473323806));
#901 = CARTESIAN_POINT('',(23.171465820594,23.693861315682));
#902 = CARTESIAN_POINT('',(23.241794665542,23.685898088775));
#903 = CARTESIAN_POINT('',(23.311691592449,23.674599337101));
#904 = CARTESIAN_POINT('',(23.380972834085,23.659992979205));
#905 = CARTESIAN_POINT('',(23.449456940049,23.642119098959));
#906 = CARTESIAN_POINT('',(23.516964972663,23.621029886369));
#907 = CARTESIAN_POINT('',(23.716096080164,23.548285613007));
#908 = CARTESIAN_POINT('',(23.84429910224,23.487150275586));
#909 = CARTESIAN_POINT('',(23.966469474011,23.413904197283));
#910 = CARTESIAN_POINT('',(24.081282821456,23.329259543048));
#911 = CARTESIAN_POINT('',(24.187530521254,23.234083156542));
#912 = CARTESIAN_POINT('',(24.284116952835,23.129381385872));
#913 = CARTESIAN_POINT('',(24.370074172858,23.016306590157));
#914 = CARTESIAN_POINT('',(24.510239586079,22.790368817504));
#915 = CARTESIAN_POINT('',(24.567038192859,22.679038340997));
#916 = CARTESIAN_POINT('',(24.614430607889,22.563084099901));
#917 = CARTESIAN_POINT('',(24.651988071538,22.443438745321));
#918 = CARTESIAN_POINT('',(24.679394052445,22.32106874586));
#919 = CARTESIAN_POINT('',(24.696438759739,22.196969150277));
#920 = CARTESIAN_POINT('',(24.703026404115,22.072161743913));
#921 = CARTESIAN_POINT('',(24.695559180113,21.829571951213));
#922 = CARTESIAN_POINT('',(24.682537684248,21.711719245271));
#923 = CARTESIAN_POINT('',(24.660153838228,21.595033770074));
#924 = CARTESIAN_POINT('',(24.628536971246,21.480382736216));
#925 = CARTESIAN_POINT('',(24.587907920114,21.368607033055));
#926 = CARTESIAN_POINT('',(24.538573574857,21.260520075335));
#927 = CARTESIAN_POINT('',(24.48093067345,21.156903739181));
#928 = CARTESIAN_POINT('',(24.299752502041,20.884514735599));
#929 = CARTESIAN_POINT('',(24.159420704077,20.726538181922));
#930 = CARTESIAN_POINT('',(23.997289104676,20.589049723129));
#931 = CARTESIAN_POINT('',(23.816971699724,20.475384727954));
#932 = CARTESIAN_POINT('',(23.622468669938,20.388202578641));
#933 = CARTESIAN_POINT('',(23.418209364761,20.329356481723));
#934 = CARTESIAN_POINT('',(23.20896780554,20.3));
#935 = CARTESIAN_POINT('',(23.,20.3));
#936 = ( GEOMETRIC_REPRESENTATION_CONTEXT(2) 
PARAMETRIC_REPRESENTATION_CONTEXT() REPRESENTATION_CONTEXT('2D SPACE',''
  ) );
#937 = PCURVE('',#770,#938);
#938 = DEFINITIONAL_REPRESENTATION('',(#939),#1012);
#939 = B_SPLINE_CURVE_WITH_KNOTS('',8,(#940,#941,#942,#943,#944,#945,
    #946,#947,#948,#949,#950,#951,#952,#953,#954,#955,#956,#957,#958,
    #959,#960,#961,#962,#963,#964,#965,#966,#967,#968,#969,#970,#971,
    #972,#973,#974,#975,#976,#977,#978,#979,#980,#981,#982,#983,#984,
    #985,#986,#987,#988,#989,#990,#991,#992,#993,#994,#995,#996,#997,
    #998,#999,#1000,#1001,#1002,#1003,#1004,#1005,#1006,#1007,#1008,
    #1009,#1010,#1011),.UNSPECIFIED.,.F.,.F.,(9,7,7,7,7,7,7,7,7,7,9),(0.
    ,9.750965906319E-02,0.186213615289,0.318896377049,0.384952908078,
    0.450501400827,0.508993728308,0.626034725751,0.729137785692,
    0.82698857453,1.),.UNSPECIFIED.);
#940 = CARTESIAN_POINT('',(0.598708832583,65.));
#941 = CARTESIAN_POINT('',(0.667985613586,65.));
#942 = CARTESIAN_POINT('',(0.73727146979,65.));
#943 = CARTESIAN_POINT('',(0.806553228955,65.));
#944 = CARTESIAN_POINT('',(0.875830158185,65.));
#945 = CARTESIAN_POINT('',(0.945107669232,65.));
#946 = CARTESIAN_POINT('',(1.014390952999,65.));
#947 = CARTESIAN_POINT('',(1.083678543215,65.));
#948 = CARTESIAN_POINT('',(1.215976925766,65.));
#949 = CARTESIAN_POINT('',(1.279004011492,65.));
#950 = CARTESIAN_POINT('',(1.34202838509,65.));
#951 = CARTESIAN_POINT('',(1.405049365094,65.));
#952 = CARTESIAN_POINT('',(1.468070265671,65.));
#953 = CARTESIAN_POINT('',(1.531094381185,65.));
#954 = CARTESIAN_POINT('',(1.594120959608,65.));
#955 = CARTESIAN_POINT('',(1.751406350123,65.));
#956 = CARTESIAN_POINT('',(1.845715885506,65.));
#957 = CARTESIAN_POINT('',(1.940001993717,65.));
#958 = CARTESIAN_POINT('',(2.034268879942,65.));
#959 = CARTESIAN_POINT('',(2.128536126359,65.));
#960 = CARTESIAN_POINT('',(2.222823118948,65.));
#961 = CARTESIAN_POINT('',(2.317133418017,65.));
#962 = CARTESIAN_POINT('',(2.458327895038,65.));
#963 = CARTESIAN_POINT('',(2.505259067328,65.));
#964 = CARTESIAN_POINT('',(2.552189579329,65.));
#965 = CARTESIAN_POINT('',(2.599119286362,65.));
#966 = CARTESIAN_POINT('',(2.646048935025,65.));
#967 = CARTESIAN_POINT('',(2.692979277725,65.));
#968 = CARTESIAN_POINT('',(2.739910187208,65.));
#969 = CARTESIAN_POINT('',(2.833408421313,65.));
#970 = CARTESIAN_POINT('',(2.879978293243,65.));
#971 = CARTESIAN_POINT('',(2.926547577605,65.));
#972 = CARTESIAN_POINT('',(2.973116155216,65.));
#973 = CARTESIAN_POINT('',(3.019684742762,65.));
#974 = CARTESIAN_POINT('',(3.066254038577,65.));
#975 = CARTESIAN_POINT('',(3.112823868425,65.));
#976 = CARTESIAN_POINT('',(3.200947791443,65.));
#977 = CARTESIAN_POINT('',(3.24250413818,65.));
#978 = CARTESIAN_POINT('',(3.284060218562,65.));
#979 = CARTESIAN_POINT('',(3.32561589182,65.));
#980 = CARTESIAN_POINT('',(3.367171538865,65.));
#981 = CARTESIAN_POINT('',(3.408727571806,65.));
#982 = CARTESIAN_POINT('',(3.450283943479,65.));
#983 = CARTESIAN_POINT('',(3.574991112287,65.));
#984 = CARTESIAN_POINT('',(3.658165185196,65.));
#985 = CARTESIAN_POINT('',(3.741328745819,65.));
#986 = CARTESIAN_POINT('',(3.824479643249,65.));
#987 = CARTESIAN_POINT('',(3.907631168193,65.));
#988 = CARTESIAN_POINT('',(3.990796408801,65.));
#989 = CARTESIAN_POINT('',(4.073972499682,65.));
#990 = CARTESIAN_POINT('',(4.230374762711,65.));
#991 = CARTESIAN_POINT('',(4.303637276112,65.));
#992 = CARTESIAN_POINT('',(4.376894006754,65.));
#993 = CARTESIAN_POINT('',(4.450143539586,65.));
#994 = CARTESIAN_POINT('',(4.523392909305,65.));
#995 = CARTESIAN_POINT('',(4.596649185392,65.));
#996 = CARTESIAN_POINT('',(4.669911074886,65.));
#997 = CARTESIAN_POINT('',(4.812678540087,65.));
#998 = CARTESIAN_POINT('',(4.882206329867,65.));
#999 = CARTESIAN_POINT('',(4.95172986136,65.));
#1000 = CARTESIAN_POINT('',(5.02124806658,65.));
#1001 = CARTESIAN_POINT('',(5.090766377468,65.));
#1002 = CARTESIAN_POINT('',(5.160290233306,65.));
#1003 = CARTESIAN_POINT('',(5.229818578523,65.));
#1004 = CARTESIAN_POINT('',(5.422254519482,65.));
#1005 = CARTESIAN_POINT('',(5.545345656643,65.));
#1006 = CARTESIAN_POINT('',(5.668336830306,65.));
#1007 = CARTESIAN_POINT('',(5.791267149621,65.));
#1008 = CARTESIAN_POINT('',(5.914195084498,65.));
#1009 = CARTESIAN_POINT('',(6.037180180712,65.));
#1010 = CARTESIAN_POINT('',(6.160263068626,65.));
#1011 = CARTESIAN_POINT('',(6.28318530718,65.));
#1012 = ( GEOMETRIC_REPRESENTATION_CONTEXT(2) 
PARAMETRIC_REPRESENTATION_CONTEXT() REPRESENTATION_CONTEXT('2D SPACE',''
  ) );
#1013 = ADVANCED_FACE('',(#1014),#92,.F.);
#1014 = FACE_BOUND('',#1015,.F.);
#1015 = EDGE_LOOP('',(#1016,#1038,#1056,#1057,#1058));
#1016 = ORIENTED_EDGE('',*,*,#1017,.F.);
#1017 = EDGE_CURVE('',#1018,#1020,#1022,.T.);
#1018 = VERTEX_POINT('',#1019);
#1019 = CARTESIAN_POINT('',(-20.,135.87548833848,134.38989221983));
#1020 = VERTEX_POINT('',#1021);
#1021 = CARTESIAN_POINT('',(-20.,135.87548833848,139.29446248723));
#1022 = SURFACE_CURVE('',#1023,(#1026,#1032),.PCURVE_S1.);
#1023 = B_SPLINE_CURVE_WITH_KNOTS('',1,(#1024,#1025),.UNSPECIFIED.,.F.,
  .F.,(2,2),(0.,5.),.PIECEWISE_BEZIER_KNOTS.);
#1024 = CARTESIAN_POINT('',(-20.,135.87548833848,134.38989221983));
#1025 = CARTESIAN_POINT('',(-20.,135.87548833848,139.38989221983));
#1026 = PCURVE('',#92,#1027);
#1027 = DEFINITIONAL_REPRESENTATION('',(#1028),#1031);
#1028 = B_SPLINE_CURVE_WITH_KNOTS('',1,(#1029,#1030),.UNSPECIFIED.,.F.,
  .F.,(2,2),(0.,5.),.PIECEWISE_BEZIER_KNOTS.);
#1029 = CARTESIAN_POINT('',(0.,30.));
#1030 = CARTESIAN_POINT('',(5.,30.));
#1031 = ( GEOMETRIC_REPRESENTATION_CONTEXT(2) 
PARAMETRIC_REPRESENTATION_CONTEXT() REPRESENTATION_CONTEXT('2D SPACE',''
  ) );
#1032 = PCURVE('',#182,#1033);
#1033 = DEFINITIONAL_REPRESENTATION('',(#1034),#1037);
#1034 = B_SPLINE_CURVE_WITH_KNOTS('',1,(#1035,#1036),.UNSPECIFIED.,.F.,
  .F.,(2,2),(0.,5.),.PIECEWISE_BEZIER_KNOTS.);
#1035 = CARTESIAN_POINT('',(0.,-45.));
#1036 = CARTESIAN_POINT('',(5.,-45.));
#1037 = ( GEOMETRIC_REPRESENTATION_CONTEXT(2) 
PARAMETRIC_REPRESENTATION_CONTEXT() REPRESENTATION_CONTEXT('2D SPACE',''
  ) );
#1038 = ORIENTED_EDGE('',*,*,#1039,.F.);
#1039 = EDGE_CURVE('',#54,#1018,#1040,.T.);
#1040 = SURFACE_CURVE('',#1041,(#1044,#1050),.PCURVE_S1.);
#1041 = B_SPLINE_CURVE_WITH_KNOTS('',1,(#1042,#1043),.UNSPECIFIED.,.F.,
  .F.,(2,2),(0.,30.),.PIECEWISE_BEZIER_KNOTS.);
#1042 = CARTESIAN_POINT('',(-20.,165.87548833848,134.38989221983));
#1043 = CARTESIAN_POINT('',(-20.,135.87548833848,134.38989221983));
#1044 = PCURVE('',#92,#1045);
#1045 = DEFINITIONAL_REPRESENTATION('',(#1046),#1049);
#1046 = B_SPLINE_CURVE_WITH_KNOTS('',1,(#1047,#1048),.UNSPECIFIED.,.F.,
  .F.,(2,2),(0.,30.),.PIECEWISE_BEZIER_KNOTS.);
#1047 = CARTESIAN_POINT('',(0.,0.));
#1048 = CARTESIAN_POINT('',(0.,30.));
#1049 = ( GEOMETRIC_REPRESENTATION_CONTEXT(2) 
PARAMETRIC_REPRESENTATION_CONTEXT() REPRESENTATION_CONTEXT('2D SPACE',''
  ) );
#1050 = PCURVE('',#67,#1051);
#1051 = DEFINITIONAL_REPRESENTATION('',(#1052),#1055);
#1052 = B_SPLINE_CURVE_WITH_KNOTS('',1,(#1053,#1054),.UNSPECIFIED.,.F.,
  .F.,(2,2),(0.,30.),.PIECEWISE_BEZIER_KNOTS.);
#1053 = CARTESIAN_POINT('',(0.,45.));
#1054 = CARTESIAN_POINT('',(30.,45.));
#1055 = ( GEOMETRIC_REPRESENTATION_CONTEXT(2) 
PARAMETRIC_REPRESENTATION_CONTEXT() REPRESENTATION_CONTEXT('2D SPACE',''
  ) );
#1056 = ORIENTED_EDGE('',*,*,#78,.T.);
#1057 = ORIENTED_EDGE('',*,*,#196,.T.);
#1058 = ORIENTED_EDGE('',*,*,#1059,.T.);
#1059 = EDGE_CURVE('',#197,#1020,#1060,.T.);
#1060 = SURFACE_CURVE('',#1061,(#1067,#1076),.PCURVE_S1.);
#1061 = B_SPLINE_CURVE_WITH_KNOTS('',4,(#1062,#1063,#1064,#1065,#1066),
  .UNSPECIFIED.,.F.,.F.,(5,5),(0.,1.),.PIECEWISE_BEZIER_KNOTS.);
#1062 = CARTESIAN_POINT('',(-20.,138.34077105794,139.38989221983));
#1063 = CARTESIAN_POINT('',(-20.,137.72450482299,139.36468164606));
#1064 = CARTESIAN_POINT('',(-20.,137.10820143033,139.34037000671));
#1065 = CARTESIAN_POINT('',(-20.,136.49186222951,139.31696016962));
#1066 = CARTESIAN_POINT('',(-20.,135.87548833848,139.29446248723));
#1067 = PCURVE('',#92,#1068);
#1068 = DEFINITIONAL_REPRESENTATION('',(#1069),#1075);
#1069 = B_SPLINE_CURVE_WITH_KNOTS('',4,(#1070,#1071,#1072,#1073,#1074),
  .UNSPECIFIED.,.F.,.F.,(5,5),(0.,1.),.PIECEWISE_BEZIER_KNOTS.);
#1070 = CARTESIAN_POINT('',(5.,27.534717280537));
#1071 = CARTESIAN_POINT('',(4.974789426231,28.150983515492));
#1072 = CARTESIAN_POINT('',(4.950477786875,28.76728690815));
#1073 = CARTESIAN_POINT('',(4.927067949783,29.38362610897));
#1074 = CARTESIAN_POINT('',(4.904570267401,30.));
#1075 = ( GEOMETRIC_REPRESENTATION_CONTEXT(2) 
PARAMETRIC_REPRESENTATION_CONTEXT() REPRESENTATION_CONTEXT('2D SPACE',''
  ) );
#1076 = PCURVE('',#320,#1077);
#1077 = DEFINITIONAL_REPRESENTATION('',(#1078),#1084);
#1078 = B_SPLINE_CURVE_WITH_KNOTS('',4,(#1079,#1080,#1081,#1082,#1083),
  .UNSPECIFIED.,.F.,.F.,(5,5),(0.,1.),.PIECEWISE_BEZIER_KNOTS.);
#1079 = CARTESIAN_POINT('',(0.24403415486,74.75670936979));
#1080 = CARTESIAN_POINT('',(0.225669924006,75.372396518817));
#1081 = CARTESIAN_POINT('',(0.207292723191,75.988082505998));
#1082 = CARTESIAN_POINT('',(0.188886122863,76.603765863476));
#1083 = CARTESIAN_POINT('',(0.170432968624,77.219445036139));
#1084 = ( GEOMETRIC_REPRESENTATION_CONTEXT(2) 
PARAMETRIC_REPRESENTATION_CONTEXT() REPRESENTATION_CONTEXT('2D SPACE',''
  ) );
#1085 = ADVANCED_FACE('',(#1086,#1109,#1146,#1183,#1450),#67,.T.);
#1086 = FACE_BOUND('',#1087,.T.);
#1087 = EDGE_LOOP('',(#1088,#1089,#1090,#1108));
#1088 = ORIENTED_EDGE('',*,*,#53,.F.);
#1089 = ORIENTED_EDGE('',*,*,#129,.T.);
#1090 = ORIENTED_EDGE('',*,*,#1091,.T.);
#1091 = EDGE_CURVE('',#130,#1018,#1092,.T.);
#1092 = SURFACE_CURVE('',#1093,(#1096,#1102),.PCURVE_S1.);
#1093 = B_SPLINE_CURVE_WITH_KNOTS('',1,(#1094,#1095),.UNSPECIFIED.,.F.,
  .F.,(2,2),(0.,45.),.PIECEWISE_BEZIER_KNOTS.);
#1094 = CARTESIAN_POINT('',(25.,135.87548833848,134.38989221983));
#1095 = CARTESIAN_POINT('',(-20.,135.87548833848,134.38989221983));
#1096 = PCURVE('',#67,#1097);
#1097 = DEFINITIONAL_REPRESENTATION('',(#1098),#1101);
#1098 = B_SPLINE_CURVE_WITH_KNOTS('',1,(#1099,#1100),.UNSPECIFIED.,.F.,
  .F.,(2,2),(0.,45.),.PIECEWISE_BEZIER_KNOTS.);
#1099 = CARTESIAN_POINT('',(30.,0.));
#1100 = CARTESIAN_POINT('',(30.,45.));
#1101 = ( GEOMETRIC_REPRESENTATION_CONTEXT(2) 
PARAMETRIC_REPRESENTATION_CONTEXT() REPRESENTATION_CONTEXT('2D SPACE',''
  ) );
#1102 = PCURVE('',#182,#1103);
#1103 = DEFINITIONAL_REPRESENTATION('',(#1104),#1107);
#1104 = B_SPLINE_CURVE_WITH_KNOTS('',1,(#1105,#1106),.UNSPECIFIED.,.F.,
  .F.,(2,2),(0.,45.),.PIECEWISE_BEZIER_KNOTS.);
#1105 = CARTESIAN_POINT('',(0.,0.));
#1106 = CARTESIAN_POINT('',(0.,-45.));
#1107 = ( GEOMETRIC_REPRESENTATION_CONTEXT(2) 
PARAMETRIC_REPRESENTATION_CONTEXT() REPRESENTATION_CONTEXT('2D SPACE',''
  ) );
#1108 = ORIENTED_EDGE('',*,*,#1039,.F.);
#1109 = FACE_BOUND('',#1110,.T.);
#1110 = EDGE_LOOP('',(#1111));
#1111 = ORIENTED_EDGE('',*,*,#1112,.F.);
#1112 = EDGE_CURVE('',#1113,#1113,#1115,.T.);
#1113 = VERTEX_POINT('',#1114);
#1114 = CARTESIAN_POINT('',(15.,156.62548833848,134.38989221983));
#1115 = SURFACE_CURVE('',#1116,(#1124,#1135),.PCURVE_S1.);
#1116 = ( BOUNDED_CURVE() B_SPLINE_CURVE(2,(#1117,#1118,#1119,#1120,
#1121,#1122,#1123),.UNSPECIFIED.,.T.,.F.) B_SPLINE_CURVE_WITH_KNOTS((1,2
    ,2,2,2,1),(-2.094395102393,0.,2.094395102393,4.188790204786,
6.28318530718,8.377580409573),.UNSPECIFIED.) CURVE() 
GEOMETRIC_REPRESENTATION_ITEM() RATIONAL_B_SPLINE_CURVE((1.,0.5,1.,0.5,
1.,0.5,1.)) REPRESENTATION_ITEM('') );
#1117 = CARTESIAN_POINT('',(15.,156.62548833848,134.38989221983));
#1118 = CARTESIAN_POINT('',(11.10288568297,156.62548833848,
    134.38989221983));
#1119 = CARTESIAN_POINT('',(13.051442841485,160.00048833848,
    134.38989221983));
#1120 = CARTESIAN_POINT('',(15.,163.37548833848,134.38989221983));
#1121 = CARTESIAN_POINT('',(16.948557158515,160.00048833848,
    134.38989221983));
#1122 = CARTESIAN_POINT('',(18.89711431703,156.62548833848,
    134.38989221983));
#1123 = CARTESIAN_POINT('',(15.,156.62548833848,134.38989221983));
#1124 = PCURVE('',#67,#1125);
#1125 = DEFINITIONAL_REPRESENTATION('',(#1126),#1134);
#1126 = ( BOUNDED_CURVE() B_SPLINE_CURVE(2,(#1127,#1128,#1129,#1130,
#1131,#1132,#1133),.UNSPECIFIED.,.T.,.F.) B_SPLINE_CURVE_WITH_KNOTS((3,2
    ,2,3),(0.,2.094395102393,4.188790204786,6.28318530718),
.PIECEWISE_BEZIER_KNOTS.) CURVE() GEOMETRIC_REPRESENTATION_ITEM() 
RATIONAL_B_SPLINE_CURVE((1.,0.5,1.,0.5,1.,0.5,1.)) REPRESENTATION_ITEM(
  '') );
#1127 = CARTESIAN_POINT('',(9.25,10.));
#1128 = CARTESIAN_POINT('',(9.25,13.89711431703));
#1129 = CARTESIAN_POINT('',(5.875,11.948557158515));
#1130 = CARTESIAN_POINT('',(2.5,10.));
#1131 = CARTESIAN_POINT('',(5.875,8.051442841485));
#1132 = CARTESIAN_POINT('',(9.25,6.10288568297));
#1133 = CARTESIAN_POINT('',(9.25,10.));
#1134 = ( GEOMETRIC_REPRESENTATION_CONTEXT(2) 
PARAMETRIC_REPRESENTATION_CONTEXT() REPRESENTATION_CONTEXT('2D SPACE',''
  ) );
#1135 = PCURVE('',#392,#1136);
#1136 = DEFINITIONAL_REPRESENTATION('',(#1137),#1145);
#1137 = B_SPLINE_CURVE_WITH_KNOTS('',2,(#1138,#1139,#1140,#1141,#1142,
    #1143,#1144),.UNSPECIFIED.,.F.,.F.,(3,2,2,3),(0.,2.094395102393,
    4.188790204786,6.28318530718),.PIECEWISE_BEZIER_KNOTS.);
#1138 = CARTESIAN_POINT('',(0.,9.999999999999E-02));
#1139 = CARTESIAN_POINT('',(1.047197551197,9.999999999997E-02));
#1140 = CARTESIAN_POINT('',(2.094395102393,9.999999999999E-02));
#1141 = CARTESIAN_POINT('',(3.14159265359,0.1));
#1142 = CARTESIAN_POINT('',(4.188790204786,9.999999999999E-02));
#1143 = CARTESIAN_POINT('',(5.235987755983,0.1));
#1144 = CARTESIAN_POINT('',(6.28318530718,9.999999999999E-02));
#1145 = ( GEOMETRIC_REPRESENTATION_CONTEXT(2) 
PARAMETRIC_REPRESENTATION_CONTEXT() REPRESENTATION_CONTEXT('2D SPACE',''
  ) );
#1146 = FACE_BOUND('',#1147,.T.);
#1147 = EDGE_LOOP('',(#1148));
#1148 = ORIENTED_EDGE('',*,*,#1149,.F.);
#1149 = EDGE_CURVE('',#1150,#1150,#1152,.T.);
#1150 = VERTEX_POINT('',#1151);
#1151 = CARTESIAN_POINT('',(15.,140.62548833848,134.38989221983));
#1152 = SURFACE_CURVE('',#1153,(#1161,#1172),.PCURVE_S1.);
#1153 = ( BOUNDED_CURVE() B_SPLINE_CURVE(2,(#1154,#1155,#1156,#1157,
#1158,#1159,#1160),.UNSPECIFIED.,.T.,.F.) B_SPLINE_CURVE_WITH_KNOTS((1,2
    ,2,2,2,1),(-2.094395102393,0.,2.094395102393,4.188790204786,
6.28318530718,8.377580409573),.UNSPECIFIED.) CURVE() 
GEOMETRIC_REPRESENTATION_ITEM() RATIONAL_B_SPLINE_CURVE((1.,0.5,1.,0.5,
1.,0.5,1.)) REPRESENTATION_ITEM('') );
#1154 = CARTESIAN_POINT('',(15.,140.62548833848,134.38989221983));
#1155 = CARTESIAN_POINT('',(11.10288568297,140.62548833848,
    134.38989221983));
#1156 = CARTESIAN_POINT('',(13.051442841485,144.00048833848,
    134.38989221983));
#1157 = CARTESIAN_POINT('',(15.,147.37548833848,134.38989221983));
#1158 = CARTESIAN_POINT('',(16.948557158515,144.00048833848,
    134.38989221983));
#1159 = CARTESIAN_POINT('',(18.89711431703,140.62548833848,
    134.38989221983));
#1160 = CARTESIAN_POINT('',(15.,140.62548833848,134.38989221983));
#1161 = PCURVE('',#67,#1162);
#1162 = DEFINITIONAL_REPRESENTATION('',(#1163),#1171);
#1163 = ( BOUNDED_CURVE() B_SPLINE_CURVE(2,(#1164,#1165,#1166,#1167,
#1168,#1169,#1170),.UNSPECIFIED.,.T.,.F.) B_SPLINE_CURVE_WITH_KNOTS((3,2
    ,2,3),(0.,2.094395102393,4.188790204786,6.28318530718),
.PIECEWISE_BEZIER_KNOTS.) CURVE() GEOMETRIC_REPRESENTATION_ITEM() 
RATIONAL_B_SPLINE_CURVE((1.,0.5,1.,0.5,1.,0.5,1.)) REPRESENTATION_ITEM(
  '') );
#1164 = CARTESIAN_POINT('',(25.25,10.));
#1165 = CARTESIAN_POINT('',(25.25,13.89711431703));
#1166 = CARTESIAN_POINT('',(21.875,11.948557158515));
#1167 = CARTESIAN_POINT('',(18.5,10.));
#1168 = CARTESIAN_POINT('',(21.875,8.051442841485));
#1169 = CARTESIAN_POINT('',(25.25,6.10288568297));
#1170 = CARTESIAN_POINT('',(25.25,10.));
#1171 = ( GEOMETRIC_REPRESENTATION_CONTEXT(2) 
PARAMETRIC_REPRESENTATION_CONTEXT() REPRESENTATION_CONTEXT('2D SPACE',''
  ) );
#1172 = PCURVE('',#444,#1173);
#1173 = DEFINITIONAL_REPRESENTATION('',(#1174),#1182);
#1174 = B_SPLINE_CURVE_WITH_KNOTS('',2,(#1175,#1176,#1177,#1178,#1179,
    #1180,#1181),.UNSPECIFIED.,.F.,.F.,(3,2,2,3),(0.,2.094395102393,
    4.188790204786,6.28318530718),.PIECEWISE_BEZIER_KNOTS.);
#1175 = CARTESIAN_POINT('',(0.,9.999999999999E-02));
#1176 = CARTESIAN_POINT('',(1.047197551197,9.999999999997E-02));
#1177 = CARTESIAN_POINT('',(2.094395102393,9.999999999999E-02));
#1178 = CARTESIAN_POINT('',(3.14159265359,0.1));
#1179 = CARTESIAN_POINT('',(4.188790204786,9.999999999999E-02));
#1180 = CARTESIAN_POINT('',(5.235987755983,0.1));
#1181 = CARTESIAN_POINT('',(6.28318530718,9.999999999999E-02));
#1182 = ( GEOMETRIC_REPRESENTATION_CONTEXT(2) 
PARAMETRIC_REPRESENTATION_CONTEXT() REPRESENTATION_CONTEXT('2D SPACE',''
  ) );
#1183 = FACE_BOUND('',#1184,.T.);
#1184 = EDGE_LOOP('',(#1185,#1222));
#1185 = ORIENTED_EDGE('',*,*,#1186,.T.);
#1186 = EDGE_CURVE('',#1187,#1189,#1191,.T.);
#1187 = VERTEX_POINT('',#1188);
#1188 = CARTESIAN_POINT('',(4.7,158.87548833848,134.38989221983));
#1189 = VERTEX_POINT('',#1190);
#1190 = CARTESIAN_POINT('',(4.556464231829,159.55916888891,
    134.38989221983));
#1191 = SURFACE_CURVE('',#1192,(#1200,#1211),.PCURVE_S1.);
#1192 = B_SPLINE_CURVE_WITH_KNOTS('',6,(#1193,#1194,#1195,#1196,#1197,
    #1198,#1199),.UNSPECIFIED.,.F.,.F.,(7,7),(0.,1.),
  .PIECEWISE_BEZIER_KNOTS.);
#1193 = CARTESIAN_POINT('',(4.7,158.87548833848,134.38989221983));
#1194 = CARTESIAN_POINT('',(4.7,158.9927522581,134.38989221983));
#1195 = CARTESIAN_POINT('',(4.690293525711,159.11002349781,
    134.38989221983));
#1196 = CARTESIAN_POINT('',(4.670878380185,159.22628176843,
    134.38989221983));
#1197 = CARTESIAN_POINT('',(4.641899271049,159.34053224709,
    134.38989221983));
#1198 = CARTESIAN_POINT('',(4.603623722453,159.45180579324,
    134.38989221983));
#1199 = CARTESIAN_POINT('',(4.556464231829,159.55916888891,
    134.38989221983));
#1200 = PCURVE('',#67,#1201);
#1201 = DEFINITIONAL_REPRESENTATION('',(#1202),#1210);
#1202 = B_SPLINE_CURVE_WITH_KNOTS('',6,(#1203,#1204,#1205,#1206,#1207,
    #1208,#1209),.UNSPECIFIED.,.F.,.F.,(7,7),(0.,1.),
  .PIECEWISE_BEZIER_KNOTS.);
#1203 = CARTESIAN_POINT('',(7.,20.3));
#1204 = CARTESIAN_POINT('',(6.882736080378,20.3));
#1205 = CARTESIAN_POINT('',(6.765464840674,20.309706474289));
#1206 = CARTESIAN_POINT('',(6.649206570049,20.329121619815));
#1207 = CARTESIAN_POINT('',(6.53495609139,20.358100728951));
#1208 = CARTESIAN_POINT('',(6.423682545245,20.396376277547));
#1209 = CARTESIAN_POINT('',(6.31631944957,20.443535768171));
#1210 = ( GEOMETRIC_REPRESENTATION_CONTEXT(2) 
PARAMETRIC_REPRESENTATION_CONTEXT() REPRESENTATION_CONTEXT('2D SPACE',''
  ) );
#1211 = PCURVE('',#498,#1212);
#1212 = DEFINITIONAL_REPRESENTATION('',(#1213),#1221);
#1213 = B_SPLINE_CURVE_WITH_KNOTS('',6,(#1214,#1215,#1216,#1217,#1218,
    #1219,#1220),.UNSPECIFIED.,.F.,.F.,(7,7),(0.,1.),
  .PIECEWISE_BEZIER_KNOTS.);
#1214 = CARTESIAN_POINT('',(0.,60.));
#1215 = CARTESIAN_POINT('',(6.897877624848E-02,60.));
#1216 = CARTESIAN_POINT('',(0.137961815544,60.));
#1217 = CARTESIAN_POINT('',(0.206940015337,60.));
#1218 = CARTESIAN_POINT('',(0.275918280187,60.));
#1219 = CARTESIAN_POINT('',(0.344901469239,60.));
#1220 = CARTESIAN_POINT('',(0.413880308251,60.));
#1221 = ( GEOMETRIC_REPRESENTATION_CONTEXT(2) 
PARAMETRIC_REPRESENTATION_CONTEXT() REPRESENTATION_CONTEXT('2D SPACE',''
  ) );
#1222 = ORIENTED_EDGE('',*,*,#1223,.T.);
#1223 = EDGE_CURVE('',#1189,#1187,#1224,.T.);
#1224 = SURFACE_CURVE('',#1225,(#1298,#1374),.PCURVE_S1.);
#1225 = B_SPLINE_CURVE_WITH_KNOTS('',8,(#1226,#1227,#1228,#1229,#1230,
    #1231,#1232,#1233,#1234,#1235,#1236,#1237,#1238,#1239,#1240,#1241,
    #1242,#1243,#1244,#1245,#1246,#1247,#1248,#1249,#1250,#1251,#1252,
    #1253,#1254,#1255,#1256,#1257,#1258,#1259,#1260,#1261,#1262,#1263,
    #1264,#1265,#1266,#1267,#1268,#1269,#1270,#1271,#1272,#1273,#1274,
    #1275,#1276,#1277,#1278,#1279,#1280,#1281,#1282,#1283,#1284,#1285,
    #1286,#1287,#1288,#1289,#1290,#1291,#1292,#1293,#1294,#1295,#1296,
    #1297),.UNSPECIFIED.,.F.,.F.,(9,7,7,7,7,7,7,7,7,7,9),(0.,
    9.9016939493E-02,0.199630860659,0.298198043366,0.397699566307,
    0.468636780769,0.533204873981,0.636255612757,0.739245739864,
    0.833485437554,1.),.UNSPECIFIED.);
#1226 = CARTESIAN_POINT('',(4.556464231829,159.55916888891,
    134.38989221983));
#1227 = CARTESIAN_POINT('',(4.506805669905,159.67222135968,
    134.38989221983));
#1228 = CARTESIAN_POINT('',(4.447754365299,159.78117017899,
    134.38989221983));
#1229 = CARTESIAN_POINT('',(4.379716871134,159.88507606821,
    134.38989221983));
#1230 = CARTESIAN_POINT('',(4.303204829007,159.98307950702,
    134.38989221983));
#1231 = CARTESIAN_POINT('',(4.218818427466,160.07439138217,
    134.38989221983));
#1232 = CARTESIAN_POINT('',(4.127239464254,160.15829170811,
    134.38989221983));
#1233 = CARTESIAN_POINT('',(4.029234012358,160.23413641915,
    134.38989221983));
#1234 = CARTESIAN_POINT('',(3.820424963098,160.36969245179,
    134.38989221983));
#1235 = CARTESIAN_POINT('',(3.709403458572,160.42914784858,
    134.38989221983));
#1236 = CARTESIAN_POINT('',(3.59349925066,160.47914738767,
    134.38989221983));
#1237 = CARTESIAN_POINT('',(3.473657782664,160.5192339032,
    134.38989221983));
#1238 = CARTESIAN_POINT('',(3.350861505058,160.54906520255,
    134.38989221983));
#1239 = CARTESIAN_POINT('',(3.226124306085,160.56840843189,
    134.38989221983));
#1240 = CARTESIAN_POINT('',(3.100489734665,160.57714770427,
    134.38989221983));
#1241 = CARTESIAN_POINT('',(2.852128399594,160.57349976167,
    134.38989221983));
#1242 = CARTESIAN_POINT('',(2.729351340473,160.56153808326,
    134.38989221983));
#1243 = CARTESIAN_POINT('',(2.607712362663,160.53942886271,
    134.38989221983));
#1244 = CARTESIAN_POINT('',(2.488189698023,160.5073070787,
    134.38989221983));
#1245 = CARTESIAN_POINT('',(2.371731292075,160.46541489468,
    134.38989221983));
#1246 = CARTESIAN_POINT('',(2.259253393225,160.41409468482,
    134.38989221983));
#1247 = CARTESIAN_POINT('',(2.151635725004,160.3537939721,
    134.38989221983));
#1248 = CARTESIAN_POINT('',(1.946824611772,160.21571925187,
    134.38989221983));
#1249 = CARTESIAN_POINT('',(1.849704509662,160.13776134516,
    134.38989221983));
#1250 = CARTESIAN_POINT('',(1.759218736679,160.05178526874,
    134.38989221983));
#1251 = CARTESIAN_POINT('',(1.676132824506,159.9584585777,
    134.38989221983));
#1252 = CARTESIAN_POINT('',(1.601124956043,159.85852462445,
    134.38989221983));
#1253 = CARTESIAN_POINT('',(1.534788846047,159.75279562716,
    134.38989221983));
#1254 = CARTESIAN_POINT('',(1.477626581208,159.64215385408,
    134.38989221983));
#1255 = CARTESIAN_POINT('',(1.396099595446,159.44586465414,
    134.38989221983));
#1256 = CARTESIAN_POINT('',(1.367024794811,159.36214677978,
    134.38989221983));
#1257 = CARTESIAN_POINT('',(1.342950025232,159.27674954351,
    134.38989221983));
#1258 = CARTESIAN_POINT('',(1.323986343978,159.19002233982,
    134.38989221983));
#1259 = CARTESIAN_POINT('',(1.310215328278,159.10232067222,
    134.38989221983));
#1260 = CARTESIAN_POINT('',(1.301689830089,159.01400543075,
    134.38989221983));
#1261 = CARTESIAN_POINT('',(1.298433015418,158.92544248968,
    134.38989221983));
#1262 = CARTESIAN_POINT('',(1.302258550364,158.7565033641,
    134.38989221983));
#1263 = CARTESIAN_POINT('',(1.308439185097,158.67610038654,
    134.38989221983));
#1264 = CARTESIAN_POINT('',(1.318971062558,158.59607228086,
    134.38989221983));
#1265 = CARTESIAN_POINT('',(1.333827036106,158.51669404747,
    134.38989221983));
#1266 = CARTESIAN_POINT('',(1.352959436645,158.43823668893,
    134.38989221983));
#1267 = CARTESIAN_POINT('',(1.376300166975,158.36096679962,
    134.38989221983));
#1268 = CARTESIAN_POINT('',(1.40376079613,158.28514615534,
    134.38989221983));
#1269 = CARTESIAN_POINT('',(1.485461768672,158.09274392742,
    134.38989221983));
#1270 = CARTESIAN_POINT('',(1.545919844959,157.97877335219,
    134.38989221983));
#1271 = CARTESIAN_POINT('',(1.616161172516,157.87018698809,
    134.38989221983));
#1272 = CARTESIAN_POINT('',(1.695615212967,157.76795817554,
    134.38989221983));
#1273 = CARTESIAN_POINT('',(1.783607489659,157.67297804813,
    134.38989221983));
#1274 = CARTESIAN_POINT('',(1.879368317678,157.58605719054,
    134.38989221983));
#1275 = CARTESIAN_POINT('',(1.982029373871,157.50791709084,
    134.38989221983));
#1276 = CARTESIAN_POINT('',(2.199122976768,157.37046611782,
    134.38989221983));
#1277 = CARTESIAN_POINT('',(2.313591446859,157.31111703776,
    134.38989221983));
#1278 = CARTESIAN_POINT('',(2.433040861215,157.26174831362,
    134.38989221983));
#1279 = CARTESIAN_POINT('',(2.55644982627,157.22283551853,
    134.38989221983));
#1280 = CARTESIAN_POINT('',(2.682758447366,157.19472748453,
    134.38989221983));
#1281 = CARTESIAN_POINT('',(2.810874526238,157.17765283841,
    134.38989221983));
#1282 = CARTESIAN_POINT('',(2.939675719432,157.17171122094,
    134.38989221983));
#1283 = CARTESIAN_POINT('',(3.185436030627,157.18155061685,
    134.38989221983));
#1284 = CARTESIAN_POINT('',(3.3025096717,157.19553038323,134.38989221983
    ));
#1285 = CARTESIAN_POINT('',(3.418348544973,157.21875762264,
    134.38989221983));
#1286 = CARTESIAN_POINT('',(3.532100921997,157.25109789154,
    134.38989221983));
#1287 = CARTESIAN_POINT('',(3.642941585713,157.29232742868,
    134.38989221983));
#1288 = CARTESIAN_POINT('',(3.750072905948,157.34213847579,
    134.38989221983));
#1289 = CARTESIAN_POINT('',(3.852728786457,157.40013565915,
    134.38989221983));
#1290 = CARTESIAN_POINT('',(4.12237317773,157.58188885918,
    134.38989221983));
#1291 = CARTESIAN_POINT('',(4.278600065133,157.72215307475,
    134.38989221983));
#1292 = CARTESIAN_POINT('',(4.414491309904,157.88383705139,
    134.38989221983));
#1293 = CARTESIAN_POINT('',(4.526788743862,158.06338153515,
    134.38989221983));
#1294 = CARTESIAN_POINT('',(4.61289737078,158.25685088022,
    134.38989221983));
#1295 = CARTESIAN_POINT('',(4.67100858037,158.45989387611,
    134.38989221983));
#1296 = CARTESIAN_POINT('',(4.7,158.66782388063,134.38989221983));
#1297 = CARTESIAN_POINT('',(4.7,158.87548833848,134.38989221983));
#1298 = PCURVE('',#67,#1299);
#1299 = DEFINITIONAL_REPRESENTATION('',(#1300),#1373);
#1300 = B_SPLINE_CURVE_WITH_KNOTS('',8,(#1301,#1302,#1303,#1304,#1305,
    #1306,#1307,#1308,#1309,#1310,#1311,#1312,#1313,#1314,#1315,#1316,
    #1317,#1318,#1319,#1320,#1321,#1322,#1323,#1324,#1325,#1326,#1327,
    #1328,#1329,#1330,#1331,#1332,#1333,#1334,#1335,#1336,#1337,#1338,
    #1339,#1340,#1341,#1342,#1343,#1344,#1345,#1346,#1347,#1348,#1349,
    #1350,#1351,#1352,#1353,#1354,#1355,#1356,#1357,#1358,#1359,#1360,
    #1361,#1362,#1363,#1364,#1365,#1366,#1367,#1368,#1369,#1370,#1371,
    #1372),.UNSPECIFIED.,.F.,.F.,(9,7,7,7,7,7,7,7,7,7,9),(0.,
    9.9016939493E-02,0.199630860659,0.298198043366,0.397699566307,
    0.468636780769,0.533204873981,0.636255612757,0.739245739864,
    0.833485437554,1.),.UNSPECIFIED.);
#1301 = CARTESIAN_POINT('',(6.31631944957,20.443535768171));
#1302 = CARTESIAN_POINT('',(6.203266978806,20.493194330095));
#1303 = CARTESIAN_POINT('',(6.09431815949,20.552245634701));
#1304 = CARTESIAN_POINT('',(5.990412270266,20.620283128866));
#1305 = CARTESIAN_POINT('',(5.892408831465,20.696795170993));
#1306 = CARTESIAN_POINT('',(5.801096956307,20.781181572534));
#1307 = CARTESIAN_POINT('',(5.717196630369,20.872760535746));
#1308 = CARTESIAN_POINT('',(5.641351919331,20.970765987642));
#1309 = CARTESIAN_POINT('',(5.505795886689,21.179575036902));
#1310 = CARTESIAN_POINT('',(5.446340489906,21.290596541428));
#1311 = CARTESIAN_POINT('',(5.396340950812,21.40650074934));
#1312 = CARTESIAN_POINT('',(5.35625443528,21.526342217336));
#1313 = CARTESIAN_POINT('',(5.32642313593,21.649138494942));
#1314 = CARTESIAN_POINT('',(5.30707990659,21.773875693915));
#1315 = CARTESIAN_POINT('',(5.298340634212,21.899510265335));
#1316 = CARTESIAN_POINT('',(5.30198857681,22.147871600406));
#1317 = CARTESIAN_POINT('',(5.313950255218,22.270648659527));
#1318 = CARTESIAN_POINT('',(5.336059475767,22.392287637337));
#1319 = CARTESIAN_POINT('',(5.368181259777,22.511810301977));
#1320 = CARTESIAN_POINT('',(5.410073443798,22.628268707925));
#1321 = CARTESIAN_POINT('',(5.461393653666,22.740746606775));
#1322 = CARTESIAN_POINT('',(5.521694366378,22.848364274996));
#1323 = CARTESIAN_POINT('',(5.659769086607,23.053175388228));
#1324 = CARTESIAN_POINT('',(5.737726993323,23.150295490338));
#1325 = CARTESIAN_POINT('',(5.823703069742,23.240781263321));
#1326 = CARTESIAN_POINT('',(5.917029760782,23.323867175494));
#1327 = CARTESIAN_POINT('',(6.016963714028,23.398875043957));
#1328 = CARTESIAN_POINT('',(6.122692711324,23.465211153953));
#1329 = CARTESIAN_POINT('',(6.233334484404,23.522373418792));
#1330 = CARTESIAN_POINT('',(6.429623684345,23.603900404554));
#1331 = CARTESIAN_POINT('',(6.513341558698,23.632975205189));
#1332 = CARTESIAN_POINT('',(6.598738794968,23.657049974768));
#1333 = CARTESIAN_POINT('',(6.685465998661,23.676013656022));
#1334 = CARTESIAN_POINT('',(6.773167666257,23.689784671722));
#1335 = CARTESIAN_POINT('',(6.861482907735,23.698310169911));
#1336 = CARTESIAN_POINT('',(6.950045848798,23.701566984582));
#1337 = CARTESIAN_POINT('',(7.118984974383,23.697741449636));
#1338 = CARTESIAN_POINT('',(7.199387951943,23.691560814903));
#1339 = CARTESIAN_POINT('',(7.279416057618,23.681028937442));
#1340 = CARTESIAN_POINT('',(7.358794291009,23.666172963894));
#1341 = CARTESIAN_POINT('',(7.437251649546,23.647040563355));
#1342 = CARTESIAN_POINT('',(7.514521538858,23.623699833025));
#1343 = CARTESIAN_POINT('',(7.590342183137,23.59623920387));
#1344 = CARTESIAN_POINT('',(7.782744411063,23.514538231328));
#1345 = CARTESIAN_POINT('',(7.896714986295,23.454080155041));
#1346 = CARTESIAN_POINT('',(8.005301350394,23.383838827484));
#1347 = CARTESIAN_POINT('',(8.107530162942,23.304384787033));
#1348 = CARTESIAN_POINT('',(8.202510290351,23.216392510341));
#1349 = CARTESIAN_POINT('',(8.28943114794,23.120631682322));
#1350 = CARTESIAN_POINT('',(8.36757124764,23.017970626129));
#1351 = CARTESIAN_POINT('',(8.505022220661,22.800877023232));
#1352 = CARTESIAN_POINT('',(8.56437130072,22.686408553141));
#1353 = CARTESIAN_POINT('',(8.613740024859,22.566959138785));
#1354 = CARTESIAN_POINT('',(8.652652819949,22.44355017373));
#1355 = CARTESIAN_POINT('',(8.680760853947,22.317241552634));
#1356 = CARTESIAN_POINT('',(8.697835500067,22.189125473762));
#1357 = CARTESIAN_POINT('',(8.703777117541,22.060324280568));
#1358 = CARTESIAN_POINT('',(8.693937721626,21.814563969373));
#1359 = CARTESIAN_POINT('',(8.679957955247,21.6974903283));
#1360 = CARTESIAN_POINT('',(8.656730715844,21.581651455027));
#1361 = CARTESIAN_POINT('',(8.624390446943,21.467899078003));
#1362 = CARTESIAN_POINT('',(8.583160909798,21.357058414287));
#1363 = CARTESIAN_POINT('',(8.533349862689,21.249927094052));
#1364 = CARTESIAN_POINT('',(8.475352679334,21.147271213543));
#1365 = CARTESIAN_POINT('',(8.2935994793,20.87762682227));
#1366 = CARTESIAN_POINT('',(8.153335263731,20.721399934867));
#1367 = CARTESIAN_POINT('',(7.991651287088,20.585508690096));
#1368 = CARTESIAN_POINT('',(7.81210680333,20.473211256138));
#1369 = CARTESIAN_POINT('',(7.618637458263,20.38710262922));
#1370 = CARTESIAN_POINT('',(7.415594462371,20.32899141963));
#1371 = CARTESIAN_POINT('',(7.207664457848,20.3));
#1372 = CARTESIAN_POINT('',(7.,20.3));
#1373 = ( GEOMETRIC_REPRESENTATION_CONTEXT(2) 
PARAMETRIC_REPRESENTATION_CONTEXT() REPRESENTATION_CONTEXT('2D SPACE',''
  ) );
#1374 = PCURVE('',#498,#1375);
#1375 = DEFINITIONAL_REPRESENTATION('',(#1376),#1449);
#1376 = B_SPLINE_CURVE_WITH_KNOTS('',8,(#1377,#1378,#1379,#1380,#1381,
    #1382,#1383,#1384,#1385,#1386,#1387,#1388,#1389,#1390,#1391,#1392,
    #1393,#1394,#1395,#1396,#1397,#1398,#1399,#1400,#1401,#1402,#1403,
    #1404,#1405,#1406,#1407,#1408,#1409,#1410,#1411,#1412,#1413,#1414,
    #1415,#1416,#1417,#1418,#1419,#1420,#1421,#1422,#1423,#1424,#1425,
    #1426,#1427,#1428,#1429,#1430,#1431,#1432,#1433,#1434,#1435,#1436,
    #1437,#1438,#1439,#1440,#1441,#1442,#1443,#1444,#1445,#1446,#1447,
    #1448),.UNSPECIFIED.,.F.,.F.,(9,7,7,7,7,7,7,7,7,7,9),(0.,
    9.9016939493E-02,0.199630860659,0.298198043366,0.397699566307,
    0.468636780769,0.533204873981,0.636255612757,0.739245739864,
    0.833485437554,1.),.UNSPECIFIED.);
#1377 = CARTESIAN_POINT('',(0.413880308251,60.));
#1378 = CARTESIAN_POINT('',(0.486514467425,60.));
#1379 = CARTESIAN_POINT('',(0.559160315528,60.));
#1380 = CARTESIAN_POINT('',(0.631800807294,60.));
#1381 = CARTESIAN_POINT('',(0.704434836566,60.));
#1382 = CARTESIAN_POINT('',(0.777069240405,60.));
#1383 = CARTESIAN_POINT('',(0.849710761711,60.));
#1384 = CARTESIAN_POINT('',(0.922357970341,60.));
#1385 = CARTESIAN_POINT('',(1.068799801959,60.));
#1386 = CARTESIAN_POINT('',(1.142619435609,60.));
#1387 = CARTESIAN_POINT('',(1.216433061701,60.));
#1388 = CARTESIAN_POINT('',(1.290239213634,60.));
#1389 = CARTESIAN_POINT('',(1.364045192241,60.));
#1390 = CARTESIAN_POINT('',(1.437858332659,60.));
#1391 = CARTESIAN_POINT('',(1.511677286059,60.));
#1392 = CARTESIAN_POINT('',(1.657787947353,60.));
#1393 = CARTESIAN_POINT('',(1.730105066991,60.));
#1394 = CARTESIAN_POINT('',(1.802417311481,60.));
#1395 = CARTESIAN_POINT('',(1.874723150159,60.));
#1396 = CARTESIAN_POINT('',(1.947029094624,60.));
#1397 = CARTESIAN_POINT('',(2.019341783229,60.));
#1398 = CARTESIAN_POINT('',(2.091659940766,60.));
#1399 = CARTESIAN_POINT('',(2.236957893168,60.));
#1400 = CARTESIAN_POINT('',(2.309961877221,60.));
#1401 = CARTESIAN_POINT('',(2.382960015367,60.));
#1402 = CARTESIAN_POINT('',(2.45595084851,60.));
#1403 = CARTESIAN_POINT('',(2.52894128939,60.));
#1404 = CARTESIAN_POINT('',(2.601938347068,60.));
#1405 = CARTESIAN_POINT('',(2.674940895082,60.));
#1406 = CARTESIAN_POINT('',(2.79996836531,60.));
#1407 = CARTESIAN_POINT('',(2.852007549561,60.));
#1408 = CARTESIAN_POINT('',(2.904045676335,60.));
#1409 = CARTESIAN_POINT('',(2.956082488828,60.));
#1410 = CARTESIAN_POINT('',(3.008119282461,60.));
#1411 = CARTESIAN_POINT('',(3.060157354876,60.));
#1412 = CARTESIAN_POINT('',(3.112196456601,60.));
#1413 = CARTESIAN_POINT('',(3.211597888141,60.));
#1414 = CARTESIAN_POINT('',(3.258963953928,60.));
#1415 = CARTESIAN_POINT('',(3.306329417235,60.));
#1416 = CARTESIAN_POINT('',(3.35369411608,60.));
#1417 = CARTESIAN_POINT('',(3.401058821652,60.));
#1418 = CARTESIAN_POINT('',(3.448424310968,60.));
#1419 = CARTESIAN_POINT('',(3.495790439522,60.));
#1420 = CARTESIAN_POINT('',(3.618749439392,60.));
#1421 = CARTESIAN_POINT('',(3.694357865308,60.));
#1422 = CARTESIAN_POINT('',(3.769959751612,60.));
#1423 = CARTESIAN_POINT('',(3.845553754719,60.));
#1424 = CARTESIAN_POINT('',(3.921148197438,60.));
#1425 = CARTESIAN_POINT('',(3.996751283388,60.));
#1426 = CARTESIAN_POINT('',(4.072361255955,60.));
#1427 = CARTESIAN_POINT('',(4.22350728448,60.));
#1428 = CARTESIAN_POINT('',(4.29907255864,60.));
#1429 = CARTESIAN_POINT('',(4.374631116909,60.));
#1430 = CARTESIAN_POINT('',(4.4501813633,60.));
#1431 = CARTESIAN_POINT('',(4.525731492364,60.));
#1432 = CARTESIAN_POINT('',(4.601289683408,60.));
#1433 = CARTESIAN_POINT('',(4.676854309723,60.));
#1434 = CARTESIAN_POINT('',(4.821535015652,60.));
#1435 = CARTESIAN_POINT('',(4.890675538565,60.));
#1436 = CARTESIAN_POINT('',(4.959811974216,60.));
#1437 = CARTESIAN_POINT('',(5.028943230489,60.));
#1438 = CARTESIAN_POINT('',(5.098074568479,60.));
#1439 = CARTESIAN_POINT('',(5.167211281706,60.));
#1440 = CARTESIAN_POINT('',(5.236352366573,60.));
#1441 = CARTESIAN_POINT('',(5.427634982778,60.));
#1442 = CARTESIAN_POINT('',(5.549954295406,60.));
#1443 = CARTESIAN_POINT('',(5.67217700487,60.));
#1444 = CARTESIAN_POINT('',(5.794340383066,60.));
#1445 = CARTESIAN_POINT('',(5.916501467539,60.));
#1446 = CARTESIAN_POINT('',(6.038718338774,60.));
#1447 = CARTESIAN_POINT('',(6.16102974374,60.));
#1448 = CARTESIAN_POINT('',(6.28318530718,60.));
#1449 = ( GEOMETRIC_REPRESENTATION_CONTEXT(2) 
PARAMETRIC_REPRESENTATION_CONTEXT() REPRESENTATION_CONTEXT('2D SPACE',''
  ) );
#1450 = FACE_BOUND('',#1451,.T.);
#1451 = EDGE_LOOP('',(#1452,#1489));
#1452 = ORIENTED_EDGE('',*,*,#1453,.T.);
#1453 = EDGE_CURVE('',#1454,#1456,#1458,.T.);
#1454 = VERTEX_POINT('',#1455);
#1455 = CARTESIAN_POINT('',(4.7,142.87548833848,134.38989221983));
#1456 = VERTEX_POINT('',#1457);
#1457 = CARTESIAN_POINT('',(4.404308757002,143.83356814466,
    134.38989221983));
#1458 = SURFACE_CURVE('',#1459,(#1467,#1478),.PCURVE_S1.);
#1459 = B_SPLINE_CURVE_WITH_KNOTS('',6,(#1460,#1461,#1462,#1463,#1464,
    #1465,#1466),.UNSPECIFIED.,.F.,.F.,(7,7),(0.,1.),
  .PIECEWISE_BEZIER_KNOTS.);
#1460 = CARTESIAN_POINT('',(4.7,142.87548833848,134.38989221983));
#1461 = CARTESIAN_POINT('',(4.7,143.04511010691,134.38989221983));
#1462 = CARTESIAN_POINT('',(4.679690525891,143.21477670236,
    134.38989221983));
#1463 = CARTESIAN_POINT('',(4.639052810389,143.38134657443,
    134.38989221983));
#1464 = CARTESIAN_POINT('',(4.578747554488,143.54184696062,
    134.38989221983));
#1465 = CARTESIAN_POINT('',(4.499903722154,143.69344949711,
    134.38989221983));
#1466 = CARTESIAN_POINT('',(4.404308757002,143.83356814466,
    134.38989221983));
#1467 = PCURVE('',#67,#1468);
#1468 = DEFINITIONAL_REPRESENTATION('',(#1469),#1477);
#1469 = B_SPLINE_CURVE_WITH_KNOTS('',6,(#1470,#1471,#1472,#1473,#1474,
    #1475,#1476),.UNSPECIFIED.,.F.,.F.,(7,7),(0.,1.),
  .PIECEWISE_BEZIER_KNOTS.);
#1470 = CARTESIAN_POINT('',(23.,20.3));
#1471 = CARTESIAN_POINT('',(22.83037823157,20.3));
#1472 = CARTESIAN_POINT('',(22.660711636119,20.320309474109));
#1473 = CARTESIAN_POINT('',(22.494141764052,20.360947189611));
#1474 = CARTESIAN_POINT('',(22.333641377856,20.421252445512));
#1475 = CARTESIAN_POINT('',(22.182038841373,20.500096277846));
#1476 = CARTESIAN_POINT('',(22.041920193821,20.595691242998));
#1477 = ( GEOMETRIC_REPRESENTATION_CONTEXT(2) 
PARAMETRIC_REPRESENTATION_CONTEXT() REPRESENTATION_CONTEXT('2D SPACE',''
  ) );
#1478 = PCURVE('',#770,#1479);
#1479 = DEFINITIONAL_REPRESENTATION('',(#1480),#1488);
#1480 = B_SPLINE_CURVE_WITH_KNOTS('',6,(#1481,#1482,#1483,#1484,#1485,
    #1486,#1487),.UNSPECIFIED.,.F.,.F.,(7,7),(0.,1.),
  .PIECEWISE_BEZIER_KNOTS.);
#1481 = CARTESIAN_POINT('',(0.,60.));
#1482 = CARTESIAN_POINT('',(9.977751084106E-02,60.));
#1483 = CARTESIAN_POINT('',(0.199580844183,60.));
#1484 = CARTESIAN_POINT('',(0.299353833089,60.));
#1485 = CARTESIAN_POINT('',(0.399127079108,60.));
#1486 = CARTESIAN_POINT('',(0.49893116841,60.));
#1487 = CARTESIAN_POINT('',(0.598708832583,60.));
#1488 = ( GEOMETRIC_REPRESENTATION_CONTEXT(2) 
PARAMETRIC_REPRESENTATION_CONTEXT() REPRESENTATION_CONTEXT('2D SPACE',''
  ) );
#1489 = ORIENTED_EDGE('',*,*,#1490,.T.);
#1490 = EDGE_CURVE('',#1456,#1454,#1491,.T.);
#1491 = SURFACE_CURVE('',#1492,(#1565,#1641),.PCURVE_S1.);
#1492 = B_SPLINE_CURVE_WITH_KNOTS('',8,(#1493,#1494,#1495,#1496,#1497,
    #1498,#1499,#1500,#1501,#1502,#1503,#1504,#1505,#1506,#1507,#1508,
    #1509,#1510,#1511,#1512,#1513,#1514,#1515,#1516,#1517,#1518,#1519,
    #1520,#1521,#1522,#1523,#1524,#1525,#1526,#1527,#1528,#1529,#1530,
    #1531,#1532,#1533,#1534,#1535,#1536,#1537,#1538,#1539,#1540,#1541,
    #1542,#1543,#1544,#1545,#1546,#1547,#1548,#1549,#1550,#1551,#1552,
    #1553,#1554,#1555,#1556,#1557,#1558,#1559,#1560,#1561,#1562,#1563,
    #1564),.UNSPECIFIED.,.F.,.F.,(9,7,7,7,7,7,7,7,7,7,9),(0.,
    9.750965906318E-02,0.186213615289,0.318896377048,0.384952908078,
    0.450501400827,0.508993728308,0.62603472575,0.729137785692,
    0.82698857453,1.),.UNSPECIFIED.);
#1493 = CARTESIAN_POINT('',(4.404308757002,143.83356814466,
    134.38989221983));
#1494 = CARTESIAN_POINT('',(4.337936072087,143.93085413488,
    134.38989221983));
#1495 = CARTESIAN_POINT('',(4.26385203034,144.02289812683,
    134.38989221983));
#1496 = CARTESIAN_POINT('',(4.182552003878,144.10896674124,
    134.38989221983));
#1497 = CARTESIAN_POINT('',(4.094604707281,144.18840547883,
    134.38989221983));
#1498 = CARTESIAN_POINT('',(4.000641203314,144.26062971387,
    134.38989221983));
#1499 = CARTESIAN_POINT('',(3.901350004341,144.32512299989,
    134.38989221983));
#1500 = CARTESIAN_POINT('',(3.797478269436,144.38144268746,
    134.38989221983));
#1501 = CARTESIAN_POINT('',(3.591920383114,144.47270728424,
    134.38989221983));
#1502 = CARTESIAN_POINT('',(3.490861028798,144.50913336683,
    134.38989221983));
#1503 = CARTESIAN_POINT('',(3.387266806957,144.53823945211,
    134.38989221983));
#1504 = CARTESIAN_POINT('',(3.281758594435,144.55982501502,
    134.38989221983));
#1505 = CARTESIAN_POINT('',(3.174969510343,144.57375285717,
    134.38989221983));
#1506 = CARTESIAN_POINT('',(3.067542923667,144.57994669955,
    134.38989221983));
#1507 = CARTESIAN_POINT('',(2.960131330352,144.57839416614,
    134.38989221983));
#1508 = CARTESIAN_POINT('',(2.6937422832,144.55533551445,134.38989221983
    ));
#1509 = CARTESIAN_POINT('',(2.535502242727,144.52430930661,
    134.38989221983));
#1510 = CARTESIAN_POINT('',(2.380954634771,144.47624713042,
    134.38989221983));
#1511 = CARTESIAN_POINT('',(2.232231343161,144.41169796241,
    134.38989221983));
#1512 = CARTESIAN_POINT('',(2.091329218525,144.33149806674,
    134.38989221983));
#1513 = CARTESIAN_POINT('',(1.960116511393,144.23674217453,
    134.38989221983));
#1514 = CARTESIAN_POINT('',(1.840313177395,144.12880651823,
    134.38989221983));
#1515 = CARTESIAN_POINT('',(1.680209234994,143.94997301518,
    134.38989221983));
#1516 = CARTESIAN_POINT('',(1.630181003499,143.88767686433,
    134.38989221983));
#1517 = CARTESIAN_POINT('',(1.583520101944,143.82272691158,
    134.38989221983));
#1518 = CARTESIAN_POINT('',(1.540390254514,143.75533628967,
    134.38989221983));
#1519 = CARTESIAN_POINT('',(1.500938140359,143.68572885961,
    134.38989221983));
#1520 = CARTESIAN_POINT('',(1.465293187952,143.61413886694,
    134.38989221983));
#1521 = CARTESIAN_POINT('',(1.43356736945,143.54081059802,
    134.38989221983));
#1522 = CARTESIAN_POINT('',(1.378355755483,143.39176085515,
    134.38989221983));
#1523 = CARTESIAN_POINT('',(1.354806982685,143.31605813161,
    134.38989221983));
#1524 = CARTESIAN_POINT('',(1.335300388807,143.23913812063,
    134.38989221983));
#1525 = CARTESIAN_POINT('',(1.319908596185,143.16125313161,
    134.38989221983));
#1526 = CARTESIAN_POINT('',(1.308685057977,143.08265915332,
    134.38989221983));
#1527 = CARTESIAN_POINT('',(1.301663978803,143.00361547881,
    134.38989221983));
#1528 = CARTESIAN_POINT('',(1.298860235375,142.92438433033,
    134.38989221983));
#1529 = CARTESIAN_POINT('',(1.301526676194,142.77459739272,
    134.38989221983));
#1530 = CARTESIAN_POINT('',(1.306138684318,142.70402251789,
    134.38989221983));
#1531 = CARTESIAN_POINT('',(1.314101911225,142.63369367294,
    134.38989221983));
#1532 = CARTESIAN_POINT('',(1.325400662899,142.56379674603,
    134.38989221983));
#1533 = CARTESIAN_POINT('',(1.340007020795,142.4945155044,
    134.38989221983));
#1534 = CARTESIAN_POINT('',(1.357880901041,142.42603139843,
    134.38989221983));
#1535 = CARTESIAN_POINT('',(1.378970113631,142.35852336582,
    134.38989221983));
#1536 = CARTESIAN_POINT('',(1.451714386993,142.15939225832,
    134.38989221983));
#1537 = CARTESIAN_POINT('',(1.512849724414,142.03118923624,
    134.38989221983));
#1538 = CARTESIAN_POINT('',(1.586095802717,141.90901886447,
    134.38989221983));
#1539 = CARTESIAN_POINT('',(1.670740456952,141.79420551702,
    134.38989221983));
#1540 = CARTESIAN_POINT('',(1.765916843458,141.68795781723,
    134.38989221983));
#1541 = CARTESIAN_POINT('',(1.870618614128,141.59137138565,
    134.38989221983));
#1542 = CARTESIAN_POINT('',(1.983693409843,141.50541416562,
    134.38989221983));
#1543 = CARTESIAN_POINT('',(2.209631182496,141.3652487524,
    134.38989221983));
#1544 = CARTESIAN_POINT('',(2.320961659003,141.30845014562,
    134.38989221983));
#1545 = CARTESIAN_POINT('',(2.436915900099,141.26105773059,
    134.38989221983));
#1546 = CARTESIAN_POINT('',(2.556561254679,141.22350026694,
    134.38989221983));
#1547 = CARTESIAN_POINT('',(2.67893125414,141.19609428604,
    134.38989221983));
#1548 = CARTESIAN_POINT('',(2.803030849723,141.17904957874,
    134.38989221983));
#1549 = CARTESIAN_POINT('',(2.927838256087,141.17246193437,
    134.38989221983));
#1550 = CARTESIAN_POINT('',(3.170428048787,141.17992915837,
    134.38989221983));
#1551 = CARTESIAN_POINT('',(3.288280754729,141.19295065423,
    134.38989221983));
#1552 = CARTESIAN_POINT('',(3.404966229926,141.21533450025,
    134.38989221983));
#1553 = CARTESIAN_POINT('',(3.519617263784,141.24695136723,
    134.38989221983));
#1554 = CARTESIAN_POINT('',(3.631392966945,141.28758041837,
    134.38989221983));
#1555 = CARTESIAN_POINT('',(3.739479924665,141.33691476362,
    134.38989221983));
#1556 = CARTESIAN_POINT('',(3.843096260819,141.39455766503,
    134.38989221983));
#1557 = CARTESIAN_POINT('',(4.115485264401,141.57573583644,
    134.38989221983));
#1558 = CARTESIAN_POINT('',(4.273461818077,141.7160676344,
    134.38989221983));
#1559 = CARTESIAN_POINT('',(4.410950276872,141.87819923381,
    134.38989221983));
#1560 = CARTESIAN_POINT('',(4.524615272045,142.05851663876,
    134.38989221983));
#1561 = CARTESIAN_POINT('',(4.61179742136,142.25301966854,
    134.38989221983));
#1562 = CARTESIAN_POINT('',(4.670643518277,142.45727897372,
    134.38989221983));
#1563 = CARTESIAN_POINT('',(4.7,142.66652053294,134.38989221983));
#1564 = CARTESIAN_POINT('',(4.7,142.87548833848,134.38989221983));
#1565 = PCURVE('',#67,#1566);
#1566 = DEFINITIONAL_REPRESENTATION('',(#1567),#1640);
#1567 = B_SPLINE_CURVE_WITH_KNOTS('',8,(#1568,#1569,#1570,#1571,#1572,
    #1573,#1574,#1575,#1576,#1577,#1578,#1579,#1580,#1581,#1582,#1583,
    #1584,#1585,#1586,#1587,#1588,#1589,#1590,#1591,#1592,#1593,#1594,
    #1595,#1596,#1597,#1598,#1599,#1600,#1601,#1602,#1603,#1604,#1605,
    #1606,#1607,#1608,#1609,#1610,#1611,#1612,#1613,#1614,#1615,#1616,
    #1617,#1618,#1619,#1620,#1621,#1622,#1623,#1624,#1625,#1626,#1627,
    #1628,#1629,#1630,#1631,#1632,#1633,#1634,#1635,#1636,#1637,#1638,
    #1639),.UNSPECIFIED.,.F.,.F.,(9,7,7,7,7,7,7,7,7,7,9),(0.,
    9.750965906318E-02,0.186213615289,0.318896377048,0.384952908078,
    0.450501400827,0.508993728308,0.62603472575,0.729137785692,
    0.82698857453,1.),.UNSPECIFIED.);
#1568 = CARTESIAN_POINT('',(22.041920193821,20.595691242998));
#1569 = CARTESIAN_POINT('',(21.944634203603,20.662063927913));
#1570 = CARTESIAN_POINT('',(21.852590211649,20.73614796966));
#1571 = CARTESIAN_POINT('',(21.766521597239,20.817447996122));
#1572 = CARTESIAN_POINT('',(21.687082859654,20.905395292719));
#1573 = CARTESIAN_POINT('',(21.614858624614,20.999358796686));
#1574 = CARTESIAN_POINT('',(21.550365338596,21.098649995659));
#1575 = CARTESIAN_POINT('',(21.494045651019,21.202521730564));
#1576 = CARTESIAN_POINT('',(21.402781054242,21.408079616886));
#1577 = CARTESIAN_POINT('',(21.366354971652,21.509138971202));
#1578 = CARTESIAN_POINT('',(21.337248886369,21.612733193043));
#1579 = CARTESIAN_POINT('',(21.315663323457,21.718241405565));
#1580 = CARTESIAN_POINT('',(21.301735481313,21.825030489657));
#1581 = CARTESIAN_POINT('',(21.295541638931,21.932457076333));
#1582 = CARTESIAN_POINT('',(21.297094172339,22.039868669648));
#1583 = CARTESIAN_POINT('',(21.320152824028,22.3062577168));
#1584 = CARTESIAN_POINT('',(21.351179031869,22.464497757273));
#1585 = CARTESIAN_POINT('',(21.399241208061,22.619045365229));
#1586 = CARTESIAN_POINT('',(21.46379037607,22.767768656839));
#1587 = CARTESIAN_POINT('',(21.543990271743,22.908670781475));
#1588 = CARTESIAN_POINT('',(21.638746163955,23.039883488607));
#1589 = CARTESIAN_POINT('',(21.74668182025,23.159686822605));
#1590 = CARTESIAN_POINT('',(21.9255153233,23.319790765006));
#1591 = CARTESIAN_POINT('',(21.987811474151,23.369818996501));
#1592 = CARTESIAN_POINT('',(22.0527614269,23.416479898056));
#1593 = CARTESIAN_POINT('',(22.12015204881,23.459609745486));
#1594 = CARTESIAN_POINT('',(22.189759478874,23.499061859641));
#1595 = CARTESIAN_POINT('',(22.261349471545,23.534706812048));
#1596 = CARTESIAN_POINT('',(22.334677740464,23.56643263055));
#1597 = CARTESIAN_POINT('',(22.483727483334,23.621644244517));
#1598 = CARTESIAN_POINT('',(22.559430206873,23.645193017315));
#1599 = CARTESIAN_POINT('',(22.636350217853,23.664699611193));
#1600 = CARTESIAN_POINT('',(22.71423520687,23.680091403815));
#1601 = CARTESIAN_POINT('',(22.792829185159,23.691314942023));
#1602 = CARTESIAN_POINT('',(22.87187285967,23.698336021197));
#1603 = CARTESIAN_POINT('',(22.951104008155,23.701139764625));
#1604 = CARTESIAN_POINT('',(23.100890945766,23.698473323806));
#1605 = CARTESIAN_POINT('',(23.171465820594,23.693861315682));
#1606 = CARTESIAN_POINT('',(23.241794665542,23.685898088775));
#1607 = CARTESIAN_POINT('',(23.311691592449,23.674599337101));
#1608 = CARTESIAN_POINT('',(23.380972834085,23.659992979205));
#1609 = CARTESIAN_POINT('',(23.449456940049,23.642119098959));
#1610 = CARTESIAN_POINT('',(23.516964972663,23.621029886369));
#1611 = CARTESIAN_POINT('',(23.716096080164,23.548285613007));
#1612 = CARTESIAN_POINT('',(23.84429910224,23.487150275586));
#1613 = CARTESIAN_POINT('',(23.966469474011,23.413904197283));
#1614 = CARTESIAN_POINT('',(24.081282821456,23.329259543048));
#1615 = CARTESIAN_POINT('',(24.187530521254,23.234083156542));
#1616 = CARTESIAN_POINT('',(24.284116952835,23.129381385872));
#1617 = CARTESIAN_POINT('',(24.370074172858,23.016306590157));
#1618 = CARTESIAN_POINT('',(24.510239586079,22.790368817504));
#1619 = CARTESIAN_POINT('',(24.567038192859,22.679038340997));
#1620 = CARTESIAN_POINT('',(24.614430607889,22.563084099901));
#1621 = CARTESIAN_POINT('',(24.651988071538,22.443438745321));
#1622 = CARTESIAN_POINT('',(24.679394052445,22.32106874586));
#1623 = CARTESIAN_POINT('',(24.696438759739,22.196969150277));
#1624 = CARTESIAN_POINT('',(24.703026404115,22.072161743913));
#1625 = CARTESIAN_POINT('',(24.695559180113,21.829571951213));
#1626 = CARTESIAN_POINT('',(24.682537684248,21.711719245271));
#1627 = CARTESIAN_POINT('',(24.660153838228,21.595033770074));
#1628 = CARTESIAN_POINT('',(24.628536971246,21.480382736216));
#1629 = CARTESIAN_POINT('',(24.587907920114,21.368607033055));
#1630 = CARTESIAN_POINT('',(24.538573574857,21.260520075335));
#1631 = CARTESIAN_POINT('',(24.48093067345,21.156903739181));
#1632 = CARTESIAN_POINT('',(24.299752502041,20.884514735599));
#1633 = CARTESIAN_POINT('',(24.159420704078,20.726538181923));
#1634 = CARTESIAN_POINT('',(23.997289104674,20.589049723128));
#1635 = CARTESIAN_POINT('',(23.816971699726,20.475384727955));
#1636 = CARTESIAN_POINT('',(23.622468669937,20.38820257864));
#1637 = CARTESIAN_POINT('',(23.418209364761,20.329356481723));
#1638 = CARTESIAN_POINT('',(23.20896780554,20.3));
#1639 = CARTESIAN_POINT('',(23.,20.3));
#1640 = ( GEOMETRIC_REPRESENTATION_CONTEXT(2) 
PARAMETRIC_REPRESENTATION_CONTEXT() REPRESENTATION_CONTEXT('2D SPACE',''
  ) );
#1641 = PCURVE('',#770,#1642);
#1642 = DEFINITIONAL_REPRESENTATION('',(#1643),#1716);
#1643 = B_SPLINE_CURVE_WITH_KNOTS('',8,(#1644,#1645,#1646,#1647,#1648,
    #1649,#1650,#1651,#1652,#1653,#1654,#1655,#1656,#1657,#1658,#1659,
    #1660,#1661,#1662,#1663,#1664,#1665,#1666,#1667,#1668,#1669,#1670,
    #1671,#1672,#1673,#1674,#1675,#1676,#1677,#1678,#1679,#1680,#1681,
    #1682,#1683,#1684,#1685,#1686,#1687,#1688,#1689,#1690,#1691,#1692,
    #1693,#1694,#1695,#1696,#1697,#1698,#1699,#1700,#1701,#1702,#1703,
    #1704,#1705,#1706,#1707,#1708,#1709,#1710,#1711,#1712,#1713,#1714,
    #1715),.UNSPECIFIED.,.F.,.F.,(9,7,7,7,7,7,7,7,7,7,9),(0.,
    9.750965906318E-02,0.186213615289,0.318896377048,0.384952908078,
    0.450501400827,0.508993728308,0.62603472575,0.729137785692,
    0.82698857453,1.),.UNSPECIFIED.);
#1644 = CARTESIAN_POINT('',(0.598708832583,60.));
#1645 = CARTESIAN_POINT('',(0.667985613586,60.));
#1646 = CARTESIAN_POINT('',(0.73727146979,60.));
#1647 = CARTESIAN_POINT('',(0.806553228955,60.));
#1648 = CARTESIAN_POINT('',(0.875830158185,60.));
#1649 = CARTESIAN_POINT('',(0.945107669232,60.));
#1650 = CARTESIAN_POINT('',(1.014390952999,60.));
#1651 = CARTESIAN_POINT('',(1.083678543215,60.));
#1652 = CARTESIAN_POINT('',(1.215976925766,60.));
#1653 = CARTESIAN_POINT('',(1.279004011492,60.));
#1654 = CARTESIAN_POINT('',(1.34202838509,60.));
#1655 = CARTESIAN_POINT('',(1.405049365094,60.));
#1656 = CARTESIAN_POINT('',(1.468070265671,60.));
#1657 = CARTESIAN_POINT('',(1.531094381185,60.));
#1658 = CARTESIAN_POINT('',(1.594120959608,60.));
#1659 = CARTESIAN_POINT('',(1.751406350123,60.));
#1660 = CARTESIAN_POINT('',(1.845715885506,60.));
#1661 = CARTESIAN_POINT('',(1.940001993717,60.));
#1662 = CARTESIAN_POINT('',(2.034268879942,60.));
#1663 = CARTESIAN_POINT('',(2.128536126359,60.));
#1664 = CARTESIAN_POINT('',(2.222823118948,60.));
#1665 = CARTESIAN_POINT('',(2.317133418017,60.));
#1666 = CARTESIAN_POINT('',(2.458327895038,60.));
#1667 = CARTESIAN_POINT('',(2.505259067328,60.));
#1668 = CARTESIAN_POINT('',(2.552189579329,60.));
#1669 = CARTESIAN_POINT('',(2.599119286362,60.));
#1670 = CARTESIAN_POINT('',(2.646048935025,60.));
#1671 = CARTESIAN_POINT('',(2.692979277725,60.));
#1672 = CARTESIAN_POINT('',(2.739910187208,60.));
#1673 = CARTESIAN_POINT('',(2.833408421313,60.));
#1674 = CARTESIAN_POINT('',(2.879978293243,60.));
#1675 = CARTESIAN_POINT('',(2.926547577605,60.));
#1676 = CARTESIAN_POINT('',(2.973116155216,60.));
#1677 = CARTESIAN_POINT('',(3.019684742762,60.));
#1678 = CARTESIAN_POINT('',(3.066254038577,60.));
#1679 = CARTESIAN_POINT('',(3.112823868425,60.));
#1680 = CARTESIAN_POINT('',(3.200947791443,60.));
#1681 = CARTESIAN_POINT('',(3.24250413818,60.));
#1682 = CARTESIAN_POINT('',(3.284060218562,60.));
#1683 = CARTESIAN_POINT('',(3.32561589182,60.));
#1684 = CARTESIAN_POINT('',(3.367171538865,60.));
#1685 = CARTESIAN_POINT('',(3.408727571806,60.));
#1686 = CARTESIAN_POINT('',(3.450283943479,60.));
#1687 = CARTESIAN_POINT('',(3.574991112287,60.));
#1688 = CARTESIAN_POINT('',(3.658165185196,60.));
#1689 = CARTESIAN_POINT('',(3.741328745819,60.));
#1690 = CARTESIAN_POINT('',(3.824479643249,60.));
#1691 = CARTESIAN_POINT('',(3.907631168193,60.));
#1692 = CARTESIAN_POINT('',(3.990796408801,60.));
#1693 = CARTESIAN_POINT('',(4.073972499682,60.));
#1694 = CARTESIAN_POINT('',(4.230374762711,60.));
#1695 = CARTESIAN_POINT('',(4.303637276112,60.));
#1696 = CARTESIAN_POINT('',(4.376894006754,60.));
#1697 = CARTESIAN_POINT('',(4.450143539586,60.));
#1698 = CARTESIAN_POINT('',(4.523392909305,60.));
#1699 = CARTESIAN_POINT('',(4.596649185392,60.));
#1700 = CARTESIAN_POINT('',(4.669911074886,60.));
#1701 = CARTESIAN_POINT('',(4.812678540087,60.));
#1702 = CARTESIAN_POINT('',(4.882206329867,60.));
#1703 = CARTESIAN_POINT('',(4.95172986136,60.));
#1704 = CARTESIAN_POINT('',(5.02124806658,60.));
#1705 = CARTESIAN_POINT('',(5.090766377468,60.));
#1706 = CARTESIAN_POINT('',(5.160290233306,60.));
#1707 = CARTESIAN_POINT('',(5.229818578523,60.));
#1708 = CARTESIAN_POINT('',(5.422254519482,60.));
#1709 = CARTESIAN_POINT('',(5.545345656642,60.));
#1710 = CARTESIAN_POINT('',(5.668336830307,60.));
#1711 = CARTESIAN_POINT('',(5.79126714962,60.));
#1712 = CARTESIAN_POINT('',(5.914195084499,60.));
#1713 = CARTESIAN_POINT('',(6.037180180712,60.));
#1714 = CARTESIAN_POINT('',(6.160263068626,60.));
#1715 = CARTESIAN_POINT('',(6.28318530718,60.));
#1716 = ( GEOMETRIC_REPRESENTATION_CONTEXT(2) 
PARAMETRIC_REPRESENTATION_CONTEXT() REPRESENTATION_CONTEXT('2D SPACE',''
  ) );
#1717 = ADVANCED_FACE('',(#1718),#182,.F.);
#1718 = FACE_BOUND('',#1719,.F.);
#1719 = EDGE_LOOP('',(#1720,#1721,#1722,#1723,#1724));
#1720 = ORIENTED_EDGE('',*,*,#218,.F.);
#1721 = ORIENTED_EDGE('',*,*,#170,.F.);
#1722 = ORIENTED_EDGE('',*,*,#1091,.T.);
#1723 = ORIENTED_EDGE('',*,*,#1017,.T.);
#1724 = ORIENTED_EDGE('',*,*,#1725,.T.);
#1725 = EDGE_CURVE('',#1020,#219,#1726,.T.);
#1726 = SURFACE_CURVE('',#1727,(#1735,#1746),.PCURVE_S1.);
#1727 = B_SPLINE_CURVE_WITH_KNOTS('',6,(#1728,#1729,#1730,#1731,#1732,
    #1733,#1734),.UNSPECIFIED.,.F.,.F.,(7,7),(0.,1.),
  .PIECEWISE_BEZIER_KNOTS.);
#1728 = CARTESIAN_POINT('',(-20.,135.87548833848,139.29446248723));
#1729 = CARTESIAN_POINT('',(-19.85747995048,135.87548833848,
    139.27982175195));
#1730 = CARTESIAN_POINT('',(-19.71368504372,135.87548833848,
    139.27738878112));
#1731 = CARTESIAN_POINT('',(-19.56994436141,135.87548833848,
    139.28731584181));
#1732 = CARTESIAN_POINT('',(-19.42757529538,135.87548833848,
    139.30955423075));
#1733 = CARTESIAN_POINT('',(-19.28788221936,135.87548833848,
    139.34388740084));
#1734 = CARTESIAN_POINT('',(-19.15214523548,135.87548833848,
    139.38989221983));
#1735 = PCURVE('',#182,#1736);
#1736 = DEFINITIONAL_REPRESENTATION('',(#1737),#1745);
#1737 = B_SPLINE_CURVE_WITH_KNOTS('',6,(#1738,#1739,#1740,#1741,#1742,
    #1743,#1744),.UNSPECIFIED.,.F.,.F.,(7,7),(0.,1.),
  .PIECEWISE_BEZIER_KNOTS.);
#1738 = CARTESIAN_POINT('',(4.904570267401,-45.));
#1739 = CARTESIAN_POINT('',(4.889929532122,-44.85747995048));
#1740 = CARTESIAN_POINT('',(4.887496561288,-44.71368504372));
#1741 = CARTESIAN_POINT('',(4.897423621979,-44.56994436141));
#1742 = CARTESIAN_POINT('',(4.919662010915,-44.42757529538));
#1743 = CARTESIAN_POINT('',(4.953995181008,-44.28788221936));
#1744 = CARTESIAN_POINT('',(5.,-44.15214523548));
#1745 = ( GEOMETRIC_REPRESENTATION_CONTEXT(2) 
PARAMETRIC_REPRESENTATION_CONTEXT() REPRESENTATION_CONTEXT('2D SPACE',''
  ) );
#1746 = PCURVE('',#320,#1747);
#1747 = DEFINITIONAL_REPRESENTATION('',(#1748),#1756);
#1748 = B_SPLINE_CURVE_WITH_KNOTS('',6,(#1749,#1750,#1751,#1752,#1753,
    #1754,#1755),.UNSPECIFIED.,.F.,.F.,(7,7),(0.,1.),
  .PIECEWISE_BEZIER_KNOTS.);
#1749 = CARTESIAN_POINT('',(0.170432968624,77.219445036139));
#1750 = CARTESIAN_POINT('',(0.241923177284,77.228550853338));
#1751 = CARTESIAN_POINT('',(0.313437789419,77.237213517261));
#1752 = CARTESIAN_POINT('',(0.384967447499,77.245347441954));
#1753 = CARTESIAN_POINT('',(0.456518954018,77.252876281949));
#1754 = CARTESIAN_POINT('',(0.528098553119,77.259731602881));
#1755 = CARTESIAN_POINT('',(0.599693723593,77.265855198509));
#1756 = ( GEOMETRIC_REPRESENTATION_CONTEXT(2) 
PARAMETRIC_REPRESENTATION_CONTEXT() REPRESENTATION_CONTEXT('2D SPACE',''
  ) );
#1757 = ADVANCED_FACE('',(#1758),#320,.F.);
#1758 = FACE_BOUND('',#1759,.F.);
#1759 = EDGE_LOOP('',(#1760,#1761,#1762));
#1760 = ORIENTED_EDGE('',*,*,#238,.F.);
#1761 = ORIENTED_EDGE('',*,*,#1725,.F.);
#1762 = ORIENTED_EDGE('',*,*,#1059,.F.);
#1763 = ADVANCED_FACE('',(#1764),#392,.T.);
#1764 = FACE_BOUND('',#1765,.T.);
#1765 = EDGE_LOOP('',(#1766,#1767,#1787,#1788));
#1766 = ORIENTED_EDGE('',*,*,#368,.F.);
#1767 = ORIENTED_EDGE('',*,*,#1768,.F.);
#1768 = EDGE_CURVE('',#1113,#369,#1769,.T.);
#1769 = SEAM_CURVE('',#1770,(#1773,#1780),.PCURVE_S1.);
#1770 = B_SPLINE_CURVE_WITH_KNOTS('',1,(#1771,#1772),.UNSPECIFIED.,.F.,
  .F.,(2,2),(9.999999999999E-02,5.1),.PIECEWISE_BEZIER_KNOTS.);
#1771 = CARTESIAN_POINT('',(15.,156.62548833848,134.38989221983));
#1772 = CARTESIAN_POINT('',(15.,156.62548833848,139.38989221983));
#1773 = PCURVE('',#392,#1774);
#1774 = DEFINITIONAL_REPRESENTATION('',(#1775),#1779);
#1775 = B_SPLINE_CURVE_WITH_KNOTS('',2,(#1776,#1777,#1778),
  .UNSPECIFIED.,.F.,.F.,(3,3),(9.999999999999E-02,5.1),
  .PIECEWISE_BEZIER_KNOTS.);
#1776 = CARTESIAN_POINT('',(6.28318530718,9.999999999999E-02));
#1777 = CARTESIAN_POINT('',(6.28318530718,2.6));
#1778 = CARTESIAN_POINT('',(6.28318530718,5.1));
#1779 = ( GEOMETRIC_REPRESENTATION_CONTEXT(2) 
PARAMETRIC_REPRESENTATION_CONTEXT() REPRESENTATION_CONTEXT('2D SPACE',''
  ) );
#1780 = PCURVE('',#392,#1781);
#1781 = DEFINITIONAL_REPRESENTATION('',(#1782),#1786);
#1782 = B_SPLINE_CURVE_WITH_KNOTS('',2,(#1783,#1784,#1785),
  .UNSPECIFIED.,.F.,.F.,(3,3),(9.999999999999E-02,5.1),
  .PIECEWISE_BEZIER_KNOTS.);
#1783 = CARTESIAN_POINT('',(-8.881784197001E-16,9.999999999999E-02));
#1784 = CARTESIAN_POINT('',(-3.552713678801E-15,2.6));
#1785 = CARTESIAN_POINT('',(-8.881784197001E-16,5.1));
#1786 = ( GEOMETRIC_REPRESENTATION_CONTEXT(2) 
PARAMETRIC_REPRESENTATION_CONTEXT() REPRESENTATION_CONTEXT('2D SPACE',''
  ) );
#1787 = ORIENTED_EDGE('',*,*,#1112,.T.);
#1788 = ORIENTED_EDGE('',*,*,#1768,.T.);
#1789 = ADVANCED_FACE('',(#1790),#444,.T.);
#1790 = FACE_BOUND('',#1791,.T.);
#1791 = EDGE_LOOP('',(#1792,#1793,#1813,#1814));
#1792 = ORIENTED_EDGE('',*,*,#420,.F.);
#1793 = ORIENTED_EDGE('',*,*,#1794,.F.);
#1794 = EDGE_CURVE('',#1150,#421,#1795,.T.);
#1795 = SEAM_CURVE('',#1796,(#1799,#1806),.PCURVE_S1.);
#1796 = B_SPLINE_CURVE_WITH_KNOTS('',1,(#1797,#1798),.UNSPECIFIED.,.F.,
  .F.,(2,2),(9.999999999999E-02,5.1),.PIECEWISE_BEZIER_KNOTS.);
#1797 = CARTESIAN_POINT('',(15.,140.62548833848,134.38989221983));
#1798 = CARTESIAN_POINT('',(15.,140.62548833848,139.38989221983));
#1799 = PCURVE('',#444,#1800);
#1800 = DEFINITIONAL_REPRESENTATION('',(#1801),#1805);
#1801 = B_SPLINE_CURVE_WITH_KNOTS('',2,(#1802,#1803,#1804),
  .UNSPECIFIED.,.F.,.F.,(3,3),(9.999999999999E-02,5.1),
  .PIECEWISE_BEZIER_KNOTS.);
#1802 = CARTESIAN_POINT('',(6.28318530718,9.999999999999E-02));
#1803 = CARTESIAN_POINT('',(6.28318530718,2.6));
#1804 = CARTESIAN_POINT('',(6.28318530718,5.1));
#1805 = ( GEOMETRIC_REPRESENTATION_CONTEXT(2) 
PARAMETRIC_REPRESENTATION_CONTEXT() REPRESENTATION_CONTEXT('2D SPACE',''
  ) );
#1806 = PCURVE('',#444,#1807);
#1807 = DEFINITIONAL_REPRESENTATION('',(#1808),#1812);
#1808 = B_SPLINE_CURVE_WITH_KNOTS('',2,(#1809,#1810,#1811),
  .UNSPECIFIED.,.F.,.F.,(3,3),(9.999999999999E-02,5.1),
  .PIECEWISE_BEZIER_KNOTS.);
#1809 = CARTESIAN_POINT('',(0.,9.999999999999E-02));
#1810 = CARTESIAN_POINT('',(8.881784197001E-16,2.6));
#1811 = CARTESIAN_POINT('',(0.,5.1));
#1812 = ( GEOMETRIC_REPRESENTATION_CONTEXT(2) 
PARAMETRIC_REPRESENTATION_CONTEXT() REPRESENTATION_CONTEXT('2D SPACE',''
  ) );
#1813 = ORIENTED_EDGE('',*,*,#1149,.T.);
#1814 = ORIENTED_EDGE('',*,*,#1794,.T.);
#1815 = ADVANCED_FACE('',(#1816),#498,.F.);
#1816 = FACE_BOUND('',#1817,.F.);
#1817 = EDGE_LOOP('',(#1818,#1819,#1840,#1841,#1842,#1843));
#1818 = ORIENTED_EDGE('',*,*,#472,.F.);
#1819 = ORIENTED_EDGE('',*,*,#1820,.F.);
#1820 = EDGE_CURVE('',#1187,#473,#1821,.T.);
#1821 = SEAM_CURVE('',#1822,(#1826,#1833),.PCURVE_S1.);
#1822 = LINE('',#1823,#1824);
#1823 = CARTESIAN_POINT('',(4.7,158.87548833848,74.389892219836));
#1824 = VECTOR('',#1825,1.);
#1825 = DIRECTION('',(0.,0.,1.));
#1826 = PCURVE('',#498,#1827);
#1827 = DEFINITIONAL_REPRESENTATION('',(#1828),#1832);
#1828 = LINE('',#1829,#1830);
#1829 = CARTESIAN_POINT('',(6.28318530718,-0.));
#1830 = VECTOR('',#1831,1.);
#1831 = DIRECTION('',(0.,1.));
#1832 = ( GEOMETRIC_REPRESENTATION_CONTEXT(2) 
PARAMETRIC_REPRESENTATION_CONTEXT() REPRESENTATION_CONTEXT('2D SPACE',''
  ) );
#1833 = PCURVE('',#498,#1834);
#1834 = DEFINITIONAL_REPRESENTATION('',(#1835),#1839);
#1835 = LINE('',#1836,#1837);
#1836 = CARTESIAN_POINT('',(0.,-0.));
#1837 = VECTOR('',#1838,1.);
#1838 = DIRECTION('',(0.,1.));
#1839 = ( GEOMETRIC_REPRESENTATION_CONTEXT(2) 
PARAMETRIC_REPRESENTATION_CONTEXT() REPRESENTATION_CONTEXT('2D SPACE',''
  ) );
#1840 = ORIENTED_EDGE('',*,*,#1186,.T.);
#1841 = ORIENTED_EDGE('',*,*,#1223,.T.);
#1842 = ORIENTED_EDGE('',*,*,#1820,.T.);
#1843 = ORIENTED_EDGE('',*,*,#514,.F.);
#1844 = ADVANCED_FACE('',(#1845),#770,.F.);
#1845 = FACE_BOUND('',#1846,.F.);
#1846 = EDGE_LOOP('',(#1847,#1848,#1869,#1870,#1871,#1872));
#1847 = ORIENTED_EDGE('',*,*,#744,.F.);
#1848 = ORIENTED_EDGE('',*,*,#1849,.F.);
#1849 = EDGE_CURVE('',#1454,#745,#1850,.T.);
#1850 = SEAM_CURVE('',#1851,(#1855,#1862),.PCURVE_S1.);
#1851 = LINE('',#1852,#1853);
#1852 = CARTESIAN_POINT('',(4.7,142.87548833848,74.389892219836));
#1853 = VECTOR('',#1854,1.);
#1854 = DIRECTION('',(0.,0.,1.));
#1855 = PCURVE('',#770,#1856);
#1856 = DEFINITIONAL_REPRESENTATION('',(#1857),#1861);
#1857 = LINE('',#1858,#1859);
#1858 = CARTESIAN_POINT('',(6.28318530718,-0.));
#1859 = VECTOR('',#1860,1.);
#1860 = DIRECTION('',(0.,1.));
#1861 = ( GEOMETRIC_REPRESENTATION_CONTEXT(2) 
PARAMETRIC_REPRESENTATION_CONTEXT() REPRESENTATION_CONTEXT('2D SPACE',''
  ) );
#1862 = PCURVE('',#770,#1863);
#1863 = DEFINITIONAL_REPRESENTATION('',(#1864),#1868);
#1864 = LINE('',#1865,#1866);
#1865 = CARTESIAN_POINT('',(0.,-0.));
#1866 = VECTOR('',#1867,1.);
#1867 = DIRECTION('',(0.,1.));
#1868 = ( GEOMETRIC_REPRESENTATION_CONTEXT(2) 
PARAMETRIC_REPRESENTATION_CONTEXT() REPRESENTATION_CONTEXT('2D SPACE',''
  ) );
#1869 = ORIENTED_EDGE('',*,*,#1453,.T.);
#1870 = ORIENTED_EDGE('',*,*,#1490,.T.);
#1871 = ORIENTED_EDGE('',*,*,#1849,.T.);
#1872 = ORIENTED_EDGE('',*,*,#786,.F.);
#1873 = ( GEOMETRIC_REPRESENTATION_CONTEXT(3) 
GLOBAL_UNCERTAINTY_ASSIGNED_CONTEXT((#1877)) 
GLOBAL_UNIT_ASSIGNED_CONTEXT((#1874,#1875,#1876)) REPRESENTATION_CONTEXT
('Context #1','3D Context with UNIT and UNCERTAINTY') );
#1874 = ( LENGTH_UNIT() NAMED_UNIT(*) SI_UNIT(.MILLI.,.METRE.) );
#1875 = ( NAMED_UNIT(*) PLANE_ANGLE_UNIT() SI_UNIT($,.RADIAN.) );
#1876 = ( NAMED_UNIT(*) SI_UNIT($,.STERADIAN.) SOLID_ANGLE_UNIT() );
#1877 = UNCERTAINTY_MEASURE_WITH_UNIT(LENGTH_MEASURE(2.E-06),#1874,
  'distance_accuracy_value','confusion accuracy');
#1878 = PRODUCT_RELATED_PRODUCT_CATEGORY('part',$,(#7));
ENDSEC;
END-ISO-10303-21;
