ISO-10303-21;
HEADER;
FILE_DESCRIPTION(('Open CASCADE Model'),'2;1');
FILE_NAME('Open CASCADE Shape Model','2026-10-01T13:11:57',('Author'),(
    'Open CASCADE'),'Open CASCADE STEP processor 7.8','Open CASCADE 7.8'
  ,'Unknown');
FILE_SCHEMA(('AUTOMOTIVE_DESIGN { 1 0 10303 214 1 1 1 1 }'));
ENDSEC;
DATA;
#1 = APPLICATION_PROTOCOL_DEFINITION('international standard',
  'automotive_design',2000,#2);
#2 = APPLICATION_CONTEXT(
  'core data for automotive mechanical design processes');
#3 = SHAPE_DEFINITION_REPRESENTATION(#4,#10);
#4 = PRODUCT_DEFINITION_SHAPE('','',#5);
#5 = PRODUCT_DEFINITION('design','',#6,#9);
#6 = PRODUCT_DEFINITION_FORMATION('','',#7);
#7 = PRODUCT('Open CASCADE STEP translator 7.8 74',
  'Open CASCADE STEP translator 7.8 74','',(#8));
#8 = PRODUCT_CONTEXT('',#2,'mechanical');
#9 = PRODUCT_DEFINITION_CONTEXT('part definition',#2,'design');
#10 = ADVANCED_BREP_SHAPE_REPRESENTATION('',(#11,#15),#2464);
#11 = AXIS2_PLACEMENT_3D('',#12,#13,#14);
#12 = CARTESIAN_POINT('',(0.,0.,0.));
#13 = DIRECTION('',(0.,0.,1.));
#14 = DIRECTION('',(1.,0.,-0.));
#15 = MANIFOLD_SOLID_BREP('',#16);
#16 = CLOSED_SHELL('',(#17,#125,#356,#1047,#1090,#1799,#1848,#2212,#2262
    ,#2267,#2293,#2319,#2392,#2421,#2450,#2457));
#17 = ADVANCED_FACE('',(#18),#31,.T.);
#18 = FACE_BOUND('',#19,.T.);
#19 = EDGE_LOOP('',(#20,#52,#77,#102));
#20 = ORIENTED_EDGE('',*,*,#21,.F.);
#21 = EDGE_CURVE('',#22,#24,#26,.T.);
#22 = VERTEX_POINT('',#23);
#23 = CARTESIAN_POINT('',(25.,57.554624915983,134.38989221983));
#24 = VERTEX_POINT('',#25);
#25 = CARTESIAN_POINT('',(25.,57.554624915983,139.38989221983));
#26 = SURFACE_CURVE('',#27,(#30,#41),.PCURVE_S1.);
#27 = B_SPLINE_CURVE_WITH_KNOTS('',1,(#28,#29),.UNSPECIFIED.,.F.,.F.,(2,
    2),(0.,5.),.PIECEWISE_BEZIER_KNOTS.);
#28 = CARTESIAN_POINT('',(25.,57.554624915983,134.38989221983));
#29 = CARTESIAN_POINT('',(25.,57.554624915983,139.38989221983));
#30 = PCURVE('',#31,#36);
#31 = B_SPLINE_SURFACE_WITH_KNOTS('',1,1,(
    (#32,#33)
    ,(#34,#35)),.UNSPECIFIED.,.F.,.F.,.F.,(2,2),(2,2),(0.,5.),(-45.,0.),
  .PIECEWISE_BEZIER_KNOTS.);
#32 = CARTESIAN_POINT('',(-20.,57.554624915983,134.38989221983));
#33 = CARTESIAN_POINT('',(25.,57.554624915983,134.38989221983));
#34 = CARTESIAN_POINT('',(-20.,57.554624915983,139.38989221983));
#35 = CARTESIAN_POINT('',(25.,57.554624915983,139.38989221983));
#36 = DEFINITIONAL_REPRESENTATION('',(#37),#40);
#37 = B_SPLINE_CURVE_WITH_KNOTS('',1,(#38,#39),.UNSPECIFIED.,.F.,.F.,(2,
    2),(0.,5.),.PIECEWISE_BEZIER_KNOTS.);
#38 = CARTESIAN_POINT('',(0.,0.));
#39 = CARTESIAN_POINT('',(5.,0.));
#40 = ( GEOMETRIC_REPRESENTATION_CONTEXT(2) 
PARAMETRIC_REPRESENTATION_CONTEXT() REPRESENTATION_CONTEXT('2D SPACE',''
  ) );
#41 = PCURVE('',#42,#47);
#42 = B_SPLINE_SURFACE_WITH_KNOTS('',1,1,(
    (#43,#44)
    ,(#45,#46)),.UNSPECIFIED.,.F.,.F.,.F.,(2,2),(2,2),(0.,5.),(0.,30.),
  .PIECEWISE_BEZIER_KNOTS.);
#43 = CARTESIAN_POINT('',(25.,57.554624915983,134.38989221983));
#44 = CARTESIAN_POINT('',(25.,27.554624915983,134.38989221983));
#45 = CARTESIAN_POINT('',(25.,57.554624915983,139.38989221983));
#46 = CARTESIAN_POINT('',(25.,27.554624915983,139.38989221983));
#47 = DEFINITIONAL_REPRESENTATION('',(#48),#51);
#48 = B_SPLINE_CURVE_WITH_KNOTS('',1,(#49,#50),.UNSPECIFIED.,.F.,.F.,(2,
    2),(0.,5.),.PIECEWISE_BEZIER_KNOTS.);
#49 = CARTESIAN_POINT('',(0.,0.));
#50 = CARTESIAN_POINT('',(5.,0.));
#51 = ( GEOMETRIC_REPRESENTATION_CONTEXT(2) 
PARAMETRIC_REPRESENTATION_CONTEXT() REPRESENTATION_CONTEXT('2D SPACE',''
  ) );
#52 = ORIENTED_EDGE('',*,*,#53,.T.);
#53 = EDGE_CURVE('',#22,#54,#56,.T.);
#54 = VERTEX_POINT('',#55);
#55 = CARTESIAN_POINT('',(-20.,57.554624915983,134.38989221983));
#56 = SURFACE_CURVE('',#57,(#60,#66),.PCURVE_S1.);
#57 = B_SPLINE_CURVE_WITH_KNOTS('',1,(#58,#59),.UNSPECIFIED.,.F.,.F.,(2,
    2),(0.,45.),.PIECEWISE_BEZIER_KNOTS.);
#58 = CARTESIAN_POINT('',(25.,57.554624915983,134.38989221983));
#59 = CARTESIAN_POINT('',(-20.,57.554624915983,134.38989221983));
#60 = PCURVE('',#31,#61);
#61 = DEFINITIONAL_REPRESENTATION('',(#62),#65);
#62 = B_SPLINE_CURVE_WITH_KNOTS('',1,(#63,#64),.UNSPECIFIED.,.F.,.F.,(2,
    2),(0.,45.),.PIECEWISE_BEZIER_KNOTS.);
#63 = CARTESIAN_POINT('',(0.,0.));
#64 = CARTESIAN_POINT('',(0.,-45.));
#65 = ( GEOMETRIC_REPRESENTATION_CONTEXT(2) 
PARAMETRIC_REPRESENTATION_CONTEXT() REPRESENTATION_CONTEXT('2D SPACE',''
  ) );
#66 = PCURVE('',#67,#72);
#67 = B_SPLINE_SURFACE_WITH_KNOTS('',1,1,(
    (#68,#69)
    ,(#70,#71)),.UNSPECIFIED.,.F.,.F.,.F.,(2,2),(2,2),(0.,30.),(0.,45.),
  .PIECEWISE_BEZIER_KNOTS.);
#68 = CARTESIAN_POINT('',(25.,57.554624915983,134.38989221983));
#69 = CARTESIAN_POINT('',(-20.,57.554624915983,134.38989221983));
#70 = CARTESIAN_POINT('',(25.,27.554624915983,134.38989221983));
#71 = CARTESIAN_POINT('',(-20.,27.554624915983,134.38989221983));
#72 = DEFINITIONAL_REPRESENTATION('',(#73),#76);
#73 = B_SPLINE_CURVE_WITH_KNOTS('',1,(#74,#75),.UNSPECIFIED.,.F.,.F.,(2,
    2),(0.,45.),.PIECEWISE_BEZIER_KNOTS.);
#74 = CARTESIAN_POINT('',(0.,0.));
#75 = CARTESIAN_POINT('',(0.,45.));
#76 = ( GEOMETRIC_REPRESENTATION_CONTEXT(2) 
PARAMETRIC_REPRESENTATION_CONTEXT() REPRESENTATION_CONTEXT('2D SPACE',''
  ) );
#77 = ORIENTED_EDGE('',*,*,#78,.T.);
#78 = EDGE_CURVE('',#54,#79,#81,.T.);
#79 = VERTEX_POINT('',#80);
#80 = CARTESIAN_POINT('',(-20.,57.554624915983,139.38989221983));
#81 = SURFACE_CURVE('',#82,(#85,#91),.PCURVE_S1.);
#82 = B_SPLINE_CURVE_WITH_KNOTS('',1,(#83,#84),.UNSPECIFIED.,.F.,.F.,(2,
    2),(0.,5.),.PIECEWISE_BEZIER_KNOTS.);
#83 = CARTESIAN_POINT('',(-20.,57.554624915983,134.38989221983));
#84 = CARTESIAN_POINT('',(-20.,57.554624915983,139.38989221983));
#85 = PCURVE('',#31,#86);
#86 = DEFINITIONAL_REPRESENTATION('',(#87),#90);
#87 = B_SPLINE_CURVE_WITH_KNOTS('',1,(#88,#89),.UNSPECIFIED.,.F.,.F.,(2,
    2),(0.,5.),.PIECEWISE_BEZIER_KNOTS.);
#88 = CARTESIAN_POINT('',(0.,-45.));
#89 = CARTESIAN_POINT('',(5.,-45.));
#90 = ( GEOMETRIC_REPRESENTATION_CONTEXT(2) 
PARAMETRIC_REPRESENTATION_CONTEXT() REPRESENTATION_CONTEXT('2D SPACE',''
  ) );
#91 = PCURVE('',#92,#97);
#92 = B_SPLINE_SURFACE_WITH_KNOTS('',1,1,(
    (#93,#94)
    ,(#95,#96)),.UNSPECIFIED.,.F.,.F.,.F.,(2,2),(2,2),(0.,5.),(0.,30.),
  .PIECEWISE_BEZIER_KNOTS.);
#93 = CARTESIAN_POINT('',(-20.,57.554624915983,134.38989221983));
#94 = CARTESIAN_POINT('',(-20.,27.554624915983,134.38989221983));
#95 = CARTESIAN_POINT('',(-20.,57.554624915983,139.38989221983));
#96 = CARTESIAN_POINT('',(-20.,27.554624915983,139.38989221983));
#97 = DEFINITIONAL_REPRESENTATION('',(#98),#101);
#98 = B_SPLINE_CURVE_WITH_KNOTS('',1,(#99,#100),.UNSPECIFIED.,.F.,.F.,(2
    ,2),(0.,5.),.PIECEWISE_BEZIER_KNOTS.);
#99 = CARTESIAN_POINT('',(0.,0.));
#100 = CARTESIAN_POINT('',(5.,0.));
#101 = ( GEOMETRIC_REPRESENTATION_CONTEXT(2) 
PARAMETRIC_REPRESENTATION_CONTEXT() REPRESENTATION_CONTEXT('2D SPACE',''
  ) );
#102 = ORIENTED_EDGE('',*,*,#103,.F.);
#103 = EDGE_CURVE('',#24,#79,#104,.T.);
#104 = SURFACE_CURVE('',#105,(#108,#114),.PCURVE_S1.);
#105 = B_SPLINE_CURVE_WITH_KNOTS('',1,(#106,#107),.UNSPECIFIED.,.F.,.F.,
  (2,2),(0.,45.),.PIECEWISE_BEZIER_KNOTS.);
#106 = CARTESIAN_POINT('',(25.,57.554624915983,139.38989221983));
#107 = CARTESIAN_POINT('',(-20.,57.554624915983,139.38989221983));
#108 = PCURVE('',#31,#109);
#109 = DEFINITIONAL_REPRESENTATION('',(#110),#113);
#110 = B_SPLINE_CURVE_WITH_KNOTS('',1,(#111,#112),.UNSPECIFIED.,.F.,.F.,
  (2,2),(0.,45.),.PIECEWISE_BEZIER_KNOTS.);
#111 = CARTESIAN_POINT('',(5.,0.));
#112 = CARTESIAN_POINT('',(5.,-45.));
#113 = ( GEOMETRIC_REPRESENTATION_CONTEXT(2) 
PARAMETRIC_REPRESENTATION_CONTEXT() REPRESENTATION_CONTEXT('2D SPACE',''
  ) );
#114 = PCURVE('',#115,#120);
#115 = B_SPLINE_SURFACE_WITH_KNOTS('',1,1,(
    (#116,#117)
    ,(#118,#119
    )),.UNSPECIFIED.,.F.,.F.,.F.,(2,2),(2,2),(0.,30.),(0.,45.),
  .PIECEWISE_BEZIER_KNOTS.);
#116 = CARTESIAN_POINT('',(25.,57.554624915983,139.38989221983));
#117 = CARTESIAN_POINT('',(-20.,57.554624915983,139.38989221983));
#118 = CARTESIAN_POINT('',(25.,27.554624915983,139.38989221983));
#119 = CARTESIAN_POINT('',(-20.,27.554624915983,139.38989221983));
#120 = DEFINITIONAL_REPRESENTATION('',(#121),#124);
#121 = B_SPLINE_CURVE_WITH_KNOTS('',1,(#122,#123),.UNSPECIFIED.,.F.,.F.,
  (2,2),(0.,45.),.PIECEWISE_BEZIER_KNOTS.);
#122 = CARTESIAN_POINT('',(0.,0.));
#123 = CARTESIAN_POINT('',(0.,45.));
#124 = ( GEOMETRIC_REPRESENTATION_CONTEXT(2) 
PARAMETRIC_REPRESENTATION_CONTEXT() REPRESENTATION_CONTEXT('2D SPACE',''
  ) );
#125 = ADVANCED_FACE('',(#126),#42,.T.);
#126 = FACE_BOUND('',#127,.T.);
#127 = EDGE_LOOP('',(#128,#148,#149,#169,#194,#219,#256,#281,#313,#333)
  );
#128 = ORIENTED_EDGE('',*,*,#129,.F.);
#129 = EDGE_CURVE('',#22,#130,#132,.T.);
#130 = VERTEX_POINT('',#131);
#131 = CARTESIAN_POINT('',(25.,40.,134.38989221983));
#132 = SURFACE_CURVE('',#133,(#136,#142),.PCURVE_S1.);
#133 = B_SPLINE_CURVE_WITH_KNOTS('',1,(#134,#135),.UNSPECIFIED.,.F.,.F.,
  (2,2),(0.,30.),.PIECEWISE_BEZIER_KNOTS.);
#134 = CARTESIAN_POINT('',(25.,57.554624915983,134.38989221983));
#135 = CARTESIAN_POINT('',(25.,27.554624915983,134.38989221983));
#136 = PCURVE('',#42,#137);
#137 = DEFINITIONAL_REPRESENTATION('',(#138),#141);
#138 = B_SPLINE_CURVE_WITH_KNOTS('',1,(#139,#140),.UNSPECIFIED.,.F.,.F.,
  (2,2),(0.,30.),.PIECEWISE_BEZIER_KNOTS.);
#139 = CARTESIAN_POINT('',(0.,0.));
#140 = CARTESIAN_POINT('',(0.,30.));
#141 = ( GEOMETRIC_REPRESENTATION_CONTEXT(2) 
PARAMETRIC_REPRESENTATION_CONTEXT() REPRESENTATION_CONTEXT('2D SPACE',''
  ) );
#142 = PCURVE('',#67,#143);
#143 = DEFINITIONAL_REPRESENTATION('',(#144),#147);
#144 = B_SPLINE_CURVE_WITH_KNOTS('',1,(#145,#146),.UNSPECIFIED.,.F.,.F.,
  (2,2),(0.,30.),.PIECEWISE_BEZIER_KNOTS.);
#145 = CARTESIAN_POINT('',(0.,0.));
#146 = CARTESIAN_POINT('',(30.,0.));
#147 = ( GEOMETRIC_REPRESENTATION_CONTEXT(2) 
PARAMETRIC_REPRESENTATION_CONTEXT() REPRESENTATION_CONTEXT('2D SPACE',''
  ) );
#148 = ORIENTED_EDGE('',*,*,#21,.T.);
#149 = ORIENTED_EDGE('',*,*,#150,.T.);
#150 = EDGE_CURVE('',#24,#151,#153,.T.);
#151 = VERTEX_POINT('',#152);
#152 = CARTESIAN_POINT('',(25.,27.554624915983,139.38989221983));
#153 = SURFACE_CURVE('',#154,(#157,#163),.PCURVE_S1.);
#154 = B_SPLINE_CURVE_WITH_KNOTS('',1,(#155,#156),.UNSPECIFIED.,.F.,.F.,
  (2,2),(0.,30.),.PIECEWISE_BEZIER_KNOTS.);
#155 = CARTESIAN_POINT('',(25.,57.554624915983,139.38989221983));
#156 = CARTESIAN_POINT('',(25.,27.554624915983,139.38989221983));
#157 = PCURVE('',#42,#158);
#158 = DEFINITIONAL_REPRESENTATION('',(#159),#162);
#159 = B_SPLINE_CURVE_WITH_KNOTS('',1,(#160,#161),.UNSPECIFIED.,.F.,.F.,
  (2,2),(0.,30.),.PIECEWISE_BEZIER_KNOTS.);
#160 = CARTESIAN_POINT('',(5.,0.));
#161 = CARTESIAN_POINT('',(5.,30.));
#162 = ( GEOMETRIC_REPRESENTATION_CONTEXT(2) 
PARAMETRIC_REPRESENTATION_CONTEXT() REPRESENTATION_CONTEXT('2D SPACE',''
  ) );
#163 = PCURVE('',#115,#164);
#164 = DEFINITIONAL_REPRESENTATION('',(#165),#168);
#165 = B_SPLINE_CURVE_WITH_KNOTS('',1,(#166,#167),.UNSPECIFIED.,.F.,.F.,
  (2,2),(0.,30.),.PIECEWISE_BEZIER_KNOTS.);
#166 = CARTESIAN_POINT('',(0.,0.));
#167 = CARTESIAN_POINT('',(30.,0.));
#168 = ( GEOMETRIC_REPRESENTATION_CONTEXT(2) 
PARAMETRIC_REPRESENTATION_CONTEXT() REPRESENTATION_CONTEXT('2D SPACE',''
  ) );
#169 = ORIENTED_EDGE('',*,*,#170,.F.);
#170 = EDGE_CURVE('',#171,#151,#173,.T.);
#171 = VERTEX_POINT('',#172);
#172 = CARTESIAN_POINT('',(25.,27.554624915983,135.88989221983));
#173 = SURFACE_CURVE('',#174,(#177,#183),.PCURVE_S1.);
#174 = B_SPLINE_CURVE_WITH_KNOTS('',1,(#175,#176),.UNSPECIFIED.,.F.,.F.,
  (2,2),(0.,5.),.PIECEWISE_BEZIER_KNOTS.);
#175 = CARTESIAN_POINT('',(25.,27.554624915983,134.38989221983));
#176 = CARTESIAN_POINT('',(25.,27.554624915983,139.38989221983));
#177 = PCURVE('',#42,#178);
#178 = DEFINITIONAL_REPRESENTATION('',(#179),#182);
#179 = B_SPLINE_CURVE_WITH_KNOTS('',1,(#180,#181),.UNSPECIFIED.,.F.,.F.,
  (2,2),(0.,5.),.PIECEWISE_BEZIER_KNOTS.);
#180 = CARTESIAN_POINT('',(0.,30.));
#181 = CARTESIAN_POINT('',(5.,30.));
#182 = ( GEOMETRIC_REPRESENTATION_CONTEXT(2) 
PARAMETRIC_REPRESENTATION_CONTEXT() REPRESENTATION_CONTEXT('2D SPACE',''
  ) );
#183 = PCURVE('',#184,#189);
#184 = B_SPLINE_SURFACE_WITH_KNOTS('',1,1,(
    (#185,#186)
    ,(#187,#188
    )),.UNSPECIFIED.,.F.,.F.,.F.,(2,2),(2,2),(0.,5.),(-45.,0.),
  .PIECEWISE_BEZIER_KNOTS.);
#185 = CARTESIAN_POINT('',(-20.,27.554624915983,134.38989221983));
#186 = CARTESIAN_POINT('',(25.,27.554624915983,134.38989221983));
#187 = CARTESIAN_POINT('',(-20.,27.554624915983,139.38989221983));
#188 = CARTESIAN_POINT('',(25.,27.554624915983,139.38989221983));
#189 = DEFINITIONAL_REPRESENTATION('',(#190),#193);
#190 = B_SPLINE_CURVE_WITH_KNOTS('',1,(#191,#192),.UNSPECIFIED.,.F.,.F.,
  (2,2),(0.,5.),.PIECEWISE_BEZIER_KNOTS.);
#191 = CARTESIAN_POINT('',(0.,0.));
#192 = CARTESIAN_POINT('',(5.,0.));
#193 = ( GEOMETRIC_REPRESENTATION_CONTEXT(2) 
PARAMETRIC_REPRESENTATION_CONTEXT() REPRESENTATION_CONTEXT('2D SPACE',''
  ) );
#194 = ORIENTED_EDGE('',*,*,#195,.F.);
#195 = EDGE_CURVE('',#196,#171,#198,.T.);
#196 = VERTEX_POINT('',#197);
#197 = CARTESIAN_POINT('',(25.,31.083484861009,135.88989221983));
#198 = SURFACE_CURVE('',#199,(#202,#208),.PCURVE_S1.);
#199 = B_SPLINE_CURVE_WITH_KNOTS('',1,(#200,#201),.UNSPECIFIED.,.F.,.F.,
  (2,2),(0.,1.),.PIECEWISE_BEZIER_KNOTS.);
#200 = CARTESIAN_POINT('',(25.,40.,135.88989221983));
#201 = CARTESIAN_POINT('',(25.,27.554624915983,135.88989221983));
#202 = PCURVE('',#42,#203);
#203 = DEFINITIONAL_REPRESENTATION('',(#204),#207);
#204 = B_SPLINE_CURVE_WITH_KNOTS('',1,(#205,#206),.UNSPECIFIED.,.F.,.F.,
  (2,2),(0.,1.),.PIECEWISE_BEZIER_KNOTS.);
#205 = CARTESIAN_POINT('',(1.5,17.554624915983));
#206 = CARTESIAN_POINT('',(1.5,30.));
#207 = ( GEOMETRIC_REPRESENTATION_CONTEXT(2) 
PARAMETRIC_REPRESENTATION_CONTEXT() REPRESENTATION_CONTEXT('2D SPACE',''
  ) );
#208 = PCURVE('',#209,#214);
#209 = PLANE('',#210);
#210 = AXIS2_PLACEMENT_3D('',#211,#212,#213);
#211 = CARTESIAN_POINT('',(15.,10.,135.88989221983));
#212 = DIRECTION('',(0.,0.,1.));
#213 = DIRECTION('',(1.,0.,-0.));
#214 = DEFINITIONAL_REPRESENTATION('',(#215),#218);
#215 = B_SPLINE_CURVE_WITH_KNOTS('',1,(#216,#217),.UNSPECIFIED.,.F.,.F.,
  (2,2),(0.,1.),.PIECEWISE_BEZIER_KNOTS.);
#216 = CARTESIAN_POINT('',(10.,30.));
#217 = CARTESIAN_POINT('',(10.,17.554624915983));
#218 = ( GEOMETRIC_REPRESENTATION_CONTEXT(2) 
PARAMETRIC_REPRESENTATION_CONTEXT() REPRESENTATION_CONTEXT('2D SPACE',''
  ) );
#219 = ORIENTED_EDGE('',*,*,#220,.T.);
#220 = EDGE_CURVE('',#196,#221,#223,.T.);
#221 = VERTEX_POINT('',#222);
#222 = CARTESIAN_POINT('',(25.,31.083484861009,134.38989221983));
#223 = SURFACE_CURVE('',#224,(#231,#241),.PCURVE_S1.);
#224 = B_SPLINE_CURVE_WITH_KNOTS('',5,(#225,#226,#227,#228,#229,#230),
  .UNSPECIFIED.,.F.,.F.,(6,6),(0.,1.),.PIECEWISE_BEZIER_KNOTS.);
#225 = CARTESIAN_POINT('',(25.,31.083484861009,135.88989281983));
#226 = CARTESIAN_POINT('',(25.,31.083484861009,135.68347972273));
#227 = CARTESIAN_POINT('',(25.,31.083484861009,135.34131445601));
#228 = CARTESIAN_POINT('',(25.,31.083484861009,135.02344561451));
#229 = CARTESIAN_POINT('',(25.,31.083484861009,134.74769791539));
#230 = CARTESIAN_POINT('',(25.,31.083484861009,134.38989221983));
#231 = PCURVE('',#42,#232);
#232 = DEFINITIONAL_REPRESENTATION('',(#233),#240);
#233 = B_SPLINE_CURVE_WITH_KNOTS('',5,(#234,#235,#236,#237,#238,#239),
  .UNSPECIFIED.,.F.,.F.,(6,6),(0.,1.),.PIECEWISE_BEZIER_KNOTS.);
#234 = CARTESIAN_POINT('',(1.5000006,26.471140054974));
#235 = CARTESIAN_POINT('',(1.293587502902,26.471140054974));
#236 = CARTESIAN_POINT('',(0.951422236179,26.471140054974));
#237 = CARTESIAN_POINT('',(0.633553394675,26.471140054974));
#238 = CARTESIAN_POINT('',(0.357805695563,26.471140054974));
#239 = CARTESIAN_POINT('',(0.,26.471140054974));
#240 = ( GEOMETRIC_REPRESENTATION_CONTEXT(2) 
PARAMETRIC_REPRESENTATION_CONTEXT() REPRESENTATION_CONTEXT('2D SPACE',''
  ) );
#241 = PCURVE('',#242,#247);
#242 = CYLINDRICAL_SURFACE('',#243,2.2);
#243 = AXIS2_PLACEMENT_3D('',#244,#245,#246);
#244 = CARTESIAN_POINT('',(23.,32.,134.28989221983));
#245 = DIRECTION('',(0.,0.,1.));
#246 = DIRECTION('',(1.,0.,-0.));
#247 = DEFINITIONAL_REPRESENTATION('',(#248),#255);
#248 = B_SPLINE_CURVE_WITH_KNOTS('',5,(#249,#250,#251,#252,#253,#254),
  .UNSPECIFIED.,.F.,.F.,(6,6),(0.,1.),.PIECEWISE_BEZIER_KNOTS.);
#249 = CARTESIAN_POINT('',(5.853485641028,1.6000006));
#250 = CARTESIAN_POINT('',(5.853485641028,1.393587502902));
#251 = CARTESIAN_POINT('',(5.853485641028,1.051422236179));
#252 = CARTESIAN_POINT('',(5.853485641028,0.733553394675));
#253 = CARTESIAN_POINT('',(5.853485641028,0.457805695563));
#254 = CARTESIAN_POINT('',(5.853485641028,9.999999999999E-02));
#255 = ( GEOMETRIC_REPRESENTATION_CONTEXT(2) 
PARAMETRIC_REPRESENTATION_CONTEXT() REPRESENTATION_CONTEXT('2D SPACE',''
  ) );
#256 = ORIENTED_EDGE('',*,*,#257,.F.);
#257 = EDGE_CURVE('',#258,#221,#260,.T.);
#258 = VERTEX_POINT('',#259);
#259 = CARTESIAN_POINT('',(25.,32.916515138991,134.38989221983));
#260 = SURFACE_CURVE('',#261,(#264,#270),.PCURVE_S1.);
#261 = B_SPLINE_CURVE_WITH_KNOTS('',1,(#262,#263),.UNSPECIFIED.,.F.,.F.,
  (2,2),(0.,30.),.PIECEWISE_BEZIER_KNOTS.);
#262 = CARTESIAN_POINT('',(25.,57.554624915983,134.38989221983));
#263 = CARTESIAN_POINT('',(25.,27.554624915983,134.38989221983));
#264 = PCURVE('',#42,#265);
#265 = DEFINITIONAL_REPRESENTATION('',(#266),#269);
#266 = B_SPLINE_CURVE_WITH_KNOTS('',1,(#267,#268),.UNSPECIFIED.,.F.,.F.,
  (2,2),(0.,30.),.PIECEWISE_BEZIER_KNOTS.);
#267 = CARTESIAN_POINT('',(0.,0.));
#268 = CARTESIAN_POINT('',(0.,30.));
#269 = ( GEOMETRIC_REPRESENTATION_CONTEXT(2) 
PARAMETRIC_REPRESENTATION_CONTEXT() REPRESENTATION_CONTEXT('2D SPACE',''
  ) );
#270 = PCURVE('',#271,#276);
#271 = B_SPLINE_SURFACE_WITH_KNOTS('',1,1,(
    (#272,#273)
    ,(#274,#275
    )),.UNSPECIFIED.,.F.,.F.,.F.,(2,2),(2,2),(0.,30.),(0.,45.),
  .PIECEWISE_BEZIER_KNOTS.);
#272 = CARTESIAN_POINT('',(25.,57.554624915983,134.38989221983));
#273 = CARTESIAN_POINT('',(-20.,57.554624915983,134.38989221983));
#274 = CARTESIAN_POINT('',(25.,27.554624915983,134.38989221983));
#275 = CARTESIAN_POINT('',(-20.,27.554624915983,134.38989221983));
#276 = DEFINITIONAL_REPRESENTATION('',(#277),#280);
#277 = B_SPLINE_CURVE_WITH_KNOTS('',1,(#278,#279),.UNSPECIFIED.,.F.,.F.,
  (2,2),(0.,30.),.PIECEWISE_BEZIER_KNOTS.);
#278 = CARTESIAN_POINT('',(0.,0.));
#279 = CARTESIAN_POINT('',(30.,0.));
#280 = ( GEOMETRIC_REPRESENTATION_CONTEXT(2) 
PARAMETRIC_REPRESENTATION_CONTEXT() REPRESENTATION_CONTEXT('2D SPACE',''
  ) );
#281 = ORIENTED_EDGE('',*,*,#282,.F.);
#282 = EDGE_CURVE('',#283,#258,#285,.T.);
#283 = VERTEX_POINT('',#284);
#284 = CARTESIAN_POINT('',(25.,32.916515138991,135.88989221983));
#285 = SURFACE_CURVE('',#286,(#293,#303),.PCURVE_S1.);
#286 = B_SPLINE_CURVE_WITH_KNOTS('',5,(#287,#288,#289,#290,#291,#292),
  .UNSPECIFIED.,.F.,.F.,(6,6),(0.,1.),.PIECEWISE_BEZIER_KNOTS.);
#287 = CARTESIAN_POINT('',(25.,32.916515138991,135.88989281983));
#288 = CARTESIAN_POINT('',(25.,32.916515138991,135.68347972273));
#289 = CARTESIAN_POINT('',(25.,32.916515138991,135.34131445601));
#290 = CARTESIAN_POINT('',(25.,32.916515138991,135.02344561451));
#291 = CARTESIAN_POINT('',(25.,32.916515138991,134.74769791539));
#292 = CARTESIAN_POINT('',(25.,32.916515138991,134.38989221983));
#293 = PCURVE('',#42,#294);
#294 = DEFINITIONAL_REPRESENTATION('',(#295),#302);
#295 = B_SPLINE_CURVE_WITH_KNOTS('',5,(#296,#297,#298,#299,#300,#301),
  .UNSPECIFIED.,.F.,.F.,(6,6),(0.,1.),.PIECEWISE_BEZIER_KNOTS.);
#296 = CARTESIAN_POINT('',(1.5000006,24.638109776992));
#297 = CARTESIAN_POINT('',(1.293587502902,24.638109776992));
#298 = CARTESIAN_POINT('',(0.951422236179,24.638109776992));
#299 = CARTESIAN_POINT('',(0.633553394675,24.638109776992));
#300 = CARTESIAN_POINT('',(0.357805695563,24.638109776992));
#301 = CARTESIAN_POINT('',(0.,24.638109776992));
#302 = ( GEOMETRIC_REPRESENTATION_CONTEXT(2) 
PARAMETRIC_REPRESENTATION_CONTEXT() REPRESENTATION_CONTEXT('2D SPACE',''
  ) );
#303 = PCURVE('',#242,#304);
#304 = DEFINITIONAL_REPRESENTATION('',(#305),#312);
#305 = B_SPLINE_CURVE_WITH_KNOTS('',5,(#306,#307,#308,#309,#310,#311),
  .UNSPECIFIED.,.F.,.F.,(6,6),(0.,1.),.PIECEWISE_BEZIER_KNOTS.);
#306 = CARTESIAN_POINT('',(0.429699666151,1.6000006));
#307 = CARTESIAN_POINT('',(0.429699666151,1.393587502902));
#308 = CARTESIAN_POINT('',(0.429699666151,1.051422236179));
#309 = CARTESIAN_POINT('',(0.429699666151,0.733553394675));
#310 = CARTESIAN_POINT('',(0.429699666151,0.457805695563));
#311 = CARTESIAN_POINT('',(0.429699666151,9.999999999999E-02));
#312 = ( GEOMETRIC_REPRESENTATION_CONTEXT(2) 
PARAMETRIC_REPRESENTATION_CONTEXT() REPRESENTATION_CONTEXT('2D SPACE',''
  ) );
#313 = ORIENTED_EDGE('',*,*,#314,.F.);
#314 = EDGE_CURVE('',#315,#283,#317,.T.);
#315 = VERTEX_POINT('',#316);
#316 = CARTESIAN_POINT('',(25.,40.,135.88989221983));
#317 = SURFACE_CURVE('',#318,(#321,#327),.PCURVE_S1.);
#318 = B_SPLINE_CURVE_WITH_KNOTS('',1,(#319,#320),.UNSPECIFIED.,.F.,.F.,
  (2,2),(0.,1.),.PIECEWISE_BEZIER_KNOTS.);
#319 = CARTESIAN_POINT('',(25.,40.,135.88989221983));
#320 = CARTESIAN_POINT('',(25.,27.554624915983,135.88989221983));
#321 = PCURVE('',#42,#322);
#322 = DEFINITIONAL_REPRESENTATION('',(#323),#326);
#323 = B_SPLINE_CURVE_WITH_KNOTS('',1,(#324,#325),.UNSPECIFIED.,.F.,.F.,
  (2,2),(0.,1.),.PIECEWISE_BEZIER_KNOTS.);
#324 = CARTESIAN_POINT('',(1.5,17.554624915983));
#325 = CARTESIAN_POINT('',(1.5,30.));
#326 = ( GEOMETRIC_REPRESENTATION_CONTEXT(2) 
PARAMETRIC_REPRESENTATION_CONTEXT() REPRESENTATION_CONTEXT('2D SPACE',''
  ) );
#327 = PCURVE('',#209,#328);
#328 = DEFINITIONAL_REPRESENTATION('',(#329),#332);
#329 = B_SPLINE_CURVE_WITH_KNOTS('',1,(#330,#331),.UNSPECIFIED.,.F.,.F.,
  (2,2),(0.,1.),.PIECEWISE_BEZIER_KNOTS.);
#330 = CARTESIAN_POINT('',(10.,30.));
#331 = CARTESIAN_POINT('',(10.,17.554624915983));
#332 = ( GEOMETRIC_REPRESENTATION_CONTEXT(2) 
PARAMETRIC_REPRESENTATION_CONTEXT() REPRESENTATION_CONTEXT('2D SPACE',''
  ) );
#333 = ORIENTED_EDGE('',*,*,#334,.T.);
#334 = EDGE_CURVE('',#315,#130,#335,.T.);
#335 = SURFACE_CURVE('',#336,(#339,#345),.PCURVE_S1.);
#336 = B_SPLINE_CURVE_WITH_KNOTS('',1,(#337,#338),.UNSPECIFIED.,.F.,.F.,
  (2,2),(0.,1.),.PIECEWISE_BEZIER_KNOTS.);
#337 = CARTESIAN_POINT('',(25.,40.,135.88989221983));
#338 = CARTESIAN_POINT('',(25.,40.,134.38989221983));
#339 = PCURVE('',#42,#340);
#340 = DEFINITIONAL_REPRESENTATION('',(#341),#344);
#341 = B_SPLINE_CURVE_WITH_KNOTS('',1,(#342,#343),.UNSPECIFIED.,.F.,.F.,
  (2,2),(0.,1.),.PIECEWISE_BEZIER_KNOTS.);
#342 = CARTESIAN_POINT('',(1.5,17.554624915983));
#343 = CARTESIAN_POINT('',(0.,17.554624915983));
#344 = ( GEOMETRIC_REPRESENTATION_CONTEXT(2) 
PARAMETRIC_REPRESENTATION_CONTEXT() REPRESENTATION_CONTEXT('2D SPACE',''
  ) );
#345 = PCURVE('',#346,#351);
#346 = PLANE('',#347);
#347 = AXIS2_PLACEMENT_3D('',#348,#349,#350);
#348 = CARTESIAN_POINT('',(15.,40.,134.38989221983));
#349 = DIRECTION('',(-0.,1.,0.));
#350 = DIRECTION('',(0.,0.,1.));
#351 = DEFINITIONAL_REPRESENTATION('',(#352),#355);
#352 = B_SPLINE_CURVE_WITH_KNOTS('',1,(#353,#354),.UNSPECIFIED.,.F.,.F.,
  (2,2),(0.,1.),.PIECEWISE_BEZIER_KNOTS.);
#353 = CARTESIAN_POINT('',(1.5,10.));
#354 = CARTESIAN_POINT('',(0.,10.));
#355 = ( GEOMETRIC_REPRESENTATION_CONTEXT(2) 
PARAMETRIC_REPRESENTATION_CONTEXT() REPRESENTATION_CONTEXT('2D SPACE',''
  ) );
#356 = ADVANCED_FACE('',(#357,#399,#451,#503,#775),#115,.F.);
#357 = FACE_BOUND('',#358,.F.);
#358 = EDGE_LOOP('',(#359,#360,#361,#381));
#359 = ORIENTED_EDGE('',*,*,#103,.F.);
#360 = ORIENTED_EDGE('',*,*,#150,.T.);
#361 = ORIENTED_EDGE('',*,*,#362,.T.);
#362 = EDGE_CURVE('',#151,#363,#365,.T.);
#363 = VERTEX_POINT('',#364);
#364 = CARTESIAN_POINT('',(-20.,27.554624915983,139.38989221983));
#365 = SURFACE_CURVE('',#366,(#369,#375),.PCURVE_S1.);
#366 = B_SPLINE_CURVE_WITH_KNOTS('',1,(#367,#368),.UNSPECIFIED.,.F.,.F.,
  (2,2),(0.,45.),.PIECEWISE_BEZIER_KNOTS.);
#367 = CARTESIAN_POINT('',(25.,27.554624915983,139.38989221983));
#368 = CARTESIAN_POINT('',(-20.,27.554624915983,139.38989221983));
#369 = PCURVE('',#115,#370);
#370 = DEFINITIONAL_REPRESENTATION('',(#371),#374);
#371 = B_SPLINE_CURVE_WITH_KNOTS('',1,(#372,#373),.UNSPECIFIED.,.F.,.F.,
  (2,2),(0.,45.),.PIECEWISE_BEZIER_KNOTS.);
#372 = CARTESIAN_POINT('',(30.,0.));
#373 = CARTESIAN_POINT('',(30.,45.));
#374 = ( GEOMETRIC_REPRESENTATION_CONTEXT(2) 
PARAMETRIC_REPRESENTATION_CONTEXT() REPRESENTATION_CONTEXT('2D SPACE',''
  ) );
#375 = PCURVE('',#184,#376);
#376 = DEFINITIONAL_REPRESENTATION('',(#377),#380);
#377 = B_SPLINE_CURVE_WITH_KNOTS('',1,(#378,#379),.UNSPECIFIED.,.F.,.F.,
  (2,2),(0.,45.),.PIECEWISE_BEZIER_KNOTS.);
#378 = CARTESIAN_POINT('',(5.,0.));
#379 = CARTESIAN_POINT('',(5.,-45.));
#380 = ( GEOMETRIC_REPRESENTATION_CONTEXT(2) 
PARAMETRIC_REPRESENTATION_CONTEXT() REPRESENTATION_CONTEXT('2D SPACE',''
  ) );
#381 = ORIENTED_EDGE('',*,*,#382,.F.);
#382 = EDGE_CURVE('',#79,#363,#383,.T.);
#383 = SURFACE_CURVE('',#384,(#387,#393),.PCURVE_S1.);
#384 = B_SPLINE_CURVE_WITH_KNOTS('',1,(#385,#386),.UNSPECIFIED.,.F.,.F.,
  (2,2),(0.,30.),.PIECEWISE_BEZIER_KNOTS.);
#385 = CARTESIAN_POINT('',(-20.,57.554624915983,139.38989221983));
#386 = CARTESIAN_POINT('',(-20.,27.554624915983,139.38989221983));
#387 = PCURVE('',#115,#388);
#388 = DEFINITIONAL_REPRESENTATION('',(#389),#392);
#389 = B_SPLINE_CURVE_WITH_KNOTS('',1,(#390,#391),.UNSPECIFIED.,.F.,.F.,
  (2,2),(0.,30.),.PIECEWISE_BEZIER_KNOTS.);
#390 = CARTESIAN_POINT('',(0.,45.));
#391 = CARTESIAN_POINT('',(30.,45.));
#392 = ( GEOMETRIC_REPRESENTATION_CONTEXT(2) 
PARAMETRIC_REPRESENTATION_CONTEXT() REPRESENTATION_CONTEXT('2D SPACE',''
  ) );
#393 = PCURVE('',#92,#394);
#394 = DEFINITIONAL_REPRESENTATION('',(#395),#398);
#395 = B_SPLINE_CURVE_WITH_KNOTS('',1,(#396,#397),.UNSPECIFIED.,.F.,.F.,
  (2,2),(0.,30.),.PIECEWISE_BEZIER_KNOTS.);
#396 = CARTESIAN_POINT('',(5.,0.));
#397 = CARTESIAN_POINT('',(5.,30.));
#398 = ( GEOMETRIC_REPRESENTATION_CONTEXT(2) 
PARAMETRIC_REPRESENTATION_CONTEXT() REPRESENTATION_CONTEXT('2D SPACE',''
  ) );
#399 = FACE_BOUND('',#400,.F.);
#400 = EDGE_LOOP('',(#401));
#401 = ORIENTED_EDGE('',*,*,#402,.F.);
#402 = EDGE_CURVE('',#403,#403,#405,.T.);
#403 = VERTEX_POINT('',#404);
#404 = CARTESIAN_POINT('',(15.,48.304624915983,139.38989221983));
#405 = SURFACE_CURVE('',#406,(#414,#425),.PCURVE_S1.);
#406 = ( BOUNDED_CURVE() B_SPLINE_CURVE(2,(#407,#408,#409,#410,#411,#412
,#413),.UNSPECIFIED.,.T.,.F.) B_SPLINE_CURVE_WITH_KNOTS((1,2,2,2,2,1),(
    -2.094395102393,0.,2.094395102393,4.188790204786,6.28318530718,
8.377580409573),.UNSPECIFIED.) CURVE() GEOMETRIC_REPRESENTATION_ITEM() 
RATIONAL_B_SPLINE_CURVE((1.,0.5,1.,0.5,1.,0.5,1.)) REPRESENTATION_ITEM(
  '') );
#407 = CARTESIAN_POINT('',(15.,48.304624915983,139.38989221983));
#408 = CARTESIAN_POINT('',(11.10288568297,48.304624915983,
    139.38989221983));
#409 = CARTESIAN_POINT('',(13.051442841485,51.679624915983,
    139.38989221983));
#410 = CARTESIAN_POINT('',(15.,55.054624915983,139.38989221983));
#411 = CARTESIAN_POINT('',(16.948557158515,51.679624915983,
    139.38989221983));
#412 = CARTESIAN_POINT('',(18.89711431703,48.304624915983,
    139.38989221983));
#413 = CARTESIAN_POINT('',(15.,48.304624915983,139.38989221983));
#414 = PCURVE('',#115,#415);
#415 = DEFINITIONAL_REPRESENTATION('',(#416),#424);
#416 = ( BOUNDED_CURVE() B_SPLINE_CURVE(2,(#417,#418,#419,#420,#421,#422
,#423),.UNSPECIFIED.,.T.,.F.) B_SPLINE_CURVE_WITH_KNOTS((3,2,2,3),(0.,
    2.094395102393,4.188790204786,6.28318530718),
.PIECEWISE_BEZIER_KNOTS.) CURVE() GEOMETRIC_REPRESENTATION_ITEM() 
RATIONAL_B_SPLINE_CURVE((1.,0.5,1.,0.5,1.,0.5,1.)) REPRESENTATION_ITEM(
  '') );
#417 = CARTESIAN_POINT('',(9.25,10.));
#418 = CARTESIAN_POINT('',(9.25,13.89711431703));
#419 = CARTESIAN_POINT('',(5.875,11.948557158515));
#420 = CARTESIAN_POINT('',(2.5,10.));
#421 = CARTESIAN_POINT('',(5.875,8.051442841485));
#422 = CARTESIAN_POINT('',(9.25,6.10288568297));
#423 = CARTESIAN_POINT('',(9.25,10.));
#424 = ( GEOMETRIC_REPRESENTATION_CONTEXT(2) 
PARAMETRIC_REPRESENTATION_CONTEXT() REPRESENTATION_CONTEXT('2D SPACE',''
  ) );
#425 = PCURVE('',#426,#441);
#426 = ( BOUNDED_SURFACE() B_SPLINE_SURFACE(2,1,(
    (#427,#428)
    ,(#429,#430)
    ,(#431,#432)
    ,(#433,#434)
    ,(#435,#436)
    ,(#437,#438)
,(#439,#440
    )),.UNSPECIFIED.,.T.,.F.,.F.) B_SPLINE_SURFACE_WITH_KNOTS((1,2,2,2,2
    ,1),(2,2),(-2.094395102393,0.,2.094395102393,4.188790204786,
    6.28318530718,8.377580409573),(9.999999999999E-02,5.1),
.UNSPECIFIED.) GEOMETRIC_REPRESENTATION_ITEM() RATIONAL_B_SPLINE_SURFACE
((
    (1.,1.)
    ,(0.5,0.5)
    ,(1.,1.)
    ,(0.5,0.5)
    ,(1.,1.)
    ,(0.5,0.5)
,(1.,1.))) REPRESENTATION_ITEM('') SURFACE() );
#427 = CARTESIAN_POINT('',(15.,48.304624915983,134.38989221983));
#428 = CARTESIAN_POINT('',(15.,48.304624915983,139.38989221983));
#429 = CARTESIAN_POINT('',(11.10288568297,48.304624915983,
    134.38989221983));
#430 = CARTESIAN_POINT('',(11.10288568297,48.304624915983,
    139.38989221983));
#431 = CARTESIAN_POINT('',(13.051442841485,51.679624915983,
    134.38989221983));
#432 = CARTESIAN_POINT('',(13.051442841485,51.679624915983,
    139.38989221983));
#433 = CARTESIAN_POINT('',(15.,55.054624915983,134.38989221983));
#434 = CARTESIAN_POINT('',(15.,55.054624915983,139.38989221983));
#435 = CARTESIAN_POINT('',(16.948557158515,51.679624915983,
    134.38989221983));
#436 = CARTESIAN_POINT('',(16.948557158515,51.679624915983,
    139.38989221983));
#437 = CARTESIAN_POINT('',(18.89711431703,48.304624915983,
    134.38989221983));
#438 = CARTESIAN_POINT('',(18.89711431703,48.304624915983,
    139.38989221983));
#439 = CARTESIAN_POINT('',(15.,48.304624915983,134.38989221983));
#440 = CARTESIAN_POINT('',(15.,48.304624915983,139.38989221983));
#441 = DEFINITIONAL_REPRESENTATION('',(#442),#450);
#442 = B_SPLINE_CURVE_WITH_KNOTS('',2,(#443,#444,#445,#446,#447,#448,
    #449),.UNSPECIFIED.,.F.,.F.,(3,2,2,3),(0.,2.094395102393,
    4.188790204786,6.28318530718),.PIECEWISE_BEZIER_KNOTS.);
#443 = CARTESIAN_POINT('',(0.,5.1));
#444 = CARTESIAN_POINT('',(1.047197551197,5.1));
#445 = CARTESIAN_POINT('',(2.094395102393,5.1));
#446 = CARTESIAN_POINT('',(3.14159265359,5.1));
#447 = CARTESIAN_POINT('',(4.188790204786,5.1));
#448 = CARTESIAN_POINT('',(5.235987755983,5.1));
#449 = CARTESIAN_POINT('',(6.28318530718,5.1));
#450 = ( GEOMETRIC_REPRESENTATION_CONTEXT(2) 
PARAMETRIC_REPRESENTATION_CONTEXT() REPRESENTATION_CONTEXT('2D SPACE',''
  ) );
#451 = FACE_BOUND('',#452,.F.);
#452 = EDGE_LOOP('',(#453));
#453 = ORIENTED_EDGE('',*,*,#454,.F.);
#454 = EDGE_CURVE('',#455,#455,#457,.T.);
#455 = VERTEX_POINT('',#456);
#456 = CARTESIAN_POINT('',(15.,32.304624915983,139.38989221983));
#457 = SURFACE_CURVE('',#458,(#466,#477),.PCURVE_S1.);
#458 = ( BOUNDED_CURVE() B_SPLINE_CURVE(2,(#459,#460,#461,#462,#463,#464
,#465),.UNSPECIFIED.,.T.,.F.) B_SPLINE_CURVE_WITH_KNOTS((1,2,2,2,2,1),(
    -2.094395102393,0.,2.094395102393,4.188790204786,6.28318530718,
8.377580409573),.UNSPECIFIED.) CURVE() GEOMETRIC_REPRESENTATION_ITEM() 
RATIONAL_B_SPLINE_CURVE((1.,0.5,1.,0.5,1.,0.5,1.)) REPRESENTATION_ITEM(
  '') );
#459 = CARTESIAN_POINT('',(15.,32.304624915983,139.38989221983));
#460 = CARTESIAN_POINT('',(11.10288568297,32.304624915983,
    139.38989221983));
#461 = CARTESIAN_POINT('',(13.051442841485,35.679624915983,
    139.38989221983));
#462 = CARTESIAN_POINT('',(15.,39.054624915983,139.38989221983));
#463 = CARTESIAN_POINT('',(16.948557158515,35.679624915983,
    139.38989221983));
#464 = CARTESIAN_POINT('',(18.89711431703,32.304624915983,
    139.38989221983));
#465 = CARTESIAN_POINT('',(15.,32.304624915983,139.38989221983));
#466 = PCURVE('',#115,#467);
#467 = DEFINITIONAL_REPRESENTATION('',(#468),#476);
#468 = ( BOUNDED_CURVE() B_SPLINE_CURVE(2,(#469,#470,#471,#472,#473,#474
,#475),.UNSPECIFIED.,.T.,.F.) B_SPLINE_CURVE_WITH_KNOTS((3,2,2,3),(0.,
    2.094395102393,4.188790204786,6.28318530718),
.PIECEWISE_BEZIER_KNOTS.) CURVE() GEOMETRIC_REPRESENTATION_ITEM() 
RATIONAL_B_SPLINE_CURVE((1.,0.5,1.,0.5,1.,0.5,1.)) REPRESENTATION_ITEM(
  '') );
#469 = CARTESIAN_POINT('',(25.25,10.));
#470 = CARTESIAN_POINT('',(25.25,13.89711431703));
#471 = CARTESIAN_POINT('',(21.875,11.948557158515));
#472 = CARTESIAN_POINT('',(18.5,10.));
#473 = CARTESIAN_POINT('',(21.875,8.051442841485));
#474 = CARTESIAN_POINT('',(25.25,6.10288568297));
#475 = CARTESIAN_POINT('',(25.25,10.));
#476 = ( GEOMETRIC_REPRESENTATION_CONTEXT(2) 
PARAMETRIC_REPRESENTATION_CONTEXT() REPRESENTATION_CONTEXT('2D SPACE',''
  ) );
#477 = PCURVE('',#478,#493);
#478 = ( BOUNDED_SURFACE() B_SPLINE_SURFACE(2,1,(
    (#479,#480)
    ,(#481,#482)
    ,(#483,#484)
    ,(#485,#486)
    ,(#487,#488)
    ,(#489,#490)
,(#491,#492
    )),.UNSPECIFIED.,.T.,.F.,.F.) B_SPLINE_SURFACE_WITH_KNOTS((1,2,2,2,2
    ,1),(2,2),(-2.094395102393,0.,2.094395102393,4.188790204786,
    6.28318530718,8.377580409573),(9.999999999999E-02,5.1),
.UNSPECIFIED.) GEOMETRIC_REPRESENTATION_ITEM() RATIONAL_B_SPLINE_SURFACE
((
    (1.,1.)
    ,(0.5,0.5)
    ,(1.,1.)
    ,(0.5,0.5)
    ,(1.,1.)
    ,(0.5,0.5)
,(1.,1.))) REPRESENTATION_ITEM('') SURFACE() );
#479 = CARTESIAN_POINT('',(15.,32.304624915983,134.38989221983));
#480 = CARTESIAN_POINT('',(15.,32.304624915983,139.38989221983));
#481 = CARTESIAN_POINT('',(11.10288568297,32.304624915983,
    134.38989221983));
#482 = CARTESIAN_POINT('',(11.10288568297,32.304624915983,
    139.38989221983));
#483 = CARTESIAN_POINT('',(13.051442841485,35.679624915983,
    134.38989221983));
#484 = CARTESIAN_POINT('',(13.051442841485,35.679624915983,
    139.38989221983));
#485 = CARTESIAN_POINT('',(15.,39.054624915983,134.38989221983));
#486 = CARTESIAN_POINT('',(15.,39.054624915983,139.38989221983));
#487 = CARTESIAN_POINT('',(16.948557158515,35.679624915983,
    134.38989221983));
#488 = CARTESIAN_POINT('',(16.948557158515,35.679624915983,
    139.38989221983));
#489 = CARTESIAN_POINT('',(18.89711431703,32.304624915983,
    134.38989221983));
#490 = CARTESIAN_POINT('',(18.89711431703,32.304624915983,
    139.38989221983));
#491 = CARTESIAN_POINT('',(15.,32.304624915983,134.38989221983));
#492 = CARTESIAN_POINT('',(15.,32.304624915983,139.38989221983));
#493 = DEFINITIONAL_REPRESENTATION('',(#494),#502);
#494 = B_SPLINE_CURVE_WITH_KNOTS('',2,(#495,#496,#497,#498,#499,#500,
    #501),.UNSPECIFIED.,.F.,.F.,(3,2,2,3),(0.,2.094395102393,
    4.188790204786,6.28318530718),.PIECEWISE_BEZIER_KNOTS.);
#495 = CARTESIAN_POINT('',(0.,5.1));
#496 = CARTESIAN_POINT('',(1.047197551197,5.1));
#497 = CARTESIAN_POINT('',(2.094395102393,5.1));
#498 = CARTESIAN_POINT('',(3.14159265359,5.1));
#499 = CARTESIAN_POINT('',(4.188790204786,5.1));
#500 = CARTESIAN_POINT('',(5.235987755983,5.1));
#501 = CARTESIAN_POINT('',(6.28318530718,5.1));
#502 = ( GEOMETRIC_REPRESENTATION_CONTEXT(2) 
PARAMETRIC_REPRESENTATION_CONTEXT() REPRESENTATION_CONTEXT('2D SPACE',''
  ) );
#503 = FACE_BOUND('',#504,.F.);
#504 = EDGE_LOOP('',(#505,#547));
#505 = ORIENTED_EDGE('',*,*,#506,.T.);
#506 = EDGE_CURVE('',#507,#509,#511,.T.);
#507 = VERTEX_POINT('',#508);
#508 = CARTESIAN_POINT('',(4.7,50.554624915983,139.38989221983));
#509 = VERTEX_POINT('',#510);
#510 = CARTESIAN_POINT('',(4.556464231829,51.238305466413,
    139.38989221983));
#511 = SURFACE_CURVE('',#512,(#520,#531),.PCURVE_S1.);
#512 = B_SPLINE_CURVE_WITH_KNOTS('',6,(#513,#514,#515,#516,#517,#518,
    #519),.UNSPECIFIED.,.F.,.F.,(7,7),(0.,1.),.PIECEWISE_BEZIER_KNOTS.);
#513 = CARTESIAN_POINT('',(4.7,50.554624915983,139.38989221983));
#514 = CARTESIAN_POINT('',(4.7,50.671888835606,139.38989221983));
#515 = CARTESIAN_POINT('',(4.690293525711,50.78916007531,139.38989221983
    ));
#516 = CARTESIAN_POINT('',(4.670878380185,50.905418345934,
    139.38989221983));
#517 = CARTESIAN_POINT('',(4.641899271049,51.019668824593,
    139.38989221983));
#518 = CARTESIAN_POINT('',(4.603623722453,51.130942370738,
    139.38989221983));
#519 = CARTESIAN_POINT('',(4.556464231829,51.238305466413,
    139.38989221983));
#520 = PCURVE('',#115,#521);
#521 = DEFINITIONAL_REPRESENTATION('',(#522),#530);
#522 = B_SPLINE_CURVE_WITH_KNOTS('',6,(#523,#524,#525,#526,#527,#528,
    #529),.UNSPECIFIED.,.F.,.F.,(7,7),(0.,1.),.PIECEWISE_BEZIER_KNOTS.);
#523 = CARTESIAN_POINT('',(7.,20.3));
#524 = CARTESIAN_POINT('',(6.882736080377,20.3));
#525 = CARTESIAN_POINT('',(6.765464840673,20.309706474289));
#526 = CARTESIAN_POINT('',(6.649206570049,20.329121619815));
#527 = CARTESIAN_POINT('',(6.53495609139,20.358100728951));
#528 = CARTESIAN_POINT('',(6.423682545245,20.396376277547));
#529 = CARTESIAN_POINT('',(6.31631944957,20.443535768171));
#530 = ( GEOMETRIC_REPRESENTATION_CONTEXT(2) 
PARAMETRIC_REPRESENTATION_CONTEXT() REPRESENTATION_CONTEXT('2D SPACE',''
  ) );
#531 = PCURVE('',#532,#537);
#532 = CYLINDRICAL_SURFACE('',#533,1.7);
#533 = AXIS2_PLACEMENT_3D('',#534,#535,#536);
#534 = CARTESIAN_POINT('',(3.,50.554624915983,74.389892219836));
#535 = DIRECTION('',(0.,0.,1.));
#536 = DIRECTION('',(1.,0.,-0.));
#537 = DEFINITIONAL_REPRESENTATION('',(#538),#546);
#538 = B_SPLINE_CURVE_WITH_KNOTS('',6,(#539,#540,#541,#542,#543,#544,
    #545),.UNSPECIFIED.,.F.,.F.,(7,7),(0.,1.),.PIECEWISE_BEZIER_KNOTS.);
#539 = CARTESIAN_POINT('',(0.,65.));
#540 = CARTESIAN_POINT('',(6.897877624905E-02,65.));
#541 = CARTESIAN_POINT('',(0.137961815545,65.));
#542 = CARTESIAN_POINT('',(0.206940015337,65.));
#543 = CARTESIAN_POINT('',(0.275918280187,65.));
#544 = CARTESIAN_POINT('',(0.344901469239,65.));
#545 = CARTESIAN_POINT('',(0.413880308251,65.));
#546 = ( GEOMETRIC_REPRESENTATION_CONTEXT(2) 
PARAMETRIC_REPRESENTATION_CONTEXT() REPRESENTATION_CONTEXT('2D SPACE',''
  ) );
#547 = ORIENTED_EDGE('',*,*,#548,.T.);
#548 = EDGE_CURVE('',#509,#507,#549,.T.);
#549 = SURFACE_CURVE('',#550,(#623,#699),.PCURVE_S1.);
#550 = B_SPLINE_CURVE_WITH_KNOTS('',8,(#551,#552,#553,#554,#555,#556,
    #557,#558,#559,#560,#561,#562,#563,#564,#565,#566,#567,#568,#569,
    #570,#571,#572,#573,#574,#575,#576,#577,#578,#579,#580,#581,#582,
    #583,#584,#585,#586,#587,#588,#589,#590,#591,#592,#593,#594,#595,
    #596,#597,#598,#599,#600,#601,#602,#603,#604,#605,#606,#607,#608,
    #609,#610,#611,#612,#613,#614,#615,#616,#617,#618,#619,#620,#621,
    #622),.UNSPECIFIED.,.F.,.F.,(9,7,7,7,7,7,7,7,7,7,9),(0.,
    9.901693949321E-02,0.199630860659,0.298198043373,0.397699566312,
    0.468636780743,0.533204873929,0.636255612669,0.739245739718,
    0.833485437159,1.),.UNSPECIFIED.);
#551 = CARTESIAN_POINT('',(4.556464231829,51.238305466413,
    139.38989221983));
#552 = CARTESIAN_POINT('',(4.506805669905,51.351357937177,
    139.38989221983));
#553 = CARTESIAN_POINT('',(4.447754365299,51.460306756493,
    139.38989221983));
#554 = CARTESIAN_POINT('',(4.379716871134,51.564212645717,
    139.38989221983));
#555 = CARTESIAN_POINT('',(4.303204829007,51.662216084518,
    139.38989221983));
#556 = CARTESIAN_POINT('',(4.218818427466,51.753527959676,
    139.38989221983));
#557 = CARTESIAN_POINT('',(4.127239464254,51.837428285614,
    139.38989221983));
#558 = CARTESIAN_POINT('',(4.029234012358,51.913272996652,
    139.38989221983));
#559 = CARTESIAN_POINT('',(3.820424963098,52.048829029294,
    139.38989221983));
#560 = CARTESIAN_POINT('',(3.709403458572,52.108284426077,
    139.38989221983));
#561 = CARTESIAN_POINT('',(3.59349925066,52.158283965172,139.38989221983
    ));
#562 = CARTESIAN_POINT('',(3.473657782664,52.198370480703,
    139.38989221983));
#563 = CARTESIAN_POINT('',(3.350861505058,52.228201780053,
    139.38989221983));
#564 = CARTESIAN_POINT('',(3.226124306084,52.247545009393,
    139.38989221983));
#565 = CARTESIAN_POINT('',(3.100489734664,52.256284281771,
    139.38989221983));
#566 = CARTESIAN_POINT('',(2.852128399585,52.252636339173,
    139.38989221983));
#567 = CARTESIAN_POINT('',(2.729351340455,52.240674660763,
    139.38989221983));
#568 = CARTESIAN_POINT('',(2.607712362637,52.218565440211,
    139.38989221983));
#569 = CARTESIAN_POINT('',(2.48818969799,52.186443656197,139.38989221983
    ));
#570 = CARTESIAN_POINT('',(2.371731292035,52.144551472171,
    139.38989221983));
#571 = CARTESIAN_POINT('',(2.259253393178,52.093231262296,
    139.38989221983));
#572 = CARTESIAN_POINT('',(2.151635724952,52.032930549577,
    139.38989221983));
#573 = CARTESIAN_POINT('',(1.946824611722,51.894855829336,
    139.38989221983));
#574 = CARTESIAN_POINT('',(1.849704509617,51.816897922619,
    139.38989221983));
#575 = CARTESIAN_POINT('',(1.75921873664,51.730921846199,139.38989221983
    ));
#576 = CARTESIAN_POINT('',(1.676132824472,51.637595155158,
    139.38989221983));
#577 = CARTESIAN_POINT('',(1.601124956014,51.537661201913,
    139.38989221983));
#578 = CARTESIAN_POINT('',(1.534788846023,51.431932204619,
    139.38989221983));
#579 = CARTESIAN_POINT('',(1.477626581189,51.32129043154,139.38989221983
    ));
#580 = CARTESIAN_POINT('',(1.396099595447,51.125001231635,
    139.38989221983));
#581 = CARTESIAN_POINT('',(1.367024794824,51.041283357318,
    139.38989221983));
#582 = CARTESIAN_POINT('',(1.342950025254,50.955886121086,
    139.38989221983));
#583 = CARTESIAN_POINT('',(1.323986344003,50.869158917432,
    139.38989221983));
#584 = CARTESIAN_POINT('',(1.310215328302,50.781457249875,
    139.38989221983));
#585 = CARTESIAN_POINT('',(1.301689830108,50.693142008436,
    139.38989221983));
#586 = CARTESIAN_POINT('',(1.298433015426,50.604579067411,
    139.38989221983));
#587 = CARTESIAN_POINT('',(1.302258550345,50.435639941897,
    139.38989221983));
#588 = CARTESIAN_POINT('',(1.308439185061,50.355236964369,
    139.38989221983));
#589 = CARTESIAN_POINT('',(1.318971062502,50.275208858724,
    139.38989221983));
#590 = CARTESIAN_POINT('',(1.333827036026,50.195830625363,
    139.38989221983));
#591 = CARTESIAN_POINT('',(1.352959436538,50.117373266853,
    139.38989221983));
#592 = CARTESIAN_POINT('',(1.376300166838,50.040103377566,
    139.38989221983));
#593 = CARTESIAN_POINT('',(1.40376079596,49.96428273331,139.38989221983)
  );
#594 = CARTESIAN_POINT('',(1.485461768412,49.77188050543,139.38989221983
    ));
#595 = CARTESIAN_POINT('',(1.545919844639,49.657909930218,
    139.38989221983));
#596 = CARTESIAN_POINT('',(1.616161172131,49.549323566131,
    139.38989221983));
#597 = CARTESIAN_POINT('',(1.695615212513,49.447094753589,
    139.38989221983));
#598 = CARTESIAN_POINT('',(1.783607489132,49.352114626176,
    139.38989221983));
#599 = CARTESIAN_POINT('',(1.879368317077,49.265193768573,
    139.38989221983));
#600 = CARTESIAN_POINT('',(1.982029373195,49.18705366885,139.38989221983
    ));
#601 = CARTESIAN_POINT('',(2.199122975921,49.049602695779,
    139.38989221983));
#602 = CARTESIAN_POINT('',(2.313591445912,48.990253615689,
    139.38989221983));
#603 = CARTESIAN_POINT('',(2.43304086017,48.940884891504,139.38989221983
    ));
#604 = CARTESIAN_POINT('',(2.556449825127,48.901972096354,
    139.38989221983));
#605 = CARTESIAN_POINT('',(2.68275844613,48.873864062281,139.38989221983
    ));
#606 = CARTESIAN_POINT('',(2.810874524915,48.856789416073,
    139.38989221983));
#607 = CARTESIAN_POINT('',(2.93967571803,48.850847798497,139.38989221983
    ));
#608 = CARTESIAN_POINT('',(3.185436028851,48.860687194184,
    139.38989221983));
#609 = CARTESIAN_POINT('',(3.302509669627,48.8746669604,139.38989221983)
  );
#610 = CARTESIAN_POINT('',(3.418348542621,48.897894199593,
    139.38989221983));
#611 = CARTESIAN_POINT('',(3.532100919389,48.930234468238,
    139.38989221983));
#612 = CARTESIAN_POINT('',(3.642941582879,48.971464005084,
    139.38989221983));
#613 = CARTESIAN_POINT('',(3.750072902923,49.021275051856,
    139.38989221983));
#614 = CARTESIAN_POINT('',(3.852728783282,49.079272234838,
    139.38989221983));
#615 = CARTESIAN_POINT('',(4.12237317513,49.261025434348,139.38989221983
    ));
#616 = CARTESIAN_POINT('',(4.278600063194,49.401289649945,
    139.38989221983));
#617 = CARTESIAN_POINT('',(4.414491308566,49.562973626758,
    139.38989221983));
#618 = CARTESIAN_POINT('',(4.526788743043,49.742518110811,
    139.38989221983));
#619 = CARTESIAN_POINT('',(4.612897370364,49.93598745627,139.38989221983
    ));
#620 = CARTESIAN_POINT('',(4.671008580233,50.139030452623,
    139.38989221983));
#621 = CARTESIAN_POINT('',(4.7,50.346960457642,139.38989221983));
#622 = CARTESIAN_POINT('',(4.7,50.554624915983,139.38989221983));
#623 = PCURVE('',#115,#624);
#624 = DEFINITIONAL_REPRESENTATION('',(#625),#698);
#625 = B_SPLINE_CURVE_WITH_KNOTS('',8,(#626,#627,#628,#629,#630,#631,
    #632,#633,#634,#635,#636,#637,#638,#639,#640,#641,#642,#643,#644,
    #645,#646,#647,#648,#649,#650,#651,#652,#653,#654,#655,#656,#657,
    #658,#659,#660,#661,#662,#663,#664,#665,#666,#667,#668,#669,#670,
    #671,#672,#673,#674,#675,#676,#677,#678,#679,#680,#681,#682,#683,
    #684,#685,#686,#687,#688,#689,#690,#691,#692,#693,#694,#695,#696,
    #697),.UNSPECIFIED.,.F.,.F.,(9,7,7,7,7,7,7,7,7,7,9),(0.,
    9.901693949321E-02,0.199630860659,0.298198043373,0.397699566312,
    0.468636780743,0.533204873929,0.636255612669,0.739245739718,
    0.833485437159,1.),.UNSPECIFIED.);
#626 = CARTESIAN_POINT('',(6.31631944957,20.443535768171));
#627 = CARTESIAN_POINT('',(6.203266978806,20.493194330095));
#628 = CARTESIAN_POINT('',(6.09431815949,20.552245634701));
#629 = CARTESIAN_POINT('',(5.990412270266,20.620283128866));
#630 = CARTESIAN_POINT('',(5.892408831465,20.696795170993));
#631 = CARTESIAN_POINT('',(5.801096956307,20.781181572534));
#632 = CARTESIAN_POINT('',(5.717196630369,20.872760535746));
#633 = CARTESIAN_POINT('',(5.641351919331,20.970765987642));
#634 = CARTESIAN_POINT('',(5.505795886689,21.179575036902));
#635 = CARTESIAN_POINT('',(5.446340489906,21.290596541428));
#636 = CARTESIAN_POINT('',(5.396340950811,21.40650074934));
#637 = CARTESIAN_POINT('',(5.35625443528,21.526342217336));
#638 = CARTESIAN_POINT('',(5.32642313593,21.649138494942));
#639 = CARTESIAN_POINT('',(5.30707990659,21.773875693916));
#640 = CARTESIAN_POINT('',(5.298340634212,21.899510265336));
#641 = CARTESIAN_POINT('',(5.30198857681,22.147871600415));
#642 = CARTESIAN_POINT('',(5.31395025522,22.270648659545));
#643 = CARTESIAN_POINT('',(5.336059475772,22.392287637363));
#644 = CARTESIAN_POINT('',(5.368181259786,22.51181030201));
#645 = CARTESIAN_POINT('',(5.410073443812,22.628268707965));
#646 = CARTESIAN_POINT('',(5.461393653687,22.740746606822));
#647 = CARTESIAN_POINT('',(5.521694366407,22.848364275048));
#648 = CARTESIAN_POINT('',(5.659769086647,23.053175388278));
#649 = CARTESIAN_POINT('',(5.737726993364,23.150295490383));
#650 = CARTESIAN_POINT('',(5.823703069784,23.24078126336));
#651 = CARTESIAN_POINT('',(5.917029760825,23.323867175528));
#652 = CARTESIAN_POINT('',(6.01696371407,23.398875043986));
#653 = CARTESIAN_POINT('',(6.122692711364,23.465211153977));
#654 = CARTESIAN_POINT('',(6.233334484443,23.522373418811));
#655 = CARTESIAN_POINT('',(6.429623684348,23.603900404553));
#656 = CARTESIAN_POINT('',(6.513341558665,23.632975205176));
#657 = CARTESIAN_POINT('',(6.598738794897,23.657049974746));
#658 = CARTESIAN_POINT('',(6.685465998551,23.676013655997));
#659 = CARTESIAN_POINT('',(6.773167666108,23.689784671698));
#660 = CARTESIAN_POINT('',(6.861482907548,23.698310169892));
#661 = CARTESIAN_POINT('',(6.950045848572,23.701566984574));
#662 = CARTESIAN_POINT('',(7.118984974086,23.697741449655));
#663 = CARTESIAN_POINT('',(7.199387951614,23.691560814939));
#664 = CARTESIAN_POINT('',(7.279416057259,23.681028937498));
#665 = CARTESIAN_POINT('',(7.358794290621,23.666172963974));
#666 = CARTESIAN_POINT('',(7.43725164913,23.647040563462));
#667 = CARTESIAN_POINT('',(7.514521538417,23.623699833162));
#668 = CARTESIAN_POINT('',(7.590342182673,23.59623920404));
#669 = CARTESIAN_POINT('',(7.782744410553,23.514538231588));
#670 = CARTESIAN_POINT('',(7.896714985765,23.454080155361));
#671 = CARTESIAN_POINT('',(8.005301349852,23.383838827869));
#672 = CARTESIAN_POINT('',(8.107530162394,23.304384787487));
#673 = CARTESIAN_POINT('',(8.202510289807,23.216392510868));
#674 = CARTESIAN_POINT('',(8.28943114741,23.120631682923));
#675 = CARTESIAN_POINT('',(8.367571247133,23.017970626805));
#676 = CARTESIAN_POINT('',(8.505022220204,22.800877024079));
#677 = CARTESIAN_POINT('',(8.564371300294,22.686408554088));
#678 = CARTESIAN_POINT('',(8.613740024479,22.56695913983));
#679 = CARTESIAN_POINT('',(8.652652819629,22.443550174873));
#680 = CARTESIAN_POINT('',(8.680760853702,22.31724155387));
#681 = CARTESIAN_POINT('',(8.69783549991,22.189125475085));
#682 = CARTESIAN_POINT('',(8.703777117486,22.06032428197));
#683 = CARTESIAN_POINT('',(8.693937721799,21.814563971149));
#684 = CARTESIAN_POINT('',(8.679957955583,21.697490330373));
#685 = CARTESIAN_POINT('',(8.65673071639,21.581651457379));
#686 = CARTESIAN_POINT('',(8.624390447745,21.467899080611));
#687 = CARTESIAN_POINT('',(8.583160910899,21.357058417121));
#688 = CARTESIAN_POINT('',(8.533349864127,21.249927097077));
#689 = CARTESIAN_POINT('',(8.475352681145,21.147271216718));
#690 = CARTESIAN_POINT('',(8.293599481635,20.87762682487));
#691 = CARTESIAN_POINT('',(8.153335266038,20.721399936806));
#692 = CARTESIAN_POINT('',(7.991651289224,20.585508691433));
#693 = CARTESIAN_POINT('',(7.812106805172,20.473211256957));
#694 = CARTESIAN_POINT('',(7.618637459713,20.387102629636));
#695 = CARTESIAN_POINT('',(7.41559446336,20.328991419768));
#696 = CARTESIAN_POINT('',(7.207664458341,20.3));
#697 = CARTESIAN_POINT('',(7.,20.3));
#698 = ( GEOMETRIC_REPRESENTATION_CONTEXT(2) 
PARAMETRIC_REPRESENTATION_CONTEXT() REPRESENTATION_CONTEXT('2D SPACE',''
  ) );
#699 = PCURVE('',#532,#700);
#700 = DEFINITIONAL_REPRESENTATION('',(#701),#774);
#701 = B_SPLINE_CURVE_WITH_KNOTS('',8,(#702,#703,#704,#705,#706,#707,
    #708,#709,#710,#711,#712,#713,#714,#715,#716,#717,#718,#719,#720,
    #721,#722,#723,#724,#725,#726,#727,#728,#729,#730,#731,#732,#733,
    #734,#735,#736,#737,#738,#739,#740,#741,#742,#743,#744,#745,#746,
    #747,#748,#749,#750,#751,#752,#753,#754,#755,#756,#757,#758,#759,
    #760,#761,#762,#763,#764,#765,#766,#767,#768,#769,#770,#771,#772,
    #773),.UNSPECIFIED.,.F.,.F.,(9,7,7,7,7,7,7,7,7,7,9),(0.,
    9.901693949321E-02,0.199630860659,0.298198043373,0.397699566312,
    0.468636780743,0.533204873929,0.636255612669,0.739245739718,
    0.833485437159,1.),.UNSPECIFIED.);
#702 = CARTESIAN_POINT('',(0.413880308251,65.));
#703 = CARTESIAN_POINT('',(0.486514467426,65.));
#704 = CARTESIAN_POINT('',(0.559160315528,65.));
#705 = CARTESIAN_POINT('',(0.631800807294,65.));
#706 = CARTESIAN_POINT('',(0.704434836566,65.));
#707 = CARTESIAN_POINT('',(0.777069240405,65.));
#708 = CARTESIAN_POINT('',(0.849710761711,65.));
#709 = CARTESIAN_POINT('',(0.922357970341,65.));
#710 = CARTESIAN_POINT('',(1.068799801959,65.));
#711 = CARTESIAN_POINT('',(1.142619435609,65.));
#712 = CARTESIAN_POINT('',(1.216433061701,65.));
#713 = CARTESIAN_POINT('',(1.290239213635,65.));
#714 = CARTESIAN_POINT('',(1.364045192241,65.));
#715 = CARTESIAN_POINT('',(1.437858332659,65.));
#716 = CARTESIAN_POINT('',(1.511677286059,65.));
#717 = CARTESIAN_POINT('',(1.657787947358,65.));
#718 = CARTESIAN_POINT('',(1.730105067001,65.));
#719 = CARTESIAN_POINT('',(1.802417311497,65.));
#720 = CARTESIAN_POINT('',(1.874723150179,65.));
#721 = CARTESIAN_POINT('',(1.947029094649,65.));
#722 = CARTESIAN_POINT('',(2.019341783259,65.));
#723 = CARTESIAN_POINT('',(2.0916599408,65.));
#724 = CARTESIAN_POINT('',(2.236957893205,65.));
#725 = CARTESIAN_POINT('',(2.309961877257,65.));
#726 = CARTESIAN_POINT('',(2.382960015401,65.));
#727 = CARTESIAN_POINT('',(2.455950848541,65.));
#728 = CARTESIAN_POINT('',(2.52894128942,65.));
#729 = CARTESIAN_POINT('',(2.601938347096,65.));
#730 = CARTESIAN_POINT('',(2.674940895107,65.));
#731 = CARTESIAN_POINT('',(2.799968365312,65.));
#732 = CARTESIAN_POINT('',(2.85200754954,65.));
#733 = CARTESIAN_POINT('',(2.904045676292,65.));
#734 = CARTESIAN_POINT('',(2.956082488762,65.));
#735 = CARTESIAN_POINT('',(3.008119282372,65.));
#736 = CARTESIAN_POINT('',(3.060157354766,65.));
#737 = CARTESIAN_POINT('',(3.112196456468,65.));
#738 = CARTESIAN_POINT('',(3.211597887966,65.));
#739 = CARTESIAN_POINT('',(3.258963953734,65.));
#740 = CARTESIAN_POINT('',(3.306329417022,65.));
#741 = CARTESIAN_POINT('',(3.353694115847,65.));
#742 = CARTESIAN_POINT('',(3.4010588214,65.));
#743 = CARTESIAN_POINT('',(3.448424310697,65.));
#744 = CARTESIAN_POINT('',(3.495790439232,65.));
#745 = CARTESIAN_POINT('',(3.618749439055,65.));
#746 = CARTESIAN_POINT('',(3.694357864945,65.));
#747 = CARTESIAN_POINT('',(3.769959751223,65.));
#748 = CARTESIAN_POINT('',(3.845553754304,65.));
#749 = CARTESIAN_POINT('',(3.921148196995,65.));
#750 = CARTESIAN_POINT('',(3.996751282919,65.));
#751 = CARTESIAN_POINT('',(4.07236125546,65.));
#752 = CARTESIAN_POINT('',(4.223507283916,65.));
#753 = CARTESIAN_POINT('',(4.299072558033,65.));
#754 = CARTESIAN_POINT('',(4.374631116259,65.));
#755 = CARTESIAN_POINT('',(4.450181362606,65.));
#756 = CARTESIAN_POINT('',(4.525731491628,65.));
#757 = CARTESIAN_POINT('',(4.601289682628,65.));
#758 = CARTESIAN_POINT('',(4.6768543089,65.));
#759 = CARTESIAN_POINT('',(4.821535014603,65.));
#760 = CARTESIAN_POINT('',(4.890675537334,65.));
#761 = CARTESIAN_POINT('',(4.959811972803,65.));
#762 = CARTESIAN_POINT('',(5.028943228893,65.));
#763 = CARTESIAN_POINT('',(5.0980745667,65.));
#764 = CARTESIAN_POINT('',(5.167211279744,65.));
#765 = CARTESIAN_POINT('',(5.236352364429,65.));
#766 = CARTESIAN_POINT('',(5.427634980742,65.));
#767 = CARTESIAN_POINT('',(5.549954293662,65.));
#768 = CARTESIAN_POINT('',(5.672177003419,65.));
#769 = CARTESIAN_POINT('',(5.794340381899,65.));
#770 = CARTESIAN_POINT('',(5.916501466669,65.));
#771 = CARTESIAN_POINT('',(6.038718338191,65.));
#772 = CARTESIAN_POINT('',(6.16102974345,65.));
#773 = CARTESIAN_POINT('',(6.28318530718,65.));
#774 = ( GEOMETRIC_REPRESENTATION_CONTEXT(2) 
PARAMETRIC_REPRESENTATION_CONTEXT() REPRESENTATION_CONTEXT('2D SPACE',''
  ) );
#775 = FACE_BOUND('',#776,.F.);
#776 = EDGE_LOOP('',(#777,#819));
#777 = ORIENTED_EDGE('',*,*,#778,.T.);
#778 = EDGE_CURVE('',#779,#781,#783,.T.);
#779 = VERTEX_POINT('',#780);
#780 = CARTESIAN_POINT('',(4.7,34.554624915983,139.38989221983));
#781 = VERTEX_POINT('',#782);
#782 = CARTESIAN_POINT('',(4.404308757002,35.512704722162,
    139.38989221983));
#783 = SURFACE_CURVE('',#784,(#792,#803),.PCURVE_S1.);
#784 = B_SPLINE_CURVE_WITH_KNOTS('',6,(#785,#786,#787,#788,#789,#790,
    #791),.UNSPECIFIED.,.F.,.F.,(7,7),(0.,1.),.PIECEWISE_BEZIER_KNOTS.);
#785 = CARTESIAN_POINT('',(4.7,34.554624915983,139.38989221983));
#786 = CARTESIAN_POINT('',(4.7,34.724246684413,139.38989221983));
#787 = CARTESIAN_POINT('',(4.679690525891,34.893913279864,
    139.38989221983));
#788 = CARTESIAN_POINT('',(4.639052810389,35.060483151931,
    139.38989221983));
#789 = CARTESIAN_POINT('',(4.578747554488,35.220983538127,
    139.38989221983));
#790 = CARTESIAN_POINT('',(4.499903722154,35.37258607461,139.38989221983
    ));
#791 = CARTESIAN_POINT('',(4.404308757002,35.512704722162,
    139.38989221983));
#792 = PCURVE('',#115,#793);
#793 = DEFINITIONAL_REPRESENTATION('',(#794),#802);
#794 = B_SPLINE_CURVE_WITH_KNOTS('',6,(#795,#796,#797,#798,#799,#800,
    #801),.UNSPECIFIED.,.F.,.F.,(7,7),(0.,1.),.PIECEWISE_BEZIER_KNOTS.);
#795 = CARTESIAN_POINT('',(23.,20.3));
#796 = CARTESIAN_POINT('',(22.83037823157,20.3));
#797 = CARTESIAN_POINT('',(22.660711636119,20.320309474109));
#798 = CARTESIAN_POINT('',(22.494141764052,20.360947189611));
#799 = CARTESIAN_POINT('',(22.333641377856,20.421252445512));
#800 = CARTESIAN_POINT('',(22.182038841373,20.500096277846));
#801 = CARTESIAN_POINT('',(22.041920193821,20.595691242998));
#802 = ( GEOMETRIC_REPRESENTATION_CONTEXT(2) 
PARAMETRIC_REPRESENTATION_CONTEXT() REPRESENTATION_CONTEXT('2D SPACE',''
  ) );
#803 = PCURVE('',#804,#809);
#804 = CYLINDRICAL_SURFACE('',#805,1.7);
#805 = AXIS2_PLACEMENT_3D('',#806,#807,#808);
#806 = CARTESIAN_POINT('',(3.,34.554624915983,74.389892219836));
#807 = DIRECTION('',(0.,0.,1.));
#808 = DIRECTION('',(1.,0.,-0.));
#809 = DEFINITIONAL_REPRESENTATION('',(#810),#818);
#810 = B_SPLINE_CURVE_WITH_KNOTS('',6,(#811,#812,#813,#814,#815,#816,
    #817),.UNSPECIFIED.,.F.,.F.,(7,7),(0.,1.),.PIECEWISE_BEZIER_KNOTS.);
#811 = CARTESIAN_POINT('',(0.,65.));
#812 = CARTESIAN_POINT('',(9.977751084105E-02,65.));
#813 = CARTESIAN_POINT('',(0.199580844183,65.));
#814 = CARTESIAN_POINT('',(0.299353833089,65.));
#815 = CARTESIAN_POINT('',(0.399127079108,65.));
#816 = CARTESIAN_POINT('',(0.49893116841,65.));
#817 = CARTESIAN_POINT('',(0.598708832583,65.));
#818 = ( GEOMETRIC_REPRESENTATION_CONTEXT(2) 
PARAMETRIC_REPRESENTATION_CONTEXT() REPRESENTATION_CONTEXT('2D SPACE',''
  ) );
#819 = ORIENTED_EDGE('',*,*,#820,.T.);
#820 = EDGE_CURVE('',#781,#779,#821,.T.);
#821 = SURFACE_CURVE('',#822,(#895,#971),.PCURVE_S1.);
#822 = B_SPLINE_CURVE_WITH_KNOTS('',8,(#823,#824,#825,#826,#827,#828,
    #829,#830,#831,#832,#833,#834,#835,#836,#837,#838,#839,#840,#841,
    #842,#843,#844,#845,#846,#847,#848,#849,#850,#851,#852,#853,#854,
    #855,#856,#857,#858,#859,#860,#861,#862,#863,#864,#865,#866,#867,
    #868,#869,#870,#871,#872,#873,#874,#875,#876,#877,#878,#879,#880,
    #881,#882,#883,#884,#885,#886,#887,#888,#889,#890,#891,#892,#893,
    #894),.UNSPECIFIED.,.F.,.F.,(9,7,7,7,7,7,7,7,7,7,9),(0.,
    9.750965906316E-02,0.186213615289,0.318896377049,0.384952908078,
    0.450501400825,0.508993728302,0.62603472574,0.729137785683,
    0.826988574514,1.),.UNSPECIFIED.);
#823 = CARTESIAN_POINT('',(4.404308757002,35.512704722162,
    139.38989221983));
#824 = CARTESIAN_POINT('',(4.337936072087,35.60999071238,139.38989221983
    ));
#825 = CARTESIAN_POINT('',(4.26385203034,35.702034704334,139.38989221983
    ));
#826 = CARTESIAN_POINT('',(4.182552003878,35.788103318744,
    139.38989221983));
#827 = CARTESIAN_POINT('',(4.094604707281,35.867542056329,
    139.38989221983));
#828 = CARTESIAN_POINT('',(4.000641203314,35.939766291369,
    139.38989221983));
#829 = CARTESIAN_POINT('',(3.901350004341,36.004259577387,
    139.38989221983));
#830 = CARTESIAN_POINT('',(3.797478269436,36.060579264964,
    139.38989221983));
#831 = CARTESIAN_POINT('',(3.591920383113,36.151843861742,
    139.38989221983));
#832 = CARTESIAN_POINT('',(3.490861028797,36.188269944332,
    139.38989221983));
#833 = CARTESIAN_POINT('',(3.387266806955,36.217376029615,
    139.38989221983));
#834 = CARTESIAN_POINT('',(3.281758594433,36.238961592526,
    139.38989221983));
#835 = CARTESIAN_POINT('',(3.174969510339,36.252889434671,
    139.38989221983));
#836 = CARTESIAN_POINT('',(3.067542923663,36.259083277053,
    139.38989221983));
#837 = CARTESIAN_POINT('',(2.960131330347,36.257530743644,
    139.38989221983));
#838 = CARTESIAN_POINT('',(2.693742283195,36.234472091954,
    139.38989221983));
#839 = CARTESIAN_POINT('',(2.535502242722,36.203445884112,
    139.38989221983));
#840 = CARTESIAN_POINT('',(2.380954634766,36.15538370792,139.38989221983
    ));
#841 = CARTESIAN_POINT('',(2.232231343157,36.090834539911,
    139.38989221983));
#842 = CARTESIAN_POINT('',(2.09132921852,36.010634644237,139.38989221983
    ));
#843 = CARTESIAN_POINT('',(1.960116511389,35.915878752025,
    139.38989221983));
#844 = CARTESIAN_POINT('',(1.840313177392,35.80794309573,139.38989221983
    ));
#845 = CARTESIAN_POINT('',(1.680209234991,35.62910959268,139.38989221983
    ));
#846 = CARTESIAN_POINT('',(1.630181003496,35.566813441828,
    139.38989221983));
#847 = CARTESIAN_POINT('',(1.583520101941,35.501863489079,
    139.38989221983));
#848 = CARTESIAN_POINT('',(1.540390254512,35.43447286717,139.38989221983
    ));
#849 = CARTESIAN_POINT('',(1.500938140357,35.364865437106,
    139.38989221983));
#850 = CARTESIAN_POINT('',(1.46529318795,35.293275444434,139.38989221983
    ));
#851 = CARTESIAN_POINT('',(1.433567369448,35.219947175515,
    139.38989221983));
#852 = CARTESIAN_POINT('',(1.378355755482,35.070897432648,
    139.38989221983));
#853 = CARTESIAN_POINT('',(1.354806982685,34.995194709112,
    139.38989221983));
#854 = CARTESIAN_POINT('',(1.335300388808,34.918274698135,
    139.38989221983));
#855 = CARTESIAN_POINT('',(1.319908596186,34.84038970912,139.38989221983
    ));
#856 = CARTESIAN_POINT('',(1.308685057979,34.761795730834,
    139.38989221983));
#857 = CARTESIAN_POINT('',(1.301663978804,34.682752056326,
    139.38989221983));
#858 = CARTESIAN_POINT('',(1.298860235376,34.603520907844,
    139.38989221983));
#859 = CARTESIAN_POINT('',(1.301526676192,34.453733970241,
    139.38989221983));
#860 = CARTESIAN_POINT('',(1.306138684316,34.383159095418,
    139.38989221983));
#861 = CARTESIAN_POINT('',(1.31410191122,34.312830250475,139.38989221983
    ));
#862 = CARTESIAN_POINT('',(1.325400662892,34.242933323574,
    139.38989221983));
#863 = CARTESIAN_POINT('',(1.340007020786,34.173652081942,
    139.38989221983));
#864 = CARTESIAN_POINT('',(1.357880901028,34.105167975983,
    139.38989221983));
#865 = CARTESIAN_POINT('',(1.378970113614,34.037659943372,
    139.38989221983));
#866 = CARTESIAN_POINT('',(1.451714386966,33.838528835878,
    139.38989221983));
#867 = CARTESIAN_POINT('',(1.51284972438,33.710325813805,139.38989221983
    ));
#868 = CARTESIAN_POINT('',(1.586095802675,33.588155442035,
    139.38989221983));
#869 = CARTESIAN_POINT('',(1.670740456902,33.47334209459,139.38989221983
    ));
#870 = CARTESIAN_POINT('',(1.7659168434,33.36709439479,139.38989221983)
  );
#871 = CARTESIAN_POINT('',(1.870618614062,33.270507963208,
    139.38989221983));
#872 = CARTESIAN_POINT('',(1.983693409767,33.184550743181,
    139.38989221983));
#873 = CARTESIAN_POINT('',(2.209631182411,33.044385329949,
    139.38989221983));
#874 = CARTESIAN_POINT('',(2.320961658916,32.987586723162,
    139.38989221983));
#875 = CARTESIAN_POINT('',(2.436915900011,32.940194308124,
    139.38989221983));
#876 = CARTESIAN_POINT('',(2.556561254591,32.902636844469,
    139.38989221983));
#877 = CARTESIAN_POINT('',(2.678931254053,32.875230863554,
    139.38989221983));
#878 = CARTESIAN_POINT('',(2.803030849636,32.858186156254,
    139.38989221983));
#879 = CARTESIAN_POINT('',(2.927838256002,32.851598511871,
    139.38989221983));
#880 = CARTESIAN_POINT('',(3.170428048695,32.859065735862,
    139.38989221983));
#881 = CARTESIAN_POINT('',(3.28828075463,32.872087231719,139.38989221983
    ));
#882 = CARTESIAN_POINT('',(3.404966229819,32.89447107773,139.38989221983
    ));
#883 = CARTESIAN_POINT('',(3.519617263671,32.926087944702,
    139.38989221983));
#884 = CARTESIAN_POINT('',(3.631392966826,32.966716995823,
    139.38989221983));
#885 = CARTESIAN_POINT('',(3.739479924542,33.016051341068,
    139.38989221983));
#886 = CARTESIAN_POINT('',(3.843096260693,33.073694242462,
    139.38989221983));
#887 = CARTESIAN_POINT('',(4.115485264299,33.254872413852,
    139.38989221983));
#888 = CARTESIAN_POINT('',(4.273461818002,33.395204211816,
    139.38989221983));
#889 = CARTESIAN_POINT('',(4.410950276819,33.557335811228,
    139.38989221983));
#890 = CARTESIAN_POINT('',(4.524615272014,33.737653216184,
    139.38989221983));
#891 = CARTESIAN_POINT('',(4.611797421343,33.932156245992,
    139.38989221983));
#892 = CARTESIAN_POINT('',(4.670643518272,34.136415551183,
    139.38989221983));
#893 = CARTESIAN_POINT('',(4.7,34.345657110424,139.38989221983));
#894 = CARTESIAN_POINT('',(4.7,34.554624915983,139.38989221983));
#895 = PCURVE('',#115,#896);
#896 = DEFINITIONAL_REPRESENTATION('',(#897),#970);
#897 = B_SPLINE_CURVE_WITH_KNOTS('',8,(#898,#899,#900,#901,#902,#903,
    #904,#905,#906,#907,#908,#909,#910,#911,#912,#913,#914,#915,#916,
    #917,#918,#919,#920,#921,#922,#923,#924,#925,#926,#927,#928,#929,
    #930,#931,#932,#933,#934,#935,#936,#937,#938,#939,#940,#941,#942,
    #943,#944,#945,#946,#947,#948,#949,#950,#951,#952,#953,#954,#955,
    #956,#957,#958,#959,#960,#961,#962,#963,#964,#965,#966,#967,#968,
    #969),.UNSPECIFIED.,.F.,.F.,(9,7,7,7,7,7,7,7,7,7,9),(0.,
    9.750965906316E-02,0.186213615289,0.318896377049,0.384952908078,
    0.450501400825,0.508993728302,0.62603472574,0.729137785683,
    0.826988574514,1.),.UNSPECIFIED.);
#898 = CARTESIAN_POINT('',(22.041920193821,20.595691242998));
#899 = CARTESIAN_POINT('',(21.944634203603,20.662063927913));
#900 = CARTESIAN_POINT('',(21.852590211649,20.73614796966));
#901 = CARTESIAN_POINT('',(21.766521597239,20.817447996122));
#902 = CARTESIAN_POINT('',(21.687082859654,20.905395292719));
#903 = CARTESIAN_POINT('',(21.614858624614,20.999358796686));
#904 = CARTESIAN_POINT('',(21.550365338596,21.098649995659));
#905 = CARTESIAN_POINT('',(21.494045651019,21.202521730564));
#906 = CARTESIAN_POINT('',(21.402781054242,21.408079616887));
#907 = CARTESIAN_POINT('',(21.366354971651,21.509138971203));
#908 = CARTESIAN_POINT('',(21.337248886368,21.612733193045));
#909 = CARTESIAN_POINT('',(21.315663323457,21.718241405567));
#910 = CARTESIAN_POINT('',(21.301735481312,21.825030489661));
#911 = CARTESIAN_POINT('',(21.295541638931,21.932457076337));
#912 = CARTESIAN_POINT('',(21.297094172339,22.039868669653));
#913 = CARTESIAN_POINT('',(21.320152824029,22.306257716805));
#914 = CARTESIAN_POINT('',(21.351179031871,22.464497757278));
#915 = CARTESIAN_POINT('',(21.399241208063,22.619045365234));
#916 = CARTESIAN_POINT('',(21.463790376072,22.767768656843));
#917 = CARTESIAN_POINT('',(21.543990271746,22.90867078148));
#918 = CARTESIAN_POINT('',(21.638746163958,23.039883488611));
#919 = CARTESIAN_POINT('',(21.746681820253,23.159686822608));
#920 = CARTESIAN_POINT('',(21.925515323303,23.319790765009));
#921 = CARTESIAN_POINT('',(21.987811474155,23.369818996504));
#922 = CARTESIAN_POINT('',(22.052761426904,23.416479898059));
#923 = CARTESIAN_POINT('',(22.120152048813,23.459609745488));
#924 = CARTESIAN_POINT('',(22.189759478878,23.499061859643));
#925 = CARTESIAN_POINT('',(22.261349471549,23.53470681205));
#926 = CARTESIAN_POINT('',(22.334677740468,23.566432630552));
#927 = CARTESIAN_POINT('',(22.483727483335,23.621644244518));
#928 = CARTESIAN_POINT('',(22.559430206871,23.645193017315));
#929 = CARTESIAN_POINT('',(22.636350217848,23.664699611192));
#930 = CARTESIAN_POINT('',(22.714235206863,23.680091403814));
#931 = CARTESIAN_POINT('',(22.792829185149,23.691314942021));
#932 = CARTESIAN_POINT('',(22.871872859657,23.698336021196));
#933 = CARTESIAN_POINT('',(22.951104008139,23.701139764624));
#934 = CARTESIAN_POINT('',(23.100890945742,23.698473323808));
#935 = CARTESIAN_POINT('',(23.171465820565,23.693861315684));
#936 = CARTESIAN_POINT('',(23.241794665508,23.68589808878));
#937 = CARTESIAN_POINT('',(23.31169159241,23.674599337108));
#938 = CARTESIAN_POINT('',(23.380972834041,23.659992979214));
#939 = CARTESIAN_POINT('',(23.449456940001,23.642119098972));
#940 = CARTESIAN_POINT('',(23.516964972611,23.621029886386));
#941 = CARTESIAN_POINT('',(23.716096080105,23.548285613034));
#942 = CARTESIAN_POINT('',(23.844299102178,23.48715027562));
#943 = CARTESIAN_POINT('',(23.966469473948,23.413904197325));
#944 = CARTESIAN_POINT('',(24.081282821394,23.329259543098));
#945 = CARTESIAN_POINT('',(24.187530521193,23.2340831566));
#946 = CARTESIAN_POINT('',(24.284116952775,23.129381385938));
#947 = CARTESIAN_POINT('',(24.370074172802,23.016306590233));
#948 = CARTESIAN_POINT('',(24.510239586034,22.790368817589));
#949 = CARTESIAN_POINT('',(24.567038192821,22.679038341084));
#950 = CARTESIAN_POINT('',(24.614430607859,22.563084099989));
#951 = CARTESIAN_POINT('',(24.651988071514,22.443438745409));
#952 = CARTESIAN_POINT('',(24.679394052429,22.321068745947));
#953 = CARTESIAN_POINT('',(24.696438759729,22.196969150364));
#954 = CARTESIAN_POINT('',(24.703026404112,22.072161743998));
#955 = CARTESIAN_POINT('',(24.695559180121,21.829571951305));
#956 = CARTESIAN_POINT('',(24.682537684264,21.71171924537));
#957 = CARTESIAN_POINT('',(24.660153838253,21.595033770181));
#958 = CARTESIAN_POINT('',(24.628536971281,21.480382736329));
#959 = CARTESIAN_POINT('',(24.58790792016,21.368607033174));
#960 = CARTESIAN_POINT('',(24.538573574915,21.260520075458));
#961 = CARTESIAN_POINT('',(24.480930673521,21.156903739307));
#962 = CARTESIAN_POINT('',(24.299752502131,20.884514735701));
#963 = CARTESIAN_POINT('',(24.159420704168,20.726538181999));
#964 = CARTESIAN_POINT('',(23.997289104755,20.58904972318));
#965 = CARTESIAN_POINT('',(23.816971699799,20.475384727987));
#966 = CARTESIAN_POINT('',(23.622468669991,20.388202578656));
#967 = CARTESIAN_POINT('',(23.4182093648,20.329356481728));
#968 = CARTESIAN_POINT('',(23.208967805559,20.3));
#969 = CARTESIAN_POINT('',(23.,20.3));
#970 = ( GEOMETRIC_REPRESENTATION_CONTEXT(2) 
PARAMETRIC_REPRESENTATION_CONTEXT() REPRESENTATION_CONTEXT('2D SPACE',''
  ) );
#971 = PCURVE('',#804,#972);
#972 = DEFINITIONAL_REPRESENTATION('',(#973),#1046);
#973 = B_SPLINE_CURVE_WITH_KNOTS('',8,(#974,#975,#976,#977,#978,#979,
    #980,#981,#982,#983,#984,#985,#986,#987,#988,#989,#990,#991,#992,
    #993,#994,#995,#996,#997,#998,#999,#1000,#1001,#1002,#1003,#1004,
    #1005,#1006,#1007,#1008,#1009,#1010,#1011,#1012,#1013,#1014,#1015,
    #1016,#1017,#1018,#1019,#1020,#1021,#1022,#1023,#1024,#1025,#1026,
    #1027,#1028,#1029,#1030,#1031,#1032,#1033,#1034,#1035,#1036,#1037,
    #1038,#1039,#1040,#1041,#1042,#1043,#1044,#1045),.UNSPECIFIED.,.F.,
  .F.,(9,7,7,7,7,7,7,7,7,7,9),(0.,9.750965906316E-02,0.186213615289,
    0.318896377049,0.384952908078,0.450501400825,0.508993728302,
    0.62603472574,0.729137785683,0.826988574514,1.),.UNSPECIFIED.);
#974 = CARTESIAN_POINT('',(0.598708832583,65.));
#975 = CARTESIAN_POINT('',(0.667985613586,65.));
#976 = CARTESIAN_POINT('',(0.73727146979,65.));
#977 = CARTESIAN_POINT('',(0.806553228955,65.));
#978 = CARTESIAN_POINT('',(0.875830158185,65.));
#979 = CARTESIAN_POINT('',(0.945107669232,65.));
#980 = CARTESIAN_POINT('',(1.014390952999,65.));
#981 = CARTESIAN_POINT('',(1.083678543215,65.));
#982 = CARTESIAN_POINT('',(1.215976925767,65.));
#983 = CARTESIAN_POINT('',(1.279004011493,65.));
#984 = CARTESIAN_POINT('',(1.342028385091,65.));
#985 = CARTESIAN_POINT('',(1.405049365095,65.));
#986 = CARTESIAN_POINT('',(1.468070265673,65.));
#987 = CARTESIAN_POINT('',(1.531094381187,65.));
#988 = CARTESIAN_POINT('',(1.594120959611,65.));
#989 = CARTESIAN_POINT('',(1.751406350126,65.));
#990 = CARTESIAN_POINT('',(1.845715885509,65.));
#991 = CARTESIAN_POINT('',(1.94000199372,65.));
#992 = CARTESIAN_POINT('',(2.034268879945,65.));
#993 = CARTESIAN_POINT('',(2.128536126362,65.));
#994 = CARTESIAN_POINT('',(2.222823118951,65.));
#995 = CARTESIAN_POINT('',(2.31713341802,65.));
#996 = CARTESIAN_POINT('',(2.458327895041,65.));
#997 = CARTESIAN_POINT('',(2.50525906733,65.));
#998 = CARTESIAN_POINT('',(2.552189579332,65.));
#999 = CARTESIAN_POINT('',(2.599119286364,65.));
#1000 = CARTESIAN_POINT('',(2.646048935027,65.));
#1001 = CARTESIAN_POINT('',(2.692979277727,65.));
#1002 = CARTESIAN_POINT('',(2.739910187211,65.));
#1003 = CARTESIAN_POINT('',(2.833408421314,65.));
#1004 = CARTESIAN_POINT('',(2.879978293242,65.));
#1005 = CARTESIAN_POINT('',(2.926547577602,65.));
#1006 = CARTESIAN_POINT('',(2.973116155211,65.));
#1007 = CARTESIAN_POINT('',(3.019684742756,65.));
#1008 = CARTESIAN_POINT('',(3.066254038569,65.));
#1009 = CARTESIAN_POINT('',(3.112823868415,65.));
#1010 = CARTESIAN_POINT('',(3.200947791429,65.));
#1011 = CARTESIAN_POINT('',(3.242504138163,65.));
#1012 = CARTESIAN_POINT('',(3.284060218542,65.));
#1013 = CARTESIAN_POINT('',(3.325615891797,65.));
#1014 = CARTESIAN_POINT('',(3.367171538838,65.));
#1015 = CARTESIAN_POINT('',(3.408727571777,65.));
#1016 = CARTESIAN_POINT('',(3.450283943446,65.));
#1017 = CARTESIAN_POINT('',(3.574991112248,65.));
#1018 = CARTESIAN_POINT('',(3.658165185155,65.));
#1019 = CARTESIAN_POINT('',(3.741328745775,65.));
#1020 = CARTESIAN_POINT('',(3.824479643203,65.));
#1021 = CARTESIAN_POINT('',(3.907631168143,65.));
#1022 = CARTESIAN_POINT('',(3.990796408749,65.));
#1023 = CARTESIAN_POINT('',(4.073972499627,65.));
#1024 = CARTESIAN_POINT('',(4.230374762655,65.));
#1025 = CARTESIAN_POINT('',(4.303637276056,65.));
#1026 = CARTESIAN_POINT('',(4.3768940067,65.));
#1027 = CARTESIAN_POINT('',(4.450143539532,65.));
#1028 = CARTESIAN_POINT('',(4.523392909253,65.));
#1029 = CARTESIAN_POINT('',(4.596649185341,65.));
#1030 = CARTESIAN_POINT('',(4.669911074836,65.));
#1031 = CARTESIAN_POINT('',(4.812678540033,65.));
#1032 = CARTESIAN_POINT('',(4.882206329808,65.));
#1033 = CARTESIAN_POINT('',(4.951729861296,65.));
#1034 = CARTESIAN_POINT('',(5.021248066511,65.));
#1035 = CARTESIAN_POINT('',(5.090766377394,65.));
#1036 = CARTESIAN_POINT('',(5.160290233226,65.));
#1037 = CARTESIAN_POINT('',(5.229818578438,65.));
#1038 = CARTESIAN_POINT('',(5.422254519404,65.));
#1039 = CARTESIAN_POINT('',(5.545345656574,65.));
#1040 = CARTESIAN_POINT('',(5.668336830251,65.));
#1041 = CARTESIAN_POINT('',(5.791267149575,65.));
#1042 = CARTESIAN_POINT('',(5.914195084465,65.));
#1043 = CARTESIAN_POINT('',(6.037180180689,65.));
#1044 = CARTESIAN_POINT('',(6.160263068615,65.));
#1045 = CARTESIAN_POINT('',(6.28318530718,65.));
#1046 = ( GEOMETRIC_REPRESENTATION_CONTEXT(2) 
PARAMETRIC_REPRESENTATION_CONTEXT() REPRESENTATION_CONTEXT('2D SPACE',''
  ) );
#1047 = ADVANCED_FACE('',(#1048),#92,.F.);
#1048 = FACE_BOUND('',#1049,.F.);
#1049 = EDGE_LOOP('',(#1050,#1070,#1071,#1072));
#1050 = ORIENTED_EDGE('',*,*,#1051,.F.);
#1051 = EDGE_CURVE('',#54,#1052,#1054,.T.);
#1052 = VERTEX_POINT('',#1053);
#1053 = CARTESIAN_POINT('',(-20.,27.554624915983,134.38989221983));
#1054 = SURFACE_CURVE('',#1055,(#1058,#1064),.PCURVE_S1.);
#1055 = B_SPLINE_CURVE_WITH_KNOTS('',1,(#1056,#1057),.UNSPECIFIED.,.F.,
  .F.,(2,2),(0.,30.),.PIECEWISE_BEZIER_KNOTS.);
#1056 = CARTESIAN_POINT('',(-20.,57.554624915983,134.38989221983));
#1057 = CARTESIAN_POINT('',(-20.,27.554624915983,134.38989221983));
#1058 = PCURVE('',#92,#1059);
#1059 = DEFINITIONAL_REPRESENTATION('',(#1060),#1063);
#1060 = B_SPLINE_CURVE_WITH_KNOTS('',1,(#1061,#1062),.UNSPECIFIED.,.F.,
  .F.,(2,2),(0.,30.),.PIECEWISE_BEZIER_KNOTS.);
#1061 = CARTESIAN_POINT('',(0.,0.));
#1062 = CARTESIAN_POINT('',(0.,30.));
#1063 = ( GEOMETRIC_REPRESENTATION_CONTEXT(2) 
PARAMETRIC_REPRESENTATION_CONTEXT() REPRESENTATION_CONTEXT('2D SPACE',''
  ) );
#1064 = PCURVE('',#67,#1065);
#1065 = DEFINITIONAL_REPRESENTATION('',(#1066),#1069);
#1066 = B_SPLINE_CURVE_WITH_KNOTS('',1,(#1067,#1068),.UNSPECIFIED.,.F.,
  .F.,(2,2),(0.,30.),.PIECEWISE_BEZIER_KNOTS.);
#1067 = CARTESIAN_POINT('',(0.,45.));
#1068 = CARTESIAN_POINT('',(30.,45.));
#1069 = ( GEOMETRIC_REPRESENTATION_CONTEXT(2) 
PARAMETRIC_REPRESENTATION_CONTEXT() REPRESENTATION_CONTEXT('2D SPACE',''
  ) );
#1070 = ORIENTED_EDGE('',*,*,#78,.T.);
#1071 = ORIENTED_EDGE('',*,*,#382,.T.);
#1072 = ORIENTED_EDGE('',*,*,#1073,.F.);
#1073 = EDGE_CURVE('',#1052,#363,#1074,.T.);
#1074 = SURFACE_CURVE('',#1075,(#1078,#1084),.PCURVE_S1.);
#1075 = B_SPLINE_CURVE_WITH_KNOTS('',1,(#1076,#1077),.UNSPECIFIED.,.F.,
  .F.,(2,2),(0.,5.),.PIECEWISE_BEZIER_KNOTS.);
#1076 = CARTESIAN_POINT('',(-20.,27.554624915983,134.38989221983));
#1077 = CARTESIAN_POINT('',(-20.,27.554624915983,139.38989221983));
#1078 = PCURVE('',#92,#1079);
#1079 = DEFINITIONAL_REPRESENTATION('',(#1080),#1083);
#1080 = B_SPLINE_CURVE_WITH_KNOTS('',1,(#1081,#1082),.UNSPECIFIED.,.F.,
  .F.,(2,2),(0.,5.),.PIECEWISE_BEZIER_KNOTS.);
#1081 = CARTESIAN_POINT('',(0.,30.));
#1082 = CARTESIAN_POINT('',(5.,30.));
#1083 = ( GEOMETRIC_REPRESENTATION_CONTEXT(2) 
PARAMETRIC_REPRESENTATION_CONTEXT() REPRESENTATION_CONTEXT('2D SPACE',''
  ) );
#1084 = PCURVE('',#184,#1085);
#1085 = DEFINITIONAL_REPRESENTATION('',(#1086),#1089);
#1086 = B_SPLINE_CURVE_WITH_KNOTS('',1,(#1087,#1088),.UNSPECIFIED.,.F.,
  .F.,(2,2),(0.,5.),.PIECEWISE_BEZIER_KNOTS.);
#1087 = CARTESIAN_POINT('',(0.,-45.));
#1088 = CARTESIAN_POINT('',(5.,-45.));
#1089 = ( GEOMETRIC_REPRESENTATION_CONTEXT(2) 
PARAMETRIC_REPRESENTATION_CONTEXT() REPRESENTATION_CONTEXT('2D SPACE',''
  ) );
#1090 = ADVANCED_FACE('',(#1091,#1228,#1265,#1532),#67,.T.);
#1091 = FACE_BOUND('',#1092,.T.);
#1092 = EDGE_LOOP('',(#1093,#1094,#1095,#1096,#1119,#1147,#1182,#1210));
#1093 = ORIENTED_EDGE('',*,*,#1051,.F.);
#1094 = ORIENTED_EDGE('',*,*,#53,.F.);
#1095 = ORIENTED_EDGE('',*,*,#129,.T.);
#1096 = ORIENTED_EDGE('',*,*,#1097,.F.);
#1097 = EDGE_CURVE('',#1098,#130,#1100,.T.);
#1098 = VERTEX_POINT('',#1099);
#1099 = CARTESIAN_POINT('',(15.,40.,134.38989221983));
#1100 = SURFACE_CURVE('',#1101,(#1105,#1112),.PCURVE_S1.);
#1101 = LINE('',#1102,#1103);
#1102 = CARTESIAN_POINT('',(15.,40.,134.38989221983));
#1103 = VECTOR('',#1104,1.);
#1104 = DIRECTION('',(1.,0.,-0.));
#1105 = PCURVE('',#67,#1106);
#1106 = DEFINITIONAL_REPRESENTATION('',(#1107),#1111);
#1107 = B_SPLINE_CURVE_WITH_KNOTS('',2,(#1108,#1109,#1110),
  .UNSPECIFIED.,.F.,.F.,(3,3),(0.,10.),.PIECEWISE_BEZIER_KNOTS.);
#1108 = CARTESIAN_POINT('',(17.554624915983,10.));
#1109 = CARTESIAN_POINT('',(17.554624915983,5.));
#1110 = CARTESIAN_POINT('',(17.554624915983,0.));
#1111 = ( GEOMETRIC_REPRESENTATION_CONTEXT(2) 
PARAMETRIC_REPRESENTATION_CONTEXT() REPRESENTATION_CONTEXT('2D SPACE',''
  ) );
#1112 = PCURVE('',#346,#1113);
#1113 = DEFINITIONAL_REPRESENTATION('',(#1114),#1118);
#1114 = LINE('',#1115,#1116);
#1115 = CARTESIAN_POINT('',(0.,0.));
#1116 = VECTOR('',#1117,1.);
#1117 = DIRECTION('',(0.,1.));
#1118 = ( GEOMETRIC_REPRESENTATION_CONTEXT(2) 
PARAMETRIC_REPRESENTATION_CONTEXT() REPRESENTATION_CONTEXT('2D SPACE',''
  ) );
#1119 = ORIENTED_EDGE('',*,*,#1120,.F.);
#1120 = EDGE_CURVE('',#1121,#1098,#1123,.T.);
#1121 = VERTEX_POINT('',#1122);
#1122 = CARTESIAN_POINT('',(15.,36.804624915983,134.38989221983));
#1123 = SURFACE_CURVE('',#1124,(#1128,#1135),.PCURVE_S1.);
#1124 = LINE('',#1125,#1126);
#1125 = CARTESIAN_POINT('',(15.,10.,134.38989221983));
#1126 = VECTOR('',#1127,1.);
#1127 = DIRECTION('',(-0.,1.,0.));
#1128 = PCURVE('',#67,#1129);
#1129 = DEFINITIONAL_REPRESENTATION('',(#1130),#1134);
#1130 = B_SPLINE_CURVE_WITH_KNOTS('',2,(#1131,#1132,#1133),
  .UNSPECIFIED.,.F.,.F.,(3,3),(26.804624915983,30.),
  .PIECEWISE_BEZIER_KNOTS.);
#1131 = CARTESIAN_POINT('',(20.75,10.));
#1132 = CARTESIAN_POINT('',(19.152312457992,10.));
#1133 = CARTESIAN_POINT('',(17.554624915983,10.));
#1134 = ( GEOMETRIC_REPRESENTATION_CONTEXT(2) 
PARAMETRIC_REPRESENTATION_CONTEXT() REPRESENTATION_CONTEXT('2D SPACE',''
  ) );
#1135 = PCURVE('',#1136,#1141);
#1136 = PLANE('',#1137);
#1137 = AXIS2_PLACEMENT_3D('',#1138,#1139,#1140);
#1138 = CARTESIAN_POINT('',(15.,10.,134.38989221983));
#1139 = DIRECTION('',(1.,0.,-0.));
#1140 = DIRECTION('',(0.,0.,1.));
#1141 = DEFINITIONAL_REPRESENTATION('',(#1142),#1146);
#1142 = LINE('',#1143,#1144);
#1143 = CARTESIAN_POINT('',(0.,0.));
#1144 = VECTOR('',#1145,1.);
#1145 = DIRECTION('',(0.,-1.));
#1146 = ( GEOMETRIC_REPRESENTATION_CONTEXT(2) 
PARAMETRIC_REPRESENTATION_CONTEXT() REPRESENTATION_CONTEXT('2D SPACE',''
  ) );
#1147 = ORIENTED_EDGE('',*,*,#1148,.F.);
#1148 = EDGE_CURVE('',#1149,#1121,#1151,.T.);
#1149 = VERTEX_POINT('',#1150);
#1150 = CARTESIAN_POINT('',(15.,32.304624915983,134.38989221983));
#1151 = SURFACE_CURVE('',#1152,(#1160,#1171),.PCURVE_S1.);
#1152 = ( BOUNDED_CURVE() B_SPLINE_CURVE(2,(#1153,#1154,#1155,#1156,
#1157,#1158,#1159),.UNSPECIFIED.,.T.,.F.) B_SPLINE_CURVE_WITH_KNOTS((1,2
    ,2,2,2,1),(-2.094395102393,0.,2.094395102393,4.188790204786,
6.28318530718,8.377580409573),.UNSPECIFIED.) CURVE() 
GEOMETRIC_REPRESENTATION_ITEM() RATIONAL_B_SPLINE_CURVE((1.,0.5,1.,0.5,
1.,0.5,1.)) REPRESENTATION_ITEM('') );
#1153 = CARTESIAN_POINT('',(15.,32.304624915983,134.38989221983));
#1154 = CARTESIAN_POINT('',(11.10288568297,32.304624915983,
    134.38989221983));
#1155 = CARTESIAN_POINT('',(13.051442841485,35.679624915983,
    134.38989221983));
#1156 = CARTESIAN_POINT('',(15.,39.054624915983,134.38989221983));
#1157 = CARTESIAN_POINT('',(16.948557158515,35.679624915983,
    134.38989221983));
#1158 = CARTESIAN_POINT('',(18.89711431703,32.304624915983,
    134.38989221983));
#1159 = CARTESIAN_POINT('',(15.,32.304624915983,134.38989221983));
#1160 = PCURVE('',#67,#1161);
#1161 = DEFINITIONAL_REPRESENTATION('',(#1162),#1170);
#1162 = ( BOUNDED_CURVE() B_SPLINE_CURVE(2,(#1163,#1164,#1165,#1166,
#1167,#1168,#1169),.UNSPECIFIED.,.T.,.F.) B_SPLINE_CURVE_WITH_KNOTS((3,2
    ,2,3),(0.,2.094395102393,4.188790204786,6.28318530718),
.PIECEWISE_BEZIER_KNOTS.) CURVE() GEOMETRIC_REPRESENTATION_ITEM() 
RATIONAL_B_SPLINE_CURVE((1.,0.5,1.,0.5,1.,0.5,1.)) REPRESENTATION_ITEM(
  '') );
#1163 = CARTESIAN_POINT('',(25.25,10.));
#1164 = CARTESIAN_POINT('',(25.25,13.89711431703));
#1165 = CARTESIAN_POINT('',(21.875,11.948557158515));
#1166 = CARTESIAN_POINT('',(18.5,10.));
#1167 = CARTESIAN_POINT('',(21.875,8.051442841485));
#1168 = CARTESIAN_POINT('',(25.25,6.10288568297));
#1169 = CARTESIAN_POINT('',(25.25,10.));
#1170 = ( GEOMETRIC_REPRESENTATION_CONTEXT(2) 
PARAMETRIC_REPRESENTATION_CONTEXT() REPRESENTATION_CONTEXT('2D SPACE',''
  ) );
#1171 = PCURVE('',#478,#1172);
#1172 = DEFINITIONAL_REPRESENTATION('',(#1173),#1181);
#1173 = B_SPLINE_CURVE_WITH_KNOTS('',2,(#1174,#1175,#1176,#1177,#1178,
    #1179,#1180),.UNSPECIFIED.,.F.,.F.,(3,2,2,3),(0.,2.094395102393,
    4.188790204786,6.28318530718),.PIECEWISE_BEZIER_KNOTS.);
#1174 = CARTESIAN_POINT('',(0.,9.999999999999E-02));
#1175 = CARTESIAN_POINT('',(1.047197551197,9.999999999997E-02));
#1176 = CARTESIAN_POINT('',(2.094395102393,9.999999999999E-02));
#1177 = CARTESIAN_POINT('',(3.14159265359,0.1));
#1178 = CARTESIAN_POINT('',(4.188790204786,9.999999999999E-02));
#1179 = CARTESIAN_POINT('',(5.235987755983,0.1));
#1180 = CARTESIAN_POINT('',(6.28318530718,9.999999999999E-02));
#1181 = ( GEOMETRIC_REPRESENTATION_CONTEXT(2) 
PARAMETRIC_REPRESENTATION_CONTEXT() REPRESENTATION_CONTEXT('2D SPACE',''
  ) );
#1182 = ORIENTED_EDGE('',*,*,#1183,.F.);
#1183 = EDGE_CURVE('',#1184,#1149,#1186,.T.);
#1184 = VERTEX_POINT('',#1185);
#1185 = CARTESIAN_POINT('',(15.,27.554624915983,134.38989221983));
#1186 = SURFACE_CURVE('',#1187,(#1191,#1198),.PCURVE_S1.);
#1187 = LINE('',#1188,#1189);
#1188 = CARTESIAN_POINT('',(15.,10.,134.38989221983));
#1189 = VECTOR('',#1190,1.);
#1190 = DIRECTION('',(-0.,1.,0.));
#1191 = PCURVE('',#67,#1192);
#1192 = DEFINITIONAL_REPRESENTATION('',(#1193),#1197);
#1193 = B_SPLINE_CURVE_WITH_KNOTS('',2,(#1194,#1195,#1196),
  .UNSPECIFIED.,.F.,.F.,(3,3),(17.554624915983,22.304624915983),
  .PIECEWISE_BEZIER_KNOTS.);
#1194 = CARTESIAN_POINT('',(30.,10.));
#1195 = CARTESIAN_POINT('',(27.625,10.));
#1196 = CARTESIAN_POINT('',(25.25,10.));
#1197 = ( GEOMETRIC_REPRESENTATION_CONTEXT(2) 
PARAMETRIC_REPRESENTATION_CONTEXT() REPRESENTATION_CONTEXT('2D SPACE',''
  ) );
#1198 = PCURVE('',#1199,#1204);
#1199 = PLANE('',#1200);
#1200 = AXIS2_PLACEMENT_3D('',#1201,#1202,#1203);
#1201 = CARTESIAN_POINT('',(15.,10.,134.38989221983));
#1202 = DIRECTION('',(1.,0.,-0.));
#1203 = DIRECTION('',(0.,0.,1.));
#1204 = DEFINITIONAL_REPRESENTATION('',(#1205),#1209);
#1205 = LINE('',#1206,#1207);
#1206 = CARTESIAN_POINT('',(0.,0.));
#1207 = VECTOR('',#1208,1.);
#1208 = DIRECTION('',(0.,-1.));
#1209 = ( GEOMETRIC_REPRESENTATION_CONTEXT(2) 
PARAMETRIC_REPRESENTATION_CONTEXT() REPRESENTATION_CONTEXT('2D SPACE',''
  ) );
#1210 = ORIENTED_EDGE('',*,*,#1211,.T.);
#1211 = EDGE_CURVE('',#1184,#1052,#1212,.T.);
#1212 = SURFACE_CURVE('',#1213,(#1216,#1222),.PCURVE_S1.);
#1213 = B_SPLINE_CURVE_WITH_KNOTS('',1,(#1214,#1215),.UNSPECIFIED.,.F.,
  .F.,(2,2),(0.,45.),.PIECEWISE_BEZIER_KNOTS.);
#1214 = CARTESIAN_POINT('',(25.,27.554624915983,134.38989221983));
#1215 = CARTESIAN_POINT('',(-20.,27.554624915983,134.38989221983));
#1216 = PCURVE('',#67,#1217);
#1217 = DEFINITIONAL_REPRESENTATION('',(#1218),#1221);
#1218 = B_SPLINE_CURVE_WITH_KNOTS('',1,(#1219,#1220),.UNSPECIFIED.,.F.,
  .F.,(2,2),(0.,45.),.PIECEWISE_BEZIER_KNOTS.);
#1219 = CARTESIAN_POINT('',(30.,0.));
#1220 = CARTESIAN_POINT('',(30.,45.));
#1221 = ( GEOMETRIC_REPRESENTATION_CONTEXT(2) 
PARAMETRIC_REPRESENTATION_CONTEXT() REPRESENTATION_CONTEXT('2D SPACE',''
  ) );
#1222 = PCURVE('',#184,#1223);
#1223 = DEFINITIONAL_REPRESENTATION('',(#1224),#1227);
#1224 = B_SPLINE_CURVE_WITH_KNOTS('',1,(#1225,#1226),.UNSPECIFIED.,.F.,
  .F.,(2,2),(0.,45.),.PIECEWISE_BEZIER_KNOTS.);
#1225 = CARTESIAN_POINT('',(0.,0.));
#1226 = CARTESIAN_POINT('',(0.,-45.));
#1227 = ( GEOMETRIC_REPRESENTATION_CONTEXT(2) 
PARAMETRIC_REPRESENTATION_CONTEXT() REPRESENTATION_CONTEXT('2D SPACE',''
  ) );
#1228 = FACE_BOUND('',#1229,.T.);
#1229 = EDGE_LOOP('',(#1230));
#1230 = ORIENTED_EDGE('',*,*,#1231,.F.);
#1231 = EDGE_CURVE('',#1232,#1232,#1234,.T.);
#1232 = VERTEX_POINT('',#1233);
#1233 = CARTESIAN_POINT('',(15.,48.304624915983,134.38989221983));
#1234 = SURFACE_CURVE('',#1235,(#1243,#1254),.PCURVE_S1.);
#1235 = ( BOUNDED_CURVE() B_SPLINE_CURVE(2,(#1236,#1237,#1238,#1239,
#1240,#1241,#1242),.UNSPECIFIED.,.T.,.F.) B_SPLINE_CURVE_WITH_KNOTS((1,2
    ,2,2,2,1),(-2.094395102393,0.,2.094395102393,4.188790204786,
6.28318530718,8.377580409573),.UNSPECIFIED.) CURVE() 
GEOMETRIC_REPRESENTATION_ITEM() RATIONAL_B_SPLINE_CURVE((1.,0.5,1.,0.5,
1.,0.5,1.)) REPRESENTATION_ITEM('') );
#1236 = CARTESIAN_POINT('',(15.,48.304624915983,134.38989221983));
#1237 = CARTESIAN_POINT('',(11.10288568297,48.304624915983,
    134.38989221983));
#1238 = CARTESIAN_POINT('',(13.051442841485,51.679624915983,
    134.38989221983));
#1239 = CARTESIAN_POINT('',(15.,55.054624915983,134.38989221983));
#1240 = CARTESIAN_POINT('',(16.948557158515,51.679624915983,
    134.38989221983));
#1241 = CARTESIAN_POINT('',(18.89711431703,48.304624915983,
    134.38989221983));
#1242 = CARTESIAN_POINT('',(15.,48.304624915983,134.38989221983));
#1243 = PCURVE('',#67,#1244);
#1244 = DEFINITIONAL_REPRESENTATION('',(#1245),#1253);
#1245 = ( BOUNDED_CURVE() B_SPLINE_CURVE(2,(#1246,#1247,#1248,#1249,
#1250,#1251,#1252),.UNSPECIFIED.,.T.,.F.) B_SPLINE_CURVE_WITH_KNOTS((3,2
    ,2,3),(0.,2.094395102393,4.188790204786,6.28318530718),
.PIECEWISE_BEZIER_KNOTS.) CURVE() GEOMETRIC_REPRESENTATION_ITEM() 
RATIONAL_B_SPLINE_CURVE((1.,0.5,1.,0.5,1.,0.5,1.)) REPRESENTATION_ITEM(
  '') );
#1246 = CARTESIAN_POINT('',(9.25,10.));
#1247 = CARTESIAN_POINT('',(9.25,13.89711431703));
#1248 = CARTESIAN_POINT('',(5.875,11.948557158515));
#1249 = CARTESIAN_POINT('',(2.5,10.));
#1250 = CARTESIAN_POINT('',(5.875,8.051442841485));
#1251 = CARTESIAN_POINT('',(9.25,6.10288568297));
#1252 = CARTESIAN_POINT('',(9.25,10.));
#1253 = ( GEOMETRIC_REPRESENTATION_CONTEXT(2) 
PARAMETRIC_REPRESENTATION_CONTEXT() REPRESENTATION_CONTEXT('2D SPACE',''
  ) );
#1254 = PCURVE('',#426,#1255);
#1255 = DEFINITIONAL_REPRESENTATION('',(#1256),#1264);
#1256 = B_SPLINE_CURVE_WITH_KNOTS('',2,(#1257,#1258,#1259,#1260,#1261,
    #1262,#1263),.UNSPECIFIED.,.F.,.F.,(3,2,2,3),(0.,2.094395102393,
    4.188790204786,6.28318530718),.PIECEWISE_BEZIER_KNOTS.);
#1257 = CARTESIAN_POINT('',(0.,9.999999999999E-02));
#1258 = CARTESIAN_POINT('',(1.047197551197,9.999999999997E-02));
#1259 = CARTESIAN_POINT('',(2.094395102393,9.999999999999E-02));
#1260 = CARTESIAN_POINT('',(3.14159265359,0.1));
#1261 = CARTESIAN_POINT('',(4.188790204786,9.999999999999E-02));
#1262 = CARTESIAN_POINT('',(5.235987755983,0.1));
#1263 = CARTESIAN_POINT('',(6.28318530718,9.999999999999E-02));
#1264 = ( GEOMETRIC_REPRESENTATION_CONTEXT(2) 
PARAMETRIC_REPRESENTATION_CONTEXT() REPRESENTATION_CONTEXT('2D SPACE',''
  ) );
#1265 = FACE_BOUND('',#1266,.T.);
#1266 = EDGE_LOOP('',(#1267,#1304));
#1267 = ORIENTED_EDGE('',*,*,#1268,.T.);
#1268 = EDGE_CURVE('',#1269,#1271,#1273,.T.);
#1269 = VERTEX_POINT('',#1270);
#1270 = CARTESIAN_POINT('',(4.7,50.554624915983,134.38989221983));
#1271 = VERTEX_POINT('',#1272);
#1272 = CARTESIAN_POINT('',(4.556464231829,51.238305466413,
    134.38989221983));
#1273 = SURFACE_CURVE('',#1274,(#1282,#1293),.PCURVE_S1.);
#1274 = B_SPLINE_CURVE_WITH_KNOTS('',6,(#1275,#1276,#1277,#1278,#1279,
    #1280,#1281),.UNSPECIFIED.,.F.,.F.,(7,7),(0.,1.),
  .PIECEWISE_BEZIER_KNOTS.);
#1275 = CARTESIAN_POINT('',(4.7,50.554624915983,134.38989221983));
#1276 = CARTESIAN_POINT('',(4.7,50.671888835606,134.38989221983));
#1277 = CARTESIAN_POINT('',(4.690293525711,50.78916007531,
    134.38989221983));
#1278 = CARTESIAN_POINT('',(4.670878380185,50.905418345934,
    134.38989221983));
#1279 = CARTESIAN_POINT('',(4.641899271049,51.019668824593,
    134.38989221983));
#1280 = CARTESIAN_POINT('',(4.603623722453,51.130942370738,
    134.38989221983));
#1281 = CARTESIAN_POINT('',(4.556464231829,51.238305466413,
    134.38989221983));
#1282 = PCURVE('',#67,#1283);
#1283 = DEFINITIONAL_REPRESENTATION('',(#1284),#1292);
#1284 = B_SPLINE_CURVE_WITH_KNOTS('',6,(#1285,#1286,#1287,#1288,#1289,
    #1290,#1291),.UNSPECIFIED.,.F.,.F.,(7,7),(0.,1.),
  .PIECEWISE_BEZIER_KNOTS.);
#1285 = CARTESIAN_POINT('',(7.,20.3));
#1286 = CARTESIAN_POINT('',(6.882736080377,20.3));
#1287 = CARTESIAN_POINT('',(6.765464840673,20.309706474289));
#1288 = CARTESIAN_POINT('',(6.649206570049,20.329121619815));
#1289 = CARTESIAN_POINT('',(6.53495609139,20.358100728951));
#1290 = CARTESIAN_POINT('',(6.423682545245,20.396376277547));
#1291 = CARTESIAN_POINT('',(6.31631944957,20.443535768171));
#1292 = ( GEOMETRIC_REPRESENTATION_CONTEXT(2) 
PARAMETRIC_REPRESENTATION_CONTEXT() REPRESENTATION_CONTEXT('2D SPACE',''
  ) );
#1293 = PCURVE('',#532,#1294);
#1294 = DEFINITIONAL_REPRESENTATION('',(#1295),#1303);
#1295 = B_SPLINE_CURVE_WITH_KNOTS('',6,(#1296,#1297,#1298,#1299,#1300,
    #1301,#1302),.UNSPECIFIED.,.F.,.F.,(7,7),(0.,1.),
  .PIECEWISE_BEZIER_KNOTS.);
#1296 = CARTESIAN_POINT('',(0.,60.));
#1297 = CARTESIAN_POINT('',(6.897877624905E-02,60.));
#1298 = CARTESIAN_POINT('',(0.137961815545,60.));
#1299 = CARTESIAN_POINT('',(0.206940015337,60.));
#1300 = CARTESIAN_POINT('',(0.275918280187,60.));
#1301 = CARTESIAN_POINT('',(0.344901469239,60.));
#1302 = CARTESIAN_POINT('',(0.413880308251,60.));
#1303 = ( GEOMETRIC_REPRESENTATION_CONTEXT(2) 
PARAMETRIC_REPRESENTATION_CONTEXT() REPRESENTATION_CONTEXT('2D SPACE',''
  ) );
#1304 = ORIENTED_EDGE('',*,*,#1305,.T.);
#1305 = EDGE_CURVE('',#1271,#1269,#1306,.T.);
#1306 = SURFACE_CURVE('',#1307,(#1380,#1456),.PCURVE_S1.);
#1307 = B_SPLINE_CURVE_WITH_KNOTS('',8,(#1308,#1309,#1310,#1311,#1312,
    #1313,#1314,#1315,#1316,#1317,#1318,#1319,#1320,#1321,#1322,#1323,
    #1324,#1325,#1326,#1327,#1328,#1329,#1330,#1331,#1332,#1333,#1334,
    #1335,#1336,#1337,#1338,#1339,#1340,#1341,#1342,#1343,#1344,#1345,
    #1346,#1347,#1348,#1349,#1350,#1351,#1352,#1353,#1354,#1355,#1356,
    #1357,#1358,#1359,#1360,#1361,#1362,#1363,#1364,#1365,#1366,#1367,
    #1368,#1369,#1370,#1371,#1372,#1373,#1374,#1375,#1376,#1377,#1378,
    #1379),.UNSPECIFIED.,.F.,.F.,(9,7,7,7,7,7,7,7,7,7,9),(0.,
    9.901693949314E-02,0.199630860659,0.298198043373,0.397699566312,
    0.468636780743,0.533204873929,0.636255612669,0.739245739717,
    0.833485437158,1.),.UNSPECIFIED.);
#1308 = CARTESIAN_POINT('',(4.556464231829,51.238305466413,
    134.38989221983));
#1309 = CARTESIAN_POINT('',(4.506805669905,51.351357937177,
    134.38989221983));
#1310 = CARTESIAN_POINT('',(4.447754365299,51.460306756493,
    134.38989221983));
#1311 = CARTESIAN_POINT('',(4.379716871134,51.564212645717,
    134.38989221983));
#1312 = CARTESIAN_POINT('',(4.303204829007,51.662216084518,
    134.38989221983));
#1313 = CARTESIAN_POINT('',(4.218818427466,51.753527959676,
    134.38989221983));
#1314 = CARTESIAN_POINT('',(4.127239464254,51.837428285614,
    134.38989221983));
#1315 = CARTESIAN_POINT('',(4.029234012358,51.913272996652,
    134.38989221983));
#1316 = CARTESIAN_POINT('',(3.820424963098,52.048829029294,
    134.38989221983));
#1317 = CARTESIAN_POINT('',(3.709403458572,52.108284426077,
    134.38989221983));
#1318 = CARTESIAN_POINT('',(3.59349925066,52.158283965172,
    134.38989221983));
#1319 = CARTESIAN_POINT('',(3.473657782664,52.198370480703,
    134.38989221983));
#1320 = CARTESIAN_POINT('',(3.350861505058,52.228201780053,
    134.38989221983));
#1321 = CARTESIAN_POINT('',(3.226124306084,52.247545009393,
    134.38989221983));
#1322 = CARTESIAN_POINT('',(3.100489734664,52.256284281771,
    134.38989221983));
#1323 = CARTESIAN_POINT('',(2.852128399585,52.252636339173,
    134.38989221983));
#1324 = CARTESIAN_POINT('',(2.729351340455,52.240674660763,
    134.38989221983));
#1325 = CARTESIAN_POINT('',(2.607712362637,52.218565440211,
    134.38989221983));
#1326 = CARTESIAN_POINT('',(2.48818969799,52.186443656197,
    134.38989221983));
#1327 = CARTESIAN_POINT('',(2.371731292035,52.144551472171,
    134.38989221983));
#1328 = CARTESIAN_POINT('',(2.259253393178,52.093231262296,
    134.38989221983));
#1329 = CARTESIAN_POINT('',(2.151635724952,52.032930549577,
    134.38989221983));
#1330 = CARTESIAN_POINT('',(1.946824611722,51.894855829336,
    134.38989221983));
#1331 = CARTESIAN_POINT('',(1.849704509617,51.816897922619,
    134.38989221983));
#1332 = CARTESIAN_POINT('',(1.75921873664,51.730921846199,
    134.38989221983));
#1333 = CARTESIAN_POINT('',(1.676132824472,51.637595155159,
    134.38989221983));
#1334 = CARTESIAN_POINT('',(1.601124956014,51.537661201913,
    134.38989221983));
#1335 = CARTESIAN_POINT('',(1.534788846023,51.431932204619,
    134.38989221983));
#1336 = CARTESIAN_POINT('',(1.477626581189,51.32129043154,
    134.38989221983));
#1337 = CARTESIAN_POINT('',(1.396099595447,51.125001231635,
    134.38989221983));
#1338 = CARTESIAN_POINT('',(1.367024794824,51.041283357318,
    134.38989221983));
#1339 = CARTESIAN_POINT('',(1.342950025254,50.955886121086,
    134.38989221983));
#1340 = CARTESIAN_POINT('',(1.323986344003,50.869158917432,
    134.38989221983));
#1341 = CARTESIAN_POINT('',(1.310215328302,50.781457249875,
    134.38989221983));
#1342 = CARTESIAN_POINT('',(1.301689830108,50.693142008436,
    134.38989221983));
#1343 = CARTESIAN_POINT('',(1.298433015426,50.604579067411,
    134.38989221983));
#1344 = CARTESIAN_POINT('',(1.302258550345,50.435639941897,
    134.38989221983));
#1345 = CARTESIAN_POINT('',(1.308439185061,50.355236964369,
    134.38989221983));
#1346 = CARTESIAN_POINT('',(1.318971062502,50.275208858724,
    134.38989221983));
#1347 = CARTESIAN_POINT('',(1.333827036026,50.195830625363,
    134.38989221983));
#1348 = CARTESIAN_POINT('',(1.352959436538,50.117373266853,
    134.38989221983));
#1349 = CARTESIAN_POINT('',(1.376300166838,50.040103377566,
    134.38989221983));
#1350 = CARTESIAN_POINT('',(1.40376079596,49.96428273331,134.38989221983
    ));
#1351 = CARTESIAN_POINT('',(1.485461768412,49.77188050543,
    134.38989221983));
#1352 = CARTESIAN_POINT('',(1.545919844639,49.657909930218,
    134.38989221983));
#1353 = CARTESIAN_POINT('',(1.616161172131,49.549323566131,
    134.38989221983));
#1354 = CARTESIAN_POINT('',(1.695615212513,49.447094753589,
    134.38989221983));
#1355 = CARTESIAN_POINT('',(1.783607489132,49.352114626176,
    134.38989221983));
#1356 = CARTESIAN_POINT('',(1.879368317077,49.265193768573,
    134.38989221983));
#1357 = CARTESIAN_POINT('',(1.982029373195,49.18705366885,
    134.38989221983));
#1358 = CARTESIAN_POINT('',(2.199122975921,49.049602695779,
    134.38989221983));
#1359 = CARTESIAN_POINT('',(2.313591445912,48.990253615689,
    134.38989221983));
#1360 = CARTESIAN_POINT('',(2.43304086017,48.940884891504,
    134.38989221983));
#1361 = CARTESIAN_POINT('',(2.556449825127,48.901972096354,
    134.38989221983));
#1362 = CARTESIAN_POINT('',(2.68275844613,48.873864062281,
    134.38989221983));
#1363 = CARTESIAN_POINT('',(2.810874524915,48.856789416073,
    134.38989221983));
#1364 = CARTESIAN_POINT('',(2.93967571803,48.850847798497,
    134.38989221983));
#1365 = CARTESIAN_POINT('',(3.185436028851,48.860687194184,
    134.38989221983));
#1366 = CARTESIAN_POINT('',(3.302509669627,48.8746669604,134.38989221983
    ));
#1367 = CARTESIAN_POINT('',(3.418348542621,48.897894199593,
    134.38989221983));
#1368 = CARTESIAN_POINT('',(3.532100919389,48.930234468238,
    134.38989221983));
#1369 = CARTESIAN_POINT('',(3.642941582879,48.971464005084,
    134.38989221983));
#1370 = CARTESIAN_POINT('',(3.750072902923,49.021275051856,
    134.38989221983));
#1371 = CARTESIAN_POINT('',(3.852728783282,49.079272234838,
    134.38989221983));
#1372 = CARTESIAN_POINT('',(4.12237317513,49.261025434348,
    134.38989221983));
#1373 = CARTESIAN_POINT('',(4.278600063193,49.401289649944,
    134.38989221983));
#1374 = CARTESIAN_POINT('',(4.414491308568,49.562973626761,
    134.38989221983));
#1375 = CARTESIAN_POINT('',(4.526788743042,49.742518110808,
    134.38989221983));
#1376 = CARTESIAN_POINT('',(4.612897370365,49.935987456272,
    134.38989221983));
#1377 = CARTESIAN_POINT('',(4.671008580232,50.139030452622,
    134.38989221983));
#1378 = CARTESIAN_POINT('',(4.7,50.346960457642,134.38989221983));
#1379 = CARTESIAN_POINT('',(4.7,50.554624915983,134.38989221983));
#1380 = PCURVE('',#67,#1381);
#1381 = DEFINITIONAL_REPRESENTATION('',(#1382),#1455);
#1382 = B_SPLINE_CURVE_WITH_KNOTS('',8,(#1383,#1384,#1385,#1386,#1387,
    #1388,#1389,#1390,#1391,#1392,#1393,#1394,#1395,#1396,#1397,#1398,
    #1399,#1400,#1401,#1402,#1403,#1404,#1405,#1406,#1407,#1408,#1409,
    #1410,#1411,#1412,#1413,#1414,#1415,#1416,#1417,#1418,#1419,#1420,
    #1421,#1422,#1423,#1424,#1425,#1426,#1427,#1428,#1429,#1430,#1431,
    #1432,#1433,#1434,#1435,#1436,#1437,#1438,#1439,#1440,#1441,#1442,
    #1443,#1444,#1445,#1446,#1447,#1448,#1449,#1450,#1451,#1452,#1453,
    #1454),.UNSPECIFIED.,.F.,.F.,(9,7,7,7,7,7,7,7,7,7,9),(0.,
    9.901693949314E-02,0.199630860659,0.298198043373,0.397699566312,
    0.468636780743,0.533204873929,0.636255612669,0.739245739717,
    0.833485437158,1.),.UNSPECIFIED.);
#1383 = CARTESIAN_POINT('',(6.31631944957,20.443535768171));
#1384 = CARTESIAN_POINT('',(6.203266978806,20.493194330095));
#1385 = CARTESIAN_POINT('',(6.09431815949,20.552245634701));
#1386 = CARTESIAN_POINT('',(5.990412270266,20.620283128866));
#1387 = CARTESIAN_POINT('',(5.892408831465,20.696795170993));
#1388 = CARTESIAN_POINT('',(5.801096956307,20.781181572534));
#1389 = CARTESIAN_POINT('',(5.717196630369,20.872760535746));
#1390 = CARTESIAN_POINT('',(5.641351919331,20.970765987642));
#1391 = CARTESIAN_POINT('',(5.505795886689,21.179575036902));
#1392 = CARTESIAN_POINT('',(5.446340489906,21.290596541428));
#1393 = CARTESIAN_POINT('',(5.396340950811,21.40650074934));
#1394 = CARTESIAN_POINT('',(5.35625443528,21.526342217336));
#1395 = CARTESIAN_POINT('',(5.32642313593,21.649138494942));
#1396 = CARTESIAN_POINT('',(5.30707990659,21.773875693916));
#1397 = CARTESIAN_POINT('',(5.298340634212,21.899510265336));
#1398 = CARTESIAN_POINT('',(5.30198857681,22.147871600415));
#1399 = CARTESIAN_POINT('',(5.31395025522,22.270648659545));
#1400 = CARTESIAN_POINT('',(5.336059475772,22.392287637363));
#1401 = CARTESIAN_POINT('',(5.368181259786,22.51181030201));
#1402 = CARTESIAN_POINT('',(5.410073443812,22.628268707965));
#1403 = CARTESIAN_POINT('',(5.461393653687,22.740746606822));
#1404 = CARTESIAN_POINT('',(5.521694366407,22.848364275048));
#1405 = CARTESIAN_POINT('',(5.659769086647,23.053175388278));
#1406 = CARTESIAN_POINT('',(5.737726993364,23.150295490383));
#1407 = CARTESIAN_POINT('',(5.823703069784,23.24078126336));
#1408 = CARTESIAN_POINT('',(5.917029760825,23.323867175528));
#1409 = CARTESIAN_POINT('',(6.01696371407,23.398875043986));
#1410 = CARTESIAN_POINT('',(6.122692711364,23.465211153977));
#1411 = CARTESIAN_POINT('',(6.233334484443,23.522373418811));
#1412 = CARTESIAN_POINT('',(6.429623684348,23.603900404553));
#1413 = CARTESIAN_POINT('',(6.513341558665,23.632975205176));
#1414 = CARTESIAN_POINT('',(6.598738794897,23.657049974746));
#1415 = CARTESIAN_POINT('',(6.685465998551,23.676013655997));
#1416 = CARTESIAN_POINT('',(6.773167666108,23.689784671698));
#1417 = CARTESIAN_POINT('',(6.861482907548,23.698310169892));
#1418 = CARTESIAN_POINT('',(6.950045848572,23.701566984574));
#1419 = CARTESIAN_POINT('',(7.118984974086,23.697741449655));
#1420 = CARTESIAN_POINT('',(7.199387951614,23.691560814939));
#1421 = CARTESIAN_POINT('',(7.279416057259,23.681028937498));
#1422 = CARTESIAN_POINT('',(7.358794290621,23.666172963974));
#1423 = CARTESIAN_POINT('',(7.43725164913,23.647040563462));
#1424 = CARTESIAN_POINT('',(7.514521538417,23.623699833162));
#1425 = CARTESIAN_POINT('',(7.590342182673,23.59623920404));
#1426 = CARTESIAN_POINT('',(7.782744410553,23.514538231588));
#1427 = CARTESIAN_POINT('',(7.896714985765,23.454080155361));
#1428 = CARTESIAN_POINT('',(8.005301349852,23.383838827869));
#1429 = CARTESIAN_POINT('',(8.107530162394,23.304384787487));
#1430 = CARTESIAN_POINT('',(8.202510289807,23.216392510868));
#1431 = CARTESIAN_POINT('',(8.28943114741,23.120631682923));
#1432 = CARTESIAN_POINT('',(8.367571247133,23.017970626805));
#1433 = CARTESIAN_POINT('',(8.505022220204,22.800877024079));
#1434 = CARTESIAN_POINT('',(8.564371300294,22.686408554088));
#1435 = CARTESIAN_POINT('',(8.613740024479,22.56695913983));
#1436 = CARTESIAN_POINT('',(8.652652819629,22.443550174873));
#1437 = CARTESIAN_POINT('',(8.680760853702,22.31724155387));
#1438 = CARTESIAN_POINT('',(8.69783549991,22.189125475085));
#1439 = CARTESIAN_POINT('',(8.703777117486,22.06032428197));
#1440 = CARTESIAN_POINT('',(8.693937721799,21.814563971149));
#1441 = CARTESIAN_POINT('',(8.679957955583,21.697490330373));
#1442 = CARTESIAN_POINT('',(8.65673071639,21.581651457379));
#1443 = CARTESIAN_POINT('',(8.624390447745,21.467899080611));
#1444 = CARTESIAN_POINT('',(8.583160910899,21.357058417121));
#1445 = CARTESIAN_POINT('',(8.533349864127,21.249927097077));
#1446 = CARTESIAN_POINT('',(8.475352681145,21.147271216718));
#1447 = CARTESIAN_POINT('',(8.293599481635,20.87762682487));
#1448 = CARTESIAN_POINT('',(8.153335266039,20.721399936807));
#1449 = CARTESIAN_POINT('',(7.991651289223,20.585508691431));
#1450 = CARTESIAN_POINT('',(7.812106805174,20.473211256959));
#1451 = CARTESIAN_POINT('',(7.618637459712,20.387102629635));
#1452 = CARTESIAN_POINT('',(7.415594463361,20.328991419768));
#1453 = CARTESIAN_POINT('',(7.207664458341,20.3));
#1454 = CARTESIAN_POINT('',(7.,20.3));
#1455 = ( GEOMETRIC_REPRESENTATION_CONTEXT(2) 
PARAMETRIC_REPRESENTATION_CONTEXT() REPRESENTATION_CONTEXT('2D SPACE',''
  ) );
#1456 = PCURVE('',#532,#1457);
#1457 = DEFINITIONAL_REPRESENTATION('',(#1458),#1531);
#1458 = B_SPLINE_CURVE_WITH_KNOTS('',8,(#1459,#1460,#1461,#1462,#1463,
    #1464,#1465,#1466,#1467,#1468,#1469,#1470,#1471,#1472,#1473,#1474,
    #1475,#1476,#1477,#1478,#1479,#1480,#1481,#1482,#1483,#1484,#1485,
    #1486,#1487,#1488,#1489,#1490,#1491,#1492,#1493,#1494,#1495,#1496,
    #1497,#1498,#1499,#1500,#1501,#1502,#1503,#1504,#1505,#1506,#1507,
    #1508,#1509,#1510,#1511,#1512,#1513,#1514,#1515,#1516,#1517,#1518,
    #1519,#1520,#1521,#1522,#1523,#1524,#1525,#1526,#1527,#1528,#1529,
    #1530),.UNSPECIFIED.,.F.,.F.,(9,7,7,7,7,7,7,7,7,7,9),(0.,
    9.901693949314E-02,0.199630860659,0.298198043373,0.397699566312,
    0.468636780743,0.533204873929,0.636255612669,0.739245739717,
    0.833485437158,1.),.UNSPECIFIED.);
#1459 = CARTESIAN_POINT('',(0.413880308251,60.));
#1460 = CARTESIAN_POINT('',(0.486514467426,60.));
#1461 = CARTESIAN_POINT('',(0.559160315528,60.));
#1462 = CARTESIAN_POINT('',(0.631800807294,60.));
#1463 = CARTESIAN_POINT('',(0.704434836566,60.));
#1464 = CARTESIAN_POINT('',(0.777069240405,60.));
#1465 = CARTESIAN_POINT('',(0.849710761711,60.));
#1466 = CARTESIAN_POINT('',(0.922357970341,60.));
#1467 = CARTESIAN_POINT('',(1.068799801959,60.));
#1468 = CARTESIAN_POINT('',(1.142619435609,60.));
#1469 = CARTESIAN_POINT('',(1.216433061701,60.));
#1470 = CARTESIAN_POINT('',(1.290239213635,60.));
#1471 = CARTESIAN_POINT('',(1.364045192241,60.));
#1472 = CARTESIAN_POINT('',(1.437858332659,60.));
#1473 = CARTESIAN_POINT('',(1.511677286059,60.));
#1474 = CARTESIAN_POINT('',(1.657787947358,60.));
#1475 = CARTESIAN_POINT('',(1.730105067001,60.));
#1476 = CARTESIAN_POINT('',(1.802417311497,60.));
#1477 = CARTESIAN_POINT('',(1.874723150179,60.));
#1478 = CARTESIAN_POINT('',(1.947029094649,60.));
#1479 = CARTESIAN_POINT('',(2.019341783259,60.));
#1480 = CARTESIAN_POINT('',(2.091659940801,60.));
#1481 = CARTESIAN_POINT('',(2.236957893205,60.));
#1482 = CARTESIAN_POINT('',(2.309961877257,60.));
#1483 = CARTESIAN_POINT('',(2.382960015401,60.));
#1484 = CARTESIAN_POINT('',(2.455950848541,60.));
#1485 = CARTESIAN_POINT('',(2.52894128942,60.));
#1486 = CARTESIAN_POINT('',(2.601938347096,60.));
#1487 = CARTESIAN_POINT('',(2.674940895107,60.));
#1488 = CARTESIAN_POINT('',(2.799968365312,60.));
#1489 = CARTESIAN_POINT('',(2.85200754954,60.));
#1490 = CARTESIAN_POINT('',(2.904045676292,60.));
#1491 = CARTESIAN_POINT('',(2.956082488762,60.));
#1492 = CARTESIAN_POINT('',(3.008119282372,60.));
#1493 = CARTESIAN_POINT('',(3.060157354766,60.));
#1494 = CARTESIAN_POINT('',(3.112196456468,60.));
#1495 = CARTESIAN_POINT('',(3.211597887966,60.));
#1496 = CARTESIAN_POINT('',(3.258963953734,60.));
#1497 = CARTESIAN_POINT('',(3.306329417022,60.));
#1498 = CARTESIAN_POINT('',(3.353694115847,60.));
#1499 = CARTESIAN_POINT('',(3.4010588214,60.));
#1500 = CARTESIAN_POINT('',(3.448424310697,60.));
#1501 = CARTESIAN_POINT('',(3.495790439232,60.));
#1502 = CARTESIAN_POINT('',(3.618749439055,60.));
#1503 = CARTESIAN_POINT('',(3.694357864945,60.));
#1504 = CARTESIAN_POINT('',(3.769959751223,60.));
#1505 = CARTESIAN_POINT('',(3.845553754304,60.));
#1506 = CARTESIAN_POINT('',(3.921148196995,60.));
#1507 = CARTESIAN_POINT('',(3.996751282919,60.));
#1508 = CARTESIAN_POINT('',(4.07236125546,60.));
#1509 = CARTESIAN_POINT('',(4.223507283916,60.));
#1510 = CARTESIAN_POINT('',(4.299072558033,60.));
#1511 = CARTESIAN_POINT('',(4.374631116259,60.));
#1512 = CARTESIAN_POINT('',(4.450181362607,60.));
#1513 = CARTESIAN_POINT('',(4.525731491628,60.));
#1514 = CARTESIAN_POINT('',(4.601289682628,60.));
#1515 = CARTESIAN_POINT('',(4.6768543089,60.));
#1516 = CARTESIAN_POINT('',(4.821535014603,60.));
#1517 = CARTESIAN_POINT('',(4.890675537334,60.));
#1518 = CARTESIAN_POINT('',(4.959811972803,60.));
#1519 = CARTESIAN_POINT('',(5.028943228893,60.));
#1520 = CARTESIAN_POINT('',(5.0980745667,60.));
#1521 = CARTESIAN_POINT('',(5.167211279744,60.));
#1522 = CARTESIAN_POINT('',(5.236352364429,60.));
#1523 = CARTESIAN_POINT('',(5.427634980742,60.));
#1524 = CARTESIAN_POINT('',(5.549954293661,60.));
#1525 = CARTESIAN_POINT('',(5.67217700342,60.));
#1526 = CARTESIAN_POINT('',(5.794340381898,60.));
#1527 = CARTESIAN_POINT('',(5.91650146667,60.));
#1528 = CARTESIAN_POINT('',(6.038718338191,60.));
#1529 = CARTESIAN_POINT('',(6.16102974345,60.));
#1530 = CARTESIAN_POINT('',(6.28318530718,60.));
#1531 = ( GEOMETRIC_REPRESENTATION_CONTEXT(2) 
PARAMETRIC_REPRESENTATION_CONTEXT() REPRESENTATION_CONTEXT('2D SPACE',''
  ) );
#1532 = FACE_BOUND('',#1533,.T.);
#1533 = EDGE_LOOP('',(#1534,#1571));
#1534 = ORIENTED_EDGE('',*,*,#1535,.T.);
#1535 = EDGE_CURVE('',#1536,#1538,#1540,.T.);
#1536 = VERTEX_POINT('',#1537);
#1537 = CARTESIAN_POINT('',(4.7,34.554624915983,134.38989221983));
#1538 = VERTEX_POINT('',#1539);
#1539 = CARTESIAN_POINT('',(4.404308757002,35.512704722162,
    134.38989221983));
#1540 = SURFACE_CURVE('',#1541,(#1549,#1560),.PCURVE_S1.);
#1541 = B_SPLINE_CURVE_WITH_KNOTS('',6,(#1542,#1543,#1544,#1545,#1546,
    #1547,#1548),.UNSPECIFIED.,.F.,.F.,(7,7),(0.,1.),
  .PIECEWISE_BEZIER_KNOTS.);
#1542 = CARTESIAN_POINT('',(4.7,34.554624915983,134.38989221983));
#1543 = CARTESIAN_POINT('',(4.7,34.724246684413,134.38989221983));
#1544 = CARTESIAN_POINT('',(4.679690525891,34.893913279864,
    134.38989221983));
#1545 = CARTESIAN_POINT('',(4.639052810389,35.060483151931,
    134.38989221983));
#1546 = CARTESIAN_POINT('',(4.578747554488,35.220983538127,
    134.38989221983));
#1547 = CARTESIAN_POINT('',(4.499903722154,35.37258607461,
    134.38989221983));
#1548 = CARTESIAN_POINT('',(4.404308757002,35.512704722162,
    134.38989221983));
#1549 = PCURVE('',#67,#1550);
#1550 = DEFINITIONAL_REPRESENTATION('',(#1551),#1559);
#1551 = B_SPLINE_CURVE_WITH_KNOTS('',6,(#1552,#1553,#1554,#1555,#1556,
    #1557,#1558),.UNSPECIFIED.,.F.,.F.,(7,7),(0.,1.),
  .PIECEWISE_BEZIER_KNOTS.);
#1552 = CARTESIAN_POINT('',(23.,20.3));
#1553 = CARTESIAN_POINT('',(22.83037823157,20.3));
#1554 = CARTESIAN_POINT('',(22.660711636119,20.320309474109));
#1555 = CARTESIAN_POINT('',(22.494141764052,20.360947189611));
#1556 = CARTESIAN_POINT('',(22.333641377856,20.421252445512));
#1557 = CARTESIAN_POINT('',(22.182038841373,20.500096277846));
#1558 = CARTESIAN_POINT('',(22.041920193821,20.595691242998));
#1559 = ( GEOMETRIC_REPRESENTATION_CONTEXT(2) 
PARAMETRIC_REPRESENTATION_CONTEXT() REPRESENTATION_CONTEXT('2D SPACE',''
  ) );
#1560 = PCURVE('',#804,#1561);
#1561 = DEFINITIONAL_REPRESENTATION('',(#1562),#1570);
#1562 = B_SPLINE_CURVE_WITH_KNOTS('',6,(#1563,#1564,#1565,#1566,#1567,
    #1568,#1569),.UNSPECIFIED.,.F.,.F.,(7,7),(0.,1.),
  .PIECEWISE_BEZIER_KNOTS.);
#1563 = CARTESIAN_POINT('',(0.,60.));
#1564 = CARTESIAN_POINT('',(9.977751084105E-02,60.));
#1565 = CARTESIAN_POINT('',(0.199580844183,60.));
#1566 = CARTESIAN_POINT('',(0.299353833089,60.));
#1567 = CARTESIAN_POINT('',(0.399127079108,60.));
#1568 = CARTESIAN_POINT('',(0.49893116841,60.));
#1569 = CARTESIAN_POINT('',(0.598708832583,60.));
#1570 = ( GEOMETRIC_REPRESENTATION_CONTEXT(2) 
PARAMETRIC_REPRESENTATION_CONTEXT() REPRESENTATION_CONTEXT('2D SPACE',''
  ) );
#1571 = ORIENTED_EDGE('',*,*,#1572,.T.);
#1572 = EDGE_CURVE('',#1538,#1536,#1573,.T.);
#1573 = SURFACE_CURVE('',#1574,(#1647,#1723),.PCURVE_S1.);
#1574 = B_SPLINE_CURVE_WITH_KNOTS('',8,(#1575,#1576,#1577,#1578,#1579,
    #1580,#1581,#1582,#1583,#1584,#1585,#1586,#1587,#1588,#1589,#1590,
    #1591,#1592,#1593,#1594,#1595,#1596,#1597,#1598,#1599,#1600,#1601,
    #1602,#1603,#1604,#1605,#1606,#1607,#1608,#1609,#1610,#1611,#1612,
    #1613,#1614,#1615,#1616,#1617,#1618,#1619,#1620,#1621,#1622,#1623,
    #1624,#1625,#1626,#1627,#1628,#1629,#1630,#1631,#1632,#1633,#1634,
    #1635,#1636,#1637,#1638,#1639,#1640,#1641,#1642,#1643,#1644,#1645,
    #1646),.UNSPECIFIED.,.F.,.F.,(9,7,7,7,7,7,7,7,7,7,9),(0.,
    9.750965906319E-02,0.186213615289,0.318896377049,0.384952908078,
    0.450501400825,0.508993728302,0.62603472574,0.729137785683,
    0.826988574514,1.),.UNSPECIFIED.);
#1575 = CARTESIAN_POINT('',(4.404308757002,35.512704722162,
    134.38989221983));
#1576 = CARTESIAN_POINT('',(4.337936072087,35.60999071238,
    134.38989221983));
#1577 = CARTESIAN_POINT('',(4.26385203034,35.702034704334,
    134.38989221983));
#1578 = CARTESIAN_POINT('',(4.182552003878,35.788103318744,
    134.38989221983));
#1579 = CARTESIAN_POINT('',(4.094604707281,35.867542056329,
    134.38989221983));
#1580 = CARTESIAN_POINT('',(4.000641203314,35.939766291369,
    134.38989221983));
#1581 = CARTESIAN_POINT('',(3.901350004341,36.004259577387,
    134.38989221983));
#1582 = CARTESIAN_POINT('',(3.797478269436,36.060579264964,
    134.38989221983));
#1583 = CARTESIAN_POINT('',(3.591920383113,36.151843861742,
    134.38989221983));
#1584 = CARTESIAN_POINT('',(3.490861028797,36.188269944332,
    134.38989221983));
#1585 = CARTESIAN_POINT('',(3.387266806955,36.217376029615,
    134.38989221983));
#1586 = CARTESIAN_POINT('',(3.281758594433,36.238961592526,
    134.38989221983));
#1587 = CARTESIAN_POINT('',(3.174969510339,36.252889434671,
    134.38989221983));
#1588 = CARTESIAN_POINT('',(3.067542923663,36.259083277053,
    134.38989221983));
#1589 = CARTESIAN_POINT('',(2.960131330347,36.257530743644,
    134.38989221983));
#1590 = CARTESIAN_POINT('',(2.693742283195,36.234472091954,
    134.38989221983));
#1591 = CARTESIAN_POINT('',(2.535502242722,36.203445884112,
    134.38989221983));
#1592 = CARTESIAN_POINT('',(2.380954634766,36.15538370792,
    134.38989221983));
#1593 = CARTESIAN_POINT('',(2.232231343157,36.090834539911,
    134.38989221983));
#1594 = CARTESIAN_POINT('',(2.09132921852,36.010634644237,
    134.38989221983));
#1595 = CARTESIAN_POINT('',(1.960116511389,35.915878752025,
    134.38989221983));
#1596 = CARTESIAN_POINT('',(1.840313177392,35.80794309573,
    134.38989221983));
#1597 = CARTESIAN_POINT('',(1.680209234991,35.62910959268,
    134.38989221983));
#1598 = CARTESIAN_POINT('',(1.630181003496,35.566813441828,
    134.38989221983));
#1599 = CARTESIAN_POINT('',(1.583520101941,35.501863489079,
    134.38989221983));
#1600 = CARTESIAN_POINT('',(1.540390254512,35.43447286717,
    134.38989221983));
#1601 = CARTESIAN_POINT('',(1.500938140357,35.364865437106,
    134.38989221983));
#1602 = CARTESIAN_POINT('',(1.46529318795,35.293275444434,
    134.38989221983));
#1603 = CARTESIAN_POINT('',(1.433567369448,35.219947175515,
    134.38989221983));
#1604 = CARTESIAN_POINT('',(1.378355755482,35.070897432648,
    134.38989221983));
#1605 = CARTESIAN_POINT('',(1.354806982685,34.995194709112,
    134.38989221983));
#1606 = CARTESIAN_POINT('',(1.335300388808,34.918274698135,
    134.38989221983));
#1607 = CARTESIAN_POINT('',(1.319908596186,34.84038970912,
    134.38989221983));
#1608 = CARTESIAN_POINT('',(1.308685057979,34.761795730834,
    134.38989221983));
#1609 = CARTESIAN_POINT('',(1.301663978804,34.682752056326,
    134.38989221983));
#1610 = CARTESIAN_POINT('',(1.298860235376,34.603520907844,
    134.38989221983));
#1611 = CARTESIAN_POINT('',(1.301526676192,34.453733970241,
    134.38989221983));
#1612 = CARTESIAN_POINT('',(1.306138684316,34.383159095418,
    134.38989221983));
#1613 = CARTESIAN_POINT('',(1.31410191122,34.312830250475,
    134.38989221983));
#1614 = CARTESIAN_POINT('',(1.325400662892,34.242933323574,
    134.38989221983));
#1615 = CARTESIAN_POINT('',(1.340007020786,34.173652081942,
    134.38989221983));
#1616 = CARTESIAN_POINT('',(1.357880901028,34.105167975983,
    134.38989221983));
#1617 = CARTESIAN_POINT('',(1.378970113614,34.037659943372,
    134.38989221983));
#1618 = CARTESIAN_POINT('',(1.451714386966,33.838528835878,
    134.38989221983));
#1619 = CARTESIAN_POINT('',(1.51284972438,33.710325813805,
    134.38989221983));
#1620 = CARTESIAN_POINT('',(1.586095802675,33.588155442035,
    134.38989221983));
#1621 = CARTESIAN_POINT('',(1.670740456902,33.47334209459,
    134.38989221983));
#1622 = CARTESIAN_POINT('',(1.7659168434,33.36709439479,134.38989221983)
  );
#1623 = CARTESIAN_POINT('',(1.870618614062,33.270507963208,
    134.38989221983));
#1624 = CARTESIAN_POINT('',(1.983693409767,33.184550743181,
    134.38989221983));
#1625 = CARTESIAN_POINT('',(2.209631182411,33.044385329949,
    134.38989221983));
#1626 = CARTESIAN_POINT('',(2.320961658916,32.987586723162,
    134.38989221983));
#1627 = CARTESIAN_POINT('',(2.436915900011,32.940194308124,
    134.38989221983));
#1628 = CARTESIAN_POINT('',(2.556561254591,32.902636844469,
    134.38989221983));
#1629 = CARTESIAN_POINT('',(2.678931254053,32.875230863554,
    134.38989221983));
#1630 = CARTESIAN_POINT('',(2.803030849636,32.858186156254,
    134.38989221983));
#1631 = CARTESIAN_POINT('',(2.927838256002,32.851598511871,
    134.38989221983));
#1632 = CARTESIAN_POINT('',(3.170428048695,32.859065735862,
    134.38989221983));
#1633 = CARTESIAN_POINT('',(3.28828075463,32.872087231719,
    134.38989221983));
#1634 = CARTESIAN_POINT('',(3.404966229819,32.89447107773,
    134.38989221983));
#1635 = CARTESIAN_POINT('',(3.519617263671,32.926087944702,
    134.38989221983));
#1636 = CARTESIAN_POINT('',(3.631392966826,32.966716995823,
    134.38989221983));
#1637 = CARTESIAN_POINT('',(3.739479924542,33.016051341068,
    134.38989221983));
#1638 = CARTESIAN_POINT('',(3.843096260693,33.073694242462,
    134.38989221983));
#1639 = CARTESIAN_POINT('',(4.115485264299,33.254872413852,
    134.38989221983));
#1640 = CARTESIAN_POINT('',(4.273461818002,33.395204211816,
    134.38989221983));
#1641 = CARTESIAN_POINT('',(4.410950276819,33.557335811228,
    134.38989221983));
#1642 = CARTESIAN_POINT('',(4.524615272014,33.737653216184,
    134.38989221983));
#1643 = CARTESIAN_POINT('',(4.611797421343,33.932156245992,
    134.38989221983));
#1644 = CARTESIAN_POINT('',(4.670643518272,34.136415551183,
    134.38989221983));
#1645 = CARTESIAN_POINT('',(4.7,34.345657110424,134.38989221983));
#1646 = CARTESIAN_POINT('',(4.7,34.554624915983,134.38989221983));
#1647 = PCURVE('',#67,#1648);
#1648 = DEFINITIONAL_REPRESENTATION('',(#1649),#1722);
#1649 = B_SPLINE_CURVE_WITH_KNOTS('',8,(#1650,#1651,#1652,#1653,#1654,
    #1655,#1656,#1657,#1658,#1659,#1660,#1661,#1662,#1663,#1664,#1665,
    #1666,#1667,#1668,#1669,#1670,#1671,#1672,#1673,#1674,#1675,#1676,
    #1677,#1678,#1679,#1680,#1681,#1682,#1683,#1684,#1685,#1686,#1687,
    #1688,#1689,#1690,#1691,#1692,#1693,#1694,#1695,#1696,#1697,#1698,
    #1699,#1700,#1701,#1702,#1703,#1704,#1705,#1706,#1707,#1708,#1709,
    #1710,#1711,#1712,#1713,#1714,#1715,#1716,#1717,#1718,#1719,#1720,
    #1721),.UNSPECIFIED.,.F.,.F.,(9,7,7,7,7,7,7,7,7,7,9),(0.,
    9.750965906319E-02,0.186213615289,0.318896377049,0.384952908078,
    0.450501400825,0.508993728302,0.62603472574,0.729137785683,
    0.826988574514,1.),.UNSPECIFIED.);
#1650 = CARTESIAN_POINT('',(22.041920193821,20.595691242998));
#1651 = CARTESIAN_POINT('',(21.944634203603,20.662063927913));
#1652 = CARTESIAN_POINT('',(21.852590211649,20.73614796966));
#1653 = CARTESIAN_POINT('',(21.766521597239,20.817447996122));
#1654 = CARTESIAN_POINT('',(21.687082859654,20.905395292719));
#1655 = CARTESIAN_POINT('',(21.614858624614,20.999358796686));
#1656 = CARTESIAN_POINT('',(21.550365338596,21.098649995659));
#1657 = CARTESIAN_POINT('',(21.494045651019,21.202521730564));
#1658 = CARTESIAN_POINT('',(21.402781054242,21.408079616887));
#1659 = CARTESIAN_POINT('',(21.366354971651,21.509138971203));
#1660 = CARTESIAN_POINT('',(21.337248886368,21.612733193045));
#1661 = CARTESIAN_POINT('',(21.315663323457,21.718241405567));
#1662 = CARTESIAN_POINT('',(21.301735481312,21.825030489661));
#1663 = CARTESIAN_POINT('',(21.29554163893,21.932457076337));
#1664 = CARTESIAN_POINT('',(21.297094172339,22.039868669653));
#1665 = CARTESIAN_POINT('',(21.320152824029,22.306257716805));
#1666 = CARTESIAN_POINT('',(21.351179031871,22.464497757278));
#1667 = CARTESIAN_POINT('',(21.399241208063,22.619045365233));
#1668 = CARTESIAN_POINT('',(21.463790376072,22.767768656843));
#1669 = CARTESIAN_POINT('',(21.543990271746,22.90867078148));
#1670 = CARTESIAN_POINT('',(21.638746163958,23.039883488611));
#1671 = CARTESIAN_POINT('',(21.746681820253,23.159686822608));
#1672 = CARTESIAN_POINT('',(21.925515323303,23.319790765009));
#1673 = CARTESIAN_POINT('',(21.987811474155,23.369818996504));
#1674 = CARTESIAN_POINT('',(22.052761426904,23.416479898059));
#1675 = CARTESIAN_POINT('',(22.120152048813,23.459609745488));
#1676 = CARTESIAN_POINT('',(22.189759478878,23.499061859643));
#1677 = CARTESIAN_POINT('',(22.261349471549,23.53470681205));
#1678 = CARTESIAN_POINT('',(22.334677740468,23.566432630552));
#1679 = CARTESIAN_POINT('',(22.483727483335,23.621644244518));
#1680 = CARTESIAN_POINT('',(22.559430206871,23.645193017315));
#1681 = CARTESIAN_POINT('',(22.636350217848,23.664699611192));
#1682 = CARTESIAN_POINT('',(22.714235206863,23.680091403814));
#1683 = CARTESIAN_POINT('',(22.792829185149,23.691314942021));
#1684 = CARTESIAN_POINT('',(22.871872859657,23.698336021196));
#1685 = CARTESIAN_POINT('',(22.951104008139,23.701139764624));
#1686 = CARTESIAN_POINT('',(23.100890945742,23.698473323808));
#1687 = CARTESIAN_POINT('',(23.171465820565,23.693861315684));
#1688 = CARTESIAN_POINT('',(23.241794665508,23.68589808878));
#1689 = CARTESIAN_POINT('',(23.31169159241,23.674599337108));
#1690 = CARTESIAN_POINT('',(23.380972834041,23.659992979214));
#1691 = CARTESIAN_POINT('',(23.449456940001,23.642119098972));
#1692 = CARTESIAN_POINT('',(23.516964972611,23.621029886386));
#1693 = CARTESIAN_POINT('',(23.716096080105,23.548285613034));
#1694 = CARTESIAN_POINT('',(23.844299102178,23.48715027562));
#1695 = CARTESIAN_POINT('',(23.966469473948,23.413904197325));
#1696 = CARTESIAN_POINT('',(24.081282821394,23.329259543098));
#1697 = CARTESIAN_POINT('',(24.187530521193,23.2340831566));
#1698 = CARTESIAN_POINT('',(24.284116952775,23.129381385938));
#1699 = CARTESIAN_POINT('',(24.370074172802,23.016306590233));
#1700 = CARTESIAN_POINT('',(24.510239586034,22.790368817589));
#1701 = CARTESIAN_POINT('',(24.567038192821,22.679038341084));
#1702 = CARTESIAN_POINT('',(24.614430607859,22.563084099989));
#1703 = CARTESIAN_POINT('',(24.651988071514,22.443438745409));
#1704 = CARTESIAN_POINT('',(24.679394052429,22.321068745947));
#1705 = CARTESIAN_POINT('',(24.696438759729,22.196969150364));
#1706 = CARTESIAN_POINT('',(24.703026404112,22.072161743998));
#1707 = CARTESIAN_POINT('',(24.695559180121,21.829571951305));
#1708 = CARTESIAN_POINT('',(24.682537684264,21.71171924537));
#1709 = CARTESIAN_POINT('',(24.660153838253,21.595033770181));
#1710 = CARTESIAN_POINT('',(24.628536971281,21.480382736329));
#1711 = CARTESIAN_POINT('',(24.58790792016,21.368607033174));
#1712 = CARTESIAN_POINT('',(24.538573574915,21.260520075458));
#1713 = CARTESIAN_POINT('',(24.480930673521,21.156903739307));
#1714 = CARTESIAN_POINT('',(24.299752502131,20.884514735701));
#1715 = CARTESIAN_POINT('',(24.159420704168,20.726538181999));
#1716 = CARTESIAN_POINT('',(23.997289104755,20.58904972318));
#1717 = CARTESIAN_POINT('',(23.816971699799,20.475384727987));
#1718 = CARTESIAN_POINT('',(23.622468669991,20.388202578656));
#1719 = CARTESIAN_POINT('',(23.4182093648,20.329356481728));
#1720 = CARTESIAN_POINT('',(23.208967805559,20.3));
#1721 = CARTESIAN_POINT('',(23.,20.3));
#1722 = ( GEOMETRIC_REPRESENTATION_CONTEXT(2) 
PARAMETRIC_REPRESENTATION_CONTEXT() REPRESENTATION_CONTEXT('2D SPACE',''
  ) );
#1723 = PCURVE('',#804,#1724);
#1724 = DEFINITIONAL_REPRESENTATION('',(#1725),#1798);
#1725 = B_SPLINE_CURVE_WITH_KNOTS('',8,(#1726,#1727,#1728,#1729,#1730,
    #1731,#1732,#1733,#1734,#1735,#1736,#1737,#1738,#1739,#1740,#1741,
    #1742,#1743,#1744,#1745,#1746,#1747,#1748,#1749,#1750,#1751,#1752,
    #1753,#1754,#1755,#1756,#1757,#1758,#1759,#1760,#1761,#1762,#1763,
    #1764,#1765,#1766,#1767,#1768,#1769,#1770,#1771,#1772,#1773,#1774,
    #1775,#1776,#1777,#1778,#1779,#1780,#1781,#1782,#1783,#1784,#1785,
    #1786,#1787,#1788,#1789,#1790,#1791,#1792,#1793,#1794,#1795,#1796,
    #1797),.UNSPECIFIED.,.F.,.F.,(9,7,7,7,7,7,7,7,7,7,9),(0.,
    9.750965906319E-02,0.186213615289,0.318896377049,0.384952908078,
    0.450501400825,0.508993728302,0.62603472574,0.729137785683,
    0.826988574514,1.),.UNSPECIFIED.);
#1726 = CARTESIAN_POINT('',(0.598708832583,60.));
#1727 = CARTESIAN_POINT('',(0.667985613586,60.));
#1728 = CARTESIAN_POINT('',(0.73727146979,60.));
#1729 = CARTESIAN_POINT('',(0.806553228955,60.));
#1730 = CARTESIAN_POINT('',(0.875830158185,60.));
#1731 = CARTESIAN_POINT('',(0.945107669232,60.));
#1732 = CARTESIAN_POINT('',(1.014390952999,60.));
#1733 = CARTESIAN_POINT('',(1.083678543215,60.));
#1734 = CARTESIAN_POINT('',(1.215976925767,60.));
#1735 = CARTESIAN_POINT('',(1.279004011493,60.));
#1736 = CARTESIAN_POINT('',(1.342028385091,60.));
#1737 = CARTESIAN_POINT('',(1.405049365095,60.));
#1738 = CARTESIAN_POINT('',(1.468070265673,60.));
#1739 = CARTESIAN_POINT('',(1.531094381187,60.));
#1740 = CARTESIAN_POINT('',(1.594120959611,60.));
#1741 = CARTESIAN_POINT('',(1.751406350126,60.));
#1742 = CARTESIAN_POINT('',(1.845715885509,60.));
#1743 = CARTESIAN_POINT('',(1.940001993719,60.));
#1744 = CARTESIAN_POINT('',(2.034268879945,60.));
#1745 = CARTESIAN_POINT('',(2.128536126362,60.));
#1746 = CARTESIAN_POINT('',(2.222823118951,60.));
#1747 = CARTESIAN_POINT('',(2.31713341802,60.));
#1748 = CARTESIAN_POINT('',(2.458327895041,60.));
#1749 = CARTESIAN_POINT('',(2.50525906733,60.));
#1750 = CARTESIAN_POINT('',(2.552189579332,60.));
#1751 = CARTESIAN_POINT('',(2.599119286364,60.));
#1752 = CARTESIAN_POINT('',(2.646048935027,60.));
#1753 = CARTESIAN_POINT('',(2.692979277727,60.));
#1754 = CARTESIAN_POINT('',(2.739910187211,60.));
#1755 = CARTESIAN_POINT('',(2.833408421314,60.));
#1756 = CARTESIAN_POINT('',(2.879978293242,60.));
#1757 = CARTESIAN_POINT('',(2.926547577602,60.));
#1758 = CARTESIAN_POINT('',(2.973116155211,60.));
#1759 = CARTESIAN_POINT('',(3.019684742756,60.));
#1760 = CARTESIAN_POINT('',(3.066254038569,60.));
#1761 = CARTESIAN_POINT('',(3.112823868415,60.));
#1762 = CARTESIAN_POINT('',(3.200947791429,60.));
#1763 = CARTESIAN_POINT('',(3.242504138163,60.));
#1764 = CARTESIAN_POINT('',(3.284060218542,60.));
#1765 = CARTESIAN_POINT('',(3.325615891797,60.));
#1766 = CARTESIAN_POINT('',(3.367171538838,60.));
#1767 = CARTESIAN_POINT('',(3.408727571777,60.));
#1768 = CARTESIAN_POINT('',(3.450283943446,60.));
#1769 = CARTESIAN_POINT('',(3.574991112248,60.));
#1770 = CARTESIAN_POINT('',(3.658165185155,60.));
#1771 = CARTESIAN_POINT('',(3.741328745775,60.));
#1772 = CARTESIAN_POINT('',(3.824479643203,60.));
#1773 = CARTESIAN_POINT('',(3.907631168143,60.));
#1774 = CARTESIAN_POINT('',(3.990796408749,60.));
#1775 = CARTESIAN_POINT('',(4.073972499627,60.));
#1776 = CARTESIAN_POINT('',(4.230374762655,60.));
#1777 = CARTESIAN_POINT('',(4.303637276056,60.));
#1778 = CARTESIAN_POINT('',(4.3768940067,60.));
#1779 = CARTESIAN_POINT('',(4.450143539532,60.));
#1780 = CARTESIAN_POINT('',(4.523392909253,60.));
#1781 = CARTESIAN_POINT('',(4.596649185341,60.));
#1782 = CARTESIAN_POINT('',(4.669911074836,60.));
#1783 = CARTESIAN_POINT('',(4.812678540033,60.));
#1784 = CARTESIAN_POINT('',(4.882206329808,60.));
#1785 = CARTESIAN_POINT('',(4.951729861296,60.));
#1786 = CARTESIAN_POINT('',(5.021248066511,60.));
#1787 = CARTESIAN_POINT('',(5.090766377394,60.));
#1788 = CARTESIAN_POINT('',(5.160290233226,60.));
#1789 = CARTESIAN_POINT('',(5.229818578438,60.));
#1790 = CARTESIAN_POINT('',(5.422254519404,60.));
#1791 = CARTESIAN_POINT('',(5.545345656574,60.));
#1792 = CARTESIAN_POINT('',(5.668336830251,60.));
#1793 = CARTESIAN_POINT('',(5.791267149575,60.));
#1794 = CARTESIAN_POINT('',(5.914195084465,60.));
#1795 = CARTESIAN_POINT('',(6.037180180689,60.));
#1796 = CARTESIAN_POINT('',(6.160263068615,60.));
#1797 = CARTESIAN_POINT('',(6.28318530718,60.));
#1798 = ( GEOMETRIC_REPRESENTATION_CONTEXT(2) 
PARAMETRIC_REPRESENTATION_CONTEXT() REPRESENTATION_CONTEXT('2D SPACE',''
  ) );
#1799 = ADVANCED_FACE('',(#1800),#346,.F.);
#1800 = FACE_BOUND('',#1801,.F.);
#1801 = EDGE_LOOP('',(#1802,#1803,#1826,#1847));
#1802 = ORIENTED_EDGE('',*,*,#1097,.F.);
#1803 = ORIENTED_EDGE('',*,*,#1804,.T.);
#1804 = EDGE_CURVE('',#1098,#1805,#1807,.T.);
#1805 = VERTEX_POINT('',#1806);
#1806 = CARTESIAN_POINT('',(15.,40.,135.88989221983));
#1807 = SURFACE_CURVE('',#1808,(#1812,#1819),.PCURVE_S1.);
#1808 = LINE('',#1809,#1810);
#1809 = CARTESIAN_POINT('',(15.,40.,134.38989221983));
#1810 = VECTOR('',#1811,1.);
#1811 = DIRECTION('',(0.,0.,1.));
#1812 = PCURVE('',#346,#1813);
#1813 = DEFINITIONAL_REPRESENTATION('',(#1814),#1818);
#1814 = LINE('',#1815,#1816);
#1815 = CARTESIAN_POINT('',(0.,0.));
#1816 = VECTOR('',#1817,1.);
#1817 = DIRECTION('',(1.,0.));
#1818 = ( GEOMETRIC_REPRESENTATION_CONTEXT(2) 
PARAMETRIC_REPRESENTATION_CONTEXT() REPRESENTATION_CONTEXT('2D SPACE',''
  ) );
#1819 = PCURVE('',#1136,#1820);
#1820 = DEFINITIONAL_REPRESENTATION('',(#1821),#1825);
#1821 = LINE('',#1822,#1823);
#1822 = CARTESIAN_POINT('',(0.,-30.));
#1823 = VECTOR('',#1824,1.);
#1824 = DIRECTION('',(1.,0.));
#1825 = ( GEOMETRIC_REPRESENTATION_CONTEXT(2) 
PARAMETRIC_REPRESENTATION_CONTEXT() REPRESENTATION_CONTEXT('2D SPACE',''
  ) );
#1826 = ORIENTED_EDGE('',*,*,#1827,.T.);
#1827 = EDGE_CURVE('',#1805,#315,#1828,.T.);
#1828 = SURFACE_CURVE('',#1829,(#1833,#1840),.PCURVE_S1.);
#1829 = LINE('',#1830,#1831);
#1830 = CARTESIAN_POINT('',(15.,40.,135.88989221983));
#1831 = VECTOR('',#1832,1.);
#1832 = DIRECTION('',(1.,0.,-0.));
#1833 = PCURVE('',#346,#1834);
#1834 = DEFINITIONAL_REPRESENTATION('',(#1835),#1839);
#1835 = LINE('',#1836,#1837);
#1836 = CARTESIAN_POINT('',(1.5,0.));
#1837 = VECTOR('',#1838,1.);
#1838 = DIRECTION('',(0.,1.));
#1839 = ( GEOMETRIC_REPRESENTATION_CONTEXT(2) 
PARAMETRIC_REPRESENTATION_CONTEXT() REPRESENTATION_CONTEXT('2D SPACE',''
  ) );
#1840 = PCURVE('',#209,#1841);
#1841 = DEFINITIONAL_REPRESENTATION('',(#1842),#1846);
#1842 = LINE('',#1843,#1844);
#1843 = CARTESIAN_POINT('',(0.,30.));
#1844 = VECTOR('',#1845,1.);
#1845 = DIRECTION('',(1.,0.));
#1846 = ( GEOMETRIC_REPRESENTATION_CONTEXT(2) 
PARAMETRIC_REPRESENTATION_CONTEXT() REPRESENTATION_CONTEXT('2D SPACE',''
  ) );
#1847 = ORIENTED_EDGE('',*,*,#334,.T.);
#1848 = ADVANCED_FACE('',(#1849),#209,.F.);
#1849 = FACE_BOUND('',#1850,.F.);
#1850 = EDGE_LOOP('',(#1851,#1876,#1894,#1895,#1917,#1918,#1919,#1942));
#1851 = ORIENTED_EDGE('',*,*,#1852,.F.);
#1852 = EDGE_CURVE('',#1853,#1855,#1857,.T.);
#1853 = VERTEX_POINT('',#1854);
#1854 = CARTESIAN_POINT('',(15.,27.554624915983,135.88989221983));
#1855 = VERTEX_POINT('',#1856);
#1856 = CARTESIAN_POINT('',(15.,32.304624915983,135.88989221983));
#1857 = SURFACE_CURVE('',#1858,(#1862,#1869),.PCURVE_S1.);
#1858 = LINE('',#1859,#1860);
#1859 = CARTESIAN_POINT('',(15.,10.,135.88989221983));
#1860 = VECTOR('',#1861,1.);
#1861 = DIRECTION('',(-0.,1.,0.));
#1862 = PCURVE('',#209,#1863);
#1863 = DEFINITIONAL_REPRESENTATION('',(#1864),#1868);
#1864 = LINE('',#1865,#1866);
#1865 = CARTESIAN_POINT('',(0.,0.));
#1866 = VECTOR('',#1867,1.);
#1867 = DIRECTION('',(0.,1.));
#1868 = ( GEOMETRIC_REPRESENTATION_CONTEXT(2) 
PARAMETRIC_REPRESENTATION_CONTEXT() REPRESENTATION_CONTEXT('2D SPACE',''
  ) );
#1869 = PCURVE('',#1199,#1870);
#1870 = DEFINITIONAL_REPRESENTATION('',(#1871),#1875);
#1871 = LINE('',#1872,#1873);
#1872 = CARTESIAN_POINT('',(1.5,0.));
#1873 = VECTOR('',#1874,1.);
#1874 = DIRECTION('',(0.,-1.));
#1875 = ( GEOMETRIC_REPRESENTATION_CONTEXT(2) 
PARAMETRIC_REPRESENTATION_CONTEXT() REPRESENTATION_CONTEXT('2D SPACE',''
  ) );
#1876 = ORIENTED_EDGE('',*,*,#1877,.T.);
#1877 = EDGE_CURVE('',#1853,#171,#1878,.T.);
#1878 = SURFACE_CURVE('',#1879,(#1882,#1888),.PCURVE_S1.);
#1879 = B_SPLINE_CURVE_WITH_KNOTS('',1,(#1880,#1881),.UNSPECIFIED.,.F.,
  .F.,(2,2),(0.,1.),.PIECEWISE_BEZIER_KNOTS.);
#1880 = CARTESIAN_POINT('',(15.,27.554624915983,135.88989221983));
#1881 = CARTESIAN_POINT('',(25.,27.554624915983,135.88989221983));
#1882 = PCURVE('',#209,#1883);
#1883 = DEFINITIONAL_REPRESENTATION('',(#1884),#1887);
#1884 = B_SPLINE_CURVE_WITH_KNOTS('',1,(#1885,#1886),.UNSPECIFIED.,.F.,
  .F.,(2,2),(0.,1.),.PIECEWISE_BEZIER_KNOTS.);
#1885 = CARTESIAN_POINT('',(0.,17.554624915983));
#1886 = CARTESIAN_POINT('',(10.,17.554624915983));
#1887 = ( GEOMETRIC_REPRESENTATION_CONTEXT(2) 
PARAMETRIC_REPRESENTATION_CONTEXT() REPRESENTATION_CONTEXT('2D SPACE',''
  ) );
#1888 = PCURVE('',#184,#1889);
#1889 = DEFINITIONAL_REPRESENTATION('',(#1890),#1893);
#1890 = B_SPLINE_CURVE_WITH_KNOTS('',1,(#1891,#1892),.UNSPECIFIED.,.F.,
  .F.,(2,2),(0.,1.),.PIECEWISE_BEZIER_KNOTS.);
#1891 = CARTESIAN_POINT('',(1.5,-10.));
#1892 = CARTESIAN_POINT('',(1.5,0.));
#1893 = ( GEOMETRIC_REPRESENTATION_CONTEXT(2) 
PARAMETRIC_REPRESENTATION_CONTEXT() REPRESENTATION_CONTEXT('2D SPACE',''
  ) );
#1894 = ORIENTED_EDGE('',*,*,#195,.F.);
#1895 = ORIENTED_EDGE('',*,*,#1896,.F.);
#1896 = EDGE_CURVE('',#283,#196,#1897,.T.);
#1897 = SURFACE_CURVE('',#1898,(#1903,#1910),.PCURVE_S1.);
#1898 = CIRCLE('',#1899,2.2);
#1899 = AXIS2_PLACEMENT_3D('',#1900,#1901,#1902);
#1900 = CARTESIAN_POINT('',(23.,32.,135.88989221983));
#1901 = DIRECTION('',(0.,0.,1.));
#1902 = DIRECTION('',(1.,0.,-0.));
#1903 = PCURVE('',#209,#1904);
#1904 = DEFINITIONAL_REPRESENTATION('',(#1905),#1909);
#1905 = CIRCLE('',#1906,2.2);
#1906 = AXIS2_PLACEMENT_2D('',#1907,#1908);
#1907 = CARTESIAN_POINT('',(8.,22.));
#1908 = DIRECTION('',(1.,0.));
#1909 = ( GEOMETRIC_REPRESENTATION_CONTEXT(2) 
PARAMETRIC_REPRESENTATION_CONTEXT() REPRESENTATION_CONTEXT('2D SPACE',''
  ) );
#1910 = PCURVE('',#242,#1911);
#1911 = DEFINITIONAL_REPRESENTATION('',(#1912),#1916);
#1912 = LINE('',#1913,#1914);
#1913 = CARTESIAN_POINT('',(0.,1.6));
#1914 = VECTOR('',#1915,1.);
#1915 = DIRECTION('',(1.,0.));
#1916 = ( GEOMETRIC_REPRESENTATION_CONTEXT(2) 
PARAMETRIC_REPRESENTATION_CONTEXT() REPRESENTATION_CONTEXT('2D SPACE',''
  ) );
#1917 = ORIENTED_EDGE('',*,*,#314,.F.);
#1918 = ORIENTED_EDGE('',*,*,#1827,.F.);
#1919 = ORIENTED_EDGE('',*,*,#1920,.F.);
#1920 = EDGE_CURVE('',#1921,#1805,#1923,.T.);
#1921 = VERTEX_POINT('',#1922);
#1922 = CARTESIAN_POINT('',(15.,36.804624915983,135.88989221983));
#1923 = SURFACE_CURVE('',#1924,(#1928,#1935),.PCURVE_S1.);
#1924 = LINE('',#1925,#1926);
#1925 = CARTESIAN_POINT('',(15.,10.,135.88989221983));
#1926 = VECTOR('',#1927,1.);
#1927 = DIRECTION('',(-0.,1.,0.));
#1928 = PCURVE('',#209,#1929);
#1929 = DEFINITIONAL_REPRESENTATION('',(#1930),#1934);
#1930 = LINE('',#1931,#1932);
#1931 = CARTESIAN_POINT('',(0.,0.));
#1932 = VECTOR('',#1933,1.);
#1933 = DIRECTION('',(0.,1.));
#1934 = ( GEOMETRIC_REPRESENTATION_CONTEXT(2) 
PARAMETRIC_REPRESENTATION_CONTEXT() REPRESENTATION_CONTEXT('2D SPACE',''
  ) );
#1935 = PCURVE('',#1136,#1936);
#1936 = DEFINITIONAL_REPRESENTATION('',(#1937),#1941);
#1937 = LINE('',#1938,#1939);
#1938 = CARTESIAN_POINT('',(1.5,0.));
#1939 = VECTOR('',#1940,1.);
#1940 = DIRECTION('',(0.,-1.));
#1941 = ( GEOMETRIC_REPRESENTATION_CONTEXT(2) 
PARAMETRIC_REPRESENTATION_CONTEXT() REPRESENTATION_CONTEXT('2D SPACE',''
  ) );
#1942 = ORIENTED_EDGE('',*,*,#1943,.F.);
#1943 = EDGE_CURVE('',#1855,#1921,#1944,.T.);
#1944 = SURFACE_CURVE('',#1945,(#2032,#2122),.PCURVE_S1.);
#1945 = B_SPLINE_CURVE_WITH_KNOTS('',7,(#1946,#1947,#1948,#1949,#1950,
    #1951,#1952,#1953,#1954,#1955,#1956,#1957,#1958,#1959,#1960,#1961,
    #1962,#1963,#1964,#1965,#1966,#1967,#1968,#1969,#1970,#1971,#1972,
    #1973,#1974,#1975,#1976,#1977,#1978,#1979,#1980,#1981,#1982,#1983,
    #1984,#1985,#1986,#1987,#1988,#1989,#1990,#1991,#1992,#1993,#1994,
    #1995,#1996,#1997,#1998,#1999,#2000,#2001,#2002,#2003,#2004,#2005,
    #2006,#2007,#2008,#2009,#2010,#2011,#2012,#2013,#2014,#2015,#2016,
    #2017,#2018,#2019,#2020,#2021,#2022,#2023,#2024,#2025,#2026,#2027,
    #2028,#2029,#2030,#2031),.UNSPECIFIED.,.F.,.F.,(8,6,6,6,6,6,6,6,6,6,
    6,6,6,6,8),(0.,9.511795662644E-02,0.162848528387,0.212853661108,
    0.249119301943,0.336036422547,0.435788258534,0.476000053439,
    0.533466543974,0.612734285108,0.670041312112,0.683836432669,
    0.726362158423,0.804107999446,1.),.UNSPECIFIED.);
#1946 = CARTESIAN_POINT('',(15.,32.304624915983,135.88989221983));
#1947 = CARTESIAN_POINT('',(15.092088108507,32.304624915983,
    135.88989221983));
#1948 = CARTESIAN_POINT('',(15.184747323993,32.309022217915,
    135.88989221983));
#1949 = CARTESIAN_POINT('',(15.277663304669,32.31791441447,
    135.88989221983));
#1950 = CARTESIAN_POINT('',(15.370518578402,32.331365376249,
    135.88989221983));
#1951 = CARTESIAN_POINT('',(15.462993649215,32.349405680229,
    135.88989221983));
#1952 = CARTESIAN_POINT('',(15.55476810378,32.372033038215,
    135.88989221983));
#1953 = CARTESIAN_POINT('',(15.710144575602,32.418566544636,
    135.88989221983));
#1954 = CARTESIAN_POINT('',(15.774251458957,32.440229052793,
    135.88989221983));
#1955 = CARTESIAN_POINT('',(15.837727382513,32.464187734355,
    135.88989221983));
#1956 = CARTESIAN_POINT('',(15.900459456976,32.490422462472,
    135.88989221983));
#1957 = CARTESIAN_POINT('',(15.962336889225,32.518905498869,
    135.88989221983));
#1958 = CARTESIAN_POINT('',(16.023250982308,32.549601493843,
    135.88989221983));
#1959 = CARTESIAN_POINT('',(16.127277765862,32.606732279411,
    135.88989221983));
#1960 = CARTESIAN_POINT('',(16.170877525253,32.632180081212,
    135.88989221983));
#1961 = CARTESIAN_POINT('',(16.213851680181,32.658793681666,
    135.88989221983));
#1962 = CARTESIAN_POINT('',(16.256158562223,32.686553882857,
    135.88989221983));
#1963 = CARTESIAN_POINT('',(16.297757567975,32.715439498961,
    135.88989221983));
#1964 = CARTESIAN_POINT('',(16.338609159045,32.745427356241,
    135.88989221983));
#1965 = CARTESIAN_POINT('',(16.407732047116,32.799021777122,
    135.88989221983));
#1966 = CARTESIAN_POINT('',(16.436375937273,32.822117820271,
    135.88989221983));
#1967 = CARTESIAN_POINT('',(16.464591885565,32.845770844991,
    135.88989221983));
#1968 = CARTESIAN_POINT('',(16.492365617344,32.869970788604,
    135.88989221983));
#1969 = CARTESIAN_POINT('',(16.519683230273,32.894707103267,
    135.88989221983));
#1970 = CARTESIAN_POINT('',(16.546531194333,32.91996875597,
    135.88989221983));
#1971 = CARTESIAN_POINT('',(16.636085186207,33.007519777129,
    135.88989221983));
#1972 = CARTESIAN_POINT('',(16.696501757934,33.072247869857,
    135.88989221983));
#1973 = CARTESIAN_POINT('',(16.753963648742,33.139768493658,
    135.88989221983));
#1974 = CARTESIAN_POINT('',(16.808303600738,33.209908678876,
    135.88989221983));
#1975 = CARTESIAN_POINT('',(16.859369677567,33.28248275414,
    135.88989221983));
#1976 = CARTESIAN_POINT('',(16.907025425602,33.357292601234,
    135.88989221983));
#1977 = CARTESIAN_POINT('',(17.001790355237,33.522309191902,
    135.88989221983));
#1978 = CARTESIAN_POINT('',(17.047781910245,33.613162350242,
    135.88989221983));
#1979 = CARTESIAN_POINT('',(17.088941975014,33.706368254145,
    135.88989221983));
#1980 = CARTESIAN_POINT('',(17.125120042295,33.801595605664,
    135.88989221983));
#1981 = CARTESIAN_POINT('',(17.156198116825,33.898501526623,
    135.88989221983));
#1982 = CARTESIAN_POINT('',(17.182091009443,33.996732145482,
    135.88989221983));
#1983 = CARTESIAN_POINT('',(17.211073291229,34.135908911434,
    135.88989221983));
#1984 = CARTESIAN_POINT('',(17.218549003898,34.176051173045,
    135.88989221983));
#1985 = CARTESIAN_POINT('',(17.225170428045,34.216326347119,
    135.88989221983));
#1986 = CARTESIAN_POINT('',(17.230935150839,34.256710746972,
    135.88989221983));
#1987 = CARTESIAN_POINT('',(17.235841687781,34.297180621147,
    135.88989221983));
#1988 = CARTESIAN_POINT('',(17.239889482705,34.337712153417,
    135.88989221983));
#1989 = CARTESIAN_POINT('',(17.247636900429,34.436258875578,
    135.88989221983));
#1990 = CARTESIAN_POINT('',(17.250441857596,34.494313724881,
    135.88989221983));
#1991 = CARTESIAN_POINT('',(17.251494857295,34.552376104415,
    135.88989221983));
#1992 = CARTESIAN_POINT('',(17.250800936553,34.6103765646,
    135.88989221983));
#1993 = CARTESIAN_POINT('',(17.248369091407,34.66824611255,
    135.88989221983));
#1994 = CARTESIAN_POINT('',(17.244212276904,34.725916212075,
    135.88989221983));
#1995 = CARTESIAN_POINT('',(17.230257562446,34.862498356749,
    135.88989221983));
#1996 = CARTESIAN_POINT('',(17.218917694273,34.941170252419,
    135.88989221983));
#1997 = CARTESIAN_POINT('',(17.204372430876,35.019155148423,
    135.88989221983));
#1998 = CARTESIAN_POINT('',(17.186680489656,35.096278766149,
    135.88989221983));
#1999 = CARTESIAN_POINT('',(17.165914721961,35.172372213134,
    135.88989221983));
#2000 = CARTESIAN_POINT('',(17.142162157943,35.247272325553,
    135.88989221983));
#2001 = CARTESIAN_POINT('',(17.096265893294,35.373995139309,
    135.88989221983));
#2002 = CARTESIAN_POINT('',(17.075499344447,35.426463137789,
    135.88989221983));
#2003 = CARTESIAN_POINT('',(17.053262637771,35.478166794288,
    135.88989221983));
#2004 = CARTESIAN_POINT('',(17.029597573956,35.529049547736,
    135.88989221983));
#2005 = CARTESIAN_POINT('',(17.004549521467,35.57905748786,
    135.88989221983));
#2006 = CARTESIAN_POINT('',(16.978167416548,35.628139355174,
    135.88989221983));
#2007 = CARTESIAN_POINT('',(16.943844485068,35.687827047996,
    135.88989221983));
#2008 = CARTESIAN_POINT('',(16.937084812541,35.69939677838,
    135.88989221983));
#2009 = CARTESIAN_POINT('',(16.930219179087,35.710962736606,
    135.88989221983));
#2010 = CARTESIAN_POINT('',(16.923244016098,35.722528469174,
    135.88989221983));
#2011 = CARTESIAN_POINT('',(16.916157752907,35.734094064615,
    135.88989221983));
#2012 = CARTESIAN_POINT('',(16.908960816787,35.745656153493,
    135.88989221983));
#2013 = CARTESIAN_POINT('',(16.879136203483,35.792818090962,
    135.88989221983));
#2014 = CARTESIAN_POINT('',(16.855780158306,35.82802902138,
    135.88989221983));
#2015 = CARTESIAN_POINT('',(16.831595949203,35.862811216862,
    135.88989221983));
#2016 = CARTESIAN_POINT('',(16.806593335214,35.897135797477,
    135.88989221983));
#2017 = CARTESIAN_POINT('',(16.780783382638,35.930974486159,
    135.88989221983));
#2018 = CARTESIAN_POINT('',(16.754178465037,35.964299608709,
    135.88989221983));
#2019 = CARTESIAN_POINT('',(16.676724609961,36.057020927801,
    135.88989221983));
#2020 = CARTESIAN_POINT('',(16.624044890929,36.1151515714,
    135.88989221983));
#2021 = CARTESIAN_POINT('',(16.568837338027,36.171309942096,
    135.88989221983));
#2022 = CARTESIAN_POINT('',(16.511198550343,36.22533914113,
    135.88989221983));
#2023 = CARTESIAN_POINT('',(16.45123717579,36.27709158758,
    135.88989221983));
#2024 = CARTESIAN_POINT('',(16.389073592734,36.326429152473,
    135.88989221983));
#2025 = CARTESIAN_POINT('',(16.162992645017,36.49112796352,
    135.88989221983));
#2026 = CARTESIAN_POINT('',(15.987925556212,36.592940880186,
    135.88989221983));
#2027 = CARTESIAN_POINT('',(15.801837000058,36.67650225941,
    135.88989221983));
#2028 = CARTESIAN_POINT('',(15.607225369288,36.740273822042,
    135.88989221983));
#2029 = CARTESIAN_POINT('',(15.406769127879,36.783185971013,
    135.88989221983));
#2030 = CARTESIAN_POINT('',(15.203337586898,36.804624915983,
    135.88989221983));
#2031 = CARTESIAN_POINT('',(15.,36.804624915983,135.88989221983));
#2032 = PCURVE('',#209,#2033);
#2033 = DEFINITIONAL_REPRESENTATION('',(#2034),#2121);
#2034 = B_SPLINE_CURVE_WITH_KNOTS('',7,(#2035,#2036,#2037,#2038,#2039,
    #2040,#2041,#2042,#2043,#2044,#2045,#2046,#2047,#2048,#2049,#2050,
    #2051,#2052,#2053,#2054,#2055,#2056,#2057,#2058,#2059,#2060,#2061,
    #2062,#2063,#2064,#2065,#2066,#2067,#2068,#2069,#2070,#2071,#2072,
    #2073,#2074,#2075,#2076,#2077,#2078,#2079,#2080,#2081,#2082,#2083,
    #2084,#2085,#2086,#2087,#2088,#2089,#2090,#2091,#2092,#2093,#2094,
    #2095,#2096,#2097,#2098,#2099,#2100,#2101,#2102,#2103,#2104,#2105,
    #2106,#2107,#2108,#2109,#2110,#2111,#2112,#2113,#2114,#2115,#2116,
    #2117,#2118,#2119,#2120),.UNSPECIFIED.,.F.,.F.,(8,6,6,6,6,6,6,6,6,6,
    6,6,6,6,8),(0.,9.511795662644E-02,0.162848528387,0.212853661108,
    0.249119301943,0.336036422547,0.435788258534,0.476000053439,
    0.533466543974,0.612734285108,0.670041312112,0.683836432669,
    0.726362158423,0.804107999446,1.),.UNSPECIFIED.);
#2035 = CARTESIAN_POINT('',(0.,22.304624915983));
#2036 = CARTESIAN_POINT('',(9.208810850743E-02,22.304624915983));
#2037 = CARTESIAN_POINT('',(0.184747323993,22.309022217915));
#2038 = CARTESIAN_POINT('',(0.277663304669,22.31791441447));
#2039 = CARTESIAN_POINT('',(0.370518578402,22.331365376249));
#2040 = CARTESIAN_POINT('',(0.462993649215,22.349405680229));
#2041 = CARTESIAN_POINT('',(0.55476810378,22.372033038215));
#2042 = CARTESIAN_POINT('',(0.710144575602,22.418566544636));
#2043 = CARTESIAN_POINT('',(0.774251458957,22.440229052793));
#2044 = CARTESIAN_POINT('',(0.837727382513,22.464187734355));
#2045 = CARTESIAN_POINT('',(0.900459456976,22.490422462472));
#2046 = CARTESIAN_POINT('',(0.962336889225,22.518905498869));
#2047 = CARTESIAN_POINT('',(1.023250982308,22.549601493843));
#2048 = CARTESIAN_POINT('',(1.127277765862,22.606732279411));
#2049 = CARTESIAN_POINT('',(1.170877525253,22.632180081212));
#2050 = CARTESIAN_POINT('',(1.213851680181,22.658793681666));
#2051 = CARTESIAN_POINT('',(1.256158562223,22.686553882857));
#2052 = CARTESIAN_POINT('',(1.297757567975,22.715439498961));
#2053 = CARTESIAN_POINT('',(1.338609159045,22.745427356241));
#2054 = CARTESIAN_POINT('',(1.407732047116,22.799021777122));
#2055 = CARTESIAN_POINT('',(1.436375937273,22.822117820271));
#2056 = CARTESIAN_POINT('',(1.464591885565,22.845770844991));
#2057 = CARTESIAN_POINT('',(1.492365617344,22.869970788604));
#2058 = CARTESIAN_POINT('',(1.519683230273,22.894707103267));
#2059 = CARTESIAN_POINT('',(1.546531194333,22.91996875597));
#2060 = CARTESIAN_POINT('',(1.636085186207,23.007519777129));
#2061 = CARTESIAN_POINT('',(1.696501757934,23.072247869857));
#2062 = CARTESIAN_POINT('',(1.753963648742,23.139768493658));
#2063 = CARTESIAN_POINT('',(1.808303600738,23.209908678876));
#2064 = CARTESIAN_POINT('',(1.859369677567,23.28248275414));
#2065 = CARTESIAN_POINT('',(1.907025425602,23.357292601234));
#2066 = CARTESIAN_POINT('',(2.001790355237,23.522309191902));
#2067 = CARTESIAN_POINT('',(2.047781910245,23.613162350242));
#2068 = CARTESIAN_POINT('',(2.088941975014,23.706368254145));
#2069 = CARTESIAN_POINT('',(2.125120042295,23.801595605664));
#2070 = CARTESIAN_POINT('',(2.156198116825,23.898501526623));
#2071 = CARTESIAN_POINT('',(2.182091009443,23.996732145482));
#2072 = CARTESIAN_POINT('',(2.211073291229,24.135908911434));
#2073 = CARTESIAN_POINT('',(2.218549003898,24.176051173045));
#2074 = CARTESIAN_POINT('',(2.225170428045,24.216326347119));
#2075 = CARTESIAN_POINT('',(2.230935150839,24.256710746972));
#2076 = CARTESIAN_POINT('',(2.235841687781,24.297180621147));
#2077 = CARTESIAN_POINT('',(2.239889482705,24.337712153417));
#2078 = CARTESIAN_POINT('',(2.247636900429,24.436258875578));
#2079 = CARTESIAN_POINT('',(2.250441857596,24.494313724881));
#2080 = CARTESIAN_POINT('',(2.251494857295,24.552376104415));
#2081 = CARTESIAN_POINT('',(2.250800936553,24.6103765646));
#2082 = CARTESIAN_POINT('',(2.248369091407,24.66824611255));
#2083 = CARTESIAN_POINT('',(2.244212276904,24.725916212075));
#2084 = CARTESIAN_POINT('',(2.230257562446,24.862498356749));
#2085 = CARTESIAN_POINT('',(2.218917694273,24.941170252419));
#2086 = CARTESIAN_POINT('',(2.204372430876,25.019155148423));
#2087 = CARTESIAN_POINT('',(2.186680489656,25.096278766149));
#2088 = CARTESIAN_POINT('',(2.165914721961,25.172372213134));
#2089 = CARTESIAN_POINT('',(2.142162157943,25.247272325553));
#2090 = CARTESIAN_POINT('',(2.096265893294,25.373995139309));
#2091 = CARTESIAN_POINT('',(2.075499344447,25.426463137789));
#2092 = CARTESIAN_POINT('',(2.053262637771,25.478166794288));
#2093 = CARTESIAN_POINT('',(2.029597573956,25.529049547736));
#2094 = CARTESIAN_POINT('',(2.004549521467,25.57905748786));
#2095 = CARTESIAN_POINT('',(1.978167416548,25.628139355174));
#2096 = CARTESIAN_POINT('',(1.943844485068,25.687827047996));
#2097 = CARTESIAN_POINT('',(1.937084812541,25.69939677838));
#2098 = CARTESIAN_POINT('',(1.930219179087,25.710962736606));
#2099 = CARTESIAN_POINT('',(1.923244016098,25.722528469174));
#2100 = CARTESIAN_POINT('',(1.916157752907,25.734094064615));
#2101 = CARTESIAN_POINT('',(1.908960816787,25.745656153493));
#2102 = CARTESIAN_POINT('',(1.879136203483,25.792818090962));
#2103 = CARTESIAN_POINT('',(1.855780158306,25.82802902138));
#2104 = CARTESIAN_POINT('',(1.831595949203,25.862811216862));
#2105 = CARTESIAN_POINT('',(1.806593335214,25.897135797477));
#2106 = CARTESIAN_POINT('',(1.780783382638,25.930974486159));
#2107 = CARTESIAN_POINT('',(1.754178465037,25.964299608709));
#2108 = CARTESIAN_POINT('',(1.676724609961,26.057020927801));
#2109 = CARTESIAN_POINT('',(1.624044890929,26.1151515714));
#2110 = CARTESIAN_POINT('',(1.568837338027,26.171309942096));
#2111 = CARTESIAN_POINT('',(1.511198550343,26.22533914113));
#2112 = CARTESIAN_POINT('',(1.45123717579,26.27709158758));
#2113 = CARTESIAN_POINT('',(1.389073592734,26.326429152473));
#2114 = CARTESIAN_POINT('',(1.162992645017,26.49112796352));
#2115 = CARTESIAN_POINT('',(0.987925556212,26.592940880186));
#2116 = CARTESIAN_POINT('',(0.801837000058,26.67650225941));
#2117 = CARTESIAN_POINT('',(0.607225369288,26.740273822042));
#2118 = CARTESIAN_POINT('',(0.406769127879,26.783185971013));
#2119 = CARTESIAN_POINT('',(0.203337586898,26.804624915983));
#2120 = CARTESIAN_POINT('',(0.,26.804624915983));
#2121 = ( GEOMETRIC_REPRESENTATION_CONTEXT(2) 
PARAMETRIC_REPRESENTATION_CONTEXT() REPRESENTATION_CONTEXT('2D SPACE',''
  ) );
#2122 = PCURVE('',#478,#2123);
#2123 = DEFINITIONAL_REPRESENTATION('',(#2124),#2211);
#2124 = B_SPLINE_CURVE_WITH_KNOTS('',7,(#2125,#2126,#2127,#2128,#2129,
    #2130,#2131,#2132,#2133,#2134,#2135,#2136,#2137,#2138,#2139,#2140,
    #2141,#2142,#2143,#2144,#2145,#2146,#2147,#2148,#2149,#2150,#2151,
    #2152,#2153,#2154,#2155,#2156,#2157,#2158,#2159,#2160,#2161,#2162,
    #2163,#2164,#2165,#2166,#2167,#2168,#2169,#2170,#2171,#2172,#2173,
    #2174,#2175,#2176,#2177,#2178,#2179,#2180,#2181,#2182,#2183,#2184,
    #2185,#2186,#2187,#2188,#2189,#2190,#2191,#2192,#2193,#2194,#2195,
    #2196,#2197,#2198,#2199,#2200,#2201,#2202,#2203,#2204,#2205,#2206,
    #2207,#2208,#2209,#2210),.UNSPECIFIED.,.F.,.F.,(8,6,6,6,6,6,6,6,6,6,
    6,6,6,6,8),(0.,9.511795662644E-02,0.162848528387,0.212853661108,
    0.249119301943,0.336036422547,0.435788258534,0.476000053439,
    0.533466543974,0.612734285108,0.670041312112,0.683836432669,
    0.726362158423,0.804107999446,1.),.UNSPECIFIED.);
#2125 = CARTESIAN_POINT('',(6.28318530718,1.6));
#2126 = CARTESIAN_POINT('',(6.233695128612,1.6));
#2127 = CARTESIAN_POINT('',(6.185262482249,1.6));
#2128 = CARTESIAN_POINT('',(6.13781551674,1.6));
#2129 = CARTESIAN_POINT('',(6.091281554512,1.6));
#2130 = CARTESIAN_POINT('',(6.045589051422,1.6));
#2131 = CARTESIAN_POINT('',(6.00066955642,1.6));
#2132 = CARTESIAN_POINT('',(5.924979171528,1.6));
#2133 = CARTESIAN_POINT('',(5.89385777592,1.6));
#2134 = CARTESIAN_POINT('',(5.863071854636,1.6));
#2135 = CARTESIAN_POINT('',(5.832598379444,1.6));
#2136 = CARTESIAN_POINT('',(5.80241492362,1.6));
#2137 = CARTESIAN_POINT('',(5.772499661959,1.6));
#2138 = CARTESIAN_POINT('',(5.720927423987,1.6));
#2139 = CARTESIAN_POINT('',(5.699158026993,1.6));
#2140 = CARTESIAN_POINT('',(5.677514627931,1.6));
#2141 = CARTESIAN_POINT('',(5.65598881636,1.6));
#2142 = CARTESIAN_POINT('',(5.634572323255,1.6));
#2143 = CARTESIAN_POINT('',(5.613257020999,1.6));
#2144 = CARTESIAN_POINT('',(5.576643843959,1.6));
#2145 = CARTESIAN_POINT('',(5.561301772324,1.6));
#2146 = CARTESIAN_POINT('',(5.546005658183,1.6));
#2147 = CARTESIAN_POINT('',(5.530752479882,1.6));
#2148 = CARTESIAN_POINT('',(5.515539244411,1.6));
#2149 = CARTESIAN_POINT('',(5.500362987411,1.6));
#2150 = CARTESIAN_POINT('',(5.448929737595,1.6));
#2151 = CARTESIAN_POINT('',(5.412833652495,1.6));
#2152 = CARTESIAN_POINT('',(5.376893025472,1.6));
#2153 = CARTESIAN_POINT('',(5.34106801084,1.6));
#2154 = CARTESIAN_POINT('',(5.305318908472,1.6));
#2155 = CARTESIAN_POINT('',(5.269606662642,1.6));
#2156 = CARTESIAN_POINT('',(5.192906413832,1.6));
#2157 = CARTESIAN_POINT('',(5.151916185453,1.6));
#2158 = CARTESIAN_POINT('',(5.110865829598,1.6));
#2159 = CARTESIAN_POINT('',(5.069696212914,1.6));
#2160 = CARTESIAN_POINT('',(5.028346899625,1.6));
#2161 = CARTESIAN_POINT('',(4.986757136322,1.6));
#2162 = CARTESIAN_POINT('',(4.927980088569,1.6));
#2163 = CARTESIAN_POINT('',(4.911044312464,1.6));
#2164 = CARTESIAN_POINT('',(4.894055452334,1.6));
#2165 = CARTESIAN_POINT('',(4.877009402549,1.6));
#2166 = CARTESIAN_POINT('',(4.859902007939,1.6));
#2167 = CARTESIAN_POINT('',(4.842729063806,1.6));
#2168 = CARTESIAN_POINT('',(4.800844784471,1.6));
#2169 = CARTESIAN_POINT('',(4.776060636414,1.6));
#2170 = CARTESIAN_POINT('',(4.751121475263,1.6));
#2171 = CARTESIAN_POINT('',(4.726014629029,1.6));
#2172 = CARTESIAN_POINT('',(4.700727150214,1.6));
#2173 = CARTESIAN_POINT('',(4.675245815813,1.6));
#2174 = CARTESIAN_POINT('',(4.614122836979,1.6));
#2175 = CARTESIAN_POINT('',(4.578293497543,1.6));
#2176 = CARTESIAN_POINT('',(4.542034381502,1.6));
#2177 = CARTESIAN_POINT('',(4.505308724902,1.6));
#2178 = CARTESIAN_POINT('',(4.468078308494,1.6));
#2179 = CARTESIAN_POINT('',(4.430304038891,1.6));
#2180 = CARTESIAN_POINT('',(4.364215768345,1.6));
#2181 = CARTESIAN_POINT('',(4.336179933782,1.6));
#2182 = CARTESIAN_POINT('',(4.307823840478,1.6));
#2183 = CARTESIAN_POINT('',(4.279132058055,1.6));
#2184 = CARTESIAN_POINT('',(4.250088911307,1.6));
#2185 = CARTESIAN_POINT('',(4.220678480205,1.6));
#2186 = CARTESIAN_POINT('',(4.183712527068,1.6));
#2187 = CARTESIAN_POINT('',(4.176528305045,1.6));
#2188 = CARTESIAN_POINT('',(4.169341193752,1.6));
#2189 = CARTESIAN_POINT('',(4.162156740636,1.6));
#2190 = CARTESIAN_POINT('',(4.15497678065,1.6));
#2191 = CARTESIAN_POINT('',(4.147799436257,1.6));
#2192 = CARTESIAN_POINT('',(4.118484604872,1.6));
#2193 = CARTESIAN_POINT('',(4.096558828084,1.6));
#2194 = CARTESIAN_POINT('',(4.074834893867,1.6));
#2195 = CARTESIAN_POINT('',(4.053305993342,1.6));
#2196 = CARTESIAN_POINT('',(4.031965401961,1.6));
#2197 = CARTESIAN_POINT('',(4.0108064795,1.6));
#2198 = CARTESIAN_POINT('',(3.95145991707,1.6));
#2199 = CARTESIAN_POINT('',(3.913682023111,1.6));
#2200 = CARTESIAN_POINT('',(3.876449685406,1.6));
#2201 = CARTESIAN_POINT('',(3.839723887307,1.6));
#2202 = CARTESIAN_POINT('',(3.803466480028,1.6));
#2203 = CARTESIAN_POINT('',(3.767640764373,1.6));
#2204 = CARTESIAN_POINT('',(3.642944309154,1.6));
#2205 = CARTESIAN_POINT('',(3.5561551098,1.6));
#2206 = CARTESIAN_POINT('',(3.471352989825,1.6));
#2207 = CARTESIAN_POINT('',(3.387984683265,1.6));
#2208 = CARTESIAN_POINT('',(3.305547718123,1.6));
#2209 = CARTESIAN_POINT('',(3.223551228221,1.6));
#2210 = CARTESIAN_POINT('',(3.14159265359,1.6));
#2211 = ( GEOMETRIC_REPRESENTATION_CONTEXT(2) 
PARAMETRIC_REPRESENTATION_CONTEXT() REPRESENTATION_CONTEXT('2D SPACE',''
  ) );
#2212 = ADVANCED_FACE('',(#2213),#242,.T.);
#2213 = FACE_BOUND('',#2214,.T.);
#2214 = EDGE_LOOP('',(#2215,#2216,#2217,#2261));
#2215 = ORIENTED_EDGE('',*,*,#1896,.F.);
#2216 = ORIENTED_EDGE('',*,*,#282,.T.);
#2217 = ORIENTED_EDGE('',*,*,#2218,.T.);
#2218 = EDGE_CURVE('',#258,#221,#2219,.T.);
#2219 = SURFACE_CURVE('',#2220,(#2225,#2232),.PCURVE_S1.);
#2220 = CIRCLE('',#2221,2.2);
#2221 = AXIS2_PLACEMENT_3D('',#2222,#2223,#2224);
#2222 = CARTESIAN_POINT('',(23.,32.,134.38989221983));
#2223 = DIRECTION('',(0.,0.,1.));
#2224 = DIRECTION('',(1.,0.,-0.));
#2225 = PCURVE('',#242,#2226);
#2226 = DEFINITIONAL_REPRESENTATION('',(#2227),#2231);
#2227 = LINE('',#2228,#2229);
#2228 = CARTESIAN_POINT('',(0.,0.1));
#2229 = VECTOR('',#2230,1.);
#2230 = DIRECTION('',(1.,0.));
#2231 = ( GEOMETRIC_REPRESENTATION_CONTEXT(2) 
PARAMETRIC_REPRESENTATION_CONTEXT() REPRESENTATION_CONTEXT('2D SPACE',''
  ) );
#2232 = PCURVE('',#271,#2233);
#2233 = DEFINITIONAL_REPRESENTATION('',(#2234),#2260);
#2234 = B_SPLINE_CURVE_WITH_KNOTS('',8,(#2235,#2236,#2237,#2238,#2239,
    #2240,#2241,#2242,#2243,#2244,#2245,#2246,#2247,#2248,#2249,#2250,
    #2251,#2252,#2253,#2254,#2255,#2256,#2257,#2258,#2259),
  .UNSPECIFIED.,.F.,.F.,(9,8,8,9),(0.429699666151,1.785646159871,
    3.819565900449,5.853485641028),.UNSPECIFIED.);
#2235 = CARTESIAN_POINT('',(24.638109776992,0.));
#2236 = CARTESIAN_POINT('',(24.299122994226,0.155343097422));
#2237 = CARTESIAN_POINT('',(23.99022847216,0.376350875042));
#2238 = CARTESIAN_POINT('',(23.726260124735,0.656219715431));
#2239 = CARTESIAN_POINT('',(23.520225876782,0.984133159186));
#2240 = CARTESIAN_POINT('',(23.381894818291,1.345853847056));
#2241 = CARTESIAN_POINT('',(23.316778232363,1.725018305687));
#2242 = CARTESIAN_POINT('',(23.325706813139,2.104729437601));
#2243 = CARTESIAN_POINT('',(23.405206389963,2.469041575982));
#2244 = CARTESIAN_POINT('',(23.524455217994,3.015509551442));
#2245 = CARTESIAN_POINT('',(23.802488709218,3.527329787103));
#2246 = CARTESIAN_POINT('',(24.227544548456,3.950669646118));
#2247 = CARTESIAN_POINT('',(24.766037874389,4.23651022726));
#2248 = CARTESIAN_POINT('',(25.364724735264,4.351636089181));
#2249 = CARTESIAN_POINT('',(25.961303015356,4.288521463852));
#2250 = CARTESIAN_POINT('',(26.49886988764,4.064279556156));
#2251 = CARTESIAN_POINT('',(26.934499644507,3.71346016399));
#2252 = CARTESIAN_POINT('',(27.370129721676,3.362641168673));
#2253 = CARTESIAN_POINT('',(27.70382559282,2.885242343156));
#2254 = CARTESIAN_POINT('',(27.892680037301,2.315836422174));
#2255 = CARTESIAN_POINT('',(27.907841546694,1.706369409199));
#2256 = CARTESIAN_POINT('',(27.743380079512,1.119315469121));
#2257 = CARTESIAN_POINT('',(27.420395670692,0.613775975304));
#2258 = CARTESIAN_POINT('',(26.979619933525,0.233014472893));
#2259 = CARTESIAN_POINT('',(26.471140054974,0.));
#2260 = ( GEOMETRIC_REPRESENTATION_CONTEXT(2) 
PARAMETRIC_REPRESENTATION_CONTEXT() REPRESENTATION_CONTEXT('2D SPACE',''
  ) );
#2261 = ORIENTED_EDGE('',*,*,#220,.F.);
#2262 = ADVANCED_FACE('',(#2263),#271,.T.);
#2263 = FACE_BOUND('',#2264,.T.);
#2264 = EDGE_LOOP('',(#2265,#2266));
#2265 = ORIENTED_EDGE('',*,*,#2218,.F.);
#2266 = ORIENTED_EDGE('',*,*,#257,.T.);
#2267 = ADVANCED_FACE('',(#2268),#184,.F.);
#2268 = FACE_BOUND('',#2269,.F.);
#2269 = EDGE_LOOP('',(#2270,#2271,#2272,#2290,#2291,#2292));
#2270 = ORIENTED_EDGE('',*,*,#170,.F.);
#2271 = ORIENTED_EDGE('',*,*,#1877,.F.);
#2272 = ORIENTED_EDGE('',*,*,#2273,.T.);
#2273 = EDGE_CURVE('',#1853,#1184,#2274,.T.);
#2274 = SURFACE_CURVE('',#2275,(#2278,#2284),.PCURVE_S1.);
#2275 = B_SPLINE_CURVE_WITH_KNOTS('',1,(#2276,#2277),.UNSPECIFIED.,.F.,
  .F.,(2,2),(0.,1.),.PIECEWISE_BEZIER_KNOTS.);
#2276 = CARTESIAN_POINT('',(15.,27.554624915983,135.88989221983));
#2277 = CARTESIAN_POINT('',(15.,27.554624915983,134.38989221983));
#2278 = PCURVE('',#184,#2279);
#2279 = DEFINITIONAL_REPRESENTATION('',(#2280),#2283);
#2280 = B_SPLINE_CURVE_WITH_KNOTS('',1,(#2281,#2282),.UNSPECIFIED.,.F.,
  .F.,(2,2),(0.,1.),.PIECEWISE_BEZIER_KNOTS.);
#2281 = CARTESIAN_POINT('',(1.5,-10.));
#2282 = CARTESIAN_POINT('',(0.,-10.));
#2283 = ( GEOMETRIC_REPRESENTATION_CONTEXT(2) 
PARAMETRIC_REPRESENTATION_CONTEXT() REPRESENTATION_CONTEXT('2D SPACE',''
  ) );
#2284 = PCURVE('',#1199,#2285);
#2285 = DEFINITIONAL_REPRESENTATION('',(#2286),#2289);
#2286 = B_SPLINE_CURVE_WITH_KNOTS('',1,(#2287,#2288),.UNSPECIFIED.,.F.,
  .F.,(2,2),(0.,1.),.PIECEWISE_BEZIER_KNOTS.);
#2287 = CARTESIAN_POINT('',(1.5,-17.55462491598));
#2288 = CARTESIAN_POINT('',(0.,-17.55462491598));
#2289 = ( GEOMETRIC_REPRESENTATION_CONTEXT(2) 
PARAMETRIC_REPRESENTATION_CONTEXT() REPRESENTATION_CONTEXT('2D SPACE',''
  ) );
#2290 = ORIENTED_EDGE('',*,*,#1211,.T.);
#2291 = ORIENTED_EDGE('',*,*,#1073,.T.);
#2292 = ORIENTED_EDGE('',*,*,#362,.F.);
#2293 = ADVANCED_FACE('',(#2294),#426,.T.);
#2294 = FACE_BOUND('',#2295,.T.);
#2295 = EDGE_LOOP('',(#2296,#2297,#2317,#2318));
#2296 = ORIENTED_EDGE('',*,*,#402,.F.);
#2297 = ORIENTED_EDGE('',*,*,#2298,.F.);
#2298 = EDGE_CURVE('',#1232,#403,#2299,.T.);
#2299 = SEAM_CURVE('',#2300,(#2303,#2310),.PCURVE_S1.);
#2300 = B_SPLINE_CURVE_WITH_KNOTS('',1,(#2301,#2302),.UNSPECIFIED.,.F.,
  .F.,(2,2),(9.999999999999E-02,5.1),.PIECEWISE_BEZIER_KNOTS.);
#2301 = CARTESIAN_POINT('',(15.,48.304624915983,134.38989221983));
#2302 = CARTESIAN_POINT('',(15.,48.304624915983,139.38989221983));
#2303 = PCURVE('',#426,#2304);
#2304 = DEFINITIONAL_REPRESENTATION('',(#2305),#2309);
#2305 = B_SPLINE_CURVE_WITH_KNOTS('',2,(#2306,#2307,#2308),
  .UNSPECIFIED.,.F.,.F.,(3,3),(9.999999999999E-02,5.1),
  .PIECEWISE_BEZIER_KNOTS.);
#2306 = CARTESIAN_POINT('',(6.28318530718,9.999999999999E-02));
#2307 = CARTESIAN_POINT('',(6.28318530718,2.6));
#2308 = CARTESIAN_POINT('',(6.28318530718,5.1));
#2309 = ( GEOMETRIC_REPRESENTATION_CONTEXT(2) 
PARAMETRIC_REPRESENTATION_CONTEXT() REPRESENTATION_CONTEXT('2D SPACE',''
  ) );
#2310 = PCURVE('',#426,#2311);
#2311 = DEFINITIONAL_REPRESENTATION('',(#2312),#2316);
#2312 = B_SPLINE_CURVE_WITH_KNOTS('',2,(#2313,#2314,#2315),
  .UNSPECIFIED.,.F.,.F.,(3,3),(9.999999999999E-02,5.1),
  .PIECEWISE_BEZIER_KNOTS.);
#2313 = CARTESIAN_POINT('',(-8.881784197001E-16,9.999999999999E-02));
#2314 = CARTESIAN_POINT('',(-3.552713678801E-15,2.6));
#2315 = CARTESIAN_POINT('',(-8.881784197001E-16,5.1));
#2316 = ( GEOMETRIC_REPRESENTATION_CONTEXT(2) 
PARAMETRIC_REPRESENTATION_CONTEXT() REPRESENTATION_CONTEXT('2D SPACE',''
  ) );
#2317 = ORIENTED_EDGE('',*,*,#1231,.T.);
#2318 = ORIENTED_EDGE('',*,*,#2298,.T.);
#2319 = ADVANCED_FACE('',(#2320),#478,.T.);
#2320 = FACE_BOUND('',#2321,.T.);
#2321 = EDGE_LOOP('',(#2322,#2342,#2343,#2344,#2363,#2364,#2391));
#2322 = ORIENTED_EDGE('',*,*,#2323,.T.);
#2323 = EDGE_CURVE('',#1855,#455,#2324,.T.);
#2324 = SEAM_CURVE('',#2325,(#2328,#2335),.PCURVE_S1.);
#2325 = B_SPLINE_CURVE_WITH_KNOTS('',1,(#2326,#2327),.UNSPECIFIED.,.F.,
  .F.,(2,2),(9.999999999999E-02,5.1),.PIECEWISE_BEZIER_KNOTS.);
#2326 = CARTESIAN_POINT('',(15.,32.304624915983,134.38989221983));
#2327 = CARTESIAN_POINT('',(15.,32.304624915983,139.38989221983));
#2328 = PCURVE('',#478,#2329);
#2329 = DEFINITIONAL_REPRESENTATION('',(#2330),#2334);
#2330 = B_SPLINE_CURVE_WITH_KNOTS('',2,(#2331,#2332,#2333),
  .UNSPECIFIED.,.F.,.F.,(3,3),(9.999999999999E-02,5.1),
  .PIECEWISE_BEZIER_KNOTS.);
#2331 = CARTESIAN_POINT('',(6.28318530718,9.999999999999E-02));
#2332 = CARTESIAN_POINT('',(6.28318530718,2.6));
#2333 = CARTESIAN_POINT('',(6.28318530718,5.1));
#2334 = ( GEOMETRIC_REPRESENTATION_CONTEXT(2) 
PARAMETRIC_REPRESENTATION_CONTEXT() REPRESENTATION_CONTEXT('2D SPACE',''
  ) );
#2335 = PCURVE('',#478,#2336);
#2336 = DEFINITIONAL_REPRESENTATION('',(#2337),#2341);
#2337 = B_SPLINE_CURVE_WITH_KNOTS('',2,(#2338,#2339,#2340),
  .UNSPECIFIED.,.F.,.F.,(3,3),(9.999999999999E-02,5.1),
  .PIECEWISE_BEZIER_KNOTS.);
#2338 = CARTESIAN_POINT('',(0.,9.999999999999E-02));
#2339 = CARTESIAN_POINT('',(8.881784197001E-16,2.6));
#2340 = CARTESIAN_POINT('',(0.,5.1));
#2341 = ( GEOMETRIC_REPRESENTATION_CONTEXT(2) 
PARAMETRIC_REPRESENTATION_CONTEXT() REPRESENTATION_CONTEXT('2D SPACE',''
  ) );
#2342 = ORIENTED_EDGE('',*,*,#454,.F.);
#2343 = ORIENTED_EDGE('',*,*,#2323,.F.);
#2344 = ORIENTED_EDGE('',*,*,#2345,.F.);
#2345 = EDGE_CURVE('',#1149,#1855,#2346,.T.);
#2346 = SURFACE_CURVE('',#2347,(#2350,#2357),.PCURVE_S1.);
#2347 = B_SPLINE_CURVE_WITH_KNOTS('',1,(#2348,#2349),.UNSPECIFIED.,.F.,
  .F.,(2,2),(9.999999999999E-02,5.1),.PIECEWISE_BEZIER_KNOTS.);
#2348 = CARTESIAN_POINT('',(15.,32.304624915983,134.38989221983));
#2349 = CARTESIAN_POINT('',(15.,32.304624915983,139.38989221983));
#2350 = PCURVE('',#478,#2351);
#2351 = DEFINITIONAL_REPRESENTATION('',(#2352),#2356);
#2352 = B_SPLINE_CURVE_WITH_KNOTS('',2,(#2353,#2354,#2355),
  .UNSPECIFIED.,.F.,.F.,(3,3),(9.999999999999E-02,5.1),
  .PIECEWISE_BEZIER_KNOTS.);
#2353 = CARTESIAN_POINT('',(0.,9.999999999999E-02));
#2354 = CARTESIAN_POINT('',(8.881784197001E-16,2.6));
#2355 = CARTESIAN_POINT('',(0.,5.1));
#2356 = ( GEOMETRIC_REPRESENTATION_CONTEXT(2) 
PARAMETRIC_REPRESENTATION_CONTEXT() REPRESENTATION_CONTEXT('2D SPACE',''
  ) );
#2357 = PCURVE('',#1199,#2358);
#2358 = DEFINITIONAL_REPRESENTATION('',(#2359),#2362);
#2359 = B_SPLINE_CURVE_WITH_KNOTS('',1,(#2360,#2361),.UNSPECIFIED.,.F.,
  .F.,(2,2),(9.999999999999E-02,5.1),.PIECEWISE_BEZIER_KNOTS.);
#2360 = CARTESIAN_POINT('',(0.,-22.30462491598));
#2361 = CARTESIAN_POINT('',(5.,-22.30462491598));
#2362 = ( GEOMETRIC_REPRESENTATION_CONTEXT(2) 
PARAMETRIC_REPRESENTATION_CONTEXT() REPRESENTATION_CONTEXT('2D SPACE',''
  ) );
#2363 = ORIENTED_EDGE('',*,*,#1148,.T.);
#2364 = ORIENTED_EDGE('',*,*,#2365,.T.);
#2365 = EDGE_CURVE('',#1121,#1921,#2366,.T.);
#2366 = SURFACE_CURVE('',#2367,(#2373,#2382),.PCURVE_S1.);
#2367 = B_SPLINE_CURVE_WITH_KNOTS('',4,(#2368,#2369,#2370,#2371,#2372),
  .UNSPECIFIED.,.F.,.F.,(5,5),(0.,1.),.PIECEWISE_BEZIER_KNOTS.);
#2368 = CARTESIAN_POINT('',(15.,36.804624915983,134.38989221983));
#2369 = CARTESIAN_POINT('',(15.,36.804624915983,134.76489221983));
#2370 = CARTESIAN_POINT('',(15.,36.804624915983,135.13989221983));
#2371 = CARTESIAN_POINT('',(15.,36.804624915983,135.51489221983));
#2372 = CARTESIAN_POINT('',(15.,36.804624915983,135.88989221983));
#2373 = PCURVE('',#478,#2374);
#2374 = DEFINITIONAL_REPRESENTATION('',(#2375),#2381);
#2375 = B_SPLINE_CURVE_WITH_KNOTS('',4,(#2376,#2377,#2378,#2379,#2380),
  .UNSPECIFIED.,.F.,.F.,(5,5),(0.,1.),.PIECEWISE_BEZIER_KNOTS.);
#2376 = CARTESIAN_POINT('',(3.14159265359,9.999999999999E-02));
#2377 = CARTESIAN_POINT('',(3.14159265359,0.475));
#2378 = CARTESIAN_POINT('',(3.14159265359,0.85));
#2379 = CARTESIAN_POINT('',(3.14159265359,1.225));
#2380 = CARTESIAN_POINT('',(3.14159265359,1.6));
#2381 = ( GEOMETRIC_REPRESENTATION_CONTEXT(2) 
PARAMETRIC_REPRESENTATION_CONTEXT() REPRESENTATION_CONTEXT('2D SPACE',''
  ) );
#2382 = PCURVE('',#1136,#2383);
#2383 = DEFINITIONAL_REPRESENTATION('',(#2384),#2390);
#2384 = B_SPLINE_CURVE_WITH_KNOTS('',4,(#2385,#2386,#2387,#2388,#2389),
  .UNSPECIFIED.,.F.,.F.,(5,5),(0.,1.),.PIECEWISE_BEZIER_KNOTS.);
#2385 = CARTESIAN_POINT('',(0.,-26.80462491598));
#2386 = CARTESIAN_POINT('',(0.375,-26.80462491598));
#2387 = CARTESIAN_POINT('',(0.75,-26.80462491598));
#2388 = CARTESIAN_POINT('',(1.125,-26.80462491598));
#2389 = CARTESIAN_POINT('',(1.5,-26.80462491598));
#2390 = ( GEOMETRIC_REPRESENTATION_CONTEXT(2) 
PARAMETRIC_REPRESENTATION_CONTEXT() REPRESENTATION_CONTEXT('2D SPACE',''
  ) );
#2391 = ORIENTED_EDGE('',*,*,#1943,.F.);
#2392 = ADVANCED_FACE('',(#2393),#532,.F.);
#2393 = FACE_BOUND('',#2394,.F.);
#2394 = EDGE_LOOP('',(#2395,#2396,#2417,#2418,#2419,#2420));
#2395 = ORIENTED_EDGE('',*,*,#506,.F.);
#2396 = ORIENTED_EDGE('',*,*,#2397,.F.);
#2397 = EDGE_CURVE('',#1269,#507,#2398,.T.);
#2398 = SEAM_CURVE('',#2399,(#2403,#2410),.PCURVE_S1.);
#2399 = LINE('',#2400,#2401);
#2400 = CARTESIAN_POINT('',(4.7,50.554624915983,74.389892219836));
#2401 = VECTOR('',#2402,1.);
#2402 = DIRECTION('',(0.,0.,1.));
#2403 = PCURVE('',#532,#2404);
#2404 = DEFINITIONAL_REPRESENTATION('',(#2405),#2409);
#2405 = LINE('',#2406,#2407);
#2406 = CARTESIAN_POINT('',(6.28318530718,-0.));
#2407 = VECTOR('',#2408,1.);
#2408 = DIRECTION('',(0.,1.));
#2409 = ( GEOMETRIC_REPRESENTATION_CONTEXT(2) 
PARAMETRIC_REPRESENTATION_CONTEXT() REPRESENTATION_CONTEXT('2D SPACE',''
  ) );
#2410 = PCURVE('',#532,#2411);
#2411 = DEFINITIONAL_REPRESENTATION('',(#2412),#2416);
#2412 = LINE('',#2413,#2414);
#2413 = CARTESIAN_POINT('',(0.,-0.));
#2414 = VECTOR('',#2415,1.);
#2415 = DIRECTION('',(0.,1.));
#2416 = ( GEOMETRIC_REPRESENTATION_CONTEXT(2) 
PARAMETRIC_REPRESENTATION_CONTEXT() REPRESENTATION_CONTEXT('2D SPACE',''
  ) );
#2417 = ORIENTED_EDGE('',*,*,#1268,.T.);
#2418 = ORIENTED_EDGE('',*,*,#1305,.T.);
#2419 = ORIENTED_EDGE('',*,*,#2397,.T.);
#2420 = ORIENTED_EDGE('',*,*,#548,.F.);
#2421 = ADVANCED_FACE('',(#2422),#804,.F.);
#2422 = FACE_BOUND('',#2423,.F.);
#2423 = EDGE_LOOP('',(#2424,#2425,#2446,#2447,#2448,#2449));
#2424 = ORIENTED_EDGE('',*,*,#778,.F.);
#2425 = ORIENTED_EDGE('',*,*,#2426,.F.);
#2426 = EDGE_CURVE('',#1536,#779,#2427,.T.);
#2427 = SEAM_CURVE('',#2428,(#2432,#2439),.PCURVE_S1.);
#2428 = LINE('',#2429,#2430);
#2429 = CARTESIAN_POINT('',(4.7,34.554624915983,74.389892219836));
#2430 = VECTOR('',#2431,1.);
#2431 = DIRECTION('',(0.,0.,1.));
#2432 = PCURVE('',#804,#2433);
#2433 = DEFINITIONAL_REPRESENTATION('',(#2434),#2438);
#2434 = LINE('',#2435,#2436);
#2435 = CARTESIAN_POINT('',(6.28318530718,-0.));
#2436 = VECTOR('',#2437,1.);
#2437 = DIRECTION('',(0.,1.));
#2438 = ( GEOMETRIC_REPRESENTATION_CONTEXT(2) 
PARAMETRIC_REPRESENTATION_CONTEXT() REPRESENTATION_CONTEXT('2D SPACE',''
  ) );
#2439 = PCURVE('',#804,#2440);
#2440 = DEFINITIONAL_REPRESENTATION('',(#2441),#2445);
#2441 = LINE('',#2442,#2443);
#2442 = CARTESIAN_POINT('',(0.,-0.));
#2443 = VECTOR('',#2444,1.);
#2444 = DIRECTION('',(0.,1.));
#2445 = ( GEOMETRIC_REPRESENTATION_CONTEXT(2) 
PARAMETRIC_REPRESENTATION_CONTEXT() REPRESENTATION_CONTEXT('2D SPACE',''
  ) );
#2446 = ORIENTED_EDGE('',*,*,#1535,.T.);
#2447 = ORIENTED_EDGE('',*,*,#1572,.T.);
#2448 = ORIENTED_EDGE('',*,*,#2426,.T.);
#2449 = ORIENTED_EDGE('',*,*,#820,.F.);
#2450 = ADVANCED_FACE('',(#2451),#1199,.T.);
#2451 = FACE_BOUND('',#2452,.T.);
#2452 = EDGE_LOOP('',(#2453,#2454,#2455,#2456));
#2453 = ORIENTED_EDGE('',*,*,#2273,.T.);
#2454 = ORIENTED_EDGE('',*,*,#1183,.T.);
#2455 = ORIENTED_EDGE('',*,*,#2345,.T.);
#2456 = ORIENTED_EDGE('',*,*,#1852,.F.);
#2457 = ADVANCED_FACE('',(#2458),#1136,.T.);
#2458 = FACE_BOUND('',#2459,.T.);
#2459 = EDGE_LOOP('',(#2460,#2461,#2462,#2463));
#2460 = ORIENTED_EDGE('',*,*,#2365,.F.);
#2461 = ORIENTED_EDGE('',*,*,#1120,.T.);
#2462 = ORIENTED_EDGE('',*,*,#1804,.T.);
#2463 = ORIENTED_EDGE('',*,*,#1920,.F.);
#2464 = ( GEOMETRIC_REPRESENTATION_CONTEXT(3) 
GLOBAL_UNCERTAINTY_ASSIGNED_CONTEXT((#2468)) 
GLOBAL_UNIT_ASSIGNED_CONTEXT((#2465,#2466,#2467)) REPRESENTATION_CONTEXT
('Context #1','3D Context with UNIT and UNCERTAINTY') );
#2465 = ( LENGTH_UNIT() NAMED_UNIT(*) SI_UNIT(.MILLI.,.METRE.) );
#2466 = ( NAMED_UNIT(*) PLANE_ANGLE_UNIT() SI_UNIT($,.RADIAN.) );
#2467 = ( NAMED_UNIT(*) SI_UNIT($,.STERADIAN.) SOLID_ANGLE_UNIT() );
#2468 = UNCERTAINTY_MEASURE_WITH_UNIT(LENGTH_MEASURE(2.E-06),#2465,
  'distance_accuracy_value','confusion accuracy');
#2469 = PRODUCT_RELATED_PRODUCT_CATEGORY('part',$,(#7));
ENDSEC;
END-ISO-10303-21;
