ISO-10303-21;
HEADER;
FILE_DESCRIPTION(('Open CASCADE Model'),'2;1');
FILE_NAME('Open CASCADE Shape Model','2026-10-01T13:11:57',('Author'),(
    'Open CASCADE'),'Open CASCADE STEP processor 7.8','Open CASCADE 7.8'
  ,'Unknown');
FILE_SCHEMA(('AUTOMOTIVE_DESIGN { 1 0 10303 214 1 1 1 1 }'));
ENDSEC;
DATA;
#1 = APPLICATION_PROTOCOL_DEFINITION('international standard',
  'automotive_design',2000,#2);
#2 = APPLICATION_CONTEXT(
  'core data for automotive mechanical design processes');
#3 = SHAPE_DEFINITION_REPRESENTATION(#4,#10);
#4 = PRODUCT_DEFINITION_SHAPE('','',#5);
#5 = PRODUCT_DEFINITION('design','',#6,#9);
#6 = PRODUCT_DEFINITION_FORMATION('','',#7);
#7 = PRODUCT('Open CASCADE STEP translator 7.8 79',
  'Open CASCADE STEP translator 7.8 79','',(#8));
#8 = PRODUCT_CONTEXT('',#2,'mechanical');
#9 = PRODUCT_DEFINITION_CONTEXT('part definition',#2,'design');
#10 = ADVANCED_BREP_SHAPE_REPRESENTATION('',(#11,#15),#2152);
#11 = AXIS2_PLACEMENT_3D('',#12,#13,#14);
#12 = CARTESIAN_POINT('',(0.,0.,0.));
#13 = DIRECTION('',(0.,0.,1.));
#14 = DIRECTION('',(1.,0.,-0.));
#15 = MANIFOLD_SOLID_BREP('',#16);
#16 = CLOSED_SHELL('',(#17,#125,#396,#845,#1245,#1331,#1338,#1595,#1619,
    #1671,#1892,#1933,#1957,#1981,#1988,#2037,#2064,#2097));
#17 = ADVANCED_FACE('',(#18),#31,.T.);
#18 = FACE_BOUND('',#19,.T.);
#19 = EDGE_LOOP('',(#20,#52,#77,#102));
#20 = ORIENTED_EDGE('',*,*,#21,.F.);
#21 = EDGE_CURVE('',#22,#24,#26,.T.);
#22 = VERTEX_POINT('',#23);
#23 = CARTESIAN_POINT('',(-15.,118.71505662723,63.));
#24 = VERTEX_POINT('',#25);
#25 = CARTESIAN_POINT('',(-15.,118.71505662723,134.38989221983));
#26 = SURFACE_CURVE('',#27,(#30,#41),.PCURVE_S1.);
#27 = B_SPLINE_CURVE_WITH_KNOTS('',1,(#28,#29),.UNSPECIFIED.,.F.,.F.,(2,
    2),(0.,78.389892219836),.PIECEWISE_BEZIER_KNOTS.);
#28 = CARTESIAN_POINT('',(-15.,118.71505662723,56.));
#29 = CARTESIAN_POINT('',(-15.,118.71505662723,134.38989221983));
#30 = PCURVE('',#31,#36);
#31 = B_SPLINE_SURFACE_WITH_KNOTS('',1,1,(
    (#32,#33)
    ,(#34,#35
    )),.UNSPECIFIED.,.F.,.F.,.F.,(2,2),(2,2),(0.,78.389892219836),(-5.,
    0.),.PIECEWISE_BEZIER_KNOTS.);
#32 = CARTESIAN_POINT('',(-20.,118.71505662723,56.));
#33 = CARTESIAN_POINT('',(-15.,118.71505662723,56.));
#34 = CARTESIAN_POINT('',(-20.,118.71505662723,134.38989221983));
#35 = CARTESIAN_POINT('',(-15.,118.71505662723,134.38989221983));
#36 = DEFINITIONAL_REPRESENTATION('',(#37),#40);
#37 = B_SPLINE_CURVE_WITH_KNOTS('',1,(#38,#39),.UNSPECIFIED.,.F.,.F.,(2,
    2),(0.,78.389892219836),.PIECEWISE_BEZIER_KNOTS.);
#38 = CARTESIAN_POINT('',(0.,0.));
#39 = CARTESIAN_POINT('',(78.389892219836,0.));
#40 = ( GEOMETRIC_REPRESENTATION_CONTEXT(2) 
PARAMETRIC_REPRESENTATION_CONTEXT() REPRESENTATION_CONTEXT('2D SPACE',''
  ) );
#41 = PCURVE('',#42,#47);
#42 = B_SPLINE_SURFACE_WITH_KNOTS('',1,1,(
    (#43,#44)
    ,(#45,#46
    )),.UNSPECIFIED.,.F.,.F.,.F.,(2,2),(2,2),(0.,78.389892219836),(0.,
    44.),.PIECEWISE_BEZIER_KNOTS.);
#43 = CARTESIAN_POINT('',(-15.,118.71505662723,56.));
#44 = CARTESIAN_POINT('',(-15.,74.715056627234,56.));
#45 = CARTESIAN_POINT('',(-15.,118.71505662723,134.38989221983));
#46 = CARTESIAN_POINT('',(-15.,74.715056627234,134.38989221983));
#47 = DEFINITIONAL_REPRESENTATION('',(#48),#51);
#48 = B_SPLINE_CURVE_WITH_KNOTS('',1,(#49,#50),.UNSPECIFIED.,.F.,.F.,(2,
    2),(0.,78.389892219836),.PIECEWISE_BEZIER_KNOTS.);
#49 = CARTESIAN_POINT('',(0.,0.));
#50 = CARTESIAN_POINT('',(78.389892219836,0.));
#51 = ( GEOMETRIC_REPRESENTATION_CONTEXT(2) 
PARAMETRIC_REPRESENTATION_CONTEXT() REPRESENTATION_CONTEXT('2D SPACE',''
  ) );
#52 = ORIENTED_EDGE('',*,*,#53,.F.);
#53 = EDGE_CURVE('',#54,#22,#56,.T.);
#54 = VERTEX_POINT('',#55);
#55 = CARTESIAN_POINT('',(-20.,118.71505662723,63.));
#56 = SURFACE_CURVE('',#57,(#60,#66),.PCURVE_S1.);
#57 = B_SPLINE_CURVE_WITH_KNOTS('',1,(#58,#59),.UNSPECIFIED.,.F.,.F.,(2,
    2),(0.,1.),.PIECEWISE_BEZIER_KNOTS.);
#58 = CARTESIAN_POINT('',(-20.,118.71505662723,63.));
#59 = CARTESIAN_POINT('',(-15.,118.71505662723,63.));
#60 = PCURVE('',#31,#61);
#61 = DEFINITIONAL_REPRESENTATION('',(#62),#65);
#62 = B_SPLINE_CURVE_WITH_KNOTS('',1,(#63,#64),.UNSPECIFIED.,.F.,.F.,(2,
    2),(0.,1.),.PIECEWISE_BEZIER_KNOTS.);
#63 = CARTESIAN_POINT('',(7.,-5.));
#64 = CARTESIAN_POINT('',(7.,0.));
#65 = ( GEOMETRIC_REPRESENTATION_CONTEXT(2) 
PARAMETRIC_REPRESENTATION_CONTEXT() REPRESENTATION_CONTEXT('2D SPACE',''
  ) );
#66 = PCURVE('',#67,#72);
#67 = PLANE('',#68);
#68 = AXIS2_PLACEMENT_3D('',#69,#70,#71);
#69 = CARTESIAN_POINT('',(-20.1000001,74.615056527234,63.));
#70 = DIRECTION('',(0.,0.,1.));
#71 = DIRECTION('',(1.,0.,-0.));
#72 = DEFINITIONAL_REPRESENTATION('',(#73),#76);
#73 = B_SPLINE_CURVE_WITH_KNOTS('',1,(#74,#75),.UNSPECIFIED.,.F.,.F.,(2,
    2),(0.,1.),.PIECEWISE_BEZIER_KNOTS.);
#74 = CARTESIAN_POINT('',(0.1000001,44.1000001));
#75 = CARTESIAN_POINT('',(5.1000001,44.1000001));
#76 = ( GEOMETRIC_REPRESENTATION_CONTEXT(2) 
PARAMETRIC_REPRESENTATION_CONTEXT() REPRESENTATION_CONTEXT('2D SPACE',''
  ) );
#77 = ORIENTED_EDGE('',*,*,#78,.T.);
#78 = EDGE_CURVE('',#54,#79,#81,.T.);
#79 = VERTEX_POINT('',#80);
#80 = CARTESIAN_POINT('',(-20.,118.71505662723,134.38989221983));
#81 = SURFACE_CURVE('',#82,(#85,#91),.PCURVE_S1.);
#82 = B_SPLINE_CURVE_WITH_KNOTS('',1,(#83,#84),.UNSPECIFIED.,.F.,.F.,(2,
    2),(0.,78.389892219836),.PIECEWISE_BEZIER_KNOTS.);
#83 = CARTESIAN_POINT('',(-20.,118.71505662723,56.));
#84 = CARTESIAN_POINT('',(-20.,118.71505662723,134.38989221983));
#85 = PCURVE('',#31,#86);
#86 = DEFINITIONAL_REPRESENTATION('',(#87),#90);
#87 = B_SPLINE_CURVE_WITH_KNOTS('',1,(#88,#89),.UNSPECIFIED.,.F.,.F.,(2,
    2),(0.,78.389892219836),.PIECEWISE_BEZIER_KNOTS.);
#88 = CARTESIAN_POINT('',(0.,-5.));
#89 = CARTESIAN_POINT('',(78.389892219836,-5.));
#90 = ( GEOMETRIC_REPRESENTATION_CONTEXT(2) 
PARAMETRIC_REPRESENTATION_CONTEXT() REPRESENTATION_CONTEXT('2D SPACE',''
  ) );
#91 = PCURVE('',#92,#97);
#92 = B_SPLINE_SURFACE_WITH_KNOTS('',1,1,(
    (#93,#94)
    ,(#95,#96
    )),.UNSPECIFIED.,.F.,.F.,.F.,(2,2),(2,2),(0.,78.389892219836),(0.,
    44.),.PIECEWISE_BEZIER_KNOTS.);
#93 = CARTESIAN_POINT('',(-20.,118.71505662723,56.));
#94 = CARTESIAN_POINT('',(-20.,74.715056627234,56.));
#95 = CARTESIAN_POINT('',(-20.,118.71505662723,134.38989221983));
#96 = CARTESIAN_POINT('',(-20.,74.715056627234,134.38989221983));
#97 = DEFINITIONAL_REPRESENTATION('',(#98),#101);
#98 = B_SPLINE_CURVE_WITH_KNOTS('',1,(#99,#100),.UNSPECIFIED.,.F.,.F.,(2
    ,2),(0.,78.389892219836),.PIECEWISE_BEZIER_KNOTS.);
#99 = CARTESIAN_POINT('',(0.,0.));
#100 = CARTESIAN_POINT('',(78.389892219836,0.));
#101 = ( GEOMETRIC_REPRESENTATION_CONTEXT(2) 
PARAMETRIC_REPRESENTATION_CONTEXT() REPRESENTATION_CONTEXT('2D SPACE',''
  ) );
#102 = ORIENTED_EDGE('',*,*,#103,.F.);
#103 = EDGE_CURVE('',#24,#79,#104,.T.);
#104 = SURFACE_CURVE('',#105,(#108,#114),.PCURVE_S1.);
#105 = B_SPLINE_CURVE_WITH_KNOTS('',1,(#106,#107),.UNSPECIFIED.,.F.,.F.,
  (2,2),(0.,5.),.PIECEWISE_BEZIER_KNOTS.);
#106 = CARTESIAN_POINT('',(-15.,118.71505662723,134.38989221983));
#107 = CARTESIAN_POINT('',(-20.,118.71505662723,134.38989221983));
#108 = PCURVE('',#31,#109);
#109 = DEFINITIONAL_REPRESENTATION('',(#110),#113);
#110 = B_SPLINE_CURVE_WITH_KNOTS('',1,(#111,#112),.UNSPECIFIED.,.F.,.F.,
  (2,2),(0.,5.),.PIECEWISE_BEZIER_KNOTS.);
#111 = CARTESIAN_POINT('',(78.389892219836,0.));
#112 = CARTESIAN_POINT('',(78.389892219836,-5.));
#113 = ( GEOMETRIC_REPRESENTATION_CONTEXT(2) 
PARAMETRIC_REPRESENTATION_CONTEXT() REPRESENTATION_CONTEXT('2D SPACE',''
  ) );
#114 = PCURVE('',#115,#120);
#115 = B_SPLINE_SURFACE_WITH_KNOTS('',1,1,(
    (#116,#117)
    ,(#118,#119
  )),.UNSPECIFIED.,.F.,.F.,.F.,(2,2),(2,2),(0.,44.),(0.,5.),
  .PIECEWISE_BEZIER_KNOTS.);
#116 = CARTESIAN_POINT('',(-15.,118.71505662723,134.38989221983));
#117 = CARTESIAN_POINT('',(-20.,118.71505662723,134.38989221983));
#118 = CARTESIAN_POINT('',(-15.,74.715056627234,134.38989221983));
#119 = CARTESIAN_POINT('',(-20.,74.715056627234,134.38989221983));
#120 = DEFINITIONAL_REPRESENTATION('',(#121),#124);
#121 = B_SPLINE_CURVE_WITH_KNOTS('',1,(#122,#123),.UNSPECIFIED.,.F.,.F.,
  (2,2),(0.,5.),.PIECEWISE_BEZIER_KNOTS.);
#122 = CARTESIAN_POINT('',(0.,0.));
#123 = CARTESIAN_POINT('',(0.,5.));
#124 = ( GEOMETRIC_REPRESENTATION_CONTEXT(2) 
PARAMETRIC_REPRESENTATION_CONTEXT() REPRESENTATION_CONTEXT('2D SPACE',''
  ) );
#125 = ADVANCED_FACE('',(#126,#192,#294),#42,.T.);
#126 = FACE_BOUND('',#127,.T.);
#127 = EDGE_LOOP('',(#128,#155,#173,#174));
#128 = ORIENTED_EDGE('',*,*,#129,.F.);
#129 = EDGE_CURVE('',#130,#132,#134,.T.);
#130 = VERTEX_POINT('',#131);
#131 = CARTESIAN_POINT('',(-15.,74.715056627234,63.));
#132 = VERTEX_POINT('',#133);
#133 = CARTESIAN_POINT('',(-15.,74.715056627234,134.38989221983));
#134 = SURFACE_CURVE('',#135,(#138,#144),.PCURVE_S1.);
#135 = B_SPLINE_CURVE_WITH_KNOTS('',1,(#136,#137),.UNSPECIFIED.,.F.,.F.,
  (2,2),(0.,78.389892219836),.PIECEWISE_BEZIER_KNOTS.);
#136 = CARTESIAN_POINT('',(-15.,74.715056627234,56.));
#137 = CARTESIAN_POINT('',(-15.,74.715056627234,134.38989221983));
#138 = PCURVE('',#42,#139);
#139 = DEFINITIONAL_REPRESENTATION('',(#140),#143);
#140 = B_SPLINE_CURVE_WITH_KNOTS('',1,(#141,#142),.UNSPECIFIED.,.F.,.F.,
  (2,2),(0.,78.389892219836),.PIECEWISE_BEZIER_KNOTS.);
#141 = CARTESIAN_POINT('',(0.,44.));
#142 = CARTESIAN_POINT('',(78.389892219836,44.));
#143 = ( GEOMETRIC_REPRESENTATION_CONTEXT(2) 
PARAMETRIC_REPRESENTATION_CONTEXT() REPRESENTATION_CONTEXT('2D SPACE',''
  ) );
#144 = PCURVE('',#145,#150);
#145 = B_SPLINE_SURFACE_WITH_KNOTS('',1,1,(
    (#146,#147)
    ,(#148,#149
    )),.UNSPECIFIED.,.F.,.F.,.F.,(2,2),(2,2),(0.,78.389892219836),(-5.,
    0.),.PIECEWISE_BEZIER_KNOTS.);
#146 = CARTESIAN_POINT('',(-20.,74.715056627234,56.));
#147 = CARTESIAN_POINT('',(-15.,74.715056627234,56.));
#148 = CARTESIAN_POINT('',(-20.,74.715056627234,134.38989221983));
#149 = CARTESIAN_POINT('',(-15.,74.715056627234,134.38989221983));
#150 = DEFINITIONAL_REPRESENTATION('',(#151),#154);
#151 = B_SPLINE_CURVE_WITH_KNOTS('',1,(#152,#153),.UNSPECIFIED.,.F.,.F.,
  (2,2),(0.,78.389892219836),.PIECEWISE_BEZIER_KNOTS.);
#152 = CARTESIAN_POINT('',(0.,0.));
#153 = CARTESIAN_POINT('',(78.389892219836,0.));
#154 = ( GEOMETRIC_REPRESENTATION_CONTEXT(2) 
PARAMETRIC_REPRESENTATION_CONTEXT() REPRESENTATION_CONTEXT('2D SPACE',''
  ) );
#155 = ORIENTED_EDGE('',*,*,#156,.F.);
#156 = EDGE_CURVE('',#22,#130,#157,.T.);
#157 = SURFACE_CURVE('',#158,(#161,#167),.PCURVE_S1.);
#158 = B_SPLINE_CURVE_WITH_KNOTS('',1,(#159,#160),.UNSPECIFIED.,.F.,.F.,
  (2,2),(0.,1.),.PIECEWISE_BEZIER_KNOTS.);
#159 = CARTESIAN_POINT('',(-15.,118.71505662723,63.));
#160 = CARTESIAN_POINT('',(-15.,74.715056627234,63.));
#161 = PCURVE('',#42,#162);
#162 = DEFINITIONAL_REPRESENTATION('',(#163),#166);
#163 = B_SPLINE_CURVE_WITH_KNOTS('',1,(#164,#165),.UNSPECIFIED.,.F.,.F.,
  (2,2),(0.,1.),.PIECEWISE_BEZIER_KNOTS.);
#164 = CARTESIAN_POINT('',(7.,0.));
#165 = CARTESIAN_POINT('',(7.,44.));
#166 = ( GEOMETRIC_REPRESENTATION_CONTEXT(2) 
PARAMETRIC_REPRESENTATION_CONTEXT() REPRESENTATION_CONTEXT('2D SPACE',''
  ) );
#167 = PCURVE('',#67,#168);
#168 = DEFINITIONAL_REPRESENTATION('',(#169),#172);
#169 = B_SPLINE_CURVE_WITH_KNOTS('',1,(#170,#171),.UNSPECIFIED.,.F.,.F.,
  (2,2),(0.,1.),.PIECEWISE_BEZIER_KNOTS.);
#170 = CARTESIAN_POINT('',(5.1000001,44.1000001));
#171 = CARTESIAN_POINT('',(5.1000001,0.1000001));
#172 = ( GEOMETRIC_REPRESENTATION_CONTEXT(2) 
PARAMETRIC_REPRESENTATION_CONTEXT() REPRESENTATION_CONTEXT('2D SPACE',''
  ) );
#173 = ORIENTED_EDGE('',*,*,#21,.T.);
#174 = ORIENTED_EDGE('',*,*,#175,.T.);
#175 = EDGE_CURVE('',#24,#132,#176,.T.);
#176 = SURFACE_CURVE('',#177,(#180,#186),.PCURVE_S1.);
#177 = B_SPLINE_CURVE_WITH_KNOTS('',1,(#178,#179),.UNSPECIFIED.,.F.,.F.,
  (2,2),(0.,44.),.PIECEWISE_BEZIER_KNOTS.);
#178 = CARTESIAN_POINT('',(-15.,118.71505662723,134.38989221983));
#179 = CARTESIAN_POINT('',(-15.,74.715056627234,134.38989221983));
#180 = PCURVE('',#42,#181);
#181 = DEFINITIONAL_REPRESENTATION('',(#182),#185);
#182 = B_SPLINE_CURVE_WITH_KNOTS('',1,(#183,#184),.UNSPECIFIED.,.F.,.F.,
  (2,2),(0.,44.),.PIECEWISE_BEZIER_KNOTS.);
#183 = CARTESIAN_POINT('',(78.389892219836,0.));
#184 = CARTESIAN_POINT('',(78.389892219836,44.));
#185 = ( GEOMETRIC_REPRESENTATION_CONTEXT(2) 
PARAMETRIC_REPRESENTATION_CONTEXT() REPRESENTATION_CONTEXT('2D SPACE',''
  ) );
#186 = PCURVE('',#115,#187);
#187 = DEFINITIONAL_REPRESENTATION('',(#188),#191);
#188 = B_SPLINE_CURVE_WITH_KNOTS('',1,(#189,#190),.UNSPECIFIED.,.F.,.F.,
  (2,2),(0.,44.),.PIECEWISE_BEZIER_KNOTS.);
#189 = CARTESIAN_POINT('',(0.,0.));
#190 = CARTESIAN_POINT('',(44.,0.));
#191 = ( GEOMETRIC_REPRESENTATION_CONTEXT(2) 
PARAMETRIC_REPRESENTATION_CONTEXT() REPRESENTATION_CONTEXT('2D SPACE',''
  ) );
#192 = FACE_BOUND('',#193,.T.);
#193 = EDGE_LOOP('',(#194,#221,#246,#271));
#194 = ORIENTED_EDGE('',*,*,#195,.F.);
#195 = EDGE_CURVE('',#196,#198,#200,.T.);
#196 = VERTEX_POINT('',#197);
#197 = CARTESIAN_POINT('',(-15.,109.21505662723,73.));
#198 = VERTEX_POINT('',#199);
#199 = CARTESIAN_POINT('',(-15.,106.21505662723,73.));
#200 = SURFACE_CURVE('',#201,(#204,#210),.PCURVE_S1.);
#201 = B_SPLINE_CURVE_WITH_KNOTS('',1,(#202,#203),.UNSPECIFIED.,.F.,.F.,
  (2,2),(4.75,7.75),.PIECEWISE_BEZIER_KNOTS.);
#202 = CARTESIAN_POINT('',(-15.,109.21505662723,73.));
#203 = CARTESIAN_POINT('',(-15.,106.21505662723,73.));
#204 = PCURVE('',#42,#205);
#205 = DEFINITIONAL_REPRESENTATION('',(#206),#209);
#206 = B_SPLINE_CURVE_WITH_KNOTS('',1,(#207,#208),.UNSPECIFIED.,.F.,.F.,
  (2,2),(4.75,7.75),.PIECEWISE_BEZIER_KNOTS.);
#207 = CARTESIAN_POINT('',(17.,9.5));
#208 = CARTESIAN_POINT('',(17.,12.5));
#209 = ( GEOMETRIC_REPRESENTATION_CONTEXT(2) 
PARAMETRIC_REPRESENTATION_CONTEXT() REPRESENTATION_CONTEXT('2D SPACE',''
  ) );
#210 = PCURVE('',#211,#216);
#211 = B_SPLINE_SURFACE_WITH_KNOTS('',1,1,(
    (#212,#213)
    ,(#214,#215
    )),.UNSPECIFIED.,.F.,.F.,.F.,(2,2),(2,2),(0.,3.),(1.E-01,5.1),
  .PIECEWISE_BEZIER_KNOTS.);
#212 = CARTESIAN_POINT('',(-15.,109.21505662723,73.));
#213 = CARTESIAN_POINT('',(-20.,109.21505662723,73.));
#214 = CARTESIAN_POINT('',(-15.,106.21505662723,73.));
#215 = CARTESIAN_POINT('',(-20.,106.21505662723,73.));
#216 = DEFINITIONAL_REPRESENTATION('',(#217),#220);
#217 = B_SPLINE_CURVE_WITH_KNOTS('',1,(#218,#219),.UNSPECIFIED.,.F.,.F.,
  (2,2),(4.75,7.75),.PIECEWISE_BEZIER_KNOTS.);
#218 = CARTESIAN_POINT('',(0.,1.E-01));
#219 = CARTESIAN_POINT('',(3.,1.E-01));
#220 = ( GEOMETRIC_REPRESENTATION_CONTEXT(2) 
PARAMETRIC_REPRESENTATION_CONTEXT() REPRESENTATION_CONTEXT('2D SPACE',''
  ) );
#221 = ORIENTED_EDGE('',*,*,#222,.T.);
#222 = EDGE_CURVE('',#196,#223,#225,.T.);
#223 = VERTEX_POINT('',#224);
#224 = CARTESIAN_POINT('',(-15.,109.21505662723,64.));
#225 = SURFACE_CURVE('',#226,(#229,#235),.PCURVE_S1.);
#226 = B_SPLINE_CURVE_WITH_KNOTS('',1,(#227,#228),.UNSPECIFIED.,.F.,.F.,
  (2,2),(-13.,-4.),.PIECEWISE_BEZIER_KNOTS.);
#227 = CARTESIAN_POINT('',(-15.,109.21505662723,73.));
#228 = CARTESIAN_POINT('',(-15.,109.21505662723,64.));
#229 = PCURVE('',#42,#230);
#230 = DEFINITIONAL_REPRESENTATION('',(#231),#234);
#231 = B_SPLINE_CURVE_WITH_KNOTS('',1,(#232,#233),.UNSPECIFIED.,.F.,.F.,
  (2,2),(-13.,-4.),.PIECEWISE_BEZIER_KNOTS.);
#232 = CARTESIAN_POINT('',(17.,9.5));
#233 = CARTESIAN_POINT('',(8.,9.5));
#234 = ( GEOMETRIC_REPRESENTATION_CONTEXT(2) 
PARAMETRIC_REPRESENTATION_CONTEXT() REPRESENTATION_CONTEXT('2D SPACE',''
  ) );
#235 = PCURVE('',#236,#241);
#236 = B_SPLINE_SURFACE_WITH_KNOTS('',1,1,(
    (#237,#238)
    ,(#239,#240
    )),.UNSPECIFIED.,.F.,.F.,.F.,(2,2),(2,2),(0.,9.),(-5.1,-1.E-01),
  .PIECEWISE_BEZIER_KNOTS.);
#237 = CARTESIAN_POINT('',(-20.,109.21505662723,64.));
#238 = CARTESIAN_POINT('',(-15.,109.21505662723,64.));
#239 = CARTESIAN_POINT('',(-20.,109.21505662723,73.));
#240 = CARTESIAN_POINT('',(-15.,109.21505662723,73.));
#241 = DEFINITIONAL_REPRESENTATION('',(#242),#245);
#242 = B_SPLINE_CURVE_WITH_KNOTS('',1,(#243,#244),.UNSPECIFIED.,.F.,.F.,
  (2,2),(-13.,-4.),.PIECEWISE_BEZIER_KNOTS.);
#243 = CARTESIAN_POINT('',(9.,-1.E-01));
#244 = CARTESIAN_POINT('',(0.,-1.E-01));
#245 = ( GEOMETRIC_REPRESENTATION_CONTEXT(2) 
PARAMETRIC_REPRESENTATION_CONTEXT() REPRESENTATION_CONTEXT('2D SPACE',''
  ) );
#246 = ORIENTED_EDGE('',*,*,#247,.T.);
#247 = EDGE_CURVE('',#223,#248,#250,.T.);
#248 = VERTEX_POINT('',#249);
#249 = CARTESIAN_POINT('',(-15.,106.21505662723,64.));
#250 = SURFACE_CURVE('',#251,(#254,#260),.PCURVE_S1.);
#251 = B_SPLINE_CURVE_WITH_KNOTS('',1,(#252,#253),.UNSPECIFIED.,.F.,.F.,
  (2,2),(4.75,7.75),.PIECEWISE_BEZIER_KNOTS.);
#252 = CARTESIAN_POINT('',(-15.,109.21505662723,64.));
#253 = CARTESIAN_POINT('',(-15.,106.21505662723,64.));
#254 = PCURVE('',#42,#255);
#255 = DEFINITIONAL_REPRESENTATION('',(#256),#259);
#256 = B_SPLINE_CURVE_WITH_KNOTS('',1,(#257,#258),.UNSPECIFIED.,.F.,.F.,
  (2,2),(4.75,7.75),.PIECEWISE_BEZIER_KNOTS.);
#257 = CARTESIAN_POINT('',(8.,9.5));
#258 = CARTESIAN_POINT('',(8.,12.5));
#259 = ( GEOMETRIC_REPRESENTATION_CONTEXT(2) 
PARAMETRIC_REPRESENTATION_CONTEXT() REPRESENTATION_CONTEXT('2D SPACE',''
  ) );
#260 = PCURVE('',#261,#266);
#261 = B_SPLINE_SURFACE_WITH_KNOTS('',1,1,(
    (#262,#263)
    ,(#264,#265
    )),.UNSPECIFIED.,.F.,.F.,.F.,(2,2),(2,2),(0.,3.),(1.E-01,5.1),
  .PIECEWISE_BEZIER_KNOTS.);
#262 = CARTESIAN_POINT('',(-15.,109.21505662723,64.));
#263 = CARTESIAN_POINT('',(-20.,109.21505662723,64.));
#264 = CARTESIAN_POINT('',(-15.,106.21505662723,64.));
#265 = CARTESIAN_POINT('',(-20.,106.21505662723,64.));
#266 = DEFINITIONAL_REPRESENTATION('',(#267),#270);
#267 = B_SPLINE_CURVE_WITH_KNOTS('',1,(#268,#269),.UNSPECIFIED.,.F.,.F.,
  (2,2),(4.75,7.75),.PIECEWISE_BEZIER_KNOTS.);
#268 = CARTESIAN_POINT('',(0.,1.E-01));
#269 = CARTESIAN_POINT('',(3.,1.E-01));
#270 = ( GEOMETRIC_REPRESENTATION_CONTEXT(2) 
PARAMETRIC_REPRESENTATION_CONTEXT() REPRESENTATION_CONTEXT('2D SPACE',''
  ) );
#271 = ORIENTED_EDGE('',*,*,#272,.F.);
#272 = EDGE_CURVE('',#198,#248,#273,.T.);
#273 = SURFACE_CURVE('',#274,(#277,#283),.PCURVE_S1.);
#274 = B_SPLINE_CURVE_WITH_KNOTS('',1,(#275,#276),.UNSPECIFIED.,.F.,.F.,
  (2,2),(-13.,-4.),.PIECEWISE_BEZIER_KNOTS.);
#275 = CARTESIAN_POINT('',(-15.,106.21505662723,73.));
#276 = CARTESIAN_POINT('',(-15.,106.21505662723,64.));
#277 = PCURVE('',#42,#278);
#278 = DEFINITIONAL_REPRESENTATION('',(#279),#282);
#279 = B_SPLINE_CURVE_WITH_KNOTS('',1,(#280,#281),.UNSPECIFIED.,.F.,.F.,
  (2,2),(-13.,-4.),.PIECEWISE_BEZIER_KNOTS.);
#280 = CARTESIAN_POINT('',(17.,12.5));
#281 = CARTESIAN_POINT('',(8.,12.5));
#282 = ( GEOMETRIC_REPRESENTATION_CONTEXT(2) 
PARAMETRIC_REPRESENTATION_CONTEXT() REPRESENTATION_CONTEXT('2D SPACE',''
  ) );
#283 = PCURVE('',#284,#289);
#284 = B_SPLINE_SURFACE_WITH_KNOTS('',1,1,(
    (#285,#286)
    ,(#287,#288
    )),.UNSPECIFIED.,.F.,.F.,.F.,(2,2),(2,2),(0.,9.),(-5.1,-1.E-01),
  .PIECEWISE_BEZIER_KNOTS.);
#285 = CARTESIAN_POINT('',(-20.,106.21505662723,64.));
#286 = CARTESIAN_POINT('',(-15.,106.21505662723,64.));
#287 = CARTESIAN_POINT('',(-20.,106.21505662723,73.));
#288 = CARTESIAN_POINT('',(-15.,106.21505662723,73.));
#289 = DEFINITIONAL_REPRESENTATION('',(#290),#293);
#290 = B_SPLINE_CURVE_WITH_KNOTS('',1,(#291,#292),.UNSPECIFIED.,.F.,.F.,
  (2,2),(-13.,-4.),.PIECEWISE_BEZIER_KNOTS.);
#291 = CARTESIAN_POINT('',(9.,-1.E-01));
#292 = CARTESIAN_POINT('',(0.,-1.E-01));
#293 = ( GEOMETRIC_REPRESENTATION_CONTEXT(2) 
PARAMETRIC_REPRESENTATION_CONTEXT() REPRESENTATION_CONTEXT('2D SPACE',''
  ) );
#294 = FACE_BOUND('',#295,.T.);
#295 = EDGE_LOOP('',(#296,#323,#348,#373));
#296 = ORIENTED_EDGE('',*,*,#297,.F.);
#297 = EDGE_CURVE('',#298,#300,#302,.T.);
#298 = VERTEX_POINT('',#299);
#299 = CARTESIAN_POINT('',(-15.,87.215056627234,73.));
#300 = VERTEX_POINT('',#301);
#301 = CARTESIAN_POINT('',(-15.,84.215056627234,73.));
#302 = SURFACE_CURVE('',#303,(#306,#312),.PCURVE_S1.);
#303 = B_SPLINE_CURVE_WITH_KNOTS('',1,(#304,#305),.UNSPECIFIED.,.F.,.F.,
  (2,2),(15.75,18.75),.PIECEWISE_BEZIER_KNOTS.);
#304 = CARTESIAN_POINT('',(-15.,87.215056627234,73.));
#305 = CARTESIAN_POINT('',(-15.,84.215056627234,73.));
#306 = PCURVE('',#42,#307);
#307 = DEFINITIONAL_REPRESENTATION('',(#308),#311);
#308 = B_SPLINE_CURVE_WITH_KNOTS('',1,(#309,#310),.UNSPECIFIED.,.F.,.F.,
  (2,2),(15.75,18.75),.PIECEWISE_BEZIER_KNOTS.);
#309 = CARTESIAN_POINT('',(17.,31.5));
#310 = CARTESIAN_POINT('',(17.,34.5));
#311 = ( GEOMETRIC_REPRESENTATION_CONTEXT(2) 
PARAMETRIC_REPRESENTATION_CONTEXT() REPRESENTATION_CONTEXT('2D SPACE',''
  ) );
#312 = PCURVE('',#313,#318);
#313 = B_SPLINE_SURFACE_WITH_KNOTS('',1,1,(
    (#314,#315)
    ,(#316,#317
    )),.UNSPECIFIED.,.F.,.F.,.F.,(2,2),(2,2),(0.,3.),(1.E-01,5.1),
  .PIECEWISE_BEZIER_KNOTS.);
#314 = CARTESIAN_POINT('',(-15.,87.215056627234,73.));
#315 = CARTESIAN_POINT('',(-20.,87.215056627234,73.));
#316 = CARTESIAN_POINT('',(-15.,84.215056627234,73.));
#317 = CARTESIAN_POINT('',(-20.,84.215056627234,73.));
#318 = DEFINITIONAL_REPRESENTATION('',(#319),#322);
#319 = B_SPLINE_CURVE_WITH_KNOTS('',1,(#320,#321),.UNSPECIFIED.,.F.,.F.,
  (2,2),(15.75,18.75),.PIECEWISE_BEZIER_KNOTS.);
#320 = CARTESIAN_POINT('',(0.,1.E-01));
#321 = CARTESIAN_POINT('',(3.,1.E-01));
#322 = ( GEOMETRIC_REPRESENTATION_CONTEXT(2) 
PARAMETRIC_REPRESENTATION_CONTEXT() REPRESENTATION_CONTEXT('2D SPACE',''
  ) );
#323 = ORIENTED_EDGE('',*,*,#324,.T.);
#324 = EDGE_CURVE('',#298,#325,#327,.T.);
#325 = VERTEX_POINT('',#326);
#326 = CARTESIAN_POINT('',(-15.,87.215056627234,64.));
#327 = SURFACE_CURVE('',#328,(#331,#337),.PCURVE_S1.);
#328 = B_SPLINE_CURVE_WITH_KNOTS('',1,(#329,#330),.UNSPECIFIED.,.F.,.F.,
  (2,2),(-13.,-4.),.PIECEWISE_BEZIER_KNOTS.);
#329 = CARTESIAN_POINT('',(-15.,87.215056627234,73.));
#330 = CARTESIAN_POINT('',(-15.,87.215056627234,64.));
#331 = PCURVE('',#42,#332);
#332 = DEFINITIONAL_REPRESENTATION('',(#333),#336);
#333 = B_SPLINE_CURVE_WITH_KNOTS('',1,(#334,#335),.UNSPECIFIED.,.F.,.F.,
  (2,2),(-13.,-4.),.PIECEWISE_BEZIER_KNOTS.);
#334 = CARTESIAN_POINT('',(17.,31.5));
#335 = CARTESIAN_POINT('',(8.,31.5));
#336 = ( GEOMETRIC_REPRESENTATION_CONTEXT(2) 
PARAMETRIC_REPRESENTATION_CONTEXT() REPRESENTATION_CONTEXT('2D SPACE',''
  ) );
#337 = PCURVE('',#338,#343);
#338 = B_SPLINE_SURFACE_WITH_KNOTS('',1,1,(
    (#339,#340)
    ,(#341,#342
    )),.UNSPECIFIED.,.F.,.F.,.F.,(2,2),(2,2),(0.,9.),(-5.1,-1.E-01),
  .PIECEWISE_BEZIER_KNOTS.);
#339 = CARTESIAN_POINT('',(-20.,87.215056627234,64.));
#340 = CARTESIAN_POINT('',(-15.,87.215056627234,64.));
#341 = CARTESIAN_POINT('',(-20.,87.215056627234,73.));
#342 = CARTESIAN_POINT('',(-15.,87.215056627234,73.));
#343 = DEFINITIONAL_REPRESENTATION('',(#344),#347);
#344 = B_SPLINE_CURVE_WITH_KNOTS('',1,(#345,#346),.UNSPECIFIED.,.F.,.F.,
  (2,2),(-13.,-4.),.PIECEWISE_BEZIER_KNOTS.);
#345 = CARTESIAN_POINT('',(9.,-1.E-01));
#346 = CARTESIAN_POINT('',(0.,-1.E-01));
#347 = ( GEOMETRIC_REPRESENTATION_CONTEXT(2) 
PARAMETRIC_REPRESENTATION_CONTEXT() REPRESENTATION_CONTEXT('2D SPACE',''
  ) );
#348 = ORIENTED_EDGE('',*,*,#349,.T.);
#349 = EDGE_CURVE('',#325,#350,#352,.T.);
#350 = VERTEX_POINT('',#351);
#351 = CARTESIAN_POINT('',(-15.,84.215056627234,64.));
#352 = SURFACE_CURVE('',#353,(#356,#362),.PCURVE_S1.);
#353 = B_SPLINE_CURVE_WITH_KNOTS('',1,(#354,#355),.UNSPECIFIED.,.F.,.F.,
  (2,2),(15.75,18.75),.PIECEWISE_BEZIER_KNOTS.);
#354 = CARTESIAN_POINT('',(-15.,87.215056627234,64.));
#355 = CARTESIAN_POINT('',(-15.,84.215056627234,64.));
#356 = PCURVE('',#42,#357);
#357 = DEFINITIONAL_REPRESENTATION('',(#358),#361);
#358 = B_SPLINE_CURVE_WITH_KNOTS('',1,(#359,#360),.UNSPECIFIED.,.F.,.F.,
  (2,2),(15.75,18.75),.PIECEWISE_BEZIER_KNOTS.);
#359 = CARTESIAN_POINT('',(8.,31.5));
#360 = CARTESIAN_POINT('',(8.,34.5));
#361 = ( GEOMETRIC_REPRESENTATION_CONTEXT(2) 
PARAMETRIC_REPRESENTATION_CONTEXT() REPRESENTATION_CONTEXT('2D SPACE',''
  ) );
#362 = PCURVE('',#363,#368);
#363 = B_SPLINE_SURFACE_WITH_KNOTS('',1,1,(
    (#364,#365)
    ,(#366,#367
    )),.UNSPECIFIED.,.F.,.F.,.F.,(2,2),(2,2),(0.,3.),(1.E-01,5.1),
  .PIECEWISE_BEZIER_KNOTS.);
#364 = CARTESIAN_POINT('',(-15.,87.215056627234,64.));
#365 = CARTESIAN_POINT('',(-20.,87.215056627234,64.));
#366 = CARTESIAN_POINT('',(-15.,84.215056627234,64.));
#367 = CARTESIAN_POINT('',(-20.,84.215056627234,64.));
#368 = DEFINITIONAL_REPRESENTATION('',(#369),#372);
#369 = B_SPLINE_CURVE_WITH_KNOTS('',1,(#370,#371),.UNSPECIFIED.,.F.,.F.,
  (2,2),(15.75,18.75),.PIECEWISE_BEZIER_KNOTS.);
#370 = CARTESIAN_POINT('',(0.,1.E-01));
#371 = CARTESIAN_POINT('',(3.,1.E-01));
#372 = ( GEOMETRIC_REPRESENTATION_CONTEXT(2) 
PARAMETRIC_REPRESENTATION_CONTEXT() REPRESENTATION_CONTEXT('2D SPACE',''
  ) );
#373 = ORIENTED_EDGE('',*,*,#374,.F.);
#374 = EDGE_CURVE('',#300,#350,#375,.T.);
#375 = SURFACE_CURVE('',#376,(#379,#385),.PCURVE_S1.);
#376 = B_SPLINE_CURVE_WITH_KNOTS('',1,(#377,#378),.UNSPECIFIED.,.F.,.F.,
  (2,2),(-13.,-4.),.PIECEWISE_BEZIER_KNOTS.);
#377 = CARTESIAN_POINT('',(-15.,84.215056627234,73.));
#378 = CARTESIAN_POINT('',(-15.,84.215056627234,64.));
#379 = PCURVE('',#42,#380);
#380 = DEFINITIONAL_REPRESENTATION('',(#381),#384);
#381 = B_SPLINE_CURVE_WITH_KNOTS('',1,(#382,#383),.UNSPECIFIED.,.F.,.F.,
  (2,2),(-13.,-4.),.PIECEWISE_BEZIER_KNOTS.);
#382 = CARTESIAN_POINT('',(17.,34.5));
#383 = CARTESIAN_POINT('',(8.,34.5));
#384 = ( GEOMETRIC_REPRESENTATION_CONTEXT(2) 
PARAMETRIC_REPRESENTATION_CONTEXT() REPRESENTATION_CONTEXT('2D SPACE',''
  ) );
#385 = PCURVE('',#386,#391);
#386 = B_SPLINE_SURFACE_WITH_KNOTS('',1,1,(
    (#387,#388)
    ,(#389,#390
    )),.UNSPECIFIED.,.F.,.F.,.F.,(2,2),(2,2),(0.,9.),(-5.1,-1.E-01),
  .PIECEWISE_BEZIER_KNOTS.);
#387 = CARTESIAN_POINT('',(-20.,84.215056627234,64.));
#388 = CARTESIAN_POINT('',(-15.,84.215056627234,64.));
#389 = CARTESIAN_POINT('',(-20.,84.215056627234,73.));
#390 = CARTESIAN_POINT('',(-15.,84.215056627234,73.));
#391 = DEFINITIONAL_REPRESENTATION('',(#392),#395);
#392 = B_SPLINE_CURVE_WITH_KNOTS('',1,(#393,#394),.UNSPECIFIED.,.F.,.F.,
  (2,2),(-13.,-4.),.PIECEWISE_BEZIER_KNOTS.);
#393 = CARTESIAN_POINT('',(9.,-1.E-01));
#394 = CARTESIAN_POINT('',(0.,-1.E-01));
#395 = ( GEOMETRIC_REPRESENTATION_CONTEXT(2) 
PARAMETRIC_REPRESENTATION_CONTEXT() REPRESENTATION_CONTEXT('2D SPACE',''
  ) );
#396 = ADVANCED_FACE('',(#397),#115,.F.);
#397 = FACE_BOUND('',#398,.F.);
#398 = EDGE_LOOP('',(#399,#419,#420,#421,#441,#461,#786));
#399 = ORIENTED_EDGE('',*,*,#400,.F.);
#400 = EDGE_CURVE('',#79,#401,#403,.T.);
#401 = VERTEX_POINT('',#402);
#402 = CARTESIAN_POINT('',(-20.,107.04584596232,134.38989221983));
#403 = SURFACE_CURVE('',#404,(#407,#413),.PCURVE_S1.);
#404 = B_SPLINE_CURVE_WITH_KNOTS('',1,(#405,#406),.UNSPECIFIED.,.F.,.F.,
  (2,2),(0.,44.),.PIECEWISE_BEZIER_KNOTS.);
#405 = CARTESIAN_POINT('',(-20.,118.71505662723,134.38989221983));
#406 = CARTESIAN_POINT('',(-20.,74.715056627234,134.38989221983));
#407 = PCURVE('',#115,#408);
#408 = DEFINITIONAL_REPRESENTATION('',(#409),#412);
#409 = B_SPLINE_CURVE_WITH_KNOTS('',1,(#410,#411),.UNSPECIFIED.,.F.,.F.,
  (2,2),(0.,44.),.PIECEWISE_BEZIER_KNOTS.);
#410 = CARTESIAN_POINT('',(0.,5.));
#411 = CARTESIAN_POINT('',(44.,5.));
#412 = ( GEOMETRIC_REPRESENTATION_CONTEXT(2) 
PARAMETRIC_REPRESENTATION_CONTEXT() REPRESENTATION_CONTEXT('2D SPACE',''
  ) );
#413 = PCURVE('',#92,#414);
#414 = DEFINITIONAL_REPRESENTATION('',(#415),#418);
#415 = B_SPLINE_CURVE_WITH_KNOTS('',1,(#416,#417),.UNSPECIFIED.,.F.,.F.,
  (2,2),(0.,44.),.PIECEWISE_BEZIER_KNOTS.);
#416 = CARTESIAN_POINT('',(78.389892219836,0.));
#417 = CARTESIAN_POINT('',(78.389892219836,44.));
#418 = ( GEOMETRIC_REPRESENTATION_CONTEXT(2) 
PARAMETRIC_REPRESENTATION_CONTEXT() REPRESENTATION_CONTEXT('2D SPACE',''
  ) );
#419 = ORIENTED_EDGE('',*,*,#103,.F.);
#420 = ORIENTED_EDGE('',*,*,#175,.T.);
#421 = ORIENTED_EDGE('',*,*,#422,.T.);
#422 = EDGE_CURVE('',#132,#423,#425,.T.);
#423 = VERTEX_POINT('',#424);
#424 = CARTESIAN_POINT('',(-20.,74.715056627234,134.38989221983));
#425 = SURFACE_CURVE('',#426,(#429,#435),.PCURVE_S1.);
#426 = B_SPLINE_CURVE_WITH_KNOTS('',1,(#427,#428),.UNSPECIFIED.,.F.,.F.,
  (2,2),(0.,5.),.PIECEWISE_BEZIER_KNOTS.);
#427 = CARTESIAN_POINT('',(-15.,74.715056627234,134.38989221983));
#428 = CARTESIAN_POINT('',(-20.,74.715056627234,134.38989221983));
#429 = PCURVE('',#115,#430);
#430 = DEFINITIONAL_REPRESENTATION('',(#431),#434);
#431 = B_SPLINE_CURVE_WITH_KNOTS('',1,(#432,#433),.UNSPECIFIED.,.F.,.F.,
  (2,2),(0.,5.),.PIECEWISE_BEZIER_KNOTS.);
#432 = CARTESIAN_POINT('',(44.,0.));
#433 = CARTESIAN_POINT('',(44.,5.));
#434 = ( GEOMETRIC_REPRESENTATION_CONTEXT(2) 
PARAMETRIC_REPRESENTATION_CONTEXT() REPRESENTATION_CONTEXT('2D SPACE',''
  ) );
#435 = PCURVE('',#145,#436);
#436 = DEFINITIONAL_REPRESENTATION('',(#437),#440);
#437 = B_SPLINE_CURVE_WITH_KNOTS('',1,(#438,#439),.UNSPECIFIED.,.F.,.F.,
  (2,2),(0.,5.),.PIECEWISE_BEZIER_KNOTS.);
#438 = CARTESIAN_POINT('',(78.389892219836,0.));
#439 = CARTESIAN_POINT('',(78.389892219836,-5.));
#440 = ( GEOMETRIC_REPRESENTATION_CONTEXT(2) 
PARAMETRIC_REPRESENTATION_CONTEXT() REPRESENTATION_CONTEXT('2D SPACE',''
  ) );
#441 = ORIENTED_EDGE('',*,*,#442,.F.);
#442 = EDGE_CURVE('',#443,#423,#445,.T.);
#443 = VERTEX_POINT('',#444);
#444 = CARTESIAN_POINT('',(-20.,106.07663921745,134.38989221983));
#445 = SURFACE_CURVE('',#446,(#449,#455),.PCURVE_S1.);
#446 = B_SPLINE_CURVE_WITH_KNOTS('',1,(#447,#448),.UNSPECIFIED.,.F.,.F.,
  (2,2),(0.,44.),.PIECEWISE_BEZIER_KNOTS.);
#447 = CARTESIAN_POINT('',(-20.,118.71505662723,134.38989221983));
#448 = CARTESIAN_POINT('',(-20.,74.715056627234,134.38989221983));
#449 = PCURVE('',#115,#450);
#450 = DEFINITIONAL_REPRESENTATION('',(#451),#454);
#451 = B_SPLINE_CURVE_WITH_KNOTS('',1,(#452,#453),.UNSPECIFIED.,.F.,.F.,
  (2,2),(0.,44.),.PIECEWISE_BEZIER_KNOTS.);
#452 = CARTESIAN_POINT('',(0.,5.));
#453 = CARTESIAN_POINT('',(44.,5.));
#454 = ( GEOMETRIC_REPRESENTATION_CONTEXT(2) 
PARAMETRIC_REPRESENTATION_CONTEXT() REPRESENTATION_CONTEXT('2D SPACE',''
  ) );
#455 = PCURVE('',#92,#456);
#456 = DEFINITIONAL_REPRESENTATION('',(#457),#460);
#457 = B_SPLINE_CURVE_WITH_KNOTS('',1,(#458,#459),.UNSPECIFIED.,.F.,.F.,
  (2,2),(0.,44.),.PIECEWISE_BEZIER_KNOTS.);
#458 = CARTESIAN_POINT('',(78.389892219836,0.));
#459 = CARTESIAN_POINT('',(78.389892219836,44.));
#460 = ( GEOMETRIC_REPRESENTATION_CONTEXT(2) 
PARAMETRIC_REPRESENTATION_CONTEXT() REPRESENTATION_CONTEXT('2D SPACE',''
  ) );
#461 = ORIENTED_EDGE('',*,*,#462,.T.);
#462 = EDGE_CURVE('',#443,#463,#465,.T.);
#463 = VERTEX_POINT('',#464);
#464 = CARTESIAN_POINT('',(-18.71036257643,108.65085713115,
    134.38989221983));
#465 = SURFACE_CURVE('',#466,(#569,#675),.PCURVE_S1.);
#466 = B_SPLINE_CURVE_WITH_KNOTS('',6,(#467,#468,#469,#470,#471,#472,
    #473,#474,#475,#476,#477,#478,#479,#480,#481,#482,#483,#484,#485,
    #486,#487,#488,#489,#490,#491,#492,#493,#494,#495,#496,#497,#498,
    #499,#500,#501,#502,#503,#504,#505,#506,#507,#508,#509,#510,#511,
    #512,#513,#514,#515,#516,#517,#518,#519,#520,#521,#522,#523,#524,
    #525,#526,#527,#528,#529,#530,#531,#532,#533,#534,#535,#536,#537,
    #538,#539,#540,#541,#542,#543,#544,#545,#546,#547,#548,#549,#550,
    #551,#552,#553,#554,#555,#556,#557,#558,#559,#560,#561,#562,#563,
    #564,#565,#566,#567,#568),.UNSPECIFIED.,.F.,.F.,(7,5,5,5,5,5,5,5,5,5
    ,5,5,5,5,5,5,5,5,5,5,7),(0.,0.116328423403,0.17369153196,
    0.20987908628,0.234246432932,0.290620767569,0.351686500544,
    0.378144595452,0.417915221095,0.482466268199,0.547073198694,
    0.586509600675,0.668006547665,0.728532809513,0.752135250506,
    0.784568605681,0.831111616398,0.872306751149,0.895914282801,
    0.945828298296,1.),.UNSPECIFIED.);
#467 = CARTESIAN_POINT('',(-20.,106.07663921745,134.38989221983));
#468 = CARTESIAN_POINT('',(-19.96000964705,105.88539780972,
    134.38989221983));
#469 = CARTESIAN_POINT('',(-19.90073516628,105.69826032407,
    134.38989221983));
#470 = CARTESIAN_POINT('',(-19.82230232029,105.51782249256,
    134.38989221983));
#471 = CARTESIAN_POINT('',(-19.72521120331,105.34677006098,
    134.38989221983));
#472 = CARTESIAN_POINT('',(-19.61042084779,105.18785022949,
    134.38989221983));
#473 = CARTESIAN_POINT('',(-19.41507640241,104.97262697203,
    134.38989221983));
#474 = CARTESIAN_POINT('',(-19.34666131135,104.9051398308,
    134.38989221983));
#475 = CARTESIAN_POINT('',(-19.27454582239,104.84156240065,
    134.38989221983));
#476 = CARTESIAN_POINT('',(-19.19896516927,104.78219823133,
    134.38989221983));
#477 = CARTESIAN_POINT('',(-19.12019294187,104.72733099365,
    134.38989221983));
#478 = CARTESIAN_POINT('',(-18.98703690893,104.64560514475,
    134.38989221983));
#479 = CARTESIAN_POINT('',(-18.93438385752,104.61588340627,
    134.38989221983));
#480 = CARTESIAN_POINT('',(-18.88066452859,104.58811826473,
    134.38989221983));
#481 = CARTESIAN_POINT('',(-18.82596313062,104.56236889354,
    134.38989221983));
#482 = CARTESIAN_POINT('',(-18.77036913175,104.53868874751,
    134.38989221983));
#483 = CARTESIAN_POINT('',(-18.67600508065,104.50260572037,
    134.38989221983));
#484 = CARTESIAN_POINT('',(-18.63767102046,104.48904562693,
    134.38989221983));
#485 = CARTESIAN_POINT('',(-18.59900397715,104.47645976494,
    134.38989221983));
#486 = CARTESIAN_POINT('',(-18.56003367041,104.46486113642,
    134.38989221983));
#487 = CARTESIAN_POINT('',(-18.52079064155,104.45426126311,
    134.38989221983));
#488 = CARTESIAN_POINT('',(-18.38995834723,104.42248104247,
    134.38989221983));
#489 = CARTESIAN_POINT('',(-18.29731527333,104.40569063931,
    134.38989221983));
#490 = CARTESIAN_POINT('',(-18.20377089989,104.39442405609,
    134.38989221983));
#491 = CARTESIAN_POINT('',(-18.10972920745,104.38875842071,
    134.38989221983));
#492 = CARTESIAN_POINT('',(-18.01560292315,104.3887209196,
    134.38989221983));
#493 = CARTESIAN_POINT('',(-17.82021624144,104.40031588127,
    134.38989221983));
#494 = CARTESIAN_POINT('',(-17.71900623525,104.41292029496,
    134.38989221983));
#495 = CARTESIAN_POINT('',(-17.61871737232,104.43206807714,
    134.38989221983));
#496 = CARTESIAN_POINT('',(-17.51986531603,104.45765749548,
    134.38989221983));
#497 = CARTESIAN_POINT('',(-17.42294447429,104.48952045251,
    134.38989221983));
#498 = CARTESIAN_POINT('',(-17.28747421041,104.5438492565,
    134.38989221983));
#499 = CARTESIAN_POINT('',(-17.2469722574,104.56140728251,
    134.38989221983));
#500 = CARTESIAN_POINT('',(-17.20695815632,104.58008134573,
    134.38989221983));
#501 = CARTESIAN_POINT('',(-17.16746815667,104.59985100578,
    134.38989221983));
#502 = CARTESIAN_POINT('',(-17.12853705878,104.6206939956,
    134.38989221983));
#503 = CARTESIAN_POINT('',(-17.03256897568,104.67549363701,
    134.38989221983));
#504 = CARTESIAN_POINT('',(-16.97627763798,104.71077223112,
    134.38989221983));
#505 = CARTESIAN_POINT('',(-16.92143746553,104.74833968546,
    134.38989221983));
#506 = CARTESIAN_POINT('',(-16.86815283963,104.78810700881,
    134.38989221983));
#507 = CARTESIAN_POINT('',(-16.81651925811,104.8299785371,
    134.38989221983));
#508 = CARTESIAN_POINT('',(-16.68563808521,104.94506211994,
    134.38989221983));
#509 = CARTESIAN_POINT('',(-16.60922850007,105.02154870879,
    134.38989221983));
#510 = CARTESIAN_POINT('',(-16.53776654675,105.10287516325,
    134.38989221983));
#511 = CARTESIAN_POINT('',(-16.47155191592,105.18857854472,
    134.38989221983));
#512 = CARTESIAN_POINT('',(-16.41082050213,105.27817866151,
    134.38989221983));
#513 = CARTESIAN_POINT('',(-16.30063759218,105.46427629364,
    134.38989221983));
#514 = CARTESIAN_POINT('',(-16.25119387985,105.56078298432,
    134.38989221983));
#515 = CARTESIAN_POINT('',(-16.20759994363,105.66022145388,
    134.38989221983));
#516 = CARTESIAN_POINT('',(-16.16997356171,105.76210864085,
    134.38989221983));
#517 = CARTESIAN_POINT('',(-16.13838231636,105.86596918994,
    134.38989221983));
#518 = CARTESIAN_POINT('',(-16.09727108936,106.03565950139,
    134.38989221983));
#519 = CARTESIAN_POINT('',(-16.08394730355,106.10054202501,
    134.38989221983));
#520 = CARTESIAN_POINT('',(-16.07288808349,106.16588327578,
    134.38989221983));
#521 = CARTESIAN_POINT('',(-16.06409426346,106.231580711,134.38989221983
    ));
#522 = CARTESIAN_POINT('',(-16.05756188776,106.29753392421,
    134.38989221983));
#523 = CARTESIAN_POINT('',(-16.04443808196,106.50026516954,
    134.38989221983));
#524 = CARTESIAN_POINT('',(-16.04521520493,106.63755364752,
    134.38989221983));
#525 = CARTESIAN_POINT('',(-16.0555389166,106.77465247442,
    134.38989221983));
#526 = CARTESIAN_POINT('',(-16.07526546772,106.91073557964,
    134.38989221983));
#527 = CARTESIAN_POINT('',(-16.10420157785,107.0450049737,
    134.38989221983));
#528 = CARTESIAN_POINT('',(-16.17028825864,107.27448529862,
    134.38989221983));
#529 = CARTESIAN_POINT('',(-16.20340827351,107.37085317194,
    134.38989221983));
#530 = CARTESIAN_POINT('',(-16.2413926411,107.46547471952,
    134.38989221983));
#531 = CARTESIAN_POINT('',(-16.28413825235,107.55803098667,
    134.38989221983));
#532 = CARTESIAN_POINT('',(-16.3315309113,107.64819943801,
    134.38989221983));
#533 = CARTESIAN_POINT('',(-16.40369043105,107.76975603035,
    134.38989221983));
#534 = CARTESIAN_POINT('',(-16.424622441,107.80344585523,134.38989221983
    ));
#535 = CARTESIAN_POINT('',(-16.44623450889,107.83670304742,
    134.38989221983));
#536 = CARTESIAN_POINT('',(-16.46851875175,107.86950776758,
    134.38989221983));
#537 = CARTESIAN_POINT('',(-16.49146688804,107.9018398998,
    134.38989221983));
#538 = CARTESIAN_POINT('',(-16.54750484125,107.97743090434,
    134.38989221983));
#539 = CARTESIAN_POINT('',(-16.58117653287,108.0202518126,
    134.38989221983));
#540 = CARTESIAN_POINT('',(-16.61606296258,108.06208881896,
    134.38989221983));
#541 = CARTESIAN_POINT('',(-16.652139596,108.1028877393,134.38989221983)
  );
#542 = CARTESIAN_POINT('',(-16.68937971421,108.14259316287,
    134.38989221983));
#543 = CARTESIAN_POINT('',(-16.78282346364,108.23647665498,
    134.38989221983));
#544 = CARTESIAN_POINT('',(-16.84022846777,108.28943601124,
    134.38989221983));
#545 = CARTESIAN_POINT('',(-16.8998834347,108.33985988008,
    134.38989221983));
#546 = CARTESIAN_POINT('',(-16.96168938947,108.38757443318,
    134.38989221983));
#547 = CARTESIAN_POINT('',(-17.02553112407,108.43240295293,
    134.38989221983));
#548 = CARTESIAN_POINT('',(-17.14946280252,108.51113818393,
    134.38989221983));
#549 = CARTESIAN_POINT('',(-17.20914083526,108.54570789529,
    134.38989221983));
#550 = CARTESIAN_POINT('',(-17.2702132374,108.57775720015,
    134.38989221983));
#551 = CARTESIAN_POINT('',(-17.33257258535,108.60716487,134.38989221983)
  );
#552 = CARTESIAN_POINT('',(-17.39609678762,108.63381527661,
    134.38989221983));
#553 = CARTESIAN_POINT('',(-17.49763858297,108.67123518161,
    134.38989221983));
#554 = CARTESIAN_POINT('',(-17.53496716254,108.68392725475,
    134.38989221983));
#555 = CARTESIAN_POINT('',(-17.57260662011,108.69565936641,
    134.38989221983));
#556 = CARTESIAN_POINT('',(-17.6105292298,108.70641314898,
    134.38989221983));
#557 = CARTESIAN_POINT('',(-17.64870569028,108.71617187649,
    134.38989221983));
#558 = CARTESIAN_POINT('',(-17.76829404343,108.74341783102,
    134.38989221983));
#559 = CARTESIAN_POINT('',(-17.85048500931,108.75740092001,
    134.38989221983));
#560 = CARTESIAN_POINT('',(-17.93337667158,108.76672652586,
    134.38989221983));
#561 = CARTESIAN_POINT('',(-18.01665245705,108.77129778789,
    134.38989221983));
#562 = CARTESIAN_POINT('',(-18.09998125423,108.77107268822,
    134.38989221983));
#563 = CARTESIAN_POINT('',(-18.27313801752,108.76064589698,
    134.38989221983));
#564 = CARTESIAN_POINT('',(-18.36292571575,108.74959407889,
    134.38989221983));
#565 = CARTESIAN_POINT('',(-18.4519382079,108.73294340564,
    134.38989221983));
#566 = CARTESIAN_POINT('',(-18.53976402034,108.71080536157,
    134.38989221983));
#567 = CARTESIAN_POINT('',(-18.62602240867,108.68336296547,
    134.38989221983));
#568 = CARTESIAN_POINT('',(-18.71036257643,108.65085713115,
    134.38989221983));
#569 = PCURVE('',#115,#570);
#570 = DEFINITIONAL_REPRESENTATION('',(#571),#674);
#571 = B_SPLINE_CURVE_WITH_KNOTS('',6,(#572,#573,#574,#575,#576,#577,
    #578,#579,#580,#581,#582,#583,#584,#585,#586,#587,#588,#589,#590,
    #591,#592,#593,#594,#595,#596,#597,#598,#599,#600,#601,#602,#603,
    #604,#605,#606,#607,#608,#609,#610,#611,#612,#613,#614,#615,#616,
    #617,#618,#619,#620,#621,#622,#623,#624,#625,#626,#627,#628,#629,
    #630,#631,#632,#633,#634,#635,#636,#637,#638,#639,#640,#641,#642,
    #643,#644,#645,#646,#647,#648,#649,#650,#651,#652,#653,#654,#655,
    #656,#657,#658,#659,#660,#661,#662,#663,#664,#665,#666,#667,#668,
    #669,#670,#671,#672,#673),.UNSPECIFIED.,.F.,.F.,(7,5,5,5,5,5,5,5,5,5
    ,5,5,5,5,5,5,5,5,5,5,7),(0.,0.116328423403,0.17369153196,
    0.20987908628,0.234246432932,0.290620767569,0.351686500544,
    0.378144595452,0.417915221095,0.482466268199,0.547073198694,
    0.586509600675,0.668006547665,0.728532809513,0.752135250506,
    0.784568605681,0.831111616398,0.872306751149,0.895914282801,
    0.945828298296,1.),.UNSPECIFIED.);
#572 = CARTESIAN_POINT('',(12.638417409779,5.));
#573 = CARTESIAN_POINT('',(12.829658817512,4.960009647053));
#574 = CARTESIAN_POINT('',(13.016796303164,4.900735166287));
#575 = CARTESIAN_POINT('',(13.197234134674,4.822302320292));
#576 = CARTESIAN_POINT('',(13.36828656625,4.725211203318));
#577 = CARTESIAN_POINT('',(13.527206397743,4.610420847796));
#578 = CARTESIAN_POINT('',(13.742429655205,4.415076402415));
#579 = CARTESIAN_POINT('',(13.809916796427,4.346661311355));
#580 = CARTESIAN_POINT('',(13.87349422658,4.274545822393));
#581 = CARTESIAN_POINT('',(13.932858395902,4.198965169279));
#582 = CARTESIAN_POINT('',(13.987725633579,4.120192941878));
#583 = CARTESIAN_POINT('',(14.06945148248,3.987036908934));
#584 = CARTESIAN_POINT('',(14.099173220963,3.934383857525));
#585 = CARTESIAN_POINT('',(14.126938362495,3.880664528592));
#586 = CARTESIAN_POINT('',(14.152687733694,3.825963130625));
#587 = CARTESIAN_POINT('',(14.176367879716,3.770369131754));
#588 = CARTESIAN_POINT('',(14.212450906855,3.676005080652));
#589 = CARTESIAN_POINT('',(14.226011000298,3.63767102046));
#590 = CARTESIAN_POINT('',(14.23859686229,3.599003977159));
#591 = CARTESIAN_POINT('',(14.250195490813,3.560033670411));
#592 = CARTESIAN_POINT('',(14.260795364124,3.52079064155));
#593 = CARTESIAN_POINT('',(14.292575584758,3.389958347235));
#594 = CARTESIAN_POINT('',(14.309365987919,3.297315273337));
#595 = CARTESIAN_POINT('',(14.320632571136,3.203770899899));
#596 = CARTESIAN_POINT('',(14.326298206518,3.109729207457));
#597 = CARTESIAN_POINT('',(14.326335707634,3.015602923152));
#598 = CARTESIAN_POINT('',(14.31474074596,2.820216241447));
#599 = CARTESIAN_POINT('',(14.302136332273,2.719006235257));
#600 = CARTESIAN_POINT('',(14.28298855009,2.618717372323));
#601 = CARTESIAN_POINT('',(14.257399131749,2.519865316038));
#602 = CARTESIAN_POINT('',(14.22553617472,2.42294447429));
#603 = CARTESIAN_POINT('',(14.171207370731,2.287474210417));
#604 = CARTESIAN_POINT('',(14.153649344717,2.246972257409));
#605 = CARTESIAN_POINT('',(14.134975281495,2.206958156328));
#606 = CARTESIAN_POINT('',(14.115205621454,2.167468156678));
#607 = CARTESIAN_POINT('',(14.09436263163,2.128537058787));
#608 = CARTESIAN_POINT('',(14.039562990218,2.032568975685));
#609 = CARTESIAN_POINT('',(14.004284396114,1.976277637988));
#610 = CARTESIAN_POINT('',(13.966716941771,1.92143746553));
#611 = CARTESIAN_POINT('',(13.926949618419,1.868152839631));
#612 = CARTESIAN_POINT('',(13.885078090133,1.816519258113));
#613 = CARTESIAN_POINT('',(13.769994507291,1.685638085212));
#614 = CARTESIAN_POINT('',(13.693507918441,1.609228500075));
#615 = CARTESIAN_POINT('',(13.612181463979,1.537766546753));
#616 = CARTESIAN_POINT('',(13.526478082512,1.471551915924));
#617 = CARTESIAN_POINT('',(13.436877965724,1.410820502131));
#618 = CARTESIAN_POINT('',(13.250780333591,1.300637592188));
#619 = CARTESIAN_POINT('',(13.154273642912,1.25119387985));
#620 = CARTESIAN_POINT('',(13.054835173351,1.20759994363));
#621 = CARTESIAN_POINT('',(12.952947986378,1.169973561713));
#622 = CARTESIAN_POINT('',(12.849087437286,1.138382316364));
#623 = CARTESIAN_POINT('',(12.679397125839,1.097271089362));
#624 = CARTESIAN_POINT('',(12.614514602219,1.083947303554));
#625 = CARTESIAN_POINT('',(12.549173351454,1.072888083492));
#626 = CARTESIAN_POINT('',(12.483475916229,1.064094263466));
#627 = CARTESIAN_POINT('',(12.417522703021,1.057561887768));
#628 = CARTESIAN_POINT('',(12.214791457692,1.044438081968));
#629 = CARTESIAN_POINT('',(12.077502979712,1.04521520493));
#630 = CARTESIAN_POINT('',(11.940404152805,1.0555389166));
#631 = CARTESIAN_POINT('',(11.804321047589,1.075265467724));
#632 = CARTESIAN_POINT('',(11.67005165353,1.104201577853));
#633 = CARTESIAN_POINT('',(11.44057132861,1.170288258649));
#634 = CARTESIAN_POINT('',(11.344203455289,1.203408273516));
#635 = CARTESIAN_POINT('',(11.24958190771,1.241392641103));
#636 = CARTESIAN_POINT('',(11.157025640562,1.28413825235));
#637 = CARTESIAN_POINT('',(11.066857189224,1.331530911305));
#638 = CARTESIAN_POINT('',(10.945300596878,1.403690431052));
#639 = CARTESIAN_POINT('',(10.911610772002,1.424622441009));
#640 = CARTESIAN_POINT('',(10.87835357981,1.446234508894));
#641 = CARTESIAN_POINT('',(10.845548859653,1.468518751759));
#642 = CARTESIAN_POINT('',(10.813216727426,1.491466888047));
#643 = CARTESIAN_POINT('',(10.737625722889,1.547504841253));
#644 = CARTESIAN_POINT('',(10.694804814626,1.58117653287));
#645 = CARTESIAN_POINT('',(10.652967808265,1.616062962582));
#646 = CARTESIAN_POINT('',(10.61216888793,1.652139596001));
#647 = CARTESIAN_POINT('',(10.572463464363,1.689379714215));
#648 = CARTESIAN_POINT('',(10.478579972249,1.782823463643));
#649 = CARTESIAN_POINT('',(10.425620615993,1.840228467772));
#650 = CARTESIAN_POINT('',(10.375196747152,1.899883434701));
#651 = CARTESIAN_POINT('',(10.32748219405,1.961689389471));
#652 = CARTESIAN_POINT('',(10.282653674301,2.025531124071));
#653 = CARTESIAN_POINT('',(10.203918443302,2.149462802527));
#654 = CARTESIAN_POINT('',(10.169348731935,2.209140835267));
#655 = CARTESIAN_POINT('',(10.137299427083,2.270213237404));
#656 = CARTESIAN_POINT('',(10.10789175723,2.33257258535));
#657 = CARTESIAN_POINT('',(10.081241350622,2.396096787622));
#658 = CARTESIAN_POINT('',(10.04382144562,2.497638582979));
#659 = CARTESIAN_POINT('',(10.031129372484,2.534967162542));
#660 = CARTESIAN_POINT('',(10.019397260824,2.57260662011));
#661 = CARTESIAN_POINT('',(10.008643478252,2.610529229805));
#662 = CARTESIAN_POINT('',(9.99888475074,2.648705690288));
#663 = CARTESIAN_POINT('',(9.971638796209,2.768294043435));
#664 = CARTESIAN_POINT('',(9.957655707218,2.850485009318));
#665 = CARTESIAN_POINT('',(9.948330101365,2.933376671585));
#666 = CARTESIAN_POINT('',(9.943758839337,3.016652457056));
#667 = CARTESIAN_POINT('',(9.943983939011,3.09998125423));
#668 = CARTESIAN_POINT('',(9.95441073025,3.273138017524));
#669 = CARTESIAN_POINT('',(9.965462548341,3.362925715755));
#670 = CARTESIAN_POINT('',(9.982113221586,3.451938207904));
#671 = CARTESIAN_POINT('',(10.00425126566,3.539764020348));
#672 = CARTESIAN_POINT('',(10.031693661757,3.626022408677));
#673 = CARTESIAN_POINT('',(10.064199496084,3.710362576436));
#674 = ( GEOMETRIC_REPRESENTATION_CONTEXT(2) 
PARAMETRIC_REPRESENTATION_CONTEXT() REPRESENTATION_CONTEXT('2D SPACE',''
  ) );
#675 = PCURVE('',#676,#681);
#676 = TOROIDAL_SURFACE('',#677,10.,2.);
#677 = AXIS2_PLACEMENT_3D('',#678,#679,#680);
#678 = CARTESIAN_POINT('',(-18.59577687488,115.69729334629,
    130.41650415733));
#679 = DIRECTION('',(0.998223671906,5.957768748827E-02,
    -1.772370419572E-16));
#680 = DIRECTION('',(2.533065132706E-03,-4.244148580699E-02,
    0.999095743091));
#681 = DEFINITIONAL_REPRESENTATION('',(#682),#785);
#682 = B_SPLINE_CURVE_WITH_KNOTS('',6,(#683,#684,#685,#686,#687,#688,
    #689,#690,#691,#692,#693,#694,#695,#696,#697,#698,#699,#700,#701,
    #702,#703,#704,#705,#706,#707,#708,#709,#710,#711,#712,#713,#714,
    #715,#716,#717,#718,#719,#720,#721,#722,#723,#724,#725,#726,#727,
    #728,#729,#730,#731,#732,#733,#734,#735,#736,#737,#738,#739,#740,
    #741,#742,#743,#744,#745,#746,#747,#748,#749,#750,#751,#752,#753,
    #754,#755,#756,#757,#758,#759,#760,#761,#762,#763,#764,#765,#766,
    #767,#768,#769,#770,#771,#772,#773,#774,#775,#776,#777,#778,#779,
    #780,#781,#782,#783,#784),.UNSPECIFIED.,.F.,.F.,(7,5,5,5,5,5,5,5,5,5
    ,5,5,5,5,5,5,5,5,5,5,7),(0.,0.116328423403,0.17369153196,
    0.20987908628,0.234246432932,0.290620767569,0.351686500544,
    0.378144595452,0.417915221095,0.482466268199,0.547073198694,
    0.586509600675,0.668006547665,0.728532809513,0.752135250506,
    0.784568605681,0.831111616398,0.872306751149,0.895914282801,
    0.945828298296,1.),.UNSPECIFIED.);
#683 = CARTESIAN_POINT('',(1.132870368743,4.870968823373));
#684 = CARTESIAN_POINT('',(1.140087238781,4.961287698454));
#685 = CARTESIAN_POINT('',(1.146894557107,5.052120806249));
#686 = CARTESIAN_POINT('',(1.153234375412,5.143571245493));
#687 = CARTESIAN_POINT('',(1.159064952655,5.235709994591));
#688 = CARTESIAN_POINT('',(1.164353294156,5.328598244049));
#689 = CARTESIAN_POINT('',(1.171396518321,5.468368036819));
#690 = CARTESIAN_POINT('',(1.173583732935,5.514704087585));
#691 = CARTESIAN_POINT('',(1.175628583698,5.56121158388));
#692 = CARTESIAN_POINT('',(1.177528067159,5.607885921835));
#693 = CARTESIAN_POINT('',(1.179279535644,5.654719640221));
#694 = CARTESIAN_POINT('',(1.181890571867,5.731337145036));
#695 = CARTESIAN_POINT('',(1.182840722285,5.761033138576));
#696 = CARTESIAN_POINT('',(1.18373041851,5.79078474543));
#697 = CARTESIAN_POINT('',(1.184559122448,5.820588615599));
#698 = CARTESIAN_POINT('',(1.185326353488,5.850441011116));
#699 = CARTESIAN_POINT('',(1.186506634731,5.900469190441));
#700 = CARTESIAN_POINT('',(1.186953516758,5.920620727067));
#701 = CARTESIAN_POINT('',(1.187372205094,5.940791147931));
#702 = CARTESIAN_POINT('',(1.187762582708,5.96097912112));
#703 = CARTESIAN_POINT('',(1.188124545025,5.981183250813));
#704 = CARTESIAN_POINT('',(1.189229454377,6.048178729043));
#705 = CARTESIAN_POINT('',(1.189848346274,6.095035681165));
#706 = CARTESIAN_POINT('',(1.190313496152,6.141951535383));
#707 = CARTESIAN_POINT('',(1.190624143774,6.188908424722));
#708 = CARTESIAN_POINT('',(1.190779915959,6.235887694005));
#709 = CARTESIAN_POINT('',(1.190781745965,6.333752904935));
#710 = CARTESIAN_POINT('',(1.190600947982,6.384642487834));
#711 = CARTESIAN_POINT('',(1.190238426039,6.435503490488));
#712 = CARTESIAN_POINT('',(1.189694686697,6.486312590169));
#713 = CARTESIAN_POINT('',(1.188970769587,6.53704760652));
#714 = CARTESIAN_POINT('',(1.187677284116,6.609619233998));
#715 = CARTESIAN_POINT('',(1.187252743921,6.631538744783));
#716 = CARTESIAN_POINT('',(1.186794805933,6.653437833307));
#717 = CARTESIAN_POINT('',(1.186303614316,6.675314766371));
#718 = CARTESIAN_POINT('',(1.185779330359,6.697167904695));
#719 = CARTESIAN_POINT('',(1.184384577518,6.751806273555));
#720 = CARTESIAN_POINT('',(1.18347265285,6.784559648275));
#721 = CARTESIAN_POINT('',(1.182486962159,6.817250637));
#722 = CARTESIAN_POINT('',(1.181428192209,6.849874634147));
#723 = CARTESIAN_POINT('',(1.180297112841,6.882427618621));
#724 = CARTESIAN_POINT('',(1.177142760826,6.967621529093));
#725 = CARTESIAN_POINT('',(1.175002648402,7.020141949589));
#726 = CARTESIAN_POINT('',(1.17267797441,7.0724510586));
#727 = CARTESIAN_POINT('',(1.170172807647,7.124541303033));
#728 = CARTESIAN_POINT('',(1.167491805041,7.176409683667));
#729 = CARTESIAN_POINT('',(1.161786657876,7.279742036444));
#730 = CARTESIAN_POINT('',(1.158762119371,7.331207487193));
#731 = CARTESIAN_POINT('',(1.155572242204,7.382450047176));
#732 = CARTESIAN_POINT('',(1.152222926209,7.433476072409));
#733 = CARTESIAN_POINT('',(1.148720871792,7.48429626812));
#734 = CARTESIAN_POINT('',(1.142847725703,7.565827220394));
#735 = CARTESIAN_POINT('',(1.140567560443,7.596659085417));
#736 = CARTESIAN_POINT('',(1.138235108313,7.627422876536));
#737 = CARTESIAN_POINT('',(1.135852268419,7.658122544815));
#738 = CARTESIAN_POINT('',(1.133421107553,7.68876258237));
#739 = CARTESIAN_POINT('',(1.12582452662,7.782554092337));
#740 = CARTESIAN_POINT('',(1.120508585933,7.845524640978));
#741 = CARTESIAN_POINT('',(1.11501556615,7.90830897582));
#742 = CARTESIAN_POINT('',(1.109368910986,7.970959962934));
#743 = CARTESIAN_POINT('',(1.103597282383,8.033538324597));
#744 = CARTESIAN_POINT('',(1.093382696224,8.142592904686));
#745 = CARTESIAN_POINT('',(1.088980143513,8.189067576397));
#746 = CARTESIAN_POINT('',(1.084542571121,8.235571378619));
#747 = CARTESIAN_POINT('',(1.080086792055,8.282134089102));
#748 = CARTESIAN_POINT('',(1.075632333669,8.328786605909));
#749 = CARTESIAN_POINT('',(1.069473965176,8.393803234856));
#750 = CARTESIAN_POINT('',(1.067749861228,8.412062415683));
#751 = CARTESIAN_POINT('',(1.066030735694,8.430342162978));
#752 = CARTESIAN_POINT('',(1.064318008994,8.448644359072));
#753 = CARTESIAN_POINT('',(1.062613179658,8.466970864642));
#754 = CARTESIAN_POINT('',(1.058588147415,8.510542865624));
#755 = CARTESIAN_POINT('',(1.056276362185,8.535811541371));
#756 = CARTESIAN_POINT('',(1.053986565731,8.561134352201));
#757 = CARTESIAN_POINT('',(1.051723145136,8.586515827992));
#758 = CARTESIAN_POINT('',(1.049490777477,8.611960222244));
#759 = CARTESIAN_POINT('',(1.044142593314,8.674081114441));
#760 = CARTESIAN_POINT('',(1.041064954865,8.71082823556));
#761 = CARTESIAN_POINT('',(1.038076115882,8.747724634144));
#762 = CARTESIAN_POINT('',(1.035192037569,8.784779506302));
#763 = CARTESIAN_POINT('',(1.032429580411,8.821999063081));
#764 = CARTESIAN_POINT('',(1.027483956038,8.892477313964));
#765 = CARTESIAN_POINT('',(1.025270702639,8.925699655892));
#766 = CARTESIAN_POINT('',(1.023178287051,8.959054193598));
#767 = CARTESIAN_POINT('',(1.021218979596,8.992539671399));
#768 = CARTESIAN_POINT('',(1.019404768036,9.026151638567));
#769 = CARTESIAN_POINT('',(1.016796687888,9.079211046994));
#770 = CARTESIAN_POINT('',(1.015897869462,9.098579289432));
#771 = CARTESIAN_POINT('',(1.015052475207,9.11798469161));
#772 = CARTESIAN_POINT('',(1.014262482327,9.137425273829));
#773 = CARTESIAN_POINT('',(1.013529723018,9.15689868217));
#774 = CARTESIAN_POINT('',(1.011431170178,9.21763895698));
#775 = CARTESIAN_POINT('',(1.010269717331,9.25901293367));
#776 = CARTESIAN_POINT('',(1.009387489264,9.300493017934));
#777 = CARTESIAN_POINT('',(1.008796114729,9.342048485142));
#778 = CARTESIAN_POINT('',(1.008501859556,9.383644598819));
#779 = CARTESIAN_POINT('',(1.008507570699,9.470379800097));
#780 = CARTESIAN_POINT('',(1.008860363858,9.515524203096));
#781 = CARTESIAN_POINT('',(1.009563075027,9.560615388606));
#782 = CARTESIAN_POINT('',(1.010606873961,9.605609740145));
#783 = CARTESIAN_POINT('',(1.011975656712,9.650469554032));
#784 = CARTESIAN_POINT('',(1.013647699399,9.695156525505));
#785 = ( GEOMETRIC_REPRESENTATION_CONTEXT(2) 
PARAMETRIC_REPRESENTATION_CONTEXT() REPRESENTATION_CONTEXT('2D SPACE',''
  ) );
#786 = ORIENTED_EDGE('',*,*,#787,.T.);
#787 = EDGE_CURVE('',#463,#401,#788,.T.);
#788 = SURFACE_CURVE('',#789,(#804,#822),.PCURVE_S1.);
#789 = B_SPLINE_CURVE_WITH_KNOTS('',7,(#790,#791,#792,#793,#794,#795,
    #796,#797,#798,#799,#800,#801,#802,#803),.UNSPECIFIED.,.F.,.F.,(8,6,
    8),(0.,0.339878661607,1.),.UNSPECIFIED.);
#790 = CARTESIAN_POINT('',(-18.71036257643,108.65085713115,
    134.38989221983));
#791 = CARTESIAN_POINT('',(-18.80714338729,108.61355650574,
    134.38989221983));
#792 = CARTESIAN_POINT('',(-18.90147779312,108.56977029409,
    134.38989221983));
#793 = CARTESIAN_POINT('',(-18.99289827393,108.51982279085,
    134.38989221983));
#794 = CARTESIAN_POINT('',(-19.08101928921,108.46409806014,
    134.38989221983));
#795 = CARTESIAN_POINT('',(-19.16552129597,108.40300857069,
    134.38989221983));
#796 = CARTESIAN_POINT('',(-19.24613915641,108.33697392594,
    134.38989221983));
#797 = CARTESIAN_POINT('',(-19.47126590797,108.12935795947,
    134.38989221983));
#798 = CARTESIAN_POINT('',(-19.60431871764,107.97529667073,
    134.38989221983));
#799 = CARTESIAN_POINT('',(-19.72046665239,107.80710052694,
    134.38989221983));
#800 = CARTESIAN_POINT('',(-19.81873714652,107.62754912859,
    134.38989221983));
#801 = CARTESIAN_POINT('',(-19.89840092009,107.43924568735,
    134.38989221983));
#802 = CARTESIAN_POINT('',(-19.95896170281,107.2446162438,
    134.38989221983));
#803 = CARTESIAN_POINT('',(-20.,107.04584596232,134.38989221983));
#804 = PCURVE('',#115,#805);
#805 = DEFINITIONAL_REPRESENTATION('',(#806),#821);
#806 = B_SPLINE_CURVE_WITH_KNOTS('',7,(#807,#808,#809,#810,#811,#812,
    #813,#814,#815,#816,#817,#818,#819,#820),.UNSPECIFIED.,.F.,.F.,(8,6,
    8),(0.,0.339878661607,1.),.UNSPECIFIED.);
#807 = CARTESIAN_POINT('',(10.064199496084,3.710362576436));
#808 = CARTESIAN_POINT('',(10.101500121485,3.807143387297));
#809 = CARTESIAN_POINT('',(10.145286333136,3.901477793124));
#810 = CARTESIAN_POINT('',(10.195233836379,3.992898273935));
#811 = CARTESIAN_POINT('',(10.250958567092,4.081019289219));
#812 = CARTESIAN_POINT('',(10.312048056544,4.165521295972));
#813 = CARTESIAN_POINT('',(10.378082701289,4.246139156416));
#814 = CARTESIAN_POINT('',(10.585698667758,4.471265907971));
#815 = CARTESIAN_POINT('',(10.739759956501,4.604318717645));
#816 = CARTESIAN_POINT('',(10.907956100293,4.720466652394));
#817 = CARTESIAN_POINT('',(11.087507498644,4.818737146529));
#818 = CARTESIAN_POINT('',(11.275810939879,4.898400920093));
#819 = CARTESIAN_POINT('',(11.470440383429,4.95896170281));
#820 = CARTESIAN_POINT('',(11.669210664914,5.));
#821 = ( GEOMETRIC_REPRESENTATION_CONTEXT(2) 
PARAMETRIC_REPRESENTATION_CONTEXT() REPRESENTATION_CONTEXT('2D SPACE',''
  ) );
#822 = PCURVE('',#823,#828);
#823 = TOROIDAL_SURFACE('',#824,10.,2.);
#824 = AXIS2_PLACEMENT_3D('',#825,#826,#827);
#825 = CARTESIAN_POINT('',(-18.59577687488,115.69729334629,
    130.41650415733));
#826 = DIRECTION('',(0.998223671906,5.957768748827E-02,
    -1.772370419572E-16));
#827 = DIRECTION('',(2.533065132706E-03,-4.244148580699E-02,
    0.999095743091));
#828 = DEFINITIONAL_REPRESENTATION('',(#829),#844);
#829 = B_SPLINE_CURVE_WITH_KNOTS('',7,(#830,#831,#832,#833,#834,#835,
    #836,#837,#838,#839,#840,#841,#842,#843),.UNSPECIFIED.,.F.,.F.,(8,6,
    8),(0.,0.339878661607,1.),.UNSPECIFIED.);
#830 = CARTESIAN_POINT('',(1.013647699399,3.411971218326));
#831 = CARTESIAN_POINT('',(1.015566377667,3.463249766246));
#832 = CARTESIAN_POINT('',(1.017873481409,3.514311990351));
#833 = CARTESIAN_POINT('',(1.020539683674,3.56511313376));
#834 = CARTESIAN_POINT('',(1.023529226513,3.615630501864));
#835 = CARTESIAN_POINT('',(1.026803673159,3.665854429814));
#836 = CARTESIAN_POINT('',(1.03032458189,3.715783804334));
#837 = CARTESIAN_POINT('',(1.041300615676,3.861842798718));
#838 = CARTESIAN_POINT('',(1.049332744266,3.957122027323));
#839 = CARTESIAN_POINT('',(1.057890599581,4.051463105468));
#840 = CARTESIAN_POINT('',(1.066736837207,4.145066080921));
#841 = CARTESIAN_POINT('',(1.075683984195,4.238129436023));
#842 = CARTESIAN_POINT('',(1.084588234604,4.330866692366));
#843 = CARTESIAN_POINT('',(1.093344098334,4.423570259642));
#844 = ( GEOMETRIC_REPRESENTATION_CONTEXT(2) 
PARAMETRIC_REPRESENTATION_CONTEXT() REPRESENTATION_CONTEXT('2D SPACE',''
  ) );
#845 = ADVANCED_FACE('',(#846,#1076,#1163),#92,.F.);
#846 = FACE_BOUND('',#847,.F.);
#847 = EDGE_LOOP('',(#848,#868,#888,#906,#907,#908,#1033,#1075));
#848 = ORIENTED_EDGE('',*,*,#849,.F.);
#849 = EDGE_CURVE('',#850,#423,#852,.T.);
#850 = VERTEX_POINT('',#851);
#851 = CARTESIAN_POINT('',(-20.,74.715056627234,63.));
#852 = SURFACE_CURVE('',#853,(#856,#862),.PCURVE_S1.);
#853 = B_SPLINE_CURVE_WITH_KNOTS('',1,(#854,#855),.UNSPECIFIED.,.F.,.F.,
  (2,2),(0.,78.389892219836),.PIECEWISE_BEZIER_KNOTS.);
#854 = CARTESIAN_POINT('',(-20.,74.715056627234,56.));
#855 = CARTESIAN_POINT('',(-20.,74.715056627234,134.38989221983));
#856 = PCURVE('',#92,#857);
#857 = DEFINITIONAL_REPRESENTATION('',(#858),#861);
#858 = B_SPLINE_CURVE_WITH_KNOTS('',1,(#859,#860),.UNSPECIFIED.,.F.,.F.,
  (2,2),(0.,78.389892219836),.PIECEWISE_BEZIER_KNOTS.);
#859 = CARTESIAN_POINT('',(0.,44.));
#860 = CARTESIAN_POINT('',(78.389892219836,44.));
#861 = ( GEOMETRIC_REPRESENTATION_CONTEXT(2) 
PARAMETRIC_REPRESENTATION_CONTEXT() REPRESENTATION_CONTEXT('2D SPACE',''
  ) );
#862 = PCURVE('',#145,#863);
#863 = DEFINITIONAL_REPRESENTATION('',(#864),#867);
#864 = B_SPLINE_CURVE_WITH_KNOTS('',1,(#865,#866),.UNSPECIFIED.,.F.,.F.,
  (2,2),(0.,78.389892219836),.PIECEWISE_BEZIER_KNOTS.);
#865 = CARTESIAN_POINT('',(0.,-5.));
#866 = CARTESIAN_POINT('',(78.389892219836,-5.));
#867 = ( GEOMETRIC_REPRESENTATION_CONTEXT(2) 
PARAMETRIC_REPRESENTATION_CONTEXT() REPRESENTATION_CONTEXT('2D SPACE',''
  ) );
#868 = ORIENTED_EDGE('',*,*,#869,.F.);
#869 = EDGE_CURVE('',#870,#850,#872,.T.);
#870 = VERTEX_POINT('',#871);
#871 = CARTESIAN_POINT('',(-20.,105.71505668395,63.));
#872 = SURFACE_CURVE('',#873,(#876,#882),.PCURVE_S1.);
#873 = B_SPLINE_CURVE_WITH_KNOTS('',1,(#874,#875),.UNSPECIFIED.,.F.,.F.,
  (2,2),(0.,1.),.PIECEWISE_BEZIER_KNOTS.);
#874 = CARTESIAN_POINT('',(-20.,118.71505662723,63.));
#875 = CARTESIAN_POINT('',(-20.,74.715056627234,63.));
#876 = PCURVE('',#92,#877);
#877 = DEFINITIONAL_REPRESENTATION('',(#878),#881);
#878 = B_SPLINE_CURVE_WITH_KNOTS('',1,(#879,#880),.UNSPECIFIED.,.F.,.F.,
  (2,2),(0.,1.),.PIECEWISE_BEZIER_KNOTS.);
#879 = CARTESIAN_POINT('',(7.,0.));
#880 = CARTESIAN_POINT('',(7.,44.));
#881 = ( GEOMETRIC_REPRESENTATION_CONTEXT(2) 
PARAMETRIC_REPRESENTATION_CONTEXT() REPRESENTATION_CONTEXT('2D SPACE',''
  ) );
#882 = PCURVE('',#67,#883);
#883 = DEFINITIONAL_REPRESENTATION('',(#884),#887);
#884 = B_SPLINE_CURVE_WITH_KNOTS('',1,(#885,#886),.UNSPECIFIED.,.F.,.F.,
  (2,2),(0.,1.),.PIECEWISE_BEZIER_KNOTS.);
#885 = CARTESIAN_POINT('',(0.1000001,44.1000001));
#886 = CARTESIAN_POINT('',(0.1000001,0.1000001));
#887 = ( GEOMETRIC_REPRESENTATION_CONTEXT(2) 
PARAMETRIC_REPRESENTATION_CONTEXT() REPRESENTATION_CONTEXT('2D SPACE',''
  ) );
#888 = ORIENTED_EDGE('',*,*,#889,.F.);
#889 = EDGE_CURVE('',#54,#870,#890,.T.);
#890 = SURFACE_CURVE('',#891,(#894,#900),.PCURVE_S1.);
#891 = B_SPLINE_CURVE_WITH_KNOTS('',1,(#892,#893),.UNSPECIFIED.,.F.,.F.,
  (2,2),(0.,1.),.PIECEWISE_BEZIER_KNOTS.);
#892 = CARTESIAN_POINT('',(-20.,118.71505662723,63.));
#893 = CARTESIAN_POINT('',(-20.,74.715056627234,63.));
#894 = PCURVE('',#92,#895);
#895 = DEFINITIONAL_REPRESENTATION('',(#896),#899);
#896 = B_SPLINE_CURVE_WITH_KNOTS('',1,(#897,#898),.UNSPECIFIED.,.F.,.F.,
  (2,2),(0.,1.),.PIECEWISE_BEZIER_KNOTS.);
#897 = CARTESIAN_POINT('',(7.,0.));
#898 = CARTESIAN_POINT('',(7.,44.));
#899 = ( GEOMETRIC_REPRESENTATION_CONTEXT(2) 
PARAMETRIC_REPRESENTATION_CONTEXT() REPRESENTATION_CONTEXT('2D SPACE',''
  ) );
#900 = PCURVE('',#67,#901);
#901 = DEFINITIONAL_REPRESENTATION('',(#902),#905);
#902 = B_SPLINE_CURVE_WITH_KNOTS('',1,(#903,#904),.UNSPECIFIED.,.F.,.F.,
  (2,2),(0.,1.),.PIECEWISE_BEZIER_KNOTS.);
#903 = CARTESIAN_POINT('',(0.1000001,44.1000001));
#904 = CARTESIAN_POINT('',(0.1000001,0.1000001));
#905 = ( GEOMETRIC_REPRESENTATION_CONTEXT(2) 
PARAMETRIC_REPRESENTATION_CONTEXT() REPRESENTATION_CONTEXT('2D SPACE',''
  ) );
#906 = ORIENTED_EDGE('',*,*,#78,.T.);
#907 = ORIENTED_EDGE('',*,*,#400,.T.);
#908 = ORIENTED_EDGE('',*,*,#909,.T.);
#909 = EDGE_CURVE('',#401,#910,#912,.T.);
#910 = VERTEX_POINT('',#911);
#911 = CARTESIAN_POINT('',(-20.,105.71505655748,130.41650415733));
#912 = SURFACE_CURVE('',#913,(#951,#992),.PCURVE_S1.);
#913 = B_SPLINE_CURVE_WITH_KNOTS('',8,(#914,#915,#916,#917,#918,#919,
    #920,#921,#922,#923,#924,#925,#926,#927,#928,#929,#930,#931,#932,
    #933,#934,#935,#936,#937,#938,#939,#940,#941,#942,#943,#944,#945,
    #946,#947,#948,#949,#950),.UNSPECIFIED.,.F.,.F.,(9,7,7,7,7,9),(0.,
    0.4931317927,0.743315742055,0.870228203879,0.93324968396,1.),
  .UNSPECIFIED.);
#914 = CARTESIAN_POINT('',(-20.,107.04584596232,134.38989221983));
#915 = CARTESIAN_POINT('',(-20.,106.91229702666,134.16650376352));
#916 = CARTESIAN_POINT('',(-20.,106.78559123536,133.93901891778));
#917 = CARTESIAN_POINT('',(-20.,106.66586078653,133.70769217129));
#918 = CARTESIAN_POINT('',(-20.,106.55322589268,133.47278127045));
#919 = CARTESIAN_POINT('',(-20.,106.44779496637,133.23454710883));
#920 = CARTESIAN_POINT('',(-20.,106.34966480593,132.99325361639));
#921 = CARTESIAN_POINT('',(-20.,106.25892078114,132.74916764895));
#922 = CARTESIAN_POINT('',(-20.,106.13338409414,132.37744515057));
#923 = CARTESIAN_POINT('',(-20.,106.09305128358,132.25168183008));
#924 = CARTESIAN_POINT('',(-20.,106.05464820595,132.12530401709));
#925 = CARTESIAN_POINT('',(-20.,106.01818371035,131.99834688889));
#926 = CARTESIAN_POINT('',(-20.,105.98366587632,131.87084569892));
#927 = CARTESIAN_POINT('',(-20.,105.95110201381,131.74283577677));
#928 = CARTESIAN_POINT('',(-20.,105.92049866322,131.6143525282));
#929 = CARTESIAN_POINT('',(-20.,105.8773346811,131.42003278202));
#930 = CARTESIAN_POINT('',(-20.,105.86331374928,131.35452144939));
#931 = CARTESIAN_POINT('',(-20.,105.8497995534,131.28890206432));
#932 = CARTESIAN_POINT('',(-20.,105.83679279649,131.22317925489));
#933 = CARTESIAN_POINT('',(-20.,105.82429413104,131.15735765014));
#934 = CARTESIAN_POINT('',(-20.,105.81230415905,131.09144188007));
#935 = CARTESIAN_POINT('',(-20.,105.80082343201,131.02543657564));
#936 = CARTESIAN_POINT('',(-20.,105.78440454249,130.92652766371));
#937 = CARTESIAN_POINT('',(-20.,105.77908233037,130.8936880226));
#938 = CARTESIAN_POINT('',(-20.,105.77388587592,130.86082801247));
#939 = CARTESIAN_POINT('',(-20.,105.76881523742,130.82794820031));
#940 = CARTESIAN_POINT('',(-20.,105.76387047016,130.79504915301));
#941 = CARTESIAN_POINT('',(-20.,105.75905162633,130.76213143743));
#942 = CARTESIAN_POINT('',(-20.,105.7543587551,130.72919562035));
#943 = CARTESIAN_POINT('',(-20.,105.74495483991,130.6613391426));
#944 = CARTESIAN_POINT('',(-20.,105.7402590036,130.62641634836));
#945 = CARTESIAN_POINT('',(-20.,105.73570549699,130.59147448239));
#946 = CARTESIAN_POINT('',(-20.,105.73129086406,130.55651454877));
#947 = CARTESIAN_POINT('',(-20.,105.72702233289,130.52153647641));
#948 = CARTESIAN_POINT('',(-20.,105.72289000104,130.48654202352));
#949 = CARTESIAN_POINT('',(-20.,105.71890362296,130.45153076633));
#950 = CARTESIAN_POINT('',(-20.,105.7150564626,130.41650415733));
#951 = PCURVE('',#92,#952);
#952 = DEFINITIONAL_REPRESENTATION('',(#953),#991);
#953 = B_SPLINE_CURVE_WITH_KNOTS('',8,(#954,#955,#956,#957,#958,#959,
    #960,#961,#962,#963,#964,#965,#966,#967,#968,#969,#970,#971,#972,
    #973,#974,#975,#976,#977,#978,#979,#980,#981,#982,#983,#984,#985,
    #986,#987,#988,#989,#990),.UNSPECIFIED.,.F.,.F.,(9,7,7,7,7,9),(0.,
    0.4931317927,0.743315742055,0.870228203879,0.93324968396,1.),
  .UNSPECIFIED.);
#954 = CARTESIAN_POINT('',(78.389892219836,11.669210664914));
#955 = CARTESIAN_POINT('',(78.166503763523,11.802759600567));
#956 = CARTESIAN_POINT('',(77.939018917788,11.929465391871));
#957 = CARTESIAN_POINT('',(77.707692171291,12.049195840699));
#958 = CARTESIAN_POINT('',(77.472781270459,12.161830734553));
#959 = CARTESIAN_POINT('',(77.234547108831,12.267261660865));
#960 = CARTESIAN_POINT('',(76.993253616399,12.365391821305));
#961 = CARTESIAN_POINT('',(76.74916764895,12.456135846093));
#962 = CARTESIAN_POINT('',(76.377445150573,12.581672533094));
#963 = CARTESIAN_POINT('',(76.251681830085,12.622005343645));
#964 = CARTESIAN_POINT('',(76.125304017094,12.660408421277));
#965 = CARTESIAN_POINT('',(75.998346888891,12.696872916879));
#966 = CARTESIAN_POINT('',(75.87084569892,12.731390750914));
#967 = CARTESIAN_POINT('',(75.742835776775,12.76395461342));
#968 = CARTESIAN_POINT('',(75.614352528201,12.79455796401));
#969 = CARTESIAN_POINT('',(75.420032782022,12.837721946126));
#970 = CARTESIAN_POINT('',(75.354521449395,12.851742877953));
#971 = CARTESIAN_POINT('',(75.288902064328,12.86525707383));
#972 = CARTESIAN_POINT('',(75.223179254897,12.878263830744));
#973 = CARTESIAN_POINT('',(75.157357650144,12.890762496194));
#974 = CARTESIAN_POINT('',(75.091441880071,12.902752468183));
#975 = CARTESIAN_POINT('',(75.025436575643,12.914233195224));
#976 = CARTESIAN_POINT('',(74.926527663716,12.930652084744));
#977 = CARTESIAN_POINT('',(74.8936880226,12.935974296857));
#978 = CARTESIAN_POINT('',(74.860828012475,12.941170751315));
#979 = CARTESIAN_POINT('',(74.827948200313,12.946241389806));
#980 = CARTESIAN_POINT('',(74.795049153019,12.95118615707));
#981 = CARTESIAN_POINT('',(74.762131437439,12.956005000897));
#982 = CARTESIAN_POINT('',(74.729195620353,12.960697872126));
#983 = CARTESIAN_POINT('',(74.661339142601,12.970101787324));
#984 = CARTESIAN_POINT('',(74.626416348367,12.974797623629));
#985 = CARTESIAN_POINT('',(74.591474482393,12.979351130244));
#986 = CARTESIAN_POINT('',(74.55651454877,12.983765763168));
#987 = CARTESIAN_POINT('',(74.521536476416,12.988034294343));
#988 = CARTESIAN_POINT('',(74.486542023529,12.992166626192));
#989 = CARTESIAN_POINT('',(74.45153076633,12.996153004266));
#990 = CARTESIAN_POINT('',(74.416504157339,13.000000164626));
#991 = ( GEOMETRIC_REPRESENTATION_CONTEXT(2) 
PARAMETRIC_REPRESENTATION_CONTEXT() REPRESENTATION_CONTEXT('2D SPACE',''
  ) );
#992 = PCURVE('',#823,#993);
#993 = DEFINITIONAL_REPRESENTATION('',(#994),#1032);
#994 = B_SPLINE_CURVE_WITH_KNOTS('',8,(#995,#996,#997,#998,#999,#1000,
    #1001,#1002,#1003,#1004,#1005,#1006,#1007,#1008,#1009,#1010,#1011,
    #1012,#1013,#1014,#1015,#1016,#1017,#1018,#1019,#1020,#1021,#1022,
    #1023,#1024,#1025,#1026,#1027,#1028,#1029,#1030,#1031),
  .UNSPECIFIED.,.F.,.F.,(9,7,7,7,7,9),(0.,0.4931317927,0.743315742055,
    0.870228203879,0.93324968396,1.),.UNSPECIFIED.);
#995 = CARTESIAN_POINT('',(1.093344098353,4.423570259843));
#996 = CARTESIAN_POINT('',(1.120783259349,4.437537914396));
#997 = CARTESIAN_POINT('',(1.148133066819,4.451540267984));
#998 = CARTESIAN_POINT('',(1.175393398762,4.465574157538));
#999 = CARTESIAN_POINT('',(1.202564319303,4.479636543179));
#1000 = CARTESIAN_POINT('',(1.229646017172,4.493724473813));
#1001 = CARTESIAN_POINT('',(1.256638744196,4.507835052724));
#1002 = CARTESIAN_POINT('',(1.283542753778,4.521965403178));
#1003 = CARTESIAN_POINT('',(1.323962724414,4.543290046086));
#1004 = CARTESIAN_POINT('',(1.337544449555,4.550471816206));
#1005 = CARTESIAN_POINT('',(1.351103457624,4.557657576166));
#1006 = CARTESIAN_POINT('',(1.364639795251,4.564846960722));
#1007 = CARTESIAN_POINT('',(1.378153512879,4.572039607591));
#1008 = CARTESIAN_POINT('',(1.39164466476,4.579235157455));
#1009 = CARTESIAN_POINT('',(1.40511330896,4.586433253954));
#1010 = CARTESIAN_POINT('',(1.425380449083,4.597286082155));
#1011 = CARTESIAN_POINT('',(1.432195615163,4.600939185151));
#1012 = CARTESIAN_POINT('',(1.439005013716,4.604592806565));
#1013 = CARTESIAN_POINT('',(1.445808653105,4.608246900453));
#1014 = CARTESIAN_POINT('',(1.45260654193,4.611901421047));
#1015 = CARTESIAN_POINT('',(1.459398689033,4.615556322758));
#1016 = CARTESIAN_POINT('',(1.466185103495,4.619211560169));
#1017 = CARTESIAN_POINT('',(1.4763329123,4.624682329619));
#1018 = CARTESIAN_POINT('',(1.47969861868,4.626497642823));
#1019 = CARTESIAN_POINT('',(1.483062914919,4.628313022115));
#1020 = CARTESIAN_POINT('',(1.486425802175,4.630128461968));
#1021 = CARTESIAN_POINT('',(1.489787281618,4.631943956862));
#1022 = CARTESIAN_POINT('',(1.493147354431,4.633759501288));
#1023 = CARTESIAN_POINT('',(1.496506021815,4.635575089748));
#1024 = CARTESIAN_POINT('',(1.503419189683,4.639313770227));
#1025 = CARTESIAN_POINT('',(1.506973518806,4.641236939735));
#1026 = CARTESIAN_POINT('',(1.510526281521,4.643159695211));
#1027 = CARTESIAN_POINT('',(1.514077445862,4.645083782306));
#1028 = CARTESIAN_POINT('',(1.517627088531,4.647005605806));
#1029 = CARTESIAN_POINT('',(1.521175101258,4.648930130469));
#1030 = CARTESIAN_POINT('',(1.524721596467,4.650852493422));
#1031 = CARTESIAN_POINT('',(1.528266496758,4.652776073619));
#1032 = ( GEOMETRIC_REPRESENTATION_CONTEXT(2) 
PARAMETRIC_REPRESENTATION_CONTEXT() REPRESENTATION_CONTEXT('2D SPACE',''
  ) );
#1033 = ORIENTED_EDGE('',*,*,#1034,.T.);
#1034 = EDGE_CURVE('',#910,#443,#1035,.T.);
#1035 = SURFACE_CURVE('',#1036,(#1047,#1061),.PCURVE_S1.);
#1036 = B_SPLINE_CURVE_WITH_KNOTS('',5,(#1037,#1038,#1039,#1040,#1041,
    #1042,#1043,#1044,#1045,#1046),.UNSPECIFIED.,.F.,.F.,(6,4,6),(0.,
    0.497221265637,1.),.UNSPECIFIED.);
#1037 = CARTESIAN_POINT('',(-20.,105.71505664821,130.41650415733));
#1038 = CARTESIAN_POINT('',(-20.,105.67146308189,130.81347611351));
#1039 = CARTESIAN_POINT('',(-20.,105.64776967356,131.21264626576));
#1040 = CARTESIAN_POINT('',(-20.,105.6440453994,131.61267092736));
#1041 = CARTESIAN_POINT('',(-20.,105.66022918549,132.01222734775));
#1042 = CARTESIAN_POINT('',(-20.,105.73243189449,132.81224615684));
#1043 = CARTESIAN_POINT('',(-20.,105.78889463406,133.21267238645));
#1044 = CARTESIAN_POINT('',(-20.,105.86532136228,133.60994691209));
#1045 = CARTESIAN_POINT('',(-20.,105.96138553655,134.002771057));
#1046 = CARTESIAN_POINT('',(-20.,106.07663921745,134.38989221983));
#1047 = PCURVE('',#92,#1048);
#1048 = DEFINITIONAL_REPRESENTATION('',(#1049),#1060);
#1049 = B_SPLINE_CURVE_WITH_KNOTS('',5,(#1050,#1051,#1052,#1053,#1054,
    #1055,#1056,#1057,#1058,#1059),.UNSPECIFIED.,.F.,.F.,(6,4,6),(0.,
    0.497221265637,1.),.UNSPECIFIED.);
#1050 = CARTESIAN_POINT('',(74.416504163246,12.999999973754));
#1051 = CARTESIAN_POINT('',(74.813476107588,13.043593550623));
#1052 = CARTESIAN_POINT('',(75.212646265183,13.067286954192));
#1053 = CARTESIAN_POINT('',(75.612670930335,13.071011225185));
#1054 = CARTESIAN_POINT('',(76.012227347752,13.054827441737));
#1055 = CARTESIAN_POINT('',(76.812246156841,12.982624732737));
#1056 = CARTESIAN_POINT('',(77.21267238645,12.926161993172));
#1057 = CARTESIAN_POINT('',(77.609946912098,12.849735264947));
#1058 = CARTESIAN_POINT('',(78.002771057005,12.753671090682));
#1059 = CARTESIAN_POINT('',(78.389892219836,12.638417409779));
#1060 = ( GEOMETRIC_REPRESENTATION_CONTEXT(2) 
PARAMETRIC_REPRESENTATION_CONTEXT() REPRESENTATION_CONTEXT('2D SPACE',''
  ) );
#1061 = PCURVE('',#676,#1062);
#1062 = DEFINITIONAL_REPRESENTATION('',(#1063),#1074);
#1063 = B_SPLINE_CURVE_WITH_KNOTS('',5,(#1064,#1065,#1066,#1067,#1068,
    #1069,#1070,#1071,#1072,#1073),.UNSPECIFIED.,.F.,.F.,(6,4,6),(0.,
    0.497221265637,1.),.UNSPECIFIED.);
#1064 = CARTESIAN_POINT('',(1.528266496758,4.652775980814));
#1065 = CARTESIAN_POINT('',(1.488090513794,4.674572684927));
#1066 = CARTESIAN_POINT('',(1.448134684925,4.696369902804));
#1067 = CARTESIAN_POINT('',(1.408395791265,4.718154925687));
#1068 = CARTESIAN_POINT('',(1.368870234751,4.739915277296));
#1069 = CARTESIAN_POINT('',(1.289798402289,4.783604954378));
#1070 = CARTESIAN_POINT('',(1.250256561792,4.805533603045));
#1071 = CARTESIAN_POINT('',(1.21092475626,4.827411813489));
#1072 = CARTESIAN_POINT('',(1.171797554047,4.84922768711));
#1073 = CARTESIAN_POINT('',(1.132870368804,4.870968823339));
#1074 = ( GEOMETRIC_REPRESENTATION_CONTEXT(2) 
PARAMETRIC_REPRESENTATION_CONTEXT() REPRESENTATION_CONTEXT('2D SPACE',''
  ) );
#1075 = ORIENTED_EDGE('',*,*,#442,.T.);
#1076 = FACE_BOUND('',#1077,.F.);
#1077 = EDGE_LOOP('',(#1078,#1100,#1120,#1140));
#1078 = ORIENTED_EDGE('',*,*,#1079,.F.);
#1079 = EDGE_CURVE('',#1080,#1082,#1084,.T.);
#1080 = VERTEX_POINT('',#1081);
#1081 = CARTESIAN_POINT('',(-20.,109.21505662723,73.));
#1082 = VERTEX_POINT('',#1083);
#1083 = CARTESIAN_POINT('',(-20.,106.21505662723,73.));
#1084 = SURFACE_CURVE('',#1085,(#1088,#1094),.PCURVE_S1.);
#1085 = B_SPLINE_CURVE_WITH_KNOTS('',1,(#1086,#1087),.UNSPECIFIED.,.F.,
  .F.,(2,2),(4.75,7.75),.PIECEWISE_BEZIER_KNOTS.);
#1086 = CARTESIAN_POINT('',(-20.,109.21505662723,73.));
#1087 = CARTESIAN_POINT('',(-20.,106.21505662723,73.));
#1088 = PCURVE('',#92,#1089);
#1089 = DEFINITIONAL_REPRESENTATION('',(#1090),#1093);
#1090 = B_SPLINE_CURVE_WITH_KNOTS('',1,(#1091,#1092),.UNSPECIFIED.,.F.,
  .F.,(2,2),(4.75,7.75),.PIECEWISE_BEZIER_KNOTS.);
#1091 = CARTESIAN_POINT('',(17.,9.5));
#1092 = CARTESIAN_POINT('',(17.,12.5));
#1093 = ( GEOMETRIC_REPRESENTATION_CONTEXT(2) 
PARAMETRIC_REPRESENTATION_CONTEXT() REPRESENTATION_CONTEXT('2D SPACE',''
  ) );
#1094 = PCURVE('',#211,#1095);
#1095 = DEFINITIONAL_REPRESENTATION('',(#1096),#1099);
#1096 = B_SPLINE_CURVE_WITH_KNOTS('',1,(#1097,#1098),.UNSPECIFIED.,.F.,
  .F.,(2,2),(4.75,7.75),.PIECEWISE_BEZIER_KNOTS.);
#1097 = CARTESIAN_POINT('',(0.,5.1));
#1098 = CARTESIAN_POINT('',(3.,5.1));
#1099 = ( GEOMETRIC_REPRESENTATION_CONTEXT(2) 
PARAMETRIC_REPRESENTATION_CONTEXT() REPRESENTATION_CONTEXT('2D SPACE',''
  ) );
#1100 = ORIENTED_EDGE('',*,*,#1101,.T.);
#1101 = EDGE_CURVE('',#1080,#1102,#1104,.T.);
#1102 = VERTEX_POINT('',#1103);
#1103 = CARTESIAN_POINT('',(-20.,109.21505662723,64.));
#1104 = SURFACE_CURVE('',#1105,(#1108,#1114),.PCURVE_S1.);
#1105 = B_SPLINE_CURVE_WITH_KNOTS('',1,(#1106,#1107),.UNSPECIFIED.,.F.,
  .F.,(2,2),(-13.,-4.),.PIECEWISE_BEZIER_KNOTS.);
#1106 = CARTESIAN_POINT('',(-20.,109.21505662723,73.));
#1107 = CARTESIAN_POINT('',(-20.,109.21505662723,64.));
#1108 = PCURVE('',#92,#1109);
#1109 = DEFINITIONAL_REPRESENTATION('',(#1110),#1113);
#1110 = B_SPLINE_CURVE_WITH_KNOTS('',1,(#1111,#1112),.UNSPECIFIED.,.F.,
  .F.,(2,2),(-13.,-4.),.PIECEWISE_BEZIER_KNOTS.);
#1111 = CARTESIAN_POINT('',(17.,9.5));
#1112 = CARTESIAN_POINT('',(8.,9.5));
#1113 = ( GEOMETRIC_REPRESENTATION_CONTEXT(2) 
PARAMETRIC_REPRESENTATION_CONTEXT() REPRESENTATION_CONTEXT('2D SPACE',''
  ) );
#1114 = PCURVE('',#236,#1115);
#1115 = DEFINITIONAL_REPRESENTATION('',(#1116),#1119);
#1116 = B_SPLINE_CURVE_WITH_KNOTS('',1,(#1117,#1118),.UNSPECIFIED.,.F.,
  .F.,(2,2),(-13.,-4.),.PIECEWISE_BEZIER_KNOTS.);
#1117 = CARTESIAN_POINT('',(9.,-5.1));
#1118 = CARTESIAN_POINT('',(0.,-5.1));
#1119 = ( GEOMETRIC_REPRESENTATION_CONTEXT(2) 
PARAMETRIC_REPRESENTATION_CONTEXT() REPRESENTATION_CONTEXT('2D SPACE',''
  ) );
#1120 = ORIENTED_EDGE('',*,*,#1121,.T.);
#1121 = EDGE_CURVE('',#1102,#1122,#1124,.T.);
#1122 = VERTEX_POINT('',#1123);
#1123 = CARTESIAN_POINT('',(-20.,106.21505662723,64.));
#1124 = SURFACE_CURVE('',#1125,(#1128,#1134),.PCURVE_S1.);
#1125 = B_SPLINE_CURVE_WITH_KNOTS('',1,(#1126,#1127),.UNSPECIFIED.,.F.,
  .F.,(2,2),(4.75,7.75),.PIECEWISE_BEZIER_KNOTS.);
#1126 = CARTESIAN_POINT('',(-20.,109.21505662723,64.));
#1127 = CARTESIAN_POINT('',(-20.,106.21505662723,64.));
#1128 = PCURVE('',#92,#1129);
#1129 = DEFINITIONAL_REPRESENTATION('',(#1130),#1133);
#1130 = B_SPLINE_CURVE_WITH_KNOTS('',1,(#1131,#1132),.UNSPECIFIED.,.F.,
  .F.,(2,2),(4.75,7.75),.PIECEWISE_BEZIER_KNOTS.);
#1131 = CARTESIAN_POINT('',(8.,9.5));
#1132 = CARTESIAN_POINT('',(8.,12.5));
#1133 = ( GEOMETRIC_REPRESENTATION_CONTEXT(2) 
PARAMETRIC_REPRESENTATION_CONTEXT() REPRESENTATION_CONTEXT('2D SPACE',''
  ) );
#1134 = PCURVE('',#261,#1135);
#1135 = DEFINITIONAL_REPRESENTATION('',(#1136),#1139);
#1136 = B_SPLINE_CURVE_WITH_KNOTS('',1,(#1137,#1138),.UNSPECIFIED.,.F.,
  .F.,(2,2),(4.75,7.75),.PIECEWISE_BEZIER_KNOTS.);
#1137 = CARTESIAN_POINT('',(0.,5.1));
#1138 = CARTESIAN_POINT('',(3.,5.1));
#1139 = ( GEOMETRIC_REPRESENTATION_CONTEXT(2) 
PARAMETRIC_REPRESENTATION_CONTEXT() REPRESENTATION_CONTEXT('2D SPACE',''
  ) );
#1140 = ORIENTED_EDGE('',*,*,#1141,.F.);
#1141 = EDGE_CURVE('',#1082,#1122,#1142,.T.);
#1142 = SURFACE_CURVE('',#1143,(#1146,#1152),.PCURVE_S1.);
#1143 = B_SPLINE_CURVE_WITH_KNOTS('',1,(#1144,#1145),.UNSPECIFIED.,.F.,
  .F.,(2,2),(-13.,-4.),.PIECEWISE_BEZIER_KNOTS.);
#1144 = CARTESIAN_POINT('',(-20.,106.21505662723,73.));
#1145 = CARTESIAN_POINT('',(-20.,106.21505662723,64.));
#1146 = PCURVE('',#92,#1147);
#1147 = DEFINITIONAL_REPRESENTATION('',(#1148),#1151);
#1148 = B_SPLINE_CURVE_WITH_KNOTS('',1,(#1149,#1150),.UNSPECIFIED.,.F.,
  .F.,(2,2),(-13.,-4.),.PIECEWISE_BEZIER_KNOTS.);
#1149 = CARTESIAN_POINT('',(17.,12.5));
#1150 = CARTESIAN_POINT('',(8.,12.5));
#1151 = ( GEOMETRIC_REPRESENTATION_CONTEXT(2) 
PARAMETRIC_REPRESENTATION_CONTEXT() REPRESENTATION_CONTEXT('2D SPACE',''
  ) );
#1152 = PCURVE('',#1153,#1158);
#1153 = B_SPLINE_SURFACE_WITH_KNOTS('',1,1,(
    (#1154,#1155)
    ,(#1156,#1157
    )),.UNSPECIFIED.,.F.,.F.,.F.,(2,2),(2,2),(0.,9.),(-5.1,-1.E-01),
  .PIECEWISE_BEZIER_KNOTS.);
#1154 = CARTESIAN_POINT('',(-20.,106.21505662723,64.));
#1155 = CARTESIAN_POINT('',(-15.,106.21505662723,64.));
#1156 = CARTESIAN_POINT('',(-20.,106.21505662723,73.));
#1157 = CARTESIAN_POINT('',(-15.,106.21505662723,73.));
#1158 = DEFINITIONAL_REPRESENTATION('',(#1159),#1162);
#1159 = B_SPLINE_CURVE_WITH_KNOTS('',1,(#1160,#1161),.UNSPECIFIED.,.F.,
  .F.,(2,2),(-13.,-4.),.PIECEWISE_BEZIER_KNOTS.);
#1160 = CARTESIAN_POINT('',(9.,-5.1));
#1161 = CARTESIAN_POINT('',(0.,-5.1));
#1162 = ( GEOMETRIC_REPRESENTATION_CONTEXT(2) 
PARAMETRIC_REPRESENTATION_CONTEXT() REPRESENTATION_CONTEXT('2D SPACE',''
  ) );
#1163 = FACE_BOUND('',#1164,.F.);
#1164 = EDGE_LOOP('',(#1165,#1187,#1207,#1227));
#1165 = ORIENTED_EDGE('',*,*,#1166,.F.);
#1166 = EDGE_CURVE('',#1167,#1169,#1171,.T.);
#1167 = VERTEX_POINT('',#1168);
#1168 = CARTESIAN_POINT('',(-20.,87.215056627234,73.));
#1169 = VERTEX_POINT('',#1170);
#1170 = CARTESIAN_POINT('',(-20.,84.215056627234,73.));
#1171 = SURFACE_CURVE('',#1172,(#1175,#1181),.PCURVE_S1.);
#1172 = B_SPLINE_CURVE_WITH_KNOTS('',1,(#1173,#1174),.UNSPECIFIED.,.F.,
  .F.,(2,2),(15.75,18.75),.PIECEWISE_BEZIER_KNOTS.);
#1173 = CARTESIAN_POINT('',(-20.,87.215056627234,73.));
#1174 = CARTESIAN_POINT('',(-20.,84.215056627234,73.));
#1175 = PCURVE('',#92,#1176);
#1176 = DEFINITIONAL_REPRESENTATION('',(#1177),#1180);
#1177 = B_SPLINE_CURVE_WITH_KNOTS('',1,(#1178,#1179),.UNSPECIFIED.,.F.,
  .F.,(2,2),(15.75,18.75),.PIECEWISE_BEZIER_KNOTS.);
#1178 = CARTESIAN_POINT('',(17.,31.5));
#1179 = CARTESIAN_POINT('',(17.,34.5));
#1180 = ( GEOMETRIC_REPRESENTATION_CONTEXT(2) 
PARAMETRIC_REPRESENTATION_CONTEXT() REPRESENTATION_CONTEXT('2D SPACE',''
  ) );
#1181 = PCURVE('',#313,#1182);
#1182 = DEFINITIONAL_REPRESENTATION('',(#1183),#1186);
#1183 = B_SPLINE_CURVE_WITH_KNOTS('',1,(#1184,#1185),.UNSPECIFIED.,.F.,
  .F.,(2,2),(15.75,18.75),.PIECEWISE_BEZIER_KNOTS.);
#1184 = CARTESIAN_POINT('',(0.,5.1));
#1185 = CARTESIAN_POINT('',(3.,5.1));
#1186 = ( GEOMETRIC_REPRESENTATION_CONTEXT(2) 
PARAMETRIC_REPRESENTATION_CONTEXT() REPRESENTATION_CONTEXT('2D SPACE',''
  ) );
#1187 = ORIENTED_EDGE('',*,*,#1188,.T.);
#1188 = EDGE_CURVE('',#1167,#1189,#1191,.T.);
#1189 = VERTEX_POINT('',#1190);
#1190 = CARTESIAN_POINT('',(-20.,87.215056627234,64.));
#1191 = SURFACE_CURVE('',#1192,(#1195,#1201),.PCURVE_S1.);
#1192 = B_SPLINE_CURVE_WITH_KNOTS('',1,(#1193,#1194),.UNSPECIFIED.,.F.,
  .F.,(2,2),(-13.,-4.),.PIECEWISE_BEZIER_KNOTS.);
#1193 = CARTESIAN_POINT('',(-20.,87.215056627234,73.));
#1194 = CARTESIAN_POINT('',(-20.,87.215056627234,64.));
#1195 = PCURVE('',#92,#1196);
#1196 = DEFINITIONAL_REPRESENTATION('',(#1197),#1200);
#1197 = B_SPLINE_CURVE_WITH_KNOTS('',1,(#1198,#1199),.UNSPECIFIED.,.F.,
  .F.,(2,2),(-13.,-4.),.PIECEWISE_BEZIER_KNOTS.);
#1198 = CARTESIAN_POINT('',(17.,31.5));
#1199 = CARTESIAN_POINT('',(8.,31.5));
#1200 = ( GEOMETRIC_REPRESENTATION_CONTEXT(2) 
PARAMETRIC_REPRESENTATION_CONTEXT() REPRESENTATION_CONTEXT('2D SPACE',''
  ) );
#1201 = PCURVE('',#338,#1202);
#1202 = DEFINITIONAL_REPRESENTATION('',(#1203),#1206);
#1203 = B_SPLINE_CURVE_WITH_KNOTS('',1,(#1204,#1205),.UNSPECIFIED.,.F.,
  .F.,(2,2),(-13.,-4.),.PIECEWISE_BEZIER_KNOTS.);
#1204 = CARTESIAN_POINT('',(9.,-5.1));
#1205 = CARTESIAN_POINT('',(0.,-5.1));
#1206 = ( GEOMETRIC_REPRESENTATION_CONTEXT(2) 
PARAMETRIC_REPRESENTATION_CONTEXT() REPRESENTATION_CONTEXT('2D SPACE',''
  ) );
#1207 = ORIENTED_EDGE('',*,*,#1208,.T.);
#1208 = EDGE_CURVE('',#1189,#1209,#1211,.T.);
#1209 = VERTEX_POINT('',#1210);
#1210 = CARTESIAN_POINT('',(-20.,84.215056627234,64.));
#1211 = SURFACE_CURVE('',#1212,(#1215,#1221),.PCURVE_S1.);
#1212 = B_SPLINE_CURVE_WITH_KNOTS('',1,(#1213,#1214),.UNSPECIFIED.,.F.,
  .F.,(2,2),(15.75,18.75),.PIECEWISE_BEZIER_KNOTS.);
#1213 = CARTESIAN_POINT('',(-20.,87.215056627234,64.));
#1214 = CARTESIAN_POINT('',(-20.,84.215056627234,64.));
#1215 = PCURVE('',#92,#1216);
#1216 = DEFINITIONAL_REPRESENTATION('',(#1217),#1220);
#1217 = B_SPLINE_CURVE_WITH_KNOTS('',1,(#1218,#1219),.UNSPECIFIED.,.F.,
  .F.,(2,2),(15.75,18.75),.PIECEWISE_BEZIER_KNOTS.);
#1218 = CARTESIAN_POINT('',(8.,31.5));
#1219 = CARTESIAN_POINT('',(8.,34.5));
#1220 = ( GEOMETRIC_REPRESENTATION_CONTEXT(2) 
PARAMETRIC_REPRESENTATION_CONTEXT() REPRESENTATION_CONTEXT('2D SPACE',''
  ) );
#1221 = PCURVE('',#363,#1222);
#1222 = DEFINITIONAL_REPRESENTATION('',(#1223),#1226);
#1223 = B_SPLINE_CURVE_WITH_KNOTS('',1,(#1224,#1225),.UNSPECIFIED.,.F.,
  .F.,(2,2),(15.75,18.75),.PIECEWISE_BEZIER_KNOTS.);
#1224 = CARTESIAN_POINT('',(0.,5.1));
#1225 = CARTESIAN_POINT('',(3.,5.1));
#1226 = ( GEOMETRIC_REPRESENTATION_CONTEXT(2) 
PARAMETRIC_REPRESENTATION_CONTEXT() REPRESENTATION_CONTEXT('2D SPACE',''
  ) );
#1227 = ORIENTED_EDGE('',*,*,#1228,.F.);
#1228 = EDGE_CURVE('',#1169,#1209,#1229,.T.);
#1229 = SURFACE_CURVE('',#1230,(#1233,#1239),.PCURVE_S1.);
#1230 = B_SPLINE_CURVE_WITH_KNOTS('',1,(#1231,#1232),.UNSPECIFIED.,.F.,
  .F.,(2,2),(-13.,-4.),.PIECEWISE_BEZIER_KNOTS.);
#1231 = CARTESIAN_POINT('',(-20.,84.215056627234,73.));
#1232 = CARTESIAN_POINT('',(-20.,84.215056627234,64.));
#1233 = PCURVE('',#92,#1234);
#1234 = DEFINITIONAL_REPRESENTATION('',(#1235),#1238);
#1235 = B_SPLINE_CURVE_WITH_KNOTS('',1,(#1236,#1237),.UNSPECIFIED.,.F.,
  .F.,(2,2),(-13.,-4.),.PIECEWISE_BEZIER_KNOTS.);
#1236 = CARTESIAN_POINT('',(17.,34.5));
#1237 = CARTESIAN_POINT('',(8.,34.5));
#1238 = ( GEOMETRIC_REPRESENTATION_CONTEXT(2) 
PARAMETRIC_REPRESENTATION_CONTEXT() REPRESENTATION_CONTEXT('2D SPACE',''
  ) );
#1239 = PCURVE('',#386,#1240);
#1240 = DEFINITIONAL_REPRESENTATION('',(#1241),#1244);
#1241 = B_SPLINE_CURVE_WITH_KNOTS('',1,(#1242,#1243),.UNSPECIFIED.,.F.,
  .F.,(2,2),(-13.,-4.),.PIECEWISE_BEZIER_KNOTS.);
#1242 = CARTESIAN_POINT('',(9.,-5.1));
#1243 = CARTESIAN_POINT('',(0.,-5.1));
#1244 = ( GEOMETRIC_REPRESENTATION_CONTEXT(2) 
PARAMETRIC_REPRESENTATION_CONTEXT() REPRESENTATION_CONTEXT('2D SPACE',''
  ) );
#1245 = ADVANCED_FACE('',(#1246,#1270),#67,.F.);
#1246 = FACE_BOUND('',#1247,.F.);
#1247 = EDGE_LOOP('',(#1248,#1249,#1250,#1251,#1269));
#1248 = ORIENTED_EDGE('',*,*,#53,.F.);
#1249 = ORIENTED_EDGE('',*,*,#889,.T.);
#1250 = ORIENTED_EDGE('',*,*,#869,.T.);
#1251 = ORIENTED_EDGE('',*,*,#1252,.T.);
#1252 = EDGE_CURVE('',#850,#130,#1253,.T.);
#1253 = SURFACE_CURVE('',#1254,(#1257,#1263),.PCURVE_S1.);
#1254 = B_SPLINE_CURVE_WITH_KNOTS('',1,(#1255,#1256),.UNSPECIFIED.,.F.,
  .F.,(2,2),(0.,1.),.PIECEWISE_BEZIER_KNOTS.);
#1255 = CARTESIAN_POINT('',(-20.,74.715056627234,63.));
#1256 = CARTESIAN_POINT('',(-15.,74.715056627234,63.));
#1257 = PCURVE('',#67,#1258);
#1258 = DEFINITIONAL_REPRESENTATION('',(#1259),#1262);
#1259 = B_SPLINE_CURVE_WITH_KNOTS('',1,(#1260,#1261),.UNSPECIFIED.,.F.,
  .F.,(2,2),(0.,1.),.PIECEWISE_BEZIER_KNOTS.);
#1260 = CARTESIAN_POINT('',(0.1000001,0.1000001));
#1261 = CARTESIAN_POINT('',(5.1000001,0.1000001));
#1262 = ( GEOMETRIC_REPRESENTATION_CONTEXT(2) 
PARAMETRIC_REPRESENTATION_CONTEXT() REPRESENTATION_CONTEXT('2D SPACE',''
  ) );
#1263 = PCURVE('',#145,#1264);
#1264 = DEFINITIONAL_REPRESENTATION('',(#1265),#1268);
#1265 = B_SPLINE_CURVE_WITH_KNOTS('',1,(#1266,#1267),.UNSPECIFIED.,.F.,
  .F.,(2,2),(0.,1.),.PIECEWISE_BEZIER_KNOTS.);
#1266 = CARTESIAN_POINT('',(7.,-5.));
#1267 = CARTESIAN_POINT('',(7.,0.));
#1268 = ( GEOMETRIC_REPRESENTATION_CONTEXT(2) 
PARAMETRIC_REPRESENTATION_CONTEXT() REPRESENTATION_CONTEXT('2D SPACE',''
  ) );
#1269 = ORIENTED_EDGE('',*,*,#156,.F.);
#1270 = FACE_BOUND('',#1271,.F.);
#1271 = EDGE_LOOP('',(#1272,#1305));
#1272 = ORIENTED_EDGE('',*,*,#1273,.T.);
#1273 = EDGE_CURVE('',#1274,#870,#1276,.T.);
#1274 = VERTEX_POINT('',#1275);
#1275 = CARTESIAN_POINT('',(-18.64807007586,107.60714678807,63.));
#1276 = SURFACE_CURVE('',#1277,(#1282,#1293),.PCURVE_S1.);
#1277 = CIRCLE('',#1278,2.);
#1278 = AXIS2_PLACEMENT_3D('',#1279,#1280,#1281);
#1279 = CARTESIAN_POINT('',(-18.,105.71505662723,63.));
#1280 = DIRECTION('',(0.,0.,-1.));
#1281 = DIRECTION('',(-0.324035037935,0.946045080422,0.));
#1282 = PCURVE('',#67,#1283);
#1283 = DEFINITIONAL_REPRESENTATION('',(#1284),#1292);
#1284 = ( BOUNDED_CURVE() B_SPLINE_CURVE(2,(#1285,#1286,#1287,#1288,
#1289,#1290,#1291),.UNSPECIFIED.,.T.,.F.) B_SPLINE_CURVE_WITH_KNOTS((1,2
    ,2,2,2,1),(-2.094395102393,0.,2.094395102393,4.188790204786,
6.28318530718,8.377580409573),.UNSPECIFIED.) CURVE() 
GEOMETRIC_REPRESENTATION_ITEM() RATIONAL_B_SPLINE_CURVE((1.,0.5,1.,0.5,
1.,0.5,1.)) REPRESENTATION_ITEM('') );
#1285 = CARTESIAN_POINT('',(1.451930024131,32.992090260844));
#1286 = CARTESIAN_POINT('',(4.729126315214,34.114580559115));
#1287 = CARTESIAN_POINT('',(4.062633283476,30.715200168713));
#1288 = CARTESIAN_POINT('',(3.396140251738,27.315819778312));
#1289 = CARTESIAN_POINT('',(0.785436992393,29.592709870443));
#1290 = CARTESIAN_POINT('',(-1.825266266952,31.869599962574));
#1291 = CARTESIAN_POINT('',(1.451930024131,32.992090260844));
#1292 = ( GEOMETRIC_REPRESENTATION_CONTEXT(2) 
PARAMETRIC_REPRESENTATION_CONTEXT() REPRESENTATION_CONTEXT('2D SPACE',''
  ) );
#1293 = PCURVE('',#1294,#1299);
#1294 = CYLINDRICAL_SURFACE('',#1295,2.);
#1295 = AXIS2_PLACEMENT_3D('',#1296,#1297,#1298);
#1296 = CARTESIAN_POINT('',(-18.,105.71505662723,130.41650415733));
#1297 = DIRECTION('',(0.,0.,-1.));
#1298 = DIRECTION('',(-0.324035037935,0.946045080422,0.));
#1299 = DEFINITIONAL_REPRESENTATION('',(#1300),#1304);
#1300 = LINE('',#1301,#1302);
#1301 = CARTESIAN_POINT('',(0.,67.416504157339));
#1302 = VECTOR('',#1303,1.);
#1303 = DIRECTION('',(1.,0.));
#1304 = ( GEOMETRIC_REPRESENTATION_CONTEXT(2) 
PARAMETRIC_REPRESENTATION_CONTEXT() REPRESENTATION_CONTEXT('2D SPACE',''
  ) );
#1305 = ORIENTED_EDGE('',*,*,#1306,.T.);
#1306 = EDGE_CURVE('',#870,#1274,#1307,.T.);
#1307 = SURFACE_CURVE('',#1308,(#1313,#1324),.PCURVE_S1.);
#1308 = CIRCLE('',#1309,2.);
#1309 = AXIS2_PLACEMENT_3D('',#1310,#1311,#1312);
#1310 = CARTESIAN_POINT('',(-18.,105.71505662723,63.));
#1311 = DIRECTION('',(0.,0.,-1.));
#1312 = DIRECTION('',(-0.324035037935,0.946045080422,0.));
#1313 = PCURVE('',#67,#1314);
#1314 = DEFINITIONAL_REPRESENTATION('',(#1315),#1323);
#1315 = ( BOUNDED_CURVE() B_SPLINE_CURVE(2,(#1316,#1317,#1318,#1319,
#1320,#1321,#1322),.UNSPECIFIED.,.T.,.F.) B_SPLINE_CURVE_WITH_KNOTS((1,2
    ,2,2,2,1),(-2.094395102393,0.,2.094395102393,4.188790204786,
6.28318530718,8.377580409573),.UNSPECIFIED.) CURVE() 
GEOMETRIC_REPRESENTATION_ITEM() RATIONAL_B_SPLINE_CURVE((1.,0.5,1.,0.5,
1.,0.5,1.)) REPRESENTATION_ITEM('') );
#1316 = CARTESIAN_POINT('',(1.451930024131,32.992090260844));
#1317 = CARTESIAN_POINT('',(4.729126315214,34.114580559115));
#1318 = CARTESIAN_POINT('',(4.062633283476,30.715200168713));
#1319 = CARTESIAN_POINT('',(3.396140251738,27.315819778312));
#1320 = CARTESIAN_POINT('',(0.785436992393,29.592709870443));
#1321 = CARTESIAN_POINT('',(-1.825266266952,31.869599962574));
#1322 = CARTESIAN_POINT('',(1.451930024131,32.992090260844));
#1323 = ( GEOMETRIC_REPRESENTATION_CONTEXT(2) 
PARAMETRIC_REPRESENTATION_CONTEXT() REPRESENTATION_CONTEXT('2D SPACE',''
  ) );
#1324 = PCURVE('',#1294,#1325);
#1325 = DEFINITIONAL_REPRESENTATION('',(#1326),#1330);
#1326 = LINE('',#1327,#1328);
#1327 = CARTESIAN_POINT('',(0.,67.416504157339));
#1328 = VECTOR('',#1329,1.);
#1329 = DIRECTION('',(1.,0.));
#1330 = ( GEOMETRIC_REPRESENTATION_CONTEXT(2) 
PARAMETRIC_REPRESENTATION_CONTEXT() REPRESENTATION_CONTEXT('2D SPACE',''
  ) );
#1331 = ADVANCED_FACE('',(#1332),#145,.F.);
#1332 = FACE_BOUND('',#1333,.F.);
#1333 = EDGE_LOOP('',(#1334,#1335,#1336,#1337));
#1334 = ORIENTED_EDGE('',*,*,#129,.F.);
#1335 = ORIENTED_EDGE('',*,*,#1252,.F.);
#1336 = ORIENTED_EDGE('',*,*,#849,.T.);
#1337 = ORIENTED_EDGE('',*,*,#422,.F.);
#1338 = ADVANCED_FACE('',(#1339),#211,.T.);
#1339 = FACE_BOUND('',#1340,.T.);
#1340 = EDGE_LOOP('',(#1341,#1359,#1360,#1380,#1526,#1576,#1594));
#1341 = ORIENTED_EDGE('',*,*,#1342,.F.);
#1342 = EDGE_CURVE('',#196,#1080,#1343,.T.);
#1343 = SURFACE_CURVE('',#1344,(#1347,#1353),.PCURVE_S1.);
#1344 = B_SPLINE_CURVE_WITH_KNOTS('',1,(#1345,#1346),.UNSPECIFIED.,.F.,
  .F.,(2,2),(1.E-01,5.1),.PIECEWISE_BEZIER_KNOTS.);
#1345 = CARTESIAN_POINT('',(-15.,109.21505662723,73.));
#1346 = CARTESIAN_POINT('',(-20.,109.21505662723,73.));
#1347 = PCURVE('',#211,#1348);
#1348 = DEFINITIONAL_REPRESENTATION('',(#1349),#1352);
#1349 = B_SPLINE_CURVE_WITH_KNOTS('',1,(#1350,#1351),.UNSPECIFIED.,.F.,
  .F.,(2,2),(1.E-01,5.1),.PIECEWISE_BEZIER_KNOTS.);
#1350 = CARTESIAN_POINT('',(0.,1.E-01));
#1351 = CARTESIAN_POINT('',(0.,5.1));
#1352 = ( GEOMETRIC_REPRESENTATION_CONTEXT(2) 
PARAMETRIC_REPRESENTATION_CONTEXT() REPRESENTATION_CONTEXT('2D SPACE',''
  ) );
#1353 = PCURVE('',#236,#1354);
#1354 = DEFINITIONAL_REPRESENTATION('',(#1355),#1358);
#1355 = B_SPLINE_CURVE_WITH_KNOTS('',1,(#1356,#1357),.UNSPECIFIED.,.F.,
  .F.,(2,2),(1.E-01,5.1),.PIECEWISE_BEZIER_KNOTS.);
#1356 = CARTESIAN_POINT('',(9.,-1.E-01));
#1357 = CARTESIAN_POINT('',(9.,-5.1));
#1358 = ( GEOMETRIC_REPRESENTATION_CONTEXT(2) 
PARAMETRIC_REPRESENTATION_CONTEXT() REPRESENTATION_CONTEXT('2D SPACE',''
  ) );
#1359 = ORIENTED_EDGE('',*,*,#195,.T.);
#1360 = ORIENTED_EDGE('',*,*,#1361,.T.);
#1361 = EDGE_CURVE('',#198,#1362,#1364,.T.);
#1362 = VERTEX_POINT('',#1363);
#1363 = CARTESIAN_POINT('',(-16.06350832689,106.21505662723,73.));
#1364 = SURFACE_CURVE('',#1365,(#1368,#1374),.PCURVE_S1.);
#1365 = B_SPLINE_CURVE_WITH_KNOTS('',1,(#1366,#1367),.UNSPECIFIED.,.F.,
  .F.,(2,2),(1.E-01,5.1),.PIECEWISE_BEZIER_KNOTS.);
#1366 = CARTESIAN_POINT('',(-15.,106.21505662723,73.));
#1367 = CARTESIAN_POINT('',(-20.,106.21505662723,73.));
#1368 = PCURVE('',#211,#1369);
#1369 = DEFINITIONAL_REPRESENTATION('',(#1370),#1373);
#1370 = B_SPLINE_CURVE_WITH_KNOTS('',1,(#1371,#1372),.UNSPECIFIED.,.F.,
  .F.,(2,2),(1.E-01,5.1),.PIECEWISE_BEZIER_KNOTS.);
#1371 = CARTESIAN_POINT('',(3.,1.E-01));
#1372 = CARTESIAN_POINT('',(3.,5.1));
#1373 = ( GEOMETRIC_REPRESENTATION_CONTEXT(2) 
PARAMETRIC_REPRESENTATION_CONTEXT() REPRESENTATION_CONTEXT('2D SPACE',''
  ) );
#1374 = PCURVE('',#284,#1375);
#1375 = DEFINITIONAL_REPRESENTATION('',(#1376),#1379);
#1376 = B_SPLINE_CURVE_WITH_KNOTS('',1,(#1377,#1378),.UNSPECIFIED.,.F.,
  .F.,(2,2),(1.E-01,5.1),.PIECEWISE_BEZIER_KNOTS.);
#1377 = CARTESIAN_POINT('',(9.,-1.E-01));
#1378 = CARTESIAN_POINT('',(9.,-5.1));
#1379 = ( GEOMETRIC_REPRESENTATION_CONTEXT(2) 
PARAMETRIC_REPRESENTATION_CONTEXT() REPRESENTATION_CONTEXT('2D SPACE',''
  ) );
#1380 = ORIENTED_EDGE('',*,*,#1381,.T.);
#1381 = EDGE_CURVE('',#1362,#1382,#1384,.T.);
#1382 = VERTEX_POINT('',#1383);
#1383 = CARTESIAN_POINT('',(-18.64807007586,107.60714678807,73.));
#1384 = SURFACE_CURVE('',#1385,(#1430,#1478),.PCURVE_S1.);
#1385 = B_SPLINE_CURVE_WITH_KNOTS('',8,(#1386,#1387,#1388,#1389,#1390,
    #1391,#1392,#1393,#1394,#1395,#1396,#1397,#1398,#1399,#1400,#1401,
    #1402,#1403,#1404,#1405,#1406,#1407,#1408,#1409,#1410,#1411,#1412,
    #1413,#1414,#1415,#1416,#1417,#1418,#1419,#1420,#1421,#1422,#1423,
    #1424,#1425,#1426,#1427,#1428,#1429),.UNSPECIFIED.,.F.,.F.,(9,7,7,7,
    7,7,9),(0.,0.10133663574,0.208745371119,0.244678497057,
    0.273924568904,0.80230473324,1.),.UNSPECIFIED.);
#1386 = CARTESIAN_POINT('',(-16.06350832689,106.21505662723,73.));
#1387 = CARTESIAN_POINT('',(-16.07394497037,106.25547757361,73.));
#1388 = CARTESIAN_POINT('',(-16.08534587929,106.29564960515,73.));
#1389 = CARTESIAN_POINT('',(-16.09770410084,106.33554580643,73.));
#1390 = CARTESIAN_POINT('',(-16.11101180794,106.37513956743,73.));
#1391 = CARTESIAN_POINT('',(-16.12526029928,106.41440458352,73.));
#1392 = CARTESIAN_POINT('',(-16.14043999928,106.45331485551,73.));
#1393 = CARTESIAN_POINT('',(-16.15654045809,106.49184468958,73.));
#1394 = CARTESIAN_POINT('',(-16.19157947941,106.57037709881,73.));
#1395 = CARTESIAN_POINT('',(-16.21063035045,106.6103297075,73.));
#1396 = CARTESIAN_POINT('',(-16.23068946835,106.64979628521,73.));
#1397 = CARTESIAN_POINT('',(-16.2517423155,106.68874716227,73.));
#1398 = CARTESIAN_POINT('',(-16.27377335302,106.72715323759,73.));
#1399 = CARTESIAN_POINT('',(-16.29676602078,106.76498597861,73.));
#1400 = CARTESIAN_POINT('',(-16.32070273742,106.80221742136,73.));
#1401 = CARTESIAN_POINT('',(-16.35388242893,106.85106546111,73.));
#1402 = CARTESIAN_POINT('',(-16.36230353881,106.86324039538,73.));
#1403 = CARTESIAN_POINT('',(-16.37082753537,106.8753439506,73.));
#1404 = CARTESIAN_POINT('',(-16.37945371215,106.88737511278,73.));
#1405 = CARTESIAN_POINT('',(-16.38818135085,106.89933287648,73.));
#1406 = CARTESIAN_POINT('',(-16.3970097213,106.91121624485,73.));
#1407 = CARTESIAN_POINT('',(-16.40593808148,106.9230242296,73.));
#1408 = CARTESIAN_POINT('',(-16.42231326322,106.94430425059,73.));
#1409 = CARTESIAN_POINT('',(-16.42972658669,106.95380206446,73.));
#1410 = CARTESIAN_POINT('',(-16.43720524151,106.96324876449,73.));
#1411 = CARTESIAN_POINT('',(-16.44474881629,106.97264382658,73.));
#1412 = CARTESIAN_POINT('',(-16.45235689461,106.98198673067,73.));
#1413 = CARTESIAN_POINT('',(-16.46002905509,106.99127696073,73.));
#1414 = CARTESIAN_POINT('',(-16.46776487133,107.00051400476,73.));
#1415 = CARTESIAN_POINT('',(-16.61646688138,107.17561023466,73.));
#1416 = CARTESIAN_POINT('',(-16.77812807477,107.32413995675,73.));
#1417 = CARTESIAN_POINT('',(-16.95787323771,107.45201245761,73.));
#1418 = CARTESIAN_POINT('',(-17.15255476108,107.55676760567,73.));
#1419 = CARTESIAN_POINT('',(-17.35876142659,107.63647749821,73.));
#1420 = CARTESIAN_POINT('',(-17.57280975467,107.68980486848,73.));
#1421 = CARTESIAN_POINT('',(-17.79078268647,107.71595829785,73.));
#1422 = CARTESIAN_POINT('',(-18.089889321,107.71469474144,73.));
#1423 = CARTESIAN_POINT('',(-18.17131520159,107.71056051972,73.));
#1424 = CARTESIAN_POINT('',(-18.2525186839,107.70263711719,73.));
#1425 = CARTESIAN_POINT('',(-18.33329389199,107.69093883502,73.));
#1426 = CARTESIAN_POINT('',(-18.41343700358,107.67549324515,73.));
#1427 = CARTESIAN_POINT('',(-18.49274642785,107.65634116065,73.));
#1428 = CARTESIAN_POINT('',(-18.57102298335,107.63353660613,73.));
#1429 = CARTESIAN_POINT('',(-18.64807007586,107.60714678807,73.));
#1430 = PCURVE('',#211,#1431);
#1431 = DEFINITIONAL_REPRESENTATION('',(#1432),#1477);
#1432 = B_SPLINE_CURVE_WITH_KNOTS('',8,(#1433,#1434,#1435,#1436,#1437,
    #1438,#1439,#1440,#1441,#1442,#1443,#1444,#1445,#1446,#1447,#1448,
    #1449,#1450,#1451,#1452,#1453,#1454,#1455,#1456,#1457,#1458,#1459,
    #1460,#1461,#1462,#1463,#1464,#1465,#1466,#1467,#1468,#1469,#1470,
    #1471,#1472,#1473,#1474,#1475,#1476),.UNSPECIFIED.,.F.,.F.,(9,7,7,7,
    7,7,9),(0.,0.10133663574,0.208745371119,0.244678497057,
    0.273924568904,0.80230473324,1.),.UNSPECIFIED.);
#1433 = CARTESIAN_POINT('',(3.,1.163508326896));
#1434 = CARTESIAN_POINT('',(2.959579053619,1.173944970374));
#1435 = CARTESIAN_POINT('',(2.919407022077,1.185345879293));
#1436 = CARTESIAN_POINT('',(2.879510820798,1.19770410084));
#1437 = CARTESIAN_POINT('',(2.839917059802,1.211011807946));
#1438 = CARTESIAN_POINT('',(2.800652043706,1.225260299287));
#1439 = CARTESIAN_POINT('',(2.761741771718,1.240439999283));
#1440 = CARTESIAN_POINT('',(2.723211937646,1.256540458098));
#1441 = CARTESIAN_POINT('',(2.644679528424,1.291579479418));
#1442 = CARTESIAN_POINT('',(2.604726919728,1.31063035045));
#1443 = CARTESIAN_POINT('',(2.565260342019,1.330689468354));
#1444 = CARTESIAN_POINT('',(2.526309464956,1.351742315504));
#1445 = CARTESIAN_POINT('',(2.487903389639,1.373773353023));
#1446 = CARTESIAN_POINT('',(2.450070648615,1.396766020788));
#1447 = CARTESIAN_POINT('',(2.412839205872,1.420702737425));
#1448 = CARTESIAN_POINT('',(2.36399116612,1.453882428933));
#1449 = CARTESIAN_POINT('',(2.351816231853,1.462303538816));
#1450 = CARTESIAN_POINT('',(2.339712676625,1.470827535372));
#1451 = CARTESIAN_POINT('',(2.327681514446,1.479453712153));
#1452 = CARTESIAN_POINT('',(2.315723750747,1.488181350851));
#1453 = CARTESIAN_POINT('',(2.303840382382,1.497009721303));
#1454 = CARTESIAN_POINT('',(2.292032397629,1.505938081486));
#1455 = CARTESIAN_POINT('',(2.270752376637,1.522313263222));
#1456 = CARTESIAN_POINT('',(2.261254562774,1.529726586691));
#1457 = CARTESIAN_POINT('',(2.251807862741,1.537205241517));
#1458 = CARTESIAN_POINT('',(2.242412800646,1.544748816292));
#1459 = CARTESIAN_POINT('',(2.233069896555,1.552356894615));
#1460 = CARTESIAN_POINT('',(2.223779666501,1.560029055092));
#1461 = CARTESIAN_POINT('',(2.214542622475,1.567764871334));
#1462 = CARTESIAN_POINT('',(2.039446392565,1.716466881384));
#1463 = CARTESIAN_POINT('',(1.89091667048,1.878128074772));
#1464 = CARTESIAN_POINT('',(1.76304416962,2.057873237713));
#1465 = CARTESIAN_POINT('',(1.658289021561,2.252554761088));
#1466 = CARTESIAN_POINT('',(1.578579129022,2.458761426589));
#1467 = CARTESIAN_POINT('',(1.525251758751,2.672809754674));
#1468 = CARTESIAN_POINT('',(1.499098329375,2.890782686476));
#1469 = CARTESIAN_POINT('',(1.500361885789,3.189889321008));
#1470 = CARTESIAN_POINT('',(1.504496107514,3.271315201599));
#1471 = CARTESIAN_POINT('',(1.512419510038,3.3525186839));
#1472 = CARTESIAN_POINT('',(1.524117792205,3.433293891993));
#1473 = CARTESIAN_POINT('',(1.53956338208,3.51343700358));
#1474 = CARTESIAN_POINT('',(1.558715466579,3.592746427851));
#1475 = CARTESIAN_POINT('',(1.5815200211,3.671022983356));
#1476 = CARTESIAN_POINT('',(1.607909839156,3.748070075869));
#1477 = ( GEOMETRIC_REPRESENTATION_CONTEXT(2) 
PARAMETRIC_REPRESENTATION_CONTEXT() REPRESENTATION_CONTEXT('2D SPACE',''
  ) );
#1478 = PCURVE('',#1294,#1479);
#1479 = DEFINITIONAL_REPRESENTATION('',(#1480),#1525);
#1480 = B_SPLINE_CURVE_WITH_KNOTS('',8,(#1481,#1482,#1483,#1484,#1485,
    #1486,#1487,#1488,#1489,#1490,#1491,#1492,#1493,#1494,#1495,#1496,
    #1497,#1498,#1499,#1500,#1501,#1502,#1503,#1504,#1505,#1506,#1507,
    #1508,#1509,#1510,#1511,#1512,#1513,#1514,#1515,#1516,#1517,#1518,
    #1519,#1520,#1521,#1522,#1523,#1524),.UNSPECIFIED.,.F.,.F.,(9,7,7,7,
    7,7,9),(0.,0.10133663574,0.208745371119,0.244678497057,
    0.273924568904,0.80230473324,1.),.UNSPECIFIED.);
#1481 = CARTESIAN_POINT('',(1.648107625468,57.416504157339));
#1482 = CARTESIAN_POINT('',(1.627234338511,57.416504157339));
#1483 = CARTESIAN_POINT('',(1.606361043018,57.416504157339));
#1484 = CARTESIAN_POINT('',(1.585487741791,57.416504157339));
#1485 = CARTESIAN_POINT('',(1.564614437656,57.416504157339));
#1486 = CARTESIAN_POINT('',(1.543741133464,57.416504157339));
#1487 = CARTESIAN_POINT('',(1.522867832089,57.416504157339));
#1488 = CARTESIAN_POINT('',(1.501994536427,57.416504157339));
#1489 = CARTESIAN_POINT('',(1.458997233275,57.416504157339));
#1490 = CARTESIAN_POINT('',(1.436873205784,57.416504157339));
#1491 = CARTESIAN_POINT('',(1.414749170622,57.416504157339));
#1492 = CARTESIAN_POINT('',(1.392625131536,57.416504157339));
#1493 = CARTESIAN_POINT('',(1.370501092326,57.416504157339));
#1494 = CARTESIAN_POINT('',(1.348377056846,57.416504157339));
#1495 = CARTESIAN_POINT('',(1.326253029002,57.416504157339));
#1496 = CARTESIAN_POINT('',(1.296727519201,57.416504157339));
#1497 = CARTESIAN_POINT('',(1.289326025592,57.416504157339));
#1498 = CARTESIAN_POINT('',(1.281924531941,57.416504157339));
#1499 = CARTESIAN_POINT('',(1.274523038262,57.416504157339));
#1500 = CARTESIAN_POINT('',(1.267121544572,57.416504157339));
#1501 = CARTESIAN_POINT('',(1.259720050886,57.416504157339));
#1502 = CARTESIAN_POINT('',(1.25231855722,57.416504157339));
#1503 = CARTESIAN_POINT('',(1.238892967193,57.416504157339));
#1504 = CARTESIAN_POINT('',(1.232868870771,57.416504157339));
#1505 = CARTESIAN_POINT('',(1.226844774328,57.416504157339));
#1506 = CARTESIAN_POINT('',(1.220820677871,57.416504157339));
#1507 = CARTESIAN_POINT('',(1.214796581405,57.416504157339));
#1508 = CARTESIAN_POINT('',(1.208772484935,57.416504157339));
#1509 = CARTESIAN_POINT('',(1.202748388467,57.416504157339));
#1510 = CARTESIAN_POINT('',(1.087888715907,57.416504157339));
#1511 = CARTESIAN_POINT('',(0.978959556708,57.416504157339));
#1512 = CARTESIAN_POINT('',(0.870084469477,57.416504157339));
#1513 = CARTESIAN_POINT('',(0.761245977065,57.416504157339));
#1514 = CARTESIAN_POINT('',(0.652407152665,57.416504157339));
#1515 = CARTESIAN_POINT('',(0.5435312646,57.416504157339));
#1516 = CARTESIAN_POINT('',(0.434601169117,57.416504157339));
#1517 = CARTESIAN_POINT('',(0.285046517404,57.416504157339));
#1518 = CARTESIAN_POINT('',(0.244325203667,57.416504157339));
#1519 = CARTESIAN_POINT('',(0.203604197971,57.416504157339));
#1520 = CARTESIAN_POINT('',(0.162883575205,57.416504157339));
#1521 = CARTESIAN_POINT('',(0.122162950791,57.416504157339));
#1522 = CARTESIAN_POINT('',(8.144194116515E-02,57.416504157339));
#1523 = CARTESIAN_POINT('',(4.072062426416E-02,57.416504157339));
#1524 = CARTESIAN_POINT('',(0.,57.416504157339));
#1525 = ( GEOMETRIC_REPRESENTATION_CONTEXT(2) 
PARAMETRIC_REPRESENTATION_CONTEXT() REPRESENTATION_CONTEXT('2D SPACE',''
  ) );
#1526 = ORIENTED_EDGE('',*,*,#1527,.T.);
#1527 = EDGE_CURVE('',#1382,#1528,#1530,.T.);
#1528 = VERTEX_POINT('',#1529);
#1529 = CARTESIAN_POINT('',(-19.9364916731,106.21505662723,73.));
#1530 = SURFACE_CURVE('',#1531,(#1544,#1560),.PCURVE_S1.);
#1531 = B_SPLINE_CURVE_WITH_KNOTS('',6,(#1532,#1533,#1534,#1535,#1536,
    #1537,#1538,#1539,#1540,#1541,#1542,#1543),.UNSPECIFIED.,.F.,.F.,(7,
    5,7),(0.,0.477020298439,1.),.UNSPECIFIED.);
#1532 = CARTESIAN_POINT('',(-18.64807007586,107.60714678807,73.));
#1533 = CARTESIAN_POINT('',(-18.79670553061,107.55623685131,73.));
#1534 = CARTESIAN_POINT('',(-18.94055816959,107.49130979978,73.));
#1535 = CARTESIAN_POINT('',(-19.07793885273,107.41293802243,73.));
#1536 = CARTESIAN_POINT('',(-19.20731249998,107.32195463708,73.));
#1537 = CARTESIAN_POINT('',(-19.32727239025,107.21939449391,73.));
#1538 = CARTESIAN_POINT('',(-19.55642412237,106.98281608234,73.));
#1539 = CARTESIAN_POINT('',(-19.6634977927,106.84668499963,73.));
#1540 = CARTESIAN_POINT('',(-19.7561537925,106.69983719413,73.));
#1541 = CARTESIAN_POINT('',(-19.83312291796,106.54419321936,73.));
#1542 = CARTESIAN_POINT('',(-19.89342902135,106.3818375603,73.));
#1543 = CARTESIAN_POINT('',(-19.9364916731,106.21505662723,73.));
#1544 = PCURVE('',#211,#1545);
#1545 = DEFINITIONAL_REPRESENTATION('',(#1546),#1559);
#1546 = B_SPLINE_CURVE_WITH_KNOTS('',6,(#1547,#1548,#1549,#1550,#1551,
    #1552,#1553,#1554,#1555,#1556,#1557,#1558),.UNSPECIFIED.,.F.,.F.,(7,
    5,7),(0.,0.477020298439,1.),.UNSPECIFIED.);
#1547 = CARTESIAN_POINT('',(1.607909839156,3.748070075869));
#1548 = CARTESIAN_POINT('',(1.658819775916,3.896705530612));
#1549 = CARTESIAN_POINT('',(1.72374682745,4.040558169593));
#1550 = CARTESIAN_POINT('',(1.802118604796,4.177938852733));
#1551 = CARTESIAN_POINT('',(1.89310199015,4.307312499982));
#1552 = CARTESIAN_POINT('',(1.995662133324,4.427272390257));
#1553 = CARTESIAN_POINT('',(2.232240544891,4.656424122373));
#1554 = CARTESIAN_POINT('',(2.368371627596,4.763497792704));
#1555 = CARTESIAN_POINT('',(2.515219433096,4.856153792504));
#1556 = CARTESIAN_POINT('',(2.670863407869,4.933122917963));
#1557 = CARTESIAN_POINT('',(2.83321906693,4.993429021354));
#1558 = CARTESIAN_POINT('',(3.,5.036491673104));
#1559 = ( GEOMETRIC_REPRESENTATION_CONTEXT(2) 
PARAMETRIC_REPRESENTATION_CONTEXT() REPRESENTATION_CONTEXT('2D SPACE',''
  ) );
#1560 = PCURVE('',#1294,#1561);
#1561 = DEFINITIONAL_REPRESENTATION('',(#1562),#1575);
#1562 = B_SPLINE_CURVE_WITH_KNOTS('',6,(#1563,#1564,#1565,#1566,#1567,
    #1568,#1569,#1570,#1571,#1572,#1573,#1574),.UNSPECIFIED.,.F.,.F.,(7,
    5,7),(0.,0.477020298439,1.),.UNSPECIFIED.);
#1563 = CARTESIAN_POINT('',(6.28318530718,57.416504157339));
#1564 = CARTESIAN_POINT('',(6.204629085167,57.416504157339));
#1565 = CARTESIAN_POINT('',(6.126064338164,57.416504157339));
#1566 = CARTESIAN_POINT('',(6.047509426095,57.416504157339));
#1567 = CARTESIAN_POINT('',(5.968954626415,57.416504157339));
#1568 = CARTESIAN_POINT('',(5.890390107452,57.416504157339));
#1569 = CARTESIAN_POINT('',(5.725708702042,57.416504157339));
#1570 = CARTESIAN_POINT('',(5.639570182361,57.416504157339));
#1571 = CARTESIAN_POINT('',(5.553447128275,57.416504157339));
#1572 = CARTESIAN_POINT('',(5.467324247066,57.416504157339));
#1573 = CARTESIAN_POINT('',(5.381186092841,57.416504157339));
#1574 = CARTESIAN_POINT('',(5.295060789342,57.416504157339));
#1575 = ( GEOMETRIC_REPRESENTATION_CONTEXT(2) 
PARAMETRIC_REPRESENTATION_CONTEXT() REPRESENTATION_CONTEXT('2D SPACE',''
  ) );
#1576 = ORIENTED_EDGE('',*,*,#1577,.T.);
#1577 = EDGE_CURVE('',#1528,#1082,#1578,.T.);
#1578 = SURFACE_CURVE('',#1579,(#1582,#1588),.PCURVE_S1.);
#1579 = B_SPLINE_CURVE_WITH_KNOTS('',1,(#1580,#1581),.UNSPECIFIED.,.F.,
  .F.,(2,2),(1.E-01,5.1),.PIECEWISE_BEZIER_KNOTS.);
#1580 = CARTESIAN_POINT('',(-15.,106.21505662723,73.));
#1581 = CARTESIAN_POINT('',(-20.,106.21505662723,73.));
#1582 = PCURVE('',#211,#1583);
#1583 = DEFINITIONAL_REPRESENTATION('',(#1584),#1587);
#1584 = B_SPLINE_CURVE_WITH_KNOTS('',1,(#1585,#1586),.UNSPECIFIED.,.F.,
  .F.,(2,2),(1.E-01,5.1),.PIECEWISE_BEZIER_KNOTS.);
#1585 = CARTESIAN_POINT('',(3.,1.E-01));
#1586 = CARTESIAN_POINT('',(3.,5.1));
#1587 = ( GEOMETRIC_REPRESENTATION_CONTEXT(2) 
PARAMETRIC_REPRESENTATION_CONTEXT() REPRESENTATION_CONTEXT('2D SPACE',''
  ) );
#1588 = PCURVE('',#1153,#1589);
#1589 = DEFINITIONAL_REPRESENTATION('',(#1590),#1593);
#1590 = B_SPLINE_CURVE_WITH_KNOTS('',1,(#1591,#1592),.UNSPECIFIED.,.F.,
  .F.,(2,2),(1.E-01,5.1),.PIECEWISE_BEZIER_KNOTS.);
#1591 = CARTESIAN_POINT('',(9.,-1.E-01));
#1592 = CARTESIAN_POINT('',(9.,-5.1));
#1593 = ( GEOMETRIC_REPRESENTATION_CONTEXT(2) 
PARAMETRIC_REPRESENTATION_CONTEXT() REPRESENTATION_CONTEXT('2D SPACE',''
  ) );
#1594 = ORIENTED_EDGE('',*,*,#1079,.F.);
#1595 = ADVANCED_FACE('',(#1596),#236,.F.);
#1596 = FACE_BOUND('',#1597,.F.);
#1597 = EDGE_LOOP('',(#1598,#1599,#1600,#1618));
#1598 = ORIENTED_EDGE('',*,*,#1342,.F.);
#1599 = ORIENTED_EDGE('',*,*,#222,.T.);
#1600 = ORIENTED_EDGE('',*,*,#1601,.T.);
#1601 = EDGE_CURVE('',#223,#1102,#1602,.T.);
#1602 = SURFACE_CURVE('',#1603,(#1606,#1612),.PCURVE_S1.);
#1603 = B_SPLINE_CURVE_WITH_KNOTS('',1,(#1604,#1605),.UNSPECIFIED.,.F.,
  .F.,(2,2),(1.E-01,5.1),.PIECEWISE_BEZIER_KNOTS.);
#1604 = CARTESIAN_POINT('',(-15.,109.21505662723,64.));
#1605 = CARTESIAN_POINT('',(-20.,109.21505662723,64.));
#1606 = PCURVE('',#236,#1607);
#1607 = DEFINITIONAL_REPRESENTATION('',(#1608),#1611);
#1608 = B_SPLINE_CURVE_WITH_KNOTS('',1,(#1609,#1610),.UNSPECIFIED.,.F.,
  .F.,(2,2),(1.E-01,5.1),.PIECEWISE_BEZIER_KNOTS.);
#1609 = CARTESIAN_POINT('',(0.,-1.E-01));
#1610 = CARTESIAN_POINT('',(0.,-5.1));
#1611 = ( GEOMETRIC_REPRESENTATION_CONTEXT(2) 
PARAMETRIC_REPRESENTATION_CONTEXT() REPRESENTATION_CONTEXT('2D SPACE',''
  ) );
#1612 = PCURVE('',#261,#1613);
#1613 = DEFINITIONAL_REPRESENTATION('',(#1614),#1617);
#1614 = B_SPLINE_CURVE_WITH_KNOTS('',1,(#1615,#1616),.UNSPECIFIED.,.F.,
  .F.,(2,2),(1.E-01,5.1),.PIECEWISE_BEZIER_KNOTS.);
#1615 = CARTESIAN_POINT('',(0.,1.E-01));
#1616 = CARTESIAN_POINT('',(0.,5.1));
#1617 = ( GEOMETRIC_REPRESENTATION_CONTEXT(2) 
PARAMETRIC_REPRESENTATION_CONTEXT() REPRESENTATION_CONTEXT('2D SPACE',''
  ) );
#1618 = ORIENTED_EDGE('',*,*,#1101,.F.);
#1619 = ADVANCED_FACE('',(#1620),#284,.T.);
#1620 = FACE_BOUND('',#1621,.T.);
#1621 = EDGE_LOOP('',(#1622,#1623,#1624,#1644));
#1622 = ORIENTED_EDGE('',*,*,#1361,.F.);
#1623 = ORIENTED_EDGE('',*,*,#272,.T.);
#1624 = ORIENTED_EDGE('',*,*,#1625,.T.);
#1625 = EDGE_CURVE('',#248,#1626,#1628,.T.);
#1626 = VERTEX_POINT('',#1627);
#1627 = CARTESIAN_POINT('',(-16.06350832689,106.21505662723,64.));
#1628 = SURFACE_CURVE('',#1629,(#1632,#1638),.PCURVE_S1.);
#1629 = B_SPLINE_CURVE_WITH_KNOTS('',1,(#1630,#1631),.UNSPECIFIED.,.F.,
  .F.,(2,2),(1.E-01,5.1),.PIECEWISE_BEZIER_KNOTS.);
#1630 = CARTESIAN_POINT('',(-15.,106.21505662723,64.));
#1631 = CARTESIAN_POINT('',(-20.,106.21505662723,64.));
#1632 = PCURVE('',#284,#1633);
#1633 = DEFINITIONAL_REPRESENTATION('',(#1634),#1637);
#1634 = B_SPLINE_CURVE_WITH_KNOTS('',1,(#1635,#1636),.UNSPECIFIED.,.F.,
  .F.,(2,2),(1.E-01,5.1),.PIECEWISE_BEZIER_KNOTS.);
#1635 = CARTESIAN_POINT('',(0.,-1.E-01));
#1636 = CARTESIAN_POINT('',(0.,-5.1));
#1637 = ( GEOMETRIC_REPRESENTATION_CONTEXT(2) 
PARAMETRIC_REPRESENTATION_CONTEXT() REPRESENTATION_CONTEXT('2D SPACE',''
  ) );
#1638 = PCURVE('',#261,#1639);
#1639 = DEFINITIONAL_REPRESENTATION('',(#1640),#1643);
#1640 = B_SPLINE_CURVE_WITH_KNOTS('',1,(#1641,#1642),.UNSPECIFIED.,.F.,
  .F.,(2,2),(1.E-01,5.1),.PIECEWISE_BEZIER_KNOTS.);
#1641 = CARTESIAN_POINT('',(3.,1.E-01));
#1642 = CARTESIAN_POINT('',(3.,5.1));
#1643 = ( GEOMETRIC_REPRESENTATION_CONTEXT(2) 
PARAMETRIC_REPRESENTATION_CONTEXT() REPRESENTATION_CONTEXT('2D SPACE',''
  ) );
#1644 = ORIENTED_EDGE('',*,*,#1645,.F.);
#1645 = EDGE_CURVE('',#1362,#1626,#1646,.T.);
#1646 = SURFACE_CURVE('',#1647,(#1653,#1662),.PCURVE_S1.);
#1647 = B_SPLINE_CURVE_WITH_KNOTS('',4,(#1648,#1649,#1650,#1651,#1652),
  .UNSPECIFIED.,.F.,.F.,(5,5),(0.,1.),.PIECEWISE_BEZIER_KNOTS.);
#1648 = CARTESIAN_POINT('',(-16.06350832689,106.21505662723,73.));
#1649 = CARTESIAN_POINT('',(-16.06350832689,106.21505662723,70.75));
#1650 = CARTESIAN_POINT('',(-16.06350832689,106.21505662723,68.5));
#1651 = CARTESIAN_POINT('',(-16.06350832689,106.21505662723,66.25));
#1652 = CARTESIAN_POINT('',(-16.06350832689,106.21505662723,64.));
#1653 = PCURVE('',#284,#1654);
#1654 = DEFINITIONAL_REPRESENTATION('',(#1655),#1661);
#1655 = B_SPLINE_CURVE_WITH_KNOTS('',4,(#1656,#1657,#1658,#1659,#1660),
  .UNSPECIFIED.,.F.,.F.,(5,5),(0.,1.),.PIECEWISE_BEZIER_KNOTS.);
#1656 = CARTESIAN_POINT('',(9.,-1.163508326896));
#1657 = CARTESIAN_POINT('',(6.75,-1.163508326896));
#1658 = CARTESIAN_POINT('',(4.5,-1.163508326896));
#1659 = CARTESIAN_POINT('',(2.25,-1.163508326896));
#1660 = CARTESIAN_POINT('',(0.,-1.163508326896));
#1661 = ( GEOMETRIC_REPRESENTATION_CONTEXT(2) 
PARAMETRIC_REPRESENTATION_CONTEXT() REPRESENTATION_CONTEXT('2D SPACE',''
  ) );
#1662 = PCURVE('',#1294,#1663);
#1663 = DEFINITIONAL_REPRESENTATION('',(#1664),#1670);
#1664 = B_SPLINE_CURVE_WITH_KNOTS('',4,(#1665,#1666,#1667,#1668,#1669),
  .UNSPECIFIED.,.F.,.F.,(5,5),(0.,1.),.PIECEWISE_BEZIER_KNOTS.);
#1665 = CARTESIAN_POINT('',(1.648107625468,57.416504157339));
#1666 = CARTESIAN_POINT('',(1.648107625468,59.666504157339));
#1667 = CARTESIAN_POINT('',(1.648107625468,61.916504157339));
#1668 = CARTESIAN_POINT('',(1.648107625468,64.166504157339));
#1669 = CARTESIAN_POINT('',(1.648107625468,66.416504157339));
#1670 = ( GEOMETRIC_REPRESENTATION_CONTEXT(2) 
PARAMETRIC_REPRESENTATION_CONTEXT() REPRESENTATION_CONTEXT('2D SPACE',''
  ) );
#1671 = ADVANCED_FACE('',(#1672),#261,.F.);
#1672 = FACE_BOUND('',#1673,.F.);
#1673 = EDGE_LOOP('',(#1674,#1675,#1676,#1677,#1823,#1873,#1891));
#1674 = ORIENTED_EDGE('',*,*,#1601,.F.);
#1675 = ORIENTED_EDGE('',*,*,#247,.T.);
#1676 = ORIENTED_EDGE('',*,*,#1625,.T.);
#1677 = ORIENTED_EDGE('',*,*,#1678,.T.);
#1678 = EDGE_CURVE('',#1626,#1679,#1681,.T.);
#1679 = VERTEX_POINT('',#1680);
#1680 = CARTESIAN_POINT('',(-18.64807007586,107.60714678807,64.));
#1681 = SURFACE_CURVE('',#1682,(#1727,#1775),.PCURVE_S1.);
#1682 = B_SPLINE_CURVE_WITH_KNOTS('',8,(#1683,#1684,#1685,#1686,#1687,
    #1688,#1689,#1690,#1691,#1692,#1693,#1694,#1695,#1696,#1697,#1698,
    #1699,#1700,#1701,#1702,#1703,#1704,#1705,#1706,#1707,#1708,#1709,
    #1710,#1711,#1712,#1713,#1714,#1715,#1716,#1717,#1718,#1719,#1720,
    #1721,#1722,#1723,#1724,#1725,#1726),.UNSPECIFIED.,.F.,.F.,(9,7,7,7,
    7,7,9),(0.,0.10133663574,0.208745371119,0.244678497057,
    0.273924568904,0.80230473324,1.),.UNSPECIFIED.);
#1683 = CARTESIAN_POINT('',(-16.06350832689,106.21505662723,64.));
#1684 = CARTESIAN_POINT('',(-16.07394497037,106.25547757361,64.));
#1685 = CARTESIAN_POINT('',(-16.08534587929,106.29564960515,64.));
#1686 = CARTESIAN_POINT('',(-16.09770410084,106.33554580643,64.));
#1687 = CARTESIAN_POINT('',(-16.11101180794,106.37513956743,64.));
#1688 = CARTESIAN_POINT('',(-16.12526029928,106.41440458352,64.));
#1689 = CARTESIAN_POINT('',(-16.14043999928,106.45331485551,64.));
#1690 = CARTESIAN_POINT('',(-16.15654045809,106.49184468958,64.));
#1691 = CARTESIAN_POINT('',(-16.19157947941,106.57037709881,64.));
#1692 = CARTESIAN_POINT('',(-16.21063035045,106.6103297075,64.));
#1693 = CARTESIAN_POINT('',(-16.23068946835,106.64979628521,64.));
#1694 = CARTESIAN_POINT('',(-16.2517423155,106.68874716227,64.));
#1695 = CARTESIAN_POINT('',(-16.27377335302,106.72715323759,64.));
#1696 = CARTESIAN_POINT('',(-16.29676602078,106.76498597861,64.));
#1697 = CARTESIAN_POINT('',(-16.32070273742,106.80221742136,64.));
#1698 = CARTESIAN_POINT('',(-16.35388242893,106.85106546111,64.));
#1699 = CARTESIAN_POINT('',(-16.36230353881,106.86324039538,64.));
#1700 = CARTESIAN_POINT('',(-16.37082753537,106.8753439506,64.));
#1701 = CARTESIAN_POINT('',(-16.37945371215,106.88737511278,64.));
#1702 = CARTESIAN_POINT('',(-16.38818135085,106.89933287648,64.));
#1703 = CARTESIAN_POINT('',(-16.3970097213,106.91121624485,64.));
#1704 = CARTESIAN_POINT('',(-16.40593808148,106.9230242296,64.));
#1705 = CARTESIAN_POINT('',(-16.42231326322,106.94430425059,64.));
#1706 = CARTESIAN_POINT('',(-16.42972658669,106.95380206446,64.));
#1707 = CARTESIAN_POINT('',(-16.43720524151,106.96324876449,64.));
#1708 = CARTESIAN_POINT('',(-16.44474881629,106.97264382658,64.));
#1709 = CARTESIAN_POINT('',(-16.45235689461,106.98198673067,64.));
#1710 = CARTESIAN_POINT('',(-16.46002905509,106.99127696073,64.));
#1711 = CARTESIAN_POINT('',(-16.46776487133,107.00051400476,64.));
#1712 = CARTESIAN_POINT('',(-16.61646688138,107.17561023466,64.));
#1713 = CARTESIAN_POINT('',(-16.77812807477,107.32413995675,64.));
#1714 = CARTESIAN_POINT('',(-16.95787323771,107.45201245761,64.));
#1715 = CARTESIAN_POINT('',(-17.15255476108,107.55676760567,64.));
#1716 = CARTESIAN_POINT('',(-17.35876142659,107.63647749821,64.));
#1717 = CARTESIAN_POINT('',(-17.57280975467,107.68980486848,64.));
#1718 = CARTESIAN_POINT('',(-17.79078268647,107.71595829785,64.));
#1719 = CARTESIAN_POINT('',(-18.089889321,107.71469474144,64.));
#1720 = CARTESIAN_POINT('',(-18.17131520159,107.71056051972,64.));
#1721 = CARTESIAN_POINT('',(-18.2525186839,107.70263711719,64.));
#1722 = CARTESIAN_POINT('',(-18.33329389199,107.69093883502,64.));
#1723 = CARTESIAN_POINT('',(-18.41343700358,107.67549324515,64.));
#1724 = CARTESIAN_POINT('',(-18.49274642785,107.65634116065,64.));
#1725 = CARTESIAN_POINT('',(-18.57102298335,107.63353660613,64.));
#1726 = CARTESIAN_POINT('',(-18.64807007586,107.60714678807,64.));
#1727 = PCURVE('',#261,#1728);
#1728 = DEFINITIONAL_REPRESENTATION('',(#1729),#1774);
#1729 = B_SPLINE_CURVE_WITH_KNOTS('',8,(#1730,#1731,#1732,#1733,#1734,
    #1735,#1736,#1737,#1738,#1739,#1740,#1741,#1742,#1743,#1744,#1745,
    #1746,#1747,#1748,#1749,#1750,#1751,#1752,#1753,#1754,#1755,#1756,
    #1757,#1758,#1759,#1760,#1761,#1762,#1763,#1764,#1765,#1766,#1767,
    #1768,#1769,#1770,#1771,#1772,#1773),.UNSPECIFIED.,.F.,.F.,(9,7,7,7,
    7,7,9),(0.,0.10133663574,0.208745371119,0.244678497057,
    0.273924568904,0.80230473324,1.),.UNSPECIFIED.);
#1730 = CARTESIAN_POINT('',(3.,1.163508326896));
#1731 = CARTESIAN_POINT('',(2.959579053619,1.173944970374));
#1732 = CARTESIAN_POINT('',(2.919407022077,1.185345879293));
#1733 = CARTESIAN_POINT('',(2.879510820798,1.19770410084));
#1734 = CARTESIAN_POINT('',(2.839917059802,1.211011807946));
#1735 = CARTESIAN_POINT('',(2.800652043706,1.225260299287));
#1736 = CARTESIAN_POINT('',(2.761741771718,1.240439999283));
#1737 = CARTESIAN_POINT('',(2.723211937646,1.256540458098));
#1738 = CARTESIAN_POINT('',(2.644679528424,1.291579479418));
#1739 = CARTESIAN_POINT('',(2.604726919728,1.31063035045));
#1740 = CARTESIAN_POINT('',(2.565260342019,1.330689468354));
#1741 = CARTESIAN_POINT('',(2.526309464956,1.351742315504));
#1742 = CARTESIAN_POINT('',(2.487903389639,1.373773353023));
#1743 = CARTESIAN_POINT('',(2.450070648615,1.396766020788));
#1744 = CARTESIAN_POINT('',(2.412839205872,1.420702737425));
#1745 = CARTESIAN_POINT('',(2.36399116612,1.453882428933));
#1746 = CARTESIAN_POINT('',(2.351816231853,1.462303538816));
#1747 = CARTESIAN_POINT('',(2.339712676625,1.470827535372));
#1748 = CARTESIAN_POINT('',(2.327681514446,1.479453712153));
#1749 = CARTESIAN_POINT('',(2.315723750747,1.488181350851));
#1750 = CARTESIAN_POINT('',(2.303840382382,1.497009721303));
#1751 = CARTESIAN_POINT('',(2.292032397629,1.505938081486));
#1752 = CARTESIAN_POINT('',(2.270752376637,1.522313263222));
#1753 = CARTESIAN_POINT('',(2.261254562774,1.529726586691));
#1754 = CARTESIAN_POINT('',(2.251807862741,1.537205241517));
#1755 = CARTESIAN_POINT('',(2.242412800646,1.544748816292));
#1756 = CARTESIAN_POINT('',(2.233069896555,1.552356894615));
#1757 = CARTESIAN_POINT('',(2.223779666501,1.560029055092));
#1758 = CARTESIAN_POINT('',(2.214542622475,1.567764871334));
#1759 = CARTESIAN_POINT('',(2.039446392565,1.716466881384));
#1760 = CARTESIAN_POINT('',(1.89091667048,1.878128074772));
#1761 = CARTESIAN_POINT('',(1.76304416962,2.057873237713));
#1762 = CARTESIAN_POINT('',(1.658289021561,2.252554761088));
#1763 = CARTESIAN_POINT('',(1.578579129022,2.458761426589));
#1764 = CARTESIAN_POINT('',(1.525251758751,2.672809754674));
#1765 = CARTESIAN_POINT('',(1.499098329375,2.890782686476));
#1766 = CARTESIAN_POINT('',(1.500361885789,3.189889321008));
#1767 = CARTESIAN_POINT('',(1.504496107514,3.271315201599));
#1768 = CARTESIAN_POINT('',(1.512419510038,3.3525186839));
#1769 = CARTESIAN_POINT('',(1.524117792205,3.433293891993));
#1770 = CARTESIAN_POINT('',(1.53956338208,3.51343700358));
#1771 = CARTESIAN_POINT('',(1.558715466579,3.592746427851));
#1772 = CARTESIAN_POINT('',(1.5815200211,3.671022983356));
#1773 = CARTESIAN_POINT('',(1.607909839156,3.748070075869));
#1774 = ( GEOMETRIC_REPRESENTATION_CONTEXT(2) 
PARAMETRIC_REPRESENTATION_CONTEXT() REPRESENTATION_CONTEXT('2D SPACE',''
  ) );
#1775 = PCURVE('',#1294,#1776);
#1776 = DEFINITIONAL_REPRESENTATION('',(#1777),#1822);
#1777 = B_SPLINE_CURVE_WITH_KNOTS('',8,(#1778,#1779,#1780,#1781,#1782,
    #1783,#1784,#1785,#1786,#1787,#1788,#1789,#1790,#1791,#1792,#1793,
    #1794,#1795,#1796,#1797,#1798,#1799,#1800,#1801,#1802,#1803,#1804,
    #1805,#1806,#1807,#1808,#1809,#1810,#1811,#1812,#1813,#1814,#1815,
    #1816,#1817,#1818,#1819,#1820,#1821),.UNSPECIFIED.,.F.,.F.,(9,7,7,7,
    7,7,9),(0.,0.10133663574,0.208745371119,0.244678497057,
    0.273924568904,0.80230473324,1.),.UNSPECIFIED.);
#1778 = CARTESIAN_POINT('',(1.648107625468,66.416504157339));
#1779 = CARTESIAN_POINT('',(1.627234338511,66.416504157339));
#1780 = CARTESIAN_POINT('',(1.606361043018,66.416504157339));
#1781 = CARTESIAN_POINT('',(1.585487741791,66.416504157339));
#1782 = CARTESIAN_POINT('',(1.564614437656,66.416504157339));
#1783 = CARTESIAN_POINT('',(1.543741133464,66.416504157339));
#1784 = CARTESIAN_POINT('',(1.522867832089,66.416504157339));
#1785 = CARTESIAN_POINT('',(1.501994536427,66.416504157339));
#1786 = CARTESIAN_POINT('',(1.458997233275,66.416504157339));
#1787 = CARTESIAN_POINT('',(1.436873205784,66.416504157339));
#1788 = CARTESIAN_POINT('',(1.414749170622,66.416504157339));
#1789 = CARTESIAN_POINT('',(1.392625131536,66.416504157339));
#1790 = CARTESIAN_POINT('',(1.370501092326,66.416504157339));
#1791 = CARTESIAN_POINT('',(1.348377056846,66.416504157339));
#1792 = CARTESIAN_POINT('',(1.326253029002,66.416504157339));
#1793 = CARTESIAN_POINT('',(1.296727519201,66.416504157339));
#1794 = CARTESIAN_POINT('',(1.289326025592,66.416504157339));
#1795 = CARTESIAN_POINT('',(1.281924531941,66.416504157339));
#1796 = CARTESIAN_POINT('',(1.274523038262,66.416504157339));
#1797 = CARTESIAN_POINT('',(1.267121544572,66.416504157339));
#1798 = CARTESIAN_POINT('',(1.259720050886,66.416504157339));
#1799 = CARTESIAN_POINT('',(1.25231855722,66.416504157339));
#1800 = CARTESIAN_POINT('',(1.238892967193,66.416504157339));
#1801 = CARTESIAN_POINT('',(1.232868870771,66.416504157339));
#1802 = CARTESIAN_POINT('',(1.226844774328,66.416504157339));
#1803 = CARTESIAN_POINT('',(1.220820677871,66.416504157339));
#1804 = CARTESIAN_POINT('',(1.214796581405,66.416504157339));
#1805 = CARTESIAN_POINT('',(1.208772484935,66.416504157339));
#1806 = CARTESIAN_POINT('',(1.202748388467,66.416504157339));
#1807 = CARTESIAN_POINT('',(1.087888715907,66.416504157339));
#1808 = CARTESIAN_POINT('',(0.978959556708,66.416504157339));
#1809 = CARTESIAN_POINT('',(0.870084469477,66.416504157339));
#1810 = CARTESIAN_POINT('',(0.761245977065,66.416504157339));
#1811 = CARTESIAN_POINT('',(0.652407152665,66.416504157339));
#1812 = CARTESIAN_POINT('',(0.5435312646,66.416504157339));
#1813 = CARTESIAN_POINT('',(0.434601169117,66.416504157339));
#1814 = CARTESIAN_POINT('',(0.285046517404,66.416504157339));
#1815 = CARTESIAN_POINT('',(0.244325203667,66.416504157339));
#1816 = CARTESIAN_POINT('',(0.203604197971,66.416504157339));
#1817 = CARTESIAN_POINT('',(0.162883575205,66.416504157339));
#1818 = CARTESIAN_POINT('',(0.122162950791,66.416504157339));
#1819 = CARTESIAN_POINT('',(8.144194116515E-02,66.416504157339));
#1820 = CARTESIAN_POINT('',(4.072062426416E-02,66.416504157339));
#1821 = CARTESIAN_POINT('',(0.,66.416504157339));
#1822 = ( GEOMETRIC_REPRESENTATION_CONTEXT(2) 
PARAMETRIC_REPRESENTATION_CONTEXT() REPRESENTATION_CONTEXT('2D SPACE',''
  ) );
#1823 = ORIENTED_EDGE('',*,*,#1824,.T.);
#1824 = EDGE_CURVE('',#1679,#1825,#1827,.T.);
#1825 = VERTEX_POINT('',#1826);
#1826 = CARTESIAN_POINT('',(-19.9364916731,106.21505662723,64.));
#1827 = SURFACE_CURVE('',#1828,(#1841,#1857),.PCURVE_S1.);
#1828 = B_SPLINE_CURVE_WITH_KNOTS('',6,(#1829,#1830,#1831,#1832,#1833,
    #1834,#1835,#1836,#1837,#1838,#1839,#1840),.UNSPECIFIED.,.F.,.F.,(7,
    5,7),(0.,0.477020298439,1.),.UNSPECIFIED.);
#1829 = CARTESIAN_POINT('',(-18.64807007586,107.60714678807,64.));
#1830 = CARTESIAN_POINT('',(-18.79670553061,107.55623685131,64.));
#1831 = CARTESIAN_POINT('',(-18.94055816959,107.49130979978,64.));
#1832 = CARTESIAN_POINT('',(-19.07793885273,107.41293802243,64.));
#1833 = CARTESIAN_POINT('',(-19.20731249998,107.32195463708,64.));
#1834 = CARTESIAN_POINT('',(-19.32727239025,107.21939449391,64.));
#1835 = CARTESIAN_POINT('',(-19.55642412237,106.98281608234,64.));
#1836 = CARTESIAN_POINT('',(-19.6634977927,106.84668499963,64.));
#1837 = CARTESIAN_POINT('',(-19.7561537925,106.69983719413,64.));
#1838 = CARTESIAN_POINT('',(-19.83312291796,106.54419321936,64.));
#1839 = CARTESIAN_POINT('',(-19.89342902135,106.3818375603,64.));
#1840 = CARTESIAN_POINT('',(-19.9364916731,106.21505662723,64.));
#1841 = PCURVE('',#261,#1842);
#1842 = DEFINITIONAL_REPRESENTATION('',(#1843),#1856);
#1843 = B_SPLINE_CURVE_WITH_KNOTS('',6,(#1844,#1845,#1846,#1847,#1848,
    #1849,#1850,#1851,#1852,#1853,#1854,#1855),.UNSPECIFIED.,.F.,.F.,(7,
    5,7),(0.,0.477020298439,1.),.UNSPECIFIED.);
#1844 = CARTESIAN_POINT('',(1.607909839156,3.748070075869));
#1845 = CARTESIAN_POINT('',(1.658819775916,3.896705530612));
#1846 = CARTESIAN_POINT('',(1.72374682745,4.040558169593));
#1847 = CARTESIAN_POINT('',(1.802118604795,4.177938852733));
#1848 = CARTESIAN_POINT('',(1.89310199015,4.307312499982));
#1849 = CARTESIAN_POINT('',(1.995662133324,4.427272390257));
#1850 = CARTESIAN_POINT('',(2.232240544891,4.656424122373));
#1851 = CARTESIAN_POINT('',(2.368371627596,4.763497792704));
#1852 = CARTESIAN_POINT('',(2.515219433096,4.856153792504));
#1853 = CARTESIAN_POINT('',(2.670863407869,4.933122917963));
#1854 = CARTESIAN_POINT('',(2.83321906693,4.993429021354));
#1855 = CARTESIAN_POINT('',(3.,5.036491673104));
#1856 = ( GEOMETRIC_REPRESENTATION_CONTEXT(2) 
PARAMETRIC_REPRESENTATION_CONTEXT() REPRESENTATION_CONTEXT('2D SPACE',''
  ) );
#1857 = PCURVE('',#1294,#1858);
#1858 = DEFINITIONAL_REPRESENTATION('',(#1859),#1872);
#1859 = B_SPLINE_CURVE_WITH_KNOTS('',6,(#1860,#1861,#1862,#1863,#1864,
    #1865,#1866,#1867,#1868,#1869,#1870,#1871),.UNSPECIFIED.,.F.,.F.,(7,
    5,7),(0.,0.477020298439,1.),.UNSPECIFIED.);
#1860 = CARTESIAN_POINT('',(6.28318530718,66.416504157339));
#1861 = CARTESIAN_POINT('',(6.204629085167,66.416504157339));
#1862 = CARTESIAN_POINT('',(6.126064338164,66.416504157339));
#1863 = CARTESIAN_POINT('',(6.047509426095,66.416504157339));
#1864 = CARTESIAN_POINT('',(5.968954626415,66.416504157339));
#1865 = CARTESIAN_POINT('',(5.890390107452,66.416504157339));
#1866 = CARTESIAN_POINT('',(5.725708702042,66.416504157339));
#1867 = CARTESIAN_POINT('',(5.639570182361,66.416504157339));
#1868 = CARTESIAN_POINT('',(5.553447128275,66.416504157339));
#1869 = CARTESIAN_POINT('',(5.467324247066,66.416504157339));
#1870 = CARTESIAN_POINT('',(5.381186092841,66.416504157339));
#1871 = CARTESIAN_POINT('',(5.295060789342,66.416504157339));
#1872 = ( GEOMETRIC_REPRESENTATION_CONTEXT(2) 
PARAMETRIC_REPRESENTATION_CONTEXT() REPRESENTATION_CONTEXT('2D SPACE',''
  ) );
#1873 = ORIENTED_EDGE('',*,*,#1874,.T.);
#1874 = EDGE_CURVE('',#1825,#1122,#1875,.T.);
#1875 = SURFACE_CURVE('',#1876,(#1879,#1885),.PCURVE_S1.);
#1876 = B_SPLINE_CURVE_WITH_KNOTS('',1,(#1877,#1878),.UNSPECIFIED.,.F.,
  .F.,(2,2),(1.E-01,5.1),.PIECEWISE_BEZIER_KNOTS.);
#1877 = CARTESIAN_POINT('',(-15.,106.21505662723,64.));
#1878 = CARTESIAN_POINT('',(-20.,106.21505662723,64.));
#1879 = PCURVE('',#261,#1880);
#1880 = DEFINITIONAL_REPRESENTATION('',(#1881),#1884);
#1881 = B_SPLINE_CURVE_WITH_KNOTS('',1,(#1882,#1883),.UNSPECIFIED.,.F.,
  .F.,(2,2),(1.E-01,5.1),.PIECEWISE_BEZIER_KNOTS.);
#1882 = CARTESIAN_POINT('',(3.,1.E-01));
#1883 = CARTESIAN_POINT('',(3.,5.1));
#1884 = ( GEOMETRIC_REPRESENTATION_CONTEXT(2) 
PARAMETRIC_REPRESENTATION_CONTEXT() REPRESENTATION_CONTEXT('2D SPACE',''
  ) );
#1885 = PCURVE('',#1153,#1886);
#1886 = DEFINITIONAL_REPRESENTATION('',(#1887),#1890);
#1887 = B_SPLINE_CURVE_WITH_KNOTS('',1,(#1888,#1889),.UNSPECIFIED.,.F.,
  .F.,(2,2),(1.E-01,5.1),.PIECEWISE_BEZIER_KNOTS.);
#1888 = CARTESIAN_POINT('',(0.,-1.E-01));
#1889 = CARTESIAN_POINT('',(0.,-5.1));
#1890 = ( GEOMETRIC_REPRESENTATION_CONTEXT(2) 
PARAMETRIC_REPRESENTATION_CONTEXT() REPRESENTATION_CONTEXT('2D SPACE',''
  ) );
#1891 = ORIENTED_EDGE('',*,*,#1121,.F.);
#1892 = ADVANCED_FACE('',(#1893),#313,.T.);
#1893 = FACE_BOUND('',#1894,.T.);
#1894 = EDGE_LOOP('',(#1895,#1913,#1914,#1932));
#1895 = ORIENTED_EDGE('',*,*,#1896,.F.);
#1896 = EDGE_CURVE('',#298,#1167,#1897,.T.);
#1897 = SURFACE_CURVE('',#1898,(#1901,#1907),.PCURVE_S1.);
#1898 = B_SPLINE_CURVE_WITH_KNOTS('',1,(#1899,#1900),.UNSPECIFIED.,.F.,
  .F.,(2,2),(1.E-01,5.1),.PIECEWISE_BEZIER_KNOTS.);
#1899 = CARTESIAN_POINT('',(-15.,87.215056627234,73.));
#1900 = CARTESIAN_POINT('',(-20.,87.215056627234,73.));
#1901 = PCURVE('',#313,#1902);
#1902 = DEFINITIONAL_REPRESENTATION('',(#1903),#1906);
#1903 = B_SPLINE_CURVE_WITH_KNOTS('',1,(#1904,#1905),.UNSPECIFIED.,.F.,
  .F.,(2,2),(1.E-01,5.1),.PIECEWISE_BEZIER_KNOTS.);
#1904 = CARTESIAN_POINT('',(0.,1.E-01));
#1905 = CARTESIAN_POINT('',(0.,5.1));
#1906 = ( GEOMETRIC_REPRESENTATION_CONTEXT(2) 
PARAMETRIC_REPRESENTATION_CONTEXT() REPRESENTATION_CONTEXT('2D SPACE',''
  ) );
#1907 = PCURVE('',#338,#1908);
#1908 = DEFINITIONAL_REPRESENTATION('',(#1909),#1912);
#1909 = B_SPLINE_CURVE_WITH_KNOTS('',1,(#1910,#1911),.UNSPECIFIED.,.F.,
  .F.,(2,2),(1.E-01,5.1),.PIECEWISE_BEZIER_KNOTS.);
#1910 = CARTESIAN_POINT('',(9.,-1.E-01));
#1911 = CARTESIAN_POINT('',(9.,-5.1));
#1912 = ( GEOMETRIC_REPRESENTATION_CONTEXT(2) 
PARAMETRIC_REPRESENTATION_CONTEXT() REPRESENTATION_CONTEXT('2D SPACE',''
  ) );
#1913 = ORIENTED_EDGE('',*,*,#297,.T.);
#1914 = ORIENTED_EDGE('',*,*,#1915,.T.);
#1915 = EDGE_CURVE('',#300,#1169,#1916,.T.);
#1916 = SURFACE_CURVE('',#1917,(#1920,#1926),.PCURVE_S1.);
#1917 = B_SPLINE_CURVE_WITH_KNOTS('',1,(#1918,#1919),.UNSPECIFIED.,.F.,
  .F.,(2,2),(1.E-01,5.1),.PIECEWISE_BEZIER_KNOTS.);
#1918 = CARTESIAN_POINT('',(-15.,84.215056627234,73.));
#1919 = CARTESIAN_POINT('',(-20.,84.215056627234,73.));
#1920 = PCURVE('',#313,#1921);
#1921 = DEFINITIONAL_REPRESENTATION('',(#1922),#1925);
#1922 = B_SPLINE_CURVE_WITH_KNOTS('',1,(#1923,#1924),.UNSPECIFIED.,.F.,
  .F.,(2,2),(1.E-01,5.1),.PIECEWISE_BEZIER_KNOTS.);
#1923 = CARTESIAN_POINT('',(3.,1.E-01));
#1924 = CARTESIAN_POINT('',(3.,5.1));
#1925 = ( GEOMETRIC_REPRESENTATION_CONTEXT(2) 
PARAMETRIC_REPRESENTATION_CONTEXT() REPRESENTATION_CONTEXT('2D SPACE',''
  ) );
#1926 = PCURVE('',#386,#1927);
#1927 = DEFINITIONAL_REPRESENTATION('',(#1928),#1931);
#1928 = B_SPLINE_CURVE_WITH_KNOTS('',1,(#1929,#1930),.UNSPECIFIED.,.F.,
  .F.,(2,2),(1.E-01,5.1),.PIECEWISE_BEZIER_KNOTS.);
#1929 = CARTESIAN_POINT('',(9.,-1.E-01));
#1930 = CARTESIAN_POINT('',(9.,-5.1));
#1931 = ( GEOMETRIC_REPRESENTATION_CONTEXT(2) 
PARAMETRIC_REPRESENTATION_CONTEXT() REPRESENTATION_CONTEXT('2D SPACE',''
  ) );
#1932 = ORIENTED_EDGE('',*,*,#1166,.F.);
#1933 = ADVANCED_FACE('',(#1934),#338,.F.);
#1934 = FACE_BOUND('',#1935,.F.);
#1935 = EDGE_LOOP('',(#1936,#1937,#1938,#1956));
#1936 = ORIENTED_EDGE('',*,*,#1896,.F.);
#1937 = ORIENTED_EDGE('',*,*,#324,.T.);
#1938 = ORIENTED_EDGE('',*,*,#1939,.T.);
#1939 = EDGE_CURVE('',#325,#1189,#1940,.T.);
#1940 = SURFACE_CURVE('',#1941,(#1944,#1950),.PCURVE_S1.);
#1941 = B_SPLINE_CURVE_WITH_KNOTS('',1,(#1942,#1943),.UNSPECIFIED.,.F.,
  .F.,(2,2),(1.E-01,5.1),.PIECEWISE_BEZIER_KNOTS.);
#1942 = CARTESIAN_POINT('',(-15.,87.215056627234,64.));
#1943 = CARTESIAN_POINT('',(-20.,87.215056627234,64.));
#1944 = PCURVE('',#338,#1945);
#1945 = DEFINITIONAL_REPRESENTATION('',(#1946),#1949);
#1946 = B_SPLINE_CURVE_WITH_KNOTS('',1,(#1947,#1948),.UNSPECIFIED.,.F.,
  .F.,(2,2),(1.E-01,5.1),.PIECEWISE_BEZIER_KNOTS.);
#1947 = CARTESIAN_POINT('',(0.,-1.E-01));
#1948 = CARTESIAN_POINT('',(0.,-5.1));
#1949 = ( GEOMETRIC_REPRESENTATION_CONTEXT(2) 
PARAMETRIC_REPRESENTATION_CONTEXT() REPRESENTATION_CONTEXT('2D SPACE',''
  ) );
#1950 = PCURVE('',#363,#1951);
#1951 = DEFINITIONAL_REPRESENTATION('',(#1952),#1955);
#1952 = B_SPLINE_CURVE_WITH_KNOTS('',1,(#1953,#1954),.UNSPECIFIED.,.F.,
  .F.,(2,2),(1.E-01,5.1),.PIECEWISE_BEZIER_KNOTS.);
#1953 = CARTESIAN_POINT('',(0.,1.E-01));
#1954 = CARTESIAN_POINT('',(0.,5.1));
#1955 = ( GEOMETRIC_REPRESENTATION_CONTEXT(2) 
PARAMETRIC_REPRESENTATION_CONTEXT() REPRESENTATION_CONTEXT('2D SPACE',''
  ) );
#1956 = ORIENTED_EDGE('',*,*,#1188,.F.);
#1957 = ADVANCED_FACE('',(#1958),#386,.T.);
#1958 = FACE_BOUND('',#1959,.T.);
#1959 = EDGE_LOOP('',(#1960,#1961,#1962,#1980));
#1960 = ORIENTED_EDGE('',*,*,#1915,.F.);
#1961 = ORIENTED_EDGE('',*,*,#374,.T.);
#1962 = ORIENTED_EDGE('',*,*,#1963,.T.);
#1963 = EDGE_CURVE('',#350,#1209,#1964,.T.);
#1964 = SURFACE_CURVE('',#1965,(#1968,#1974),.PCURVE_S1.);
#1965 = B_SPLINE_CURVE_WITH_KNOTS('',1,(#1966,#1967),.UNSPECIFIED.,.F.,
  .F.,(2,2),(1.E-01,5.1),.PIECEWISE_BEZIER_KNOTS.);
#1966 = CARTESIAN_POINT('',(-15.,84.215056627234,64.));
#1967 = CARTESIAN_POINT('',(-20.,84.215056627234,64.));
#1968 = PCURVE('',#386,#1969);
#1969 = DEFINITIONAL_REPRESENTATION('',(#1970),#1973);
#1970 = B_SPLINE_CURVE_WITH_KNOTS('',1,(#1971,#1972),.UNSPECIFIED.,.F.,
  .F.,(2,2),(1.E-01,5.1),.PIECEWISE_BEZIER_KNOTS.);
#1971 = CARTESIAN_POINT('',(0.,-1.E-01));
#1972 = CARTESIAN_POINT('',(0.,-5.1));
#1973 = ( GEOMETRIC_REPRESENTATION_CONTEXT(2) 
PARAMETRIC_REPRESENTATION_CONTEXT() REPRESENTATION_CONTEXT('2D SPACE',''
  ) );
#1974 = PCURVE('',#363,#1975);
#1975 = DEFINITIONAL_REPRESENTATION('',(#1976),#1979);
#1976 = B_SPLINE_CURVE_WITH_KNOTS('',1,(#1977,#1978),.UNSPECIFIED.,.F.,
  .F.,(2,2),(1.E-01,5.1),.PIECEWISE_BEZIER_KNOTS.);
#1977 = CARTESIAN_POINT('',(3.,1.E-01));
#1978 = CARTESIAN_POINT('',(3.,5.1));
#1979 = ( GEOMETRIC_REPRESENTATION_CONTEXT(2) 
PARAMETRIC_REPRESENTATION_CONTEXT() REPRESENTATION_CONTEXT('2D SPACE',''
  ) );
#1980 = ORIENTED_EDGE('',*,*,#1228,.F.);
#1981 = ADVANCED_FACE('',(#1982),#363,.F.);
#1982 = FACE_BOUND('',#1983,.F.);
#1983 = EDGE_LOOP('',(#1984,#1985,#1986,#1987));
#1984 = ORIENTED_EDGE('',*,*,#1939,.F.);
#1985 = ORIENTED_EDGE('',*,*,#349,.T.);
#1986 = ORIENTED_EDGE('',*,*,#1963,.T.);
#1987 = ORIENTED_EDGE('',*,*,#1208,.F.);
#1988 = ADVANCED_FACE('',(#1989),#823,.F.);
#1989 = FACE_BOUND('',#1990,.F.);
#1990 = EDGE_LOOP('',(#1991,#1992,#2015,#2036));
#1991 = ORIENTED_EDGE('',*,*,#787,.F.);
#1992 = ORIENTED_EDGE('',*,*,#1993,.T.);
#1993 = EDGE_CURVE('',#463,#1994,#1996,.T.);
#1994 = VERTEX_POINT('',#1995);
#1995 = CARTESIAN_POINT('',(-18.64807007586,107.60714678807,
    130.41650415733));
#1996 = SURFACE_CURVE('',#1997,(#2002,#2008),.PCURVE_S1.);
#1997 = CIRCLE('',#1998,8.072660295614);
#1998 = AXIS2_PLACEMENT_3D('',#1999,#2000,#2001);
#1999 = CARTESIAN_POINT('',(-19.12902050816,115.66546739041,
    130.41650415733));
#2000 = DIRECTION('',(0.998223671906,5.957768748827E-02,
    -1.778091562876E-16));
#2001 = DIRECTION('',(2.533065132706E-03,-4.244148580699E-02,
    0.999095743091));
#2002 = PCURVE('',#823,#2003);
#2003 = DEFINITIONAL_REPRESENTATION('',(#2004),#2007);
#2004 = B_SPLINE_CURVE_WITH_KNOTS('',1,(#2005,#2006),.UNSPECIFIED.,.F.,
  .F.,(2,2),(0.,1.528266496758),.PIECEWISE_BEZIER_KNOTS.);
#2005 = CARTESIAN_POINT('',(0.,3.411971218326));
#2006 = CARTESIAN_POINT('',(1.528266496758,3.411971218326));
#2007 = ( GEOMETRIC_REPRESENTATION_CONTEXT(2) 
PARAMETRIC_REPRESENTATION_CONTEXT() REPRESENTATION_CONTEXT('2D SPACE',''
  ) );
#2008 = PCURVE('',#676,#2009);
#2009 = DEFINITIONAL_REPRESENTATION('',(#2010),#2014);
#2010 = LINE('',#2011,#2012);
#2011 = CARTESIAN_POINT('',(0.,9.695156525505));
#2012 = VECTOR('',#2013,1.);
#2013 = DIRECTION('',(1.,0.));
#2014 = ( GEOMETRIC_REPRESENTATION_CONTEXT(2) 
PARAMETRIC_REPRESENTATION_CONTEXT() REPRESENTATION_CONTEXT('2D SPACE',''
  ) );
#2015 = ORIENTED_EDGE('',*,*,#2016,.T.);
#2016 = EDGE_CURVE('',#1994,#910,#2017,.T.);
#2017 = SURFACE_CURVE('',#2018,(#2023,#2030),.PCURVE_S1.);
#2018 = CIRCLE('',#2019,2.);
#2019 = AXIS2_PLACEMENT_3D('',#2020,#2021,#2022);
#2020 = CARTESIAN_POINT('',(-18.,105.71505662723,130.41650415733));
#2021 = DIRECTION('',(1.744417913051E-16,5.211878200742E-17,1.));
#2022 = DIRECTION('',(5.957768748827E-02,-0.998223671906,
    4.163336342344E-17));
#2023 = PCURVE('',#823,#2024);
#2024 = DEFINITIONAL_REPRESENTATION('',(#2025),#2029);
#2025 = LINE('',#2026,#2027);
#2026 = CARTESIAN_POINT('',(1.528266496758,0.));
#2027 = VECTOR('',#2028,1.);
#2028 = DIRECTION('',(0.,1.));
#2029 = ( GEOMETRIC_REPRESENTATION_CONTEXT(2) 
PARAMETRIC_REPRESENTATION_CONTEXT() REPRESENTATION_CONTEXT('2D SPACE',''
  ) );
#2030 = PCURVE('',#1294,#2031);
#2031 = DEFINITIONAL_REPRESENTATION('',(#2032),#2035);
#2032 = B_SPLINE_CURVE_WITH_KNOTS('',1,(#2033,#2034),.UNSPECIFIED.,.F.,
  .F.,(2,2),(3.411971218326,9.695156525505),.PIECEWISE_BEZIER_KNOTS.);
#2033 = CARTESIAN_POINT('',(6.28318530718,0.));
#2034 = CARTESIAN_POINT('',(0.,0.));
#2035 = ( GEOMETRIC_REPRESENTATION_CONTEXT(2) 
PARAMETRIC_REPRESENTATION_CONTEXT() REPRESENTATION_CONTEXT('2D SPACE',''
  ) );
#2036 = ORIENTED_EDGE('',*,*,#909,.F.);
#2037 = ADVANCED_FACE('',(#2038),#676,.F.);
#2038 = FACE_BOUND('',#2039,.F.);
#2039 = EDGE_LOOP('',(#2040,#2041,#2042,#2043));
#2040 = ORIENTED_EDGE('',*,*,#1993,.F.);
#2041 = ORIENTED_EDGE('',*,*,#462,.F.);
#2042 = ORIENTED_EDGE('',*,*,#1034,.F.);
#2043 = ORIENTED_EDGE('',*,*,#2044,.T.);
#2044 = EDGE_CURVE('',#910,#1994,#2045,.T.);
#2045 = SURFACE_CURVE('',#2046,(#2051,#2058),.PCURVE_S1.);
#2046 = CIRCLE('',#2047,2.);
#2047 = AXIS2_PLACEMENT_3D('',#2048,#2049,#2050);
#2048 = CARTESIAN_POINT('',(-18.,105.71505662723,130.41650415733));
#2049 = DIRECTION('',(1.744417913051E-16,5.211878200742E-17,1.));
#2050 = DIRECTION('',(5.957768748827E-02,-0.998223671906,
    4.163336342344E-17));
#2051 = PCURVE('',#676,#2052);
#2052 = DEFINITIONAL_REPRESENTATION('',(#2053),#2057);
#2053 = LINE('',#2054,#2055);
#2054 = CARTESIAN_POINT('',(1.528266496758,0.));
#2055 = VECTOR('',#2056,1.);
#2056 = DIRECTION('',(0.,1.));
#2057 = ( GEOMETRIC_REPRESENTATION_CONTEXT(2) 
PARAMETRIC_REPRESENTATION_CONTEXT() REPRESENTATION_CONTEXT('2D SPACE',''
  ) );
#2058 = PCURVE('',#1294,#2059);
#2059 = DEFINITIONAL_REPRESENTATION('',(#2060),#2063);
#2060 = B_SPLINE_CURVE_WITH_KNOTS('',1,(#2061,#2062),.UNSPECIFIED.,.F.,
  .F.,(2,2),(3.411971218326,9.695156525505),.PIECEWISE_BEZIER_KNOTS.);
#2061 = CARTESIAN_POINT('',(6.28318530718,0.));
#2062 = CARTESIAN_POINT('',(0.,0.));
#2063 = ( GEOMETRIC_REPRESENTATION_CONTEXT(2) 
PARAMETRIC_REPRESENTATION_CONTEXT() REPRESENTATION_CONTEXT('2D SPACE',''
  ) );
#2064 = ADVANCED_FACE('',(#2065),#1153,.T.);
#2065 = FACE_BOUND('',#2066,.T.);
#2066 = EDGE_LOOP('',(#2067,#2068,#2095,#2096));
#2067 = ORIENTED_EDGE('',*,*,#1577,.F.);
#2068 = ORIENTED_EDGE('',*,*,#2069,.T.);
#2069 = EDGE_CURVE('',#1528,#1825,#2070,.T.);
#2070 = SURFACE_CURVE('',#2071,(#2077,#2086),.PCURVE_S1.);
#2071 = B_SPLINE_CURVE_WITH_KNOTS('',4,(#2072,#2073,#2074,#2075,#2076),
  .UNSPECIFIED.,.F.,.F.,(5,5),(0.,1.),.PIECEWISE_BEZIER_KNOTS.);
#2072 = CARTESIAN_POINT('',(-19.9364916731,106.21505662723,73.));
#2073 = CARTESIAN_POINT('',(-19.9364916731,106.21505662723,70.75));
#2074 = CARTESIAN_POINT('',(-19.9364916731,106.21505662723,68.5));
#2075 = CARTESIAN_POINT('',(-19.9364916731,106.21505662723,66.25));
#2076 = CARTESIAN_POINT('',(-19.9364916731,106.21505662723,64.));
#2077 = PCURVE('',#1153,#2078);
#2078 = DEFINITIONAL_REPRESENTATION('',(#2079),#2085);
#2079 = B_SPLINE_CURVE_WITH_KNOTS('',4,(#2080,#2081,#2082,#2083,#2084),
  .UNSPECIFIED.,.F.,.F.,(5,5),(0.,1.),.PIECEWISE_BEZIER_KNOTS.);
#2080 = CARTESIAN_POINT('',(9.,-5.036491673104));
#2081 = CARTESIAN_POINT('',(6.75,-5.036491673104));
#2082 = CARTESIAN_POINT('',(4.5,-5.036491673104));
#2083 = CARTESIAN_POINT('',(2.25,-5.036491673104));
#2084 = CARTESIAN_POINT('',(0.,-5.036491673104));
#2085 = ( GEOMETRIC_REPRESENTATION_CONTEXT(2) 
PARAMETRIC_REPRESENTATION_CONTEXT() REPRESENTATION_CONTEXT('2D SPACE',''
  ) );
#2086 = PCURVE('',#1294,#2087);
#2087 = DEFINITIONAL_REPRESENTATION('',(#2088),#2094);
#2088 = B_SPLINE_CURVE_WITH_KNOTS('',4,(#2089,#2090,#2091,#2092,#2093),
  .UNSPECIFIED.,.F.,.F.,(5,5),(0.,1.),.PIECEWISE_BEZIER_KNOTS.);
#2089 = CARTESIAN_POINT('',(5.295060789342,57.416504157339));
#2090 = CARTESIAN_POINT('',(5.295060789342,59.666504157339));
#2091 = CARTESIAN_POINT('',(5.295060789342,61.916504157339));
#2092 = CARTESIAN_POINT('',(5.295060789342,64.166504157339));
#2093 = CARTESIAN_POINT('',(5.295060789342,66.416504157339));
#2094 = ( GEOMETRIC_REPRESENTATION_CONTEXT(2) 
PARAMETRIC_REPRESENTATION_CONTEXT() REPRESENTATION_CONTEXT('2D SPACE',''
  ) );
#2095 = ORIENTED_EDGE('',*,*,#1874,.T.);
#2096 = ORIENTED_EDGE('',*,*,#1141,.F.);
#2097 = ADVANCED_FACE('',(#2098),#1294,.F.);
#2098 = FACE_BOUND('',#2099,.F.);
#2099 = EDGE_LOOP('',(#2100,#2101,#2121,#2122,#2123,#2124,#2144,#2145,
    #2146,#2147,#2148,#2149,#2150,#2151));
#2100 = ORIENTED_EDGE('',*,*,#2016,.F.);
#2101 = ORIENTED_EDGE('',*,*,#2102,.T.);
#2102 = EDGE_CURVE('',#1994,#1382,#2103,.T.);
#2103 = SEAM_CURVE('',#2104,(#2108,#2115),.PCURVE_S1.);
#2104 = LINE('',#2105,#2106);
#2105 = CARTESIAN_POINT('',(-18.64807007586,107.60714678807,
    130.41650415733));
#2106 = VECTOR('',#2107,1.);
#2107 = DIRECTION('',(0.,0.,-1.));
#2108 = PCURVE('',#1294,#2109);
#2109 = DEFINITIONAL_REPRESENTATION('',(#2110),#2114);
#2110 = LINE('',#2111,#2112);
#2111 = CARTESIAN_POINT('',(0.,0.));
#2112 = VECTOR('',#2113,1.);
#2113 = DIRECTION('',(0.,1.));
#2114 = ( GEOMETRIC_REPRESENTATION_CONTEXT(2) 
PARAMETRIC_REPRESENTATION_CONTEXT() REPRESENTATION_CONTEXT('2D SPACE',''
  ) );
#2115 = PCURVE('',#1294,#2116);
#2116 = DEFINITIONAL_REPRESENTATION('',(#2117),#2120);
#2117 = B_SPLINE_CURVE_WITH_KNOTS('',1,(#2118,#2119),.UNSPECIFIED.,.F.,
  .F.,(2,2),(0.,90.416504157339),.PIECEWISE_BEZIER_KNOTS.);
#2118 = CARTESIAN_POINT('',(6.28318530718,0.));
#2119 = CARTESIAN_POINT('',(6.28318530718,90.416504157339));
#2120 = ( GEOMETRIC_REPRESENTATION_CONTEXT(2) 
PARAMETRIC_REPRESENTATION_CONTEXT() REPRESENTATION_CONTEXT('2D SPACE',''
  ) );
#2121 = ORIENTED_EDGE('',*,*,#1527,.T.);
#2122 = ORIENTED_EDGE('',*,*,#2069,.T.);
#2123 = ORIENTED_EDGE('',*,*,#1824,.F.);
#2124 = ORIENTED_EDGE('',*,*,#2125,.T.);
#2125 = EDGE_CURVE('',#1679,#1274,#2126,.T.);
#2126 = SEAM_CURVE('',#2127,(#2131,#2138),.PCURVE_S1.);
#2127 = LINE('',#2128,#2129);
#2128 = CARTESIAN_POINT('',(-18.64807007586,107.60714678807,
    130.41650415733));
#2129 = VECTOR('',#2130,1.);
#2130 = DIRECTION('',(0.,0.,-1.));
#2131 = PCURVE('',#1294,#2132);
#2132 = DEFINITIONAL_REPRESENTATION('',(#2133),#2137);
#2133 = LINE('',#2134,#2135);
#2134 = CARTESIAN_POINT('',(0.,0.));
#2135 = VECTOR('',#2136,1.);
#2136 = DIRECTION('',(0.,1.));
#2137 = ( GEOMETRIC_REPRESENTATION_CONTEXT(2) 
PARAMETRIC_REPRESENTATION_CONTEXT() REPRESENTATION_CONTEXT('2D SPACE',''
  ) );
#2138 = PCURVE('',#1294,#2139);
#2139 = DEFINITIONAL_REPRESENTATION('',(#2140),#2143);
#2140 = B_SPLINE_CURVE_WITH_KNOTS('',1,(#2141,#2142),.UNSPECIFIED.,.F.,
  .F.,(2,2),(0.,90.416504157339),.PIECEWISE_BEZIER_KNOTS.);
#2141 = CARTESIAN_POINT('',(6.28318530718,0.));
#2142 = CARTESIAN_POINT('',(6.28318530718,90.416504157339));
#2143 = ( GEOMETRIC_REPRESENTATION_CONTEXT(2) 
PARAMETRIC_REPRESENTATION_CONTEXT() REPRESENTATION_CONTEXT('2D SPACE',''
  ) );
#2144 = ORIENTED_EDGE('',*,*,#1306,.F.);
#2145 = ORIENTED_EDGE('',*,*,#1273,.F.);
#2146 = ORIENTED_EDGE('',*,*,#2125,.F.);
#2147 = ORIENTED_EDGE('',*,*,#1678,.F.);
#2148 = ORIENTED_EDGE('',*,*,#1645,.F.);
#2149 = ORIENTED_EDGE('',*,*,#1381,.T.);
#2150 = ORIENTED_EDGE('',*,*,#2102,.F.);
#2151 = ORIENTED_EDGE('',*,*,#2044,.F.);
#2152 = ( GEOMETRIC_REPRESENTATION_CONTEXT(3) 
GLOBAL_UNCERTAINTY_ASSIGNED_CONTEXT((#2156)) 
GLOBAL_UNIT_ASSIGNED_CONTEXT((#2153,#2154,#2155)) REPRESENTATION_CONTEXT
('Context #1','3D Context with UNIT and UNCERTAINTY') );
#2153 = ( LENGTH_UNIT() NAMED_UNIT(*) SI_UNIT(.MILLI.,.METRE.) );
#2154 = ( NAMED_UNIT(*) PLANE_ANGLE_UNIT() SI_UNIT($,.RADIAN.) );
#2155 = ( NAMED_UNIT(*) SI_UNIT($,.STERADIAN.) SOLID_ANGLE_UNIT() );
#2156 = UNCERTAINTY_MEASURE_WITH_UNIT(LENGTH_MEASURE(2.E-06),#2153,
  'distance_accuracy_value','confusion accuracy');
#2157 = PRODUCT_RELATED_PRODUCT_CATEGORY('part',$,(#7));
ENDSEC;
END-ISO-10303-21;
