ISO-10303-21;
HEADER;
FILE_DESCRIPTION(('Open CASCADE Model'),'2;1');
FILE_NAME('Open CASCADE Shape Model','2026-10-01T13:11:53',('Author'),(
    'Open CASCADE'),'Open CASCADE STEP processor 7.8','Open CASCADE 7.8'
  ,'Unknown');
FILE_SCHEMA(('AUTOMOTIVE_DESIGN { 1 0 10303 214 1 1 1 1 }'));
ENDSEC;
DATA;
#1 = APPLICATION_PROTOCOL_DEFINITION('international standard',
  'automotive_design',2000,#2);
#2 = APPLICATION_CONTEXT(
  'core data for automotive mechanical design processes');
#3 = SHAPE_DEFINITION_REPRESENTATION(#4,#10);
#4 = PRODUCT_DEFINITION_SHAPE('','',#5);
#5 = PRODUCT_DEFINITION('design','',#6,#9);
#6 = PRODUCT_DEFINITION_FORMATION('','',#7);
#7 = PRODUCT('Open CASCADE STEP translator 7.8 26',
  'Open CASCADE STEP translator 7.8 26','',(#8));
#8 = PRODUCT_CONTEXT('',#2,'mechanical');
#9 = PRODUCT_DEFINITION_CONTEXT('part definition',#2,'design');
#10 = ADVANCED_BREP_SHAPE_REPRESENTATION('',(#11,#15),#5510);
#11 = AXIS2_PLACEMENT_3D('',#12,#13,#14);
#12 = CARTESIAN_POINT('',(0.,0.,0.));
#13 = DIRECTION('',(0.,0.,1.));
#14 = DIRECTION('',(1.,0.,-0.));
#15 = MANIFOLD_SOLID_BREP('',#16);
#16 = CLOSED_SHELL('',(#17,#226,#302,#1997,#2470,#2811,#2860,#3981,#3988
    ,#4036,#4063,#4091,#4139,#4166,#4194,#4242,#4269,#4297,#4345,#4372,
    #4399,#4433,#4460,#4486,#4664,#4712,#4737,#4764,#4792,#4821,#4848,
    #4895,#4922,#4949,#4974,#4981,#5008,#5035,#5062,#5089,#5116,#5123,
    #5170,#5197,#5224,#5231,#5278,#5305,#5332,#5339,#5366,#5393,#5420,
    #5447,#5474,#5481,#5489,#5496,#5503));
#17 = ADVANCED_FACE('',(#18),#32,.F.);
#18 = FACE_BOUND('',#19,.F.);
#19 = EDGE_LOOP('',(#20,#55,#83,#111,#139,#172,#205));
#20 = ORIENTED_EDGE('',*,*,#21,.T.);
#21 = EDGE_CURVE('',#22,#24,#26,.T.);
#22 = VERTEX_POINT('',#23);
#23 = CARTESIAN_POINT('',(130.,191.,146.));
#24 = VERTEX_POINT('',#25);
#25 = CARTESIAN_POINT('',(130.,191.,151.));
#26 = SURFACE_CURVE('',#27,(#31,#43),.PCURVE_S1.);
#27 = LINE('',#28,#29);
#28 = CARTESIAN_POINT('',(130.,191.,146.));
#29 = VECTOR('',#30,1.);
#30 = DIRECTION('',(0.,0.,1.));
#31 = PCURVE('',#32,#37);
#32 = PLANE('',#33);
#33 = AXIS2_PLACEMENT_3D('',#34,#35,#36);
#34 = CARTESIAN_POINT('',(130.,150.,146.));
#35 = DIRECTION('',(1.,0.,0.));
#36 = DIRECTION('',(0.,0.,1.));
#37 = DEFINITIONAL_REPRESENTATION('',(#38),#42);
#38 = LINE('',#39,#40);
#39 = CARTESIAN_POINT('',(0.,-41.));
#40 = VECTOR('',#41,1.);
#41 = DIRECTION('',(1.,0.));
#42 = ( GEOMETRIC_REPRESENTATION_CONTEXT(2) 
PARAMETRIC_REPRESENTATION_CONTEXT() REPRESENTATION_CONTEXT('2D SPACE',''
  ) );
#43 = PCURVE('',#44,#49);
#44 = PLANE('',#45);
#45 = AXIS2_PLACEMENT_3D('',#46,#47,#48);
#46 = CARTESIAN_POINT('',(130.,191.,146.));
#47 = DIRECTION('',(0.,1.,0.));
#48 = DIRECTION('',(0.,0.,1.));
#49 = DEFINITIONAL_REPRESENTATION('',(#50),#54);
#50 = LINE('',#51,#52);
#51 = CARTESIAN_POINT('',(0.,0.));
#52 = VECTOR('',#53,1.);
#53 = DIRECTION('',(1.,0.));
#54 = ( GEOMETRIC_REPRESENTATION_CONTEXT(2) 
PARAMETRIC_REPRESENTATION_CONTEXT() REPRESENTATION_CONTEXT('2D SPACE',''
  ) );
#55 = ORIENTED_EDGE('',*,*,#56,.F.);
#56 = EDGE_CURVE('',#57,#24,#59,.T.);
#57 = VERTEX_POINT('',#58);
#58 = CARTESIAN_POINT('',(130.,150.,151.));
#59 = SURFACE_CURVE('',#60,(#64,#71),.PCURVE_S1.);
#60 = LINE('',#61,#62);
#61 = CARTESIAN_POINT('',(130.,150.,151.));
#62 = VECTOR('',#63,1.);
#63 = DIRECTION('',(0.,1.,0.));
#64 = PCURVE('',#32,#65);
#65 = DEFINITIONAL_REPRESENTATION('',(#66),#70);
#66 = LINE('',#67,#68);
#67 = CARTESIAN_POINT('',(5.,0.));
#68 = VECTOR('',#69,1.);
#69 = DIRECTION('',(0.,-1.));
#70 = ( GEOMETRIC_REPRESENTATION_CONTEXT(2) 
PARAMETRIC_REPRESENTATION_CONTEXT() REPRESENTATION_CONTEXT('2D SPACE',''
  ) );
#71 = PCURVE('',#72,#77);
#72 = PLANE('',#73);
#73 = AXIS2_PLACEMENT_3D('',#74,#75,#76);
#74 = CARTESIAN_POINT('',(130.,150.,151.));
#75 = DIRECTION('',(0.,0.,1.));
#76 = DIRECTION('',(1.,0.,0.));
#77 = DEFINITIONAL_REPRESENTATION('',(#78),#82);
#78 = LINE('',#79,#80);
#79 = CARTESIAN_POINT('',(0.,0.));
#80 = VECTOR('',#81,1.);
#81 = DIRECTION('',(0.,1.));
#82 = ( GEOMETRIC_REPRESENTATION_CONTEXT(2) 
PARAMETRIC_REPRESENTATION_CONTEXT() REPRESENTATION_CONTEXT('2D SPACE',''
  ) );
#83 = ORIENTED_EDGE('',*,*,#84,.F.);
#84 = EDGE_CURVE('',#85,#57,#87,.T.);
#85 = VERTEX_POINT('',#86);
#86 = CARTESIAN_POINT('',(130.,150.,146.));
#87 = SURFACE_CURVE('',#88,(#92,#99),.PCURVE_S1.);
#88 = LINE('',#89,#90);
#89 = CARTESIAN_POINT('',(130.,150.,146.));
#90 = VECTOR('',#91,1.);
#91 = DIRECTION('',(0.,0.,1.));
#92 = PCURVE('',#32,#93);
#93 = DEFINITIONAL_REPRESENTATION('',(#94),#98);
#94 = LINE('',#95,#96);
#95 = CARTESIAN_POINT('',(0.,0.));
#96 = VECTOR('',#97,1.);
#97 = DIRECTION('',(1.,0.));
#98 = ( GEOMETRIC_REPRESENTATION_CONTEXT(2) 
PARAMETRIC_REPRESENTATION_CONTEXT() REPRESENTATION_CONTEXT('2D SPACE',''
  ) );
#99 = PCURVE('',#100,#105);
#100 = PLANE('',#101);
#101 = AXIS2_PLACEMENT_3D('',#102,#103,#104);
#102 = CARTESIAN_POINT('',(130.,150.,146.));
#103 = DIRECTION('',(0.,1.,0.));
#104 = DIRECTION('',(0.,0.,1.));
#105 = DEFINITIONAL_REPRESENTATION('',(#106),#110);
#106 = LINE('',#107,#108);
#107 = CARTESIAN_POINT('',(0.,0.));
#108 = VECTOR('',#109,1.);
#109 = DIRECTION('',(1.,0.));
#110 = ( GEOMETRIC_REPRESENTATION_CONTEXT(2) 
PARAMETRIC_REPRESENTATION_CONTEXT() REPRESENTATION_CONTEXT('2D SPACE',''
  ) );
#111 = ORIENTED_EDGE('',*,*,#112,.T.);
#112 = EDGE_CURVE('',#85,#113,#115,.T.);
#113 = VERTEX_POINT('',#114);
#114 = CARTESIAN_POINT('',(130.,152.98443556292,146.));
#115 = SURFACE_CURVE('',#116,(#120,#127),.PCURVE_S1.);
#116 = LINE('',#117,#118);
#117 = CARTESIAN_POINT('',(130.,150.,146.));
#118 = VECTOR('',#119,1.);
#119 = DIRECTION('',(0.,1.,0.));
#120 = PCURVE('',#32,#121);
#121 = DEFINITIONAL_REPRESENTATION('',(#122),#126);
#122 = LINE('',#123,#124);
#123 = CARTESIAN_POINT('',(0.,0.));
#124 = VECTOR('',#125,1.);
#125 = DIRECTION('',(0.,-1.));
#126 = ( GEOMETRIC_REPRESENTATION_CONTEXT(2) 
PARAMETRIC_REPRESENTATION_CONTEXT() REPRESENTATION_CONTEXT('2D SPACE',''
  ) );
#127 = PCURVE('',#128,#133);
#128 = PLANE('',#129);
#129 = AXIS2_PLACEMENT_3D('',#130,#131,#132);
#130 = CARTESIAN_POINT('',(130.,150.,146.));
#131 = DIRECTION('',(0.,0.,1.));
#132 = DIRECTION('',(1.,0.,0.));
#133 = DEFINITIONAL_REPRESENTATION('',(#134),#138);
#134 = LINE('',#135,#136);
#135 = CARTESIAN_POINT('',(0.,0.));
#136 = VECTOR('',#137,1.);
#137 = DIRECTION('',(0.,1.));
#138 = ( GEOMETRIC_REPRESENTATION_CONTEXT(2) 
PARAMETRIC_REPRESENTATION_CONTEXT() REPRESENTATION_CONTEXT('2D SPACE',''
  ) );
#139 = ORIENTED_EDGE('',*,*,#140,.T.);
#140 = EDGE_CURVE('',#113,#141,#143,.T.);
#141 = VERTEX_POINT('',#142);
#142 = CARTESIAN_POINT('',(130.,155.,147.25));
#143 = SURFACE_CURVE('',#144,(#149,#160),.PCURVE_S1.);
#144 = CIRCLE('',#145,2.25);
#145 = AXIS2_PLACEMENT_3D('',#146,#147,#148);
#146 = CARTESIAN_POINT('',(130.,155.,145.));
#147 = DIRECTION('',(-1.,0.,0.));
#148 = DIRECTION('',(0.,0.,1.));
#149 = PCURVE('',#32,#150);
#150 = DEFINITIONAL_REPRESENTATION('',(#151),#159);
#151 = ( BOUNDED_CURVE() B_SPLINE_CURVE(2,(#152,#153,#154,#155,#156,#157
,#158),.UNSPECIFIED.,.T.,.F.) B_SPLINE_CURVE_WITH_KNOTS((1,2,2,2,2,1),(
    -2.094395102393,0.,2.094395102393,4.188790204786,6.28318530718,
8.377580409573),.UNSPECIFIED.) CURVE() GEOMETRIC_REPRESENTATION_ITEM() 
RATIONAL_B_SPLINE_CURVE((1.,0.5,1.,0.5,1.,0.5,1.)) REPRESENTATION_ITEM(
  '') );
#152 = CARTESIAN_POINT('',(1.25,-5.));
#153 = CARTESIAN_POINT('',(1.25,-8.89711431703));
#154 = CARTESIAN_POINT('',(-2.125,-6.948557158515));
#155 = CARTESIAN_POINT('',(-5.5,-5.));
#156 = CARTESIAN_POINT('',(-2.125,-3.051442841485));
#157 = CARTESIAN_POINT('',(1.25,-1.10288568297));
#158 = CARTESIAN_POINT('',(1.25,-5.));
#159 = ( GEOMETRIC_REPRESENTATION_CONTEXT(2) 
PARAMETRIC_REPRESENTATION_CONTEXT() REPRESENTATION_CONTEXT('2D SPACE',''
  ) );
#160 = PCURVE('',#161,#166);
#161 = CYLINDRICAL_SURFACE('',#162,2.25);
#162 = AXIS2_PLACEMENT_3D('',#163,#164,#165);
#163 = CARTESIAN_POINT('',(194.5,155.,145.));
#164 = DIRECTION('',(-1.,0.,0.));
#165 = DIRECTION('',(0.,0.,1.));
#166 = DEFINITIONAL_REPRESENTATION('',(#167),#171);
#167 = LINE('',#168,#169);
#168 = CARTESIAN_POINT('',(0.,64.5));
#169 = VECTOR('',#170,1.);
#170 = DIRECTION('',(1.,0.));
#171 = ( GEOMETRIC_REPRESENTATION_CONTEXT(2) 
PARAMETRIC_REPRESENTATION_CONTEXT() REPRESENTATION_CONTEXT('2D SPACE',''
  ) );
#172 = ORIENTED_EDGE('',*,*,#173,.T.);
#173 = EDGE_CURVE('',#141,#174,#176,.T.);
#174 = VERTEX_POINT('',#175);
#175 = CARTESIAN_POINT('',(130.,157.01556443707,146.));
#176 = SURFACE_CURVE('',#177,(#182,#193),.PCURVE_S1.);
#177 = CIRCLE('',#178,2.25);
#178 = AXIS2_PLACEMENT_3D('',#179,#180,#181);
#179 = CARTESIAN_POINT('',(130.,155.,145.));
#180 = DIRECTION('',(-1.,0.,0.));
#181 = DIRECTION('',(0.,0.,1.));
#182 = PCURVE('',#32,#183);
#183 = DEFINITIONAL_REPRESENTATION('',(#184),#192);
#184 = ( BOUNDED_CURVE() B_SPLINE_CURVE(2,(#185,#186,#187,#188,#189,#190
,#191),.UNSPECIFIED.,.T.,.F.) B_SPLINE_CURVE_WITH_KNOTS((1,2,2,2,2,1),(
    -2.094395102393,0.,2.094395102393,4.188790204786,6.28318530718,
8.377580409573),.UNSPECIFIED.) CURVE() GEOMETRIC_REPRESENTATION_ITEM() 
RATIONAL_B_SPLINE_CURVE((1.,0.5,1.,0.5,1.,0.5,1.)) REPRESENTATION_ITEM(
  '') );
#185 = CARTESIAN_POINT('',(1.25,-5.));
#186 = CARTESIAN_POINT('',(1.25,-8.89711431703));
#187 = CARTESIAN_POINT('',(-2.125,-6.948557158515));
#188 = CARTESIAN_POINT('',(-5.5,-5.));
#189 = CARTESIAN_POINT('',(-2.125,-3.051442841485));
#190 = CARTESIAN_POINT('',(1.25,-1.10288568297));
#191 = CARTESIAN_POINT('',(1.25,-5.));
#192 = ( GEOMETRIC_REPRESENTATION_CONTEXT(2) 
PARAMETRIC_REPRESENTATION_CONTEXT() REPRESENTATION_CONTEXT('2D SPACE',''
  ) );
#193 = PCURVE('',#194,#199);
#194 = CYLINDRICAL_SURFACE('',#195,2.25);
#195 = AXIS2_PLACEMENT_3D('',#196,#197,#198);
#196 = CARTESIAN_POINT('',(194.5,155.,145.));
#197 = DIRECTION('',(-1.,0.,0.));
#198 = DIRECTION('',(0.,0.,1.));
#199 = DEFINITIONAL_REPRESENTATION('',(#200),#204);
#200 = LINE('',#201,#202);
#201 = CARTESIAN_POINT('',(0.,64.5));
#202 = VECTOR('',#203,1.);
#203 = DIRECTION('',(1.,0.));
#204 = ( GEOMETRIC_REPRESENTATION_CONTEXT(2) 
PARAMETRIC_REPRESENTATION_CONTEXT() REPRESENTATION_CONTEXT('2D SPACE',''
  ) );
#205 = ORIENTED_EDGE('',*,*,#206,.T.);
#206 = EDGE_CURVE('',#174,#22,#207,.T.);
#207 = SURFACE_CURVE('',#208,(#212,#219),.PCURVE_S1.);
#208 = LINE('',#209,#210);
#209 = CARTESIAN_POINT('',(130.,150.,146.));
#210 = VECTOR('',#211,1.);
#211 = DIRECTION('',(0.,1.,0.));
#212 = PCURVE('',#32,#213);
#213 = DEFINITIONAL_REPRESENTATION('',(#214),#218);
#214 = LINE('',#215,#216);
#215 = CARTESIAN_POINT('',(0.,0.));
#216 = VECTOR('',#217,1.);
#217 = DIRECTION('',(0.,-1.));
#218 = ( GEOMETRIC_REPRESENTATION_CONTEXT(2) 
PARAMETRIC_REPRESENTATION_CONTEXT() REPRESENTATION_CONTEXT('2D SPACE',''
  ) );
#219 = PCURVE('',#128,#220);
#220 = DEFINITIONAL_REPRESENTATION('',(#221),#225);
#221 = LINE('',#222,#223);
#222 = CARTESIAN_POINT('',(0.,0.));
#223 = VECTOR('',#224,1.);
#224 = DIRECTION('',(0.,1.));
#225 = ( GEOMETRIC_REPRESENTATION_CONTEXT(2) 
PARAMETRIC_REPRESENTATION_CONTEXT() REPRESENTATION_CONTEXT('2D SPACE',''
  ) );
#226 = ADVANCED_FACE('',(#227),#44,.T.);
#227 = FACE_BOUND('',#228,.T.);
#228 = EDGE_LOOP('',(#229,#252,#253,#276));
#229 = ORIENTED_EDGE('',*,*,#230,.F.);
#230 = EDGE_CURVE('',#22,#231,#233,.T.);
#231 = VERTEX_POINT('',#232);
#232 = CARTESIAN_POINT('',(218.,191.,146.));
#233 = SURFACE_CURVE('',#234,(#238,#245),.PCURVE_S1.);
#234 = LINE('',#235,#236);
#235 = CARTESIAN_POINT('',(130.,191.,146.));
#236 = VECTOR('',#237,1.);
#237 = DIRECTION('',(1.,0.,0.));
#238 = PCURVE('',#44,#239);
#239 = DEFINITIONAL_REPRESENTATION('',(#240),#244);
#240 = LINE('',#241,#242);
#241 = CARTESIAN_POINT('',(0.,0.));
#242 = VECTOR('',#243,1.);
#243 = DIRECTION('',(0.,1.));
#244 = ( GEOMETRIC_REPRESENTATION_CONTEXT(2) 
PARAMETRIC_REPRESENTATION_CONTEXT() REPRESENTATION_CONTEXT('2D SPACE',''
  ) );
#245 = PCURVE('',#128,#246);
#246 = DEFINITIONAL_REPRESENTATION('',(#247),#251);
#247 = LINE('',#248,#249);
#248 = CARTESIAN_POINT('',(0.,41.));
#249 = VECTOR('',#250,1.);
#250 = DIRECTION('',(1.,0.));
#251 = ( GEOMETRIC_REPRESENTATION_CONTEXT(2) 
PARAMETRIC_REPRESENTATION_CONTEXT() REPRESENTATION_CONTEXT('2D SPACE',''
  ) );
#252 = ORIENTED_EDGE('',*,*,#21,.T.);
#253 = ORIENTED_EDGE('',*,*,#254,.T.);
#254 = EDGE_CURVE('',#24,#255,#257,.T.);
#255 = VERTEX_POINT('',#256);
#256 = CARTESIAN_POINT('',(218.,191.,151.));
#257 = SURFACE_CURVE('',#258,(#262,#269),.PCURVE_S1.);
#258 = LINE('',#259,#260);
#259 = CARTESIAN_POINT('',(130.,191.,151.));
#260 = VECTOR('',#261,1.);
#261 = DIRECTION('',(1.,0.,0.));
#262 = PCURVE('',#44,#263);
#263 = DEFINITIONAL_REPRESENTATION('',(#264),#268);
#264 = LINE('',#265,#266);
#265 = CARTESIAN_POINT('',(5.,0.));
#266 = VECTOR('',#267,1.);
#267 = DIRECTION('',(0.,1.));
#268 = ( GEOMETRIC_REPRESENTATION_CONTEXT(2) 
PARAMETRIC_REPRESENTATION_CONTEXT() REPRESENTATION_CONTEXT('2D SPACE',''
  ) );
#269 = PCURVE('',#72,#270);
#270 = DEFINITIONAL_REPRESENTATION('',(#271),#275);
#271 = LINE('',#272,#273);
#272 = CARTESIAN_POINT('',(0.,41.));
#273 = VECTOR('',#274,1.);
#274 = DIRECTION('',(1.,0.));
#275 = ( GEOMETRIC_REPRESENTATION_CONTEXT(2) 
PARAMETRIC_REPRESENTATION_CONTEXT() REPRESENTATION_CONTEXT('2D SPACE',''
  ) );
#276 = ORIENTED_EDGE('',*,*,#277,.F.);
#277 = EDGE_CURVE('',#231,#255,#278,.T.);
#278 = SURFACE_CURVE('',#279,(#283,#290),.PCURVE_S1.);
#279 = LINE('',#280,#281);
#280 = CARTESIAN_POINT('',(218.,191.,146.));
#281 = VECTOR('',#282,1.);
#282 = DIRECTION('',(0.,0.,1.));
#283 = PCURVE('',#44,#284);
#284 = DEFINITIONAL_REPRESENTATION('',(#285),#289);
#285 = LINE('',#286,#287);
#286 = CARTESIAN_POINT('',(0.,88.));
#287 = VECTOR('',#288,1.);
#288 = DIRECTION('',(1.,0.));
#289 = ( GEOMETRIC_REPRESENTATION_CONTEXT(2) 
PARAMETRIC_REPRESENTATION_CONTEXT() REPRESENTATION_CONTEXT('2D SPACE',''
  ) );
#290 = PCURVE('',#291,#296);
#291 = PLANE('',#292);
#292 = AXIS2_PLACEMENT_3D('',#293,#294,#295);
#293 = CARTESIAN_POINT('',(218.,150.,146.));
#294 = DIRECTION('',(1.,0.,0.));
#295 = DIRECTION('',(0.,0.,1.));
#296 = DEFINITIONAL_REPRESENTATION('',(#297),#301);
#297 = LINE('',#298,#299);
#298 = CARTESIAN_POINT('',(0.,-41.));
#299 = VECTOR('',#300,1.);
#300 = DIRECTION('',(1.,0.));
#301 = ( GEOMETRIC_REPRESENTATION_CONTEXT(2) 
PARAMETRIC_REPRESENTATION_CONTEXT() REPRESENTATION_CONTEXT('2D SPACE',''
  ) );
#302 = ADVANCED_FACE('',(#303,#1275,#1306,#1463,#1494,#1624,#1730,#1836,
    #1867),#128,.F.);
#303 = FACE_BOUND('',#304,.F.);
#304 = EDGE_LOOP('',(#305,#306,#329,#350,#351,#352,#373,#402,#423,#451,
    #484,#517,#545,#571,#722,#855,#881,#907,#933,#959,#980,#1006,#1032,
    #1058,#1079,#1105,#1131,#1157,#1178,#1204,#1230,#1256));
#305 = ORIENTED_EDGE('',*,*,#112,.F.);
#306 = ORIENTED_EDGE('',*,*,#307,.T.);
#307 = EDGE_CURVE('',#85,#308,#310,.T.);
#308 = VERTEX_POINT('',#309);
#309 = CARTESIAN_POINT('',(218.,150.,146.));
#310 = SURFACE_CURVE('',#311,(#315,#322),.PCURVE_S1.);
#311 = LINE('',#312,#313);
#312 = CARTESIAN_POINT('',(130.,150.,146.));
#313 = VECTOR('',#314,1.);
#314 = DIRECTION('',(1.,0.,0.));
#315 = PCURVE('',#128,#316);
#316 = DEFINITIONAL_REPRESENTATION('',(#317),#321);
#317 = LINE('',#318,#319);
#318 = CARTESIAN_POINT('',(0.,0.));
#319 = VECTOR('',#320,1.);
#320 = DIRECTION('',(1.,0.));
#321 = ( GEOMETRIC_REPRESENTATION_CONTEXT(2) 
PARAMETRIC_REPRESENTATION_CONTEXT() REPRESENTATION_CONTEXT('2D SPACE',''
  ) );
#322 = PCURVE('',#100,#323);
#323 = DEFINITIONAL_REPRESENTATION('',(#324),#328);
#324 = LINE('',#325,#326);
#325 = CARTESIAN_POINT('',(0.,0.));
#326 = VECTOR('',#327,1.);
#327 = DIRECTION('',(0.,1.));
#328 = ( GEOMETRIC_REPRESENTATION_CONTEXT(2) 
PARAMETRIC_REPRESENTATION_CONTEXT() REPRESENTATION_CONTEXT('2D SPACE',''
  ) );
#329 = ORIENTED_EDGE('',*,*,#330,.T.);
#330 = EDGE_CURVE('',#308,#231,#331,.T.);
#331 = SURFACE_CURVE('',#332,(#336,#343),.PCURVE_S1.);
#332 = LINE('',#333,#334);
#333 = CARTESIAN_POINT('',(218.,150.,146.));
#334 = VECTOR('',#335,1.);
#335 = DIRECTION('',(0.,1.,0.));
#336 = PCURVE('',#128,#337);
#337 = DEFINITIONAL_REPRESENTATION('',(#338),#342);
#338 = LINE('',#339,#340);
#339 = CARTESIAN_POINT('',(88.,0.));
#340 = VECTOR('',#341,1.);
#341 = DIRECTION('',(0.,1.));
#342 = ( GEOMETRIC_REPRESENTATION_CONTEXT(2) 
PARAMETRIC_REPRESENTATION_CONTEXT() REPRESENTATION_CONTEXT('2D SPACE',''
  ) );
#343 = PCURVE('',#291,#344);
#344 = DEFINITIONAL_REPRESENTATION('',(#345),#349);
#345 = LINE('',#346,#347);
#346 = CARTESIAN_POINT('',(0.,0.));
#347 = VECTOR('',#348,1.);
#348 = DIRECTION('',(0.,-1.));
#349 = ( GEOMETRIC_REPRESENTATION_CONTEXT(2) 
PARAMETRIC_REPRESENTATION_CONTEXT() REPRESENTATION_CONTEXT('2D SPACE',''
  ) );
#350 = ORIENTED_EDGE('',*,*,#230,.F.);
#351 = ORIENTED_EDGE('',*,*,#206,.F.);
#352 = ORIENTED_EDGE('',*,*,#353,.F.);
#353 = EDGE_CURVE('',#354,#174,#356,.T.);
#354 = VERTEX_POINT('',#355);
#355 = CARTESIAN_POINT('',(134.30007125199,157.01556443707,146.));
#356 = SURFACE_CURVE('',#357,(#361,#367),.PCURVE_S1.);
#357 = LINE('',#358,#359);
#358 = CARTESIAN_POINT('',(194.5,157.01556443707,146.));
#359 = VECTOR('',#360,1.);
#360 = DIRECTION('',(-1.,0.,0.));
#361 = PCURVE('',#128,#362);
#362 = DEFINITIONAL_REPRESENTATION('',(#363),#366);
#363 = B_SPLINE_CURVE_WITH_KNOTS('',1,(#364,#365),.UNSPECIFIED.,.F.,.F.,
  (2,2),(0.,73.3),.PIECEWISE_BEZIER_KNOTS.);
#364 = CARTESIAN_POINT('',(64.5,7.015564437075));
#365 = CARTESIAN_POINT('',(-8.8,7.015564437075));
#366 = ( GEOMETRIC_REPRESENTATION_CONTEXT(2) 
PARAMETRIC_REPRESENTATION_CONTEXT() REPRESENTATION_CONTEXT('2D SPACE',''
  ) );
#367 = PCURVE('',#194,#368);
#368 = DEFINITIONAL_REPRESENTATION('',(#369),#372);
#369 = B_SPLINE_CURVE_WITH_KNOTS('',1,(#370,#371),.UNSPECIFIED.,.F.,.F.,
  (2,2),(0.,73.3),.PIECEWISE_BEZIER_KNOTS.);
#370 = CARTESIAN_POINT('',(1.110242335114,0.));
#371 = CARTESIAN_POINT('',(1.110242335114,73.3));
#372 = ( GEOMETRIC_REPRESENTATION_CONTEXT(2) 
PARAMETRIC_REPRESENTATION_CONTEXT() REPRESENTATION_CONTEXT('2D SPACE',''
  ) );
#373 = ORIENTED_EDGE('',*,*,#374,.F.);
#374 = EDGE_CURVE('',#375,#354,#377,.T.);
#375 = VERTEX_POINT('',#376);
#376 = CARTESIAN_POINT('',(137.699928748,157.01556443707,146.));
#377 = SURFACE_CURVE('',#378,(#383,#390),.PCURVE_S1.);
#378 = CIRCLE('',#379,1.7);
#379 = AXIS2_PLACEMENT_3D('',#380,#381,#382);
#380 = CARTESIAN_POINT('',(136.,157.,146.));
#381 = DIRECTION('',(0.,0.,1.));
#382 = DIRECTION('',(1.,0.,0.));
#383 = PCURVE('',#128,#384);
#384 = DEFINITIONAL_REPRESENTATION('',(#385),#389);
#385 = CIRCLE('',#386,1.7);
#386 = AXIS2_PLACEMENT_2D('',#387,#388);
#387 = CARTESIAN_POINT('',(6.,7.));
#388 = DIRECTION('',(1.,0.));
#389 = ( GEOMETRIC_REPRESENTATION_CONTEXT(2) 
PARAMETRIC_REPRESENTATION_CONTEXT() REPRESENTATION_CONTEXT('2D SPACE',''
  ) );
#390 = PCURVE('',#391,#396);
#391 = CYLINDRICAL_SURFACE('',#392,1.7);
#392 = AXIS2_PLACEMENT_3D('',#393,#394,#395);
#393 = CARTESIAN_POINT('',(136.,157.,145.9));
#394 = DIRECTION('',(0.,0.,1.));
#395 = DIRECTION('',(1.,0.,0.));
#396 = DEFINITIONAL_REPRESENTATION('',(#397),#401);
#397 = LINE('',#398,#399);
#398 = CARTESIAN_POINT('',(0.,0.1));
#399 = VECTOR('',#400,1.);
#400 = DIRECTION('',(1.,0.));
#401 = ( GEOMETRIC_REPRESENTATION_CONTEXT(2) 
PARAMETRIC_REPRESENTATION_CONTEXT() REPRESENTATION_CONTEXT('2D SPACE',''
  ) );
#402 = ORIENTED_EDGE('',*,*,#403,.F.);
#403 = EDGE_CURVE('',#404,#375,#406,.T.);
#404 = VERTEX_POINT('',#405);
#405 = CARTESIAN_POINT('',(144.,157.01556443707,146.));
#406 = SURFACE_CURVE('',#407,(#411,#417),.PCURVE_S1.);
#407 = LINE('',#408,#409);
#408 = CARTESIAN_POINT('',(194.5,157.01556443707,146.));
#409 = VECTOR('',#410,1.);
#410 = DIRECTION('',(-1.,0.,0.));
#411 = PCURVE('',#128,#412);
#412 = DEFINITIONAL_REPRESENTATION('',(#413),#416);
#413 = B_SPLINE_CURVE_WITH_KNOTS('',1,(#414,#415),.UNSPECIFIED.,.F.,.F.,
  (2,2),(0.,73.3),.PIECEWISE_BEZIER_KNOTS.);
#414 = CARTESIAN_POINT('',(64.5,7.015564437075));
#415 = CARTESIAN_POINT('',(-8.8,7.015564437075));
#416 = ( GEOMETRIC_REPRESENTATION_CONTEXT(2) 
PARAMETRIC_REPRESENTATION_CONTEXT() REPRESENTATION_CONTEXT('2D SPACE',''
  ) );
#417 = PCURVE('',#194,#418);
#418 = DEFINITIONAL_REPRESENTATION('',(#419),#422);
#419 = B_SPLINE_CURVE_WITH_KNOTS('',1,(#420,#421),.UNSPECIFIED.,.F.,.F.,
  (2,2),(0.,73.3),.PIECEWISE_BEZIER_KNOTS.);
#420 = CARTESIAN_POINT('',(1.110242335114,0.));
#421 = CARTESIAN_POINT('',(1.110242335114,73.3));
#422 = ( GEOMETRIC_REPRESENTATION_CONTEXT(2) 
PARAMETRIC_REPRESENTATION_CONTEXT() REPRESENTATION_CONTEXT('2D SPACE',''
  ) );
#423 = ORIENTED_EDGE('',*,*,#424,.F.);
#424 = EDGE_CURVE('',#425,#404,#427,.T.);
#425 = VERTEX_POINT('',#426);
#426 = CARTESIAN_POINT('',(144.,183.,146.));
#427 = SURFACE_CURVE('',#428,(#432,#439),.PCURVE_S1.);
#428 = LINE('',#429,#430);
#429 = CARTESIAN_POINT('',(144.,153.5,146.));
#430 = VECTOR('',#431,1.);
#431 = DIRECTION('',(-1.110223024625E-16,-1.,0.));
#432 = PCURVE('',#128,#433);
#433 = DEFINITIONAL_REPRESENTATION('',(#434),#438);
#434 = LINE('',#435,#436);
#435 = CARTESIAN_POINT('',(14.,3.5));
#436 = VECTOR('',#437,1.);
#437 = DIRECTION('',(-1.110223024625E-16,-1.));
#438 = ( GEOMETRIC_REPRESENTATION_CONTEXT(2) 
PARAMETRIC_REPRESENTATION_CONTEXT() REPRESENTATION_CONTEXT('2D SPACE',''
  ) );
#439 = PCURVE('',#440,#445);
#440 = PLANE('',#441);
#441 = AXIS2_PLACEMENT_3D('',#442,#443,#444);
#442 = CARTESIAN_POINT('',(144.,157.,145.9));
#443 = DIRECTION('',(-1.,1.110223024625E-16,0.));
#444 = DIRECTION('',(1.110223024625E-16,1.,0.));
#445 = DEFINITIONAL_REPRESENTATION('',(#446),#450);
#446 = LINE('',#447,#448);
#447 = CARTESIAN_POINT('',(-3.5,-0.1));
#448 = VECTOR('',#449,1.);
#449 = DIRECTION('',(-1.,-0.));
#450 = ( GEOMETRIC_REPRESENTATION_CONTEXT(2) 
PARAMETRIC_REPRESENTATION_CONTEXT() REPRESENTATION_CONTEXT('2D SPACE',''
  ) );
#451 = ORIENTED_EDGE('',*,*,#452,.T.);
#452 = EDGE_CURVE('',#425,#453,#455,.T.);
#453 = VERTEX_POINT('',#454);
#454 = CARTESIAN_POINT('',(146.,185.,146.));
#455 = SURFACE_CURVE('',#456,(#461,#472),.PCURVE_S1.);
#456 = CIRCLE('',#457,2.);
#457 = AXIS2_PLACEMENT_3D('',#458,#459,#460);
#458 = CARTESIAN_POINT('',(146.,183.,146.));
#459 = DIRECTION('',(0.,0.,-1.));
#460 = DIRECTION('',(-1.,1.110223024625E-16,0.));
#461 = PCURVE('',#128,#462);
#462 = DEFINITIONAL_REPRESENTATION('',(#463),#471);
#463 = ( BOUNDED_CURVE() B_SPLINE_CURVE(2,(#464,#465,#466,#467,#468,#469
,#470),.UNSPECIFIED.,.T.,.F.) B_SPLINE_CURVE_WITH_KNOTS((1,2,2,2,2,1),(
    -2.094395102393,0.,2.094395102393,4.188790204786,6.28318530718,
8.377580409573),.UNSPECIFIED.) CURVE() GEOMETRIC_REPRESENTATION_ITEM() 
RATIONAL_B_SPLINE_CURVE((1.,0.5,1.,0.5,1.,0.5,1.)) REPRESENTATION_ITEM(
  '') );
#464 = CARTESIAN_POINT('',(14.,33.));
#465 = CARTESIAN_POINT('',(14.,36.464101615138));
#466 = CARTESIAN_POINT('',(17.,34.732050807569));
#467 = CARTESIAN_POINT('',(20.,33.));
#468 = CARTESIAN_POINT('',(17.,31.267949192431));
#469 = CARTESIAN_POINT('',(14.,29.535898384862));
#470 = CARTESIAN_POINT('',(14.,33.));
#471 = ( GEOMETRIC_REPRESENTATION_CONTEXT(2) 
PARAMETRIC_REPRESENTATION_CONTEXT() REPRESENTATION_CONTEXT('2D SPACE',''
  ) );
#472 = PCURVE('',#473,#478);
#473 = CYLINDRICAL_SURFACE('',#474,2.);
#474 = AXIS2_PLACEMENT_3D('',#475,#476,#477);
#475 = CARTESIAN_POINT('',(146.,183.,145.9));
#476 = DIRECTION('',(0.,0.,-1.));
#477 = DIRECTION('',(-1.,1.110223024625E-16,0.));
#478 = DEFINITIONAL_REPRESENTATION('',(#479),#483);
#479 = LINE('',#480,#481);
#480 = CARTESIAN_POINT('',(0.,-0.1));
#481 = VECTOR('',#482,1.);
#482 = DIRECTION('',(1.,0.));
#483 = ( GEOMETRIC_REPRESENTATION_CONTEXT(2) 
PARAMETRIC_REPRESENTATION_CONTEXT() REPRESENTATION_CONTEXT('2D SPACE',''
  ) );
#484 = ORIENTED_EDGE('',*,*,#485,.T.);
#485 = EDGE_CURVE('',#453,#486,#488,.T.);
#486 = VERTEX_POINT('',#487);
#487 = CARTESIAN_POINT('',(148.,183.,146.));
#488 = SURFACE_CURVE('',#489,(#494,#505),.PCURVE_S1.);
#489 = CIRCLE('',#490,2.);
#490 = AXIS2_PLACEMENT_3D('',#491,#492,#493);
#491 = CARTESIAN_POINT('',(146.,183.,146.));
#492 = DIRECTION('',(0.,0.,-1.));
#493 = DIRECTION('',(-1.,1.110223024625E-16,0.));
#494 = PCURVE('',#128,#495);
#495 = DEFINITIONAL_REPRESENTATION('',(#496),#504);
#496 = ( BOUNDED_CURVE() B_SPLINE_CURVE(2,(#497,#498,#499,#500,#501,#502
,#503),.UNSPECIFIED.,.T.,.F.) B_SPLINE_CURVE_WITH_KNOTS((1,2,2,2,2,1),(
    -2.094395102393,0.,2.094395102393,4.188790204786,6.28318530718,
8.377580409573),.UNSPECIFIED.) CURVE() GEOMETRIC_REPRESENTATION_ITEM() 
RATIONAL_B_SPLINE_CURVE((1.,0.5,1.,0.5,1.,0.5,1.)) REPRESENTATION_ITEM(
  '') );
#497 = CARTESIAN_POINT('',(14.,33.));
#498 = CARTESIAN_POINT('',(14.,36.464101615138));
#499 = CARTESIAN_POINT('',(17.,34.732050807569));
#500 = CARTESIAN_POINT('',(20.,33.));
#501 = CARTESIAN_POINT('',(17.,31.267949192431));
#502 = CARTESIAN_POINT('',(14.,29.535898384862));
#503 = CARTESIAN_POINT('',(14.,33.));
#504 = ( GEOMETRIC_REPRESENTATION_CONTEXT(2) 
PARAMETRIC_REPRESENTATION_CONTEXT() REPRESENTATION_CONTEXT('2D SPACE',''
  ) );
#505 = PCURVE('',#506,#511);
#506 = CYLINDRICAL_SURFACE('',#507,2.);
#507 = AXIS2_PLACEMENT_3D('',#508,#509,#510);
#508 = CARTESIAN_POINT('',(146.,183.,145.9));
#509 = DIRECTION('',(0.,0.,-1.));
#510 = DIRECTION('',(-1.,1.110223024625E-16,0.));
#511 = DEFINITIONAL_REPRESENTATION('',(#512),#516);
#512 = LINE('',#513,#514);
#513 = CARTESIAN_POINT('',(0.,-0.1));
#514 = VECTOR('',#515,1.);
#515 = DIRECTION('',(1.,0.));
#516 = ( GEOMETRIC_REPRESENTATION_CONTEXT(2) 
PARAMETRIC_REPRESENTATION_CONTEXT() REPRESENTATION_CONTEXT('2D SPACE',''
  ) );
#517 = ORIENTED_EDGE('',*,*,#518,.F.);
#518 = EDGE_CURVE('',#519,#486,#521,.T.);
#519 = VERTEX_POINT('',#520);
#520 = CARTESIAN_POINT('',(148.,157.01556443707,146.));
#521 = SURFACE_CURVE('',#522,(#526,#533),.PCURVE_S1.);
#522 = LINE('',#523,#524);
#523 = CARTESIAN_POINT('',(148.,166.5,146.));
#524 = VECTOR('',#525,1.);
#525 = DIRECTION('',(1.110223024625E-16,1.,0.));
#526 = PCURVE('',#128,#527);
#527 = DEFINITIONAL_REPRESENTATION('',(#528),#532);
#528 = LINE('',#529,#530);
#529 = CARTESIAN_POINT('',(18.,16.5));
#530 = VECTOR('',#531,1.);
#531 = DIRECTION('',(1.110223024625E-16,1.));
#532 = ( GEOMETRIC_REPRESENTATION_CONTEXT(2) 
PARAMETRIC_REPRESENTATION_CONTEXT() REPRESENTATION_CONTEXT('2D SPACE',''
  ) );
#533 = PCURVE('',#534,#539);
#534 = PLANE('',#535);
#535 = AXIS2_PLACEMENT_3D('',#536,#537,#538);
#536 = CARTESIAN_POINT('',(148.,183.,145.9));
#537 = DIRECTION('',(1.,-1.110223024625E-16,0.));
#538 = DIRECTION('',(-1.110223024625E-16,-1.,0.));
#539 = DEFINITIONAL_REPRESENTATION('',(#540),#544);
#540 = LINE('',#541,#542);
#541 = CARTESIAN_POINT('',(16.5,-0.1));
#542 = VECTOR('',#543,1.);
#543 = DIRECTION('',(-1.,0.));
#544 = ( GEOMETRIC_REPRESENTATION_CONTEXT(2) 
PARAMETRIC_REPRESENTATION_CONTEXT() REPRESENTATION_CONTEXT('2D SPACE',''
  ) );
#545 = ORIENTED_EDGE('',*,*,#546,.F.);
#546 = EDGE_CURVE('',#547,#519,#549,.T.);
#547 = VERTEX_POINT('',#548);
#548 = CARTESIAN_POINT('',(194.5,157.01556443707,146.));
#549 = SURFACE_CURVE('',#550,(#554,#560),.PCURVE_S1.);
#550 = LINE('',#551,#552);
#551 = CARTESIAN_POINT('',(194.5,157.01556443707,146.));
#552 = VECTOR('',#553,1.);
#553 = DIRECTION('',(-1.,0.,0.));
#554 = PCURVE('',#128,#555);
#555 = DEFINITIONAL_REPRESENTATION('',(#556),#559);
#556 = B_SPLINE_CURVE_WITH_KNOTS('',1,(#557,#558),.UNSPECIFIED.,.F.,.F.,
  (2,2),(0.,73.3),.PIECEWISE_BEZIER_KNOTS.);
#557 = CARTESIAN_POINT('',(64.5,7.015564437075));
#558 = CARTESIAN_POINT('',(-8.8,7.015564437075));
#559 = ( GEOMETRIC_REPRESENTATION_CONTEXT(2) 
PARAMETRIC_REPRESENTATION_CONTEXT() REPRESENTATION_CONTEXT('2D SPACE',''
  ) );
#560 = PCURVE('',#561,#566);
#561 = CYLINDRICAL_SURFACE('',#562,2.25);
#562 = AXIS2_PLACEMENT_3D('',#563,#564,#565);
#563 = CARTESIAN_POINT('',(194.5,155.,145.));
#564 = DIRECTION('',(-1.,0.,0.));
#565 = DIRECTION('',(0.,0.,1.));
#566 = DEFINITIONAL_REPRESENTATION('',(#567),#570);
#567 = B_SPLINE_CURVE_WITH_KNOTS('',1,(#568,#569),.UNSPECIFIED.,.F.,.F.,
  (2,2),(0.,73.3),.PIECEWISE_BEZIER_KNOTS.);
#568 = CARTESIAN_POINT('',(1.110242335114,0.));
#569 = CARTESIAN_POINT('',(1.110242335114,73.3));
#570 = ( GEOMETRIC_REPRESENTATION_CONTEXT(2) 
PARAMETRIC_REPRESENTATION_CONTEXT() REPRESENTATION_CONTEXT('2D SPACE',''
  ) );
#571 = ORIENTED_EDGE('',*,*,#572,.T.);
#572 = EDGE_CURVE('',#547,#573,#575,.T.);
#573 = VERTEX_POINT('',#574);
#574 = CARTESIAN_POINT('',(200.442432162,155.,146.));
#575 = SURFACE_CURVE('',#576,(#621,#669),.PCURVE_S1.);
#576 = B_SPLINE_CURVE_WITH_KNOTS('',8,(#577,#578,#579,#580,#581,#582,
    #583,#584,#585,#586,#587,#588,#589,#590,#591,#592,#593,#594,#595,
    #596,#597,#598,#599,#600,#601,#602,#603,#604,#605,#606,#607,#608,
    #609,#610,#611,#612,#613,#614,#615,#616,#617,#618,#619,#620),
  .UNSPECIFIED.,.F.,.F.,(9,7,7,7,7,7,9),(0.,0.288601272371,
    0.596923289077,0.723161880324,0.840766493649,0.90941298031,1.),
  .UNSPECIFIED.);
#577 = CARTESIAN_POINT('',(194.5,157.01556443707,146.));
#578 = CARTESIAN_POINT('',(194.74728194158,157.01556443707,146.));
#579 = CARTESIAN_POINT('',(194.99454913006,157.01299597452,146.));
#580 = CARTESIAN_POINT('',(195.24176078326,157.00786027343,146.));
#581 = CARTESIAN_POINT('',(195.48885957443,157.00007199148,146.));
#582 = CARTESIAN_POINT('',(195.7357719143,156.9894635414,146.));
#583 = CARTESIAN_POINT('',(195.98240765272,156.97578197069,146.));
#584 = CARTESIAN_POINT('',(196.22865919977,156.95867839975,146.));
#585 = CARTESIAN_POINT('',(196.73693293406,156.91526745545,146.));
#586 = CARTESIAN_POINT('',(196.99872175957,156.88842436296,146.));
#587 = CARTESIAN_POINT('',(197.259755552,156.85659376952,146.));
#588 = CARTESIAN_POINT('',(197.51983826979,156.81905294713,146.));
#589 = CARTESIAN_POINT('',(197.77859207367,156.77492880002,146.));
#590 = CARTESIAN_POINT('',(198.03543294029,156.72311243289,146.));
#591 = CARTESIAN_POINT('',(198.28957634808,156.6622793564,146.));
#592 = CARTESIAN_POINT('',(198.64243206678,156.56105061524,146.));
#593 = CARTESIAN_POINT('',(198.74426454749,156.52981179824,146.));
#594 = CARTESIAN_POINT('',(198.84534945148,156.49660867044,146.));
#595 = CARTESIAN_POINT('',(198.9455789535,156.46129640373,146.));
#596 = CARTESIAN_POINT('',(199.04481417777,156.42371787944,146.));
#597 = CARTESIAN_POINT('',(199.14288355144,156.38370036232,146.));
#598 = CARTESIAN_POINT('',(199.23957923563,156.34104845968,146.));
#599 = CARTESIAN_POINT('',(199.42322163852,156.25313123616,146.));
#600 = CARTESIAN_POINT('',(199.51033648789,156.208265906,146.));
#601 = CARTESIAN_POINT('',(199.59582910923,156.1607421283,146.));
#602 = CARTESIAN_POINT('',(199.67944218076,156.11035755048,146.));
#603 = CARTESIAN_POINT('',(199.76083260398,156.05690818122,146.));
#604 = CARTESIAN_POINT('',(199.83957066556,156.00018827067,146.));
#605 = CARTESIAN_POINT('',(199.91513388862,155.93998460364,146.));
#606 = CARTESIAN_POINT('',(200.02878328018,155.83875508694,146.));
#607 = CARTESIAN_POINT('',(200.06936054517,155.80019199133,146.));
#608 = CARTESIAN_POINT('',(200.10850065768,155.76033530076,146.));
#609 = CARTESIAN_POINT('',(200.14605111298,155.71915355043,146.));
#610 = CARTESIAN_POINT('',(200.1818375586,155.67662733608,146.));
#611 = CARTESIAN_POINT('',(200.21566774059,155.63275222127,146.));
#612 = CARTESIAN_POINT('',(200.24733544975,155.58754164454,146.));
#613 = CARTESIAN_POINT('',(200.31527473229,155.47965207582,146.));
#614 = CARTESIAN_POINT('',(200.34982067724,155.41594998733,146.));
#615 = CARTESIAN_POINT('',(200.37969527667,155.35008552779,146.));
#616 = CARTESIAN_POINT('',(200.40434724016,155.28229805175,146.));
#617 = CARTESIAN_POINT('',(200.4232691693,155.21291331402,146.));
#618 = CARTESIAN_POINT('',(200.43604720446,155.14235539835,146.));
#619 = CARTESIAN_POINT('',(200.442432162,155.07116156253,146.));
#620 = CARTESIAN_POINT('',(200.442432162,155.,146.));
#621 = PCURVE('',#128,#622);
#622 = DEFINITIONAL_REPRESENTATION('',(#623),#668);
#623 = B_SPLINE_CURVE_WITH_KNOTS('',8,(#624,#625,#626,#627,#628,#629,
    #630,#631,#632,#633,#634,#635,#636,#637,#638,#639,#640,#641,#642,
    #643,#644,#645,#646,#647,#648,#649,#650,#651,#652,#653,#654,#655,
    #656,#657,#658,#659,#660,#661,#662,#663,#664,#665,#666,#667),
  .UNSPECIFIED.,.F.,.F.,(9,7,7,7,7,7,9),(0.,0.288601272371,
    0.596923289077,0.723161880324,0.840766493649,0.90941298031,1.),
  .UNSPECIFIED.);
#624 = CARTESIAN_POINT('',(64.5,7.015564437075));
#625 = CARTESIAN_POINT('',(64.74728194158,7.015564437075));
#626 = CARTESIAN_POINT('',(64.994549130061,7.012995974522));
#627 = CARTESIAN_POINT('',(65.241760783266,7.007860273436));
#628 = CARTESIAN_POINT('',(65.488859574436,7.000071991486));
#629 = CARTESIAN_POINT('',(65.735771914306,6.989463541401));
#630 = CARTESIAN_POINT('',(65.982407652721,6.975781970699));
#631 = CARTESIAN_POINT('',(66.228659199778,6.958678399752));
#632 = CARTESIAN_POINT('',(66.736932934068,6.91526745545));
#633 = CARTESIAN_POINT('',(66.998721759579,6.888424362965));
#634 = CARTESIAN_POINT('',(67.259755552009,6.856593769524));
#635 = CARTESIAN_POINT('',(67.519838269791,6.819052947137));
#636 = CARTESIAN_POINT('',(67.778592073674,6.774928800025));
#637 = CARTESIAN_POINT('',(68.035432940293,6.723112432893));
#638 = CARTESIAN_POINT('',(68.289576348089,6.662279356408));
#639 = CARTESIAN_POINT('',(68.642432066786,6.56105061524));
#640 = CARTESIAN_POINT('',(68.744264547492,6.529811798249));
#641 = CARTESIAN_POINT('',(68.845349451481,6.496608670442));
#642 = CARTESIAN_POINT('',(68.945578953508,6.461296403739));
#643 = CARTESIAN_POINT('',(69.04481417777,6.423717879444));
#644 = CARTESIAN_POINT('',(69.142883551442,6.383700362326));
#645 = CARTESIAN_POINT('',(69.239579235636,6.341048459685));
#646 = CARTESIAN_POINT('',(69.423221638529,6.253131236168));
#647 = CARTESIAN_POINT('',(69.510336487892,6.208265906006));
#648 = CARTESIAN_POINT('',(69.595829109237,6.160742128305));
#649 = CARTESIAN_POINT('',(69.679442180768,6.110357550483));
#650 = CARTESIAN_POINT('',(69.760832603987,6.056908181223));
#651 = CARTESIAN_POINT('',(69.839570665561,6.000188270676));
#652 = CARTESIAN_POINT('',(69.915133888627,5.939984603643));
#653 = CARTESIAN_POINT('',(70.028783280185,5.838755086948));
#654 = CARTESIAN_POINT('',(70.069360545171,5.800191991333));
#655 = CARTESIAN_POINT('',(70.108500657688,5.760335300764));
#656 = CARTESIAN_POINT('',(70.146051112988,5.71915355043));
#657 = CARTESIAN_POINT('',(70.181837558607,5.676627336085));
#658 = CARTESIAN_POINT('',(70.215667740596,5.632752221271));
#659 = CARTESIAN_POINT('',(70.247335449756,5.587541644545));
#660 = CARTESIAN_POINT('',(70.315274732294,5.479652075821));
#661 = CARTESIAN_POINT('',(70.349820677249,5.415949987336));
#662 = CARTESIAN_POINT('',(70.379695276674,5.350085527795));
#663 = CARTESIAN_POINT('',(70.404347240163,5.282298051755));
#664 = CARTESIAN_POINT('',(70.423269169304,5.212913314026));
#665 = CARTESIAN_POINT('',(70.43604720446,5.142355398354));
#666 = CARTESIAN_POINT('',(70.442432162002,5.071161562538));
#667 = CARTESIAN_POINT('',(70.442432162002,5.));
#668 = ( GEOMETRIC_REPRESENTATION_CONTEXT(2) 
PARAMETRIC_REPRESENTATION_CONTEXT() REPRESENTATION_CONTEXT('2D SPACE',''
  ) );
#669 = PCURVE('',#670,#675);
#670 = TOROIDAL_SURFACE('',#671,12.5,2.25);
#671 = AXIS2_PLACEMENT_3D('',#672,#673,#674);
#672 = CARTESIAN_POINT('',(194.5,155.,132.5));
#673 = DIRECTION('',(0.,-1.,0.));
#674 = DIRECTION('',(1.,0.,2.273736754432E-15));
#675 = DEFINITIONAL_REPRESENTATION('',(#676),#721);
#676 = B_SPLINE_CURVE_WITH_KNOTS('',8,(#677,#678,#679,#680,#681,#682,
    #683,#684,#685,#686,#687,#688,#689,#690,#691,#692,#693,#694,#695,
    #696,#697,#698,#699,#700,#701,#702,#703,#704,#705,#706,#707,#708,
    #709,#710,#711,#712,#713,#714,#715,#716,#717,#718,#719,#720),
  .UNSPECIFIED.,.F.,.F.,(9,7,7,7,7,7,9),(0.,0.288601272371,
    0.596923289077,0.723161880324,0.840766493649,0.90941298031,1.),
  .UNSPECIFIED.);
#677 = CARTESIAN_POINT('',(1.570796326795,5.172942972066));
#678 = CARTESIAN_POINT('',(1.552479145937,5.172942972066));
#679 = CARTESIAN_POINT('',(1.534163059051,5.175511335357));
#680 = CARTESIAN_POINT('',(1.515869811689,5.180647265343));
#681 = CARTESIAN_POINT('',(1.497622379844,5.188361043796));
#682 = CARTESIAN_POINT('',(1.479444614736,5.198671454558));
#683 = CARTESIAN_POINT('',(1.46136090703,5.211607648285));
#684 = CARTESIAN_POINT('',(1.443395870507,5.227215448232));
#685 = CARTESIAN_POINT('',(1.406534416232,5.265174821825));
#686 = CARTESIAN_POINT('',(1.387669929384,5.287902470222));
#687 = CARTESIAN_POINT('',(1.368999869059,5.313844159244));
#688 = CARTESIAN_POINT('',(1.350555325735,5.343130163837));
#689 = CARTESIAN_POINT('',(1.332378107384,5.375921275943));
#690 = CARTESIAN_POINT('',(1.314520773142,5.412445162822));
#691 = CARTESIAN_POINT('',(1.297044489384,5.452994196079));
#692 = CARTESIAN_POINT('',(1.273055328498,5.516599143606));
#693 = CARTESIAN_POINT('',(1.266165388917,5.53583746525));
#694 = CARTESIAN_POINT('',(1.259359485584,5.555873563932));
#695 = CARTESIAN_POINT('',(1.252644730421,5.576747726138));
#696 = CARTESIAN_POINT('',(1.246030045497,5.598503971258));
#697 = CARTESIAN_POINT('',(1.239526178563,5.621191849412));
#698 = CARTESIAN_POINT('',(1.233145841481,5.644870083234));
#699 = CARTESIAN_POINT('',(1.221089008766,5.692661818584));
#700 = CARTESIAN_POINT('',(1.215397262181,5.716622944038));
#701 = CARTESIAN_POINT('',(1.209838474331,5.741561140248));
#702 = CARTESIAN_POINT('',(1.204427993985,5.767542311072));
#703 = CARTESIAN_POINT('',(1.199186237657,5.794631384613));
#704 = CARTESIAN_POINT('',(1.194138551918,5.822894359131));
#705 = CARTESIAN_POINT('',(1.189315476447,5.852403564173));
#706 = CARTESIAN_POINT('',(1.182090502254,5.901249123393));
#707 = CARTESIAN_POINT('',(1.179517487334,5.919700115081));
#708 = CARTESIAN_POINT('',(1.177041741794,5.93861398544));
#709 = CARTESIAN_POINT('',(1.174672168044,5.958001908294));
#710 = CARTESIAN_POINT('',(1.172418952009,5.977870640592));
#711 = CARTESIAN_POINT('',(1.170293322947,5.998221805138));
#712 = CARTESIAN_POINT('',(1.168307313263,6.019051173323));
#713 = CARTESIAN_POINT('',(1.164053612735,6.068451517729));
#714 = CARTESIAN_POINT('',(1.161896400731,6.097395697788));
#715 = CARTESIAN_POINT('',(1.160035303899,6.127116953767));
#716 = CARTESIAN_POINT('',(1.158502512777,6.157526484002));
#717 = CARTESIAN_POINT('',(1.157327595694,6.188508885924));
#718 = CARTESIAN_POINT('',(1.156534725439,6.219916287846));
#719 = CARTESIAN_POINT('',(1.156138523773,6.251557946052));
#720 = CARTESIAN_POINT('',(1.156138523773,6.28318530718));
#721 = ( GEOMETRIC_REPRESENTATION_CONTEXT(2) 
PARAMETRIC_REPRESENTATION_CONTEXT() REPRESENTATION_CONTEXT('2D SPACE',''
  ) );
#722 = ORIENTED_EDGE('',*,*,#723,.T.);
#723 = EDGE_CURVE('',#573,#724,#726,.T.);
#724 = VERTEX_POINT('',#725);
#725 = CARTESIAN_POINT('',(199.83400514874,154.,146.));
#726 = SURFACE_CURVE('',#727,(#766,#808),.PCURVE_S1.);
#727 = B_SPLINE_CURVE_WITH_KNOTS('',7,(#728,#729,#730,#731,#732,#733,
    #734,#735,#736,#737,#738,#739,#740,#741,#742,#743,#744,#745,#746,
    #747,#748,#749,#750,#751,#752,#753,#754,#755,#756,#757,#758,#759,
    #760,#761,#762,#763,#764,#765),.UNSPECIFIED.,.F.,.F.,(8,6,6,6,6,6,8)
  ,(0.,8.802532204306E-02,0.153222377711,0.268765051107,0.436098606459,
    0.591715267089,1.),.UNSPECIFIED.);
#728 = CARTESIAN_POINT('',(200.442432162,155.,146.));
#729 = CARTESIAN_POINT('',(200.442432162,154.92097664599,146.));
#730 = CARTESIAN_POINT('',(200.43439452767,154.84191255001,146.));
#731 = CARTESIAN_POINT('',(200.41830691471,154.76378575663,146.));
#732 = CARTESIAN_POINT('',(200.39461503446,154.68734461318,146.));
#733 = CARTESIAN_POINT('',(200.36401058666,154.6131470194,146.));
#734 = CARTESIAN_POINT('',(200.32729096587,154.54159035725,146.));
#735 = CARTESIAN_POINT('',(200.25418275036,154.42207950463,146.));
#736 = CARTESIAN_POINT('',(200.22015347166,154.37277812843,146.));
#737 = CARTESIAN_POINT('',(200.18350241359,154.32508416463,146.));
#738 = CARTESIAN_POINT('',(200.14451456831,154.279016904,146.));
#739 = CARTESIAN_POINT('',(200.10345104624,154.23456536973,146.));
#740 = CARTESIAN_POINT('',(200.06053971017,154.19169495128,146.));
#741 = CARTESIAN_POINT('',(199.93697163372,154.07708938636,146.));
#742 = CARTESIAN_POINT('',(199.85281172444,154.00867839033,146.));
#743 = CARTESIAN_POINT('',(199.76449395209,153.9447827409,146.));
#744 = CARTESIAN_POINT('',(199.67282255196,153.88508900519,146.));
#745 = CARTESIAN_POINT('',(199.57842475818,153.8292842137,146.));
#746 = CARTESIAN_POINT('',(199.48175806433,153.77705095322,146.));
#747 = CARTESIAN_POINT('',(199.24021479004,153.65716310485,146.));
#748 = CARTESIAN_POINT('',(199.09330655473,153.59316704261,146.));
#749 = CARTESIAN_POINT('',(198.94333928139,153.53518564972,146.));
#750 = CARTESIAN_POINT('',(198.7910176212,153.48256007787,146.));
#751 = CARTESIAN_POINT('',(198.63686887447,153.43470966758,146.));
#752 = CARTESIAN_POINT('',(198.48123913654,153.39113930019,146.));
#753 = CARTESIAN_POINT('',(198.1783660996,153.31446580636,146.));
#754 = CARTESIAN_POINT('',(198.03135758471,153.28085833511,146.));
#755 = CARTESIAN_POINT('',(197.88348362402,153.25024792121,146.));
#756 = CARTESIAN_POINT('',(197.7349050391,153.22235267539,146.));
#757 = CARTESIAN_POINT('',(197.58574803271,153.19693031711,146.));
#758 = CARTESIAN_POINT('',(197.43610699462,153.17376753637,146.));
#759 = CARTESIAN_POINT('',(196.89233294863,153.0973482827,146.));
#760 = CARTESIAN_POINT('',(196.49594364496,153.05632236427,146.));
#761 = CARTESIAN_POINT('',(196.09789679245,153.02620334197,146.));
#762 = CARTESIAN_POINT('',(195.69890191031,153.0049904784,146.));
#763 = CARTESIAN_POINT('',(195.29945125402,152.99128800802,146.));
#764 = CARTESIAN_POINT('',(194.89980309628,152.98443556292,146.));
#765 = CARTESIAN_POINT('',(194.5,152.98443556292,146.));
#766 = PCURVE('',#128,#767);
#767 = DEFINITIONAL_REPRESENTATION('',(#768),#807);
#768 = B_SPLINE_CURVE_WITH_KNOTS('',7,(#769,#770,#771,#772,#773,#774,
    #775,#776,#777,#778,#779,#780,#781,#782,#783,#784,#785,#786,#787,
    #788,#789,#790,#791,#792,#793,#794,#795,#796,#797,#798,#799,#800,
    #801,#802,#803,#804,#805,#806),.UNSPECIFIED.,.F.,.F.,(8,6,6,6,6,6,8)
  ,(0.,8.802532204306E-02,0.153222377711,0.268765051107,0.436098606459,
    0.591715267089,1.),.UNSPECIFIED.);
#769 = CARTESIAN_POINT('',(70.442432162002,5.));
#770 = CARTESIAN_POINT('',(70.442432162002,4.92097664599));
#771 = CARTESIAN_POINT('',(70.434394527674,4.841912550019));
#772 = CARTESIAN_POINT('',(70.418306914712,4.763785756638));
#773 = CARTESIAN_POINT('',(70.394615034466,4.687344613186));
#774 = CARTESIAN_POINT('',(70.364010586663,4.613147019405));
#775 = CARTESIAN_POINT('',(70.327290965871,4.541590357254));
#776 = CARTESIAN_POINT('',(70.254182750368,4.422079504633));
#777 = CARTESIAN_POINT('',(70.220153471667,4.372778128435));
#778 = CARTESIAN_POINT('',(70.183502413593,4.325084164631));
#779 = CARTESIAN_POINT('',(70.144514568312,4.279016904008));
#780 = CARTESIAN_POINT('',(70.103451046245,4.234565369735));
#781 = CARTESIAN_POINT('',(70.060539710175,4.191694951289));
#782 = CARTESIAN_POINT('',(69.936971633724,4.077089386368));
#783 = CARTESIAN_POINT('',(69.852811724449,4.008678390333));
#784 = CARTESIAN_POINT('',(69.764493952096,3.944782740902));
#785 = CARTESIAN_POINT('',(69.672822551963,3.88508900519));
#786 = CARTESIAN_POINT('',(69.578424758183,3.8292842137));
#787 = CARTESIAN_POINT('',(69.481758064336,3.77705095322));
#788 = CARTESIAN_POINT('',(69.240214790048,3.65716310485));
#789 = CARTESIAN_POINT('',(69.093306554734,3.593167042618));
#790 = CARTESIAN_POINT('',(68.943339281393,3.535185649728));
#791 = CARTESIAN_POINT('',(68.791017621203,3.482560077871));
#792 = CARTESIAN_POINT('',(68.636868874471,3.434709667584));
#793 = CARTESIAN_POINT('',(68.481239136545,3.391139300191));
#794 = CARTESIAN_POINT('',(68.178366099605,3.314465806369));
#795 = CARTESIAN_POINT('',(68.031357584717,3.280858335119));
#796 = CARTESIAN_POINT('',(67.883483624028,3.250247921217));
#797 = CARTESIAN_POINT('',(67.734905039101,3.222352675398));
#798 = CARTESIAN_POINT('',(67.585748032713,3.196930317116));
#799 = CARTESIAN_POINT('',(67.436106994623,3.173767536371));
#800 = CARTESIAN_POINT('',(66.892332948636,3.097348282703));
#801 = CARTESIAN_POINT('',(66.495943644968,3.056322364275));
#802 = CARTESIAN_POINT('',(66.097896792456,3.026203341976));
#803 = CARTESIAN_POINT('',(65.698901910313,3.004990478408));
#804 = CARTESIAN_POINT('',(65.299451254025,2.991288008022));
#805 = CARTESIAN_POINT('',(64.899803096287,2.984435562925));
#806 = CARTESIAN_POINT('',(64.5,2.984435562925));
#807 = ( GEOMETRIC_REPRESENTATION_CONTEXT(2) 
PARAMETRIC_REPRESENTATION_CONTEXT() REPRESENTATION_CONTEXT('2D SPACE',''
  ) );
#808 = PCURVE('',#809,#814);
#809 = TOROIDAL_SURFACE('',#810,12.5,2.25);
#810 = AXIS2_PLACEMENT_3D('',#811,#812,#813);
#811 = CARTESIAN_POINT('',(194.5,155.,132.5));
#812 = DIRECTION('',(0.,-1.,0.));
#813 = DIRECTION('',(1.,0.,2.273736754432E-15));
#814 = DEFINITIONAL_REPRESENTATION('',(#815),#854);
#815 = B_SPLINE_CURVE_WITH_KNOTS('',7,(#816,#817,#818,#819,#820,#821,
    #822,#823,#824,#825,#826,#827,#828,#829,#830,#831,#832,#833,#834,
    #835,#836,#837,#838,#839,#840,#841,#842,#843,#844,#845,#846,#847,
    #848,#849,#850,#851,#852,#853),.UNSPECIFIED.,.F.,.F.,(8,6,6,6,6,6,8)
  ,(0.,8.802532204306E-02,0.153222377711,0.268765051107,0.436098606459,
    0.591715267089,1.),.UNSPECIFIED.);
#816 = CARTESIAN_POINT('',(1.156138523773,0.));
#817 = CARTESIAN_POINT('',(1.156138523773,3.512149067119E-02));
#818 = CARTESIAN_POINT('',(1.156637276754,7.026103987078E-02));
#819 = CARTESIAN_POINT('',(1.157635499656,0.105054990996));
#820 = CARTESIAN_POINT('',(1.15910703738,0.13924121197));
#821 = CARTESIAN_POINT('',(1.161011561079,0.172625201247));
#822 = CARTESIAN_POINT('',(1.163302619888,0.205061369878));
#823 = CARTESIAN_POINT('',(1.167877822882,0.259697510517));
#824 = CARTESIAN_POINT('',(1.170011202021,0.282388286366));
#825 = CARTESIAN_POINT('',(1.172313729908,0.304503584303));
#826 = CARTESIAN_POINT('',(1.174768769787,0.326037053947));
#827 = CARTESIAN_POINT('',(1.177361067634,0.346992510102));
#828 = CARTESIAN_POINT('',(1.180077318009,0.367382205422));
#829 = CARTESIAN_POINT('',(1.18792103325,0.422390823677));
#830 = CARTESIAN_POINT('',(1.1932872106,0.455815234955));
#831 = CARTESIAN_POINT('',(1.198946732334,0.487626909212));
#832 = CARTESIAN_POINT('',(1.20485254447,0.517929627124));
#833 = CARTESIAN_POINT('',(1.21096749954,0.546822565409));
#834 = CARTESIAN_POINT('',(1.217264292676,0.574408945337));
#835 = CARTESIAN_POINT('',(1.23308631546,0.639003798916));
#836 = CARTESIAN_POINT('',(1.242783308467,0.67465181513));
#837 = CARTESIAN_POINT('',(1.252760481022,0.708035907223));
#838 = CARTESIAN_POINT('',(1.262974295812,0.739343784336));
#839 = CARTESIAN_POINT('',(1.273390590796,0.76873558732));
#840 = CARTESIAN_POINT('',(1.283985784178,0.796344635852));
#841 = CARTESIAN_POINT('',(1.304754185702,0.846417869712));
#842 = CARTESIAN_POINT('',(1.314900950198,0.869097172781));
#843 = CARTESIAN_POINT('',(1.325172512375,0.890415392335));
#844 = CARTESIAN_POINT('',(1.33555622997,0.910437977567));
#845 = CARTESIAN_POINT('',(1.346041182297,0.92921732594));
#846 = CARTESIAN_POINT('',(1.35661816109,0.946797742343));
#847 = CARTESIAN_POINT('',(1.395252288755,1.006291791159));
#848 = CARTESIAN_POINT('',(1.423791792463,1.041344165622));
#849 = CARTESIAN_POINT('',(1.452772698938,1.069065057168));
#850 = CARTESIAN_POINT('',(1.482073623883,1.089690026195));
#851 = CARTESIAN_POINT('',(1.511577716047,1.10338927031));
#852 = CARTESIAN_POINT('',(1.541181282625,1.110242335114));
#853 = CARTESIAN_POINT('',(1.570796326795,1.110242335114));
#854 = ( GEOMETRIC_REPRESENTATION_CONTEXT(2) 
PARAMETRIC_REPRESENTATION_CONTEXT() REPRESENTATION_CONTEXT('2D SPACE',''
  ) );
#855 = ORIENTED_EDGE('',*,*,#856,.F.);
#856 = EDGE_CURVE('',#857,#724,#859,.T.);
#857 = VERTEX_POINT('',#858);
#858 = CARTESIAN_POINT('',(202.6,154.,146.));
#859 = SURFACE_CURVE('',#860,(#864,#870),.PCURVE_S1.);
#860 = LINE('',#861,#862);
#861 = CARTESIAN_POINT('',(160.7,154.,146.));
#862 = VECTOR('',#863,1.);
#863 = DIRECTION('',(-1.,-0.,0.));
#864 = PCURVE('',#128,#865);
#865 = DEFINITIONAL_REPRESENTATION('',(#866),#869);
#866 = B_SPLINE_CURVE_WITH_KNOTS('',1,(#867,#868),.UNSPECIFIED.,.F.,.F.,
  (2,2),(-41.9,-30.7),.PIECEWISE_BEZIER_KNOTS.);
#867 = CARTESIAN_POINT('',(72.6,4.));
#868 = CARTESIAN_POINT('',(61.4,4.));
#869 = ( GEOMETRIC_REPRESENTATION_CONTEXT(2) 
PARAMETRIC_REPRESENTATION_CONTEXT() REPRESENTATION_CONTEXT('2D SPACE',''
  ) );
#870 = PCURVE('',#871,#876);
#871 = PLANE('',#872);
#872 = AXIS2_PLACEMENT_3D('',#873,#874,#875);
#873 = CARTESIAN_POINT('',(191.4,154.,143.));
#874 = DIRECTION('',(-0.,1.,0.));
#875 = DIRECTION('',(0.,0.,1.));
#876 = DEFINITIONAL_REPRESENTATION('',(#877),#880);
#877 = B_SPLINE_CURVE_WITH_KNOTS('',1,(#878,#879),.UNSPECIFIED.,.F.,.F.,
  (2,2),(-41.9,-30.7),.PIECEWISE_BEZIER_KNOTS.);
#878 = CARTESIAN_POINT('',(3.,11.2));
#879 = CARTESIAN_POINT('',(3.,0.));
#880 = ( GEOMETRIC_REPRESENTATION_CONTEXT(2) 
PARAMETRIC_REPRESENTATION_CONTEXT() REPRESENTATION_CONTEXT('2D SPACE',''
  ) );
#881 = ORIENTED_EDGE('',*,*,#882,.F.);
#882 = EDGE_CURVE('',#883,#857,#885,.T.);
#883 = VERTEX_POINT('',#884);
#884 = CARTESIAN_POINT('',(202.6,150.6,146.));
#885 = SURFACE_CURVE('',#886,(#890,#896),.PCURVE_S1.);
#886 = LINE('',#887,#888);
#887 = CARTESIAN_POINT('',(202.6,150.3,146.));
#888 = VECTOR('',#889,1.);
#889 = DIRECTION('',(-0.,1.,0.));
#890 = PCURVE('',#128,#891);
#891 = DEFINITIONAL_REPRESENTATION('',(#892),#895);
#892 = B_SPLINE_CURVE_WITH_KNOTS('',1,(#893,#894),.UNSPECIFIED.,.F.,.F.,
  (2,2),(0.3,3.7),.PIECEWISE_BEZIER_KNOTS.);
#893 = CARTESIAN_POINT('',(72.6,0.6));
#894 = CARTESIAN_POINT('',(72.6,4.));
#895 = ( GEOMETRIC_REPRESENTATION_CONTEXT(2) 
PARAMETRIC_REPRESENTATION_CONTEXT() REPRESENTATION_CONTEXT('2D SPACE',''
  ) );
#896 = PCURVE('',#897,#902);
#897 = PLANE('',#898);
#898 = AXIS2_PLACEMENT_3D('',#899,#900,#901);
#899 = CARTESIAN_POINT('',(202.6,150.6,143.));
#900 = DIRECTION('',(1.,0.,-0.));
#901 = DIRECTION('',(0.,0.,1.));
#902 = DEFINITIONAL_REPRESENTATION('',(#903),#906);
#903 = B_SPLINE_CURVE_WITH_KNOTS('',1,(#904,#905),.UNSPECIFIED.,.F.,.F.,
  (2,2),(0.3,3.7),.PIECEWISE_BEZIER_KNOTS.);
#904 = CARTESIAN_POINT('',(3.,0.));
#905 = CARTESIAN_POINT('',(3.,-3.4));
#906 = ( GEOMETRIC_REPRESENTATION_CONTEXT(2) 
PARAMETRIC_REPRESENTATION_CONTEXT() REPRESENTATION_CONTEXT('2D SPACE',''
  ) );
#907 = ORIENTED_EDGE('',*,*,#908,.T.);
#908 = EDGE_CURVE('',#883,#909,#911,.T.);
#909 = VERTEX_POINT('',#910);
#910 = CARTESIAN_POINT('',(191.4,150.6,146.));
#911 = SURFACE_CURVE('',#912,(#916,#922),.PCURVE_S1.);
#912 = LINE('',#913,#914);
#913 = CARTESIAN_POINT('',(160.7,150.6,146.));
#914 = VECTOR('',#915,1.);
#915 = DIRECTION('',(-1.,-0.,0.));
#916 = PCURVE('',#128,#917);
#917 = DEFINITIONAL_REPRESENTATION('',(#918),#921);
#918 = B_SPLINE_CURVE_WITH_KNOTS('',1,(#919,#920),.UNSPECIFIED.,.F.,.F.,
  (2,2),(-41.9,-30.7),.PIECEWISE_BEZIER_KNOTS.);
#919 = CARTESIAN_POINT('',(72.6,0.6));
#920 = CARTESIAN_POINT('',(61.4,0.6));
#921 = ( GEOMETRIC_REPRESENTATION_CONTEXT(2) 
PARAMETRIC_REPRESENTATION_CONTEXT() REPRESENTATION_CONTEXT('2D SPACE',''
  ) );
#922 = PCURVE('',#923,#928);
#923 = PLANE('',#924);
#924 = AXIS2_PLACEMENT_3D('',#925,#926,#927);
#925 = CARTESIAN_POINT('',(191.4,150.6,143.));
#926 = DIRECTION('',(-0.,1.,0.));
#927 = DIRECTION('',(0.,0.,1.));
#928 = DEFINITIONAL_REPRESENTATION('',(#929),#932);
#929 = B_SPLINE_CURVE_WITH_KNOTS('',1,(#930,#931),.UNSPECIFIED.,.F.,.F.,
  (2,2),(-41.9,-30.7),.PIECEWISE_BEZIER_KNOTS.);
#930 = CARTESIAN_POINT('',(3.,11.2));
#931 = CARTESIAN_POINT('',(3.,0.));
#932 = ( GEOMETRIC_REPRESENTATION_CONTEXT(2) 
PARAMETRIC_REPRESENTATION_CONTEXT() REPRESENTATION_CONTEXT('2D SPACE',''
  ) );
#933 = ORIENTED_EDGE('',*,*,#934,.T.);
#934 = EDGE_CURVE('',#909,#935,#937,.T.);
#935 = VERTEX_POINT('',#936);
#936 = CARTESIAN_POINT('',(191.4,152.98443556292,146.));
#937 = SURFACE_CURVE('',#938,(#942,#948),.PCURVE_S1.);
#938 = LINE('',#939,#940);
#939 = CARTESIAN_POINT('',(191.4,150.3,146.));
#940 = VECTOR('',#941,1.);
#941 = DIRECTION('',(-0.,1.,0.));
#942 = PCURVE('',#128,#943);
#943 = DEFINITIONAL_REPRESENTATION('',(#944),#947);
#944 = B_SPLINE_CURVE_WITH_KNOTS('',1,(#945,#946),.UNSPECIFIED.,.F.,.F.,
  (2,2),(0.3,3.7),.PIECEWISE_BEZIER_KNOTS.);
#945 = CARTESIAN_POINT('',(61.4,0.6));
#946 = CARTESIAN_POINT('',(61.4,4.));
#947 = ( GEOMETRIC_REPRESENTATION_CONTEXT(2) 
PARAMETRIC_REPRESENTATION_CONTEXT() REPRESENTATION_CONTEXT('2D SPACE',''
  ) );
#948 = PCURVE('',#949,#954);
#949 = PLANE('',#950);
#950 = AXIS2_PLACEMENT_3D('',#951,#952,#953);
#951 = CARTESIAN_POINT('',(191.4,150.6,143.));
#952 = DIRECTION('',(1.,0.,-0.));
#953 = DIRECTION('',(0.,0.,1.));
#954 = DEFINITIONAL_REPRESENTATION('',(#955),#958);
#955 = B_SPLINE_CURVE_WITH_KNOTS('',1,(#956,#957),.UNSPECIFIED.,.F.,.F.,
  (2,2),(0.3,3.7),.PIECEWISE_BEZIER_KNOTS.);
#956 = CARTESIAN_POINT('',(3.,0.));
#957 = CARTESIAN_POINT('',(3.,-3.4));
#958 = ( GEOMETRIC_REPRESENTATION_CONTEXT(2) 
PARAMETRIC_REPRESENTATION_CONTEXT() REPRESENTATION_CONTEXT('2D SPACE',''
  ) );
#959 = ORIENTED_EDGE('',*,*,#960,.T.);
#960 = EDGE_CURVE('',#935,#961,#963,.T.);
#961 = VERTEX_POINT('',#962);
#962 = CARTESIAN_POINT('',(190.6,152.98443556292,146.));
#963 = SURFACE_CURVE('',#964,(#968,#974),.PCURVE_S1.);
#964 = LINE('',#965,#966);
#965 = CARTESIAN_POINT('',(194.5,152.98443556292,146.));
#966 = VECTOR('',#967,1.);
#967 = DIRECTION('',(-1.,0.,0.));
#968 = PCURVE('',#128,#969);
#969 = DEFINITIONAL_REPRESENTATION('',(#970),#973);
#970 = B_SPLINE_CURVE_WITH_KNOTS('',1,(#971,#972),.UNSPECIFIED.,.F.,.F.,
  (2,2),(0.,73.3),.PIECEWISE_BEZIER_KNOTS.);
#971 = CARTESIAN_POINT('',(64.5,2.984435562925));
#972 = CARTESIAN_POINT('',(-8.8,2.984435562925));
#973 = ( GEOMETRIC_REPRESENTATION_CONTEXT(2) 
PARAMETRIC_REPRESENTATION_CONTEXT() REPRESENTATION_CONTEXT('2D SPACE',''
  ) );
#974 = PCURVE('',#161,#975);
#975 = DEFINITIONAL_REPRESENTATION('',(#976),#979);
#976 = B_SPLINE_CURVE_WITH_KNOTS('',1,(#977,#978),.UNSPECIFIED.,.F.,.F.,
  (2,2),(0.,73.3),.PIECEWISE_BEZIER_KNOTS.);
#977 = CARTESIAN_POINT('',(5.172942972066,0.));
#978 = CARTESIAN_POINT('',(5.172942972066,73.3));
#979 = ( GEOMETRIC_REPRESENTATION_CONTEXT(2) 
PARAMETRIC_REPRESENTATION_CONTEXT() REPRESENTATION_CONTEXT('2D SPACE',''
  ) );
#980 = ORIENTED_EDGE('',*,*,#981,.F.);
#981 = EDGE_CURVE('',#982,#961,#984,.T.);
#982 = VERTEX_POINT('',#983);
#983 = CARTESIAN_POINT('',(190.6,150.8,146.));
#984 = SURFACE_CURVE('',#985,(#989,#995),.PCURVE_S1.);
#985 = LINE('',#986,#987);
#986 = CARTESIAN_POINT('',(190.6,150.4,146.));
#987 = VECTOR('',#988,1.);
#988 = DIRECTION('',(-0.,1.,0.));
#989 = PCURVE('',#128,#990);
#990 = DEFINITIONAL_REPRESENTATION('',(#991),#994);
#991 = B_SPLINE_CURVE_WITH_KNOTS('',1,(#992,#993),.UNSPECIFIED.,.F.,.F.,
  (2,2),(0.4,3.8),.PIECEWISE_BEZIER_KNOTS.);
#992 = CARTESIAN_POINT('',(60.6,0.8));
#993 = CARTESIAN_POINT('',(60.6,4.2));
#994 = ( GEOMETRIC_REPRESENTATION_CONTEXT(2) 
PARAMETRIC_REPRESENTATION_CONTEXT() REPRESENTATION_CONTEXT('2D SPACE',''
  ) );
#995 = PCURVE('',#996,#1001);
#996 = PLANE('',#997);
#997 = AXIS2_PLACEMENT_3D('',#998,#999,#1000);
#998 = CARTESIAN_POINT('',(190.6,150.8,143.));
#999 = DIRECTION('',(1.,0.,-0.));
#1000 = DIRECTION('',(0.,0.,1.));
#1001 = DEFINITIONAL_REPRESENTATION('',(#1002),#1005);
#1002 = B_SPLINE_CURVE_WITH_KNOTS('',1,(#1003,#1004),.UNSPECIFIED.,.F.,
  .F.,(2,2),(0.4,3.8),.PIECEWISE_BEZIER_KNOTS.);
#1003 = CARTESIAN_POINT('',(3.,0.));
#1004 = CARTESIAN_POINT('',(3.,-3.4));
#1005 = ( GEOMETRIC_REPRESENTATION_CONTEXT(2) 
PARAMETRIC_REPRESENTATION_CONTEXT() REPRESENTATION_CONTEXT('2D SPACE',''
  ) );
#1006 = ORIENTED_EDGE('',*,*,#1007,.T.);
#1007 = EDGE_CURVE('',#982,#1008,#1010,.T.);
#1008 = VERTEX_POINT('',#1009);
#1009 = CARTESIAN_POINT('',(179.4,150.8,146.));
#1010 = SURFACE_CURVE('',#1011,(#1015,#1021),.PCURVE_S1.);
#1011 = LINE('',#1012,#1013);
#1012 = CARTESIAN_POINT('',(154.7,150.8,146.));
#1013 = VECTOR('',#1014,1.);
#1014 = DIRECTION('',(-1.,-0.,0.));
#1015 = PCURVE('',#128,#1016);
#1016 = DEFINITIONAL_REPRESENTATION('',(#1017),#1020);
#1017 = B_SPLINE_CURVE_WITH_KNOTS('',1,(#1018,#1019),.UNSPECIFIED.,.F.,
  .F.,(2,2),(-35.9,-24.7),.PIECEWISE_BEZIER_KNOTS.);
#1018 = CARTESIAN_POINT('',(60.6,0.8));
#1019 = CARTESIAN_POINT('',(49.4,0.8));
#1020 = ( GEOMETRIC_REPRESENTATION_CONTEXT(2) 
PARAMETRIC_REPRESENTATION_CONTEXT() REPRESENTATION_CONTEXT('2D SPACE',''
  ) );
#1021 = PCURVE('',#1022,#1027);
#1022 = PLANE('',#1023);
#1023 = AXIS2_PLACEMENT_3D('',#1024,#1025,#1026);
#1024 = CARTESIAN_POINT('',(179.4,150.8,143.));
#1025 = DIRECTION('',(-0.,1.,0.));
#1026 = DIRECTION('',(0.,0.,1.));
#1027 = DEFINITIONAL_REPRESENTATION('',(#1028),#1031);
#1028 = B_SPLINE_CURVE_WITH_KNOTS('',1,(#1029,#1030),.UNSPECIFIED.,.F.,
  .F.,(2,2),(-35.9,-24.7),.PIECEWISE_BEZIER_KNOTS.);
#1029 = CARTESIAN_POINT('',(3.,11.2));
#1030 = CARTESIAN_POINT('',(3.,0.));
#1031 = ( GEOMETRIC_REPRESENTATION_CONTEXT(2) 
PARAMETRIC_REPRESENTATION_CONTEXT() REPRESENTATION_CONTEXT('2D SPACE',''
  ) );
#1032 = ORIENTED_EDGE('',*,*,#1033,.T.);
#1033 = EDGE_CURVE('',#1008,#1034,#1036,.T.);
#1034 = VERTEX_POINT('',#1035);
#1035 = CARTESIAN_POINT('',(179.4,152.98443556292,146.));
#1036 = SURFACE_CURVE('',#1037,(#1041,#1047),.PCURVE_S1.);
#1037 = LINE('',#1038,#1039);
#1038 = CARTESIAN_POINT('',(179.4,150.4,146.));
#1039 = VECTOR('',#1040,1.);
#1040 = DIRECTION('',(-0.,1.,0.));
#1041 = PCURVE('',#128,#1042);
#1042 = DEFINITIONAL_REPRESENTATION('',(#1043),#1046);
#1043 = B_SPLINE_CURVE_WITH_KNOTS('',1,(#1044,#1045),.UNSPECIFIED.,.F.,
  .F.,(2,2),(0.4,3.8),.PIECEWISE_BEZIER_KNOTS.);
#1044 = CARTESIAN_POINT('',(49.4,0.8));
#1045 = CARTESIAN_POINT('',(49.4,4.2));
#1046 = ( GEOMETRIC_REPRESENTATION_CONTEXT(2) 
PARAMETRIC_REPRESENTATION_CONTEXT() REPRESENTATION_CONTEXT('2D SPACE',''
  ) );
#1047 = PCURVE('',#1048,#1053);
#1048 = PLANE('',#1049);
#1049 = AXIS2_PLACEMENT_3D('',#1050,#1051,#1052);
#1050 = CARTESIAN_POINT('',(179.4,150.8,143.));
#1051 = DIRECTION('',(1.,0.,-0.));
#1052 = DIRECTION('',(0.,0.,1.));
#1053 = DEFINITIONAL_REPRESENTATION('',(#1054),#1057);
#1054 = B_SPLINE_CURVE_WITH_KNOTS('',1,(#1055,#1056),.UNSPECIFIED.,.F.,
  .F.,(2,2),(0.4,3.8),.PIECEWISE_BEZIER_KNOTS.);
#1055 = CARTESIAN_POINT('',(3.,0.));
#1056 = CARTESIAN_POINT('',(3.,-3.4));
#1057 = ( GEOMETRIC_REPRESENTATION_CONTEXT(2) 
PARAMETRIC_REPRESENTATION_CONTEXT() REPRESENTATION_CONTEXT('2D SPACE',''
  ) );
#1058 = ORIENTED_EDGE('',*,*,#1059,.T.);
#1059 = EDGE_CURVE('',#1034,#1060,#1062,.T.);
#1060 = VERTEX_POINT('',#1061);
#1061 = CARTESIAN_POINT('',(171.6,152.98443556292,146.));
#1062 = SURFACE_CURVE('',#1063,(#1067,#1073),.PCURVE_S1.);
#1063 = LINE('',#1064,#1065);
#1064 = CARTESIAN_POINT('',(194.5,152.98443556292,146.));
#1065 = VECTOR('',#1066,1.);
#1066 = DIRECTION('',(-1.,0.,0.));
#1067 = PCURVE('',#128,#1068);
#1068 = DEFINITIONAL_REPRESENTATION('',(#1069),#1072);
#1069 = B_SPLINE_CURVE_WITH_KNOTS('',1,(#1070,#1071),.UNSPECIFIED.,.F.,
  .F.,(2,2),(0.,73.3),.PIECEWISE_BEZIER_KNOTS.);
#1070 = CARTESIAN_POINT('',(64.5,2.984435562925));
#1071 = CARTESIAN_POINT('',(-8.8,2.984435562925));
#1072 = ( GEOMETRIC_REPRESENTATION_CONTEXT(2) 
PARAMETRIC_REPRESENTATION_CONTEXT() REPRESENTATION_CONTEXT('2D SPACE',''
  ) );
#1073 = PCURVE('',#161,#1074);
#1074 = DEFINITIONAL_REPRESENTATION('',(#1075),#1078);
#1075 = B_SPLINE_CURVE_WITH_KNOTS('',1,(#1076,#1077),.UNSPECIFIED.,.F.,
  .F.,(2,2),(0.,73.3),.PIECEWISE_BEZIER_KNOTS.);
#1076 = CARTESIAN_POINT('',(5.172942972066,0.));
#1077 = CARTESIAN_POINT('',(5.172942972066,73.3));
#1078 = ( GEOMETRIC_REPRESENTATION_CONTEXT(2) 
PARAMETRIC_REPRESENTATION_CONTEXT() REPRESENTATION_CONTEXT('2D SPACE',''
  ) );
#1079 = ORIENTED_EDGE('',*,*,#1080,.F.);
#1080 = EDGE_CURVE('',#1081,#1060,#1083,.T.);
#1081 = VERTEX_POINT('',#1082);
#1082 = CARTESIAN_POINT('',(171.6,150.8,146.));
#1083 = SURFACE_CURVE('',#1084,(#1088,#1094),.PCURVE_S1.);
#1084 = LINE('',#1085,#1086);
#1085 = CARTESIAN_POINT('',(171.6,150.4,146.));
#1086 = VECTOR('',#1087,1.);
#1087 = DIRECTION('',(-0.,1.,0.));
#1088 = PCURVE('',#128,#1089);
#1089 = DEFINITIONAL_REPRESENTATION('',(#1090),#1093);
#1090 = B_SPLINE_CURVE_WITH_KNOTS('',1,(#1091,#1092),.UNSPECIFIED.,.F.,
  .F.,(2,2),(0.4,3.8),.PIECEWISE_BEZIER_KNOTS.);
#1091 = CARTESIAN_POINT('',(41.6,0.8));
#1092 = CARTESIAN_POINT('',(41.6,4.2));
#1093 = ( GEOMETRIC_REPRESENTATION_CONTEXT(2) 
PARAMETRIC_REPRESENTATION_CONTEXT() REPRESENTATION_CONTEXT('2D SPACE',''
  ) );
#1094 = PCURVE('',#1095,#1100);
#1095 = PLANE('',#1096);
#1096 = AXIS2_PLACEMENT_3D('',#1097,#1098,#1099);
#1097 = CARTESIAN_POINT('',(171.6,150.8,143.));
#1098 = DIRECTION('',(1.,0.,-0.));
#1099 = DIRECTION('',(0.,0.,1.));
#1100 = DEFINITIONAL_REPRESENTATION('',(#1101),#1104);
#1101 = B_SPLINE_CURVE_WITH_KNOTS('',1,(#1102,#1103),.UNSPECIFIED.,.F.,
  .F.,(2,2),(0.4,3.8),.PIECEWISE_BEZIER_KNOTS.);
#1102 = CARTESIAN_POINT('',(3.,0.));
#1103 = CARTESIAN_POINT('',(3.,-3.4));
#1104 = ( GEOMETRIC_REPRESENTATION_CONTEXT(2) 
PARAMETRIC_REPRESENTATION_CONTEXT() REPRESENTATION_CONTEXT('2D SPACE',''
  ) );
#1105 = ORIENTED_EDGE('',*,*,#1106,.T.);
#1106 = EDGE_CURVE('',#1081,#1107,#1109,.T.);
#1107 = VERTEX_POINT('',#1108);
#1108 = CARTESIAN_POINT('',(160.4,150.8,146.));
#1109 = SURFACE_CURVE('',#1110,(#1114,#1120),.PCURVE_S1.);
#1110 = LINE('',#1111,#1112);
#1111 = CARTESIAN_POINT('',(145.2,150.8,146.));
#1112 = VECTOR('',#1113,1.);
#1113 = DIRECTION('',(-1.,-0.,0.));
#1114 = PCURVE('',#128,#1115);
#1115 = DEFINITIONAL_REPRESENTATION('',(#1116),#1119);
#1116 = B_SPLINE_CURVE_WITH_KNOTS('',1,(#1117,#1118),.UNSPECIFIED.,.F.,
  .F.,(2,2),(-26.4,-15.2),.PIECEWISE_BEZIER_KNOTS.);
#1117 = CARTESIAN_POINT('',(41.6,0.8));
#1118 = CARTESIAN_POINT('',(30.4,0.8));
#1119 = ( GEOMETRIC_REPRESENTATION_CONTEXT(2) 
PARAMETRIC_REPRESENTATION_CONTEXT() REPRESENTATION_CONTEXT('2D SPACE',''
  ) );
#1120 = PCURVE('',#1121,#1126);
#1121 = PLANE('',#1122);
#1122 = AXIS2_PLACEMENT_3D('',#1123,#1124,#1125);
#1123 = CARTESIAN_POINT('',(160.4,150.8,143.));
#1124 = DIRECTION('',(-0.,1.,0.));
#1125 = DIRECTION('',(0.,0.,1.));
#1126 = DEFINITIONAL_REPRESENTATION('',(#1127),#1130);
#1127 = B_SPLINE_CURVE_WITH_KNOTS('',1,(#1128,#1129),.UNSPECIFIED.,.F.,
  .F.,(2,2),(-26.4,-15.2),.PIECEWISE_BEZIER_KNOTS.);
#1128 = CARTESIAN_POINT('',(3.,11.2));
#1129 = CARTESIAN_POINT('',(3.,0.));
#1130 = ( GEOMETRIC_REPRESENTATION_CONTEXT(2) 
PARAMETRIC_REPRESENTATION_CONTEXT() REPRESENTATION_CONTEXT('2D SPACE',''
  ) );
#1131 = ORIENTED_EDGE('',*,*,#1132,.T.);
#1132 = EDGE_CURVE('',#1107,#1133,#1135,.T.);
#1133 = VERTEX_POINT('',#1134);
#1134 = CARTESIAN_POINT('',(160.4,152.98443556292,146.));
#1135 = SURFACE_CURVE('',#1136,(#1140,#1146),.PCURVE_S1.);
#1136 = LINE('',#1137,#1138);
#1137 = CARTESIAN_POINT('',(160.4,150.4,146.));
#1138 = VECTOR('',#1139,1.);
#1139 = DIRECTION('',(-0.,1.,0.));
#1140 = PCURVE('',#128,#1141);
#1141 = DEFINITIONAL_REPRESENTATION('',(#1142),#1145);
#1142 = B_SPLINE_CURVE_WITH_KNOTS('',1,(#1143,#1144),.UNSPECIFIED.,.F.,
  .F.,(2,2),(0.4,3.8),.PIECEWISE_BEZIER_KNOTS.);
#1143 = CARTESIAN_POINT('',(30.4,0.8));
#1144 = CARTESIAN_POINT('',(30.4,4.2));
#1145 = ( GEOMETRIC_REPRESENTATION_CONTEXT(2) 
PARAMETRIC_REPRESENTATION_CONTEXT() REPRESENTATION_CONTEXT('2D SPACE',''
  ) );
#1146 = PCURVE('',#1147,#1152);
#1147 = PLANE('',#1148);
#1148 = AXIS2_PLACEMENT_3D('',#1149,#1150,#1151);
#1149 = CARTESIAN_POINT('',(160.4,150.8,143.));
#1150 = DIRECTION('',(1.,0.,-0.));
#1151 = DIRECTION('',(0.,0.,1.));
#1152 = DEFINITIONAL_REPRESENTATION('',(#1153),#1156);
#1153 = B_SPLINE_CURVE_WITH_KNOTS('',1,(#1154,#1155),.UNSPECIFIED.,.F.,
  .F.,(2,2),(0.4,3.8),.PIECEWISE_BEZIER_KNOTS.);
#1154 = CARTESIAN_POINT('',(3.,0.));
#1155 = CARTESIAN_POINT('',(3.,-3.4));
#1156 = ( GEOMETRIC_REPRESENTATION_CONTEXT(2) 
PARAMETRIC_REPRESENTATION_CONTEXT() REPRESENTATION_CONTEXT('2D SPACE',''
  ) );
#1157 = ORIENTED_EDGE('',*,*,#1158,.T.);
#1158 = EDGE_CURVE('',#1133,#1159,#1161,.T.);
#1159 = VERTEX_POINT('',#1160);
#1160 = CARTESIAN_POINT('',(156.6,152.98443556292,146.));
#1161 = SURFACE_CURVE('',#1162,(#1166,#1172),.PCURVE_S1.);
#1162 = LINE('',#1163,#1164);
#1163 = CARTESIAN_POINT('',(194.5,152.98443556292,146.));
#1164 = VECTOR('',#1165,1.);
#1165 = DIRECTION('',(-1.,0.,0.));
#1166 = PCURVE('',#128,#1167);
#1167 = DEFINITIONAL_REPRESENTATION('',(#1168),#1171);
#1168 = B_SPLINE_CURVE_WITH_KNOTS('',1,(#1169,#1170),.UNSPECIFIED.,.F.,
  .F.,(2,2),(0.,73.3),.PIECEWISE_BEZIER_KNOTS.);
#1169 = CARTESIAN_POINT('',(64.5,2.984435562925));
#1170 = CARTESIAN_POINT('',(-8.8,2.984435562925));
#1171 = ( GEOMETRIC_REPRESENTATION_CONTEXT(2) 
PARAMETRIC_REPRESENTATION_CONTEXT() REPRESENTATION_CONTEXT('2D SPACE',''
  ) );
#1172 = PCURVE('',#161,#1173);
#1173 = DEFINITIONAL_REPRESENTATION('',(#1174),#1177);
#1174 = B_SPLINE_CURVE_WITH_KNOTS('',1,(#1175,#1176),.UNSPECIFIED.,.F.,
  .F.,(2,2),(0.,73.3),.PIECEWISE_BEZIER_KNOTS.);
#1175 = CARTESIAN_POINT('',(5.172942972066,0.));
#1176 = CARTESIAN_POINT('',(5.172942972066,73.3));
#1177 = ( GEOMETRIC_REPRESENTATION_CONTEXT(2) 
PARAMETRIC_REPRESENTATION_CONTEXT() REPRESENTATION_CONTEXT('2D SPACE',''
  ) );
#1178 = ORIENTED_EDGE('',*,*,#1179,.F.);
#1179 = EDGE_CURVE('',#1180,#1159,#1182,.T.);
#1180 = VERTEX_POINT('',#1181);
#1181 = CARTESIAN_POINT('',(156.6,150.6,146.));
#1182 = SURFACE_CURVE('',#1183,(#1187,#1193),.PCURVE_S1.);
#1183 = LINE('',#1184,#1185);
#1184 = CARTESIAN_POINT('',(156.6,150.3,146.));
#1185 = VECTOR('',#1186,1.);
#1186 = DIRECTION('',(-0.,1.,0.));
#1187 = PCURVE('',#128,#1188);
#1188 = DEFINITIONAL_REPRESENTATION('',(#1189),#1192);
#1189 = B_SPLINE_CURVE_WITH_KNOTS('',1,(#1190,#1191),.UNSPECIFIED.,.F.,
  .F.,(2,2),(0.3,3.7),.PIECEWISE_BEZIER_KNOTS.);
#1190 = CARTESIAN_POINT('',(26.6,0.6));
#1191 = CARTESIAN_POINT('',(26.6,4.));
#1192 = ( GEOMETRIC_REPRESENTATION_CONTEXT(2) 
PARAMETRIC_REPRESENTATION_CONTEXT() REPRESENTATION_CONTEXT('2D SPACE',''
  ) );
#1193 = PCURVE('',#1194,#1199);
#1194 = PLANE('',#1195);
#1195 = AXIS2_PLACEMENT_3D('',#1196,#1197,#1198);
#1196 = CARTESIAN_POINT('',(156.6,150.6,143.));
#1197 = DIRECTION('',(1.,0.,-0.));
#1198 = DIRECTION('',(0.,0.,1.));
#1199 = DEFINITIONAL_REPRESENTATION('',(#1200),#1203);
#1200 = B_SPLINE_CURVE_WITH_KNOTS('',1,(#1201,#1202),.UNSPECIFIED.,.F.,
  .F.,(2,2),(0.3,3.7),.PIECEWISE_BEZIER_KNOTS.);
#1201 = CARTESIAN_POINT('',(3.,0.));
#1202 = CARTESIAN_POINT('',(3.,-3.4));
#1203 = ( GEOMETRIC_REPRESENTATION_CONTEXT(2) 
PARAMETRIC_REPRESENTATION_CONTEXT() REPRESENTATION_CONTEXT('2D SPACE',''
  ) );
#1204 = ORIENTED_EDGE('',*,*,#1205,.T.);
#1205 = EDGE_CURVE('',#1180,#1206,#1208,.T.);
#1206 = VERTEX_POINT('',#1207);
#1207 = CARTESIAN_POINT('',(145.4,150.6,146.));
#1208 = SURFACE_CURVE('',#1209,(#1213,#1219),.PCURVE_S1.);
#1209 = LINE('',#1210,#1211);
#1210 = CARTESIAN_POINT('',(137.7,150.6,146.));
#1211 = VECTOR('',#1212,1.);
#1212 = DIRECTION('',(-1.,-0.,0.));
#1213 = PCURVE('',#128,#1214);
#1214 = DEFINITIONAL_REPRESENTATION('',(#1215),#1218);
#1215 = B_SPLINE_CURVE_WITH_KNOTS('',1,(#1216,#1217),.UNSPECIFIED.,.F.,
  .F.,(2,2),(-18.9,-7.7),.PIECEWISE_BEZIER_KNOTS.);
#1216 = CARTESIAN_POINT('',(26.6,0.6));
#1217 = CARTESIAN_POINT('',(15.4,0.6));
#1218 = ( GEOMETRIC_REPRESENTATION_CONTEXT(2) 
PARAMETRIC_REPRESENTATION_CONTEXT() REPRESENTATION_CONTEXT('2D SPACE',''
  ) );
#1219 = PCURVE('',#1220,#1225);
#1220 = PLANE('',#1221);
#1221 = AXIS2_PLACEMENT_3D('',#1222,#1223,#1224);
#1222 = CARTESIAN_POINT('',(145.4,150.6,143.));
#1223 = DIRECTION('',(-0.,1.,0.));
#1224 = DIRECTION('',(0.,0.,1.));
#1225 = DEFINITIONAL_REPRESENTATION('',(#1226),#1229);
#1226 = B_SPLINE_CURVE_WITH_KNOTS('',1,(#1227,#1228),.UNSPECIFIED.,.F.,
  .F.,(2,2),(-18.9,-7.7),.PIECEWISE_BEZIER_KNOTS.);
#1227 = CARTESIAN_POINT('',(3.,11.2));
#1228 = CARTESIAN_POINT('',(3.,0.));
#1229 = ( GEOMETRIC_REPRESENTATION_CONTEXT(2) 
PARAMETRIC_REPRESENTATION_CONTEXT() REPRESENTATION_CONTEXT('2D SPACE',''
  ) );
#1230 = ORIENTED_EDGE('',*,*,#1231,.T.);
#1231 = EDGE_CURVE('',#1206,#1232,#1234,.T.);
#1232 = VERTEX_POINT('',#1233);
#1233 = CARTESIAN_POINT('',(145.4,152.98443556292,146.));
#1234 = SURFACE_CURVE('',#1235,(#1239,#1245),.PCURVE_S1.);
#1235 = LINE('',#1236,#1237);
#1236 = CARTESIAN_POINT('',(145.4,150.3,146.));
#1237 = VECTOR('',#1238,1.);
#1238 = DIRECTION('',(-0.,1.,0.));
#1239 = PCURVE('',#128,#1240);
#1240 = DEFINITIONAL_REPRESENTATION('',(#1241),#1244);
#1241 = B_SPLINE_CURVE_WITH_KNOTS('',1,(#1242,#1243),.UNSPECIFIED.,.F.,
  .F.,(2,2),(0.3,3.7),.PIECEWISE_BEZIER_KNOTS.);
#1242 = CARTESIAN_POINT('',(15.4,0.6));
#1243 = CARTESIAN_POINT('',(15.4,4.));
#1244 = ( GEOMETRIC_REPRESENTATION_CONTEXT(2) 
PARAMETRIC_REPRESENTATION_CONTEXT() REPRESENTATION_CONTEXT('2D SPACE',''
  ) );
#1245 = PCURVE('',#1246,#1251);
#1246 = PLANE('',#1247);
#1247 = AXIS2_PLACEMENT_3D('',#1248,#1249,#1250);
#1248 = CARTESIAN_POINT('',(145.4,150.6,143.));
#1249 = DIRECTION('',(1.,0.,-0.));
#1250 = DIRECTION('',(0.,0.,1.));
#1251 = DEFINITIONAL_REPRESENTATION('',(#1252),#1255);
#1252 = B_SPLINE_CURVE_WITH_KNOTS('',1,(#1253,#1254),.UNSPECIFIED.,.F.,
  .F.,(2,2),(0.3,3.7),.PIECEWISE_BEZIER_KNOTS.);
#1253 = CARTESIAN_POINT('',(3.,0.));
#1254 = CARTESIAN_POINT('',(3.,-3.4));
#1255 = ( GEOMETRIC_REPRESENTATION_CONTEXT(2) 
PARAMETRIC_REPRESENTATION_CONTEXT() REPRESENTATION_CONTEXT('2D SPACE',''
  ) );
#1256 = ORIENTED_EDGE('',*,*,#1257,.T.);
#1257 = EDGE_CURVE('',#1232,#113,#1258,.T.);
#1258 = SURFACE_CURVE('',#1259,(#1263,#1269),.PCURVE_S1.);
#1259 = LINE('',#1260,#1261);
#1260 = CARTESIAN_POINT('',(194.5,152.98443556292,146.));
#1261 = VECTOR('',#1262,1.);
#1262 = DIRECTION('',(-1.,0.,0.));
#1263 = PCURVE('',#128,#1264);
#1264 = DEFINITIONAL_REPRESENTATION('',(#1265),#1268);
#1265 = B_SPLINE_CURVE_WITH_KNOTS('',1,(#1266,#1267),.UNSPECIFIED.,.F.,
  .F.,(2,2),(0.,73.3),.PIECEWISE_BEZIER_KNOTS.);
#1266 = CARTESIAN_POINT('',(64.5,2.984435562925));
#1267 = CARTESIAN_POINT('',(-8.8,2.984435562925));
#1268 = ( GEOMETRIC_REPRESENTATION_CONTEXT(2) 
PARAMETRIC_REPRESENTATION_CONTEXT() REPRESENTATION_CONTEXT('2D SPACE',''
  ) );
#1269 = PCURVE('',#161,#1270);
#1270 = DEFINITIONAL_REPRESENTATION('',(#1271),#1274);
#1271 = B_SPLINE_CURVE_WITH_KNOTS('',1,(#1272,#1273),.UNSPECIFIED.,.F.,
  .F.,(2,2),(0.,73.3),.PIECEWISE_BEZIER_KNOTS.);
#1272 = CARTESIAN_POINT('',(5.172942972066,0.));
#1273 = CARTESIAN_POINT('',(5.172942972066,73.3));
#1274 = ( GEOMETRIC_REPRESENTATION_CONTEXT(2) 
PARAMETRIC_REPRESENTATION_CONTEXT() REPRESENTATION_CONTEXT('2D SPACE',''
  ) );
#1275 = FACE_BOUND('',#1276,.F.);
#1276 = EDGE_LOOP('',(#1277));
#1277 = ORIENTED_EDGE('',*,*,#1278,.F.);
#1278 = EDGE_CURVE('',#1279,#1279,#1281,.T.);
#1279 = VERTEX_POINT('',#1280);
#1280 = CARTESIAN_POINT('',(213.7,157.,146.));
#1281 = SURFACE_CURVE('',#1282,(#1287,#1294),.PCURVE_S1.);
#1282 = CIRCLE('',#1283,1.7);
#1283 = AXIS2_PLACEMENT_3D('',#1284,#1285,#1286);
#1284 = CARTESIAN_POINT('',(212.,157.,146.));
#1285 = DIRECTION('',(0.,0.,1.));
#1286 = DIRECTION('',(1.,0.,0.));
#1287 = PCURVE('',#128,#1288);
#1288 = DEFINITIONAL_REPRESENTATION('',(#1289),#1293);
#1289 = CIRCLE('',#1290,1.7);
#1290 = AXIS2_PLACEMENT_2D('',#1291,#1292);
#1291 = CARTESIAN_POINT('',(82.,7.));
#1292 = DIRECTION('',(1.,0.));
#1293 = ( GEOMETRIC_REPRESENTATION_CONTEXT(2) 
PARAMETRIC_REPRESENTATION_CONTEXT() REPRESENTATION_CONTEXT('2D SPACE',''
  ) );
#1294 = PCURVE('',#1295,#1300);
#1295 = CYLINDRICAL_SURFACE('',#1296,1.7);
#1296 = AXIS2_PLACEMENT_3D('',#1297,#1298,#1299);
#1297 = CARTESIAN_POINT('',(212.,157.,145.9));
#1298 = DIRECTION('',(0.,0.,1.));
#1299 = DIRECTION('',(1.,0.,0.));
#1300 = DEFINITIONAL_REPRESENTATION('',(#1301),#1305);
#1301 = LINE('',#1302,#1303);
#1302 = CARTESIAN_POINT('',(0.,0.1));
#1303 = VECTOR('',#1304,1.);
#1304 = DIRECTION('',(1.,0.));
#1305 = ( GEOMETRIC_REPRESENTATION_CONTEXT(2) 
PARAMETRIC_REPRESENTATION_CONTEXT() REPRESENTATION_CONTEXT('2D SPACE',''
  ) );
#1306 = FACE_BOUND('',#1307,.F.);
#1307 = EDGE_LOOP('',(#1308,#1338,#1371,#1404,#1432));
#1308 = ORIENTED_EDGE('',*,*,#1309,.F.);
#1309 = EDGE_CURVE('',#1310,#1312,#1314,.T.);
#1310 = VERTEX_POINT('',#1311);
#1311 = CARTESIAN_POINT('',(200.,183.,146.));
#1312 = VERTEX_POINT('',#1313);
#1313 = CARTESIAN_POINT('',(200.,157.,146.));
#1314 = SURFACE_CURVE('',#1315,(#1319,#1326),.PCURVE_S1.);
#1315 = LINE('',#1316,#1317);
#1316 = CARTESIAN_POINT('',(200.,153.5,146.));
#1317 = VECTOR('',#1318,1.);
#1318 = DIRECTION('',(-1.110223024625E-16,-1.,0.));
#1319 = PCURVE('',#128,#1320);
#1320 = DEFINITIONAL_REPRESENTATION('',(#1321),#1325);
#1321 = LINE('',#1322,#1323);
#1322 = CARTESIAN_POINT('',(70.,3.5));
#1323 = VECTOR('',#1324,1.);
#1324 = DIRECTION('',(-1.110223024625E-16,-1.));
#1325 = ( GEOMETRIC_REPRESENTATION_CONTEXT(2) 
PARAMETRIC_REPRESENTATION_CONTEXT() REPRESENTATION_CONTEXT('2D SPACE',''
  ) );
#1326 = PCURVE('',#1327,#1332);
#1327 = PLANE('',#1328);
#1328 = AXIS2_PLACEMENT_3D('',#1329,#1330,#1331);
#1329 = CARTESIAN_POINT('',(200.,157.,145.9));
#1330 = DIRECTION('',(-1.,1.110223024625E-16,0.));
#1331 = DIRECTION('',(1.110223024625E-16,1.,0.));
#1332 = DEFINITIONAL_REPRESENTATION('',(#1333),#1337);
#1333 = LINE('',#1334,#1335);
#1334 = CARTESIAN_POINT('',(-3.5,-0.1));
#1335 = VECTOR('',#1336,1.);
#1336 = DIRECTION('',(-1.,-0.));
#1337 = ( GEOMETRIC_REPRESENTATION_CONTEXT(2) 
PARAMETRIC_REPRESENTATION_CONTEXT() REPRESENTATION_CONTEXT('2D SPACE',''
  ) );
#1338 = ORIENTED_EDGE('',*,*,#1339,.T.);
#1339 = EDGE_CURVE('',#1310,#1340,#1342,.T.);
#1340 = VERTEX_POINT('',#1341);
#1341 = CARTESIAN_POINT('',(202.,185.,146.));
#1342 = SURFACE_CURVE('',#1343,(#1348,#1359),.PCURVE_S1.);
#1343 = CIRCLE('',#1344,2.);
#1344 = AXIS2_PLACEMENT_3D('',#1345,#1346,#1347);
#1345 = CARTESIAN_POINT('',(202.,183.,146.));
#1346 = DIRECTION('',(0.,0.,-1.));
#1347 = DIRECTION('',(-1.,1.110223024625E-16,0.));
#1348 = PCURVE('',#128,#1349);
#1349 = DEFINITIONAL_REPRESENTATION('',(#1350),#1358);
#1350 = ( BOUNDED_CURVE() B_SPLINE_CURVE(2,(#1351,#1352,#1353,#1354,
#1355,#1356,#1357),.UNSPECIFIED.,.T.,.F.) B_SPLINE_CURVE_WITH_KNOTS((1,2
    ,2,2,2,1),(-2.094395102393,0.,2.094395102393,4.188790204786,
6.28318530718,8.377580409573),.UNSPECIFIED.) CURVE() 
GEOMETRIC_REPRESENTATION_ITEM() RATIONAL_B_SPLINE_CURVE((1.,0.5,1.,0.5,
1.,0.5,1.)) REPRESENTATION_ITEM('') );
#1351 = CARTESIAN_POINT('',(70.,33.));
#1352 = CARTESIAN_POINT('',(70.,36.464101615138));
#1353 = CARTESIAN_POINT('',(73.,34.732050807569));
#1354 = CARTESIAN_POINT('',(76.,33.));
#1355 = CARTESIAN_POINT('',(73.,31.267949192431));
#1356 = CARTESIAN_POINT('',(70.,29.535898384862));
#1357 = CARTESIAN_POINT('',(70.,33.));
#1358 = ( GEOMETRIC_REPRESENTATION_CONTEXT(2) 
PARAMETRIC_REPRESENTATION_CONTEXT() REPRESENTATION_CONTEXT('2D SPACE',''
  ) );
#1359 = PCURVE('',#1360,#1365);
#1360 = CYLINDRICAL_SURFACE('',#1361,2.);
#1361 = AXIS2_PLACEMENT_3D('',#1362,#1363,#1364);
#1362 = CARTESIAN_POINT('',(202.,183.,145.9));
#1363 = DIRECTION('',(0.,0.,-1.));
#1364 = DIRECTION('',(-1.,1.110223024625E-16,0.));
#1365 = DEFINITIONAL_REPRESENTATION('',(#1366),#1370);
#1366 = LINE('',#1367,#1368);
#1367 = CARTESIAN_POINT('',(0.,-0.1));
#1368 = VECTOR('',#1369,1.);
#1369 = DIRECTION('',(1.,0.));
#1370 = ( GEOMETRIC_REPRESENTATION_CONTEXT(2) 
PARAMETRIC_REPRESENTATION_CONTEXT() REPRESENTATION_CONTEXT('2D SPACE',''
  ) );
#1371 = ORIENTED_EDGE('',*,*,#1372,.T.);
#1372 = EDGE_CURVE('',#1340,#1373,#1375,.T.);
#1373 = VERTEX_POINT('',#1374);
#1374 = CARTESIAN_POINT('',(204.,183.,146.));
#1375 = SURFACE_CURVE('',#1376,(#1381,#1392),.PCURVE_S1.);
#1376 = CIRCLE('',#1377,2.);
#1377 = AXIS2_PLACEMENT_3D('',#1378,#1379,#1380);
#1378 = CARTESIAN_POINT('',(202.,183.,146.));
#1379 = DIRECTION('',(0.,0.,-1.));
#1380 = DIRECTION('',(-1.,1.110223024625E-16,0.));
#1381 = PCURVE('',#128,#1382);
#1382 = DEFINITIONAL_REPRESENTATION('',(#1383),#1391);
#1383 = ( BOUNDED_CURVE() B_SPLINE_CURVE(2,(#1384,#1385,#1386,#1387,
#1388,#1389,#1390),.UNSPECIFIED.,.T.,.F.) B_SPLINE_CURVE_WITH_KNOTS((1,2
    ,2,2,2,1),(-2.094395102393,0.,2.094395102393,4.188790204786,
6.28318530718,8.377580409573),.UNSPECIFIED.) CURVE() 
GEOMETRIC_REPRESENTATION_ITEM() RATIONAL_B_SPLINE_CURVE((1.,0.5,1.,0.5,
1.,0.5,1.)) REPRESENTATION_ITEM('') );
#1384 = CARTESIAN_POINT('',(70.,33.));
#1385 = CARTESIAN_POINT('',(70.,36.464101615138));
#1386 = CARTESIAN_POINT('',(73.,34.732050807569));
#1387 = CARTESIAN_POINT('',(76.,33.));
#1388 = CARTESIAN_POINT('',(73.,31.267949192431));
#1389 = CARTESIAN_POINT('',(70.,29.535898384862));
#1390 = CARTESIAN_POINT('',(70.,33.));
#1391 = ( GEOMETRIC_REPRESENTATION_CONTEXT(2) 
PARAMETRIC_REPRESENTATION_CONTEXT() REPRESENTATION_CONTEXT('2D SPACE',''
  ) );
#1392 = PCURVE('',#1393,#1398);
#1393 = CYLINDRICAL_SURFACE('',#1394,2.);
#1394 = AXIS2_PLACEMENT_3D('',#1395,#1396,#1397);
#1395 = CARTESIAN_POINT('',(202.,183.,145.9));
#1396 = DIRECTION('',(0.,0.,-1.));
#1397 = DIRECTION('',(-1.,1.110223024625E-16,0.));
#1398 = DEFINITIONAL_REPRESENTATION('',(#1399),#1403);
#1399 = LINE('',#1400,#1401);
#1400 = CARTESIAN_POINT('',(0.,-0.1));
#1401 = VECTOR('',#1402,1.);
#1402 = DIRECTION('',(1.,0.));
#1403 = ( GEOMETRIC_REPRESENTATION_CONTEXT(2) 
PARAMETRIC_REPRESENTATION_CONTEXT() REPRESENTATION_CONTEXT('2D SPACE',''
  ) );
#1404 = ORIENTED_EDGE('',*,*,#1405,.F.);
#1405 = EDGE_CURVE('',#1406,#1373,#1408,.T.);
#1406 = VERTEX_POINT('',#1407);
#1407 = CARTESIAN_POINT('',(204.,157.,146.));
#1408 = SURFACE_CURVE('',#1409,(#1413,#1420),.PCURVE_S1.);
#1409 = LINE('',#1410,#1411);
#1410 = CARTESIAN_POINT('',(204.,166.5,146.));
#1411 = VECTOR('',#1412,1.);
#1412 = DIRECTION('',(1.110223024625E-16,1.,0.));
#1413 = PCURVE('',#128,#1414);
#1414 = DEFINITIONAL_REPRESENTATION('',(#1415),#1419);
#1415 = LINE('',#1416,#1417);
#1416 = CARTESIAN_POINT('',(74.,16.5));
#1417 = VECTOR('',#1418,1.);
#1418 = DIRECTION('',(1.110223024625E-16,1.));
#1419 = ( GEOMETRIC_REPRESENTATION_CONTEXT(2) 
PARAMETRIC_REPRESENTATION_CONTEXT() REPRESENTATION_CONTEXT('2D SPACE',''
  ) );
#1420 = PCURVE('',#1421,#1426);
#1421 = PLANE('',#1422);
#1422 = AXIS2_PLACEMENT_3D('',#1423,#1424,#1425);
#1423 = CARTESIAN_POINT('',(204.,183.,145.9));
#1424 = DIRECTION('',(1.,-1.110223024625E-16,0.));
#1425 = DIRECTION('',(-1.110223024625E-16,-1.,0.));
#1426 = DEFINITIONAL_REPRESENTATION('',(#1427),#1431);
#1427 = LINE('',#1428,#1429);
#1428 = CARTESIAN_POINT('',(16.5,-0.1));
#1429 = VECTOR('',#1430,1.);
#1430 = DIRECTION('',(-1.,0.));
#1431 = ( GEOMETRIC_REPRESENTATION_CONTEXT(2) 
PARAMETRIC_REPRESENTATION_CONTEXT() REPRESENTATION_CONTEXT('2D SPACE',''
  ) );
#1432 = ORIENTED_EDGE('',*,*,#1433,.T.);
#1433 = EDGE_CURVE('',#1406,#1312,#1434,.T.);
#1434 = SURFACE_CURVE('',#1435,(#1440,#1451),.PCURVE_S1.);
#1435 = CIRCLE('',#1436,2.);
#1436 = AXIS2_PLACEMENT_3D('',#1437,#1438,#1439);
#1437 = CARTESIAN_POINT('',(202.,157.,146.));
#1438 = DIRECTION('',(0.,-0.,-1.));
#1439 = DIRECTION('',(1.,-1.110223024625E-16,0.));
#1440 = PCURVE('',#128,#1441);
#1441 = DEFINITIONAL_REPRESENTATION('',(#1442),#1450);
#1442 = ( BOUNDED_CURVE() B_SPLINE_CURVE(2,(#1443,#1444,#1445,#1446,
#1447,#1448,#1449),.UNSPECIFIED.,.T.,.F.) B_SPLINE_CURVE_WITH_KNOTS((1,2
    ,2,2,2,1),(-2.094395102393,0.,2.094395102393,4.188790204786,
6.28318530718,8.377580409573),.UNSPECIFIED.) CURVE() 
GEOMETRIC_REPRESENTATION_ITEM() RATIONAL_B_SPLINE_CURVE((1.,0.5,1.,0.5,
1.,0.5,1.)) REPRESENTATION_ITEM('') );
#1443 = CARTESIAN_POINT('',(74.,7.));
#1444 = CARTESIAN_POINT('',(74.,3.535898384862));
#1445 = CARTESIAN_POINT('',(71.,5.267949192431));
#1446 = CARTESIAN_POINT('',(68.,7.));
#1447 = CARTESIAN_POINT('',(71.,8.732050807569));
#1448 = CARTESIAN_POINT('',(74.,10.464101615138));
#1449 = CARTESIAN_POINT('',(74.,7.));
#1450 = ( GEOMETRIC_REPRESENTATION_CONTEXT(2) 
PARAMETRIC_REPRESENTATION_CONTEXT() REPRESENTATION_CONTEXT('2D SPACE',''
  ) );
#1451 = PCURVE('',#1452,#1457);
#1452 = CYLINDRICAL_SURFACE('',#1453,2.);
#1453 = AXIS2_PLACEMENT_3D('',#1454,#1455,#1456);
#1454 = CARTESIAN_POINT('',(202.,157.,145.9));
#1455 = DIRECTION('',(0.,0.,-1.));
#1456 = DIRECTION('',(1.,-1.110223024625E-16,0.));
#1457 = DEFINITIONAL_REPRESENTATION('',(#1458),#1462);
#1458 = LINE('',#1459,#1460);
#1459 = CARTESIAN_POINT('',(0.,-0.1));
#1460 = VECTOR('',#1461,1.);
#1461 = DIRECTION('',(1.,0.));
#1462 = ( GEOMETRIC_REPRESENTATION_CONTEXT(2) 
PARAMETRIC_REPRESENTATION_CONTEXT() REPRESENTATION_CONTEXT('2D SPACE',''
  ) );
#1463 = FACE_BOUND('',#1464,.F.);
#1464 = EDGE_LOOP('',(#1465));
#1465 = ORIENTED_EDGE('',*,*,#1466,.F.);
#1466 = EDGE_CURVE('',#1467,#1467,#1469,.T.);
#1467 = VERTEX_POINT('',#1468);
#1468 = CARTESIAN_POINT('',(137.7,184.,146.));
#1469 = SURFACE_CURVE('',#1470,(#1475,#1482),.PCURVE_S1.);
#1470 = CIRCLE('',#1471,1.7);
#1471 = AXIS2_PLACEMENT_3D('',#1472,#1473,#1474);
#1472 = CARTESIAN_POINT('',(136.,184.,146.));
#1473 = DIRECTION('',(0.,0.,1.));
#1474 = DIRECTION('',(1.,0.,0.));
#1475 = PCURVE('',#128,#1476);
#1476 = DEFINITIONAL_REPRESENTATION('',(#1477),#1481);
#1477 = CIRCLE('',#1478,1.7);
#1478 = AXIS2_PLACEMENT_2D('',#1479,#1480);
#1479 = CARTESIAN_POINT('',(6.,34.));
#1480 = DIRECTION('',(1.,0.));
#1481 = ( GEOMETRIC_REPRESENTATION_CONTEXT(2) 
PARAMETRIC_REPRESENTATION_CONTEXT() REPRESENTATION_CONTEXT('2D SPACE',''
  ) );
#1482 = PCURVE('',#1483,#1488);
#1483 = CYLINDRICAL_SURFACE('',#1484,1.7);
#1484 = AXIS2_PLACEMENT_3D('',#1485,#1486,#1487);
#1485 = CARTESIAN_POINT('',(136.,184.,145.9));
#1486 = DIRECTION('',(0.,0.,1.));
#1487 = DIRECTION('',(1.,0.,0.));
#1488 = DEFINITIONAL_REPRESENTATION('',(#1489),#1493);
#1489 = LINE('',#1490,#1491);
#1490 = CARTESIAN_POINT('',(0.,0.1));
#1491 = VECTOR('',#1492,1.);
#1492 = DIRECTION('',(1.,0.));
#1493 = ( GEOMETRIC_REPRESENTATION_CONTEXT(2) 
PARAMETRIC_REPRESENTATION_CONTEXT() REPRESENTATION_CONTEXT('2D SPACE',''
  ) );
#1494 = FACE_BOUND('',#1495,.F.);
#1495 = EDGE_LOOP('',(#1496,#1522,#1548,#1574,#1600));
#1496 = ORIENTED_EDGE('',*,*,#1497,.T.);
#1497 = EDGE_CURVE('',#1498,#453,#1500,.T.);
#1498 = VERTEX_POINT('',#1499);
#1499 = CARTESIAN_POINT('',(156.6,185.,146.));
#1500 = SURFACE_CURVE('',#1501,(#1505,#1511),.PCURVE_S1.);
#1501 = LINE('',#1502,#1503);
#1502 = CARTESIAN_POINT('',(137.7,185.,146.));
#1503 = VECTOR('',#1504,1.);
#1504 = DIRECTION('',(-1.,-0.,0.));
#1505 = PCURVE('',#128,#1506);
#1506 = DEFINITIONAL_REPRESENTATION('',(#1507),#1510);
#1507 = B_SPLINE_CURVE_WITH_KNOTS('',1,(#1508,#1509),.UNSPECIFIED.,.F.,
  .F.,(2,2),(-18.9,-7.7),.PIECEWISE_BEZIER_KNOTS.);
#1508 = CARTESIAN_POINT('',(26.6,35.));
#1509 = CARTESIAN_POINT('',(15.4,35.));
#1510 = ( GEOMETRIC_REPRESENTATION_CONTEXT(2) 
PARAMETRIC_REPRESENTATION_CONTEXT() REPRESENTATION_CONTEXT('2D SPACE',''
  ) );
#1511 = PCURVE('',#1512,#1517);
#1512 = PLANE('',#1513);
#1513 = AXIS2_PLACEMENT_3D('',#1514,#1515,#1516);
#1514 = CARTESIAN_POINT('',(145.4,185.,143.));
#1515 = DIRECTION('',(-0.,1.,0.));
#1516 = DIRECTION('',(0.,0.,1.));
#1517 = DEFINITIONAL_REPRESENTATION('',(#1518),#1521);
#1518 = B_SPLINE_CURVE_WITH_KNOTS('',1,(#1519,#1520),.UNSPECIFIED.,.F.,
  .F.,(2,2),(-18.9,-7.7),.PIECEWISE_BEZIER_KNOTS.);
#1519 = CARTESIAN_POINT('',(3.,11.2));
#1520 = CARTESIAN_POINT('',(3.,0.));
#1521 = ( GEOMETRIC_REPRESENTATION_CONTEXT(2) 
PARAMETRIC_REPRESENTATION_CONTEXT() REPRESENTATION_CONTEXT('2D SPACE',''
  ) );
#1522 = ORIENTED_EDGE('',*,*,#1523,.T.);
#1523 = EDGE_CURVE('',#453,#1524,#1526,.T.);
#1524 = VERTEX_POINT('',#1525);
#1525 = CARTESIAN_POINT('',(145.4,185.,146.));
#1526 = SURFACE_CURVE('',#1527,(#1531,#1537),.PCURVE_S1.);
#1527 = LINE('',#1528,#1529);
#1528 = CARTESIAN_POINT('',(137.7,185.,146.));
#1529 = VECTOR('',#1530,1.);
#1530 = DIRECTION('',(-1.,-0.,0.));
#1531 = PCURVE('',#128,#1532);
#1532 = DEFINITIONAL_REPRESENTATION('',(#1533),#1536);
#1533 = B_SPLINE_CURVE_WITH_KNOTS('',1,(#1534,#1535),.UNSPECIFIED.,.F.,
  .F.,(2,2),(-18.9,-7.7),.PIECEWISE_BEZIER_KNOTS.);
#1534 = CARTESIAN_POINT('',(26.6,35.));
#1535 = CARTESIAN_POINT('',(15.4,35.));
#1536 = ( GEOMETRIC_REPRESENTATION_CONTEXT(2) 
PARAMETRIC_REPRESENTATION_CONTEXT() REPRESENTATION_CONTEXT('2D SPACE',''
  ) );
#1537 = PCURVE('',#1538,#1543);
#1538 = PLANE('',#1539);
#1539 = AXIS2_PLACEMENT_3D('',#1540,#1541,#1542);
#1540 = CARTESIAN_POINT('',(145.4,185.,143.));
#1541 = DIRECTION('',(-0.,1.,0.));
#1542 = DIRECTION('',(0.,0.,1.));
#1543 = DEFINITIONAL_REPRESENTATION('',(#1544),#1547);
#1544 = B_SPLINE_CURVE_WITH_KNOTS('',1,(#1545,#1546),.UNSPECIFIED.,.F.,
  .F.,(2,2),(-18.9,-7.7),.PIECEWISE_BEZIER_KNOTS.);
#1545 = CARTESIAN_POINT('',(3.,11.2));
#1546 = CARTESIAN_POINT('',(3.,0.));
#1547 = ( GEOMETRIC_REPRESENTATION_CONTEXT(2) 
PARAMETRIC_REPRESENTATION_CONTEXT() REPRESENTATION_CONTEXT('2D SPACE',''
  ) );
#1548 = ORIENTED_EDGE('',*,*,#1549,.T.);
#1549 = EDGE_CURVE('',#1524,#1550,#1552,.T.);
#1550 = VERTEX_POINT('',#1551);
#1551 = CARTESIAN_POINT('',(145.4,188.4,146.));
#1552 = SURFACE_CURVE('',#1553,(#1557,#1563),.PCURVE_S1.);
#1553 = LINE('',#1554,#1555);
#1554 = CARTESIAN_POINT('',(145.4,167.5,146.));
#1555 = VECTOR('',#1556,1.);
#1556 = DIRECTION('',(-0.,1.,0.));
#1557 = PCURVE('',#128,#1558);
#1558 = DEFINITIONAL_REPRESENTATION('',(#1559),#1562);
#1559 = B_SPLINE_CURVE_WITH_KNOTS('',1,(#1560,#1561),.UNSPECIFIED.,.F.,
  .F.,(2,2),(17.5,20.9),.PIECEWISE_BEZIER_KNOTS.);
#1560 = CARTESIAN_POINT('',(15.4,35.));
#1561 = CARTESIAN_POINT('',(15.4,38.4));
#1562 = ( GEOMETRIC_REPRESENTATION_CONTEXT(2) 
PARAMETRIC_REPRESENTATION_CONTEXT() REPRESENTATION_CONTEXT('2D SPACE',''
  ) );
#1563 = PCURVE('',#1564,#1569);
#1564 = PLANE('',#1565);
#1565 = AXIS2_PLACEMENT_3D('',#1566,#1567,#1568);
#1566 = CARTESIAN_POINT('',(145.4,185.,143.));
#1567 = DIRECTION('',(1.,0.,-0.));
#1568 = DIRECTION('',(0.,0.,1.));
#1569 = DEFINITIONAL_REPRESENTATION('',(#1570),#1573);
#1570 = B_SPLINE_CURVE_WITH_KNOTS('',1,(#1571,#1572),.UNSPECIFIED.,.F.,
  .F.,(2,2),(17.5,20.9),.PIECEWISE_BEZIER_KNOTS.);
#1571 = CARTESIAN_POINT('',(3.,0.));
#1572 = CARTESIAN_POINT('',(3.,-3.4));
#1573 = ( GEOMETRIC_REPRESENTATION_CONTEXT(2) 
PARAMETRIC_REPRESENTATION_CONTEXT() REPRESENTATION_CONTEXT('2D SPACE',''
  ) );
#1574 = ORIENTED_EDGE('',*,*,#1575,.F.);
#1575 = EDGE_CURVE('',#1576,#1550,#1578,.T.);
#1576 = VERTEX_POINT('',#1577);
#1577 = CARTESIAN_POINT('',(156.6,188.4,146.));
#1578 = SURFACE_CURVE('',#1579,(#1583,#1589),.PCURVE_S1.);
#1579 = LINE('',#1580,#1581);
#1580 = CARTESIAN_POINT('',(137.7,188.4,146.));
#1581 = VECTOR('',#1582,1.);
#1582 = DIRECTION('',(-1.,-0.,0.));
#1583 = PCURVE('',#128,#1584);
#1584 = DEFINITIONAL_REPRESENTATION('',(#1585),#1588);
#1585 = B_SPLINE_CURVE_WITH_KNOTS('',1,(#1586,#1587),.UNSPECIFIED.,.F.,
  .F.,(2,2),(-18.9,-7.7),.PIECEWISE_BEZIER_KNOTS.);
#1586 = CARTESIAN_POINT('',(26.6,38.4));
#1587 = CARTESIAN_POINT('',(15.4,38.4));
#1588 = ( GEOMETRIC_REPRESENTATION_CONTEXT(2) 
PARAMETRIC_REPRESENTATION_CONTEXT() REPRESENTATION_CONTEXT('2D SPACE',''
  ) );
#1589 = PCURVE('',#1590,#1595);
#1590 = PLANE('',#1591);
#1591 = AXIS2_PLACEMENT_3D('',#1592,#1593,#1594);
#1592 = CARTESIAN_POINT('',(145.4,188.4,143.));
#1593 = DIRECTION('',(-0.,1.,0.));
#1594 = DIRECTION('',(0.,0.,1.));
#1595 = DEFINITIONAL_REPRESENTATION('',(#1596),#1599);
#1596 = B_SPLINE_CURVE_WITH_KNOTS('',1,(#1597,#1598),.UNSPECIFIED.,.F.,
  .F.,(2,2),(-18.9,-7.7),.PIECEWISE_BEZIER_KNOTS.);
#1597 = CARTESIAN_POINT('',(3.,11.2));
#1598 = CARTESIAN_POINT('',(3.,0.));
#1599 = ( GEOMETRIC_REPRESENTATION_CONTEXT(2) 
PARAMETRIC_REPRESENTATION_CONTEXT() REPRESENTATION_CONTEXT('2D SPACE',''
  ) );
#1600 = ORIENTED_EDGE('',*,*,#1601,.F.);
#1601 = EDGE_CURVE('',#1498,#1576,#1602,.T.);
#1602 = SURFACE_CURVE('',#1603,(#1607,#1613),.PCURVE_S1.);
#1603 = LINE('',#1604,#1605);
#1604 = CARTESIAN_POINT('',(156.6,167.5,146.));
#1605 = VECTOR('',#1606,1.);
#1606 = DIRECTION('',(-0.,1.,0.));
#1607 = PCURVE('',#128,#1608);
#1608 = DEFINITIONAL_REPRESENTATION('',(#1609),#1612);
#1609 = B_SPLINE_CURVE_WITH_KNOTS('',1,(#1610,#1611),.UNSPECIFIED.,.F.,
  .F.,(2,2),(17.5,20.9),.PIECEWISE_BEZIER_KNOTS.);
#1610 = CARTESIAN_POINT('',(26.6,35.));
#1611 = CARTESIAN_POINT('',(26.6,38.4));
#1612 = ( GEOMETRIC_REPRESENTATION_CONTEXT(2) 
PARAMETRIC_REPRESENTATION_CONTEXT() REPRESENTATION_CONTEXT('2D SPACE',''
  ) );
#1613 = PCURVE('',#1614,#1619);
#1614 = PLANE('',#1615);
#1615 = AXIS2_PLACEMENT_3D('',#1616,#1617,#1618);
#1616 = CARTESIAN_POINT('',(156.6,185.,143.));
#1617 = DIRECTION('',(1.,0.,-0.));
#1618 = DIRECTION('',(0.,0.,1.));
#1619 = DEFINITIONAL_REPRESENTATION('',(#1620),#1623);
#1620 = B_SPLINE_CURVE_WITH_KNOTS('',1,(#1621,#1622),.UNSPECIFIED.,.F.,
  .F.,(2,2),(17.5,20.9),.PIECEWISE_BEZIER_KNOTS.);
#1621 = CARTESIAN_POINT('',(3.,0.));
#1622 = CARTESIAN_POINT('',(3.,-3.4));
#1623 = ( GEOMETRIC_REPRESENTATION_CONTEXT(2) 
PARAMETRIC_REPRESENTATION_CONTEXT() REPRESENTATION_CONTEXT('2D SPACE',''
  ) );
#1624 = FACE_BOUND('',#1625,.F.);
#1625 = EDGE_LOOP('',(#1626,#1654,#1680,#1706));
#1626 = ORIENTED_EDGE('',*,*,#1627,.T.);
#1627 = EDGE_CURVE('',#1628,#1630,#1632,.T.);
#1628 = VERTEX_POINT('',#1629);
#1629 = CARTESIAN_POINT('',(171.6,184.8,146.));
#1630 = VERTEX_POINT('',#1631);
#1631 = CARTESIAN_POINT('',(160.4,184.8,146.));
#1632 = SURFACE_CURVE('',#1633,(#1637,#1643),.PCURVE_S1.);
#1633 = LINE('',#1634,#1635);
#1634 = CARTESIAN_POINT('',(145.2,184.8,146.));
#1635 = VECTOR('',#1636,1.);
#1636 = DIRECTION('',(-1.,-0.,0.));
#1637 = PCURVE('',#128,#1638);
#1638 = DEFINITIONAL_REPRESENTATION('',(#1639),#1642);
#1639 = B_SPLINE_CURVE_WITH_KNOTS('',1,(#1640,#1641),.UNSPECIFIED.,.F.,
  .F.,(2,2),(-26.4,-15.2),.PIECEWISE_BEZIER_KNOTS.);
#1640 = CARTESIAN_POINT('',(41.6,34.8));
#1641 = CARTESIAN_POINT('',(30.4,34.8));
#1642 = ( GEOMETRIC_REPRESENTATION_CONTEXT(2) 
PARAMETRIC_REPRESENTATION_CONTEXT() REPRESENTATION_CONTEXT('2D SPACE',''
  ) );
#1643 = PCURVE('',#1644,#1649);
#1644 = PLANE('',#1645);
#1645 = AXIS2_PLACEMENT_3D('',#1646,#1647,#1648);
#1646 = CARTESIAN_POINT('',(160.4,184.8,143.));
#1647 = DIRECTION('',(-0.,1.,0.));
#1648 = DIRECTION('',(0.,0.,1.));
#1649 = DEFINITIONAL_REPRESENTATION('',(#1650),#1653);
#1650 = B_SPLINE_CURVE_WITH_KNOTS('',1,(#1651,#1652),.UNSPECIFIED.,.F.,
  .F.,(2,2),(-26.4,-15.2),.PIECEWISE_BEZIER_KNOTS.);
#1651 = CARTESIAN_POINT('',(3.,11.2));
#1652 = CARTESIAN_POINT('',(3.,0.));
#1653 = ( GEOMETRIC_REPRESENTATION_CONTEXT(2) 
PARAMETRIC_REPRESENTATION_CONTEXT() REPRESENTATION_CONTEXT('2D SPACE',''
  ) );
#1654 = ORIENTED_EDGE('',*,*,#1655,.T.);
#1655 = EDGE_CURVE('',#1630,#1656,#1658,.T.);
#1656 = VERTEX_POINT('',#1657);
#1657 = CARTESIAN_POINT('',(160.4,188.2,146.));
#1658 = SURFACE_CURVE('',#1659,(#1663,#1669),.PCURVE_S1.);
#1659 = LINE('',#1660,#1661);
#1660 = CARTESIAN_POINT('',(160.4,167.4,146.));
#1661 = VECTOR('',#1662,1.);
#1662 = DIRECTION('',(-0.,1.,0.));
#1663 = PCURVE('',#128,#1664);
#1664 = DEFINITIONAL_REPRESENTATION('',(#1665),#1668);
#1665 = B_SPLINE_CURVE_WITH_KNOTS('',1,(#1666,#1667),.UNSPECIFIED.,.F.,
  .F.,(2,2),(17.4,20.8),.PIECEWISE_BEZIER_KNOTS.);
#1666 = CARTESIAN_POINT('',(30.4,34.8));
#1667 = CARTESIAN_POINT('',(30.4,38.2));
#1668 = ( GEOMETRIC_REPRESENTATION_CONTEXT(2) 
PARAMETRIC_REPRESENTATION_CONTEXT() REPRESENTATION_CONTEXT('2D SPACE',''
  ) );
#1669 = PCURVE('',#1670,#1675);
#1670 = PLANE('',#1671);
#1671 = AXIS2_PLACEMENT_3D('',#1672,#1673,#1674);
#1672 = CARTESIAN_POINT('',(160.4,184.8,143.));
#1673 = DIRECTION('',(1.,0.,-0.));
#1674 = DIRECTION('',(0.,0.,1.));
#1675 = DEFINITIONAL_REPRESENTATION('',(#1676),#1679);
#1676 = B_SPLINE_CURVE_WITH_KNOTS('',1,(#1677,#1678),.UNSPECIFIED.,.F.,
  .F.,(2,2),(17.4,20.8),.PIECEWISE_BEZIER_KNOTS.);
#1677 = CARTESIAN_POINT('',(3.,0.));
#1678 = CARTESIAN_POINT('',(3.,-3.4));
#1679 = ( GEOMETRIC_REPRESENTATION_CONTEXT(2) 
PARAMETRIC_REPRESENTATION_CONTEXT() REPRESENTATION_CONTEXT('2D SPACE',''
  ) );
#1680 = ORIENTED_EDGE('',*,*,#1681,.F.);
#1681 = EDGE_CURVE('',#1682,#1656,#1684,.T.);
#1682 = VERTEX_POINT('',#1683);
#1683 = CARTESIAN_POINT('',(171.6,188.2,146.));
#1684 = SURFACE_CURVE('',#1685,(#1689,#1695),.PCURVE_S1.);
#1685 = LINE('',#1686,#1687);
#1686 = CARTESIAN_POINT('',(145.2,188.2,146.));
#1687 = VECTOR('',#1688,1.);
#1688 = DIRECTION('',(-1.,-0.,0.));
#1689 = PCURVE('',#128,#1690);
#1690 = DEFINITIONAL_REPRESENTATION('',(#1691),#1694);
#1691 = B_SPLINE_CURVE_WITH_KNOTS('',1,(#1692,#1693),.UNSPECIFIED.,.F.,
  .F.,(2,2),(-26.4,-15.2),.PIECEWISE_BEZIER_KNOTS.);
#1692 = CARTESIAN_POINT('',(41.6,38.2));
#1693 = CARTESIAN_POINT('',(30.4,38.2));
#1694 = ( GEOMETRIC_REPRESENTATION_CONTEXT(2) 
PARAMETRIC_REPRESENTATION_CONTEXT() REPRESENTATION_CONTEXT('2D SPACE',''
  ) );
#1695 = PCURVE('',#1696,#1701);
#1696 = PLANE('',#1697);
#1697 = AXIS2_PLACEMENT_3D('',#1698,#1699,#1700);
#1698 = CARTESIAN_POINT('',(160.4,188.2,143.));
#1699 = DIRECTION('',(-0.,1.,0.));
#1700 = DIRECTION('',(0.,0.,1.));
#1701 = DEFINITIONAL_REPRESENTATION('',(#1702),#1705);
#1702 = B_SPLINE_CURVE_WITH_KNOTS('',1,(#1703,#1704),.UNSPECIFIED.,.F.,
  .F.,(2,2),(-26.4,-15.2),.PIECEWISE_BEZIER_KNOTS.);
#1703 = CARTESIAN_POINT('',(3.,11.2));
#1704 = CARTESIAN_POINT('',(3.,0.));
#1705 = ( GEOMETRIC_REPRESENTATION_CONTEXT(2) 
PARAMETRIC_REPRESENTATION_CONTEXT() REPRESENTATION_CONTEXT('2D SPACE',''
  ) );
#1706 = ORIENTED_EDGE('',*,*,#1707,.F.);
#1707 = EDGE_CURVE('',#1628,#1682,#1708,.T.);
#1708 = SURFACE_CURVE('',#1709,(#1713,#1719),.PCURVE_S1.);
#1709 = LINE('',#1710,#1711);
#1710 = CARTESIAN_POINT('',(171.6,167.4,146.));
#1711 = VECTOR('',#1712,1.);
#1712 = DIRECTION('',(-0.,1.,0.));
#1713 = PCURVE('',#128,#1714);
#1714 = DEFINITIONAL_REPRESENTATION('',(#1715),#1718);
#1715 = B_SPLINE_CURVE_WITH_KNOTS('',1,(#1716,#1717),.UNSPECIFIED.,.F.,
  .F.,(2,2),(17.4,20.8),.PIECEWISE_BEZIER_KNOTS.);
#1716 = CARTESIAN_POINT('',(41.6,34.8));
#1717 = CARTESIAN_POINT('',(41.6,38.2));
#1718 = ( GEOMETRIC_REPRESENTATION_CONTEXT(2) 
PARAMETRIC_REPRESENTATION_CONTEXT() REPRESENTATION_CONTEXT('2D SPACE',''
  ) );
#1719 = PCURVE('',#1720,#1725);
#1720 = PLANE('',#1721);
#1721 = AXIS2_PLACEMENT_3D('',#1722,#1723,#1724);
#1722 = CARTESIAN_POINT('',(171.6,184.8,143.));
#1723 = DIRECTION('',(1.,0.,-0.));
#1724 = DIRECTION('',(0.,0.,1.));
#1725 = DEFINITIONAL_REPRESENTATION('',(#1726),#1729);
#1726 = B_SPLINE_CURVE_WITH_KNOTS('',1,(#1727,#1728),.UNSPECIFIED.,.F.,
  .F.,(2,2),(17.4,20.8),.PIECEWISE_BEZIER_KNOTS.);
#1727 = CARTESIAN_POINT('',(3.,0.));
#1728 = CARTESIAN_POINT('',(3.,-3.4));
#1729 = ( GEOMETRIC_REPRESENTATION_CONTEXT(2) 
PARAMETRIC_REPRESENTATION_CONTEXT() REPRESENTATION_CONTEXT('2D SPACE',''
  ) );
#1730 = FACE_BOUND('',#1731,.F.);
#1731 = EDGE_LOOP('',(#1732,#1760,#1786,#1812));
#1732 = ORIENTED_EDGE('',*,*,#1733,.T.);
#1733 = EDGE_CURVE('',#1734,#1736,#1738,.T.);
#1734 = VERTEX_POINT('',#1735);
#1735 = CARTESIAN_POINT('',(190.6,184.8,146.));
#1736 = VERTEX_POINT('',#1737);
#1737 = CARTESIAN_POINT('',(179.4,184.8,146.));
#1738 = SURFACE_CURVE('',#1739,(#1743,#1749),.PCURVE_S1.);
#1739 = LINE('',#1740,#1741);
#1740 = CARTESIAN_POINT('',(154.7,184.8,146.));
#1741 = VECTOR('',#1742,1.);
#1742 = DIRECTION('',(-1.,-0.,0.));
#1743 = PCURVE('',#128,#1744);
#1744 = DEFINITIONAL_REPRESENTATION('',(#1745),#1748);
#1745 = B_SPLINE_CURVE_WITH_KNOTS('',1,(#1746,#1747),.UNSPECIFIED.,.F.,
  .F.,(2,2),(-35.9,-24.7),.PIECEWISE_BEZIER_KNOTS.);
#1746 = CARTESIAN_POINT('',(60.6,34.8));
#1747 = CARTESIAN_POINT('',(49.4,34.8));
#1748 = ( GEOMETRIC_REPRESENTATION_CONTEXT(2) 
PARAMETRIC_REPRESENTATION_CONTEXT() REPRESENTATION_CONTEXT('2D SPACE',''
  ) );
#1749 = PCURVE('',#1750,#1755);
#1750 = PLANE('',#1751);
#1751 = AXIS2_PLACEMENT_3D('',#1752,#1753,#1754);
#1752 = CARTESIAN_POINT('',(179.4,184.8,143.));
#1753 = DIRECTION('',(-0.,1.,0.));
#1754 = DIRECTION('',(0.,0.,1.));
#1755 = DEFINITIONAL_REPRESENTATION('',(#1756),#1759);
#1756 = B_SPLINE_CURVE_WITH_KNOTS('',1,(#1757,#1758),.UNSPECIFIED.,.F.,
  .F.,(2,2),(-35.9,-24.7),.PIECEWISE_BEZIER_KNOTS.);
#1757 = CARTESIAN_POINT('',(3.,11.2));
#1758 = CARTESIAN_POINT('',(3.,0.));
#1759 = ( GEOMETRIC_REPRESENTATION_CONTEXT(2) 
PARAMETRIC_REPRESENTATION_CONTEXT() REPRESENTATION_CONTEXT('2D SPACE',''
  ) );
#1760 = ORIENTED_EDGE('',*,*,#1761,.T.);
#1761 = EDGE_CURVE('',#1736,#1762,#1764,.T.);
#1762 = VERTEX_POINT('',#1763);
#1763 = CARTESIAN_POINT('',(179.4,188.2,146.));
#1764 = SURFACE_CURVE('',#1765,(#1769,#1775),.PCURVE_S1.);
#1765 = LINE('',#1766,#1767);
#1766 = CARTESIAN_POINT('',(179.4,167.4,146.));
#1767 = VECTOR('',#1768,1.);
#1768 = DIRECTION('',(-0.,1.,0.));
#1769 = PCURVE('',#128,#1770);
#1770 = DEFINITIONAL_REPRESENTATION('',(#1771),#1774);
#1771 = B_SPLINE_CURVE_WITH_KNOTS('',1,(#1772,#1773),.UNSPECIFIED.,.F.,
  .F.,(2,2),(17.4,20.8),.PIECEWISE_BEZIER_KNOTS.);
#1772 = CARTESIAN_POINT('',(49.4,34.8));
#1773 = CARTESIAN_POINT('',(49.4,38.2));
#1774 = ( GEOMETRIC_REPRESENTATION_CONTEXT(2) 
PARAMETRIC_REPRESENTATION_CONTEXT() REPRESENTATION_CONTEXT('2D SPACE',''
  ) );
#1775 = PCURVE('',#1776,#1781);
#1776 = PLANE('',#1777);
#1777 = AXIS2_PLACEMENT_3D('',#1778,#1779,#1780);
#1778 = CARTESIAN_POINT('',(179.4,184.8,143.));
#1779 = DIRECTION('',(1.,0.,-0.));
#1780 = DIRECTION('',(0.,0.,1.));
#1781 = DEFINITIONAL_REPRESENTATION('',(#1782),#1785);
#1782 = B_SPLINE_CURVE_WITH_KNOTS('',1,(#1783,#1784),.UNSPECIFIED.,.F.,
  .F.,(2,2),(17.4,20.8),.PIECEWISE_BEZIER_KNOTS.);
#1783 = CARTESIAN_POINT('',(3.,0.));
#1784 = CARTESIAN_POINT('',(3.,-3.4));
#1785 = ( GEOMETRIC_REPRESENTATION_CONTEXT(2) 
PARAMETRIC_REPRESENTATION_CONTEXT() REPRESENTATION_CONTEXT('2D SPACE',''
  ) );
#1786 = ORIENTED_EDGE('',*,*,#1787,.F.);
#1787 = EDGE_CURVE('',#1788,#1762,#1790,.T.);
#1788 = VERTEX_POINT('',#1789);
#1789 = CARTESIAN_POINT('',(190.6,188.2,146.));
#1790 = SURFACE_CURVE('',#1791,(#1795,#1801),.PCURVE_S1.);
#1791 = LINE('',#1792,#1793);
#1792 = CARTESIAN_POINT('',(154.7,188.2,146.));
#1793 = VECTOR('',#1794,1.);
#1794 = DIRECTION('',(-1.,-0.,0.));
#1795 = PCURVE('',#128,#1796);
#1796 = DEFINITIONAL_REPRESENTATION('',(#1797),#1800);
#1797 = B_SPLINE_CURVE_WITH_KNOTS('',1,(#1798,#1799),.UNSPECIFIED.,.F.,
  .F.,(2,2),(-35.9,-24.7),.PIECEWISE_BEZIER_KNOTS.);
#1798 = CARTESIAN_POINT('',(60.6,38.2));
#1799 = CARTESIAN_POINT('',(49.4,38.2));
#1800 = ( GEOMETRIC_REPRESENTATION_CONTEXT(2) 
PARAMETRIC_REPRESENTATION_CONTEXT() REPRESENTATION_CONTEXT('2D SPACE',''
  ) );
#1801 = PCURVE('',#1802,#1807);
#1802 = PLANE('',#1803);
#1803 = AXIS2_PLACEMENT_3D('',#1804,#1805,#1806);
#1804 = CARTESIAN_POINT('',(179.4,188.2,143.));
#1805 = DIRECTION('',(-0.,1.,0.));
#1806 = DIRECTION('',(0.,0.,1.));
#1807 = DEFINITIONAL_REPRESENTATION('',(#1808),#1811);
#1808 = B_SPLINE_CURVE_WITH_KNOTS('',1,(#1809,#1810),.UNSPECIFIED.,.F.,
  .F.,(2,2),(-35.9,-24.7),.PIECEWISE_BEZIER_KNOTS.);
#1809 = CARTESIAN_POINT('',(3.,11.2));
#1810 = CARTESIAN_POINT('',(3.,0.));
#1811 = ( GEOMETRIC_REPRESENTATION_CONTEXT(2) 
PARAMETRIC_REPRESENTATION_CONTEXT() REPRESENTATION_CONTEXT('2D SPACE',''
  ) );
#1812 = ORIENTED_EDGE('',*,*,#1813,.F.);
#1813 = EDGE_CURVE('',#1734,#1788,#1814,.T.);
#1814 = SURFACE_CURVE('',#1815,(#1819,#1825),.PCURVE_S1.);
#1815 = LINE('',#1816,#1817);
#1816 = CARTESIAN_POINT('',(190.6,167.4,146.));
#1817 = VECTOR('',#1818,1.);
#1818 = DIRECTION('',(-0.,1.,0.));
#1819 = PCURVE('',#128,#1820);
#1820 = DEFINITIONAL_REPRESENTATION('',(#1821),#1824);
#1821 = B_SPLINE_CURVE_WITH_KNOTS('',1,(#1822,#1823),.UNSPECIFIED.,.F.,
  .F.,(2,2),(17.4,20.8),.PIECEWISE_BEZIER_KNOTS.);
#1822 = CARTESIAN_POINT('',(60.6,34.8));
#1823 = CARTESIAN_POINT('',(60.6,38.2));
#1824 = ( GEOMETRIC_REPRESENTATION_CONTEXT(2) 
PARAMETRIC_REPRESENTATION_CONTEXT() REPRESENTATION_CONTEXT('2D SPACE',''
  ) );
#1825 = PCURVE('',#1826,#1831);
#1826 = PLANE('',#1827);
#1827 = AXIS2_PLACEMENT_3D('',#1828,#1829,#1830);
#1828 = CARTESIAN_POINT('',(190.6,184.8,143.));
#1829 = DIRECTION('',(1.,0.,-0.));
#1830 = DIRECTION('',(0.,0.,1.));
#1831 = DEFINITIONAL_REPRESENTATION('',(#1832),#1835);
#1832 = B_SPLINE_CURVE_WITH_KNOTS('',1,(#1833,#1834),.UNSPECIFIED.,.F.,
  .F.,(2,2),(17.4,20.8),.PIECEWISE_BEZIER_KNOTS.);
#1833 = CARTESIAN_POINT('',(3.,0.));
#1834 = CARTESIAN_POINT('',(3.,-3.4));
#1835 = ( GEOMETRIC_REPRESENTATION_CONTEXT(2) 
PARAMETRIC_REPRESENTATION_CONTEXT() REPRESENTATION_CONTEXT('2D SPACE',''
  ) );
#1836 = FACE_BOUND('',#1837,.F.);
#1837 = EDGE_LOOP('',(#1838));
#1838 = ORIENTED_EDGE('',*,*,#1839,.F.);
#1839 = EDGE_CURVE('',#1840,#1840,#1842,.T.);
#1840 = VERTEX_POINT('',#1841);
#1841 = CARTESIAN_POINT('',(213.7,184.,146.));
#1842 = SURFACE_CURVE('',#1843,(#1848,#1855),.PCURVE_S1.);
#1843 = CIRCLE('',#1844,1.7);
#1844 = AXIS2_PLACEMENT_3D('',#1845,#1846,#1847);
#1845 = CARTESIAN_POINT('',(212.,184.,146.));
#1846 = DIRECTION('',(0.,0.,1.));
#1847 = DIRECTION('',(1.,0.,0.));
#1848 = PCURVE('',#128,#1849);
#1849 = DEFINITIONAL_REPRESENTATION('',(#1850),#1854);
#1850 = CIRCLE('',#1851,1.7);
#1851 = AXIS2_PLACEMENT_2D('',#1852,#1853);
#1852 = CARTESIAN_POINT('',(82.,34.));
#1853 = DIRECTION('',(1.,0.));
#1854 = ( GEOMETRIC_REPRESENTATION_CONTEXT(2) 
PARAMETRIC_REPRESENTATION_CONTEXT() REPRESENTATION_CONTEXT('2D SPACE',''
  ) );
#1855 = PCURVE('',#1856,#1861);
#1856 = CYLINDRICAL_SURFACE('',#1857,1.7);
#1857 = AXIS2_PLACEMENT_3D('',#1858,#1859,#1860);
#1858 = CARTESIAN_POINT('',(212.,184.,145.9));
#1859 = DIRECTION('',(0.,0.,1.));
#1860 = DIRECTION('',(1.,0.,0.));
#1861 = DEFINITIONAL_REPRESENTATION('',(#1862),#1866);
#1862 = LINE('',#1863,#1864);
#1863 = CARTESIAN_POINT('',(0.,0.1));
#1864 = VECTOR('',#1865,1.);
#1865 = DIRECTION('',(1.,0.));
#1866 = ( GEOMETRIC_REPRESENTATION_CONTEXT(2) 
PARAMETRIC_REPRESENTATION_CONTEXT() REPRESENTATION_CONTEXT('2D SPACE',''
  ) );
#1867 = FACE_BOUND('',#1868,.F.);
#1868 = EDGE_LOOP('',(#1869,#1895,#1921,#1947,#1973));
#1869 = ORIENTED_EDGE('',*,*,#1870,.T.);
#1870 = EDGE_CURVE('',#1871,#1340,#1873,.T.);
#1871 = VERTEX_POINT('',#1872);
#1872 = CARTESIAN_POINT('',(202.6,185.,146.));
#1873 = SURFACE_CURVE('',#1874,(#1878,#1884),.PCURVE_S1.);
#1874 = LINE('',#1875,#1876);
#1875 = CARTESIAN_POINT('',(160.7,185.,146.));
#1876 = VECTOR('',#1877,1.);
#1877 = DIRECTION('',(-1.,-0.,0.));
#1878 = PCURVE('',#128,#1879);
#1879 = DEFINITIONAL_REPRESENTATION('',(#1880),#1883);
#1880 = B_SPLINE_CURVE_WITH_KNOTS('',1,(#1881,#1882),.UNSPECIFIED.,.F.,
  .F.,(2,2),(-41.9,-30.7),.PIECEWISE_BEZIER_KNOTS.);
#1881 = CARTESIAN_POINT('',(72.6,35.));
#1882 = CARTESIAN_POINT('',(61.4,35.));
#1883 = ( GEOMETRIC_REPRESENTATION_CONTEXT(2) 
PARAMETRIC_REPRESENTATION_CONTEXT() REPRESENTATION_CONTEXT('2D SPACE',''
  ) );
#1884 = PCURVE('',#1885,#1890);
#1885 = PLANE('',#1886);
#1886 = AXIS2_PLACEMENT_3D('',#1887,#1888,#1889);
#1887 = CARTESIAN_POINT('',(191.4,185.,143.));
#1888 = DIRECTION('',(-0.,1.,0.));
#1889 = DIRECTION('',(0.,0.,1.));
#1890 = DEFINITIONAL_REPRESENTATION('',(#1891),#1894);
#1891 = B_SPLINE_CURVE_WITH_KNOTS('',1,(#1892,#1893),.UNSPECIFIED.,.F.,
  .F.,(2,2),(-41.9,-30.7),.PIECEWISE_BEZIER_KNOTS.);
#1892 = CARTESIAN_POINT('',(3.,11.2));
#1893 = CARTESIAN_POINT('',(3.,0.));
#1894 = ( GEOMETRIC_REPRESENTATION_CONTEXT(2) 
PARAMETRIC_REPRESENTATION_CONTEXT() REPRESENTATION_CONTEXT('2D SPACE',''
  ) );
#1895 = ORIENTED_EDGE('',*,*,#1896,.T.);
#1896 = EDGE_CURVE('',#1340,#1897,#1899,.T.);
#1897 = VERTEX_POINT('',#1898);
#1898 = CARTESIAN_POINT('',(191.4,185.,146.));
#1899 = SURFACE_CURVE('',#1900,(#1904,#1910),.PCURVE_S1.);
#1900 = LINE('',#1901,#1902);
#1901 = CARTESIAN_POINT('',(160.7,185.,146.));
#1902 = VECTOR('',#1903,1.);
#1903 = DIRECTION('',(-1.,-0.,0.));
#1904 = PCURVE('',#128,#1905);
#1905 = DEFINITIONAL_REPRESENTATION('',(#1906),#1909);
#1906 = B_SPLINE_CURVE_WITH_KNOTS('',1,(#1907,#1908),.UNSPECIFIED.,.F.,
  .F.,(2,2),(-41.9,-30.7),.PIECEWISE_BEZIER_KNOTS.);
#1907 = CARTESIAN_POINT('',(72.6,35.));
#1908 = CARTESIAN_POINT('',(61.4,35.));
#1909 = ( GEOMETRIC_REPRESENTATION_CONTEXT(2) 
PARAMETRIC_REPRESENTATION_CONTEXT() REPRESENTATION_CONTEXT('2D SPACE',''
  ) );
#1910 = PCURVE('',#1911,#1916);
#1911 = PLANE('',#1912);
#1912 = AXIS2_PLACEMENT_3D('',#1913,#1914,#1915);
#1913 = CARTESIAN_POINT('',(191.4,185.,143.));
#1914 = DIRECTION('',(-0.,1.,0.));
#1915 = DIRECTION('',(0.,0.,1.));
#1916 = DEFINITIONAL_REPRESENTATION('',(#1917),#1920);
#1917 = B_SPLINE_CURVE_WITH_KNOTS('',1,(#1918,#1919),.UNSPECIFIED.,.F.,
  .F.,(2,2),(-41.9,-30.7),.PIECEWISE_BEZIER_KNOTS.);
#1918 = CARTESIAN_POINT('',(3.,11.2));
#1919 = CARTESIAN_POINT('',(3.,0.));
#1920 = ( GEOMETRIC_REPRESENTATION_CONTEXT(2) 
PARAMETRIC_REPRESENTATION_CONTEXT() REPRESENTATION_CONTEXT('2D SPACE',''
  ) );
#1921 = ORIENTED_EDGE('',*,*,#1922,.T.);
#1922 = EDGE_CURVE('',#1897,#1923,#1925,.T.);
#1923 = VERTEX_POINT('',#1924);
#1924 = CARTESIAN_POINT('',(191.4,188.4,146.));
#1925 = SURFACE_CURVE('',#1926,(#1930,#1936),.PCURVE_S1.);
#1926 = LINE('',#1927,#1928);
#1927 = CARTESIAN_POINT('',(191.4,167.5,146.));
#1928 = VECTOR('',#1929,1.);
#1929 = DIRECTION('',(-0.,1.,0.));
#1930 = PCURVE('',#128,#1931);
#1931 = DEFINITIONAL_REPRESENTATION('',(#1932),#1935);
#1932 = B_SPLINE_CURVE_WITH_KNOTS('',1,(#1933,#1934),.UNSPECIFIED.,.F.,
  .F.,(2,2),(17.5,20.9),.PIECEWISE_BEZIER_KNOTS.);
#1933 = CARTESIAN_POINT('',(61.4,35.));
#1934 = CARTESIAN_POINT('',(61.4,38.4));
#1935 = ( GEOMETRIC_REPRESENTATION_CONTEXT(2) 
PARAMETRIC_REPRESENTATION_CONTEXT() REPRESENTATION_CONTEXT('2D SPACE',''
  ) );
#1936 = PCURVE('',#1937,#1942);
#1937 = PLANE('',#1938);
#1938 = AXIS2_PLACEMENT_3D('',#1939,#1940,#1941);
#1939 = CARTESIAN_POINT('',(191.4,185.,143.));
#1940 = DIRECTION('',(1.,0.,-0.));
#1941 = DIRECTION('',(0.,0.,1.));
#1942 = DEFINITIONAL_REPRESENTATION('',(#1943),#1946);
#1943 = B_SPLINE_CURVE_WITH_KNOTS('',1,(#1944,#1945),.UNSPECIFIED.,.F.,
  .F.,(2,2),(17.5,20.9),.PIECEWISE_BEZIER_KNOTS.);
#1944 = CARTESIAN_POINT('',(3.,0.));
#1945 = CARTESIAN_POINT('',(3.,-3.4));
#1946 = ( GEOMETRIC_REPRESENTATION_CONTEXT(2) 
PARAMETRIC_REPRESENTATION_CONTEXT() REPRESENTATION_CONTEXT('2D SPACE',''
  ) );
#1947 = ORIENTED_EDGE('',*,*,#1948,.F.);
#1948 = EDGE_CURVE('',#1949,#1923,#1951,.T.);
#1949 = VERTEX_POINT('',#1950);
#1950 = CARTESIAN_POINT('',(202.6,188.4,146.));
#1951 = SURFACE_CURVE('',#1952,(#1956,#1962),.PCURVE_S1.);
#1952 = LINE('',#1953,#1954);
#1953 = CARTESIAN_POINT('',(160.7,188.4,146.));
#1954 = VECTOR('',#1955,1.);
#1955 = DIRECTION('',(-1.,-0.,0.));
#1956 = PCURVE('',#128,#1957);
#1957 = DEFINITIONAL_REPRESENTATION('',(#1958),#1961);
#1958 = B_SPLINE_CURVE_WITH_KNOTS('',1,(#1959,#1960),.UNSPECIFIED.,.F.,
  .F.,(2,2),(-41.9,-30.7),.PIECEWISE_BEZIER_KNOTS.);
#1959 = CARTESIAN_POINT('',(72.6,38.4));
#1960 = CARTESIAN_POINT('',(61.4,38.4));
#1961 = ( GEOMETRIC_REPRESENTATION_CONTEXT(2) 
PARAMETRIC_REPRESENTATION_CONTEXT() REPRESENTATION_CONTEXT('2D SPACE',''
  ) );
#1962 = PCURVE('',#1963,#1968);
#1963 = PLANE('',#1964);
#1964 = AXIS2_PLACEMENT_3D('',#1965,#1966,#1967);
#1965 = CARTESIAN_POINT('',(191.4,188.4,143.));
#1966 = DIRECTION('',(-0.,1.,0.));
#1967 = DIRECTION('',(0.,0.,1.));
#1968 = DEFINITIONAL_REPRESENTATION('',(#1969),#1972);
#1969 = B_SPLINE_CURVE_WITH_KNOTS('',1,(#1970,#1971),.UNSPECIFIED.,.F.,
  .F.,(2,2),(-41.9,-30.7),.PIECEWISE_BEZIER_KNOTS.);
#1970 = CARTESIAN_POINT('',(3.,11.2));
#1971 = CARTESIAN_POINT('',(3.,0.));
#1972 = ( GEOMETRIC_REPRESENTATION_CONTEXT(2) 
PARAMETRIC_REPRESENTATION_CONTEXT() REPRESENTATION_CONTEXT('2D SPACE',''
  ) );
#1973 = ORIENTED_EDGE('',*,*,#1974,.F.);
#1974 = EDGE_CURVE('',#1871,#1949,#1975,.T.);
#1975 = SURFACE_CURVE('',#1976,(#1980,#1986),.PCURVE_S1.);
#1976 = LINE('',#1977,#1978);
#1977 = CARTESIAN_POINT('',(202.6,167.5,146.));
#1978 = VECTOR('',#1979,1.);
#1979 = DIRECTION('',(-0.,1.,0.));
#1980 = PCURVE('',#128,#1981);
#1981 = DEFINITIONAL_REPRESENTATION('',(#1982),#1985);
#1982 = B_SPLINE_CURVE_WITH_KNOTS('',1,(#1983,#1984),.UNSPECIFIED.,.F.,
  .F.,(2,2),(17.5,20.9),.PIECEWISE_BEZIER_KNOTS.);
#1983 = CARTESIAN_POINT('',(72.6,35.));
#1984 = CARTESIAN_POINT('',(72.6,38.4));
#1985 = ( GEOMETRIC_REPRESENTATION_CONTEXT(2) 
PARAMETRIC_REPRESENTATION_CONTEXT() REPRESENTATION_CONTEXT('2D SPACE',''
  ) );
#1986 = PCURVE('',#1987,#1992);
#1987 = PLANE('',#1988);
#1988 = AXIS2_PLACEMENT_3D('',#1989,#1990,#1991);
#1989 = CARTESIAN_POINT('',(202.6,185.,143.));
#1990 = DIRECTION('',(1.,0.,-0.));
#1991 = DIRECTION('',(0.,0.,1.));
#1992 = DEFINITIONAL_REPRESENTATION('',(#1993),#1996);
#1993 = B_SPLINE_CURVE_WITH_KNOTS('',1,(#1994,#1995),.UNSPECIFIED.,.F.,
  .F.,(2,2),(17.5,20.9),.PIECEWISE_BEZIER_KNOTS.);
#1994 = CARTESIAN_POINT('',(3.,0.));
#1995 = CARTESIAN_POINT('',(3.,-3.4));
#1996 = ( GEOMETRIC_REPRESENTATION_CONTEXT(2) 
PARAMETRIC_REPRESENTATION_CONTEXT() REPRESENTATION_CONTEXT('2D SPACE',''
  ) );
#1997 = ADVANCED_FACE('',(#1998),#194,.F.);
#1998 = FACE_BOUND('',#1999,.F.);
#1999 = EDGE_LOOP('',(#2000,#2022,#2173,#2195,#2196,#2225,#2468,#2469));
#2000 = ORIENTED_EDGE('',*,*,#2001,.F.);
#2001 = EDGE_CURVE('',#2002,#141,#2004,.T.);
#2002 = VERTEX_POINT('',#2003);
#2003 = CARTESIAN_POINT('',(146.,155.,147.25));
#2004 = SURFACE_CURVE('',#2005,(#2009,#2016),.PCURVE_S1.);
#2005 = LINE('',#2006,#2007);
#2006 = CARTESIAN_POINT('',(194.5,155.,147.25));
#2007 = VECTOR('',#2008,1.);
#2008 = DIRECTION('',(-1.,0.,0.));
#2009 = PCURVE('',#194,#2010);
#2010 = DEFINITIONAL_REPRESENTATION('',(#2011),#2015);
#2011 = LINE('',#2012,#2013);
#2012 = CARTESIAN_POINT('',(0.,0.));
#2013 = VECTOR('',#2014,1.);
#2014 = DIRECTION('',(0.,1.));
#2015 = ( GEOMETRIC_REPRESENTATION_CONTEXT(2) 
PARAMETRIC_REPRESENTATION_CONTEXT() REPRESENTATION_CONTEXT('2D SPACE',''
  ) );
#2016 = PCURVE('',#161,#2017);
#2017 = DEFINITIONAL_REPRESENTATION('',(#2018),#2021);
#2018 = B_SPLINE_CURVE_WITH_KNOTS('',1,(#2019,#2020),.UNSPECIFIED.,.F.,
  .F.,(2,2),(0.,174.),.PIECEWISE_BEZIER_KNOTS.);
#2019 = CARTESIAN_POINT('',(6.28318530718,0.));
#2020 = CARTESIAN_POINT('',(6.28318530718,174.));
#2021 = ( GEOMETRIC_REPRESENTATION_CONTEXT(2) 
PARAMETRIC_REPRESENTATION_CONTEXT() REPRESENTATION_CONTEXT('2D SPACE',''
  ) );
#2022 = ORIENTED_EDGE('',*,*,#2023,.T.);
#2023 = EDGE_CURVE('',#2002,#2024,#2026,.T.);
#2024 = VERTEX_POINT('',#2025);
#2025 = CARTESIAN_POINT('',(144.,157.,146.0307764064));
#2026 = SURFACE_CURVE('',#2027,(#2072,#2120),.PCURVE_S1.);
#2027 = B_SPLINE_CURVE_WITH_KNOTS('',8,(#2028,#2029,#2030,#2031,#2032,
    #2033,#2034,#2035,#2036,#2037,#2038,#2039,#2040,#2041,#2042,#2043,
    #2044,#2045,#2046,#2047,#2048,#2049,#2050,#2051,#2052,#2053,#2054,
    #2055,#2056,#2057,#2058,#2059,#2060,#2061,#2062,#2063,#2064,#2065,
    #2066,#2067,#2068,#2069,#2070,#2071),.UNSPECIFIED.,.F.,.F.,(9,7,7,7,
    7,7,9),(0.,0.411821400744,0.490778326388,0.622107233305,
    0.745446853218,0.813817355957,1.),.UNSPECIFIED.);
#2028 = CARTESIAN_POINT('',(145.99999997365,155.,147.25));
#2029 = CARTESIAN_POINT('',(145.82869831124,155.00000000225,147.25));
#2030 = CARTESIAN_POINT('',(145.65717684369,155.01676809932,
    147.24999997494));
#2031 = CARTESIAN_POINT('',(145.48674864864,155.05037999074,
    147.25000012481));
#2032 = CARTESIAN_POINT('',(145.318769464,155.10097729066,
    147.24929985427));
#2033 = CARTESIAN_POINT('',(145.15475663262,155.16875014402,
    147.2464860485));
#2034 = CARTESIAN_POINT('',(144.99643874918,155.25383163562,
    147.2393710175));
#2035 = CARTESIAN_POINT('',(144.84582885923,155.35625311876,
    147.22497320968));
#2036 = CARTESIAN_POINT('',(144.67830918709,155.4985394633,
    147.19419846926));
#2037 = CARTESIAN_POINT('',(144.65175186253,155.52203401611,
    147.18883194606));
#2038 = CARTESIAN_POINT('',(144.62561667141,155.54611575691,
    147.18302439333));
#2039 = CARTESIAN_POINT('',(144.59993064703,155.57076726246,
    147.17675006242));
#2040 = CARTESIAN_POINT('',(144.57471913635,155.59596987658,
    147.16998303452));
#2041 = CARTESIAN_POINT('',(144.55000580003,155.62170371012,
    147.16269722062));
#2042 = CARTESIAN_POINT('',(144.52581261245,155.64794764103,
    147.15486636152));
#2043 = CARTESIAN_POINT('',(144.46281828543,155.71914205648,
    147.13248844194));
#2044 = CARTESIAN_POINT('',(144.42493761589,155.76499305858,
    147.11692012165));
#2045 = CARTESIAN_POINT('',(144.38868765264,155.81205354789,
    147.09965807417));
#2046 = CARTESIAN_POINT('',(144.35420371903,155.8601297391,
    147.08061505733));
#2047 = CARTESIAN_POINT('',(144.32158817524,155.90901682041,
    147.05972013256));
#2048 = CARTESIAN_POINT('',(144.29091193118,155.95850293966,
    147.03692121797));
#2049 = CARTESIAN_POINT('',(144.26221595955,156.00837319043,
    147.01218764136));
#2050 = CARTESIAN_POINT('',(144.21043412247,156.10540983846,
    146.96046049394));
#2051 = CARTESIAN_POINT('',(144.18715374897,156.15247996596,
    146.93373644951));
#2052 = CARTESIAN_POINT('',(144.16567469211,156.19944245784,
    146.90534567087));
#2053 = CARTESIAN_POINT('',(144.14597920044,156.24611385125,
    146.87531482174));
#2054 = CARTESIAN_POINT('',(144.12803044277,156.29231162125,
    146.84369345358));
#2055 = CARTESIAN_POINT('',(144.11177418381,156.33785705869,
    146.81055534052));
#2056 = CARTESIAN_POINT('',(144.09714045971,156.38257814814,
    146.77599981421));
#2057 = CARTESIAN_POINT('',(144.07678622506,156.45055555535,
    146.72028229027));
#2058 = CARTESIAN_POINT('',(144.06999735939,156.47450443827,
    146.70000738505));
#2059 = CARTESIAN_POINT('',(144.06366170395,156.49814181831,
    146.67934037489));
#2060 = CARTESIAN_POINT('',(144.05776212694,156.52145107165,
    146.65829443005));
#2061 = CARTESIAN_POINT('',(144.05228131741,156.54441622693,
    146.63688389919));
#2062 = CARTESIAN_POINT('',(144.0472017853,156.56702196523,
    146.61512430938));
#2063 = CARTESIAN_POINT('',(144.04250586138,156.58925362009,
    146.59303236607));
#2064 = CARTESIAN_POINT('',(144.02638404206,156.67058030405,
    146.50961009056));
#2065 = CARTESIAN_POINT('',(144.01731857836,156.72711726986,
    146.44633270934));
#2066 = CARTESIAN_POINT('',(144.01057808544,156.78059981054,
    146.38099993732));
#2067 = CARTESIAN_POINT('',(144.00579615782,156.83094544835,
    146.31381924172));
#2068 = CARTESIAN_POINT('',(144.0026378039,156.87809296652,
    146.24499852002));
#2069 = CARTESIAN_POINT('',(144.00079768573,156.92199936533,
    146.17474568626));
#2070 = CARTESIAN_POINT('',(144.,156.96263829993,146.10326875263));
#2071 = CARTESIAN_POINT('',(144.,157.,146.0307764064));
#2072 = PCURVE('',#194,#2073);
#2073 = DEFINITIONAL_REPRESENTATION('',(#2074),#2119);
#2074 = B_SPLINE_CURVE_WITH_KNOTS('',8,(#2075,#2076,#2077,#2078,#2079,
    #2080,#2081,#2082,#2083,#2084,#2085,#2086,#2087,#2088,#2089,#2090,
    #2091,#2092,#2093,#2094,#2095,#2096,#2097,#2098,#2099,#2100,#2101,
    #2102,#2103,#2104,#2105,#2106,#2107,#2108,#2109,#2110,#2111,#2112,
    #2113,#2114,#2115,#2116,#2117,#2118),.UNSPECIFIED.,.F.,.F.,(9,7,7,7,
    7,7,9),(0.,0.411821400744,0.490778326388,0.622107233305,
    0.745446853218,0.813817355957,1.),.UNSPECIFIED.);
#2075 = CARTESIAN_POINT('',(0.,48.500000026342));
#2076 = CARTESIAN_POINT('',(1.002753501873E-09,48.671301688754));
#2077 = CARTESIAN_POINT('',(7.452545591449E-03,48.842823156301));
#2078 = CARTESIAN_POINT('',(2.23908339148E-02,49.013251351357));
#2079 = CARTESIAN_POINT('',(4.487947774676E-02,49.181230535995));
#2080 = CARTESIAN_POINT('',(7.499884898518E-02,49.345243367379));
#2081 = CARTESIAN_POINT('',(0.112870101637,49.503561250818));
#2082 = CARTESIAN_POINT('',(0.158714813038,49.654171140769));
#2083 = CARTESIAN_POINT('',(0.223415435644,49.821690812901));
#2084 = CARTESIAN_POINT('',(0.234125719474,49.848248137464));
#2085 = CARTESIAN_POINT('',(0.245134193314,49.874383328581));
#2086 = CARTESIAN_POINT('',(0.256437845228,49.900069352968));
#2087 = CARTESIAN_POINT('',(0.268033641957,49.92528086365));
#2088 = CARTESIAN_POINT('',(0.279918528923,49.949994199962));
#2089 = CARTESIAN_POINT('',(0.292089430227,49.974187387544));
#2090 = CARTESIAN_POINT('',(0.325257661573,50.037181714568));
#2091 = CARTESIAN_POINT('',(0.346773044954,50.075062384102));
#2092 = CARTESIAN_POINT('',(0.369040300465,50.111312347359));
#2093 = CARTESIAN_POINT('',(0.392007075415,50.145796280962));
#2094 = CARTESIAN_POINT('',(0.415618520618,50.178411824756));
#2095 = CARTESIAN_POINT('',(0.439818048262,50.209088068814));
#2096 = CARTESIAN_POINT('',(0.464548089783,50.237784040443));
#2097 = CARTESIAN_POINT('',(0.513420428076,50.289565877524));
#2098 = CARTESIAN_POINT('',(0.537468579089,50.312846251026));
#2099 = CARTESIAN_POINT('',(0.561843038894,50.334325307882));
#2100 = CARTESIAN_POINT('',(0.586489369576,50.354020799558));
#2101 = CARTESIAN_POINT('',(0.611350574842,50.371969557225));
#2102 = CARTESIAN_POINT('',(0.636366711689,50.388225816183));
#2103 = CARTESIAN_POINT('',(0.661474502067,50.402859540288));
#2104 = CARTESIAN_POINT('',(0.700538540316,50.423213774935));
#2105 = CARTESIAN_POINT('',(0.714482813428,50.430002640605));
#2106 = CARTESIAN_POINT('',(0.728434641391,50.436338296046));
#2107 = CARTESIAN_POINT('',(0.742388752694,50.442237873059));
#2108 = CARTESIAN_POINT('',(0.756339726794,50.447718682584));
#2109 = CARTESIAN_POINT('',(0.770281994125,50.452798214697));
#2110 = CARTESIAN_POINT('',(0.784209836093,50.457494138615));
#2111 = CARTESIAN_POINT('',(0.835989627329,50.473615957932));
#2112 = CARTESIAN_POINT('',(0.873667530879,50.48268142164));
#2113 = CARTESIAN_POINT('',(0.911134728511,50.489421914555));
#2114 = CARTESIAN_POINT('',(0.948378730295,50.494203842173));
#2115 = CARTESIAN_POINT('',(0.985389028663,50.497362196097));
#2116 = CARTESIAN_POINT('',(1.022155614466,50.499202314261));
#2117 = CARTESIAN_POINT('',(1.058667904021,50.5));
#2118 = CARTESIAN_POINT('',(1.094914077134,50.5));
#2119 = ( GEOMETRIC_REPRESENTATION_CONTEXT(2) 
PARAMETRIC_REPRESENTATION_CONTEXT() REPRESENTATION_CONTEXT('2D SPACE',''
  ) );
#2120 = PCURVE('',#2121,#2126);
#2121 = CYLINDRICAL_SURFACE('',#2122,2.);
#2122 = AXIS2_PLACEMENT_3D('',#2123,#2124,#2125);
#2123 = CARTESIAN_POINT('',(146.,157.,145.9));
#2124 = DIRECTION('',(0.,0.,-1.));
#2125 = DIRECTION('',(1.,-1.110223024625E-16,0.));
#2126 = DEFINITIONAL_REPRESENTATION('',(#2127),#2172);
#2127 = B_SPLINE_CURVE_WITH_KNOTS('',8,(#2128,#2129,#2130,#2131,#2132,
    #2133,#2134,#2135,#2136,#2137,#2138,#2139,#2140,#2141,#2142,#2143,
    #2144,#2145,#2146,#2147,#2148,#2149,#2150,#2151,#2152,#2153,#2154,
    #2155,#2156,#2157,#2158,#2159,#2160,#2161,#2162,#2163,#2164,#2165,
    #2166,#2167,#2168,#2169,#2170,#2171),.UNSPECIFIED.,.F.,.F.,(9,7,7,7,
    7,7,9),(0.,0.411821400744,0.490778326388,0.622107233305,
    0.745446853218,0.813817355957,1.),.UNSPECIFIED.);
#2128 = CARTESIAN_POINT('',(1.570796339966,-1.35));
#2129 = CARTESIAN_POINT('',(1.656447171172,-1.35));
#2130 = CARTESIAN_POINT('',(1.742207850808,-1.349999974949));
#2131 = CARTESIAN_POINT('',(1.82837973422,-1.350000124818));
#2132 = CARTESIAN_POINT('',(1.915251134698,-1.349299854279));
#2133 = CARTESIAN_POINT('',(2.003093813643,-1.346486048501));
#2134 = CARTESIAN_POINT('',(2.092161671453,-1.339371017501));
#2135 = CARTESIAN_POINT('',(2.18270953533,-1.324973209689));
#2136 = CARTESIAN_POINT('',(2.292605218129,-1.294198469264));
#2137 = CARTESIAN_POINT('',(2.310330651989,-1.288831946062));
#2138 = CARTESIAN_POINT('',(2.328093779449,-1.28302439333));
#2139 = CARTESIAN_POINT('',(2.345887258763,-1.276750062427));
#2140 = CARTESIAN_POINT('',(2.363704015384,-1.269983034529));
#2141 = CARTESIAN_POINT('',(2.381537241967,-1.262697220627));
#2142 = CARTESIAN_POINT('',(2.399380398366,-1.254866361528));
#2143 = CARTESIAN_POINT('',(2.44691178281,-1.232488441947));
#2144 = CARTESIAN_POINT('',(2.476632048714,-1.216920121652));
#2145 = CARTESIAN_POINT('',(2.506305013628,-1.199658074179));
#2146 = CARTESIAN_POINT('',(2.535853281209,-1.180615057338));
#2147 = CARTESIAN_POINT('',(2.565204261431,-1.159720132568));
#2148 = CARTESIAN_POINT('',(2.594289377549,-1.136921217974));
#2149 = CARTESIAN_POINT('',(2.623043273042,-1.112187641367));
#2150 = CARTESIAN_POINT('',(2.678037522088,-1.060460493944));
#2151 = CARTESIAN_POINT('',(2.704281213335,-1.033736449518));
#2152 = CARTESIAN_POINT('',(2.730082380203,-1.005345670876));
#2153 = CARTESIAN_POINT('',(2.755389316427,-0.975314821742));
#2154 = CARTESIAN_POINT('',(2.780150701732,-0.943693453587));
#2155 = CARTESIAN_POINT('',(2.804315981976,-0.910555340528));
#2156 = CARTESIAN_POINT('',(2.827835749302,-0.875999814212));
#2157 = CARTESIAN_POINT('',(2.863315401072,-0.820282290274));
#2158 = CARTESIAN_POINT('',(2.875760334804,-0.800007385052));
#2159 = CARTESIAN_POINT('',(2.887994131819,-0.779340374895));
#2160 = CARTESIAN_POINT('',(2.900013945316,-0.758294430058));
#2161 = CARTESIAN_POINT('',(2.911816873358,-0.736883899198));
#2162 = CARTESIAN_POINT('',(2.923399958874,-0.715124309382));
#2163 = CARTESIAN_POINT('',(2.93476018965,-0.693032366078));
#2164 = CARTESIAN_POINT('',(2.976214811174,-0.609610090568));
#2165 = CARTESIAN_POINT('',(3.004825124541,-0.546332709344));
#2166 = CARTESIAN_POINT('',(3.031753732986,-0.480999937329));
#2167 = CARTESIAN_POINT('',(3.057018330546,-0.413819241728));
#2168 = CARTESIAN_POINT('',(3.080629227638,-0.344998520028));
#2169 = CARTESIAN_POINT('',(3.102592319124,-0.274745686267));
#2170 = CARTESIAN_POINT('',(3.122911803556,-0.203268752632));
#2171 = CARTESIAN_POINT('',(3.14159265359,-0.130776406404));
#2172 = ( GEOMETRIC_REPRESENTATION_CONTEXT(2) 
PARAMETRIC_REPRESENTATION_CONTEXT() REPRESENTATION_CONTEXT('2D SPACE',''
  ) );
#2173 = ORIENTED_EDGE('',*,*,#2174,.T.);
#2174 = EDGE_CURVE('',#2024,#404,#2175,.T.);
#2175 = SURFACE_CURVE('',#2176,(#2181,#2188),.PCURVE_S1.);
#2176 = CIRCLE('',#2177,2.25);
#2177 = AXIS2_PLACEMENT_3D('',#2178,#2179,#2180);
#2178 = CARTESIAN_POINT('',(144.,155.,145.));
#2179 = DIRECTION('',(-1.,0.,0.));
#2180 = DIRECTION('',(0.,0.,1.));
#2181 = PCURVE('',#194,#2182);
#2182 = DEFINITIONAL_REPRESENTATION('',(#2183),#2187);
#2183 = LINE('',#2184,#2185);
#2184 = CARTESIAN_POINT('',(0.,50.5));
#2185 = VECTOR('',#2186,1.);
#2186 = DIRECTION('',(1.,0.));
#2187 = ( GEOMETRIC_REPRESENTATION_CONTEXT(2) 
PARAMETRIC_REPRESENTATION_CONTEXT() REPRESENTATION_CONTEXT('2D SPACE',''
  ) );
#2188 = PCURVE('',#440,#2189);
#2189 = DEFINITIONAL_REPRESENTATION('',(#2190),#2194);
#2190 = CIRCLE('',#2191,2.25);
#2191 = AXIS2_PLACEMENT_2D('',#2192,#2193);
#2192 = CARTESIAN_POINT('',(-2.,0.9));
#2193 = DIRECTION('',(0.,-1.));
#2194 = ( GEOMETRIC_REPRESENTATION_CONTEXT(2) 
PARAMETRIC_REPRESENTATION_CONTEXT() REPRESENTATION_CONTEXT('2D SPACE',''
  ) );
#2195 = ORIENTED_EDGE('',*,*,#403,.T.);
#2196 = ORIENTED_EDGE('',*,*,#2197,.F.);
#2197 = EDGE_CURVE('',#2198,#375,#2200,.T.);
#2198 = VERTEX_POINT('',#2199);
#2199 = CARTESIAN_POINT('',(137.7,157.,146.0307764064));
#2200 = SURFACE_CURVE('',#2201,(#2207,#2216),.PCURVE_S1.);
#2201 = B_SPLINE_CURVE_WITH_KNOTS('',4,(#2202,#2203,#2204,#2205,#2206),
  .UNSPECIFIED.,.F.,.F.,(5,5),(0.,1.),.PIECEWISE_BEZIER_KNOTS.);
#2202 = CARTESIAN_POINT('',(137.7,157.,146.0307764064));
#2203 = CARTESIAN_POINT('',(137.7,157.00395397304,146.0231045718));
#2204 = CARTESIAN_POINT('',(137.69998773811,157.00786609401,
    146.01541758636));
#2205 = CARTESIAN_POINT('',(137.69996379839,157.01173634993,
    146.00771576206));
#2206 = CARTESIAN_POINT('',(137.69992874528,157.01556473475,
    145.99999939999));
#2207 = PCURVE('',#194,#2208);
#2208 = DEFINITIONAL_REPRESENTATION('',(#2209),#2215);
#2209 = B_SPLINE_CURVE_WITH_KNOTS('',4,(#2210,#2211,#2212,#2213,#2214),
  .UNSPECIFIED.,.F.,.F.,(5,5),(0.,1.),.PIECEWISE_BEZIER_KNOTS.);
#2210 = CARTESIAN_POINT('',(1.094914077134,56.8));
#2211 = CARTESIAN_POINT('',(1.098749994434,56.8));
#2212 = CARTESIAN_POINT('',(1.102583375743,56.800012261882));
#2213 = CARTESIAN_POINT('',(1.106414245681,56.800036201606));
#2214 = CARTESIAN_POINT('',(1.110242632798,56.800071254719));
#2215 = ( GEOMETRIC_REPRESENTATION_CONTEXT(2) 
PARAMETRIC_REPRESENTATION_CONTEXT() REPRESENTATION_CONTEXT('2D SPACE',''
  ) );
#2216 = PCURVE('',#391,#2217);
#2217 = DEFINITIONAL_REPRESENTATION('',(#2218),#2224);
#2218 = B_SPLINE_CURVE_WITH_KNOTS('',4,(#2219,#2220,#2221,#2222,#2223),
  .UNSPECIFIED.,.F.,.F.,(5,5),(0.,1.),.PIECEWISE_BEZIER_KNOTS.);
#2219 = CARTESIAN_POINT('',(0.,0.130776406404));
#2220 = CARTESIAN_POINT('',(2.325866499561E-03,0.123104571805));
#2221 = CARTESIAN_POINT('',(4.627114135812E-03,0.115417586366));
#2222 = CARTESIAN_POINT('',(6.903768784876E-03,0.107715762061));
#2223 = CARTESIAN_POINT('',(9.155854250167E-03,9.999939999829E-02));
#2224 = ( GEOMETRIC_REPRESENTATION_CONTEXT(2) 
PARAMETRIC_REPRESENTATION_CONTEXT() REPRESENTATION_CONTEXT('2D SPACE',''
  ) );
#2225 = ORIENTED_EDGE('',*,*,#2226,.F.);
#2226 = EDGE_CURVE('',#354,#2198,#2227,.T.);
#2227 = SURFACE_CURVE('',#2228,(#2306,#2387),.PCURVE_S1.);
#2228 = B_SPLINE_CURVE_WITH_KNOTS('',6,(#2229,#2230,#2231,#2232,#2233,
    #2234,#2235,#2236,#2237,#2238,#2239,#2240,#2241,#2242,#2243,#2244,
    #2245,#2246,#2247,#2248,#2249,#2250,#2251,#2252,#2253,#2254,#2255,
    #2256,#2257,#2258,#2259,#2260,#2261,#2262,#2263,#2264,#2265,#2266,
    #2267,#2268,#2269,#2270,#2271,#2272,#2273,#2274,#2275,#2276,#2277,
    #2278,#2279,#2280,#2281,#2282,#2283,#2284,#2285,#2286,#2287,#2288,
    #2289,#2290,#2291,#2292,#2293,#2294,#2295,#2296,#2297,#2298,#2299,
    #2300,#2301,#2302,#2303,#2304,#2305),.UNSPECIFIED.,.F.,.F.,(7,5,5,5,
    5,5,5,5,5,5,5,5,5,5,5,7),(0.,0.103461424353,0.139887841585,
    0.207030085073,0.27624430546,0.316777996192,0.365046716935,
    0.502668416525,0.604848553508,0.640579417308,0.68853019574,
    0.728827461778,0.798481802144,0.864878093086,0.901718951596,1.),
  .UNSPECIFIED.);
#2229 = CARTESIAN_POINT('',(134.30007125471,157.01556473475,
    145.99999939999));
#2230 = CARTESIAN_POINT('',(134.29963681078,156.96811620844,
    146.09563503373));
#2231 = CARTESIAN_POINT('',(134.30073806824,156.91479681073,
    146.18942686552));
#2232 = CARTESIAN_POINT('',(134.30411081668,156.85566666119,
    146.28079285929));
#2233 = CARTESIAN_POINT('',(134.31064095872,156.79087263263,
    146.36916378072));
#2234 = CARTESIAN_POINT('',(134.32134365246,156.72064967532,
    146.45397507148));
#2235 = CARTESIAN_POINT('',(134.34305152749,156.61887527436,
    146.56309069234));
#2236 = CARTESIAN_POINT('',(134.34936403874,156.59176428021,
    146.59097670964));
#2237 = CARTESIAN_POINT('',(134.35638235489,156.56408205301,
    146.61829154886));
#2238 = CARTESIAN_POINT('',(134.36415142233,156.53586936929,
    146.64499639917));
#2239 = CARTESIAN_POINT('',(134.37271516797,156.50716980096,
    146.67105742049));
#2240 = CARTESIAN_POINT('',(134.39944530958,156.42431785256,
    146.74324224702));
#2241 = CARTESIAN_POINT('',(134.41963541741,156.36905911887,
    146.78779687816));
#2242 = CARTESIAN_POINT('',(134.44291345319,156.31269928471,
    146.82977826135));
#2243 = CARTESIAN_POINT('',(134.4694380321,156.25572664446,
    146.86897382499));
#2244 = CARTESIAN_POINT('',(134.4992855952,156.19864489501,
    146.90527703438));
#2245 = CARTESIAN_POINT('',(134.56660991952,156.08349743405,
    146.97310284818));
#2246 = CARTESIAN_POINT('',(134.60421809496,156.02558532362,
    147.0043671463));
#2247 = CARTESIAN_POINT('',(134.64521636349,155.96873798266,
    147.03248036613));
#2248 = CARTESIAN_POINT('',(134.68944340553,155.91348326009,
    147.05754606055));
#2249 = CARTESIAN_POINT('',(134.73661115104,155.86031433638,
    147.07973731598));
#2250 = CARTESIAN_POINT('',(134.81539108189,155.77998834541,
    147.1107177082));
#2251 = CARTESIAN_POINT('',(134.84536798275,155.75116371621,
    147.12125674557));
#2252 = CARTESIAN_POINT('',(134.87617586642,155.72323521395,
    147.13094832063));
#2253 = CARTESIAN_POINT('',(134.90775847629,155.69625130728,
    147.13984728567));
#2254 = CARTESIAN_POINT('',(134.94005307018,155.67025533773,
    147.14800771708));
#2255 = CARTESIAN_POINT('',(135.01221319349,155.6155507199,
    147.16438460297));
#2256 = CARTESIAN_POINT('',(135.0523499325,155.58726899057,
    147.17231491716));
#2257 = CARTESIAN_POINT('',(135.09332090219,155.56047621236,
    147.1793714355));
#2258 = CARTESIAN_POINT('',(135.13504429274,155.53520166464,
    147.1856437599));
#2259 = CARTESIAN_POINT('',(135.17743621965,155.51146802545,
    147.19121351648));
#2260 = CARTESIAN_POINT('',(135.3429377806,155.42606224985,
    147.21024146365));
#2261 = CARTESIAN_POINT('',(135.47012841362,155.37552753298,
    147.21920762778));
#2262 = CARTESIAN_POINT('',(135.60058002074,155.33772100404,
    147.22483607176));
#2263 = CARTESIAN_POINT('',(135.73308997038,155.31256549824,
    147.22821966244));
#2264 = CARTESIAN_POINT('',(135.86657847256,155.3,147.22991031209));
#2265 = CARTESIAN_POINT('',(136.09906163047,155.3,147.22991031209));
#2266 = CARTESIAN_POINT('',(136.19813500099,155.3069272031,
    147.22897880831));
#2267 = CARTESIAN_POINT('',(136.29680349381,155.32078359034,
    147.22711342139));
#2268 = CARTESIAN_POINT('',(136.39464357107,155.34159174042,
    147.22415085782));
#2269 = CARTESIAN_POINT('',(136.49120254921,155.36938256848,
    147.21975403513));
#2270 = CARTESIAN_POINT('',(136.61911736049,155.41635227758,
    147.21117701887));
#2271 = CARTESIAN_POINT('',(136.65203647369,155.42937716651,
    147.2087156028));
#2272 = CARTESIAN_POINT('',(136.68471044411,155.44325815745,
    147.20599266194));
#2273 = CARTESIAN_POINT('',(136.71711417234,155.45799426931,
    147.20298323086));
#2274 = CARTESIAN_POINT('',(136.7492207284,155.47358311432,
    147.19965967564));
#2275 = CARTESIAN_POINT('',(136.82365091209,155.51208038491,
    147.19106926651));
#2276 = CARTESIAN_POINT('',(136.86572454984,155.53567427667,
    147.18552532722));
#2277 = CARTESIAN_POINT('',(136.90713810385,155.5607867193,
    147.17928767157));
#2278 = CARTESIAN_POINT('',(136.94780944169,155.5873954367,
    147.17227635172));
#2279 = CARTESIAN_POINT('',(136.9876584597,155.61547173067,
    147.16440367643));
#2280 = CARTESIAN_POINT('',(137.05933904443,155.66977928488,
    147.14815403294));
#2281 = CARTESIAN_POINT('',(137.09143676303,155.69559115982,
    147.14005789766));
#2282 = CARTESIAN_POINT('',(137.12283250748,155.72237878406,
    147.13123351998));
#2283 = CARTESIAN_POINT('',(137.15346481623,155.75009983296,
    147.12162783734));
#2284 = CARTESIAN_POINT('',(137.18327849737,155.77870697886,
    147.11118700987));
#2285 = CARTESIAN_POINT('',(137.2622583873,155.85903688475,
    147.08027135134));
#2286 = CARTESIAN_POINT('',(137.30975647983,155.91247462033,
    147.05800656953));
#2287 = CARTESIAN_POINT('',(137.35428382313,155.96802987295,
    147.03283613458));
#2288 = CARTESIAN_POINT('',(137.39554555644,156.02520042376,
    147.00458352435));
#2289 = CARTESIAN_POINT('',(137.43337684313,156.08344829683,
    146.97314356743));
#2290 = CARTESIAN_POINT('',(137.50048152386,156.19827197455,
    146.90548541575));
#2291 = CARTESIAN_POINT('',(137.53000493625,156.25468277339,
    146.86962760516));
#2292 = CARTESIAN_POINT('',(137.55628308611,156.31099151533,
    146.83094428394));
#2293 = CARTESIAN_POINT('',(137.57938839348,156.366711125,146.7895380441
    ));
#2294 = CARTESIAN_POINT('',(137.59947215262,156.42136903548,
    146.74561282734));
#2295 = CARTESIAN_POINT('',(137.62633864918,156.50403156394,
    146.6738919566));
#2296 = CARTESIAN_POINT('',(137.63506708414,156.5330845165,
    146.6476077539));
#2297 = CARTESIAN_POINT('',(137.64298056113,156.56164342954,
    146.6206630886));
#2298 = CARTESIAN_POINT('',(137.65012429096,156.5896628972,
    146.59309288003));
#2299 = CARTESIAN_POINT('',(137.65654460143,156.61710043069,
    146.56493729307));
#2300 = CARTESIAN_POINT('',(137.67761320998,156.71545407753,
    146.45969006879));
#2301 = CARTESIAN_POINT('',(137.68810239311,156.78245780546,
    146.37941495616));
#2302 = CARTESIAN_POINT('',(137.69476301098,156.84459279354,
    146.29589031983));
#2303 = CARTESIAN_POINT('',(137.69847148496,156.90164261387,
    146.20960686509));
#2304 = CARTESIAN_POINT('',(137.7,156.95346680198,146.12106407252));
#2305 = CARTESIAN_POINT('',(137.7,157.,146.0307764064));
#2306 = PCURVE('',#194,#2307);
#2307 = DEFINITIONAL_REPRESENTATION('',(#2308),#2386);
#2308 = B_SPLINE_CURVE_WITH_KNOTS('',6,(#2309,#2310,#2311,#2312,#2313,
    #2314,#2315,#2316,#2317,#2318,#2319,#2320,#2321,#2322,#2323,#2324,
    #2325,#2326,#2327,#2328,#2329,#2330,#2331,#2332,#2333,#2334,#2335,
    #2336,#2337,#2338,#2339,#2340,#2341,#2342,#2343,#2344,#2345,#2346,
    #2347,#2348,#2349,#2350,#2351,#2352,#2353,#2354,#2355,#2356,#2357,
    #2358,#2359,#2360,#2361,#2362,#2363,#2364,#2365,#2366,#2367,#2368,
    #2369,#2370,#2371,#2372,#2373,#2374,#2375,#2376,#2377,#2378,#2379,
    #2380,#2381,#2382,#2383,#2384,#2385),.UNSPECIFIED.,.F.,.F.,(7,5,5,5,
    5,5,5,5,5,5,5,5,5,5,5,7),(0.,0.103461424353,0.139887841585,
    0.207030085073,0.27624430546,0.316777996192,0.365046716935,
    0.502668416525,0.604848553508,0.640579417308,0.68853019574,
    0.728827461778,0.798481802144,0.864878093086,0.901718951596,1.),
  .UNSPECIFIED.);
#2309 = CARTESIAN_POINT('',(1.110242632798,60.199928745281));
#2310 = CARTESIAN_POINT('',(1.062794078013,60.200363189212));
#2311 = CARTESIAN_POINT('',(1.014919957282,60.199261931754));
#2312 = CARTESIAN_POINT('',(0.966671408044,60.19588918332));
#2313 = CARTESIAN_POINT('',(0.918095162906,60.189359041274));
#2314 = CARTESIAN_POINT('',(0.869242618168,60.178656347535));
#2315 = CARTESIAN_POINT('',(0.80292613431,60.156948472509));
#2316 = CARTESIAN_POINT('',(0.785644287401,60.150635961257));
#2317 = CARTESIAN_POINT('',(0.768365527933,60.143617645104));
#2318 = CARTESIAN_POINT('',(0.751105611862,60.135848577666));
#2319 = CARTESIAN_POINT('',(0.733879750559,60.127284832025));
#2320 = CARTESIAN_POINT('',(0.68504120166,60.100554690411));
#2321 = CARTESIAN_POINT('',(0.653516089094,60.080364582588));
#2322 = CARTESIAN_POINT('',(0.622315673119,60.057086546801));
#2323 = CARTESIAN_POINT('',(0.591612107624,60.0305619679));
#2324 = CARTESIAN_POINT('',(0.561563736324,60.000714404791));
#2325 = CARTESIAN_POINT('',(0.50216879738,59.933390080474));
#2326 = CARTESIAN_POINT('',(0.472939352668,59.895781905032));
#2327 = CARTESIAN_POINT('',(0.444778517025,59.854783636506));
#2328 = CARTESIAN_POINT('',(0.417832246851,59.810556594462));
#2329 = CARTESIAN_POINT('',(0.392235363908,59.763388848951));
#2330 = CARTESIAN_POINT('',(0.353971692514,59.684608918103));
#2331 = CARTESIAN_POINT('',(0.340333343242,59.654632017249));
#2332 = CARTESIAN_POINT('',(0.327197170188,59.623824133576));
#2333 = CARTESIAN_POINT('',(0.31457107763,59.592241523703));
#2334 = CARTESIAN_POINT('',(0.302462442877,59.559946929814));
#2335 = CARTESIAN_POINT('',(0.277083156668,59.487786806502));
#2336 = CARTESIAN_POINT('',(0.264030538573,59.4476500675));
#2337 = CARTESIAN_POINT('',(0.251718842625,59.406679097808));
#2338 = CARTESIAN_POINT('',(0.240146599161,59.364955707255));
#2339 = CARTESIAN_POINT('',(0.229312288219,59.322563780347));
#2340 = CARTESIAN_POINT('',(0.190423502749,59.157062219399));
#2341 = CARTESIAN_POINT('',(0.167634449437,59.029871586372));
#2342 = CARTESIAN_POINT('',(0.150647211415,58.899419979259));
#2343 = CARTESIAN_POINT('',(0.139366654251,58.766910029612));
#2344 = CARTESIAN_POINT('',(0.13373158941,58.633421527435));
#2345 = CARTESIAN_POINT('',(0.13373158941,58.400938369527));
#2346 = CARTESIAN_POINT('',(0.136837774042,58.301864999007));
#2347 = CARTESIAN_POINT('',(0.143052504012,58.203196506187));
#2348 = CARTESIAN_POINT('',(0.152392819477,58.105356428923));
#2349 = CARTESIAN_POINT('',(0.164894704693,58.008797450781));
#2350 = CARTESIAN_POINT('',(0.186115327232,57.880882639509));
#2351 = CARTESIAN_POINT('',(0.192006539158,57.847963526305));
#2352 = CARTESIAN_POINT('',(0.1982931845,57.815289555882));
#2353 = CARTESIAN_POINT('',(0.204977382903,57.782885827657));
#2354 = CARTESIAN_POINT('',(0.21206117761,57.750779271597));
#2355 = CARTESIAN_POINT('',(0.229591877156,57.676349087909));
#2356 = CARTESIAN_POINT('',(0.240363105088,57.634275450157));
#2357 = CARTESIAN_POINT('',(0.251861743247,57.592861896145));
#2358 = CARTESIAN_POINT('',(0.264089265132,57.552190558302));
#2359 = CARTESIAN_POINT('',(0.27704709376,57.512341540298));
#2360 = CARTESIAN_POINT('',(0.3022411019,57.440660955561));
#2361 = CARTESIAN_POINT('',(0.314263134453,57.408563236968));
#2362 = CARTESIAN_POINT('',(0.326796043449,57.377167492513));
#2363 = CARTESIAN_POINT('',(0.339832656767,57.346535183767));
#2364 = CARTESIAN_POINT('',(0.353365286032,57.316721502629));
#2365 = CARTESIAN_POINT('',(0.391620237711,57.237741612691));
#2366 = CARTESIAN_POINT('',(0.417339860071,57.190243520165));
#2367 = CARTESIAN_POINT('',(0.444426684273,57.145716176868));
#2368 = CARTESIAN_POINT('',(0.4727433105,57.104454443559));
#2369 = CARTESIAN_POINT('',(0.502140795016,57.066623156867));
#2370 = CARTESIAN_POINT('',(0.561373922973,56.999518476137));
#2371 = CARTESIAN_POINT('',(0.591065028504,56.969995063743));
#2372 = CARTESIAN_POINT('',(0.621397598746,56.94371691389));
#2373 = CARTESIAN_POINT('',(0.65221837075,56.920611606511));
#2374 = CARTESIAN_POINT('',(0.683360877798,56.900527847376));
#2375 = CARTESIAN_POINT('',(0.732000600246,56.87366135082));
#2376 = CARTESIAN_POINT('',(0.749409328627,56.864932915858));
#2377 = CARTESIAN_POINT('',(0.766854115226,56.857019438861));
#2378 = CARTESIAN_POINT('',(0.784319118723,56.849875709033));
#2379 = CARTESIAN_POINT('',(0.801787920496,56.843455398561));
#2380 = CARTESIAN_POINT('',(0.865810166731,56.822386790019));
#2381 = CARTESIAN_POINT('',(0.912210051062,56.81189760689));
#2382 = CARTESIAN_POINT('',(0.95836955451,56.805236989015));
#2383 = CARTESIAN_POINT('',(1.00423846392,56.801528515032));
#2384 = CARTESIAN_POINT('',(1.049770244073,56.8));
#2385 = CARTESIAN_POINT('',(1.094914077134,56.8));
#2386 = ( GEOMETRIC_REPRESENTATION_CONTEXT(2) 
PARAMETRIC_REPRESENTATION_CONTEXT() REPRESENTATION_CONTEXT('2D SPACE',''
  ) );
#2387 = PCURVE('',#391,#2388);
#2388 = DEFINITIONAL_REPRESENTATION('',(#2389),#2467);
#2389 = B_SPLINE_CURVE_WITH_KNOTS('',6,(#2390,#2391,#2392,#2393,#2394,
    #2395,#2396,#2397,#2398,#2399,#2400,#2401,#2402,#2403,#2404,#2405,
    #2406,#2407,#2408,#2409,#2410,#2411,#2412,#2413,#2414,#2415,#2416,
    #2417,#2418,#2419,#2420,#2421,#2422,#2423,#2424,#2425,#2426,#2427,
    #2428,#2429,#2430,#2431,#2432,#2433,#2434,#2435,#2436,#2437,#2438,
    #2439,#2440,#2441,#2442,#2443,#2444,#2445,#2446,#2447,#2448,#2449,
    #2450,#2451,#2452,#2453,#2454,#2455,#2456,#2457,#2458,#2459,#2460,
    #2461,#2462,#2463,#2464,#2465,#2466),.UNSPECIFIED.,.F.,.F.,(7,5,5,5,
    5,5,5,5,5,5,5,5,5,5,5,7),(0.,0.103461424353,0.139887841585,
    0.207030085073,0.27624430546,0.316777996192,0.365046716935,
    0.502668416525,0.604848553508,0.640579417308,0.68853019574,
    0.728827461778,0.798481802144,0.864878093086,0.901718951596,1.),
  .UNSPECIFIED.);
#2390 = CARTESIAN_POINT('',(3.13243679934,9.999939999829E-02));
#2391 = CARTESIAN_POINT('',(3.160348867094,0.195635033738));
#2392 = CARTESIAN_POINT('',(3.19170602449,0.289426865525));
#2393 = CARTESIAN_POINT('',(3.226507745776,0.380792859299));
#2394 = CARTESIAN_POINT('',(3.264751430648,0.469163780726));
#2395 = CARTESIAN_POINT('',(3.306463664575,0.553975071481));
#2396 = CARTESIAN_POINT('',(3.367677625176,0.663090692342));
#2397 = CARTESIAN_POINT('',(3.384049051693,0.690976709642));
#2398 = CARTESIAN_POINT('',(3.400842937506,0.71829154886));
#2399 = CARTESIAN_POINT('',(3.418050673406,0.744996399173));
#2400 = CARTESIAN_POINT('',(3.4356640577,0.771057420495));
#2401 = CARTESIAN_POINT('',(3.486874140726,0.843242247024));
#2402 = CARTESIAN_POINT('',(3.521455912587,0.887796878164));
#2403 = CARTESIAN_POINT('',(3.557277019929,0.929778261352));
#2404 = CARTESIAN_POINT('',(3.594187764127,0.968973824995));
#2405 = CARTESIAN_POINT('',(3.63203598017,1.00527703438));
#2406 = CARTESIAN_POINT('',(3.710497621803,1.073102848186));
#2407 = CARTESIAN_POINT('',(3.751072076566,1.104367146306));
#2408 = CARTESIAN_POINT('',(3.792225267785,1.132480366139));
#2409 = CARTESIAN_POINT('',(3.833778334933,1.157546060555));
#2410 = CARTESIAN_POINT('',(3.875534951763,1.179737315985));
#2411 = CARTESIAN_POINT('',(3.9417174151,1.2107177082));
#2412 = CARTESIAN_POINT('',(3.966169664994,1.221256745572));
#2413 = CARTESIAN_POINT('',(3.990614423301,1.230948320631));
#2414 = CARTESIAN_POINT('',(4.015034265147,1.239847285676));
#2415 = CARTESIAN_POINT('',(4.039410614745,1.248007717082));
#2416 = CARTESIAN_POINT('',(4.092676542259,1.264384602972));
#2417 = CARTESIAN_POINT('',(4.121541294174,1.272314917162));
#2418 = CARTESIAN_POINT('',(4.150311865684,1.279371435509));
#2419 = CARTESIAN_POINT('',(4.178981658252,1.285643759901));
#2420 = CARTESIAN_POINT('',(4.207543610265,1.291213516482));
#2421 = CARTESIAN_POINT('',(4.317095881181,1.310241463659));
#2422 = CARTESIAN_POINT('',(4.397215000466,1.319207627785));
#2423 = CARTESIAN_POINT('',(4.476565746232,1.324836071762));
#2424 = CARTESIAN_POINT('',(4.555383120965,1.328219662443));
#2425 = CARTESIAN_POINT('',(4.633905728952,1.329910312098));
#2426 = CARTESIAN_POINT('',(4.770660527722,1.329910312098));
#2427 = CARTESIAN_POINT('',(4.828939029707,1.328978808312));
#2428 = CARTESIAN_POINT('',(4.887335343444,1.32711342139));
#2429 = CARTESIAN_POINT('',(4.945957351397,1.324150857823));
#2430 = CARTESIAN_POINT('',(5.004910713825,1.319754035135));
#2431 = CARTESIAN_POINT('',(5.085067032806,1.311177018875));
#2432 = CARTESIAN_POINT('',(5.105885426914,1.308715602807));
#2433 = CARTESIAN_POINT('',(5.126758156589,1.305992661946));
#2434 = CARTESIAN_POINT('',(5.147687695588,1.302983230865));
#2435 = CARTESIAN_POINT('',(5.168675638374,1.299659675644));
#2436 = CARTESIAN_POINT('',(5.217967832941,1.29106926651));
#2437 = CARTESIAN_POINT('',(5.246326616911,1.285525327225));
#2438 = CARTESIAN_POINT('',(5.274791656676,1.279287671576));
#2439 = CARTESIAN_POINT('',(5.303356009116,1.272276351726));
#2440 = CARTESIAN_POINT('',(5.332013183338,1.26440367643));
#2441 = CARTESIAN_POINT('',(5.384913221844,1.248154032945));
#2442 = CARTESIAN_POINT('',(5.40913166134,1.240057897668));
#2443 = CARTESIAN_POINT('',(5.43339323561,1.231233519982));
#2444 = CARTESIAN_POINT('',(5.457679825415,1.22162783734));
#2445 = CARTESIAN_POINT('',(5.481974415839,1.21118700987));
#2446 = CARTESIAN_POINT('',(5.548240934431,1.180271351348));
#2447 = CARTESIAN_POINT('',(5.590243895721,1.158006569537));
#2448 = CARTESIAN_POINT('',(5.632043945345,1.132836134582));
#2449 = CARTESIAN_POINT('',(5.67344063539,1.104583524357));
#2450 = CARTESIAN_POINT('',(5.714251455714,1.073143567432));
#2451 = CARTESIAN_POINT('',(5.79248346613,1.005485415758));
#2452 = CARTESIAN_POINT('',(5.829895084586,0.969627605164));
#2453 = CARTESIAN_POINT('',(5.86639253189,0.930944283945));
#2454 = CARTESIAN_POINT('',(5.901828326222,0.889538044106));
#2455 = CARTESIAN_POINT('',(5.936057411027,0.845612827346));
#2456 = CARTESIAN_POINT('',(5.987186199661,0.773891956603));
#2457 = CARTESIAN_POINT('',(6.005026340067,0.7476077539));
#2458 = CARTESIAN_POINT('',(6.022452784954,0.7206630886));
#2459 = CARTESIAN_POINT('',(6.039456921405,0.693092880031));
#2460 = CARTESIAN_POINT('',(6.056029713661,0.664937293076));
#2461 = CARTESIAN_POINT('',(6.115197313605,0.559690068792));
#2462 = CARTESIAN_POINT('',(6.155029389669,0.479414956163));
#2463 = CARTESIAN_POINT('',(6.191732521955,0.395890319831));
#2464 = CARTESIAN_POINT('',(6.225327984626,0.309606865093));
#2465 = CARTESIAN_POINT('',(6.255812837759,0.221064072527));
#2466 = CARTESIAN_POINT('',(6.28318530718,0.130776406404));
#2467 = ( GEOMETRIC_REPRESENTATION_CONTEXT(2) 
PARAMETRIC_REPRESENTATION_CONTEXT() REPRESENTATION_CONTEXT('2D SPACE',''
  ) );
#2468 = ORIENTED_EDGE('',*,*,#353,.T.);
#2469 = ORIENTED_EDGE('',*,*,#173,.F.);
#2470 = ADVANCED_FACE('',(#2471),#161,.F.);
#2471 = FACE_BOUND('',#2472,.F.);
#2472 = EDGE_LOOP('',(#2473,#2498,#2518,#2519,#2520,#2521,#2549,#2575,
    #2601,#2602,#2630,#2656,#2682,#2683,#2711,#2737,#2763,#2764,#2792));
#2473 = ORIENTED_EDGE('',*,*,#2474,.F.);
#2474 = EDGE_CURVE('',#2475,#2477,#2479,.T.);
#2475 = VERTEX_POINT('',#2476);
#2476 = CARTESIAN_POINT('',(194.5,155.,147.25));
#2477 = VERTEX_POINT('',#2478);
#2478 = CARTESIAN_POINT('',(194.5,154.,147.01556443707));
#2479 = SURFACE_CURVE('',#2480,(#2485,#2491),.PCURVE_S1.);
#2480 = CIRCLE('',#2481,2.25);
#2481 = AXIS2_PLACEMENT_3D('',#2482,#2483,#2484);
#2482 = CARTESIAN_POINT('',(194.5,155.,145.));
#2483 = DIRECTION('',(1.,0.,-2.228387684026E-15));
#2484 = DIRECTION('',(2.228387684026E-15,0.,1.));
#2485 = PCURVE('',#161,#2486);
#2486 = DEFINITIONAL_REPRESENTATION('',(#2487),#2490);
#2487 = B_SPLINE_CURVE_WITH_KNOTS('',1,(#2488,#2489),.UNSPECIFIED.,.F.,
  .F.,(2,2),(0.,6.28318530718),.PIECEWISE_BEZIER_KNOTS.);
#2488 = CARTESIAN_POINT('',(6.28318530718,0.));
#2489 = CARTESIAN_POINT('',(0.,0.));
#2490 = ( GEOMETRIC_REPRESENTATION_CONTEXT(2) 
PARAMETRIC_REPRESENTATION_CONTEXT() REPRESENTATION_CONTEXT('2D SPACE',''
  ) );
#2491 = PCURVE('',#809,#2492);
#2492 = DEFINITIONAL_REPRESENTATION('',(#2493),#2497);
#2493 = LINE('',#2494,#2495);
#2494 = CARTESIAN_POINT('',(1.570796326795,0.));
#2495 = VECTOR('',#2496,1.);
#2496 = DIRECTION('',(0.,1.));
#2497 = ( GEOMETRIC_REPRESENTATION_CONTEXT(2) 
PARAMETRIC_REPRESENTATION_CONTEXT() REPRESENTATION_CONTEXT('2D SPACE',''
  ) );
#2498 = ORIENTED_EDGE('',*,*,#2499,.T.);
#2499 = EDGE_CURVE('',#2475,#2002,#2500,.T.);
#2500 = SURFACE_CURVE('',#2501,(#2505,#2511),.PCURVE_S1.);
#2501 = LINE('',#2502,#2503);
#2502 = CARTESIAN_POINT('',(194.5,155.,147.25));
#2503 = VECTOR('',#2504,1.);
#2504 = DIRECTION('',(-1.,0.,0.));
#2505 = PCURVE('',#161,#2506);
#2506 = DEFINITIONAL_REPRESENTATION('',(#2507),#2510);
#2507 = B_SPLINE_CURVE_WITH_KNOTS('',1,(#2508,#2509),.UNSPECIFIED.,.F.,
  .F.,(2,2),(0.,174.),.PIECEWISE_BEZIER_KNOTS.);
#2508 = CARTESIAN_POINT('',(6.28318530718,0.));
#2509 = CARTESIAN_POINT('',(6.28318530718,174.));
#2510 = ( GEOMETRIC_REPRESENTATION_CONTEXT(2) 
PARAMETRIC_REPRESENTATION_CONTEXT() REPRESENTATION_CONTEXT('2D SPACE',''
  ) );
#2511 = PCURVE('',#561,#2512);
#2512 = DEFINITIONAL_REPRESENTATION('',(#2513),#2517);
#2513 = LINE('',#2514,#2515);
#2514 = CARTESIAN_POINT('',(0.,0.));
#2515 = VECTOR('',#2516,1.);
#2516 = DIRECTION('',(0.,1.));
#2517 = ( GEOMETRIC_REPRESENTATION_CONTEXT(2) 
PARAMETRIC_REPRESENTATION_CONTEXT() REPRESENTATION_CONTEXT('2D SPACE',''
  ) );
#2518 = ORIENTED_EDGE('',*,*,#2001,.T.);
#2519 = ORIENTED_EDGE('',*,*,#140,.F.);
#2520 = ORIENTED_EDGE('',*,*,#1257,.F.);
#2521 = ORIENTED_EDGE('',*,*,#2522,.T.);
#2522 = EDGE_CURVE('',#1232,#2523,#2525,.T.);
#2523 = VERTEX_POINT('',#2524);
#2524 = CARTESIAN_POINT('',(145.4,154.,147.01556443707));
#2525 = SURFACE_CURVE('',#2526,(#2531,#2538),.PCURVE_S1.);
#2526 = CIRCLE('',#2527,2.25);
#2527 = AXIS2_PLACEMENT_3D('',#2528,#2529,#2530);
#2528 = CARTESIAN_POINT('',(145.4,155.,145.));
#2529 = DIRECTION('',(-1.,0.,0.));
#2530 = DIRECTION('',(0.,0.,1.));
#2531 = PCURVE('',#161,#2532);
#2532 = DEFINITIONAL_REPRESENTATION('',(#2533),#2537);
#2533 = LINE('',#2534,#2535);
#2534 = CARTESIAN_POINT('',(0.,49.1));
#2535 = VECTOR('',#2536,1.);
#2536 = DIRECTION('',(1.,0.));
#2537 = ( GEOMETRIC_REPRESENTATION_CONTEXT(2) 
PARAMETRIC_REPRESENTATION_CONTEXT() REPRESENTATION_CONTEXT('2D SPACE',''
  ) );
#2538 = PCURVE('',#1246,#2539);
#2539 = DEFINITIONAL_REPRESENTATION('',(#2540),#2548);
#2540 = ( BOUNDED_CURVE() B_SPLINE_CURVE(2,(#2541,#2542,#2543,#2544,
#2545,#2546,#2547),.UNSPECIFIED.,.T.,.F.) B_SPLINE_CURVE_WITH_KNOTS((1,2
    ,2,2,2,1),(-2.094395102393,0.,2.094395102393,4.188790204786,
6.28318530718,8.377580409573),.UNSPECIFIED.) CURVE() 
GEOMETRIC_REPRESENTATION_ITEM() RATIONAL_B_SPLINE_CURVE((1.,0.5,1.,0.5,
1.,0.5,1.)) REPRESENTATION_ITEM('') );
#2541 = CARTESIAN_POINT('',(4.25,-4.4));
#2542 = CARTESIAN_POINT('',(4.25,-8.29711431703));
#2543 = CARTESIAN_POINT('',(0.875,-6.348557158515));
#2544 = CARTESIAN_POINT('',(-2.5,-4.4));
#2545 = CARTESIAN_POINT('',(0.875,-2.451442841485));
#2546 = CARTESIAN_POINT('',(4.25,-0.50288568297));
#2547 = CARTESIAN_POINT('',(4.25,-4.4));
#2548 = ( GEOMETRIC_REPRESENTATION_CONTEXT(2) 
PARAMETRIC_REPRESENTATION_CONTEXT() REPRESENTATION_CONTEXT('2D SPACE',''
  ) );
#2549 = ORIENTED_EDGE('',*,*,#2550,.F.);
#2550 = EDGE_CURVE('',#2551,#2523,#2553,.T.);
#2551 = VERTEX_POINT('',#2552);
#2552 = CARTESIAN_POINT('',(156.6,154.,147.01556443707));
#2553 = SURFACE_CURVE('',#2554,(#2558,#2564),.PCURVE_S1.);
#2554 = LINE('',#2555,#2556);
#2555 = CARTESIAN_POINT('',(194.5,154.,147.01556443707));
#2556 = VECTOR('',#2557,1.);
#2557 = DIRECTION('',(-1.,0.,0.));
#2558 = PCURVE('',#161,#2559);
#2559 = DEFINITIONAL_REPRESENTATION('',(#2560),#2563);
#2560 = B_SPLINE_CURVE_WITH_KNOTS('',1,(#2561,#2562),.UNSPECIFIED.,.F.,
  .F.,(2,2),(36.78,50.22),.PIECEWISE_BEZIER_KNOTS.);
#2561 = CARTESIAN_POINT('',(5.822631315498,36.78));
#2562 = CARTESIAN_POINT('',(5.822631315498,50.22));
#2563 = ( GEOMETRIC_REPRESENTATION_CONTEXT(2) 
PARAMETRIC_REPRESENTATION_CONTEXT() REPRESENTATION_CONTEXT('2D SPACE',''
  ) );
#2564 = PCURVE('',#2565,#2570);
#2565 = PLANE('',#2566);
#2566 = AXIS2_PLACEMENT_3D('',#2567,#2568,#2569);
#2567 = CARTESIAN_POINT('',(145.4,154.,143.));
#2568 = DIRECTION('',(-0.,1.,0.));
#2569 = DIRECTION('',(0.,0.,1.));
#2570 = DEFINITIONAL_REPRESENTATION('',(#2571),#2574);
#2571 = B_SPLINE_CURVE_WITH_KNOTS('',1,(#2572,#2573),.UNSPECIFIED.,.F.,
  .F.,(2,2),(36.78,50.22),.PIECEWISE_BEZIER_KNOTS.);
#2572 = CARTESIAN_POINT('',(4.015564437075,12.32));
#2573 = CARTESIAN_POINT('',(4.015564437075,-1.12));
#2574 = ( GEOMETRIC_REPRESENTATION_CONTEXT(2) 
PARAMETRIC_REPRESENTATION_CONTEXT() REPRESENTATION_CONTEXT('2D SPACE',''
  ) );
#2575 = ORIENTED_EDGE('',*,*,#2576,.F.);
#2576 = EDGE_CURVE('',#1159,#2551,#2577,.T.);
#2577 = SURFACE_CURVE('',#2578,(#2583,#2590),.PCURVE_S1.);
#2578 = CIRCLE('',#2579,2.25);
#2579 = AXIS2_PLACEMENT_3D('',#2580,#2581,#2582);
#2580 = CARTESIAN_POINT('',(156.6,155.,145.));
#2581 = DIRECTION('',(-1.,0.,0.));
#2582 = DIRECTION('',(0.,0.,1.));
#2583 = PCURVE('',#161,#2584);
#2584 = DEFINITIONAL_REPRESENTATION('',(#2585),#2589);
#2585 = LINE('',#2586,#2587);
#2586 = CARTESIAN_POINT('',(0.,37.9));
#2587 = VECTOR('',#2588,1.);
#2588 = DIRECTION('',(1.,0.));
#2589 = ( GEOMETRIC_REPRESENTATION_CONTEXT(2) 
PARAMETRIC_REPRESENTATION_CONTEXT() REPRESENTATION_CONTEXT('2D SPACE',''
  ) );
#2590 = PCURVE('',#1194,#2591);
#2591 = DEFINITIONAL_REPRESENTATION('',(#2592),#2600);
#2592 = ( BOUNDED_CURVE() B_SPLINE_CURVE(2,(#2593,#2594,#2595,#2596,
#2597,#2598,#2599),.UNSPECIFIED.,.T.,.F.) B_SPLINE_CURVE_WITH_KNOTS((1,2
    ,2,2,2,1),(-2.094395102393,0.,2.094395102393,4.188790204786,
6.28318530718,8.377580409573),.UNSPECIFIED.) CURVE() 
GEOMETRIC_REPRESENTATION_ITEM() RATIONAL_B_SPLINE_CURVE((1.,0.5,1.,0.5,
1.,0.5,1.)) REPRESENTATION_ITEM('') );
#2593 = CARTESIAN_POINT('',(4.25,-4.4));
#2594 = CARTESIAN_POINT('',(4.25,-8.29711431703));
#2595 = CARTESIAN_POINT('',(0.875,-6.348557158515));
#2596 = CARTESIAN_POINT('',(-2.5,-4.4));
#2597 = CARTESIAN_POINT('',(0.875,-2.451442841485));
#2598 = CARTESIAN_POINT('',(4.25,-0.50288568297));
#2599 = CARTESIAN_POINT('',(4.25,-4.4));
#2600 = ( GEOMETRIC_REPRESENTATION_CONTEXT(2) 
PARAMETRIC_REPRESENTATION_CONTEXT() REPRESENTATION_CONTEXT('2D SPACE',''
  ) );
#2601 = ORIENTED_EDGE('',*,*,#1158,.F.);
#2602 = ORIENTED_EDGE('',*,*,#2603,.T.);
#2603 = EDGE_CURVE('',#1133,#2604,#2606,.T.);
#2604 = VERTEX_POINT('',#2605);
#2605 = CARTESIAN_POINT('',(160.4,154.2,147.10297408447));
#2606 = SURFACE_CURVE('',#2607,(#2612,#2619),.PCURVE_S1.);
#2607 = CIRCLE('',#2608,2.25);
#2608 = AXIS2_PLACEMENT_3D('',#2609,#2610,#2611);
#2609 = CARTESIAN_POINT('',(160.4,155.,145.));
#2610 = DIRECTION('',(-1.,0.,0.));
#2611 = DIRECTION('',(0.,0.,1.));
#2612 = PCURVE('',#161,#2613);
#2613 = DEFINITIONAL_REPRESENTATION('',(#2614),#2618);
#2614 = LINE('',#2615,#2616);
#2615 = CARTESIAN_POINT('',(0.,34.1));
#2616 = VECTOR('',#2617,1.);
#2617 = DIRECTION('',(1.,0.));
#2618 = ( GEOMETRIC_REPRESENTATION_CONTEXT(2) 
PARAMETRIC_REPRESENTATION_CONTEXT() REPRESENTATION_CONTEXT('2D SPACE',''
  ) );
#2619 = PCURVE('',#1147,#2620);
#2620 = DEFINITIONAL_REPRESENTATION('',(#2621),#2629);
#2621 = ( BOUNDED_CURVE() B_SPLINE_CURVE(2,(#2622,#2623,#2624,#2625,
#2626,#2627,#2628),.UNSPECIFIED.,.T.,.F.) B_SPLINE_CURVE_WITH_KNOTS((1,2
    ,2,2,2,1),(-2.094395102393,0.,2.094395102393,4.188790204786,
6.28318530718,8.377580409573),.UNSPECIFIED.) CURVE() 
GEOMETRIC_REPRESENTATION_ITEM() RATIONAL_B_SPLINE_CURVE((1.,0.5,1.,0.5,
1.,0.5,1.)) REPRESENTATION_ITEM('') );
#2622 = CARTESIAN_POINT('',(4.25,-4.2));
#2623 = CARTESIAN_POINT('',(4.25,-8.09711431703));
#2624 = CARTESIAN_POINT('',(0.875,-6.148557158515));
#2625 = CARTESIAN_POINT('',(-2.5,-4.2));
#2626 = CARTESIAN_POINT('',(0.875,-2.251442841485));
#2627 = CARTESIAN_POINT('',(4.25,-0.30288568297));
#2628 = CARTESIAN_POINT('',(4.25,-4.2));
#2629 = ( GEOMETRIC_REPRESENTATION_CONTEXT(2) 
PARAMETRIC_REPRESENTATION_CONTEXT() REPRESENTATION_CONTEXT('2D SPACE',''
  ) );
#2630 = ORIENTED_EDGE('',*,*,#2631,.F.);
#2631 = EDGE_CURVE('',#2632,#2604,#2634,.T.);
#2632 = VERTEX_POINT('',#2633);
#2633 = CARTESIAN_POINT('',(171.6,154.2,147.10297408447));
#2634 = SURFACE_CURVE('',#2635,(#2639,#2645),.PCURVE_S1.);
#2635 = LINE('',#2636,#2637);
#2636 = CARTESIAN_POINT('',(194.5,154.2,147.10297408448));
#2637 = VECTOR('',#2638,1.);
#2638 = DIRECTION('',(-1.,0.,0.));
#2639 = PCURVE('',#161,#2640);
#2640 = DEFINITIONAL_REPRESENTATION('',(#2641),#2644);
#2641 = B_SPLINE_CURVE_WITH_KNOTS('',1,(#2642,#2643),.UNSPECIFIED.,.F.,
  .F.,(2,2),(21.78,35.22),.PIECEWISE_BEZIER_KNOTS.);
#2642 = CARTESIAN_POINT('',(5.919676910767,21.78));
#2643 = CARTESIAN_POINT('',(5.919676910767,35.22));
#2644 = ( GEOMETRIC_REPRESENTATION_CONTEXT(2) 
PARAMETRIC_REPRESENTATION_CONTEXT() REPRESENTATION_CONTEXT('2D SPACE',''
  ) );
#2645 = PCURVE('',#2646,#2651);
#2646 = PLANE('',#2647);
#2647 = AXIS2_PLACEMENT_3D('',#2648,#2649,#2650);
#2648 = CARTESIAN_POINT('',(160.4,154.2,143.));
#2649 = DIRECTION('',(-0.,1.,0.));
#2650 = DIRECTION('',(0.,0.,1.));
#2651 = DEFINITIONAL_REPRESENTATION('',(#2652),#2655);
#2652 = B_SPLINE_CURVE_WITH_KNOTS('',1,(#2653,#2654),.UNSPECIFIED.,.F.,
  .F.,(2,2),(21.78,35.22),.PIECEWISE_BEZIER_KNOTS.);
#2653 = CARTESIAN_POINT('',(4.102974084481,12.32));
#2654 = CARTESIAN_POINT('',(4.102974084481,-1.12));
#2655 = ( GEOMETRIC_REPRESENTATION_CONTEXT(2) 
PARAMETRIC_REPRESENTATION_CONTEXT() REPRESENTATION_CONTEXT('2D SPACE',''
  ) );
#2656 = ORIENTED_EDGE('',*,*,#2657,.F.);
#2657 = EDGE_CURVE('',#1060,#2632,#2658,.T.);
#2658 = SURFACE_CURVE('',#2659,(#2664,#2671),.PCURVE_S1.);
#2659 = CIRCLE('',#2660,2.25);
#2660 = AXIS2_PLACEMENT_3D('',#2661,#2662,#2663);
#2661 = CARTESIAN_POINT('',(171.6,155.,145.));
#2662 = DIRECTION('',(-1.,0.,0.));
#2663 = DIRECTION('',(0.,0.,1.));
#2664 = PCURVE('',#161,#2665);
#2665 = DEFINITIONAL_REPRESENTATION('',(#2666),#2670);
#2666 = LINE('',#2667,#2668);
#2667 = CARTESIAN_POINT('',(0.,22.9));
#2668 = VECTOR('',#2669,1.);
#2669 = DIRECTION('',(1.,0.));
#2670 = ( GEOMETRIC_REPRESENTATION_CONTEXT(2) 
PARAMETRIC_REPRESENTATION_CONTEXT() REPRESENTATION_CONTEXT('2D SPACE',''
  ) );
#2671 = PCURVE('',#1095,#2672);
#2672 = DEFINITIONAL_REPRESENTATION('',(#2673),#2681);
#2673 = ( BOUNDED_CURVE() B_SPLINE_CURVE(2,(#2674,#2675,#2676,#2677,
#2678,#2679,#2680),.UNSPECIFIED.,.T.,.F.) B_SPLINE_CURVE_WITH_KNOTS((1,2
    ,2,2,2,1),(-2.094395102393,0.,2.094395102393,4.188790204786,
6.28318530718,8.377580409573),.UNSPECIFIED.) CURVE() 
GEOMETRIC_REPRESENTATION_ITEM() RATIONAL_B_SPLINE_CURVE((1.,0.5,1.,0.5,
1.,0.5,1.)) REPRESENTATION_ITEM('') );
#2674 = CARTESIAN_POINT('',(4.25,-4.2));
#2675 = CARTESIAN_POINT('',(4.25,-8.09711431703));
#2676 = CARTESIAN_POINT('',(0.875,-6.148557158515));
#2677 = CARTESIAN_POINT('',(-2.5,-4.2));
#2678 = CARTESIAN_POINT('',(0.875,-2.251442841485));
#2679 = CARTESIAN_POINT('',(4.25,-0.30288568297));
#2680 = CARTESIAN_POINT('',(4.25,-4.2));
#2681 = ( GEOMETRIC_REPRESENTATION_CONTEXT(2) 
PARAMETRIC_REPRESENTATION_CONTEXT() REPRESENTATION_CONTEXT('2D SPACE',''
  ) );
#2682 = ORIENTED_EDGE('',*,*,#1059,.F.);
#2683 = ORIENTED_EDGE('',*,*,#2684,.T.);
#2684 = EDGE_CURVE('',#1034,#2685,#2687,.T.);
#2685 = VERTEX_POINT('',#2686);
#2686 = CARTESIAN_POINT('',(179.4,154.2,147.10297408447));
#2687 = SURFACE_CURVE('',#2688,(#2693,#2700),.PCURVE_S1.);
#2688 = CIRCLE('',#2689,2.25);
#2689 = AXIS2_PLACEMENT_3D('',#2690,#2691,#2692);
#2690 = CARTESIAN_POINT('',(179.4,155.,145.));
#2691 = DIRECTION('',(-1.,0.,0.));
#2692 = DIRECTION('',(0.,0.,1.));
#2693 = PCURVE('',#161,#2694);
#2694 = DEFINITIONAL_REPRESENTATION('',(#2695),#2699);
#2695 = LINE('',#2696,#2697);
#2696 = CARTESIAN_POINT('',(0.,15.1));
#2697 = VECTOR('',#2698,1.);
#2698 = DIRECTION('',(1.,0.));
#2699 = ( GEOMETRIC_REPRESENTATION_CONTEXT(2) 
PARAMETRIC_REPRESENTATION_CONTEXT() REPRESENTATION_CONTEXT('2D SPACE',''
  ) );
#2700 = PCURVE('',#1048,#2701);
#2701 = DEFINITIONAL_REPRESENTATION('',(#2702),#2710);
#2702 = ( BOUNDED_CURVE() B_SPLINE_CURVE(2,(#2703,#2704,#2705,#2706,
#2707,#2708,#2709),.UNSPECIFIED.,.T.,.F.) B_SPLINE_CURVE_WITH_KNOTS((1,2
    ,2,2,2,1),(-2.094395102393,0.,2.094395102393,4.188790204786,
6.28318530718,8.377580409573),.UNSPECIFIED.) CURVE() 
GEOMETRIC_REPRESENTATION_ITEM() RATIONAL_B_SPLINE_CURVE((1.,0.5,1.,0.5,
1.,0.5,1.)) REPRESENTATION_ITEM('') );
#2703 = CARTESIAN_POINT('',(4.25,-4.2));
#2704 = CARTESIAN_POINT('',(4.25,-8.09711431703));
#2705 = CARTESIAN_POINT('',(0.875,-6.148557158515));
#2706 = CARTESIAN_POINT('',(-2.5,-4.2));
#2707 = CARTESIAN_POINT('',(0.875,-2.251442841485));
#2708 = CARTESIAN_POINT('',(4.25,-0.30288568297));
#2709 = CARTESIAN_POINT('',(4.25,-4.2));
#2710 = ( GEOMETRIC_REPRESENTATION_CONTEXT(2) 
PARAMETRIC_REPRESENTATION_CONTEXT() REPRESENTATION_CONTEXT('2D SPACE',''
  ) );
#2711 = ORIENTED_EDGE('',*,*,#2712,.F.);
#2712 = EDGE_CURVE('',#2713,#2685,#2715,.T.);
#2713 = VERTEX_POINT('',#2714);
#2714 = CARTESIAN_POINT('',(190.6,154.2,147.10297408447));
#2715 = SURFACE_CURVE('',#2716,(#2720,#2726),.PCURVE_S1.);
#2716 = LINE('',#2717,#2718);
#2717 = CARTESIAN_POINT('',(194.5,154.2,147.10297408448));
#2718 = VECTOR('',#2719,1.);
#2719 = DIRECTION('',(-1.,0.,0.));
#2720 = PCURVE('',#161,#2721);
#2721 = DEFINITIONAL_REPRESENTATION('',(#2722),#2725);
#2722 = B_SPLINE_CURVE_WITH_KNOTS('',1,(#2723,#2724),.UNSPECIFIED.,.F.,
  .F.,(2,2),(2.78,16.22),.PIECEWISE_BEZIER_KNOTS.);
#2723 = CARTESIAN_POINT('',(5.919676910767,2.78));
#2724 = CARTESIAN_POINT('',(5.919676910767,16.22));
#2725 = ( GEOMETRIC_REPRESENTATION_CONTEXT(2) 
PARAMETRIC_REPRESENTATION_CONTEXT() REPRESENTATION_CONTEXT('2D SPACE',''
  ) );
#2726 = PCURVE('',#2727,#2732);
#2727 = PLANE('',#2728);
#2728 = AXIS2_PLACEMENT_3D('',#2729,#2730,#2731);
#2729 = CARTESIAN_POINT('',(179.4,154.2,143.));
#2730 = DIRECTION('',(-0.,1.,0.));
#2731 = DIRECTION('',(0.,0.,1.));
#2732 = DEFINITIONAL_REPRESENTATION('',(#2733),#2736);
#2733 = B_SPLINE_CURVE_WITH_KNOTS('',1,(#2734,#2735),.UNSPECIFIED.,.F.,
  .F.,(2,2),(2.78,16.22),.PIECEWISE_BEZIER_KNOTS.);
#2734 = CARTESIAN_POINT('',(4.102974084481,12.32));
#2735 = CARTESIAN_POINT('',(4.102974084481,-1.12));
#2736 = ( GEOMETRIC_REPRESENTATION_CONTEXT(2) 
PARAMETRIC_REPRESENTATION_CONTEXT() REPRESENTATION_CONTEXT('2D SPACE',''
  ) );
#2737 = ORIENTED_EDGE('',*,*,#2738,.F.);
#2738 = EDGE_CURVE('',#961,#2713,#2739,.T.);
#2739 = SURFACE_CURVE('',#2740,(#2745,#2752),.PCURVE_S1.);
#2740 = CIRCLE('',#2741,2.25);
#2741 = AXIS2_PLACEMENT_3D('',#2742,#2743,#2744);
#2742 = CARTESIAN_POINT('',(190.6,155.,145.));
#2743 = DIRECTION('',(-1.,0.,0.));
#2744 = DIRECTION('',(0.,0.,1.));
#2745 = PCURVE('',#161,#2746);
#2746 = DEFINITIONAL_REPRESENTATION('',(#2747),#2751);
#2747 = LINE('',#2748,#2749);
#2748 = CARTESIAN_POINT('',(0.,3.9));
#2749 = VECTOR('',#2750,1.);
#2750 = DIRECTION('',(1.,0.));
#2751 = ( GEOMETRIC_REPRESENTATION_CONTEXT(2) 
PARAMETRIC_REPRESENTATION_CONTEXT() REPRESENTATION_CONTEXT('2D SPACE',''
  ) );
#2752 = PCURVE('',#996,#2753);
#2753 = DEFINITIONAL_REPRESENTATION('',(#2754),#2762);
#2754 = ( BOUNDED_CURVE() B_SPLINE_CURVE(2,(#2755,#2756,#2757,#2758,
#2759,#2760,#2761),.UNSPECIFIED.,.T.,.F.) B_SPLINE_CURVE_WITH_KNOTS((1,2
    ,2,2,2,1),(-2.094395102393,0.,2.094395102393,4.188790204786,
6.28318530718,8.377580409573),.UNSPECIFIED.) CURVE() 
GEOMETRIC_REPRESENTATION_ITEM() RATIONAL_B_SPLINE_CURVE((1.,0.5,1.,0.5,
1.,0.5,1.)) REPRESENTATION_ITEM('') );
#2755 = CARTESIAN_POINT('',(4.25,-4.2));
#2756 = CARTESIAN_POINT('',(4.25,-8.09711431703));
#2757 = CARTESIAN_POINT('',(0.875,-6.148557158515));
#2758 = CARTESIAN_POINT('',(-2.5,-4.2));
#2759 = CARTESIAN_POINT('',(0.875,-2.251442841485));
#2760 = CARTESIAN_POINT('',(4.25,-0.30288568297));
#2761 = CARTESIAN_POINT('',(4.25,-4.2));
#2762 = ( GEOMETRIC_REPRESENTATION_CONTEXT(2) 
PARAMETRIC_REPRESENTATION_CONTEXT() REPRESENTATION_CONTEXT('2D SPACE',''
  ) );
#2763 = ORIENTED_EDGE('',*,*,#960,.F.);
#2764 = ORIENTED_EDGE('',*,*,#2765,.T.);
#2765 = EDGE_CURVE('',#935,#2766,#2768,.T.);
#2766 = VERTEX_POINT('',#2767);
#2767 = CARTESIAN_POINT('',(191.4,154.,147.01556443707));
#2768 = SURFACE_CURVE('',#2769,(#2774,#2781),.PCURVE_S1.);
#2769 = CIRCLE('',#2770,2.25);
#2770 = AXIS2_PLACEMENT_3D('',#2771,#2772,#2773);
#2771 = CARTESIAN_POINT('',(191.4,155.,145.));
#2772 = DIRECTION('',(-1.,0.,0.));
#2773 = DIRECTION('',(0.,0.,1.));
#2774 = PCURVE('',#161,#2775);
#2775 = DEFINITIONAL_REPRESENTATION('',(#2776),#2780);
#2776 = LINE('',#2777,#2778);
#2777 = CARTESIAN_POINT('',(0.,3.1));
#2778 = VECTOR('',#2779,1.);
#2779 = DIRECTION('',(1.,0.));
#2780 = ( GEOMETRIC_REPRESENTATION_CONTEXT(2) 
PARAMETRIC_REPRESENTATION_CONTEXT() REPRESENTATION_CONTEXT('2D SPACE',''
  ) );
#2781 = PCURVE('',#949,#2782);
#2782 = DEFINITIONAL_REPRESENTATION('',(#2783),#2791);
#2783 = ( BOUNDED_CURVE() B_SPLINE_CURVE(2,(#2784,#2785,#2786,#2787,
#2788,#2789,#2790),.UNSPECIFIED.,.T.,.F.) B_SPLINE_CURVE_WITH_KNOTS((1,2
    ,2,2,2,1),(-2.094395102393,0.,2.094395102393,4.188790204786,
6.28318530718,8.377580409573),.UNSPECIFIED.) CURVE() 
GEOMETRIC_REPRESENTATION_ITEM() RATIONAL_B_SPLINE_CURVE((1.,0.5,1.,0.5,
1.,0.5,1.)) REPRESENTATION_ITEM('') );
#2784 = CARTESIAN_POINT('',(4.25,-4.4));
#2785 = CARTESIAN_POINT('',(4.25,-8.29711431703));
#2786 = CARTESIAN_POINT('',(0.875,-6.348557158515));
#2787 = CARTESIAN_POINT('',(-2.5,-4.4));
#2788 = CARTESIAN_POINT('',(0.875,-2.451442841485));
#2789 = CARTESIAN_POINT('',(4.25,-0.50288568297));
#2790 = CARTESIAN_POINT('',(4.25,-4.4));
#2791 = ( GEOMETRIC_REPRESENTATION_CONTEXT(2) 
PARAMETRIC_REPRESENTATION_CONTEXT() REPRESENTATION_CONTEXT('2D SPACE',''
  ) );
#2792 = ORIENTED_EDGE('',*,*,#2793,.F.);
#2793 = EDGE_CURVE('',#2477,#2766,#2794,.T.);
#2794 = SURFACE_CURVE('',#2795,(#2799,#2805),.PCURVE_S1.);
#2795 = LINE('',#2796,#2797);
#2796 = CARTESIAN_POINT('',(194.5,154.,147.01556443707));
#2797 = VECTOR('',#2798,1.);
#2798 = DIRECTION('',(-1.,0.,0.));
#2799 = PCURVE('',#161,#2800);
#2800 = DEFINITIONAL_REPRESENTATION('',(#2801),#2804);
#2801 = B_SPLINE_CURVE_WITH_KNOTS('',1,(#2802,#2803),.UNSPECIFIED.,.F.,
  .F.,(2,2),(0.,4.22),.PIECEWISE_BEZIER_KNOTS.);
#2802 = CARTESIAN_POINT('',(5.822631315498,0.));
#2803 = CARTESIAN_POINT('',(5.822631315498,4.22));
#2804 = ( GEOMETRIC_REPRESENTATION_CONTEXT(2) 
PARAMETRIC_REPRESENTATION_CONTEXT() REPRESENTATION_CONTEXT('2D SPACE',''
  ) );
#2805 = PCURVE('',#871,#2806);
#2806 = DEFINITIONAL_REPRESENTATION('',(#2807),#2810);
#2807 = B_SPLINE_CURVE_WITH_KNOTS('',1,(#2808,#2809),.UNSPECIFIED.,.F.,
  .F.,(2,2),(0.,4.22),.PIECEWISE_BEZIER_KNOTS.);
#2808 = CARTESIAN_POINT('',(4.015564437075,3.1));
#2809 = CARTESIAN_POINT('',(4.015564437075,-1.12));
#2810 = ( GEOMETRIC_REPRESENTATION_CONTEXT(2) 
PARAMETRIC_REPRESENTATION_CONTEXT() REPRESENTATION_CONTEXT('2D SPACE',''
  ) );
#2811 = ADVANCED_FACE('',(#2812),#100,.F.);
#2812 = FACE_BOUND('',#2813,.F.);
#2813 = EDGE_LOOP('',(#2814,#2815,#2816,#2839));
#2814 = ORIENTED_EDGE('',*,*,#307,.F.);
#2815 = ORIENTED_EDGE('',*,*,#84,.T.);
#2816 = ORIENTED_EDGE('',*,*,#2817,.T.);
#2817 = EDGE_CURVE('',#57,#2818,#2820,.T.);
#2818 = VERTEX_POINT('',#2819);
#2819 = CARTESIAN_POINT('',(218.,150.,151.));
#2820 = SURFACE_CURVE('',#2821,(#2825,#2832),.PCURVE_S1.);
#2821 = LINE('',#2822,#2823);
#2822 = CARTESIAN_POINT('',(130.,150.,151.));
#2823 = VECTOR('',#2824,1.);
#2824 = DIRECTION('',(1.,0.,0.));
#2825 = PCURVE('',#100,#2826);
#2826 = DEFINITIONAL_REPRESENTATION('',(#2827),#2831);
#2827 = LINE('',#2828,#2829);
#2828 = CARTESIAN_POINT('',(5.,0.));
#2829 = VECTOR('',#2830,1.);
#2830 = DIRECTION('',(0.,1.));
#2831 = ( GEOMETRIC_REPRESENTATION_CONTEXT(2) 
PARAMETRIC_REPRESENTATION_CONTEXT() REPRESENTATION_CONTEXT('2D SPACE',''
  ) );
#2832 = PCURVE('',#72,#2833);
#2833 = DEFINITIONAL_REPRESENTATION('',(#2834),#2838);
#2834 = LINE('',#2835,#2836);
#2835 = CARTESIAN_POINT('',(0.,0.));
#2836 = VECTOR('',#2837,1.);
#2837 = DIRECTION('',(1.,0.));
#2838 = ( GEOMETRIC_REPRESENTATION_CONTEXT(2) 
PARAMETRIC_REPRESENTATION_CONTEXT() REPRESENTATION_CONTEXT('2D SPACE',''
  ) );
#2839 = ORIENTED_EDGE('',*,*,#2840,.F.);
#2840 = EDGE_CURVE('',#308,#2818,#2841,.T.);
#2841 = SURFACE_CURVE('',#2842,(#2846,#2853),.PCURVE_S1.);
#2842 = LINE('',#2843,#2844);
#2843 = CARTESIAN_POINT('',(218.,150.,146.));
#2844 = VECTOR('',#2845,1.);
#2845 = DIRECTION('',(0.,0.,1.));
#2846 = PCURVE('',#100,#2847);
#2847 = DEFINITIONAL_REPRESENTATION('',(#2848),#2852);
#2848 = LINE('',#2849,#2850);
#2849 = CARTESIAN_POINT('',(0.,88.));
#2850 = VECTOR('',#2851,1.);
#2851 = DIRECTION('',(1.,0.));
#2852 = ( GEOMETRIC_REPRESENTATION_CONTEXT(2) 
PARAMETRIC_REPRESENTATION_CONTEXT() REPRESENTATION_CONTEXT('2D SPACE',''
  ) );
#2853 = PCURVE('',#291,#2854);
#2854 = DEFINITIONAL_REPRESENTATION('',(#2855),#2859);
#2855 = LINE('',#2856,#2857);
#2856 = CARTESIAN_POINT('',(0.,0.));
#2857 = VECTOR('',#2858,1.);
#2858 = DIRECTION('',(1.,0.));
#2859 = ( GEOMETRIC_REPRESENTATION_CONTEXT(2) 
PARAMETRIC_REPRESENTATION_CONTEXT() REPRESENTATION_CONTEXT('2D SPACE',''
  ) );
#2860 = ADVANCED_FACE('',(#2861,#2887,#2973,#2999,#3085,#3171,#3257,
    #3283,#3415,#3441,#3546,#3632,#3764,#3850,#3955),#72,.T.);
#2861 = FACE_BOUND('',#2862,.T.);
#2862 = EDGE_LOOP('',(#2863,#2864,#2865,#2886));
#2863 = ORIENTED_EDGE('',*,*,#56,.F.);
#2864 = ORIENTED_EDGE('',*,*,#2817,.T.);
#2865 = ORIENTED_EDGE('',*,*,#2866,.T.);
#2866 = EDGE_CURVE('',#2818,#255,#2867,.T.);
#2867 = SURFACE_CURVE('',#2868,(#2872,#2879),.PCURVE_S1.);
#2868 = LINE('',#2869,#2870);
#2869 = CARTESIAN_POINT('',(218.,150.,151.));
#2870 = VECTOR('',#2871,1.);
#2871 = DIRECTION('',(0.,1.,0.));
#2872 = PCURVE('',#72,#2873);
#2873 = DEFINITIONAL_REPRESENTATION('',(#2874),#2878);
#2874 = LINE('',#2875,#2876);
#2875 = CARTESIAN_POINT('',(88.,0.));
#2876 = VECTOR('',#2877,1.);
#2877 = DIRECTION('',(0.,1.));
#2878 = ( GEOMETRIC_REPRESENTATION_CONTEXT(2) 
PARAMETRIC_REPRESENTATION_CONTEXT() REPRESENTATION_CONTEXT('2D SPACE',''
  ) );
#2879 = PCURVE('',#291,#2880);
#2880 = DEFINITIONAL_REPRESENTATION('',(#2881),#2885);
#2881 = LINE('',#2882,#2883);
#2882 = CARTESIAN_POINT('',(5.,0.));
#2883 = VECTOR('',#2884,1.);
#2884 = DIRECTION('',(0.,-1.));
#2885 = ( GEOMETRIC_REPRESENTATION_CONTEXT(2) 
PARAMETRIC_REPRESENTATION_CONTEXT() REPRESENTATION_CONTEXT('2D SPACE',''
  ) );
#2886 = ORIENTED_EDGE('',*,*,#254,.F.);
#2887 = FACE_BOUND('',#2888,.T.);
#2888 = EDGE_LOOP('',(#2889,#2912,#2933,#2954));
#2889 = ORIENTED_EDGE('',*,*,#2890,.T.);
#2890 = EDGE_CURVE('',#2891,#2893,#2895,.T.);
#2891 = VERTEX_POINT('',#2892);
#2892 = CARTESIAN_POINT('',(156.6,150.6,151.));
#2893 = VERTEX_POINT('',#2894);
#2894 = CARTESIAN_POINT('',(145.4,150.6,151.));
#2895 = SURFACE_CURVE('',#2896,(#2900,#2906),.PCURVE_S1.);
#2896 = LINE('',#2897,#2898);
#2897 = CARTESIAN_POINT('',(137.7,150.6,151.));
#2898 = VECTOR('',#2899,1.);
#2899 = DIRECTION('',(-1.,-0.,0.));
#2900 = PCURVE('',#72,#2901);
#2901 = DEFINITIONAL_REPRESENTATION('',(#2902),#2905);
#2902 = B_SPLINE_CURVE_WITH_KNOTS('',1,(#2903,#2904),.UNSPECIFIED.,.F.,
  .F.,(2,2),(-18.9,-7.7),.PIECEWISE_BEZIER_KNOTS.);
#2903 = CARTESIAN_POINT('',(26.6,0.6));
#2904 = CARTESIAN_POINT('',(15.4,0.6));
#2905 = ( GEOMETRIC_REPRESENTATION_CONTEXT(2) 
PARAMETRIC_REPRESENTATION_CONTEXT() REPRESENTATION_CONTEXT('2D SPACE',''
  ) );
#2906 = PCURVE('',#1220,#2907);
#2907 = DEFINITIONAL_REPRESENTATION('',(#2908),#2911);
#2908 = B_SPLINE_CURVE_WITH_KNOTS('',1,(#2909,#2910),.UNSPECIFIED.,.F.,
  .F.,(2,2),(-18.9,-7.7),.PIECEWISE_BEZIER_KNOTS.);
#2909 = CARTESIAN_POINT('',(8.,11.2));
#2910 = CARTESIAN_POINT('',(8.,0.));
#2911 = ( GEOMETRIC_REPRESENTATION_CONTEXT(2) 
PARAMETRIC_REPRESENTATION_CONTEXT() REPRESENTATION_CONTEXT('2D SPACE',''
  ) );
#2912 = ORIENTED_EDGE('',*,*,#2913,.T.);
#2913 = EDGE_CURVE('',#2893,#2914,#2916,.T.);
#2914 = VERTEX_POINT('',#2915);
#2915 = CARTESIAN_POINT('',(145.4,154.,151.));
#2916 = SURFACE_CURVE('',#2917,(#2921,#2927),.PCURVE_S1.);
#2917 = LINE('',#2918,#2919);
#2918 = CARTESIAN_POINT('',(145.4,150.3,151.));
#2919 = VECTOR('',#2920,1.);
#2920 = DIRECTION('',(-0.,1.,0.));
#2921 = PCURVE('',#72,#2922);
#2922 = DEFINITIONAL_REPRESENTATION('',(#2923),#2926);
#2923 = B_SPLINE_CURVE_WITH_KNOTS('',1,(#2924,#2925),.UNSPECIFIED.,.F.,
  .F.,(2,2),(0.3,3.7),.PIECEWISE_BEZIER_KNOTS.);
#2924 = CARTESIAN_POINT('',(15.4,0.6));
#2925 = CARTESIAN_POINT('',(15.4,4.));
#2926 = ( GEOMETRIC_REPRESENTATION_CONTEXT(2) 
PARAMETRIC_REPRESENTATION_CONTEXT() REPRESENTATION_CONTEXT('2D SPACE',''
  ) );
#2927 = PCURVE('',#1246,#2928);
#2928 = DEFINITIONAL_REPRESENTATION('',(#2929),#2932);
#2929 = B_SPLINE_CURVE_WITH_KNOTS('',1,(#2930,#2931),.UNSPECIFIED.,.F.,
  .F.,(2,2),(0.3,3.7),.PIECEWISE_BEZIER_KNOTS.);
#2930 = CARTESIAN_POINT('',(8.,0.));
#2931 = CARTESIAN_POINT('',(8.,-3.4));
#2932 = ( GEOMETRIC_REPRESENTATION_CONTEXT(2) 
PARAMETRIC_REPRESENTATION_CONTEXT() REPRESENTATION_CONTEXT('2D SPACE',''
  ) );
#2933 = ORIENTED_EDGE('',*,*,#2934,.F.);
#2934 = EDGE_CURVE('',#2935,#2914,#2937,.T.);
#2935 = VERTEX_POINT('',#2936);
#2936 = CARTESIAN_POINT('',(156.6,154.,151.));
#2937 = SURFACE_CURVE('',#2938,(#2942,#2948),.PCURVE_S1.);
#2938 = LINE('',#2939,#2940);
#2939 = CARTESIAN_POINT('',(137.7,154.,151.));
#2940 = VECTOR('',#2941,1.);
#2941 = DIRECTION('',(-1.,-0.,0.));
#2942 = PCURVE('',#72,#2943);
#2943 = DEFINITIONAL_REPRESENTATION('',(#2944),#2947);
#2944 = B_SPLINE_CURVE_WITH_KNOTS('',1,(#2945,#2946),.UNSPECIFIED.,.F.,
  .F.,(2,2),(-18.9,-7.7),.PIECEWISE_BEZIER_KNOTS.);
#2945 = CARTESIAN_POINT('',(26.6,4.));
#2946 = CARTESIAN_POINT('',(15.4,4.));
#2947 = ( GEOMETRIC_REPRESENTATION_CONTEXT(2) 
PARAMETRIC_REPRESENTATION_CONTEXT() REPRESENTATION_CONTEXT('2D SPACE',''
  ) );
#2948 = PCURVE('',#2565,#2949);
#2949 = DEFINITIONAL_REPRESENTATION('',(#2950),#2953);
#2950 = B_SPLINE_CURVE_WITH_KNOTS('',1,(#2951,#2952),.UNSPECIFIED.,.F.,
  .F.,(2,2),(-18.9,-7.7),.PIECEWISE_BEZIER_KNOTS.);
#2951 = CARTESIAN_POINT('',(8.,11.2));
#2952 = CARTESIAN_POINT('',(8.,0.));
#2953 = ( GEOMETRIC_REPRESENTATION_CONTEXT(2) 
PARAMETRIC_REPRESENTATION_CONTEXT() REPRESENTATION_CONTEXT('2D SPACE',''
  ) );
#2954 = ORIENTED_EDGE('',*,*,#2955,.F.);
#2955 = EDGE_CURVE('',#2891,#2935,#2956,.T.);
#2956 = SURFACE_CURVE('',#2957,(#2961,#2967),.PCURVE_S1.);
#2957 = LINE('',#2958,#2959);
#2958 = CARTESIAN_POINT('',(156.6,150.3,151.));
#2959 = VECTOR('',#2960,1.);
#2960 = DIRECTION('',(-0.,1.,0.));
#2961 = PCURVE('',#72,#2962);
#2962 = DEFINITIONAL_REPRESENTATION('',(#2963),#2966);
#2963 = B_SPLINE_CURVE_WITH_KNOTS('',1,(#2964,#2965),.UNSPECIFIED.,.F.,
  .F.,(2,2),(0.3,3.7),.PIECEWISE_BEZIER_KNOTS.);
#2964 = CARTESIAN_POINT('',(26.6,0.6));
#2965 = CARTESIAN_POINT('',(26.6,4.));
#2966 = ( GEOMETRIC_REPRESENTATION_CONTEXT(2) 
PARAMETRIC_REPRESENTATION_CONTEXT() REPRESENTATION_CONTEXT('2D SPACE',''
  ) );
#2967 = PCURVE('',#1194,#2968);
#2968 = DEFINITIONAL_REPRESENTATION('',(#2969),#2972);
#2969 = B_SPLINE_CURVE_WITH_KNOTS('',1,(#2970,#2971),.UNSPECIFIED.,.F.,
  .F.,(2,2),(0.3,3.7),.PIECEWISE_BEZIER_KNOTS.);
#2970 = CARTESIAN_POINT('',(8.,0.));
#2971 = CARTESIAN_POINT('',(8.,-3.4));
#2972 = ( GEOMETRIC_REPRESENTATION_CONTEXT(2) 
PARAMETRIC_REPRESENTATION_CONTEXT() REPRESENTATION_CONTEXT('2D SPACE',''
  ) );
#2973 = FACE_BOUND('',#2974,.T.);
#2974 = EDGE_LOOP('',(#2975));
#2975 = ORIENTED_EDGE('',*,*,#2976,.F.);
#2976 = EDGE_CURVE('',#2977,#2977,#2979,.T.);
#2977 = VERTEX_POINT('',#2978);
#2978 = CARTESIAN_POINT('',(137.7,157.,151.));
#2979 = SURFACE_CURVE('',#2980,(#2985,#2992),.PCURVE_S1.);
#2980 = CIRCLE('',#2981,1.7);
#2981 = AXIS2_PLACEMENT_3D('',#2982,#2983,#2984);
#2982 = CARTESIAN_POINT('',(136.,157.,151.));
#2983 = DIRECTION('',(0.,0.,1.));
#2984 = DIRECTION('',(1.,0.,0.));
#2985 = PCURVE('',#72,#2986);
#2986 = DEFINITIONAL_REPRESENTATION('',(#2987),#2991);
#2987 = CIRCLE('',#2988,1.7);
#2988 = AXIS2_PLACEMENT_2D('',#2989,#2990);
#2989 = CARTESIAN_POINT('',(6.,7.));
#2990 = DIRECTION('',(1.,0.));
#2991 = ( GEOMETRIC_REPRESENTATION_CONTEXT(2) 
PARAMETRIC_REPRESENTATION_CONTEXT() REPRESENTATION_CONTEXT('2D SPACE',''
  ) );
#2992 = PCURVE('',#391,#2993);
#2993 = DEFINITIONAL_REPRESENTATION('',(#2994),#2998);
#2994 = LINE('',#2995,#2996);
#2995 = CARTESIAN_POINT('',(0.,5.1));
#2996 = VECTOR('',#2997,1.);
#2997 = DIRECTION('',(1.,0.));
#2998 = ( GEOMETRIC_REPRESENTATION_CONTEXT(2) 
PARAMETRIC_REPRESENTATION_CONTEXT() REPRESENTATION_CONTEXT('2D SPACE',''
  ) );
#2999 = FACE_BOUND('',#3000,.T.);
#3000 = EDGE_LOOP('',(#3001,#3024,#3045,#3066));
#3001 = ORIENTED_EDGE('',*,*,#3002,.T.);
#3002 = EDGE_CURVE('',#3003,#3005,#3007,.T.);
#3003 = VERTEX_POINT('',#3004);
#3004 = CARTESIAN_POINT('',(171.6,150.8,151.));
#3005 = VERTEX_POINT('',#3006);
#3006 = CARTESIAN_POINT('',(160.4,150.8,151.));
#3007 = SURFACE_CURVE('',#3008,(#3012,#3018),.PCURVE_S1.);
#3008 = LINE('',#3009,#3010);
#3009 = CARTESIAN_POINT('',(145.2,150.8,151.));
#3010 = VECTOR('',#3011,1.);
#3011 = DIRECTION('',(-1.,-0.,0.));
#3012 = PCURVE('',#72,#3013);
#3013 = DEFINITIONAL_REPRESENTATION('',(#3014),#3017);
#3014 = B_SPLINE_CURVE_WITH_KNOTS('',1,(#3015,#3016),.UNSPECIFIED.,.F.,
  .F.,(2,2),(-26.4,-15.2),.PIECEWISE_BEZIER_KNOTS.);
#3015 = CARTESIAN_POINT('',(41.6,0.8));
#3016 = CARTESIAN_POINT('',(30.4,0.8));
#3017 = ( GEOMETRIC_REPRESENTATION_CONTEXT(2) 
PARAMETRIC_REPRESENTATION_CONTEXT() REPRESENTATION_CONTEXT('2D SPACE',''
  ) );
#3018 = PCURVE('',#1121,#3019);
#3019 = DEFINITIONAL_REPRESENTATION('',(#3020),#3023);
#3020 = B_SPLINE_CURVE_WITH_KNOTS('',1,(#3021,#3022),.UNSPECIFIED.,.F.,
  .F.,(2,2),(-26.4,-15.2),.PIECEWISE_BEZIER_KNOTS.);
#3021 = CARTESIAN_POINT('',(8.,11.2));
#3022 = CARTESIAN_POINT('',(8.,0.));
#3023 = ( GEOMETRIC_REPRESENTATION_CONTEXT(2) 
PARAMETRIC_REPRESENTATION_CONTEXT() REPRESENTATION_CONTEXT('2D SPACE',''
  ) );
#3024 = ORIENTED_EDGE('',*,*,#3025,.T.);
#3025 = EDGE_CURVE('',#3005,#3026,#3028,.T.);
#3026 = VERTEX_POINT('',#3027);
#3027 = CARTESIAN_POINT('',(160.4,154.2,151.));
#3028 = SURFACE_CURVE('',#3029,(#3033,#3039),.PCURVE_S1.);
#3029 = LINE('',#3030,#3031);
#3030 = CARTESIAN_POINT('',(160.4,150.4,151.));
#3031 = VECTOR('',#3032,1.);
#3032 = DIRECTION('',(-0.,1.,0.));
#3033 = PCURVE('',#72,#3034);
#3034 = DEFINITIONAL_REPRESENTATION('',(#3035),#3038);
#3035 = B_SPLINE_CURVE_WITH_KNOTS('',1,(#3036,#3037),.UNSPECIFIED.,.F.,
  .F.,(2,2),(0.4,3.8),.PIECEWISE_BEZIER_KNOTS.);
#3036 = CARTESIAN_POINT('',(30.4,0.8));
#3037 = CARTESIAN_POINT('',(30.4,4.2));
#3038 = ( GEOMETRIC_REPRESENTATION_CONTEXT(2) 
PARAMETRIC_REPRESENTATION_CONTEXT() REPRESENTATION_CONTEXT('2D SPACE',''
  ) );
#3039 = PCURVE('',#1147,#3040);
#3040 = DEFINITIONAL_REPRESENTATION('',(#3041),#3044);
#3041 = B_SPLINE_CURVE_WITH_KNOTS('',1,(#3042,#3043),.UNSPECIFIED.,.F.,
  .F.,(2,2),(0.4,3.8),.PIECEWISE_BEZIER_KNOTS.);
#3042 = CARTESIAN_POINT('',(8.,0.));
#3043 = CARTESIAN_POINT('',(8.,-3.4));
#3044 = ( GEOMETRIC_REPRESENTATION_CONTEXT(2) 
PARAMETRIC_REPRESENTATION_CONTEXT() REPRESENTATION_CONTEXT('2D SPACE',''
  ) );
#3045 = ORIENTED_EDGE('',*,*,#3046,.F.);
#3046 = EDGE_CURVE('',#3047,#3026,#3049,.T.);
#3047 = VERTEX_POINT('',#3048);
#3048 = CARTESIAN_POINT('',(171.6,154.2,151.));
#3049 = SURFACE_CURVE('',#3050,(#3054,#3060),.PCURVE_S1.);
#3050 = LINE('',#3051,#3052);
#3051 = CARTESIAN_POINT('',(145.2,154.2,151.));
#3052 = VECTOR('',#3053,1.);
#3053 = DIRECTION('',(-1.,-0.,0.));
#3054 = PCURVE('',#72,#3055);
#3055 = DEFINITIONAL_REPRESENTATION('',(#3056),#3059);
#3056 = B_SPLINE_CURVE_WITH_KNOTS('',1,(#3057,#3058),.UNSPECIFIED.,.F.,
  .F.,(2,2),(-26.4,-15.2),.PIECEWISE_BEZIER_KNOTS.);
#3057 = CARTESIAN_POINT('',(41.6,4.2));
#3058 = CARTESIAN_POINT('',(30.4,4.2));
#3059 = ( GEOMETRIC_REPRESENTATION_CONTEXT(2) 
PARAMETRIC_REPRESENTATION_CONTEXT() REPRESENTATION_CONTEXT('2D SPACE',''
  ) );
#3060 = PCURVE('',#2646,#3061);
#3061 = DEFINITIONAL_REPRESENTATION('',(#3062),#3065);
#3062 = B_SPLINE_CURVE_WITH_KNOTS('',1,(#3063,#3064),.UNSPECIFIED.,.F.,
  .F.,(2,2),(-26.4,-15.2),.PIECEWISE_BEZIER_KNOTS.);
#3063 = CARTESIAN_POINT('',(8.,11.2));
#3064 = CARTESIAN_POINT('',(8.,0.));
#3065 = ( GEOMETRIC_REPRESENTATION_CONTEXT(2) 
PARAMETRIC_REPRESENTATION_CONTEXT() REPRESENTATION_CONTEXT('2D SPACE',''
  ) );
#3066 = ORIENTED_EDGE('',*,*,#3067,.F.);
#3067 = EDGE_CURVE('',#3003,#3047,#3068,.T.);
#3068 = SURFACE_CURVE('',#3069,(#3073,#3079),.PCURVE_S1.);
#3069 = LINE('',#3070,#3071);
#3070 = CARTESIAN_POINT('',(171.6,150.4,151.));
#3071 = VECTOR('',#3072,1.);
#3072 = DIRECTION('',(-0.,1.,0.));
#3073 = PCURVE('',#72,#3074);
#3074 = DEFINITIONAL_REPRESENTATION('',(#3075),#3078);
#3075 = B_SPLINE_CURVE_WITH_KNOTS('',1,(#3076,#3077),.UNSPECIFIED.,.F.,
  .F.,(2,2),(0.4,3.8),.PIECEWISE_BEZIER_KNOTS.);
#3076 = CARTESIAN_POINT('',(41.6,0.8));
#3077 = CARTESIAN_POINT('',(41.6,4.2));
#3078 = ( GEOMETRIC_REPRESENTATION_CONTEXT(2) 
PARAMETRIC_REPRESENTATION_CONTEXT() REPRESENTATION_CONTEXT('2D SPACE',''
  ) );
#3079 = PCURVE('',#1095,#3080);
#3080 = DEFINITIONAL_REPRESENTATION('',(#3081),#3084);
#3081 = B_SPLINE_CURVE_WITH_KNOTS('',1,(#3082,#3083),.UNSPECIFIED.,.F.,
  .F.,(2,2),(0.4,3.8),.PIECEWISE_BEZIER_KNOTS.);
#3082 = CARTESIAN_POINT('',(8.,0.));
#3083 = CARTESIAN_POINT('',(8.,-3.4));
#3084 = ( GEOMETRIC_REPRESENTATION_CONTEXT(2) 
PARAMETRIC_REPRESENTATION_CONTEXT() REPRESENTATION_CONTEXT('2D SPACE',''
  ) );
#3085 = FACE_BOUND('',#3086,.T.);
#3086 = EDGE_LOOP('',(#3087,#3110,#3131,#3152));
#3087 = ORIENTED_EDGE('',*,*,#3088,.T.);
#3088 = EDGE_CURVE('',#3089,#3091,#3093,.T.);
#3089 = VERTEX_POINT('',#3090);
#3090 = CARTESIAN_POINT('',(190.6,150.8,151.));
#3091 = VERTEX_POINT('',#3092);
#3092 = CARTESIAN_POINT('',(179.4,150.8,151.));
#3093 = SURFACE_CURVE('',#3094,(#3098,#3104),.PCURVE_S1.);
#3094 = LINE('',#3095,#3096);
#3095 = CARTESIAN_POINT('',(154.7,150.8,151.));
#3096 = VECTOR('',#3097,1.);
#3097 = DIRECTION('',(-1.,-0.,0.));
#3098 = PCURVE('',#72,#3099);
#3099 = DEFINITIONAL_REPRESENTATION('',(#3100),#3103);
#3100 = B_SPLINE_CURVE_WITH_KNOTS('',1,(#3101,#3102),.UNSPECIFIED.,.F.,
  .F.,(2,2),(-35.9,-24.7),.PIECEWISE_BEZIER_KNOTS.);
#3101 = CARTESIAN_POINT('',(60.6,0.8));
#3102 = CARTESIAN_POINT('',(49.4,0.8));
#3103 = ( GEOMETRIC_REPRESENTATION_CONTEXT(2) 
PARAMETRIC_REPRESENTATION_CONTEXT() REPRESENTATION_CONTEXT('2D SPACE',''
  ) );
#3104 = PCURVE('',#1022,#3105);
#3105 = DEFINITIONAL_REPRESENTATION('',(#3106),#3109);
#3106 = B_SPLINE_CURVE_WITH_KNOTS('',1,(#3107,#3108),.UNSPECIFIED.,.F.,
  .F.,(2,2),(-35.9,-24.7),.PIECEWISE_BEZIER_KNOTS.);
#3107 = CARTESIAN_POINT('',(8.,11.2));
#3108 = CARTESIAN_POINT('',(8.,0.));
#3109 = ( GEOMETRIC_REPRESENTATION_CONTEXT(2) 
PARAMETRIC_REPRESENTATION_CONTEXT() REPRESENTATION_CONTEXT('2D SPACE',''
  ) );
#3110 = ORIENTED_EDGE('',*,*,#3111,.T.);
#3111 = EDGE_CURVE('',#3091,#3112,#3114,.T.);
#3112 = VERTEX_POINT('',#3113);
#3113 = CARTESIAN_POINT('',(179.4,154.2,151.));
#3114 = SURFACE_CURVE('',#3115,(#3119,#3125),.PCURVE_S1.);
#3115 = LINE('',#3116,#3117);
#3116 = CARTESIAN_POINT('',(179.4,150.4,151.));
#3117 = VECTOR('',#3118,1.);
#3118 = DIRECTION('',(-0.,1.,0.));
#3119 = PCURVE('',#72,#3120);
#3120 = DEFINITIONAL_REPRESENTATION('',(#3121),#3124);
#3121 = B_SPLINE_CURVE_WITH_KNOTS('',1,(#3122,#3123),.UNSPECIFIED.,.F.,
  .F.,(2,2),(0.4,3.8),.PIECEWISE_BEZIER_KNOTS.);
#3122 = CARTESIAN_POINT('',(49.4,0.8));
#3123 = CARTESIAN_POINT('',(49.4,4.2));
#3124 = ( GEOMETRIC_REPRESENTATION_CONTEXT(2) 
PARAMETRIC_REPRESENTATION_CONTEXT() REPRESENTATION_CONTEXT('2D SPACE',''
  ) );
#3125 = PCURVE('',#1048,#3126);
#3126 = DEFINITIONAL_REPRESENTATION('',(#3127),#3130);
#3127 = B_SPLINE_CURVE_WITH_KNOTS('',1,(#3128,#3129),.UNSPECIFIED.,.F.,
  .F.,(2,2),(0.4,3.8),.PIECEWISE_BEZIER_KNOTS.);
#3128 = CARTESIAN_POINT('',(8.,0.));
#3129 = CARTESIAN_POINT('',(8.,-3.4));
#3130 = ( GEOMETRIC_REPRESENTATION_CONTEXT(2) 
PARAMETRIC_REPRESENTATION_CONTEXT() REPRESENTATION_CONTEXT('2D SPACE',''
  ) );
#3131 = ORIENTED_EDGE('',*,*,#3132,.F.);
#3132 = EDGE_CURVE('',#3133,#3112,#3135,.T.);
#3133 = VERTEX_POINT('',#3134);
#3134 = CARTESIAN_POINT('',(190.6,154.2,151.));
#3135 = SURFACE_CURVE('',#3136,(#3140,#3146),.PCURVE_S1.);
#3136 = LINE('',#3137,#3138);
#3137 = CARTESIAN_POINT('',(154.7,154.2,151.));
#3138 = VECTOR('',#3139,1.);
#3139 = DIRECTION('',(-1.,-0.,0.));
#3140 = PCURVE('',#72,#3141);
#3141 = DEFINITIONAL_REPRESENTATION('',(#3142),#3145);
#3142 = B_SPLINE_CURVE_WITH_KNOTS('',1,(#3143,#3144),.UNSPECIFIED.,.F.,
  .F.,(2,2),(-35.9,-24.7),.PIECEWISE_BEZIER_KNOTS.);
#3143 = CARTESIAN_POINT('',(60.6,4.2));
#3144 = CARTESIAN_POINT('',(49.4,4.2));
#3145 = ( GEOMETRIC_REPRESENTATION_CONTEXT(2) 
PARAMETRIC_REPRESENTATION_CONTEXT() REPRESENTATION_CONTEXT('2D SPACE',''
  ) );
#3146 = PCURVE('',#2727,#3147);
#3147 = DEFINITIONAL_REPRESENTATION('',(#3148),#3151);
#3148 = B_SPLINE_CURVE_WITH_KNOTS('',1,(#3149,#3150),.UNSPECIFIED.,.F.,
  .F.,(2,2),(-35.9,-24.7),.PIECEWISE_BEZIER_KNOTS.);
#3149 = CARTESIAN_POINT('',(8.,11.2));
#3150 = CARTESIAN_POINT('',(8.,0.));
#3151 = ( GEOMETRIC_REPRESENTATION_CONTEXT(2) 
PARAMETRIC_REPRESENTATION_CONTEXT() REPRESENTATION_CONTEXT('2D SPACE',''
  ) );
#3152 = ORIENTED_EDGE('',*,*,#3153,.F.);
#3153 = EDGE_CURVE('',#3089,#3133,#3154,.T.);
#3154 = SURFACE_CURVE('',#3155,(#3159,#3165),.PCURVE_S1.);
#3155 = LINE('',#3156,#3157);
#3156 = CARTESIAN_POINT('',(190.6,150.4,151.));
#3157 = VECTOR('',#3158,1.);
#3158 = DIRECTION('',(-0.,1.,0.));
#3159 = PCURVE('',#72,#3160);
#3160 = DEFINITIONAL_REPRESENTATION('',(#3161),#3164);
#3161 = B_SPLINE_CURVE_WITH_KNOTS('',1,(#3162,#3163),.UNSPECIFIED.,.F.,
  .F.,(2,2),(0.4,3.8),.PIECEWISE_BEZIER_KNOTS.);
#3162 = CARTESIAN_POINT('',(60.6,0.8));
#3163 = CARTESIAN_POINT('',(60.6,4.2));
#3164 = ( GEOMETRIC_REPRESENTATION_CONTEXT(2) 
PARAMETRIC_REPRESENTATION_CONTEXT() REPRESENTATION_CONTEXT('2D SPACE',''
  ) );
#3165 = PCURVE('',#996,#3166);
#3166 = DEFINITIONAL_REPRESENTATION('',(#3167),#3170);
#3167 = B_SPLINE_CURVE_WITH_KNOTS('',1,(#3168,#3169),.UNSPECIFIED.,.F.,
  .F.,(2,2),(0.4,3.8),.PIECEWISE_BEZIER_KNOTS.);
#3168 = CARTESIAN_POINT('',(8.,0.));
#3169 = CARTESIAN_POINT('',(8.,-3.4));
#3170 = ( GEOMETRIC_REPRESENTATION_CONTEXT(2) 
PARAMETRIC_REPRESENTATION_CONTEXT() REPRESENTATION_CONTEXT('2D SPACE',''
  ) );
#3171 = FACE_BOUND('',#3172,.T.);
#3172 = EDGE_LOOP('',(#3173,#3196,#3217,#3238));
#3173 = ORIENTED_EDGE('',*,*,#3174,.T.);
#3174 = EDGE_CURVE('',#3175,#3177,#3179,.T.);
#3175 = VERTEX_POINT('',#3176);
#3176 = CARTESIAN_POINT('',(202.6,150.6,151.));
#3177 = VERTEX_POINT('',#3178);
#3178 = CARTESIAN_POINT('',(191.4,150.6,151.));
#3179 = SURFACE_CURVE('',#3180,(#3184,#3190),.PCURVE_S1.);
#3180 = LINE('',#3181,#3182);
#3181 = CARTESIAN_POINT('',(160.7,150.6,151.));
#3182 = VECTOR('',#3183,1.);
#3183 = DIRECTION('',(-1.,-0.,0.));
#3184 = PCURVE('',#72,#3185);
#3185 = DEFINITIONAL_REPRESENTATION('',(#3186),#3189);
#3186 = B_SPLINE_CURVE_WITH_KNOTS('',1,(#3187,#3188),.UNSPECIFIED.,.F.,
  .F.,(2,2),(-41.9,-30.7),.PIECEWISE_BEZIER_KNOTS.);
#3187 = CARTESIAN_POINT('',(72.6,0.6));
#3188 = CARTESIAN_POINT('',(61.4,0.6));
#3189 = ( GEOMETRIC_REPRESENTATION_CONTEXT(2) 
PARAMETRIC_REPRESENTATION_CONTEXT() REPRESENTATION_CONTEXT('2D SPACE',''
  ) );
#3190 = PCURVE('',#923,#3191);
#3191 = DEFINITIONAL_REPRESENTATION('',(#3192),#3195);
#3192 = B_SPLINE_CURVE_WITH_KNOTS('',1,(#3193,#3194),.UNSPECIFIED.,.F.,
  .F.,(2,2),(-41.9,-30.7),.PIECEWISE_BEZIER_KNOTS.);
#3193 = CARTESIAN_POINT('',(8.,11.2));
#3194 = CARTESIAN_POINT('',(8.,0.));
#3195 = ( GEOMETRIC_REPRESENTATION_CONTEXT(2) 
PARAMETRIC_REPRESENTATION_CONTEXT() REPRESENTATION_CONTEXT('2D SPACE',''
  ) );
#3196 = ORIENTED_EDGE('',*,*,#3197,.T.);
#3197 = EDGE_CURVE('',#3177,#3198,#3200,.T.);
#3198 = VERTEX_POINT('',#3199);
#3199 = CARTESIAN_POINT('',(191.4,154.,151.));
#3200 = SURFACE_CURVE('',#3201,(#3205,#3211),.PCURVE_S1.);
#3201 = LINE('',#3202,#3203);
#3202 = CARTESIAN_POINT('',(191.4,150.3,151.));
#3203 = VECTOR('',#3204,1.);
#3204 = DIRECTION('',(-0.,1.,0.));
#3205 = PCURVE('',#72,#3206);
#3206 = DEFINITIONAL_REPRESENTATION('',(#3207),#3210);
#3207 = B_SPLINE_CURVE_WITH_KNOTS('',1,(#3208,#3209),.UNSPECIFIED.,.F.,
  .F.,(2,2),(0.3,3.7),.PIECEWISE_BEZIER_KNOTS.);
#3208 = CARTESIAN_POINT('',(61.4,0.6));
#3209 = CARTESIAN_POINT('',(61.4,4.));
#3210 = ( GEOMETRIC_REPRESENTATION_CONTEXT(2) 
PARAMETRIC_REPRESENTATION_CONTEXT() REPRESENTATION_CONTEXT('2D SPACE',''
  ) );
#3211 = PCURVE('',#949,#3212);
#3212 = DEFINITIONAL_REPRESENTATION('',(#3213),#3216);
#3213 = B_SPLINE_CURVE_WITH_KNOTS('',1,(#3214,#3215),.UNSPECIFIED.,.F.,
  .F.,(2,2),(0.3,3.7),.PIECEWISE_BEZIER_KNOTS.);
#3214 = CARTESIAN_POINT('',(8.,0.));
#3215 = CARTESIAN_POINT('',(8.,-3.4));
#3216 = ( GEOMETRIC_REPRESENTATION_CONTEXT(2) 
PARAMETRIC_REPRESENTATION_CONTEXT() REPRESENTATION_CONTEXT('2D SPACE',''
  ) );
#3217 = ORIENTED_EDGE('',*,*,#3218,.F.);
#3218 = EDGE_CURVE('',#3219,#3198,#3221,.T.);
#3219 = VERTEX_POINT('',#3220);
#3220 = CARTESIAN_POINT('',(202.6,154.,151.));
#3221 = SURFACE_CURVE('',#3222,(#3226,#3232),.PCURVE_S1.);
#3222 = LINE('',#3223,#3224);
#3223 = CARTESIAN_POINT('',(160.7,154.,151.));
#3224 = VECTOR('',#3225,1.);
#3225 = DIRECTION('',(-1.,-0.,0.));
#3226 = PCURVE('',#72,#3227);
#3227 = DEFINITIONAL_REPRESENTATION('',(#3228),#3231);
#3228 = B_SPLINE_CURVE_WITH_KNOTS('',1,(#3229,#3230),.UNSPECIFIED.,.F.,
  .F.,(2,2),(-41.9,-30.7),.PIECEWISE_BEZIER_KNOTS.);
#3229 = CARTESIAN_POINT('',(72.6,4.));
#3230 = CARTESIAN_POINT('',(61.4,4.));
#3231 = ( GEOMETRIC_REPRESENTATION_CONTEXT(2) 
PARAMETRIC_REPRESENTATION_CONTEXT() REPRESENTATION_CONTEXT('2D SPACE',''
  ) );
#3232 = PCURVE('',#871,#3233);
#3233 = DEFINITIONAL_REPRESENTATION('',(#3234),#3237);
#3234 = B_SPLINE_CURVE_WITH_KNOTS('',1,(#3235,#3236),.UNSPECIFIED.,.F.,
  .F.,(2,2),(-41.9,-30.7),.PIECEWISE_BEZIER_KNOTS.);
#3235 = CARTESIAN_POINT('',(8.,11.2));
#3236 = CARTESIAN_POINT('',(8.,0.));
#3237 = ( GEOMETRIC_REPRESENTATION_CONTEXT(2) 
PARAMETRIC_REPRESENTATION_CONTEXT() REPRESENTATION_CONTEXT('2D SPACE',''
  ) );
#3238 = ORIENTED_EDGE('',*,*,#3239,.F.);
#3239 = EDGE_CURVE('',#3175,#3219,#3240,.T.);
#3240 = SURFACE_CURVE('',#3241,(#3245,#3251),.PCURVE_S1.);
#3241 = LINE('',#3242,#3243);
#3242 = CARTESIAN_POINT('',(202.6,150.3,151.));
#3243 = VECTOR('',#3244,1.);
#3244 = DIRECTION('',(-0.,1.,0.));
#3245 = PCURVE('',#72,#3246);
#3246 = DEFINITIONAL_REPRESENTATION('',(#3247),#3250);
#3247 = B_SPLINE_CURVE_WITH_KNOTS('',1,(#3248,#3249),.UNSPECIFIED.,.F.,
  .F.,(2,2),(0.3,3.7),.PIECEWISE_BEZIER_KNOTS.);
#3248 = CARTESIAN_POINT('',(72.6,0.6));
#3249 = CARTESIAN_POINT('',(72.6,4.));
#3250 = ( GEOMETRIC_REPRESENTATION_CONTEXT(2) 
PARAMETRIC_REPRESENTATION_CONTEXT() REPRESENTATION_CONTEXT('2D SPACE',''
  ) );
#3251 = PCURVE('',#897,#3252);
#3252 = DEFINITIONAL_REPRESENTATION('',(#3253),#3256);
#3253 = B_SPLINE_CURVE_WITH_KNOTS('',1,(#3254,#3255),.UNSPECIFIED.,.F.,
  .F.,(2,2),(0.3,3.7),.PIECEWISE_BEZIER_KNOTS.);
#3254 = CARTESIAN_POINT('',(8.,0.));
#3255 = CARTESIAN_POINT('',(8.,-3.4));
#3256 = ( GEOMETRIC_REPRESENTATION_CONTEXT(2) 
PARAMETRIC_REPRESENTATION_CONTEXT() REPRESENTATION_CONTEXT('2D SPACE',''
  ) );
#3257 = FACE_BOUND('',#3258,.T.);
#3258 = EDGE_LOOP('',(#3259));
#3259 = ORIENTED_EDGE('',*,*,#3260,.F.);
#3260 = EDGE_CURVE('',#3261,#3261,#3263,.T.);
#3261 = VERTEX_POINT('',#3262);
#3262 = CARTESIAN_POINT('',(213.7,157.,151.));
#3263 = SURFACE_CURVE('',#3264,(#3269,#3276),.PCURVE_S1.);
#3264 = CIRCLE('',#3265,1.7);
#3265 = AXIS2_PLACEMENT_3D('',#3266,#3267,#3268);
#3266 = CARTESIAN_POINT('',(212.,157.,151.));
#3267 = DIRECTION('',(0.,0.,1.));
#3268 = DIRECTION('',(1.,0.,0.));
#3269 = PCURVE('',#72,#3270);
#3270 = DEFINITIONAL_REPRESENTATION('',(#3271),#3275);
#3271 = CIRCLE('',#3272,1.7);
#3272 = AXIS2_PLACEMENT_2D('',#3273,#3274);
#3273 = CARTESIAN_POINT('',(82.,7.));
#3274 = DIRECTION('',(1.,0.));
#3275 = ( GEOMETRIC_REPRESENTATION_CONTEXT(2) 
PARAMETRIC_REPRESENTATION_CONTEXT() REPRESENTATION_CONTEXT('2D SPACE',''
  ) );
#3276 = PCURVE('',#1295,#3277);
#3277 = DEFINITIONAL_REPRESENTATION('',(#3278),#3282);
#3278 = LINE('',#3279,#3280);
#3279 = CARTESIAN_POINT('',(0.,5.1));
#3280 = VECTOR('',#3281,1.);
#3281 = DIRECTION('',(1.,0.));
#3282 = ( GEOMETRIC_REPRESENTATION_CONTEXT(2) 
PARAMETRIC_REPRESENTATION_CONTEXT() REPRESENTATION_CONTEXT('2D SPACE',''
  ) );
#3283 = FACE_BOUND('',#3284,.T.);
#3284 = EDGE_LOOP('',(#3285,#3310,#3338,#3366,#3389));
#3285 = ORIENTED_EDGE('',*,*,#3286,.F.);
#3286 = EDGE_CURVE('',#3287,#3289,#3291,.T.);
#3287 = VERTEX_POINT('',#3288);
#3288 = CARTESIAN_POINT('',(144.,183.,151.));
#3289 = VERTEX_POINT('',#3290);
#3290 = CARTESIAN_POINT('',(144.,157.,151.));
#3291 = SURFACE_CURVE('',#3292,(#3296,#3303),.PCURVE_S1.);
#3292 = LINE('',#3293,#3294);
#3293 = CARTESIAN_POINT('',(144.,153.5,151.));
#3294 = VECTOR('',#3295,1.);
#3295 = DIRECTION('',(-1.110223024625E-16,-1.,0.));
#3296 = PCURVE('',#72,#3297);
#3297 = DEFINITIONAL_REPRESENTATION('',(#3298),#3302);
#3298 = LINE('',#3299,#3300);
#3299 = CARTESIAN_POINT('',(14.,3.5));
#3300 = VECTOR('',#3301,1.);
#3301 = DIRECTION('',(-1.110223024625E-16,-1.));
#3302 = ( GEOMETRIC_REPRESENTATION_CONTEXT(2) 
PARAMETRIC_REPRESENTATION_CONTEXT() REPRESENTATION_CONTEXT('2D SPACE',''
  ) );
#3303 = PCURVE('',#440,#3304);
#3304 = DEFINITIONAL_REPRESENTATION('',(#3305),#3309);
#3305 = LINE('',#3306,#3307);
#3306 = CARTESIAN_POINT('',(-3.5,-5.1));
#3307 = VECTOR('',#3308,1.);
#3308 = DIRECTION('',(-1.,-0.));
#3309 = ( GEOMETRIC_REPRESENTATION_CONTEXT(2) 
PARAMETRIC_REPRESENTATION_CONTEXT() REPRESENTATION_CONTEXT('2D SPACE',''
  ) );
#3310 = ORIENTED_EDGE('',*,*,#3311,.T.);
#3311 = EDGE_CURVE('',#3287,#3312,#3314,.T.);
#3312 = VERTEX_POINT('',#3313);
#3313 = CARTESIAN_POINT('',(146.,185.,151.));
#3314 = SURFACE_CURVE('',#3315,(#3320,#3331),.PCURVE_S1.);
#3315 = CIRCLE('',#3316,2.);
#3316 = AXIS2_PLACEMENT_3D('',#3317,#3318,#3319);
#3317 = CARTESIAN_POINT('',(146.,183.,151.));
#3318 = DIRECTION('',(0.,0.,-1.));
#3319 = DIRECTION('',(-1.,1.110223024625E-16,0.));
#3320 = PCURVE('',#72,#3321);
#3321 = DEFINITIONAL_REPRESENTATION('',(#3322),#3330);
#3322 = ( BOUNDED_CURVE() B_SPLINE_CURVE(2,(#3323,#3324,#3325,#3326,
#3327,#3328,#3329),.UNSPECIFIED.,.T.,.F.) B_SPLINE_CURVE_WITH_KNOTS((1,2
    ,2,2,2,1),(-2.094395102393,0.,2.094395102393,4.188790204786,
6.28318530718,8.377580409573),.UNSPECIFIED.) CURVE() 
GEOMETRIC_REPRESENTATION_ITEM() RATIONAL_B_SPLINE_CURVE((1.,0.5,1.,0.5,
1.,0.5,1.)) REPRESENTATION_ITEM('') );
#3323 = CARTESIAN_POINT('',(14.,33.));
#3324 = CARTESIAN_POINT('',(14.,36.464101615138));
#3325 = CARTESIAN_POINT('',(17.,34.732050807569));
#3326 = CARTESIAN_POINT('',(20.,33.));
#3327 = CARTESIAN_POINT('',(17.,31.267949192431));
#3328 = CARTESIAN_POINT('',(14.,29.535898384862));
#3329 = CARTESIAN_POINT('',(14.,33.));
#3330 = ( GEOMETRIC_REPRESENTATION_CONTEXT(2) 
PARAMETRIC_REPRESENTATION_CONTEXT() REPRESENTATION_CONTEXT('2D SPACE',''
  ) );
#3331 = PCURVE('',#473,#3332);
#3332 = DEFINITIONAL_REPRESENTATION('',(#3333),#3337);
#3333 = LINE('',#3334,#3335);
#3334 = CARTESIAN_POINT('',(0.,-5.1));
#3335 = VECTOR('',#3336,1.);
#3336 = DIRECTION('',(1.,0.));
#3337 = ( GEOMETRIC_REPRESENTATION_CONTEXT(2) 
PARAMETRIC_REPRESENTATION_CONTEXT() REPRESENTATION_CONTEXT('2D SPACE',''
  ) );
#3338 = ORIENTED_EDGE('',*,*,#3339,.T.);
#3339 = EDGE_CURVE('',#3312,#3340,#3342,.T.);
#3340 = VERTEX_POINT('',#3341);
#3341 = CARTESIAN_POINT('',(148.,183.,151.));
#3342 = SURFACE_CURVE('',#3343,(#3348,#3359),.PCURVE_S1.);
#3343 = CIRCLE('',#3344,2.);
#3344 = AXIS2_PLACEMENT_3D('',#3345,#3346,#3347);
#3345 = CARTESIAN_POINT('',(146.,183.,151.));
#3346 = DIRECTION('',(0.,0.,-1.));
#3347 = DIRECTION('',(-1.,1.110223024625E-16,0.));
#3348 = PCURVE('',#72,#3349);
#3349 = DEFINITIONAL_REPRESENTATION('',(#3350),#3358);
#3350 = ( BOUNDED_CURVE() B_SPLINE_CURVE(2,(#3351,#3352,#3353,#3354,
#3355,#3356,#3357),.UNSPECIFIED.,.T.,.F.) B_SPLINE_CURVE_WITH_KNOTS((1,2
    ,2,2,2,1),(-2.094395102393,0.,2.094395102393,4.188790204786,
6.28318530718,8.377580409573),.UNSPECIFIED.) CURVE() 
GEOMETRIC_REPRESENTATION_ITEM() RATIONAL_B_SPLINE_CURVE((1.,0.5,1.,0.5,
1.,0.5,1.)) REPRESENTATION_ITEM('') );
#3351 = CARTESIAN_POINT('',(14.,33.));
#3352 = CARTESIAN_POINT('',(14.,36.464101615138));
#3353 = CARTESIAN_POINT('',(17.,34.732050807569));
#3354 = CARTESIAN_POINT('',(20.,33.));
#3355 = CARTESIAN_POINT('',(17.,31.267949192431));
#3356 = CARTESIAN_POINT('',(14.,29.535898384862));
#3357 = CARTESIAN_POINT('',(14.,33.));
#3358 = ( GEOMETRIC_REPRESENTATION_CONTEXT(2) 
PARAMETRIC_REPRESENTATION_CONTEXT() REPRESENTATION_CONTEXT('2D SPACE',''
  ) );
#3359 = PCURVE('',#506,#3360);
#3360 = DEFINITIONAL_REPRESENTATION('',(#3361),#3365);
#3361 = LINE('',#3362,#3363);
#3362 = CARTESIAN_POINT('',(0.,-5.1));
#3363 = VECTOR('',#3364,1.);
#3364 = DIRECTION('',(1.,0.));
#3365 = ( GEOMETRIC_REPRESENTATION_CONTEXT(2) 
PARAMETRIC_REPRESENTATION_CONTEXT() REPRESENTATION_CONTEXT('2D SPACE',''
  ) );
#3366 = ORIENTED_EDGE('',*,*,#3367,.F.);
#3367 = EDGE_CURVE('',#3368,#3340,#3370,.T.);
#3368 = VERTEX_POINT('',#3369);
#3369 = CARTESIAN_POINT('',(148.,157.,151.));
#3370 = SURFACE_CURVE('',#3371,(#3375,#3382),.PCURVE_S1.);
#3371 = LINE('',#3372,#3373);
#3372 = CARTESIAN_POINT('',(148.,166.5,151.));
#3373 = VECTOR('',#3374,1.);
#3374 = DIRECTION('',(1.110223024625E-16,1.,0.));
#3375 = PCURVE('',#72,#3376);
#3376 = DEFINITIONAL_REPRESENTATION('',(#3377),#3381);
#3377 = LINE('',#3378,#3379);
#3378 = CARTESIAN_POINT('',(18.,16.5));
#3379 = VECTOR('',#3380,1.);
#3380 = DIRECTION('',(1.110223024625E-16,1.));
#3381 = ( GEOMETRIC_REPRESENTATION_CONTEXT(2) 
PARAMETRIC_REPRESENTATION_CONTEXT() REPRESENTATION_CONTEXT('2D SPACE',''
  ) );
#3382 = PCURVE('',#534,#3383);
#3383 = DEFINITIONAL_REPRESENTATION('',(#3384),#3388);
#3384 = LINE('',#3385,#3386);
#3385 = CARTESIAN_POINT('',(16.5,-5.1));
#3386 = VECTOR('',#3387,1.);
#3387 = DIRECTION('',(-1.,0.));
#3388 = ( GEOMETRIC_REPRESENTATION_CONTEXT(2) 
PARAMETRIC_REPRESENTATION_CONTEXT() REPRESENTATION_CONTEXT('2D SPACE',''
  ) );
#3389 = ORIENTED_EDGE('',*,*,#3390,.T.);
#3390 = EDGE_CURVE('',#3368,#3289,#3391,.T.);
#3391 = SURFACE_CURVE('',#3392,(#3397,#3408),.PCURVE_S1.);
#3392 = CIRCLE('',#3393,2.);
#3393 = AXIS2_PLACEMENT_3D('',#3394,#3395,#3396);
#3394 = CARTESIAN_POINT('',(146.,157.,151.));
#3395 = DIRECTION('',(0.,-0.,-1.));
#3396 = DIRECTION('',(1.,-1.110223024625E-16,0.));
#3397 = PCURVE('',#72,#3398);
#3398 = DEFINITIONAL_REPRESENTATION('',(#3399),#3407);
#3399 = ( BOUNDED_CURVE() B_SPLINE_CURVE(2,(#3400,#3401,#3402,#3403,
#3404,#3405,#3406),.UNSPECIFIED.,.T.,.F.) B_SPLINE_CURVE_WITH_KNOTS((1,2
    ,2,2,2,1),(-2.094395102393,0.,2.094395102393,4.188790204786,
6.28318530718,8.377580409573),.UNSPECIFIED.) CURVE() 
GEOMETRIC_REPRESENTATION_ITEM() RATIONAL_B_SPLINE_CURVE((1.,0.5,1.,0.5,
1.,0.5,1.)) REPRESENTATION_ITEM('') );
#3400 = CARTESIAN_POINT('',(18.,7.));
#3401 = CARTESIAN_POINT('',(18.,3.535898384862));
#3402 = CARTESIAN_POINT('',(15.,5.267949192431));
#3403 = CARTESIAN_POINT('',(12.,7.));
#3404 = CARTESIAN_POINT('',(15.,8.732050807569));
#3405 = CARTESIAN_POINT('',(18.,10.464101615138));
#3406 = CARTESIAN_POINT('',(18.,7.));
#3407 = ( GEOMETRIC_REPRESENTATION_CONTEXT(2) 
PARAMETRIC_REPRESENTATION_CONTEXT() REPRESENTATION_CONTEXT('2D SPACE',''
  ) );
#3408 = PCURVE('',#2121,#3409);
#3409 = DEFINITIONAL_REPRESENTATION('',(#3410),#3414);
#3410 = LINE('',#3411,#3412);
#3411 = CARTESIAN_POINT('',(0.,-5.1));
#3412 = VECTOR('',#3413,1.);
#3413 = DIRECTION('',(1.,0.));
#3414 = ( GEOMETRIC_REPRESENTATION_CONTEXT(2) 
PARAMETRIC_REPRESENTATION_CONTEXT() REPRESENTATION_CONTEXT('2D SPACE',''
  ) );
#3415 = FACE_BOUND('',#3416,.T.);
#3416 = EDGE_LOOP('',(#3417));
#3417 = ORIENTED_EDGE('',*,*,#3418,.F.);
#3418 = EDGE_CURVE('',#3419,#3419,#3421,.T.);
#3419 = VERTEX_POINT('',#3420);
#3420 = CARTESIAN_POINT('',(137.7,184.,151.));
#3421 = SURFACE_CURVE('',#3422,(#3427,#3434),.PCURVE_S1.);
#3422 = CIRCLE('',#3423,1.7);
#3423 = AXIS2_PLACEMENT_3D('',#3424,#3425,#3426);
#3424 = CARTESIAN_POINT('',(136.,184.,151.));
#3425 = DIRECTION('',(0.,0.,1.));
#3426 = DIRECTION('',(1.,0.,0.));
#3427 = PCURVE('',#72,#3428);
#3428 = DEFINITIONAL_REPRESENTATION('',(#3429),#3433);
#3429 = CIRCLE('',#3430,1.7);
#3430 = AXIS2_PLACEMENT_2D('',#3431,#3432);
#3431 = CARTESIAN_POINT('',(6.,34.));
#3432 = DIRECTION('',(1.,0.));
#3433 = ( GEOMETRIC_REPRESENTATION_CONTEXT(2) 
PARAMETRIC_REPRESENTATION_CONTEXT() REPRESENTATION_CONTEXT('2D SPACE',''
  ) );
#3434 = PCURVE('',#1483,#3435);
#3435 = DEFINITIONAL_REPRESENTATION('',(#3436),#3440);
#3436 = LINE('',#3437,#3438);
#3437 = CARTESIAN_POINT('',(0.,5.1));
#3438 = VECTOR('',#3439,1.);
#3439 = DIRECTION('',(1.,0.));
#3440 = ( GEOMETRIC_REPRESENTATION_CONTEXT(2) 
PARAMETRIC_REPRESENTATION_CONTEXT() REPRESENTATION_CONTEXT('2D SPACE',''
  ) );
#3441 = FACE_BOUND('',#3442,.T.);
#3442 = EDGE_LOOP('',(#3443,#3464,#3485,#3506,#3527));
#3443 = ORIENTED_EDGE('',*,*,#3444,.T.);
#3444 = EDGE_CURVE('',#3445,#3312,#3447,.T.);
#3445 = VERTEX_POINT('',#3446);
#3446 = CARTESIAN_POINT('',(156.6,185.,151.));
#3447 = SURFACE_CURVE('',#3448,(#3452,#3458),.PCURVE_S1.);
#3448 = LINE('',#3449,#3450);
#3449 = CARTESIAN_POINT('',(137.7,185.,151.));
#3450 = VECTOR('',#3451,1.);
#3451 = DIRECTION('',(-1.,-0.,0.));
#3452 = PCURVE('',#72,#3453);
#3453 = DEFINITIONAL_REPRESENTATION('',(#3454),#3457);
#3454 = B_SPLINE_CURVE_WITH_KNOTS('',1,(#3455,#3456),.UNSPECIFIED.,.F.,
  .F.,(2,2),(-18.9,-7.7),.PIECEWISE_BEZIER_KNOTS.);
#3455 = CARTESIAN_POINT('',(26.6,35.));
#3456 = CARTESIAN_POINT('',(15.4,35.));
#3457 = ( GEOMETRIC_REPRESENTATION_CONTEXT(2) 
PARAMETRIC_REPRESENTATION_CONTEXT() REPRESENTATION_CONTEXT('2D SPACE',''
  ) );
#3458 = PCURVE('',#1512,#3459);
#3459 = DEFINITIONAL_REPRESENTATION('',(#3460),#3463);
#3460 = B_SPLINE_CURVE_WITH_KNOTS('',1,(#3461,#3462),.UNSPECIFIED.,.F.,
  .F.,(2,2),(-18.9,-7.7),.PIECEWISE_BEZIER_KNOTS.);
#3461 = CARTESIAN_POINT('',(8.,11.2));
#3462 = CARTESIAN_POINT('',(8.,0.));
#3463 = ( GEOMETRIC_REPRESENTATION_CONTEXT(2) 
PARAMETRIC_REPRESENTATION_CONTEXT() REPRESENTATION_CONTEXT('2D SPACE',''
  ) );
#3464 = ORIENTED_EDGE('',*,*,#3465,.T.);
#3465 = EDGE_CURVE('',#3312,#3466,#3468,.T.);
#3466 = VERTEX_POINT('',#3467);
#3467 = CARTESIAN_POINT('',(145.4,185.,151.));
#3468 = SURFACE_CURVE('',#3469,(#3473,#3479),.PCURVE_S1.);
#3469 = LINE('',#3470,#3471);
#3470 = CARTESIAN_POINT('',(137.7,185.,151.));
#3471 = VECTOR('',#3472,1.);
#3472 = DIRECTION('',(-1.,-0.,0.));
#3473 = PCURVE('',#72,#3474);
#3474 = DEFINITIONAL_REPRESENTATION('',(#3475),#3478);
#3475 = B_SPLINE_CURVE_WITH_KNOTS('',1,(#3476,#3477),.UNSPECIFIED.,.F.,
  .F.,(2,2),(-18.9,-7.7),.PIECEWISE_BEZIER_KNOTS.);
#3476 = CARTESIAN_POINT('',(26.6,35.));
#3477 = CARTESIAN_POINT('',(15.4,35.));
#3478 = ( GEOMETRIC_REPRESENTATION_CONTEXT(2) 
PARAMETRIC_REPRESENTATION_CONTEXT() REPRESENTATION_CONTEXT('2D SPACE',''
  ) );
#3479 = PCURVE('',#1538,#3480);
#3480 = DEFINITIONAL_REPRESENTATION('',(#3481),#3484);
#3481 = B_SPLINE_CURVE_WITH_KNOTS('',1,(#3482,#3483),.UNSPECIFIED.,.F.,
  .F.,(2,2),(-18.9,-7.7),.PIECEWISE_BEZIER_KNOTS.);
#3482 = CARTESIAN_POINT('',(8.,11.2));
#3483 = CARTESIAN_POINT('',(8.,0.));
#3484 = ( GEOMETRIC_REPRESENTATION_CONTEXT(2) 
PARAMETRIC_REPRESENTATION_CONTEXT() REPRESENTATION_CONTEXT('2D SPACE',''
  ) );
#3485 = ORIENTED_EDGE('',*,*,#3486,.T.);
#3486 = EDGE_CURVE('',#3466,#3487,#3489,.T.);
#3487 = VERTEX_POINT('',#3488);
#3488 = CARTESIAN_POINT('',(145.4,188.4,151.));
#3489 = SURFACE_CURVE('',#3490,(#3494,#3500),.PCURVE_S1.);
#3490 = LINE('',#3491,#3492);
#3491 = CARTESIAN_POINT('',(145.4,167.5,151.));
#3492 = VECTOR('',#3493,1.);
#3493 = DIRECTION('',(-0.,1.,0.));
#3494 = PCURVE('',#72,#3495);
#3495 = DEFINITIONAL_REPRESENTATION('',(#3496),#3499);
#3496 = B_SPLINE_CURVE_WITH_KNOTS('',1,(#3497,#3498),.UNSPECIFIED.,.F.,
  .F.,(2,2),(17.5,20.9),.PIECEWISE_BEZIER_KNOTS.);
#3497 = CARTESIAN_POINT('',(15.4,35.));
#3498 = CARTESIAN_POINT('',(15.4,38.4));
#3499 = ( GEOMETRIC_REPRESENTATION_CONTEXT(2) 
PARAMETRIC_REPRESENTATION_CONTEXT() REPRESENTATION_CONTEXT('2D SPACE',''
  ) );
#3500 = PCURVE('',#1564,#3501);
#3501 = DEFINITIONAL_REPRESENTATION('',(#3502),#3505);
#3502 = B_SPLINE_CURVE_WITH_KNOTS('',1,(#3503,#3504),.UNSPECIFIED.,.F.,
  .F.,(2,2),(17.5,20.9),.PIECEWISE_BEZIER_KNOTS.);
#3503 = CARTESIAN_POINT('',(8.,0.));
#3504 = CARTESIAN_POINT('',(8.,-3.4));
#3505 = ( GEOMETRIC_REPRESENTATION_CONTEXT(2) 
PARAMETRIC_REPRESENTATION_CONTEXT() REPRESENTATION_CONTEXT('2D SPACE',''
  ) );
#3506 = ORIENTED_EDGE('',*,*,#3507,.F.);
#3507 = EDGE_CURVE('',#3508,#3487,#3510,.T.);
#3508 = VERTEX_POINT('',#3509);
#3509 = CARTESIAN_POINT('',(156.6,188.4,151.));
#3510 = SURFACE_CURVE('',#3511,(#3515,#3521),.PCURVE_S1.);
#3511 = LINE('',#3512,#3513);
#3512 = CARTESIAN_POINT('',(137.7,188.4,151.));
#3513 = VECTOR('',#3514,1.);
#3514 = DIRECTION('',(-1.,-0.,0.));
#3515 = PCURVE('',#72,#3516);
#3516 = DEFINITIONAL_REPRESENTATION('',(#3517),#3520);
#3517 = B_SPLINE_CURVE_WITH_KNOTS('',1,(#3518,#3519),.UNSPECIFIED.,.F.,
  .F.,(2,2),(-18.9,-7.7),.PIECEWISE_BEZIER_KNOTS.);
#3518 = CARTESIAN_POINT('',(26.6,38.4));
#3519 = CARTESIAN_POINT('',(15.4,38.4));
#3520 = ( GEOMETRIC_REPRESENTATION_CONTEXT(2) 
PARAMETRIC_REPRESENTATION_CONTEXT() REPRESENTATION_CONTEXT('2D SPACE',''
  ) );
#3521 = PCURVE('',#1590,#3522);
#3522 = DEFINITIONAL_REPRESENTATION('',(#3523),#3526);
#3523 = B_SPLINE_CURVE_WITH_KNOTS('',1,(#3524,#3525),.UNSPECIFIED.,.F.,
  .F.,(2,2),(-18.9,-7.7),.PIECEWISE_BEZIER_KNOTS.);
#3524 = CARTESIAN_POINT('',(8.,11.2));
#3525 = CARTESIAN_POINT('',(8.,0.));
#3526 = ( GEOMETRIC_REPRESENTATION_CONTEXT(2) 
PARAMETRIC_REPRESENTATION_CONTEXT() REPRESENTATION_CONTEXT('2D SPACE',''
  ) );
#3527 = ORIENTED_EDGE('',*,*,#3528,.F.);
#3528 = EDGE_CURVE('',#3445,#3508,#3529,.T.);
#3529 = SURFACE_CURVE('',#3530,(#3534,#3540),.PCURVE_S1.);
#3530 = LINE('',#3531,#3532);
#3531 = CARTESIAN_POINT('',(156.6,167.5,151.));
#3532 = VECTOR('',#3533,1.);
#3533 = DIRECTION('',(-0.,1.,0.));
#3534 = PCURVE('',#72,#3535);
#3535 = DEFINITIONAL_REPRESENTATION('',(#3536),#3539);
#3536 = B_SPLINE_CURVE_WITH_KNOTS('',1,(#3537,#3538),.UNSPECIFIED.,.F.,
  .F.,(2,2),(17.5,20.9),.PIECEWISE_BEZIER_KNOTS.);
#3537 = CARTESIAN_POINT('',(26.6,35.));
#3538 = CARTESIAN_POINT('',(26.6,38.4));
#3539 = ( GEOMETRIC_REPRESENTATION_CONTEXT(2) 
PARAMETRIC_REPRESENTATION_CONTEXT() REPRESENTATION_CONTEXT('2D SPACE',''
  ) );
#3540 = PCURVE('',#1614,#3541);
#3541 = DEFINITIONAL_REPRESENTATION('',(#3542),#3545);
#3542 = B_SPLINE_CURVE_WITH_KNOTS('',1,(#3543,#3544),.UNSPECIFIED.,.F.,
  .F.,(2,2),(17.5,20.9),.PIECEWISE_BEZIER_KNOTS.);
#3543 = CARTESIAN_POINT('',(8.,0.));
#3544 = CARTESIAN_POINT('',(8.,-3.4));
#3545 = ( GEOMETRIC_REPRESENTATION_CONTEXT(2) 
PARAMETRIC_REPRESENTATION_CONTEXT() REPRESENTATION_CONTEXT('2D SPACE',''
  ) );
#3546 = FACE_BOUND('',#3547,.T.);
#3547 = EDGE_LOOP('',(#3548,#3571,#3592,#3613));
#3548 = ORIENTED_EDGE('',*,*,#3549,.T.);
#3549 = EDGE_CURVE('',#3550,#3552,#3554,.T.);
#3550 = VERTEX_POINT('',#3551);
#3551 = CARTESIAN_POINT('',(171.6,184.8,151.));
#3552 = VERTEX_POINT('',#3553);
#3553 = CARTESIAN_POINT('',(160.4,184.8,151.));
#3554 = SURFACE_CURVE('',#3555,(#3559,#3565),.PCURVE_S1.);
#3555 = LINE('',#3556,#3557);
#3556 = CARTESIAN_POINT('',(145.2,184.8,151.));
#3557 = VECTOR('',#3558,1.);
#3558 = DIRECTION('',(-1.,-0.,0.));
#3559 = PCURVE('',#72,#3560);
#3560 = DEFINITIONAL_REPRESENTATION('',(#3561),#3564);
#3561 = B_SPLINE_CURVE_WITH_KNOTS('',1,(#3562,#3563),.UNSPECIFIED.,.F.,
  .F.,(2,2),(-26.4,-15.2),.PIECEWISE_BEZIER_KNOTS.);
#3562 = CARTESIAN_POINT('',(41.6,34.8));
#3563 = CARTESIAN_POINT('',(30.4,34.8));
#3564 = ( GEOMETRIC_REPRESENTATION_CONTEXT(2) 
PARAMETRIC_REPRESENTATION_CONTEXT() REPRESENTATION_CONTEXT('2D SPACE',''
  ) );
#3565 = PCURVE('',#1644,#3566);
#3566 = DEFINITIONAL_REPRESENTATION('',(#3567),#3570);
#3567 = B_SPLINE_CURVE_WITH_KNOTS('',1,(#3568,#3569),.UNSPECIFIED.,.F.,
  .F.,(2,2),(-26.4,-15.2),.PIECEWISE_BEZIER_KNOTS.);
#3568 = CARTESIAN_POINT('',(8.,11.2));
#3569 = CARTESIAN_POINT('',(8.,0.));
#3570 = ( GEOMETRIC_REPRESENTATION_CONTEXT(2) 
PARAMETRIC_REPRESENTATION_CONTEXT() REPRESENTATION_CONTEXT('2D SPACE',''
  ) );
#3571 = ORIENTED_EDGE('',*,*,#3572,.T.);
#3572 = EDGE_CURVE('',#3552,#3573,#3575,.T.);
#3573 = VERTEX_POINT('',#3574);
#3574 = CARTESIAN_POINT('',(160.4,188.2,151.));
#3575 = SURFACE_CURVE('',#3576,(#3580,#3586),.PCURVE_S1.);
#3576 = LINE('',#3577,#3578);
#3577 = CARTESIAN_POINT('',(160.4,167.4,151.));
#3578 = VECTOR('',#3579,1.);
#3579 = DIRECTION('',(-0.,1.,0.));
#3580 = PCURVE('',#72,#3581);
#3581 = DEFINITIONAL_REPRESENTATION('',(#3582),#3585);
#3582 = B_SPLINE_CURVE_WITH_KNOTS('',1,(#3583,#3584),.UNSPECIFIED.,.F.,
  .F.,(2,2),(17.4,20.8),.PIECEWISE_BEZIER_KNOTS.);
#3583 = CARTESIAN_POINT('',(30.4,34.8));
#3584 = CARTESIAN_POINT('',(30.4,38.2));
#3585 = ( GEOMETRIC_REPRESENTATION_CONTEXT(2) 
PARAMETRIC_REPRESENTATION_CONTEXT() REPRESENTATION_CONTEXT('2D SPACE',''
  ) );
#3586 = PCURVE('',#1670,#3587);
#3587 = DEFINITIONAL_REPRESENTATION('',(#3588),#3591);
#3588 = B_SPLINE_CURVE_WITH_KNOTS('',1,(#3589,#3590),.UNSPECIFIED.,.F.,
  .F.,(2,2),(17.4,20.8),.PIECEWISE_BEZIER_KNOTS.);
#3589 = CARTESIAN_POINT('',(8.,0.));
#3590 = CARTESIAN_POINT('',(8.,-3.4));
#3591 = ( GEOMETRIC_REPRESENTATION_CONTEXT(2) 
PARAMETRIC_REPRESENTATION_CONTEXT() REPRESENTATION_CONTEXT('2D SPACE',''
  ) );
#3592 = ORIENTED_EDGE('',*,*,#3593,.F.);
#3593 = EDGE_CURVE('',#3594,#3573,#3596,.T.);
#3594 = VERTEX_POINT('',#3595);
#3595 = CARTESIAN_POINT('',(171.6,188.2,151.));
#3596 = SURFACE_CURVE('',#3597,(#3601,#3607),.PCURVE_S1.);
#3597 = LINE('',#3598,#3599);
#3598 = CARTESIAN_POINT('',(145.2,188.2,151.));
#3599 = VECTOR('',#3600,1.);
#3600 = DIRECTION('',(-1.,-0.,0.));
#3601 = PCURVE('',#72,#3602);
#3602 = DEFINITIONAL_REPRESENTATION('',(#3603),#3606);
#3603 = B_SPLINE_CURVE_WITH_KNOTS('',1,(#3604,#3605),.UNSPECIFIED.,.F.,
  .F.,(2,2),(-26.4,-15.2),.PIECEWISE_BEZIER_KNOTS.);
#3604 = CARTESIAN_POINT('',(41.6,38.2));
#3605 = CARTESIAN_POINT('',(30.4,38.2));
#3606 = ( GEOMETRIC_REPRESENTATION_CONTEXT(2) 
PARAMETRIC_REPRESENTATION_CONTEXT() REPRESENTATION_CONTEXT('2D SPACE',''
  ) );
#3607 = PCURVE('',#1696,#3608);
#3608 = DEFINITIONAL_REPRESENTATION('',(#3609),#3612);
#3609 = B_SPLINE_CURVE_WITH_KNOTS('',1,(#3610,#3611),.UNSPECIFIED.,.F.,
  .F.,(2,2),(-26.4,-15.2),.PIECEWISE_BEZIER_KNOTS.);
#3610 = CARTESIAN_POINT('',(8.,11.2));
#3611 = CARTESIAN_POINT('',(8.,0.));
#3612 = ( GEOMETRIC_REPRESENTATION_CONTEXT(2) 
PARAMETRIC_REPRESENTATION_CONTEXT() REPRESENTATION_CONTEXT('2D SPACE',''
  ) );
#3613 = ORIENTED_EDGE('',*,*,#3614,.F.);
#3614 = EDGE_CURVE('',#3550,#3594,#3615,.T.);
#3615 = SURFACE_CURVE('',#3616,(#3620,#3626),.PCURVE_S1.);
#3616 = LINE('',#3617,#3618);
#3617 = CARTESIAN_POINT('',(171.6,167.4,151.));
#3618 = VECTOR('',#3619,1.);
#3619 = DIRECTION('',(-0.,1.,0.));
#3620 = PCURVE('',#72,#3621);
#3621 = DEFINITIONAL_REPRESENTATION('',(#3622),#3625);
#3622 = B_SPLINE_CURVE_WITH_KNOTS('',1,(#3623,#3624),.UNSPECIFIED.,.F.,
  .F.,(2,2),(17.4,20.8),.PIECEWISE_BEZIER_KNOTS.);
#3623 = CARTESIAN_POINT('',(41.6,34.8));
#3624 = CARTESIAN_POINT('',(41.6,38.2));
#3625 = ( GEOMETRIC_REPRESENTATION_CONTEXT(2) 
PARAMETRIC_REPRESENTATION_CONTEXT() REPRESENTATION_CONTEXT('2D SPACE',''
  ) );
#3626 = PCURVE('',#1720,#3627);
#3627 = DEFINITIONAL_REPRESENTATION('',(#3628),#3631);
#3628 = B_SPLINE_CURVE_WITH_KNOTS('',1,(#3629,#3630),.UNSPECIFIED.,.F.,
  .F.,(2,2),(17.4,20.8),.PIECEWISE_BEZIER_KNOTS.);
#3629 = CARTESIAN_POINT('',(8.,0.));
#3630 = CARTESIAN_POINT('',(8.,-3.4));
#3631 = ( GEOMETRIC_REPRESENTATION_CONTEXT(2) 
PARAMETRIC_REPRESENTATION_CONTEXT() REPRESENTATION_CONTEXT('2D SPACE',''
  ) );
#3632 = FACE_BOUND('',#3633,.T.);
#3633 = EDGE_LOOP('',(#3634,#3659,#3687,#3715,#3738));
#3634 = ORIENTED_EDGE('',*,*,#3635,.F.);
#3635 = EDGE_CURVE('',#3636,#3638,#3640,.T.);
#3636 = VERTEX_POINT('',#3637);
#3637 = CARTESIAN_POINT('',(200.,183.,151.));
#3638 = VERTEX_POINT('',#3639);
#3639 = CARTESIAN_POINT('',(200.,157.,151.));
#3640 = SURFACE_CURVE('',#3641,(#3645,#3652),.PCURVE_S1.);
#3641 = LINE('',#3642,#3643);
#3642 = CARTESIAN_POINT('',(200.,153.5,151.));
#3643 = VECTOR('',#3644,1.);
#3644 = DIRECTION('',(-1.110223024625E-16,-1.,0.));
#3645 = PCURVE('',#72,#3646);
#3646 = DEFINITIONAL_REPRESENTATION('',(#3647),#3651);
#3647 = LINE('',#3648,#3649);
#3648 = CARTESIAN_POINT('',(70.,3.5));
#3649 = VECTOR('',#3650,1.);
#3650 = DIRECTION('',(-1.110223024625E-16,-1.));
#3651 = ( GEOMETRIC_REPRESENTATION_CONTEXT(2) 
PARAMETRIC_REPRESENTATION_CONTEXT() REPRESENTATION_CONTEXT('2D SPACE',''
  ) );
#3652 = PCURVE('',#1327,#3653);
#3653 = DEFINITIONAL_REPRESENTATION('',(#3654),#3658);
#3654 = LINE('',#3655,#3656);
#3655 = CARTESIAN_POINT('',(-3.5,-5.1));
#3656 = VECTOR('',#3657,1.);
#3657 = DIRECTION('',(-1.,-0.));
#3658 = ( GEOMETRIC_REPRESENTATION_CONTEXT(2) 
PARAMETRIC_REPRESENTATION_CONTEXT() REPRESENTATION_CONTEXT('2D SPACE',''
  ) );
#3659 = ORIENTED_EDGE('',*,*,#3660,.T.);
#3660 = EDGE_CURVE('',#3636,#3661,#3663,.T.);
#3661 = VERTEX_POINT('',#3662);
#3662 = CARTESIAN_POINT('',(202.,185.,151.));
#3663 = SURFACE_CURVE('',#3664,(#3669,#3680),.PCURVE_S1.);
#3664 = CIRCLE('',#3665,2.);
#3665 = AXIS2_PLACEMENT_3D('',#3666,#3667,#3668);
#3666 = CARTESIAN_POINT('',(202.,183.,151.));
#3667 = DIRECTION('',(0.,0.,-1.));
#3668 = DIRECTION('',(-1.,1.110223024625E-16,0.));
#3669 = PCURVE('',#72,#3670);
#3670 = DEFINITIONAL_REPRESENTATION('',(#3671),#3679);
#3671 = ( BOUNDED_CURVE() B_SPLINE_CURVE(2,(#3672,#3673,#3674,#3675,
#3676,#3677,#3678),.UNSPECIFIED.,.T.,.F.) B_SPLINE_CURVE_WITH_KNOTS((1,2
    ,2,2,2,1),(-2.094395102393,0.,2.094395102393,4.188790204786,
6.28318530718,8.377580409573),.UNSPECIFIED.) CURVE() 
GEOMETRIC_REPRESENTATION_ITEM() RATIONAL_B_SPLINE_CURVE((1.,0.5,1.,0.5,
1.,0.5,1.)) REPRESENTATION_ITEM('') );
#3672 = CARTESIAN_POINT('',(70.,33.));
#3673 = CARTESIAN_POINT('',(70.,36.464101615138));
#3674 = CARTESIAN_POINT('',(73.,34.732050807569));
#3675 = CARTESIAN_POINT('',(76.,33.));
#3676 = CARTESIAN_POINT('',(73.,31.267949192431));
#3677 = CARTESIAN_POINT('',(70.,29.535898384862));
#3678 = CARTESIAN_POINT('',(70.,33.));
#3679 = ( GEOMETRIC_REPRESENTATION_CONTEXT(2) 
PARAMETRIC_REPRESENTATION_CONTEXT() REPRESENTATION_CONTEXT('2D SPACE',''
  ) );
#3680 = PCURVE('',#1360,#3681);
#3681 = DEFINITIONAL_REPRESENTATION('',(#3682),#3686);
#3682 = LINE('',#3683,#3684);
#3683 = CARTESIAN_POINT('',(0.,-5.1));
#3684 = VECTOR('',#3685,1.);
#3685 = DIRECTION('',(1.,0.));
#3686 = ( GEOMETRIC_REPRESENTATION_CONTEXT(2) 
PARAMETRIC_REPRESENTATION_CONTEXT() REPRESENTATION_CONTEXT('2D SPACE',''
  ) );
#3687 = ORIENTED_EDGE('',*,*,#3688,.T.);
#3688 = EDGE_CURVE('',#3661,#3689,#3691,.T.);
#3689 = VERTEX_POINT('',#3690);
#3690 = CARTESIAN_POINT('',(204.,183.,151.));
#3691 = SURFACE_CURVE('',#3692,(#3697,#3708),.PCURVE_S1.);
#3692 = CIRCLE('',#3693,2.);
#3693 = AXIS2_PLACEMENT_3D('',#3694,#3695,#3696);
#3694 = CARTESIAN_POINT('',(202.,183.,151.));
#3695 = DIRECTION('',(0.,0.,-1.));
#3696 = DIRECTION('',(-1.,1.110223024625E-16,0.));
#3697 = PCURVE('',#72,#3698);
#3698 = DEFINITIONAL_REPRESENTATION('',(#3699),#3707);
#3699 = ( BOUNDED_CURVE() B_SPLINE_CURVE(2,(#3700,#3701,#3702,#3703,
#3704,#3705,#3706),.UNSPECIFIED.,.T.,.F.) B_SPLINE_CURVE_WITH_KNOTS((1,2
    ,2,2,2,1),(-2.094395102393,0.,2.094395102393,4.188790204786,
6.28318530718,8.377580409573),.UNSPECIFIED.) CURVE() 
GEOMETRIC_REPRESENTATION_ITEM() RATIONAL_B_SPLINE_CURVE((1.,0.5,1.,0.5,
1.,0.5,1.)) REPRESENTATION_ITEM('') );
#3700 = CARTESIAN_POINT('',(70.,33.));
#3701 = CARTESIAN_POINT('',(70.,36.464101615138));
#3702 = CARTESIAN_POINT('',(73.,34.732050807569));
#3703 = CARTESIAN_POINT('',(76.,33.));
#3704 = CARTESIAN_POINT('',(73.,31.267949192431));
#3705 = CARTESIAN_POINT('',(70.,29.535898384862));
#3706 = CARTESIAN_POINT('',(70.,33.));
#3707 = ( GEOMETRIC_REPRESENTATION_CONTEXT(2) 
PARAMETRIC_REPRESENTATION_CONTEXT() REPRESENTATION_CONTEXT('2D SPACE',''
  ) );
#3708 = PCURVE('',#1393,#3709);
#3709 = DEFINITIONAL_REPRESENTATION('',(#3710),#3714);
#3710 = LINE('',#3711,#3712);
#3711 = CARTESIAN_POINT('',(0.,-5.1));
#3712 = VECTOR('',#3713,1.);
#3713 = DIRECTION('',(1.,0.));
#3714 = ( GEOMETRIC_REPRESENTATION_CONTEXT(2) 
PARAMETRIC_REPRESENTATION_CONTEXT() REPRESENTATION_CONTEXT('2D SPACE',''
  ) );
#3715 = ORIENTED_EDGE('',*,*,#3716,.F.);
#3716 = EDGE_CURVE('',#3717,#3689,#3719,.T.);
#3717 = VERTEX_POINT('',#3718);
#3718 = CARTESIAN_POINT('',(204.,157.,151.));
#3719 = SURFACE_CURVE('',#3720,(#3724,#3731),.PCURVE_S1.);
#3720 = LINE('',#3721,#3722);
#3721 = CARTESIAN_POINT('',(204.,166.5,151.));
#3722 = VECTOR('',#3723,1.);
#3723 = DIRECTION('',(1.110223024625E-16,1.,0.));
#3724 = PCURVE('',#72,#3725);
#3725 = DEFINITIONAL_REPRESENTATION('',(#3726),#3730);
#3726 = LINE('',#3727,#3728);
#3727 = CARTESIAN_POINT('',(74.,16.5));
#3728 = VECTOR('',#3729,1.);
#3729 = DIRECTION('',(1.110223024625E-16,1.));
#3730 = ( GEOMETRIC_REPRESENTATION_CONTEXT(2) 
PARAMETRIC_REPRESENTATION_CONTEXT() REPRESENTATION_CONTEXT('2D SPACE',''
  ) );
#3731 = PCURVE('',#1421,#3732);
#3732 = DEFINITIONAL_REPRESENTATION('',(#3733),#3737);
#3733 = LINE('',#3734,#3735);
#3734 = CARTESIAN_POINT('',(16.5,-5.1));
#3735 = VECTOR('',#3736,1.);
#3736 = DIRECTION('',(-1.,0.));
#3737 = ( GEOMETRIC_REPRESENTATION_CONTEXT(2) 
PARAMETRIC_REPRESENTATION_CONTEXT() REPRESENTATION_CONTEXT('2D SPACE',''
  ) );
#3738 = ORIENTED_EDGE('',*,*,#3739,.T.);
#3739 = EDGE_CURVE('',#3717,#3638,#3740,.T.);
#3740 = SURFACE_CURVE('',#3741,(#3746,#3757),.PCURVE_S1.);
#3741 = CIRCLE('',#3742,2.);
#3742 = AXIS2_PLACEMENT_3D('',#3743,#3744,#3745);
#3743 = CARTESIAN_POINT('',(202.,157.,151.));
#3744 = DIRECTION('',(0.,-0.,-1.));
#3745 = DIRECTION('',(1.,-1.110223024625E-16,0.));
#3746 = PCURVE('',#72,#3747);
#3747 = DEFINITIONAL_REPRESENTATION('',(#3748),#3756);
#3748 = ( BOUNDED_CURVE() B_SPLINE_CURVE(2,(#3749,#3750,#3751,#3752,
#3753,#3754,#3755),.UNSPECIFIED.,.T.,.F.) B_SPLINE_CURVE_WITH_KNOTS((1,2
    ,2,2,2,1),(-2.094395102393,0.,2.094395102393,4.188790204786,
6.28318530718,8.377580409573),.UNSPECIFIED.) CURVE() 
GEOMETRIC_REPRESENTATION_ITEM() RATIONAL_B_SPLINE_CURVE((1.,0.5,1.,0.5,
1.,0.5,1.)) REPRESENTATION_ITEM('') );
#3749 = CARTESIAN_POINT('',(74.,7.));
#3750 = CARTESIAN_POINT('',(74.,3.535898384862));
#3751 = CARTESIAN_POINT('',(71.,5.267949192431));
#3752 = CARTESIAN_POINT('',(68.,7.));
#3753 = CARTESIAN_POINT('',(71.,8.732050807569));
#3754 = CARTESIAN_POINT('',(74.,10.464101615138));
#3755 = CARTESIAN_POINT('',(74.,7.));
#3756 = ( GEOMETRIC_REPRESENTATION_CONTEXT(2) 
PARAMETRIC_REPRESENTATION_CONTEXT() REPRESENTATION_CONTEXT('2D SPACE',''
  ) );
#3757 = PCURVE('',#1452,#3758);
#3758 = DEFINITIONAL_REPRESENTATION('',(#3759),#3763);
#3759 = LINE('',#3760,#3761);
#3760 = CARTESIAN_POINT('',(0.,-5.1));
#3761 = VECTOR('',#3762,1.);
#3762 = DIRECTION('',(1.,0.));
#3763 = ( GEOMETRIC_REPRESENTATION_CONTEXT(2) 
PARAMETRIC_REPRESENTATION_CONTEXT() REPRESENTATION_CONTEXT('2D SPACE',''
  ) );
#3764 = FACE_BOUND('',#3765,.T.);
#3765 = EDGE_LOOP('',(#3766,#3789,#3810,#3831));
#3766 = ORIENTED_EDGE('',*,*,#3767,.T.);
#3767 = EDGE_CURVE('',#3768,#3770,#3772,.T.);
#3768 = VERTEX_POINT('',#3769);
#3769 = CARTESIAN_POINT('',(190.6,184.8,151.));
#3770 = VERTEX_POINT('',#3771);
#3771 = CARTESIAN_POINT('',(179.4,184.8,151.));
#3772 = SURFACE_CURVE('',#3773,(#3777,#3783),.PCURVE_S1.);
#3773 = LINE('',#3774,#3775);
#3774 = CARTESIAN_POINT('',(154.7,184.8,151.));
#3775 = VECTOR('',#3776,1.);
#3776 = DIRECTION('',(-1.,-0.,0.));
#3777 = PCURVE('',#72,#3778);
#3778 = DEFINITIONAL_REPRESENTATION('',(#3779),#3782);
#3779 = B_SPLINE_CURVE_WITH_KNOTS('',1,(#3780,#3781),.UNSPECIFIED.,.F.,
  .F.,(2,2),(-35.9,-24.7),.PIECEWISE_BEZIER_KNOTS.);
#3780 = CARTESIAN_POINT('',(60.6,34.8));
#3781 = CARTESIAN_POINT('',(49.4,34.8));
#3782 = ( GEOMETRIC_REPRESENTATION_CONTEXT(2) 
PARAMETRIC_REPRESENTATION_CONTEXT() REPRESENTATION_CONTEXT('2D SPACE',''
  ) );
#3783 = PCURVE('',#1750,#3784);
#3784 = DEFINITIONAL_REPRESENTATION('',(#3785),#3788);
#3785 = B_SPLINE_CURVE_WITH_KNOTS('',1,(#3786,#3787),.UNSPECIFIED.,.F.,
  .F.,(2,2),(-35.9,-24.7),.PIECEWISE_BEZIER_KNOTS.);
#3786 = CARTESIAN_POINT('',(8.,11.2));
#3787 = CARTESIAN_POINT('',(8.,0.));
#3788 = ( GEOMETRIC_REPRESENTATION_CONTEXT(2) 
PARAMETRIC_REPRESENTATION_CONTEXT() REPRESENTATION_CONTEXT('2D SPACE',''
  ) );
#3789 = ORIENTED_EDGE('',*,*,#3790,.T.);
#3790 = EDGE_CURVE('',#3770,#3791,#3793,.T.);
#3791 = VERTEX_POINT('',#3792);
#3792 = CARTESIAN_POINT('',(179.4,188.2,151.));
#3793 = SURFACE_CURVE('',#3794,(#3798,#3804),.PCURVE_S1.);
#3794 = LINE('',#3795,#3796);
#3795 = CARTESIAN_POINT('',(179.4,167.4,151.));
#3796 = VECTOR('',#3797,1.);
#3797 = DIRECTION('',(-0.,1.,0.));
#3798 = PCURVE('',#72,#3799);
#3799 = DEFINITIONAL_REPRESENTATION('',(#3800),#3803);
#3800 = B_SPLINE_CURVE_WITH_KNOTS('',1,(#3801,#3802),.UNSPECIFIED.,.F.,
  .F.,(2,2),(17.4,20.8),.PIECEWISE_BEZIER_KNOTS.);
#3801 = CARTESIAN_POINT('',(49.4,34.8));
#3802 = CARTESIAN_POINT('',(49.4,38.2));
#3803 = ( GEOMETRIC_REPRESENTATION_CONTEXT(2) 
PARAMETRIC_REPRESENTATION_CONTEXT() REPRESENTATION_CONTEXT('2D SPACE',''
  ) );
#3804 = PCURVE('',#1776,#3805);
#3805 = DEFINITIONAL_REPRESENTATION('',(#3806),#3809);
#3806 = B_SPLINE_CURVE_WITH_KNOTS('',1,(#3807,#3808),.UNSPECIFIED.,.F.,
  .F.,(2,2),(17.4,20.8),.PIECEWISE_BEZIER_KNOTS.);
#3807 = CARTESIAN_POINT('',(8.,0.));
#3808 = CARTESIAN_POINT('',(8.,-3.4));
#3809 = ( GEOMETRIC_REPRESENTATION_CONTEXT(2) 
PARAMETRIC_REPRESENTATION_CONTEXT() REPRESENTATION_CONTEXT('2D SPACE',''
  ) );
#3810 = ORIENTED_EDGE('',*,*,#3811,.F.);
#3811 = EDGE_CURVE('',#3812,#3791,#3814,.T.);
#3812 = VERTEX_POINT('',#3813);
#3813 = CARTESIAN_POINT('',(190.6,188.2,151.));
#3814 = SURFACE_CURVE('',#3815,(#3819,#3825),.PCURVE_S1.);
#3815 = LINE('',#3816,#3817);
#3816 = CARTESIAN_POINT('',(154.7,188.2,151.));
#3817 = VECTOR('',#3818,1.);
#3818 = DIRECTION('',(-1.,-0.,0.));
#3819 = PCURVE('',#72,#3820);
#3820 = DEFINITIONAL_REPRESENTATION('',(#3821),#3824);
#3821 = B_SPLINE_CURVE_WITH_KNOTS('',1,(#3822,#3823),.UNSPECIFIED.,.F.,
  .F.,(2,2),(-35.9,-24.7),.PIECEWISE_BEZIER_KNOTS.);
#3822 = CARTESIAN_POINT('',(60.6,38.2));
#3823 = CARTESIAN_POINT('',(49.4,38.2));
#3824 = ( GEOMETRIC_REPRESENTATION_CONTEXT(2) 
PARAMETRIC_REPRESENTATION_CONTEXT() REPRESENTATION_CONTEXT('2D SPACE',''
  ) );
#3825 = PCURVE('',#1802,#3826);
#3826 = DEFINITIONAL_REPRESENTATION('',(#3827),#3830);
#3827 = B_SPLINE_CURVE_WITH_KNOTS('',1,(#3828,#3829),.UNSPECIFIED.,.F.,
  .F.,(2,2),(-35.9,-24.7),.PIECEWISE_BEZIER_KNOTS.);
#3828 = CARTESIAN_POINT('',(8.,11.2));
#3829 = CARTESIAN_POINT('',(8.,0.));
#3830 = ( GEOMETRIC_REPRESENTATION_CONTEXT(2) 
PARAMETRIC_REPRESENTATION_CONTEXT() REPRESENTATION_CONTEXT('2D SPACE',''
  ) );
#3831 = ORIENTED_EDGE('',*,*,#3832,.F.);
#3832 = EDGE_CURVE('',#3768,#3812,#3833,.T.);
#3833 = SURFACE_CURVE('',#3834,(#3838,#3844),.PCURVE_S1.);
#3834 = LINE('',#3835,#3836);
#3835 = CARTESIAN_POINT('',(190.6,167.4,151.));
#3836 = VECTOR('',#3837,1.);
#3837 = DIRECTION('',(-0.,1.,0.));
#3838 = PCURVE('',#72,#3839);
#3839 = DEFINITIONAL_REPRESENTATION('',(#3840),#3843);
#3840 = B_SPLINE_CURVE_WITH_KNOTS('',1,(#3841,#3842),.UNSPECIFIED.,.F.,
  .F.,(2,2),(17.4,20.8),.PIECEWISE_BEZIER_KNOTS.);
#3841 = CARTESIAN_POINT('',(60.6,34.8));
#3842 = CARTESIAN_POINT('',(60.6,38.2));
#3843 = ( GEOMETRIC_REPRESENTATION_CONTEXT(2) 
PARAMETRIC_REPRESENTATION_CONTEXT() REPRESENTATION_CONTEXT('2D SPACE',''
  ) );
#3844 = PCURVE('',#1826,#3845);
#3845 = DEFINITIONAL_REPRESENTATION('',(#3846),#3849);
#3846 = B_SPLINE_CURVE_WITH_KNOTS('',1,(#3847,#3848),.UNSPECIFIED.,.F.,
  .F.,(2,2),(17.4,20.8),.PIECEWISE_BEZIER_KNOTS.);
#3847 = CARTESIAN_POINT('',(8.,0.));
#3848 = CARTESIAN_POINT('',(8.,-3.4));
#3849 = ( GEOMETRIC_REPRESENTATION_CONTEXT(2) 
PARAMETRIC_REPRESENTATION_CONTEXT() REPRESENTATION_CONTEXT('2D SPACE',''
  ) );
#3850 = FACE_BOUND('',#3851,.T.);
#3851 = EDGE_LOOP('',(#3852,#3873,#3894,#3915,#3936));
#3852 = ORIENTED_EDGE('',*,*,#3853,.T.);
#3853 = EDGE_CURVE('',#3854,#3661,#3856,.T.);
#3854 = VERTEX_POINT('',#3855);
#3855 = CARTESIAN_POINT('',(202.6,185.,151.));
#3856 = SURFACE_CURVE('',#3857,(#3861,#3867),.PCURVE_S1.);
#3857 = LINE('',#3858,#3859);
#3858 = CARTESIAN_POINT('',(160.7,185.,151.));
#3859 = VECTOR('',#3860,1.);
#3860 = DIRECTION('',(-1.,-0.,0.));
#3861 = PCURVE('',#72,#3862);
#3862 = DEFINITIONAL_REPRESENTATION('',(#3863),#3866);
#3863 = B_SPLINE_CURVE_WITH_KNOTS('',1,(#3864,#3865),.UNSPECIFIED.,.F.,
  .F.,(2,2),(-41.9,-30.7),.PIECEWISE_BEZIER_KNOTS.);
#3864 = CARTESIAN_POINT('',(72.6,35.));
#3865 = CARTESIAN_POINT('',(61.4,35.));
#3866 = ( GEOMETRIC_REPRESENTATION_CONTEXT(2) 
PARAMETRIC_REPRESENTATION_CONTEXT() REPRESENTATION_CONTEXT('2D SPACE',''
  ) );
#3867 = PCURVE('',#1885,#3868);
#3868 = DEFINITIONAL_REPRESENTATION('',(#3869),#3872);
#3869 = B_SPLINE_CURVE_WITH_KNOTS('',1,(#3870,#3871),.UNSPECIFIED.,.F.,
  .F.,(2,2),(-41.9,-30.7),.PIECEWISE_BEZIER_KNOTS.);
#3870 = CARTESIAN_POINT('',(8.,11.2));
#3871 = CARTESIAN_POINT('',(8.,0.));
#3872 = ( GEOMETRIC_REPRESENTATION_CONTEXT(2) 
PARAMETRIC_REPRESENTATION_CONTEXT() REPRESENTATION_CONTEXT('2D SPACE',''
  ) );
#3873 = ORIENTED_EDGE('',*,*,#3874,.T.);
#3874 = EDGE_CURVE('',#3661,#3875,#3877,.T.);
#3875 = VERTEX_POINT('',#3876);
#3876 = CARTESIAN_POINT('',(191.4,185.,151.));
#3877 = SURFACE_CURVE('',#3878,(#3882,#3888),.PCURVE_S1.);
#3878 = LINE('',#3879,#3880);
#3879 = CARTESIAN_POINT('',(160.7,185.,151.));
#3880 = VECTOR('',#3881,1.);
#3881 = DIRECTION('',(-1.,-0.,0.));
#3882 = PCURVE('',#72,#3883);
#3883 = DEFINITIONAL_REPRESENTATION('',(#3884),#3887);
#3884 = B_SPLINE_CURVE_WITH_KNOTS('',1,(#3885,#3886),.UNSPECIFIED.,.F.,
  .F.,(2,2),(-41.9,-30.7),.PIECEWISE_BEZIER_KNOTS.);
#3885 = CARTESIAN_POINT('',(72.6,35.));
#3886 = CARTESIAN_POINT('',(61.4,35.));
#3887 = ( GEOMETRIC_REPRESENTATION_CONTEXT(2) 
PARAMETRIC_REPRESENTATION_CONTEXT() REPRESENTATION_CONTEXT('2D SPACE',''
  ) );
#3888 = PCURVE('',#1911,#3889);
#3889 = DEFINITIONAL_REPRESENTATION('',(#3890),#3893);
#3890 = B_SPLINE_CURVE_WITH_KNOTS('',1,(#3891,#3892),.UNSPECIFIED.,.F.,
  .F.,(2,2),(-41.9,-30.7),.PIECEWISE_BEZIER_KNOTS.);
#3891 = CARTESIAN_POINT('',(8.,11.2));
#3892 = CARTESIAN_POINT('',(8.,0.));
#3893 = ( GEOMETRIC_REPRESENTATION_CONTEXT(2) 
PARAMETRIC_REPRESENTATION_CONTEXT() REPRESENTATION_CONTEXT('2D SPACE',''
  ) );
#3894 = ORIENTED_EDGE('',*,*,#3895,.T.);
#3895 = EDGE_CURVE('',#3875,#3896,#3898,.T.);
#3896 = VERTEX_POINT('',#3897);
#3897 = CARTESIAN_POINT('',(191.4,188.4,151.));
#3898 = SURFACE_CURVE('',#3899,(#3903,#3909),.PCURVE_S1.);
#3899 = LINE('',#3900,#3901);
#3900 = CARTESIAN_POINT('',(191.4,167.5,151.));
#3901 = VECTOR('',#3902,1.);
#3902 = DIRECTION('',(-0.,1.,0.));
#3903 = PCURVE('',#72,#3904);
#3904 = DEFINITIONAL_REPRESENTATION('',(#3905),#3908);
#3905 = B_SPLINE_CURVE_WITH_KNOTS('',1,(#3906,#3907),.UNSPECIFIED.,.F.,
  .F.,(2,2),(17.5,20.9),.PIECEWISE_BEZIER_KNOTS.);
#3906 = CARTESIAN_POINT('',(61.4,35.));
#3907 = CARTESIAN_POINT('',(61.4,38.4));
#3908 = ( GEOMETRIC_REPRESENTATION_CONTEXT(2) 
PARAMETRIC_REPRESENTATION_CONTEXT() REPRESENTATION_CONTEXT('2D SPACE',''
  ) );
#3909 = PCURVE('',#1937,#3910);
#3910 = DEFINITIONAL_REPRESENTATION('',(#3911),#3914);
#3911 = B_SPLINE_CURVE_WITH_KNOTS('',1,(#3912,#3913),.UNSPECIFIED.,.F.,
  .F.,(2,2),(17.5,20.9),.PIECEWISE_BEZIER_KNOTS.);
#3912 = CARTESIAN_POINT('',(8.,0.));
#3913 = CARTESIAN_POINT('',(8.,-3.4));
#3914 = ( GEOMETRIC_REPRESENTATION_CONTEXT(2) 
PARAMETRIC_REPRESENTATION_CONTEXT() REPRESENTATION_CONTEXT('2D SPACE',''
  ) );
#3915 = ORIENTED_EDGE('',*,*,#3916,.F.);
#3916 = EDGE_CURVE('',#3917,#3896,#3919,.T.);
#3917 = VERTEX_POINT('',#3918);
#3918 = CARTESIAN_POINT('',(202.6,188.4,151.));
#3919 = SURFACE_CURVE('',#3920,(#3924,#3930),.PCURVE_S1.);
#3920 = LINE('',#3921,#3922);
#3921 = CARTESIAN_POINT('',(160.7,188.4,151.));
#3922 = VECTOR('',#3923,1.);
#3923 = DIRECTION('',(-1.,-0.,0.));
#3924 = PCURVE('',#72,#3925);
#3925 = DEFINITIONAL_REPRESENTATION('',(#3926),#3929);
#3926 = B_SPLINE_CURVE_WITH_KNOTS('',1,(#3927,#3928),.UNSPECIFIED.,.F.,
  .F.,(2,2),(-41.9,-30.7),.PIECEWISE_BEZIER_KNOTS.);
#3927 = CARTESIAN_POINT('',(72.6,38.4));
#3928 = CARTESIAN_POINT('',(61.4,38.4));
#3929 = ( GEOMETRIC_REPRESENTATION_CONTEXT(2) 
PARAMETRIC_REPRESENTATION_CONTEXT() REPRESENTATION_CONTEXT('2D SPACE',''
  ) );
#3930 = PCURVE('',#1963,#3931);
#3931 = DEFINITIONAL_REPRESENTATION('',(#3932),#3935);
#3932 = B_SPLINE_CURVE_WITH_KNOTS('',1,(#3933,#3934),.UNSPECIFIED.,.F.,
  .F.,(2,2),(-41.9,-30.7),.PIECEWISE_BEZIER_KNOTS.);
#3933 = CARTESIAN_POINT('',(8.,11.2));
#3934 = CARTESIAN_POINT('',(8.,0.));
#3935 = ( GEOMETRIC_REPRESENTATION_CONTEXT(2) 
PARAMETRIC_REPRESENTATION_CONTEXT() REPRESENTATION_CONTEXT('2D SPACE',''
  ) );
#3936 = ORIENTED_EDGE('',*,*,#3937,.F.);
#3937 = EDGE_CURVE('',#3854,#3917,#3938,.T.);
#3938 = SURFACE_CURVE('',#3939,(#3943,#3949),.PCURVE_S1.);
#3939 = LINE('',#3940,#3941);
#3940 = CARTESIAN_POINT('',(202.6,167.5,151.));
#3941 = VECTOR('',#3942,1.);
#3942 = DIRECTION('',(-0.,1.,0.));
#3943 = PCURVE('',#72,#3944);
#3944 = DEFINITIONAL_REPRESENTATION('',(#3945),#3948);
#3945 = B_SPLINE_CURVE_WITH_KNOTS('',1,(#3946,#3947),.UNSPECIFIED.,.F.,
  .F.,(2,2),(17.5,20.9),.PIECEWISE_BEZIER_KNOTS.);
#3946 = CARTESIAN_POINT('',(72.6,35.));
#3947 = CARTESIAN_POINT('',(72.6,38.4));
#3948 = ( GEOMETRIC_REPRESENTATION_CONTEXT(2) 
PARAMETRIC_REPRESENTATION_CONTEXT() REPRESENTATION_CONTEXT('2D SPACE',''
  ) );
#3949 = PCURVE('',#1987,#3950);
#3950 = DEFINITIONAL_REPRESENTATION('',(#3951),#3954);
#3951 = B_SPLINE_CURVE_WITH_KNOTS('',1,(#3952,#3953),.UNSPECIFIED.,.F.,
  .F.,(2,2),(17.5,20.9),.PIECEWISE_BEZIER_KNOTS.);
#3952 = CARTESIAN_POINT('',(8.,0.));
#3953 = CARTESIAN_POINT('',(8.,-3.4));
#3954 = ( GEOMETRIC_REPRESENTATION_CONTEXT(2) 
PARAMETRIC_REPRESENTATION_CONTEXT() REPRESENTATION_CONTEXT('2D SPACE',''
  ) );
#3955 = FACE_BOUND('',#3956,.T.);
#3956 = EDGE_LOOP('',(#3957));
#3957 = ORIENTED_EDGE('',*,*,#3958,.F.);
#3958 = EDGE_CURVE('',#3959,#3959,#3961,.T.);
#3959 = VERTEX_POINT('',#3960);
#3960 = CARTESIAN_POINT('',(213.7,184.,151.));
#3961 = SURFACE_CURVE('',#3962,(#3967,#3974),.PCURVE_S1.);
#3962 = CIRCLE('',#3963,1.7);
#3963 = AXIS2_PLACEMENT_3D('',#3964,#3965,#3966);
#3964 = CARTESIAN_POINT('',(212.,184.,151.));
#3965 = DIRECTION('',(0.,0.,1.));
#3966 = DIRECTION('',(1.,0.,0.));
#3967 = PCURVE('',#72,#3968);
#3968 = DEFINITIONAL_REPRESENTATION('',(#3969),#3973);
#3969 = CIRCLE('',#3970,1.7);
#3970 = AXIS2_PLACEMENT_2D('',#3971,#3972);
#3971 = CARTESIAN_POINT('',(82.,34.));
#3972 = DIRECTION('',(1.,0.));
#3973 = ( GEOMETRIC_REPRESENTATION_CONTEXT(2) 
PARAMETRIC_REPRESENTATION_CONTEXT() REPRESENTATION_CONTEXT('2D SPACE',''
  ) );
#3974 = PCURVE('',#1856,#3975);
#3975 = DEFINITIONAL_REPRESENTATION('',(#3976),#3980);
#3976 = LINE('',#3977,#3978);
#3977 = CARTESIAN_POINT('',(0.,5.1));
#3978 = VECTOR('',#3979,1.);
#3979 = DIRECTION('',(1.,0.));
#3980 = ( GEOMETRIC_REPRESENTATION_CONTEXT(2) 
PARAMETRIC_REPRESENTATION_CONTEXT() REPRESENTATION_CONTEXT('2D SPACE',''
  ) );
#3981 = ADVANCED_FACE('',(#3982),#291,.T.);
#3982 = FACE_BOUND('',#3983,.T.);
#3983 = EDGE_LOOP('',(#3984,#3985,#3986,#3987));
#3984 = ORIENTED_EDGE('',*,*,#2840,.F.);
#3985 = ORIENTED_EDGE('',*,*,#330,.T.);
#3986 = ORIENTED_EDGE('',*,*,#277,.T.);
#3987 = ORIENTED_EDGE('',*,*,#2866,.F.);
#3988 = ADVANCED_FACE('',(#3989),#1246,.T.);
#3989 = FACE_BOUND('',#3990,.T.);
#3990 = EDGE_LOOP('',(#3991,#4012,#4013,#4014,#4035));
#3991 = ORIENTED_EDGE('',*,*,#3992,.F.);
#3992 = EDGE_CURVE('',#1206,#2893,#3993,.T.);
#3993 = SURFACE_CURVE('',#3994,(#3998,#4005),.PCURVE_S1.);
#3994 = LINE('',#3995,#3996);
#3995 = CARTESIAN_POINT('',(145.4,150.6,143.));
#3996 = VECTOR('',#3997,1.);
#3997 = DIRECTION('',(0.,0.,1.));
#3998 = PCURVE('',#1246,#3999);
#3999 = DEFINITIONAL_REPRESENTATION('',(#4000),#4004);
#4000 = LINE('',#4001,#4002);
#4001 = CARTESIAN_POINT('',(0.,0.));
#4002 = VECTOR('',#4003,1.);
#4003 = DIRECTION('',(1.,0.));
#4004 = ( GEOMETRIC_REPRESENTATION_CONTEXT(2) 
PARAMETRIC_REPRESENTATION_CONTEXT() REPRESENTATION_CONTEXT('2D SPACE',''
  ) );
#4005 = PCURVE('',#1220,#4006);
#4006 = DEFINITIONAL_REPRESENTATION('',(#4007),#4011);
#4007 = LINE('',#4008,#4009);
#4008 = CARTESIAN_POINT('',(0.,0.));
#4009 = VECTOR('',#4010,1.);
#4010 = DIRECTION('',(1.,0.));
#4011 = ( GEOMETRIC_REPRESENTATION_CONTEXT(2) 
PARAMETRIC_REPRESENTATION_CONTEXT() REPRESENTATION_CONTEXT('2D SPACE',''
  ) );
#4012 = ORIENTED_EDGE('',*,*,#1231,.T.);
#4013 = ORIENTED_EDGE('',*,*,#2522,.T.);
#4014 = ORIENTED_EDGE('',*,*,#4015,.T.);
#4015 = EDGE_CURVE('',#2523,#2914,#4016,.T.);
#4016 = SURFACE_CURVE('',#4017,(#4021,#4028),.PCURVE_S1.);
#4017 = LINE('',#4018,#4019);
#4018 = CARTESIAN_POINT('',(145.4,154.,143.));
#4019 = VECTOR('',#4020,1.);
#4020 = DIRECTION('',(0.,0.,1.));
#4021 = PCURVE('',#1246,#4022);
#4022 = DEFINITIONAL_REPRESENTATION('',(#4023),#4027);
#4023 = LINE('',#4024,#4025);
#4024 = CARTESIAN_POINT('',(0.,-3.4));
#4025 = VECTOR('',#4026,1.);
#4026 = DIRECTION('',(1.,0.));
#4027 = ( GEOMETRIC_REPRESENTATION_CONTEXT(2) 
PARAMETRIC_REPRESENTATION_CONTEXT() REPRESENTATION_CONTEXT('2D SPACE',''
  ) );
#4028 = PCURVE('',#2565,#4029);
#4029 = DEFINITIONAL_REPRESENTATION('',(#4030),#4034);
#4030 = LINE('',#4031,#4032);
#4031 = CARTESIAN_POINT('',(0.,0.));
#4032 = VECTOR('',#4033,1.);
#4033 = DIRECTION('',(1.,0.));
#4034 = ( GEOMETRIC_REPRESENTATION_CONTEXT(2) 
PARAMETRIC_REPRESENTATION_CONTEXT() REPRESENTATION_CONTEXT('2D SPACE',''
  ) );
#4035 = ORIENTED_EDGE('',*,*,#2913,.F.);
#4036 = ADVANCED_FACE('',(#4037),#1220,.T.);
#4037 = FACE_BOUND('',#4038,.T.);
#4038 = EDGE_LOOP('',(#4039,#4060,#4061,#4062));
#4039 = ORIENTED_EDGE('',*,*,#4040,.F.);
#4040 = EDGE_CURVE('',#1180,#2891,#4041,.T.);
#4041 = SURFACE_CURVE('',#4042,(#4046,#4053),.PCURVE_S1.);
#4042 = LINE('',#4043,#4044);
#4043 = CARTESIAN_POINT('',(156.6,150.6,143.));
#4044 = VECTOR('',#4045,1.);
#4045 = DIRECTION('',(0.,0.,1.));
#4046 = PCURVE('',#1220,#4047);
#4047 = DEFINITIONAL_REPRESENTATION('',(#4048),#4052);
#4048 = LINE('',#4049,#4050);
#4049 = CARTESIAN_POINT('',(0.,11.2));
#4050 = VECTOR('',#4051,1.);
#4051 = DIRECTION('',(1.,0.));
#4052 = ( GEOMETRIC_REPRESENTATION_CONTEXT(2) 
PARAMETRIC_REPRESENTATION_CONTEXT() REPRESENTATION_CONTEXT('2D SPACE',''
  ) );
#4053 = PCURVE('',#1194,#4054);
#4054 = DEFINITIONAL_REPRESENTATION('',(#4055),#4059);
#4055 = LINE('',#4056,#4057);
#4056 = CARTESIAN_POINT('',(0.,0.));
#4057 = VECTOR('',#4058,1.);
#4058 = DIRECTION('',(1.,0.));
#4059 = ( GEOMETRIC_REPRESENTATION_CONTEXT(2) 
PARAMETRIC_REPRESENTATION_CONTEXT() REPRESENTATION_CONTEXT('2D SPACE',''
  ) );
#4060 = ORIENTED_EDGE('',*,*,#1205,.T.);
#4061 = ORIENTED_EDGE('',*,*,#3992,.T.);
#4062 = ORIENTED_EDGE('',*,*,#2890,.F.);
#4063 = ADVANCED_FACE('',(#4064),#1194,.F.);
#4064 = FACE_BOUND('',#4065,.F.);
#4065 = EDGE_LOOP('',(#4066,#4067,#4068,#4069,#4090));
#4066 = ORIENTED_EDGE('',*,*,#4040,.F.);
#4067 = ORIENTED_EDGE('',*,*,#1179,.T.);
#4068 = ORIENTED_EDGE('',*,*,#2576,.T.);
#4069 = ORIENTED_EDGE('',*,*,#4070,.T.);
#4070 = EDGE_CURVE('',#2551,#2935,#4071,.T.);
#4071 = SURFACE_CURVE('',#4072,(#4076,#4083),.PCURVE_S1.);
#4072 = LINE('',#4073,#4074);
#4073 = CARTESIAN_POINT('',(156.6,154.,143.));
#4074 = VECTOR('',#4075,1.);
#4075 = DIRECTION('',(0.,0.,1.));
#4076 = PCURVE('',#1194,#4077);
#4077 = DEFINITIONAL_REPRESENTATION('',(#4078),#4082);
#4078 = LINE('',#4079,#4080);
#4079 = CARTESIAN_POINT('',(0.,-3.4));
#4080 = VECTOR('',#4081,1.);
#4081 = DIRECTION('',(1.,0.));
#4082 = ( GEOMETRIC_REPRESENTATION_CONTEXT(2) 
PARAMETRIC_REPRESENTATION_CONTEXT() REPRESENTATION_CONTEXT('2D SPACE',''
  ) );
#4083 = PCURVE('',#2565,#4084);
#4084 = DEFINITIONAL_REPRESENTATION('',(#4085),#4089);
#4085 = LINE('',#4086,#4087);
#4086 = CARTESIAN_POINT('',(0.,11.2));
#4087 = VECTOR('',#4088,1.);
#4088 = DIRECTION('',(1.,0.));
#4089 = ( GEOMETRIC_REPRESENTATION_CONTEXT(2) 
PARAMETRIC_REPRESENTATION_CONTEXT() REPRESENTATION_CONTEXT('2D SPACE',''
  ) );
#4090 = ORIENTED_EDGE('',*,*,#2955,.F.);
#4091 = ADVANCED_FACE('',(#4092),#1147,.T.);
#4092 = FACE_BOUND('',#4093,.T.);
#4093 = EDGE_LOOP('',(#4094,#4115,#4116,#4117,#4138));
#4094 = ORIENTED_EDGE('',*,*,#4095,.F.);
#4095 = EDGE_CURVE('',#1107,#3005,#4096,.T.);
#4096 = SURFACE_CURVE('',#4097,(#4101,#4108),.PCURVE_S1.);
#4097 = LINE('',#4098,#4099);
#4098 = CARTESIAN_POINT('',(160.4,150.8,143.));
#4099 = VECTOR('',#4100,1.);
#4100 = DIRECTION('',(0.,0.,1.));
#4101 = PCURVE('',#1147,#4102);
#4102 = DEFINITIONAL_REPRESENTATION('',(#4103),#4107);
#4103 = LINE('',#4104,#4105);
#4104 = CARTESIAN_POINT('',(0.,0.));
#4105 = VECTOR('',#4106,1.);
#4106 = DIRECTION('',(1.,0.));
#4107 = ( GEOMETRIC_REPRESENTATION_CONTEXT(2) 
PARAMETRIC_REPRESENTATION_CONTEXT() REPRESENTATION_CONTEXT('2D SPACE',''
  ) );
#4108 = PCURVE('',#1121,#4109);
#4109 = DEFINITIONAL_REPRESENTATION('',(#4110),#4114);
#4110 = LINE('',#4111,#4112);
#4111 = CARTESIAN_POINT('',(0.,0.));
#4112 = VECTOR('',#4113,1.);
#4113 = DIRECTION('',(1.,0.));
#4114 = ( GEOMETRIC_REPRESENTATION_CONTEXT(2) 
PARAMETRIC_REPRESENTATION_CONTEXT() REPRESENTATION_CONTEXT('2D SPACE',''
  ) );
#4115 = ORIENTED_EDGE('',*,*,#1132,.T.);
#4116 = ORIENTED_EDGE('',*,*,#2603,.T.);
#4117 = ORIENTED_EDGE('',*,*,#4118,.T.);
#4118 = EDGE_CURVE('',#2604,#3026,#4119,.T.);
#4119 = SURFACE_CURVE('',#4120,(#4124,#4131),.PCURVE_S1.);
#4120 = LINE('',#4121,#4122);
#4121 = CARTESIAN_POINT('',(160.4,154.2,143.));
#4122 = VECTOR('',#4123,1.);
#4123 = DIRECTION('',(0.,0.,1.));
#4124 = PCURVE('',#1147,#4125);
#4125 = DEFINITIONAL_REPRESENTATION('',(#4126),#4130);
#4126 = LINE('',#4127,#4128);
#4127 = CARTESIAN_POINT('',(0.,-3.4));
#4128 = VECTOR('',#4129,1.);
#4129 = DIRECTION('',(1.,0.));
#4130 = ( GEOMETRIC_REPRESENTATION_CONTEXT(2) 
PARAMETRIC_REPRESENTATION_CONTEXT() REPRESENTATION_CONTEXT('2D SPACE',''
  ) );
#4131 = PCURVE('',#2646,#4132);
#4132 = DEFINITIONAL_REPRESENTATION('',(#4133),#4137);
#4133 = LINE('',#4134,#4135);
#4134 = CARTESIAN_POINT('',(0.,0.));
#4135 = VECTOR('',#4136,1.);
#4136 = DIRECTION('',(1.,0.));
#4137 = ( GEOMETRIC_REPRESENTATION_CONTEXT(2) 
PARAMETRIC_REPRESENTATION_CONTEXT() REPRESENTATION_CONTEXT('2D SPACE',''
  ) );
#4138 = ORIENTED_EDGE('',*,*,#3025,.F.);
#4139 = ADVANCED_FACE('',(#4140),#1121,.T.);
#4140 = FACE_BOUND('',#4141,.T.);
#4141 = EDGE_LOOP('',(#4142,#4163,#4164,#4165));
#4142 = ORIENTED_EDGE('',*,*,#4143,.F.);
#4143 = EDGE_CURVE('',#1081,#3003,#4144,.T.);
#4144 = SURFACE_CURVE('',#4145,(#4149,#4156),.PCURVE_S1.);
#4145 = LINE('',#4146,#4147);
#4146 = CARTESIAN_POINT('',(171.6,150.8,143.));
#4147 = VECTOR('',#4148,1.);
#4148 = DIRECTION('',(0.,0.,1.));
#4149 = PCURVE('',#1121,#4150);
#4150 = DEFINITIONAL_REPRESENTATION('',(#4151),#4155);
#4151 = LINE('',#4152,#4153);
#4152 = CARTESIAN_POINT('',(0.,11.2));
#4153 = VECTOR('',#4154,1.);
#4154 = DIRECTION('',(1.,0.));
#4155 = ( GEOMETRIC_REPRESENTATION_CONTEXT(2) 
PARAMETRIC_REPRESENTATION_CONTEXT() REPRESENTATION_CONTEXT('2D SPACE',''
  ) );
#4156 = PCURVE('',#1095,#4157);
#4157 = DEFINITIONAL_REPRESENTATION('',(#4158),#4162);
#4158 = LINE('',#4159,#4160);
#4159 = CARTESIAN_POINT('',(0.,0.));
#4160 = VECTOR('',#4161,1.);
#4161 = DIRECTION('',(1.,0.));
#4162 = ( GEOMETRIC_REPRESENTATION_CONTEXT(2) 
PARAMETRIC_REPRESENTATION_CONTEXT() REPRESENTATION_CONTEXT('2D SPACE',''
  ) );
#4163 = ORIENTED_EDGE('',*,*,#1106,.T.);
#4164 = ORIENTED_EDGE('',*,*,#4095,.T.);
#4165 = ORIENTED_EDGE('',*,*,#3002,.F.);
#4166 = ADVANCED_FACE('',(#4167),#1095,.F.);
#4167 = FACE_BOUND('',#4168,.F.);
#4168 = EDGE_LOOP('',(#4169,#4170,#4171,#4172,#4193));
#4169 = ORIENTED_EDGE('',*,*,#4143,.F.);
#4170 = ORIENTED_EDGE('',*,*,#1080,.T.);
#4171 = ORIENTED_EDGE('',*,*,#2657,.T.);
#4172 = ORIENTED_EDGE('',*,*,#4173,.T.);
#4173 = EDGE_CURVE('',#2632,#3047,#4174,.T.);
#4174 = SURFACE_CURVE('',#4175,(#4179,#4186),.PCURVE_S1.);
#4175 = LINE('',#4176,#4177);
#4176 = CARTESIAN_POINT('',(171.6,154.2,143.));
#4177 = VECTOR('',#4178,1.);
#4178 = DIRECTION('',(0.,0.,1.));
#4179 = PCURVE('',#1095,#4180);
#4180 = DEFINITIONAL_REPRESENTATION('',(#4181),#4185);
#4181 = LINE('',#4182,#4183);
#4182 = CARTESIAN_POINT('',(0.,-3.4));
#4183 = VECTOR('',#4184,1.);
#4184 = DIRECTION('',(1.,0.));
#4185 = ( GEOMETRIC_REPRESENTATION_CONTEXT(2) 
PARAMETRIC_REPRESENTATION_CONTEXT() REPRESENTATION_CONTEXT('2D SPACE',''
  ) );
#4186 = PCURVE('',#2646,#4187);
#4187 = DEFINITIONAL_REPRESENTATION('',(#4188),#4192);
#4188 = LINE('',#4189,#4190);
#4189 = CARTESIAN_POINT('',(0.,11.2));
#4190 = VECTOR('',#4191,1.);
#4191 = DIRECTION('',(1.,0.));
#4192 = ( GEOMETRIC_REPRESENTATION_CONTEXT(2) 
PARAMETRIC_REPRESENTATION_CONTEXT() REPRESENTATION_CONTEXT('2D SPACE',''
  ) );
#4193 = ORIENTED_EDGE('',*,*,#3067,.F.);
#4194 = ADVANCED_FACE('',(#4195),#1048,.T.);
#4195 = FACE_BOUND('',#4196,.T.);
#4196 = EDGE_LOOP('',(#4197,#4218,#4219,#4220,#4241));
#4197 = ORIENTED_EDGE('',*,*,#4198,.F.);
#4198 = EDGE_CURVE('',#1008,#3091,#4199,.T.);
#4199 = SURFACE_CURVE('',#4200,(#4204,#4211),.PCURVE_S1.);
#4200 = LINE('',#4201,#4202);
#4201 = CARTESIAN_POINT('',(179.4,150.8,143.));
#4202 = VECTOR('',#4203,1.);
#4203 = DIRECTION('',(0.,0.,1.));
#4204 = PCURVE('',#1048,#4205);
#4205 = DEFINITIONAL_REPRESENTATION('',(#4206),#4210);
#4206 = LINE('',#4207,#4208);
#4207 = CARTESIAN_POINT('',(0.,0.));
#4208 = VECTOR('',#4209,1.);
#4209 = DIRECTION('',(1.,0.));
#4210 = ( GEOMETRIC_REPRESENTATION_CONTEXT(2) 
PARAMETRIC_REPRESENTATION_CONTEXT() REPRESENTATION_CONTEXT('2D SPACE',''
  ) );
#4211 = PCURVE('',#1022,#4212);
#4212 = DEFINITIONAL_REPRESENTATION('',(#4213),#4217);
#4213 = LINE('',#4214,#4215);
#4214 = CARTESIAN_POINT('',(0.,0.));
#4215 = VECTOR('',#4216,1.);
#4216 = DIRECTION('',(1.,0.));
#4217 = ( GEOMETRIC_REPRESENTATION_CONTEXT(2) 
PARAMETRIC_REPRESENTATION_CONTEXT() REPRESENTATION_CONTEXT('2D SPACE',''
  ) );
#4218 = ORIENTED_EDGE('',*,*,#1033,.T.);
#4219 = ORIENTED_EDGE('',*,*,#2684,.T.);
#4220 = ORIENTED_EDGE('',*,*,#4221,.T.);
#4221 = EDGE_CURVE('',#2685,#3112,#4222,.T.);
#4222 = SURFACE_CURVE('',#4223,(#4227,#4234),.PCURVE_S1.);
#4223 = LINE('',#4224,#4225);
#4224 = CARTESIAN_POINT('',(179.4,154.2,143.));
#4225 = VECTOR('',#4226,1.);
#4226 = DIRECTION('',(0.,0.,1.));
#4227 = PCURVE('',#1048,#4228);
#4228 = DEFINITIONAL_REPRESENTATION('',(#4229),#4233);
#4229 = LINE('',#4230,#4231);
#4230 = CARTESIAN_POINT('',(0.,-3.4));
#4231 = VECTOR('',#4232,1.);
#4232 = DIRECTION('',(1.,0.));
#4233 = ( GEOMETRIC_REPRESENTATION_CONTEXT(2) 
PARAMETRIC_REPRESENTATION_CONTEXT() REPRESENTATION_CONTEXT('2D SPACE',''
  ) );
#4234 = PCURVE('',#2727,#4235);
#4235 = DEFINITIONAL_REPRESENTATION('',(#4236),#4240);
#4236 = LINE('',#4237,#4238);
#4237 = CARTESIAN_POINT('',(0.,0.));
#4238 = VECTOR('',#4239,1.);
#4239 = DIRECTION('',(1.,0.));
#4240 = ( GEOMETRIC_REPRESENTATION_CONTEXT(2) 
PARAMETRIC_REPRESENTATION_CONTEXT() REPRESENTATION_CONTEXT('2D SPACE',''
  ) );
#4241 = ORIENTED_EDGE('',*,*,#3111,.F.);
#4242 = ADVANCED_FACE('',(#4243),#1022,.T.);
#4243 = FACE_BOUND('',#4244,.T.);
#4244 = EDGE_LOOP('',(#4245,#4266,#4267,#4268));
#4245 = ORIENTED_EDGE('',*,*,#4246,.F.);
#4246 = EDGE_CURVE('',#982,#3089,#4247,.T.);
#4247 = SURFACE_CURVE('',#4248,(#4252,#4259),.PCURVE_S1.);
#4248 = LINE('',#4249,#4250);
#4249 = CARTESIAN_POINT('',(190.6,150.8,143.));
#4250 = VECTOR('',#4251,1.);
#4251 = DIRECTION('',(0.,0.,1.));
#4252 = PCURVE('',#1022,#4253);
#4253 = DEFINITIONAL_REPRESENTATION('',(#4254),#4258);
#4254 = LINE('',#4255,#4256);
#4255 = CARTESIAN_POINT('',(0.,11.2));
#4256 = VECTOR('',#4257,1.);
#4257 = DIRECTION('',(1.,0.));
#4258 = ( GEOMETRIC_REPRESENTATION_CONTEXT(2) 
PARAMETRIC_REPRESENTATION_CONTEXT() REPRESENTATION_CONTEXT('2D SPACE',''
  ) );
#4259 = PCURVE('',#996,#4260);
#4260 = DEFINITIONAL_REPRESENTATION('',(#4261),#4265);
#4261 = LINE('',#4262,#4263);
#4262 = CARTESIAN_POINT('',(0.,0.));
#4263 = VECTOR('',#4264,1.);
#4264 = DIRECTION('',(1.,0.));
#4265 = ( GEOMETRIC_REPRESENTATION_CONTEXT(2) 
PARAMETRIC_REPRESENTATION_CONTEXT() REPRESENTATION_CONTEXT('2D SPACE',''
  ) );
#4266 = ORIENTED_EDGE('',*,*,#1007,.T.);
#4267 = ORIENTED_EDGE('',*,*,#4198,.T.);
#4268 = ORIENTED_EDGE('',*,*,#3088,.F.);
#4269 = ADVANCED_FACE('',(#4270),#996,.F.);
#4270 = FACE_BOUND('',#4271,.F.);
#4271 = EDGE_LOOP('',(#4272,#4273,#4274,#4275,#4296));
#4272 = ORIENTED_EDGE('',*,*,#4246,.F.);
#4273 = ORIENTED_EDGE('',*,*,#981,.T.);
#4274 = ORIENTED_EDGE('',*,*,#2738,.T.);
#4275 = ORIENTED_EDGE('',*,*,#4276,.T.);
#4276 = EDGE_CURVE('',#2713,#3133,#4277,.T.);
#4277 = SURFACE_CURVE('',#4278,(#4282,#4289),.PCURVE_S1.);
#4278 = LINE('',#4279,#4280);
#4279 = CARTESIAN_POINT('',(190.6,154.2,143.));
#4280 = VECTOR('',#4281,1.);
#4281 = DIRECTION('',(0.,0.,1.));
#4282 = PCURVE('',#996,#4283);
#4283 = DEFINITIONAL_REPRESENTATION('',(#4284),#4288);
#4284 = LINE('',#4285,#4286);
#4285 = CARTESIAN_POINT('',(0.,-3.4));
#4286 = VECTOR('',#4287,1.);
#4287 = DIRECTION('',(1.,0.));
#4288 = ( GEOMETRIC_REPRESENTATION_CONTEXT(2) 
PARAMETRIC_REPRESENTATION_CONTEXT() REPRESENTATION_CONTEXT('2D SPACE',''
  ) );
#4289 = PCURVE('',#2727,#4290);
#4290 = DEFINITIONAL_REPRESENTATION('',(#4291),#4295);
#4291 = LINE('',#4292,#4293);
#4292 = CARTESIAN_POINT('',(0.,11.2));
#4293 = VECTOR('',#4294,1.);
#4294 = DIRECTION('',(1.,0.));
#4295 = ( GEOMETRIC_REPRESENTATION_CONTEXT(2) 
PARAMETRIC_REPRESENTATION_CONTEXT() REPRESENTATION_CONTEXT('2D SPACE',''
  ) );
#4296 = ORIENTED_EDGE('',*,*,#3153,.F.);
#4297 = ADVANCED_FACE('',(#4298),#949,.T.);
#4298 = FACE_BOUND('',#4299,.T.);
#4299 = EDGE_LOOP('',(#4300,#4321,#4322,#4323,#4344));
#4300 = ORIENTED_EDGE('',*,*,#4301,.F.);
#4301 = EDGE_CURVE('',#909,#3177,#4302,.T.);
#4302 = SURFACE_CURVE('',#4303,(#4307,#4314),.PCURVE_S1.);
#4303 = LINE('',#4304,#4305);
#4304 = CARTESIAN_POINT('',(191.4,150.6,143.));
#4305 = VECTOR('',#4306,1.);
#4306 = DIRECTION('',(0.,0.,1.));
#4307 = PCURVE('',#949,#4308);
#4308 = DEFINITIONAL_REPRESENTATION('',(#4309),#4313);
#4309 = LINE('',#4310,#4311);
#4310 = CARTESIAN_POINT('',(0.,0.));
#4311 = VECTOR('',#4312,1.);
#4312 = DIRECTION('',(1.,0.));
#4313 = ( GEOMETRIC_REPRESENTATION_CONTEXT(2) 
PARAMETRIC_REPRESENTATION_CONTEXT() REPRESENTATION_CONTEXT('2D SPACE',''
  ) );
#4314 = PCURVE('',#923,#4315);
#4315 = DEFINITIONAL_REPRESENTATION('',(#4316),#4320);
#4316 = LINE('',#4317,#4318);
#4317 = CARTESIAN_POINT('',(0.,0.));
#4318 = VECTOR('',#4319,1.);
#4319 = DIRECTION('',(1.,0.));
#4320 = ( GEOMETRIC_REPRESENTATION_CONTEXT(2) 
PARAMETRIC_REPRESENTATION_CONTEXT() REPRESENTATION_CONTEXT('2D SPACE',''
  ) );
#4321 = ORIENTED_EDGE('',*,*,#934,.T.);
#4322 = ORIENTED_EDGE('',*,*,#2765,.T.);
#4323 = ORIENTED_EDGE('',*,*,#4324,.T.);
#4324 = EDGE_CURVE('',#2766,#3198,#4325,.T.);
#4325 = SURFACE_CURVE('',#4326,(#4330,#4337),.PCURVE_S1.);
#4326 = LINE('',#4327,#4328);
#4327 = CARTESIAN_POINT('',(191.4,154.,143.));
#4328 = VECTOR('',#4329,1.);
#4329 = DIRECTION('',(0.,0.,1.));
#4330 = PCURVE('',#949,#4331);
#4331 = DEFINITIONAL_REPRESENTATION('',(#4332),#4336);
#4332 = LINE('',#4333,#4334);
#4333 = CARTESIAN_POINT('',(0.,-3.4));
#4334 = VECTOR('',#4335,1.);
#4335 = DIRECTION('',(1.,0.));
#4336 = ( GEOMETRIC_REPRESENTATION_CONTEXT(2) 
PARAMETRIC_REPRESENTATION_CONTEXT() REPRESENTATION_CONTEXT('2D SPACE',''
  ) );
#4337 = PCURVE('',#871,#4338);
#4338 = DEFINITIONAL_REPRESENTATION('',(#4339),#4343);
#4339 = LINE('',#4340,#4341);
#4340 = CARTESIAN_POINT('',(0.,0.));
#4341 = VECTOR('',#4342,1.);
#4342 = DIRECTION('',(1.,0.));
#4343 = ( GEOMETRIC_REPRESENTATION_CONTEXT(2) 
PARAMETRIC_REPRESENTATION_CONTEXT() REPRESENTATION_CONTEXT('2D SPACE',''
  ) );
#4344 = ORIENTED_EDGE('',*,*,#3197,.F.);
#4345 = ADVANCED_FACE('',(#4346),#923,.T.);
#4346 = FACE_BOUND('',#4347,.T.);
#4347 = EDGE_LOOP('',(#4348,#4369,#4370,#4371));
#4348 = ORIENTED_EDGE('',*,*,#4349,.F.);
#4349 = EDGE_CURVE('',#883,#3175,#4350,.T.);
#4350 = SURFACE_CURVE('',#4351,(#4355,#4362),.PCURVE_S1.);
#4351 = LINE('',#4352,#4353);
#4352 = CARTESIAN_POINT('',(202.6,150.6,143.));
#4353 = VECTOR('',#4354,1.);
#4354 = DIRECTION('',(0.,0.,1.));
#4355 = PCURVE('',#923,#4356);
#4356 = DEFINITIONAL_REPRESENTATION('',(#4357),#4361);
#4357 = LINE('',#4358,#4359);
#4358 = CARTESIAN_POINT('',(0.,11.2));
#4359 = VECTOR('',#4360,1.);
#4360 = DIRECTION('',(1.,0.));
#4361 = ( GEOMETRIC_REPRESENTATION_CONTEXT(2) 
PARAMETRIC_REPRESENTATION_CONTEXT() REPRESENTATION_CONTEXT('2D SPACE',''
  ) );
#4362 = PCURVE('',#897,#4363);
#4363 = DEFINITIONAL_REPRESENTATION('',(#4364),#4368);
#4364 = LINE('',#4365,#4366);
#4365 = CARTESIAN_POINT('',(0.,0.));
#4366 = VECTOR('',#4367,1.);
#4367 = DIRECTION('',(1.,0.));
#4368 = ( GEOMETRIC_REPRESENTATION_CONTEXT(2) 
PARAMETRIC_REPRESENTATION_CONTEXT() REPRESENTATION_CONTEXT('2D SPACE',''
  ) );
#4369 = ORIENTED_EDGE('',*,*,#908,.T.);
#4370 = ORIENTED_EDGE('',*,*,#4301,.T.);
#4371 = ORIENTED_EDGE('',*,*,#3174,.F.);
#4372 = ADVANCED_FACE('',(#4373),#897,.F.);
#4373 = FACE_BOUND('',#4374,.F.);
#4374 = EDGE_LOOP('',(#4375,#4376,#4377,#4398));
#4375 = ORIENTED_EDGE('',*,*,#4349,.F.);
#4376 = ORIENTED_EDGE('',*,*,#882,.T.);
#4377 = ORIENTED_EDGE('',*,*,#4378,.T.);
#4378 = EDGE_CURVE('',#857,#3219,#4379,.T.);
#4379 = SURFACE_CURVE('',#4380,(#4384,#4391),.PCURVE_S1.);
#4380 = LINE('',#4381,#4382);
#4381 = CARTESIAN_POINT('',(202.6,154.,143.));
#4382 = VECTOR('',#4383,1.);
#4383 = DIRECTION('',(0.,0.,1.));
#4384 = PCURVE('',#897,#4385);
#4385 = DEFINITIONAL_REPRESENTATION('',(#4386),#4390);
#4386 = LINE('',#4387,#4388);
#4387 = CARTESIAN_POINT('',(0.,-3.4));
#4388 = VECTOR('',#4389,1.);
#4389 = DIRECTION('',(1.,0.));
#4390 = ( GEOMETRIC_REPRESENTATION_CONTEXT(2) 
PARAMETRIC_REPRESENTATION_CONTEXT() REPRESENTATION_CONTEXT('2D SPACE',''
  ) );
#4391 = PCURVE('',#871,#4392);
#4392 = DEFINITIONAL_REPRESENTATION('',(#4393),#4397);
#4393 = LINE('',#4394,#4395);
#4394 = CARTESIAN_POINT('',(0.,11.2));
#4395 = VECTOR('',#4396,1.);
#4396 = DIRECTION('',(1.,0.));
#4397 = ( GEOMETRIC_REPRESENTATION_CONTEXT(2) 
PARAMETRIC_REPRESENTATION_CONTEXT() REPRESENTATION_CONTEXT('2D SPACE',''
  ) );
#4398 = ORIENTED_EDGE('',*,*,#3239,.F.);
#4399 = ADVANCED_FACE('',(#4400),#871,.F.);
#4400 = FACE_BOUND('',#4401,.F.);
#4401 = EDGE_LOOP('',(#4402,#4403,#4404,#4430,#4431,#4432));
#4402 = ORIENTED_EDGE('',*,*,#4378,.F.);
#4403 = ORIENTED_EDGE('',*,*,#856,.T.);
#4404 = ORIENTED_EDGE('',*,*,#4405,.T.);
#4405 = EDGE_CURVE('',#724,#2477,#4406,.T.);
#4406 = SURFACE_CURVE('',#4407,(#4412,#4423),.PCURVE_S1.);
#4407 = CIRCLE('',#4408,14.515564437075);
#4408 = AXIS2_PLACEMENT_3D('',#4409,#4410,#4411);
#4409 = CARTESIAN_POINT('',(194.5,154.,132.5));
#4410 = DIRECTION('',(0.,-1.,0.));
#4411 = DIRECTION('',(1.,0.,2.273736754432E-15));
#4412 = PCURVE('',#871,#4413);
#4413 = DEFINITIONAL_REPRESENTATION('',(#4414),#4422);
#4414 = ( BOUNDED_CURVE() B_SPLINE_CURVE(2,(#4415,#4416,#4417,#4418,
#4419,#4420,#4421),.UNSPECIFIED.,.T.,.F.) B_SPLINE_CURVE_WITH_KNOTS((1,2
    ,2,2,2,1),(-2.094395102393,0.,2.094395102393,4.188790204786,
6.28318530718,8.377580409573),.UNSPECIFIED.) CURVE() 
GEOMETRIC_REPRESENTATION_ITEM() RATIONAL_B_SPLINE_CURVE((1.,0.5,1.,0.5,
1.,0.5,1.)) REPRESENTATION_ITEM('') );
#4415 = CARTESIAN_POINT('',(-10.5,17.615564437075));
#4416 = CARTESIAN_POINT('',(14.641695105553,17.615564437075));
#4417 = CARTESIAN_POINT('',(2.070847552777,-4.157782218537));
#4418 = CARTESIAN_POINT('',(-10.5,-25.93112887414));
#4419 = CARTESIAN_POINT('',(-23.07084755277,-4.157782218537));
#4420 = CARTESIAN_POINT('',(-35.64169510555,17.615564437075));
#4421 = CARTESIAN_POINT('',(-10.5,17.615564437075));
#4422 = ( GEOMETRIC_REPRESENTATION_CONTEXT(2) 
PARAMETRIC_REPRESENTATION_CONTEXT() REPRESENTATION_CONTEXT('2D SPACE',''
  ) );
#4423 = PCURVE('',#809,#4424);
#4424 = DEFINITIONAL_REPRESENTATION('',(#4425),#4429);
#4425 = LINE('',#4426,#4427);
#4426 = CARTESIAN_POINT('',(0.,0.460553991681));
#4427 = VECTOR('',#4428,1.);
#4428 = DIRECTION('',(1.,0.));
#4429 = ( GEOMETRIC_REPRESENTATION_CONTEXT(2) 
PARAMETRIC_REPRESENTATION_CONTEXT() REPRESENTATION_CONTEXT('2D SPACE',''
  ) );
#4430 = ORIENTED_EDGE('',*,*,#2793,.T.);
#4431 = ORIENTED_EDGE('',*,*,#4324,.T.);
#4432 = ORIENTED_EDGE('',*,*,#3218,.F.);
#4433 = ADVANCED_FACE('',(#4434),#809,.F.);
#4434 = FACE_BOUND('',#4435,.F.);
#4435 = EDGE_LOOP('',(#4436,#4437,#4458,#4459));
#4436 = ORIENTED_EDGE('',*,*,#723,.F.);
#4437 = ORIENTED_EDGE('',*,*,#4438,.T.);
#4438 = EDGE_CURVE('',#573,#2475,#4439,.T.);
#4439 = SURFACE_CURVE('',#4440,(#4445,#4451),.PCURVE_S1.);
#4440 = CIRCLE('',#4441,14.75);
#4441 = AXIS2_PLACEMENT_3D('',#4442,#4443,#4444);
#4442 = CARTESIAN_POINT('',(194.5,155.,132.5));
#4443 = DIRECTION('',(0.,-1.,0.));
#4444 = DIRECTION('',(1.,0.,2.273736754432E-15));
#4445 = PCURVE('',#809,#4446);
#4446 = DEFINITIONAL_REPRESENTATION('',(#4447),#4450);
#4447 = B_SPLINE_CURVE_WITH_KNOTS('',1,(#4448,#4449),.UNSPECIFIED.,.F.,
  .F.,(2,2),(0.,1.570796326795),.PIECEWISE_BEZIER_KNOTS.);
#4448 = CARTESIAN_POINT('',(0.,0.));
#4449 = CARTESIAN_POINT('',(1.570796326795,0.));
#4450 = ( GEOMETRIC_REPRESENTATION_CONTEXT(2) 
PARAMETRIC_REPRESENTATION_CONTEXT() REPRESENTATION_CONTEXT('2D SPACE',''
  ) );
#4451 = PCURVE('',#670,#4452);
#4452 = DEFINITIONAL_REPRESENTATION('',(#4453),#4457);
#4453 = LINE('',#4454,#4455);
#4454 = CARTESIAN_POINT('',(0.,6.28318530718));
#4455 = VECTOR('',#4456,1.);
#4456 = DIRECTION('',(1.,0.));
#4457 = ( GEOMETRIC_REPRESENTATION_CONTEXT(2) 
PARAMETRIC_REPRESENTATION_CONTEXT() REPRESENTATION_CONTEXT('2D SPACE',''
  ) );
#4458 = ORIENTED_EDGE('',*,*,#2474,.T.);
#4459 = ORIENTED_EDGE('',*,*,#4405,.F.);
#4460 = ADVANCED_FACE('',(#4461),#670,.F.);
#4461 = FACE_BOUND('',#4462,.F.);
#4462 = EDGE_LOOP('',(#4463,#4464,#4465));
#4463 = ORIENTED_EDGE('',*,*,#4438,.F.);
#4464 = ORIENTED_EDGE('',*,*,#572,.F.);
#4465 = ORIENTED_EDGE('',*,*,#4466,.T.);
#4466 = EDGE_CURVE('',#547,#2475,#4467,.T.);
#4467 = SURFACE_CURVE('',#4468,(#4473,#4480),.PCURVE_S1.);
#4468 = CIRCLE('',#4469,2.25);
#4469 = AXIS2_PLACEMENT_3D('',#4470,#4471,#4472);
#4470 = CARTESIAN_POINT('',(194.5,155.,145.));
#4471 = DIRECTION('',(1.,0.,-2.228387684026E-15));
#4472 = DIRECTION('',(2.228387684026E-15,0.,1.));
#4473 = PCURVE('',#670,#4474);
#4474 = DEFINITIONAL_REPRESENTATION('',(#4475),#4479);
#4475 = LINE('',#4476,#4477);
#4476 = CARTESIAN_POINT('',(1.570796326795,0.));
#4477 = VECTOR('',#4478,1.);
#4478 = DIRECTION('',(0.,1.));
#4479 = ( GEOMETRIC_REPRESENTATION_CONTEXT(2) 
PARAMETRIC_REPRESENTATION_CONTEXT() REPRESENTATION_CONTEXT('2D SPACE',''
  ) );
#4480 = PCURVE('',#561,#4481);
#4481 = DEFINITIONAL_REPRESENTATION('',(#4482),#4485);
#4482 = B_SPLINE_CURVE_WITH_KNOTS('',1,(#4483,#4484),.UNSPECIFIED.,.F.,
  .F.,(2,2),(0.,6.28318530718),.PIECEWISE_BEZIER_KNOTS.);
#4483 = CARTESIAN_POINT('',(6.28318530718,0.));
#4484 = CARTESIAN_POINT('',(0.,0.));
#4485 = ( GEOMETRIC_REPRESENTATION_CONTEXT(2) 
PARAMETRIC_REPRESENTATION_CONTEXT() REPRESENTATION_CONTEXT('2D SPACE',''
  ) );
#4486 = ADVANCED_FACE('',(#4487),#561,.F.);
#4487 = FACE_BOUND('',#4488,.F.);
#4488 = EDGE_LOOP('',(#4489,#4490,#4491,#4492,#4520));
#4489 = ORIENTED_EDGE('',*,*,#2499,.F.);
#4490 = ORIENTED_EDGE('',*,*,#4466,.F.);
#4491 = ORIENTED_EDGE('',*,*,#546,.T.);
#4492 = ORIENTED_EDGE('',*,*,#4493,.F.);
#4493 = EDGE_CURVE('',#4494,#519,#4496,.T.);
#4494 = VERTEX_POINT('',#4495);
#4495 = CARTESIAN_POINT('',(148.,157.,146.0307764064));
#4496 = SURFACE_CURVE('',#4497,(#4502,#4509),.PCURVE_S1.);
#4497 = CIRCLE('',#4498,2.25);
#4498 = AXIS2_PLACEMENT_3D('',#4499,#4500,#4501);
#4499 = CARTESIAN_POINT('',(148.,155.,145.));
#4500 = DIRECTION('',(-1.,0.,0.));
#4501 = DIRECTION('',(0.,0.,1.));
#4502 = PCURVE('',#561,#4503);
#4503 = DEFINITIONAL_REPRESENTATION('',(#4504),#4508);
#4504 = LINE('',#4505,#4506);
#4505 = CARTESIAN_POINT('',(0.,46.5));
#4506 = VECTOR('',#4507,1.);
#4507 = DIRECTION('',(1.,0.));
#4508 = ( GEOMETRIC_REPRESENTATION_CONTEXT(2) 
PARAMETRIC_REPRESENTATION_CONTEXT() REPRESENTATION_CONTEXT('2D SPACE',''
  ) );
#4509 = PCURVE('',#534,#4510);
#4510 = DEFINITIONAL_REPRESENTATION('',(#4511),#4519);
#4511 = ( BOUNDED_CURVE() B_SPLINE_CURVE(2,(#4512,#4513,#4514,#4515,
#4516,#4517,#4518),.UNSPECIFIED.,.T.,.F.) B_SPLINE_CURVE_WITH_KNOTS((1,2
    ,2,2,2,1),(-2.094395102393,0.,2.094395102393,4.188790204786,
6.28318530718,8.377580409573),.UNSPECIFIED.) CURVE() 
GEOMETRIC_REPRESENTATION_ITEM() RATIONAL_B_SPLINE_CURVE((1.,0.5,1.,0.5,
1.,0.5,1.)) REPRESENTATION_ITEM('') );
#4512 = CARTESIAN_POINT('',(28.,-1.35));
#4513 = CARTESIAN_POINT('',(24.10288568297,-1.35));
#4514 = CARTESIAN_POINT('',(26.051442841485,2.025));
#4515 = CARTESIAN_POINT('',(28.,5.4));
#4516 = CARTESIAN_POINT('',(29.948557158515,2.025));
#4517 = CARTESIAN_POINT('',(31.89711431703,-1.35));
#4518 = CARTESIAN_POINT('',(28.,-1.35));
#4519 = ( GEOMETRIC_REPRESENTATION_CONTEXT(2) 
PARAMETRIC_REPRESENTATION_CONTEXT() REPRESENTATION_CONTEXT('2D SPACE',''
  ) );
#4520 = ORIENTED_EDGE('',*,*,#4521,.T.);
#4521 = EDGE_CURVE('',#4494,#2002,#4522,.T.);
#4522 = SURFACE_CURVE('',#4523,(#4568,#4616),.PCURVE_S1.);
#4523 = B_SPLINE_CURVE_WITH_KNOTS('',8,(#4524,#4525,#4526,#4527,#4528,
    #4529,#4530,#4531,#4532,#4533,#4534,#4535,#4536,#4537,#4538,#4539,
    #4540,#4541,#4542,#4543,#4544,#4545,#4546,#4547,#4548,#4549,#4550,
    #4551,#4552,#4553,#4554,#4555,#4556,#4557,#4558,#4559,#4560,#4561,
    #4562,#4563,#4564,#4565,#4566,#4567),.UNSPECIFIED.,.F.,.F.,(9,7,7,7,
    7,7,9),(0.,0.186897264464,0.254696282446,0.376149712557,
    0.467598809523,0.58408172079,1.),.UNSPECIFIED.);
#4524 = CARTESIAN_POINT('',(148.,157.,146.0307764064));
#4525 = CARTESIAN_POINT('',(148.,156.96249749448,146.10354195533));
#4526 = CARTESIAN_POINT('',(147.9991962898,156.92169239806,
    146.17528560412));
#4527 = CARTESIAN_POINT('',(147.99734130191,156.87759470448,
    146.24579565375));
#4528 = CARTESIAN_POINT('',(147.9941559387,156.83023133309,
    146.31486121097));
#4529 = CARTESIAN_POINT('',(147.98933115378,156.77964618498,
    146.38227159479));
#4530 = CARTESIAN_POINT('',(147.98252785148,156.72590171769,
    146.44781625217));
#4531 = CARTESIAN_POINT('',(147.97337510428,156.6690820386,
    146.5112851828));
#4532 = CARTESIAN_POINT('',(147.95714678085,156.58761003062,
    146.5946652859));
#4533 = CARTESIAN_POINT('',(147.95246613239,156.56554164411,
    146.61655056726));
#4534 = CARTESIAN_POINT('',(147.94740734835,156.54310610053,
    146.63810828111));
#4535 = CARTESIAN_POINT('',(147.9419532117,156.52031777253,
    146.65932213753));
#4536 = CARTESIAN_POINT('',(147.93608668302,156.49719166227,
    146.68017699276));
#4537 = CARTESIAN_POINT('',(147.92979090054,156.47374340143,
    146.70065884926));
#4538 = CARTESIAN_POINT('',(147.92304918013,156.4499892512,
    146.72075485569));
#4539 = CARTESIAN_POINT('',(147.9029396582,156.38287581899,
    146.77574060951));
#4540 = CARTESIAN_POINT('',(147.88854235945,156.33885057664,
    146.80977462805));
#4541 = CARTESIAN_POINT('',(147.87257298349,156.2940251972,
    146.84243538754));
#4542 = CARTESIAN_POINT('',(147.85496454132,156.24856345021,
    146.87362810417));
#4543 = CARTESIAN_POINT('',(147.83566473827,156.20263539857,
    146.90328195912));
#4544 = CARTESIAN_POINT('',(147.81463752191,156.15641474431,
    146.93134887241));
#4545 = CARTESIAN_POINT('',(147.79186462979,156.11007617444,
    146.95780227671));
#4546 = CARTESIAN_POINT('',(147.74888654276,156.02894328898,
    147.00133451186));
#4547 = CARTESIAN_POINT('',(147.72945116769,155.99415224692,
    147.01910022912));
#4548 = CARTESIAN_POINT('',(147.70904593479,155.95949717042,
    147.03593061831));
#4549 = CARTESIAN_POINT('',(147.6876830842,155.92505587289,
    147.05182969998));
#4550 = CARTESIAN_POINT('',(147.665382469,155.89090564597,147.0668074991
    ));
#4551 = CARTESIAN_POINT('',(147.64217185071,155.85712251425,
    147.08087960439));
#4552 = CARTESIAN_POINT('',(147.61808719471,155.82378048994,
    147.0940667275));
#4553 = CARTESIAN_POINT('',(147.56143856902,155.74913418021,
    147.12209640908));
#4554 = CARTESIAN_POINT('',(147.52837361151,155.7081691072,
    147.13639632869));
#4555 = CARTESIAN_POINT('',(147.49403177932,155.66814814813,
    147.14936850831));
#4556 = CARTESIAN_POINT('',(147.45847709254,155.62915966369,
    147.16109041706));
#4557 = CARTESIAN_POINT('',(147.42178413805,155.59128689553,
    147.17164170514));
#4558 = CARTESIAN_POINT('',(147.38403830235,155.55460702603,
    147.18110340292));
#4559 = CARTESIAN_POINT('',(147.34533600438,155.51919023815,
    147.18955712007));
#4560 = CARTESIAN_POINT('',(147.16456236341,155.3633705108,
    147.22396087999));
#4561 = CARTESIAN_POINT('',(147.01294595774,155.25890781243,
    147.23894195726));
#4562 = CARTESIAN_POINT('',(146.8533555337,155.17212156388,
    147.24634476845));
#4563 = CARTESIAN_POINT('',(146.68787781048,155.10298828831,
    147.24927207468));
#4564 = CARTESIAN_POINT('',(146.51830199977,155.05137882003,
    147.2500000887));
#4565 = CARTESIAN_POINT('',(146.34620224156,155.0170987274,
    147.24999998253));
#4566 = CARTESIAN_POINT('',(146.17298228536,154.99999999772,147.25));
#4567 = CARTESIAN_POINT('',(145.99999997365,155.,147.25));
#4568 = PCURVE('',#561,#4569);
#4569 = DEFINITIONAL_REPRESENTATION('',(#4570),#4615);
#4570 = B_SPLINE_CURVE_WITH_KNOTS('',8,(#4571,#4572,#4573,#4574,#4575,
    #4576,#4577,#4578,#4579,#4580,#4581,#4582,#4583,#4584,#4585,#4586,
    #4587,#4588,#4589,#4590,#4591,#4592,#4593,#4594,#4595,#4596,#4597,
    #4598,#4599,#4600,#4601,#4602,#4603,#4604,#4605,#4606,#4607,#4608,
    #4609,#4610,#4611,#4612,#4613,#4614),.UNSPECIFIED.,.F.,.F.,(9,7,7,7,
    7,7,9),(0.,0.186897264464,0.254696282446,0.376149712557,
    0.467598809523,0.58408172079,1.),.UNSPECIFIED.);
#4571 = CARTESIAN_POINT('',(1.094914077134,46.5));
#4572 = CARTESIAN_POINT('',(1.058531302671,46.5));
#4573 = CARTESIAN_POINT('',(1.021879812262,46.500803710192));
#4574 = CARTESIAN_POINT('',(0.984971836418,46.502658698082));
#4575 = CARTESIAN_POINT('',(0.947818315039,46.5058440613));
#4576 = CARTESIAN_POINT('',(0.910429577416,46.510668846219));
#4577 = CARTESIAN_POINT('',(0.872816441978,46.517472148519));
#4578 = CARTESIAN_POINT('',(0.834991735764,46.526624895711));
#4579 = CARTESIAN_POINT('',(0.783180245211,46.542853219142));
#4580 = CARTESIAN_POINT('',(0.769368565792,46.547533867602));
#4581 = CARTESIAN_POINT('',(0.755542939331,46.552592651642));
#4582 = CARTESIAN_POINT('',(0.741708964056,46.558046788298));
#4583 = CARTESIAN_POINT('',(0.727872092469,46.563913316976));
#4584 = CARTESIAN_POINT('',(0.714037631345,46.570209099451));
#4585 = CARTESIAN_POINT('',(0.700210741735,46.576950819868));
#4586 = CARTESIAN_POINT('',(0.661649849616,46.597060341797));
#4587 = CARTESIAN_POINT('',(0.636928021526,46.611457640546));
#4588 = CARTESIAN_POINT('',(0.612294692725,46.627427016505));
#4589 = CARTESIAN_POINT('',(0.587810105865,46.645035458679));
#4590 = CARTESIAN_POINT('',(0.563531370759,46.664335261721));
#4591 = CARTESIAN_POINT('',(0.539512826921,46.685362478088));
#4592 = CARTESIAN_POINT('',(0.515806406094,46.708135370201));
#4593 = CARTESIAN_POINT('',(0.474884678702,46.751113457234));
#4594 = CARTESIAN_POINT('',(0.457526271418,46.770548832308));
#4595 = CARTESIAN_POINT('',(0.440409349217,46.790954065205));
#4596 = CARTESIAN_POINT('',(0.423556164132,46.8123169158));
#4597 = CARTESIAN_POINT('',(0.40698854354,46.834617530998));
#4598 = CARTESIAN_POINT('',(0.390727789734,46.857828149289));
#4599 = CARTESIAN_POINT('',(0.374794579503,46.881912805283));
#4600 = CARTESIAN_POINT('',(0.339356622293,46.938561430979));
#4601 = CARTESIAN_POINT('',(0.320077796968,46.97162638849));
#4602 = CARTESIAN_POINT('',(0.301387284018,47.005968220679));
#4603 = CARTESIAN_POINT('',(0.28330075051,47.041522907459));
#4604 = CARTESIAN_POINT('',(0.265834115575,47.078215861947));
#4605 = CARTESIAN_POINT('',(0.249003031696,47.115961697645));
#4606 = CARTESIAN_POINT('',(0.232822365995,47.154663995619));
#4607 = CARTESIAN_POINT('',(0.161901222338,47.335437636583));
#4608 = CARTESIAN_POINT('',(0.115129649867,47.487054042259));
#4609 = CARTESIAN_POINT('',(7.64971362675E-02,47.646644466291));
#4610 = CARTESIAN_POINT('',(4.577331997849E-02,47.812122189514));
#4611 = CARTESIAN_POINT('',(2.283473311351E-02,47.981698000227));
#4612 = CARTESIAN_POINT('',(7.599496318557E-03,48.153797758437));
#4613 = CARTESIAN_POINT('',(-1.012591567346E-09,48.327017714631));
#4614 = CARTESIAN_POINT('',(0.,48.500000026342));
#4615 = ( GEOMETRIC_REPRESENTATION_CONTEXT(2) 
PARAMETRIC_REPRESENTATION_CONTEXT() REPRESENTATION_CONTEXT('2D SPACE',''
  ) );
#4616 = PCURVE('',#2121,#4617);
#4617 = DEFINITIONAL_REPRESENTATION('',(#4618),#4663);
#4618 = B_SPLINE_CURVE_WITH_KNOTS('',8,(#4619,#4620,#4621,#4622,#4623,
    #4624,#4625,#4626,#4627,#4628,#4629,#4630,#4631,#4632,#4633,#4634,
    #4635,#4636,#4637,#4638,#4639,#4640,#4641,#4642,#4643,#4644,#4645,
    #4646,#4647,#4648,#4649,#4650,#4651,#4652,#4653,#4654,#4655,#4656,
    #4657,#4658,#4659,#4660,#4661,#4662),.UNSPECIFIED.,.F.,.F.,(9,7,7,7,
    7,7,9),(0.,0.186897264464,0.254696282446,0.376149712557,
    0.467598809523,0.58408172079,1.),.UNSPECIFIED.);
#4619 = CARTESIAN_POINT('',(0.,-0.130776406404));
#4620 = CARTESIAN_POINT('',(1.875125275809E-02,-0.203541955331));
#4621 = CARTESIAN_POINT('',(3.915381856331E-02,-0.275285604127));
#4622 = CARTESIAN_POINT('',(6.121266905854E-02,-0.345795653759));
#4623 = CARTESIAN_POINT('',(8.493194370404E-02,-0.414861210975));
#4624 = CARTESIAN_POINT('',(0.110317478026,-0.482271594795));
#4625 = CARTESIAN_POINT('',(0.137379583671,-0.54781625217));
#4626 = CARTESIAN_POINT('',(0.166136080276,-0.611285182809));
#4627 = CARTESIAN_POINT('',(0.207672349263,-0.694665285903));
#4628 = CARTESIAN_POINT('',(0.218951151048,-0.716550567261));
#4629 = CARTESIAN_POINT('',(0.23044897288,-0.738108281117));
#4630 = CARTESIAN_POINT('',(0.242162856967,-0.759322137531));
#4631 = CARTESIAN_POINT('',(0.254089899332,-0.780176992764));
#4632 = CARTESIAN_POINT('',(0.266227249815,-0.800658849268));
#4633 = CARTESIAN_POINT('',(0.278572112069,-0.820754855693));
#4634 = CARTESIAN_POINT('',(0.313602833066,-0.87574060951));
#4635 = CARTESIAN_POINT('',(0.336755492919,-0.909774628057));
#4636 = CARTESIAN_POINT('',(0.360534159945,-0.942435387549));
#4637 = CARTESIAN_POINT('',(0.384891850955,-0.973628104175));
#4638 = CARTESIAN_POINT('',(0.409780521246,-1.003281959125));
#4639 = CARTESIAN_POINT('',(0.435151423104,-1.031348872415));
#4640 = CARTESIAN_POINT('',(0.460955464312,-1.057802276718));
#4641 = CARTESIAN_POINT('',(0.50686205716,-1.101334511865));
#4642 = CARTESIAN_POINT('',(0.526782919086,-1.119100229126));
#4643 = CARTESIAN_POINT('',(0.546882354181,-1.135930618318));
#4644 = CARTESIAN_POINT('',(0.567135843485,-1.151829699981));
#4645 = CARTESIAN_POINT('',(0.587518043395,-1.166807499105));
#4646 = CARTESIAN_POINT('',(0.608002681722,-1.180879604392));
#4647 = CARTESIAN_POINT('',(0.628562453763,-1.1940667275));
#4648 = CARTESIAN_POINT('',(0.675416317932,-1.222096409085));
#4649 = CARTESIAN_POINT('',(0.701726738344,-1.236396328694));
#4650 = CARTESIAN_POINT('',(0.72807458807,-1.249368508315));
#4651 = CARTESIAN_POINT('',(0.754433479087,-1.261090417069));
#4652 = CARTESIAN_POINT('',(0.780775791935,-1.271641705147));
#4653 = CARTESIAN_POINT('',(0.807072240771,-1.281103402921));
#4654 = CARTESIAN_POINT('',(0.833291438425,-1.289557120072));
#4655 = CARTESIAN_POINT('',(0.952621753828,-1.323960879995));
#4656 = CARTESIAN_POINT('',(1.044144123197,-1.338941957264));
#4657 = CARTESIAN_POINT('',(1.134150934233,-1.346344768459));
#4658 = CARTESIAN_POINT('',(1.22290309884,-1.349272074685));
#4659 = CARTESIAN_POINT('',(1.310659095749,-1.350000088701));
#4660 = CARTESIAN_POINT('',(1.397695268681,-1.349999982533));
#4661 = CARTESIAN_POINT('',(1.48430518411,-1.35));
#4662 = CARTESIAN_POINT('',(1.570796339966,-1.35));
#4663 = ( GEOMETRIC_REPRESENTATION_CONTEXT(2) 
PARAMETRIC_REPRESENTATION_CONTEXT() REPRESENTATION_CONTEXT('2D SPACE',''
  ) );
#4664 = ADVANCED_FACE('',(#4665),#534,.F.);
#4665 = FACE_BOUND('',#4666,.F.);
#4666 = EDGE_LOOP('',(#4667,#4668,#4669,#4690,#4691));
#4667 = ORIENTED_EDGE('',*,*,#4493,.T.);
#4668 = ORIENTED_EDGE('',*,*,#518,.T.);
#4669 = ORIENTED_EDGE('',*,*,#4670,.T.);
#4670 = EDGE_CURVE('',#486,#3340,#4671,.T.);
#4671 = SURFACE_CURVE('',#4672,(#4676,#4683),.PCURVE_S1.);
#4672 = LINE('',#4673,#4674);
#4673 = CARTESIAN_POINT('',(148.,183.,145.9));
#4674 = VECTOR('',#4675,1.);
#4675 = DIRECTION('',(0.,0.,1.));
#4676 = PCURVE('',#534,#4677);
#4677 = DEFINITIONAL_REPRESENTATION('',(#4678),#4682);
#4678 = LINE('',#4679,#4680);
#4679 = CARTESIAN_POINT('',(0.,0.));
#4680 = VECTOR('',#4681,1.);
#4681 = DIRECTION('',(0.,-1.));
#4682 = ( GEOMETRIC_REPRESENTATION_CONTEXT(2) 
PARAMETRIC_REPRESENTATION_CONTEXT() REPRESENTATION_CONTEXT('2D SPACE',''
  ) );
#4683 = PCURVE('',#506,#4684);
#4684 = DEFINITIONAL_REPRESENTATION('',(#4685),#4689);
#4685 = LINE('',#4686,#4687);
#4686 = CARTESIAN_POINT('',(3.14159265359,0.));
#4687 = VECTOR('',#4688,1.);
#4688 = DIRECTION('',(0.,-1.));
#4689 = ( GEOMETRIC_REPRESENTATION_CONTEXT(2) 
PARAMETRIC_REPRESENTATION_CONTEXT() REPRESENTATION_CONTEXT('2D SPACE',''
  ) );
#4690 = ORIENTED_EDGE('',*,*,#3367,.F.);
#4691 = ORIENTED_EDGE('',*,*,#4692,.F.);
#4692 = EDGE_CURVE('',#4494,#3368,#4693,.T.);
#4693 = SURFACE_CURVE('',#4694,(#4698,#4705),.PCURVE_S1.);
#4694 = LINE('',#4695,#4696);
#4695 = CARTESIAN_POINT('',(148.,157.,145.9));
#4696 = VECTOR('',#4697,1.);
#4697 = DIRECTION('',(0.,0.,1.));
#4698 = PCURVE('',#534,#4699);
#4699 = DEFINITIONAL_REPRESENTATION('',(#4700),#4704);
#4700 = LINE('',#4701,#4702);
#4701 = CARTESIAN_POINT('',(26.,0.));
#4702 = VECTOR('',#4703,1.);
#4703 = DIRECTION('',(0.,-1.));
#4704 = ( GEOMETRIC_REPRESENTATION_CONTEXT(2) 
PARAMETRIC_REPRESENTATION_CONTEXT() REPRESENTATION_CONTEXT('2D SPACE',''
  ) );
#4705 = PCURVE('',#2121,#4706);
#4706 = DEFINITIONAL_REPRESENTATION('',(#4707),#4711);
#4707 = LINE('',#4708,#4709);
#4708 = CARTESIAN_POINT('',(0.,0.));
#4709 = VECTOR('',#4710,1.);
#4710 = DIRECTION('',(0.,-1.));
#4711 = ( GEOMETRIC_REPRESENTATION_CONTEXT(2) 
PARAMETRIC_REPRESENTATION_CONTEXT() REPRESENTATION_CONTEXT('2D SPACE',''
  ) );
#4712 = ADVANCED_FACE('',(#4713),#506,.F.);
#4713 = FACE_BOUND('',#4714,.F.);
#4714 = EDGE_LOOP('',(#4715,#4716,#4735,#4736));
#4715 = ORIENTED_EDGE('',*,*,#485,.F.);
#4716 = ORIENTED_EDGE('',*,*,#4717,.F.);
#4717 = EDGE_CURVE('',#3312,#453,#4718,.T.);
#4718 = SURFACE_CURVE('',#4719,(#4723,#4729),.PCURVE_S1.);
#4719 = LINE('',#4720,#4721);
#4720 = CARTESIAN_POINT('',(146.,185.,145.9));
#4721 = VECTOR('',#4722,1.);
#4722 = DIRECTION('',(0.,0.,-1.));
#4723 = PCURVE('',#506,#4724);
#4724 = DEFINITIONAL_REPRESENTATION('',(#4725),#4728);
#4725 = B_SPLINE_CURVE_WITH_KNOTS('',1,(#4726,#4727),.UNSPECIFIED.,.F.,
  .F.,(2,2),(-5.1000006,-9.99994E-02),.PIECEWISE_BEZIER_KNOTS.);
#4726 = CARTESIAN_POINT('',(1.570796326795,-5.1000006));
#4727 = CARTESIAN_POINT('',(1.570796326795,-9.99994E-02));
#4728 = ( GEOMETRIC_REPRESENTATION_CONTEXT(2) 
PARAMETRIC_REPRESENTATION_CONTEXT() REPRESENTATION_CONTEXT('2D SPACE',''
  ) );
#4729 = PCURVE('',#473,#4730);
#4730 = DEFINITIONAL_REPRESENTATION('',(#4731),#4734);
#4731 = B_SPLINE_CURVE_WITH_KNOTS('',1,(#4732,#4733),.UNSPECIFIED.,.F.,
  .F.,(2,2),(-5.1000006,-9.99994E-02),.PIECEWISE_BEZIER_KNOTS.);
#4732 = CARTESIAN_POINT('',(1.570796326795,-5.1000006));
#4733 = CARTESIAN_POINT('',(1.570796326795,-9.99994E-02));
#4734 = ( GEOMETRIC_REPRESENTATION_CONTEXT(2) 
PARAMETRIC_REPRESENTATION_CONTEXT() REPRESENTATION_CONTEXT('2D SPACE',''
  ) );
#4735 = ORIENTED_EDGE('',*,*,#3339,.T.);
#4736 = ORIENTED_EDGE('',*,*,#4670,.F.);
#4737 = ADVANCED_FACE('',(#4738),#473,.F.);
#4738 = FACE_BOUND('',#4739,.F.);
#4739 = EDGE_LOOP('',(#4740,#4741,#4762,#4763));
#4740 = ORIENTED_EDGE('',*,*,#452,.F.);
#4741 = ORIENTED_EDGE('',*,*,#4742,.T.);
#4742 = EDGE_CURVE('',#425,#3287,#4743,.T.);
#4743 = SURFACE_CURVE('',#4744,(#4748,#4755),.PCURVE_S1.);
#4744 = LINE('',#4745,#4746);
#4745 = CARTESIAN_POINT('',(144.,183.,145.9));
#4746 = VECTOR('',#4747,1.);
#4747 = DIRECTION('',(0.,0.,1.));
#4748 = PCURVE('',#473,#4749);
#4749 = DEFINITIONAL_REPRESENTATION('',(#4750),#4754);
#4750 = LINE('',#4751,#4752);
#4751 = CARTESIAN_POINT('',(0.,0.));
#4752 = VECTOR('',#4753,1.);
#4753 = DIRECTION('',(0.,-1.));
#4754 = ( GEOMETRIC_REPRESENTATION_CONTEXT(2) 
PARAMETRIC_REPRESENTATION_CONTEXT() REPRESENTATION_CONTEXT('2D SPACE',''
  ) );
#4755 = PCURVE('',#440,#4756);
#4756 = DEFINITIONAL_REPRESENTATION('',(#4757),#4761);
#4757 = LINE('',#4758,#4759);
#4758 = CARTESIAN_POINT('',(26.,0.));
#4759 = VECTOR('',#4760,1.);
#4760 = DIRECTION('',(0.,-1.));
#4761 = ( GEOMETRIC_REPRESENTATION_CONTEXT(2) 
PARAMETRIC_REPRESENTATION_CONTEXT() REPRESENTATION_CONTEXT('2D SPACE',''
  ) );
#4762 = ORIENTED_EDGE('',*,*,#3311,.T.);
#4763 = ORIENTED_EDGE('',*,*,#4717,.T.);
#4764 = ADVANCED_FACE('',(#4765),#440,.F.);
#4765 = FACE_BOUND('',#4766,.F.);
#4766 = EDGE_LOOP('',(#4767,#4768,#4769,#4770,#4791));
#4767 = ORIENTED_EDGE('',*,*,#4742,.F.);
#4768 = ORIENTED_EDGE('',*,*,#424,.T.);
#4769 = ORIENTED_EDGE('',*,*,#2174,.F.);
#4770 = ORIENTED_EDGE('',*,*,#4771,.T.);
#4771 = EDGE_CURVE('',#2024,#3289,#4772,.T.);
#4772 = SURFACE_CURVE('',#4773,(#4777,#4784),.PCURVE_S1.);
#4773 = LINE('',#4774,#4775);
#4774 = CARTESIAN_POINT('',(144.,157.,145.9));
#4775 = VECTOR('',#4776,1.);
#4776 = DIRECTION('',(0.,0.,1.));
#4777 = PCURVE('',#440,#4778);
#4778 = DEFINITIONAL_REPRESENTATION('',(#4779),#4783);
#4779 = LINE('',#4780,#4781);
#4780 = CARTESIAN_POINT('',(0.,0.));
#4781 = VECTOR('',#4782,1.);
#4782 = DIRECTION('',(0.,-1.));
#4783 = ( GEOMETRIC_REPRESENTATION_CONTEXT(2) 
PARAMETRIC_REPRESENTATION_CONTEXT() REPRESENTATION_CONTEXT('2D SPACE',''
  ) );
#4784 = PCURVE('',#2121,#4785);
#4785 = DEFINITIONAL_REPRESENTATION('',(#4786),#4790);
#4786 = LINE('',#4787,#4788);
#4787 = CARTESIAN_POINT('',(3.14159265359,0.));
#4788 = VECTOR('',#4789,1.);
#4789 = DIRECTION('',(0.,-1.));
#4790 = ( GEOMETRIC_REPRESENTATION_CONTEXT(2) 
PARAMETRIC_REPRESENTATION_CONTEXT() REPRESENTATION_CONTEXT('2D SPACE',''
  ) );
#4791 = ORIENTED_EDGE('',*,*,#3286,.F.);
#4792 = ADVANCED_FACE('',(#4793),#391,.F.);
#4793 = FACE_BOUND('',#4794,.F.);
#4794 = EDGE_LOOP('',(#4795,#4796,#4817,#4818,#4819,#4820));
#4795 = ORIENTED_EDGE('',*,*,#2226,.T.);
#4796 = ORIENTED_EDGE('',*,*,#4797,.T.);
#4797 = EDGE_CURVE('',#2198,#2977,#4798,.T.);
#4798 = SEAM_CURVE('',#4799,(#4803,#4810),.PCURVE_S1.);
#4799 = LINE('',#4800,#4801);
#4800 = CARTESIAN_POINT('',(137.7,157.,145.9));
#4801 = VECTOR('',#4802,1.);
#4802 = DIRECTION('',(0.,0.,1.));
#4803 = PCURVE('',#391,#4804);
#4804 = DEFINITIONAL_REPRESENTATION('',(#4805),#4809);
#4805 = LINE('',#4806,#4807);
#4806 = CARTESIAN_POINT('',(0.,-0.));
#4807 = VECTOR('',#4808,1.);
#4808 = DIRECTION('',(0.,1.));
#4809 = ( GEOMETRIC_REPRESENTATION_CONTEXT(2) 
PARAMETRIC_REPRESENTATION_CONTEXT() REPRESENTATION_CONTEXT('2D SPACE',''
  ) );
#4810 = PCURVE('',#391,#4811);
#4811 = DEFINITIONAL_REPRESENTATION('',(#4812),#4816);
#4812 = LINE('',#4813,#4814);
#4813 = CARTESIAN_POINT('',(6.28318530718,-0.));
#4814 = VECTOR('',#4815,1.);
#4815 = DIRECTION('',(0.,1.));
#4816 = ( GEOMETRIC_REPRESENTATION_CONTEXT(2) 
PARAMETRIC_REPRESENTATION_CONTEXT() REPRESENTATION_CONTEXT('2D SPACE',''
  ) );
#4817 = ORIENTED_EDGE('',*,*,#2976,.F.);
#4818 = ORIENTED_EDGE('',*,*,#4797,.F.);
#4819 = ORIENTED_EDGE('',*,*,#2197,.T.);
#4820 = ORIENTED_EDGE('',*,*,#374,.T.);
#4821 = ADVANCED_FACE('',(#4822),#1295,.F.);
#4822 = FACE_BOUND('',#4823,.F.);
#4823 = EDGE_LOOP('',(#4824,#4825,#4846,#4847));
#4824 = ORIENTED_EDGE('',*,*,#3260,.F.);
#4825 = ORIENTED_EDGE('',*,*,#4826,.F.);
#4826 = EDGE_CURVE('',#1279,#3261,#4827,.T.);
#4827 = SEAM_CURVE('',#4828,(#4832,#4839),.PCURVE_S1.);
#4828 = LINE('',#4829,#4830);
#4829 = CARTESIAN_POINT('',(213.7,157.,145.9));
#4830 = VECTOR('',#4831,1.);
#4831 = DIRECTION('',(0.,0.,1.));
#4832 = PCURVE('',#1295,#4833);
#4833 = DEFINITIONAL_REPRESENTATION('',(#4834),#4838);
#4834 = LINE('',#4835,#4836);
#4835 = CARTESIAN_POINT('',(6.28318530718,-0.));
#4836 = VECTOR('',#4837,1.);
#4837 = DIRECTION('',(0.,1.));
#4838 = ( GEOMETRIC_REPRESENTATION_CONTEXT(2) 
PARAMETRIC_REPRESENTATION_CONTEXT() REPRESENTATION_CONTEXT('2D SPACE',''
  ) );
#4839 = PCURVE('',#1295,#4840);
#4840 = DEFINITIONAL_REPRESENTATION('',(#4841),#4845);
#4841 = LINE('',#4842,#4843);
#4842 = CARTESIAN_POINT('',(0.,-0.));
#4843 = VECTOR('',#4844,1.);
#4844 = DIRECTION('',(0.,1.));
#4845 = ( GEOMETRIC_REPRESENTATION_CONTEXT(2) 
PARAMETRIC_REPRESENTATION_CONTEXT() REPRESENTATION_CONTEXT('2D SPACE',''
  ) );
#4846 = ORIENTED_EDGE('',*,*,#1278,.T.);
#4847 = ORIENTED_EDGE('',*,*,#4826,.T.);
#4848 = ADVANCED_FACE('',(#4849),#1327,.F.);
#4849 = FACE_BOUND('',#4850,.F.);
#4850 = EDGE_LOOP('',(#4851,#4852,#4873,#4874));
#4851 = ORIENTED_EDGE('',*,*,#1309,.T.);
#4852 = ORIENTED_EDGE('',*,*,#4853,.T.);
#4853 = EDGE_CURVE('',#1312,#3638,#4854,.T.);
#4854 = SURFACE_CURVE('',#4855,(#4859,#4866),.PCURVE_S1.);
#4855 = LINE('',#4856,#4857);
#4856 = CARTESIAN_POINT('',(200.,157.,145.9));
#4857 = VECTOR('',#4858,1.);
#4858 = DIRECTION('',(0.,0.,1.));
#4859 = PCURVE('',#1327,#4860);
#4860 = DEFINITIONAL_REPRESENTATION('',(#4861),#4865);
#4861 = LINE('',#4862,#4863);
#4862 = CARTESIAN_POINT('',(0.,0.));
#4863 = VECTOR('',#4864,1.);
#4864 = DIRECTION('',(0.,-1.));
#4865 = ( GEOMETRIC_REPRESENTATION_CONTEXT(2) 
PARAMETRIC_REPRESENTATION_CONTEXT() REPRESENTATION_CONTEXT('2D SPACE',''
  ) );
#4866 = PCURVE('',#1452,#4867);
#4867 = DEFINITIONAL_REPRESENTATION('',(#4868),#4872);
#4868 = LINE('',#4869,#4870);
#4869 = CARTESIAN_POINT('',(3.14159265359,0.));
#4870 = VECTOR('',#4871,1.);
#4871 = DIRECTION('',(0.,-1.));
#4872 = ( GEOMETRIC_REPRESENTATION_CONTEXT(2) 
PARAMETRIC_REPRESENTATION_CONTEXT() REPRESENTATION_CONTEXT('2D SPACE',''
  ) );
#4873 = ORIENTED_EDGE('',*,*,#3635,.F.);
#4874 = ORIENTED_EDGE('',*,*,#4875,.F.);
#4875 = EDGE_CURVE('',#1310,#3636,#4876,.T.);
#4876 = SURFACE_CURVE('',#4877,(#4881,#4888),.PCURVE_S1.);
#4877 = LINE('',#4878,#4879);
#4878 = CARTESIAN_POINT('',(200.,183.,145.9));
#4879 = VECTOR('',#4880,1.);
#4880 = DIRECTION('',(0.,0.,1.));
#4881 = PCURVE('',#1327,#4882);
#4882 = DEFINITIONAL_REPRESENTATION('',(#4883),#4887);
#4883 = LINE('',#4884,#4885);
#4884 = CARTESIAN_POINT('',(26.,0.));
#4885 = VECTOR('',#4886,1.);
#4886 = DIRECTION('',(0.,-1.));
#4887 = ( GEOMETRIC_REPRESENTATION_CONTEXT(2) 
PARAMETRIC_REPRESENTATION_CONTEXT() REPRESENTATION_CONTEXT('2D SPACE',''
  ) );
#4888 = PCURVE('',#1360,#4889);
#4889 = DEFINITIONAL_REPRESENTATION('',(#4890),#4894);
#4890 = LINE('',#4891,#4892);
#4891 = CARTESIAN_POINT('',(0.,0.));
#4892 = VECTOR('',#4893,1.);
#4893 = DIRECTION('',(0.,-1.));
#4894 = ( GEOMETRIC_REPRESENTATION_CONTEXT(2) 
PARAMETRIC_REPRESENTATION_CONTEXT() REPRESENTATION_CONTEXT('2D SPACE',''
  ) );
#4895 = ADVANCED_FACE('',(#4896),#1452,.F.);
#4896 = FACE_BOUND('',#4897,.F.);
#4897 = EDGE_LOOP('',(#4898,#4899,#4920,#4921));
#4898 = ORIENTED_EDGE('',*,*,#1433,.F.);
#4899 = ORIENTED_EDGE('',*,*,#4900,.T.);
#4900 = EDGE_CURVE('',#1406,#3717,#4901,.T.);
#4901 = SURFACE_CURVE('',#4902,(#4906,#4913),.PCURVE_S1.);
#4902 = LINE('',#4903,#4904);
#4903 = CARTESIAN_POINT('',(204.,157.,145.9));
#4904 = VECTOR('',#4905,1.);
#4905 = DIRECTION('',(0.,0.,1.));
#4906 = PCURVE('',#1452,#4907);
#4907 = DEFINITIONAL_REPRESENTATION('',(#4908),#4912);
#4908 = LINE('',#4909,#4910);
#4909 = CARTESIAN_POINT('',(0.,0.));
#4910 = VECTOR('',#4911,1.);
#4911 = DIRECTION('',(0.,-1.));
#4912 = ( GEOMETRIC_REPRESENTATION_CONTEXT(2) 
PARAMETRIC_REPRESENTATION_CONTEXT() REPRESENTATION_CONTEXT('2D SPACE',''
  ) );
#4913 = PCURVE('',#1421,#4914);
#4914 = DEFINITIONAL_REPRESENTATION('',(#4915),#4919);
#4915 = LINE('',#4916,#4917);
#4916 = CARTESIAN_POINT('',(26.,0.));
#4917 = VECTOR('',#4918,1.);
#4918 = DIRECTION('',(0.,-1.));
#4919 = ( GEOMETRIC_REPRESENTATION_CONTEXT(2) 
PARAMETRIC_REPRESENTATION_CONTEXT() REPRESENTATION_CONTEXT('2D SPACE',''
  ) );
#4920 = ORIENTED_EDGE('',*,*,#3739,.T.);
#4921 = ORIENTED_EDGE('',*,*,#4853,.F.);
#4922 = ADVANCED_FACE('',(#4923),#1421,.F.);
#4923 = FACE_BOUND('',#4924,.F.);
#4924 = EDGE_LOOP('',(#4925,#4926,#4947,#4948));
#4925 = ORIENTED_EDGE('',*,*,#1405,.T.);
#4926 = ORIENTED_EDGE('',*,*,#4927,.T.);
#4927 = EDGE_CURVE('',#1373,#3689,#4928,.T.);
#4928 = SURFACE_CURVE('',#4929,(#4933,#4940),.PCURVE_S1.);
#4929 = LINE('',#4930,#4931);
#4930 = CARTESIAN_POINT('',(204.,183.,145.9));
#4931 = VECTOR('',#4932,1.);
#4932 = DIRECTION('',(0.,0.,1.));
#4933 = PCURVE('',#1421,#4934);
#4934 = DEFINITIONAL_REPRESENTATION('',(#4935),#4939);
#4935 = LINE('',#4936,#4937);
#4936 = CARTESIAN_POINT('',(0.,0.));
#4937 = VECTOR('',#4938,1.);
#4938 = DIRECTION('',(0.,-1.));
#4939 = ( GEOMETRIC_REPRESENTATION_CONTEXT(2) 
PARAMETRIC_REPRESENTATION_CONTEXT() REPRESENTATION_CONTEXT('2D SPACE',''
  ) );
#4940 = PCURVE('',#1393,#4941);
#4941 = DEFINITIONAL_REPRESENTATION('',(#4942),#4946);
#4942 = LINE('',#4943,#4944);
#4943 = CARTESIAN_POINT('',(3.14159265359,0.));
#4944 = VECTOR('',#4945,1.);
#4945 = DIRECTION('',(0.,-1.));
#4946 = ( GEOMETRIC_REPRESENTATION_CONTEXT(2) 
PARAMETRIC_REPRESENTATION_CONTEXT() REPRESENTATION_CONTEXT('2D SPACE',''
  ) );
#4947 = ORIENTED_EDGE('',*,*,#3716,.F.);
#4948 = ORIENTED_EDGE('',*,*,#4900,.F.);
#4949 = ADVANCED_FACE('',(#4950),#1393,.F.);
#4950 = FACE_BOUND('',#4951,.F.);
#4951 = EDGE_LOOP('',(#4952,#4953,#4972,#4973));
#4952 = ORIENTED_EDGE('',*,*,#1372,.F.);
#4953 = ORIENTED_EDGE('',*,*,#4954,.F.);
#4954 = EDGE_CURVE('',#3661,#1340,#4955,.T.);
#4955 = SURFACE_CURVE('',#4956,(#4960,#4966),.PCURVE_S1.);
#4956 = LINE('',#4957,#4958);
#4957 = CARTESIAN_POINT('',(202.,185.,145.9));
#4958 = VECTOR('',#4959,1.);
#4959 = DIRECTION('',(0.,0.,-1.));
#4960 = PCURVE('',#1393,#4961);
#4961 = DEFINITIONAL_REPRESENTATION('',(#4962),#4965);
#4962 = B_SPLINE_CURVE_WITH_KNOTS('',1,(#4963,#4964),.UNSPECIFIED.,.F.,
  .F.,(2,2),(-5.1000006,-9.99994E-02),.PIECEWISE_BEZIER_KNOTS.);
#4963 = CARTESIAN_POINT('',(1.570796326795,-5.1000006));
#4964 = CARTESIAN_POINT('',(1.570796326795,-9.99994E-02));
#4965 = ( GEOMETRIC_REPRESENTATION_CONTEXT(2) 
PARAMETRIC_REPRESENTATION_CONTEXT() REPRESENTATION_CONTEXT('2D SPACE',''
  ) );
#4966 = PCURVE('',#1360,#4967);
#4967 = DEFINITIONAL_REPRESENTATION('',(#4968),#4971);
#4968 = B_SPLINE_CURVE_WITH_KNOTS('',1,(#4969,#4970),.UNSPECIFIED.,.F.,
  .F.,(2,2),(-5.1000006,-9.99994E-02),.PIECEWISE_BEZIER_KNOTS.);
#4969 = CARTESIAN_POINT('',(1.570796326795,-5.1000006));
#4970 = CARTESIAN_POINT('',(1.570796326795,-9.99994E-02));
#4971 = ( GEOMETRIC_REPRESENTATION_CONTEXT(2) 
PARAMETRIC_REPRESENTATION_CONTEXT() REPRESENTATION_CONTEXT('2D SPACE',''
  ) );
#4972 = ORIENTED_EDGE('',*,*,#3688,.T.);
#4973 = ORIENTED_EDGE('',*,*,#4927,.F.);
#4974 = ADVANCED_FACE('',(#4975),#1360,.F.);
#4975 = FACE_BOUND('',#4976,.F.);
#4976 = EDGE_LOOP('',(#4977,#4978,#4979,#4980));
#4977 = ORIENTED_EDGE('',*,*,#1339,.F.);
#4978 = ORIENTED_EDGE('',*,*,#4875,.T.);
#4979 = ORIENTED_EDGE('',*,*,#3660,.T.);
#4980 = ORIENTED_EDGE('',*,*,#4954,.T.);
#4981 = ADVANCED_FACE('',(#4982),#1483,.F.);
#4982 = FACE_BOUND('',#4983,.F.);
#4983 = EDGE_LOOP('',(#4984,#4985,#5006,#5007));
#4984 = ORIENTED_EDGE('',*,*,#3418,.F.);
#4985 = ORIENTED_EDGE('',*,*,#4986,.F.);
#4986 = EDGE_CURVE('',#1467,#3419,#4987,.T.);
#4987 = SEAM_CURVE('',#4988,(#4992,#4999),.PCURVE_S1.);
#4988 = LINE('',#4989,#4990);
#4989 = CARTESIAN_POINT('',(137.7,184.,145.9));
#4990 = VECTOR('',#4991,1.);
#4991 = DIRECTION('',(0.,0.,1.));
#4992 = PCURVE('',#1483,#4993);
#4993 = DEFINITIONAL_REPRESENTATION('',(#4994),#4998);
#4994 = LINE('',#4995,#4996);
#4995 = CARTESIAN_POINT('',(6.28318530718,-0.));
#4996 = VECTOR('',#4997,1.);
#4997 = DIRECTION('',(0.,1.));
#4998 = ( GEOMETRIC_REPRESENTATION_CONTEXT(2) 
PARAMETRIC_REPRESENTATION_CONTEXT() REPRESENTATION_CONTEXT('2D SPACE',''
  ) );
#4999 = PCURVE('',#1483,#5000);
#5000 = DEFINITIONAL_REPRESENTATION('',(#5001),#5005);
#5001 = LINE('',#5002,#5003);
#5002 = CARTESIAN_POINT('',(0.,-0.));
#5003 = VECTOR('',#5004,1.);
#5004 = DIRECTION('',(0.,1.));
#5005 = ( GEOMETRIC_REPRESENTATION_CONTEXT(2) 
PARAMETRIC_REPRESENTATION_CONTEXT() REPRESENTATION_CONTEXT('2D SPACE',''
  ) );
#5006 = ORIENTED_EDGE('',*,*,#1466,.T.);
#5007 = ORIENTED_EDGE('',*,*,#4986,.T.);
#5008 = ADVANCED_FACE('',(#5009),#1512,.T.);
#5009 = FACE_BOUND('',#5010,.T.);
#5010 = EDGE_LOOP('',(#5011,#5032,#5033,#5034));
#5011 = ORIENTED_EDGE('',*,*,#5012,.F.);
#5012 = EDGE_CURVE('',#1498,#3445,#5013,.T.);
#5013 = SURFACE_CURVE('',#5014,(#5018,#5025),.PCURVE_S1.);
#5014 = LINE('',#5015,#5016);
#5015 = CARTESIAN_POINT('',(156.6,185.,143.));
#5016 = VECTOR('',#5017,1.);
#5017 = DIRECTION('',(0.,0.,1.));
#5018 = PCURVE('',#1512,#5019);
#5019 = DEFINITIONAL_REPRESENTATION('',(#5020),#5024);
#5020 = LINE('',#5021,#5022);
#5021 = CARTESIAN_POINT('',(0.,11.2));
#5022 = VECTOR('',#5023,1.);
#5023 = DIRECTION('',(1.,0.));
#5024 = ( GEOMETRIC_REPRESENTATION_CONTEXT(2) 
PARAMETRIC_REPRESENTATION_CONTEXT() REPRESENTATION_CONTEXT('2D SPACE',''
  ) );
#5025 = PCURVE('',#1614,#5026);
#5026 = DEFINITIONAL_REPRESENTATION('',(#5027),#5031);
#5027 = LINE('',#5028,#5029);
#5028 = CARTESIAN_POINT('',(0.,0.));
#5029 = VECTOR('',#5030,1.);
#5030 = DIRECTION('',(1.,0.));
#5031 = ( GEOMETRIC_REPRESENTATION_CONTEXT(2) 
PARAMETRIC_REPRESENTATION_CONTEXT() REPRESENTATION_CONTEXT('2D SPACE',''
  ) );
#5032 = ORIENTED_EDGE('',*,*,#1497,.T.);
#5033 = ORIENTED_EDGE('',*,*,#4717,.F.);
#5034 = ORIENTED_EDGE('',*,*,#3444,.F.);
#5035 = ADVANCED_FACE('',(#5036),#1614,.F.);
#5036 = FACE_BOUND('',#5037,.F.);
#5037 = EDGE_LOOP('',(#5038,#5039,#5040,#5061));
#5038 = ORIENTED_EDGE('',*,*,#5012,.F.);
#5039 = ORIENTED_EDGE('',*,*,#1601,.T.);
#5040 = ORIENTED_EDGE('',*,*,#5041,.T.);
#5041 = EDGE_CURVE('',#1576,#3508,#5042,.T.);
#5042 = SURFACE_CURVE('',#5043,(#5047,#5054),.PCURVE_S1.);
#5043 = LINE('',#5044,#5045);
#5044 = CARTESIAN_POINT('',(156.6,188.4,143.));
#5045 = VECTOR('',#5046,1.);
#5046 = DIRECTION('',(0.,0.,1.));
#5047 = PCURVE('',#1614,#5048);
#5048 = DEFINITIONAL_REPRESENTATION('',(#5049),#5053);
#5049 = LINE('',#5050,#5051);
#5050 = CARTESIAN_POINT('',(0.,-3.4));
#5051 = VECTOR('',#5052,1.);
#5052 = DIRECTION('',(1.,0.));
#5053 = ( GEOMETRIC_REPRESENTATION_CONTEXT(2) 
PARAMETRIC_REPRESENTATION_CONTEXT() REPRESENTATION_CONTEXT('2D SPACE',''
  ) );
#5054 = PCURVE('',#1590,#5055);
#5055 = DEFINITIONAL_REPRESENTATION('',(#5056),#5060);
#5056 = LINE('',#5057,#5058);
#5057 = CARTESIAN_POINT('',(0.,11.2));
#5058 = VECTOR('',#5059,1.);
#5059 = DIRECTION('',(1.,0.));
#5060 = ( GEOMETRIC_REPRESENTATION_CONTEXT(2) 
PARAMETRIC_REPRESENTATION_CONTEXT() REPRESENTATION_CONTEXT('2D SPACE',''
  ) );
#5061 = ORIENTED_EDGE('',*,*,#3528,.F.);
#5062 = ADVANCED_FACE('',(#5063),#1590,.F.);
#5063 = FACE_BOUND('',#5064,.F.);
#5064 = EDGE_LOOP('',(#5065,#5066,#5067,#5088));
#5065 = ORIENTED_EDGE('',*,*,#5041,.F.);
#5066 = ORIENTED_EDGE('',*,*,#1575,.T.);
#5067 = ORIENTED_EDGE('',*,*,#5068,.T.);
#5068 = EDGE_CURVE('',#1550,#3487,#5069,.T.);
#5069 = SURFACE_CURVE('',#5070,(#5074,#5081),.PCURVE_S1.);
#5070 = LINE('',#5071,#5072);
#5071 = CARTESIAN_POINT('',(145.4,188.4,143.));
#5072 = VECTOR('',#5073,1.);
#5073 = DIRECTION('',(0.,0.,1.));
#5074 = PCURVE('',#1590,#5075);
#5075 = DEFINITIONAL_REPRESENTATION('',(#5076),#5080);
#5076 = LINE('',#5077,#5078);
#5077 = CARTESIAN_POINT('',(0.,0.));
#5078 = VECTOR('',#5079,1.);
#5079 = DIRECTION('',(1.,0.));
#5080 = ( GEOMETRIC_REPRESENTATION_CONTEXT(2) 
PARAMETRIC_REPRESENTATION_CONTEXT() REPRESENTATION_CONTEXT('2D SPACE',''
  ) );
#5081 = PCURVE('',#1564,#5082);
#5082 = DEFINITIONAL_REPRESENTATION('',(#5083),#5087);
#5083 = LINE('',#5084,#5085);
#5084 = CARTESIAN_POINT('',(0.,-3.4));
#5085 = VECTOR('',#5086,1.);
#5086 = DIRECTION('',(1.,0.));
#5087 = ( GEOMETRIC_REPRESENTATION_CONTEXT(2) 
PARAMETRIC_REPRESENTATION_CONTEXT() REPRESENTATION_CONTEXT('2D SPACE',''
  ) );
#5088 = ORIENTED_EDGE('',*,*,#3507,.F.);
#5089 = ADVANCED_FACE('',(#5090),#1564,.T.);
#5090 = FACE_BOUND('',#5091,.T.);
#5091 = EDGE_LOOP('',(#5092,#5113,#5114,#5115));
#5092 = ORIENTED_EDGE('',*,*,#5093,.F.);
#5093 = EDGE_CURVE('',#1524,#3466,#5094,.T.);
#5094 = SURFACE_CURVE('',#5095,(#5099,#5106),.PCURVE_S1.);
#5095 = LINE('',#5096,#5097);
#5096 = CARTESIAN_POINT('',(145.4,185.,143.));
#5097 = VECTOR('',#5098,1.);
#5098 = DIRECTION('',(0.,0.,1.));
#5099 = PCURVE('',#1564,#5100);
#5100 = DEFINITIONAL_REPRESENTATION('',(#5101),#5105);
#5101 = LINE('',#5102,#5103);
#5102 = CARTESIAN_POINT('',(0.,0.));
#5103 = VECTOR('',#5104,1.);
#5104 = DIRECTION('',(1.,0.));
#5105 = ( GEOMETRIC_REPRESENTATION_CONTEXT(2) 
PARAMETRIC_REPRESENTATION_CONTEXT() REPRESENTATION_CONTEXT('2D SPACE',''
  ) );
#5106 = PCURVE('',#1538,#5107);
#5107 = DEFINITIONAL_REPRESENTATION('',(#5108),#5112);
#5108 = LINE('',#5109,#5110);
#5109 = CARTESIAN_POINT('',(0.,0.));
#5110 = VECTOR('',#5111,1.);
#5111 = DIRECTION('',(1.,0.));
#5112 = ( GEOMETRIC_REPRESENTATION_CONTEXT(2) 
PARAMETRIC_REPRESENTATION_CONTEXT() REPRESENTATION_CONTEXT('2D SPACE',''
  ) );
#5113 = ORIENTED_EDGE('',*,*,#1549,.T.);
#5114 = ORIENTED_EDGE('',*,*,#5068,.T.);
#5115 = ORIENTED_EDGE('',*,*,#3486,.F.);
#5116 = ADVANCED_FACE('',(#5117),#1538,.T.);
#5117 = FACE_BOUND('',#5118,.T.);
#5118 = EDGE_LOOP('',(#5119,#5120,#5121,#5122));
#5119 = ORIENTED_EDGE('',*,*,#1523,.T.);
#5120 = ORIENTED_EDGE('',*,*,#5093,.T.);
#5121 = ORIENTED_EDGE('',*,*,#3465,.F.);
#5122 = ORIENTED_EDGE('',*,*,#4717,.T.);
#5123 = ADVANCED_FACE('',(#5124),#1644,.T.);
#5124 = FACE_BOUND('',#5125,.T.);
#5125 = EDGE_LOOP('',(#5126,#5147,#5148,#5169));
#5126 = ORIENTED_EDGE('',*,*,#5127,.F.);
#5127 = EDGE_CURVE('',#1628,#3550,#5128,.T.);
#5128 = SURFACE_CURVE('',#5129,(#5133,#5140),.PCURVE_S1.);
#5129 = LINE('',#5130,#5131);
#5130 = CARTESIAN_POINT('',(171.6,184.8,143.));
#5131 = VECTOR('',#5132,1.);
#5132 = DIRECTION('',(0.,0.,1.));
#5133 = PCURVE('',#1644,#5134);
#5134 = DEFINITIONAL_REPRESENTATION('',(#5135),#5139);
#5135 = LINE('',#5136,#5137);
#5136 = CARTESIAN_POINT('',(0.,11.2));
#5137 = VECTOR('',#5138,1.);
#5138 = DIRECTION('',(1.,0.));
#5139 = ( GEOMETRIC_REPRESENTATION_CONTEXT(2) 
PARAMETRIC_REPRESENTATION_CONTEXT() REPRESENTATION_CONTEXT('2D SPACE',''
  ) );
#5140 = PCURVE('',#1720,#5141);
#5141 = DEFINITIONAL_REPRESENTATION('',(#5142),#5146);
#5142 = LINE('',#5143,#5144);
#5143 = CARTESIAN_POINT('',(0.,0.));
#5144 = VECTOR('',#5145,1.);
#5145 = DIRECTION('',(1.,0.));
#5146 = ( GEOMETRIC_REPRESENTATION_CONTEXT(2) 
PARAMETRIC_REPRESENTATION_CONTEXT() REPRESENTATION_CONTEXT('2D SPACE',''
  ) );
#5147 = ORIENTED_EDGE('',*,*,#1627,.T.);
#5148 = ORIENTED_EDGE('',*,*,#5149,.T.);
#5149 = EDGE_CURVE('',#1630,#3552,#5150,.T.);
#5150 = SURFACE_CURVE('',#5151,(#5155,#5162),.PCURVE_S1.);
#5151 = LINE('',#5152,#5153);
#5152 = CARTESIAN_POINT('',(160.4,184.8,143.));
#5153 = VECTOR('',#5154,1.);
#5154 = DIRECTION('',(0.,0.,1.));
#5155 = PCURVE('',#1644,#5156);
#5156 = DEFINITIONAL_REPRESENTATION('',(#5157),#5161);
#5157 = LINE('',#5158,#5159);
#5158 = CARTESIAN_POINT('',(0.,0.));
#5159 = VECTOR('',#5160,1.);
#5160 = DIRECTION('',(1.,0.));
#5161 = ( GEOMETRIC_REPRESENTATION_CONTEXT(2) 
PARAMETRIC_REPRESENTATION_CONTEXT() REPRESENTATION_CONTEXT('2D SPACE',''
  ) );
#5162 = PCURVE('',#1670,#5163);
#5163 = DEFINITIONAL_REPRESENTATION('',(#5164),#5168);
#5164 = LINE('',#5165,#5166);
#5165 = CARTESIAN_POINT('',(0.,0.));
#5166 = VECTOR('',#5167,1.);
#5167 = DIRECTION('',(1.,0.));
#5168 = ( GEOMETRIC_REPRESENTATION_CONTEXT(2) 
PARAMETRIC_REPRESENTATION_CONTEXT() REPRESENTATION_CONTEXT('2D SPACE',''
  ) );
#5169 = ORIENTED_EDGE('',*,*,#3549,.F.);
#5170 = ADVANCED_FACE('',(#5171),#1720,.F.);
#5171 = FACE_BOUND('',#5172,.F.);
#5172 = EDGE_LOOP('',(#5173,#5174,#5175,#5196));
#5173 = ORIENTED_EDGE('',*,*,#5127,.F.);
#5174 = ORIENTED_EDGE('',*,*,#1707,.T.);
#5175 = ORIENTED_EDGE('',*,*,#5176,.T.);
#5176 = EDGE_CURVE('',#1682,#3594,#5177,.T.);
#5177 = SURFACE_CURVE('',#5178,(#5182,#5189),.PCURVE_S1.);
#5178 = LINE('',#5179,#5180);
#5179 = CARTESIAN_POINT('',(171.6,188.2,143.));
#5180 = VECTOR('',#5181,1.);
#5181 = DIRECTION('',(0.,0.,1.));
#5182 = PCURVE('',#1720,#5183);
#5183 = DEFINITIONAL_REPRESENTATION('',(#5184),#5188);
#5184 = LINE('',#5185,#5186);
#5185 = CARTESIAN_POINT('',(0.,-3.4));
#5186 = VECTOR('',#5187,1.);
#5187 = DIRECTION('',(1.,0.));
#5188 = ( GEOMETRIC_REPRESENTATION_CONTEXT(2) 
PARAMETRIC_REPRESENTATION_CONTEXT() REPRESENTATION_CONTEXT('2D SPACE',''
  ) );
#5189 = PCURVE('',#1696,#5190);
#5190 = DEFINITIONAL_REPRESENTATION('',(#5191),#5195);
#5191 = LINE('',#5192,#5193);
#5192 = CARTESIAN_POINT('',(0.,11.2));
#5193 = VECTOR('',#5194,1.);
#5194 = DIRECTION('',(1.,0.));
#5195 = ( GEOMETRIC_REPRESENTATION_CONTEXT(2) 
PARAMETRIC_REPRESENTATION_CONTEXT() REPRESENTATION_CONTEXT('2D SPACE',''
  ) );
#5196 = ORIENTED_EDGE('',*,*,#3614,.F.);
#5197 = ADVANCED_FACE('',(#5198),#1670,.T.);
#5198 = FACE_BOUND('',#5199,.T.);
#5199 = EDGE_LOOP('',(#5200,#5201,#5202,#5223));
#5200 = ORIENTED_EDGE('',*,*,#5149,.F.);
#5201 = ORIENTED_EDGE('',*,*,#1655,.T.);
#5202 = ORIENTED_EDGE('',*,*,#5203,.T.);
#5203 = EDGE_CURVE('',#1656,#3573,#5204,.T.);
#5204 = SURFACE_CURVE('',#5205,(#5209,#5216),.PCURVE_S1.);
#5205 = LINE('',#5206,#5207);
#5206 = CARTESIAN_POINT('',(160.4,188.2,143.));
#5207 = VECTOR('',#5208,1.);
#5208 = DIRECTION('',(0.,0.,1.));
#5209 = PCURVE('',#1670,#5210);
#5210 = DEFINITIONAL_REPRESENTATION('',(#5211),#5215);
#5211 = LINE('',#5212,#5213);
#5212 = CARTESIAN_POINT('',(0.,-3.4));
#5213 = VECTOR('',#5214,1.);
#5214 = DIRECTION('',(1.,0.));
#5215 = ( GEOMETRIC_REPRESENTATION_CONTEXT(2) 
PARAMETRIC_REPRESENTATION_CONTEXT() REPRESENTATION_CONTEXT('2D SPACE',''
  ) );
#5216 = PCURVE('',#1696,#5217);
#5217 = DEFINITIONAL_REPRESENTATION('',(#5218),#5222);
#5218 = LINE('',#5219,#5220);
#5219 = CARTESIAN_POINT('',(0.,0.));
#5220 = VECTOR('',#5221,1.);
#5221 = DIRECTION('',(1.,0.));
#5222 = ( GEOMETRIC_REPRESENTATION_CONTEXT(2) 
PARAMETRIC_REPRESENTATION_CONTEXT() REPRESENTATION_CONTEXT('2D SPACE',''
  ) );
#5223 = ORIENTED_EDGE('',*,*,#3572,.F.);
#5224 = ADVANCED_FACE('',(#5225),#1696,.F.);
#5225 = FACE_BOUND('',#5226,.F.);
#5226 = EDGE_LOOP('',(#5227,#5228,#5229,#5230));
#5227 = ORIENTED_EDGE('',*,*,#5176,.F.);
#5228 = ORIENTED_EDGE('',*,*,#1681,.T.);
#5229 = ORIENTED_EDGE('',*,*,#5203,.T.);
#5230 = ORIENTED_EDGE('',*,*,#3593,.F.);
#5231 = ADVANCED_FACE('',(#5232),#1750,.T.);
#5232 = FACE_BOUND('',#5233,.T.);
#5233 = EDGE_LOOP('',(#5234,#5255,#5256,#5277));
#5234 = ORIENTED_EDGE('',*,*,#5235,.F.);
#5235 = EDGE_CURVE('',#1734,#3768,#5236,.T.);
#5236 = SURFACE_CURVE('',#5237,(#5241,#5248),.PCURVE_S1.);
#5237 = LINE('',#5238,#5239);
#5238 = CARTESIAN_POINT('',(190.6,184.8,143.));
#5239 = VECTOR('',#5240,1.);
#5240 = DIRECTION('',(0.,0.,1.));
#5241 = PCURVE('',#1750,#5242);
#5242 = DEFINITIONAL_REPRESENTATION('',(#5243),#5247);
#5243 = LINE('',#5244,#5245);
#5244 = CARTESIAN_POINT('',(0.,11.2));
#5245 = VECTOR('',#5246,1.);
#5246 = DIRECTION('',(1.,0.));
#5247 = ( GEOMETRIC_REPRESENTATION_CONTEXT(2) 
PARAMETRIC_REPRESENTATION_CONTEXT() REPRESENTATION_CONTEXT('2D SPACE',''
  ) );
#5248 = PCURVE('',#1826,#5249);
#5249 = DEFINITIONAL_REPRESENTATION('',(#5250),#5254);
#5250 = LINE('',#5251,#5252);
#5251 = CARTESIAN_POINT('',(0.,0.));
#5252 = VECTOR('',#5253,1.);
#5253 = DIRECTION('',(1.,0.));
#5254 = ( GEOMETRIC_REPRESENTATION_CONTEXT(2) 
PARAMETRIC_REPRESENTATION_CONTEXT() REPRESENTATION_CONTEXT('2D SPACE',''
  ) );
#5255 = ORIENTED_EDGE('',*,*,#1733,.T.);
#5256 = ORIENTED_EDGE('',*,*,#5257,.T.);
#5257 = EDGE_CURVE('',#1736,#3770,#5258,.T.);
#5258 = SURFACE_CURVE('',#5259,(#5263,#5270),.PCURVE_S1.);
#5259 = LINE('',#5260,#5261);
#5260 = CARTESIAN_POINT('',(179.4,184.8,143.));
#5261 = VECTOR('',#5262,1.);
#5262 = DIRECTION('',(0.,0.,1.));
#5263 = PCURVE('',#1750,#5264);
#5264 = DEFINITIONAL_REPRESENTATION('',(#5265),#5269);
#5265 = LINE('',#5266,#5267);
#5266 = CARTESIAN_POINT('',(0.,0.));
#5267 = VECTOR('',#5268,1.);
#5268 = DIRECTION('',(1.,0.));
#5269 = ( GEOMETRIC_REPRESENTATION_CONTEXT(2) 
PARAMETRIC_REPRESENTATION_CONTEXT() REPRESENTATION_CONTEXT('2D SPACE',''
  ) );
#5270 = PCURVE('',#1776,#5271);
#5271 = DEFINITIONAL_REPRESENTATION('',(#5272),#5276);
#5272 = LINE('',#5273,#5274);
#5273 = CARTESIAN_POINT('',(0.,0.));
#5274 = VECTOR('',#5275,1.);
#5275 = DIRECTION('',(1.,0.));
#5276 = ( GEOMETRIC_REPRESENTATION_CONTEXT(2) 
PARAMETRIC_REPRESENTATION_CONTEXT() REPRESENTATION_CONTEXT('2D SPACE',''
  ) );
#5277 = ORIENTED_EDGE('',*,*,#3767,.F.);
#5278 = ADVANCED_FACE('',(#5279),#1826,.F.);
#5279 = FACE_BOUND('',#5280,.F.);
#5280 = EDGE_LOOP('',(#5281,#5282,#5283,#5304));
#5281 = ORIENTED_EDGE('',*,*,#5235,.F.);
#5282 = ORIENTED_EDGE('',*,*,#1813,.T.);
#5283 = ORIENTED_EDGE('',*,*,#5284,.T.);
#5284 = EDGE_CURVE('',#1788,#3812,#5285,.T.);
#5285 = SURFACE_CURVE('',#5286,(#5290,#5297),.PCURVE_S1.);
#5286 = LINE('',#5287,#5288);
#5287 = CARTESIAN_POINT('',(190.6,188.2,143.));
#5288 = VECTOR('',#5289,1.);
#5289 = DIRECTION('',(0.,0.,1.));
#5290 = PCURVE('',#1826,#5291);
#5291 = DEFINITIONAL_REPRESENTATION('',(#5292),#5296);
#5292 = LINE('',#5293,#5294);
#5293 = CARTESIAN_POINT('',(0.,-3.4));
#5294 = VECTOR('',#5295,1.);
#5295 = DIRECTION('',(1.,0.));
#5296 = ( GEOMETRIC_REPRESENTATION_CONTEXT(2) 
PARAMETRIC_REPRESENTATION_CONTEXT() REPRESENTATION_CONTEXT('2D SPACE',''
  ) );
#5297 = PCURVE('',#1802,#5298);
#5298 = DEFINITIONAL_REPRESENTATION('',(#5299),#5303);
#5299 = LINE('',#5300,#5301);
#5300 = CARTESIAN_POINT('',(0.,11.2));
#5301 = VECTOR('',#5302,1.);
#5302 = DIRECTION('',(1.,0.));
#5303 = ( GEOMETRIC_REPRESENTATION_CONTEXT(2) 
PARAMETRIC_REPRESENTATION_CONTEXT() REPRESENTATION_CONTEXT('2D SPACE',''
  ) );
#5304 = ORIENTED_EDGE('',*,*,#3832,.F.);
#5305 = ADVANCED_FACE('',(#5306),#1776,.T.);
#5306 = FACE_BOUND('',#5307,.T.);
#5307 = EDGE_LOOP('',(#5308,#5309,#5310,#5331));
#5308 = ORIENTED_EDGE('',*,*,#5257,.F.);
#5309 = ORIENTED_EDGE('',*,*,#1761,.T.);
#5310 = ORIENTED_EDGE('',*,*,#5311,.T.);
#5311 = EDGE_CURVE('',#1762,#3791,#5312,.T.);
#5312 = SURFACE_CURVE('',#5313,(#5317,#5324),.PCURVE_S1.);
#5313 = LINE('',#5314,#5315);
#5314 = CARTESIAN_POINT('',(179.4,188.2,143.));
#5315 = VECTOR('',#5316,1.);
#5316 = DIRECTION('',(0.,0.,1.));
#5317 = PCURVE('',#1776,#5318);
#5318 = DEFINITIONAL_REPRESENTATION('',(#5319),#5323);
#5319 = LINE('',#5320,#5321);
#5320 = CARTESIAN_POINT('',(0.,-3.4));
#5321 = VECTOR('',#5322,1.);
#5322 = DIRECTION('',(1.,0.));
#5323 = ( GEOMETRIC_REPRESENTATION_CONTEXT(2) 
PARAMETRIC_REPRESENTATION_CONTEXT() REPRESENTATION_CONTEXT('2D SPACE',''
  ) );
#5324 = PCURVE('',#1802,#5325);
#5325 = DEFINITIONAL_REPRESENTATION('',(#5326),#5330);
#5326 = LINE('',#5327,#5328);
#5327 = CARTESIAN_POINT('',(0.,0.));
#5328 = VECTOR('',#5329,1.);
#5329 = DIRECTION('',(1.,0.));
#5330 = ( GEOMETRIC_REPRESENTATION_CONTEXT(2) 
PARAMETRIC_REPRESENTATION_CONTEXT() REPRESENTATION_CONTEXT('2D SPACE',''
  ) );
#5331 = ORIENTED_EDGE('',*,*,#3790,.F.);
#5332 = ADVANCED_FACE('',(#5333),#1802,.F.);
#5333 = FACE_BOUND('',#5334,.F.);
#5334 = EDGE_LOOP('',(#5335,#5336,#5337,#5338));
#5335 = ORIENTED_EDGE('',*,*,#5284,.F.);
#5336 = ORIENTED_EDGE('',*,*,#1787,.T.);
#5337 = ORIENTED_EDGE('',*,*,#5311,.T.);
#5338 = ORIENTED_EDGE('',*,*,#3811,.F.);
#5339 = ADVANCED_FACE('',(#5340),#1856,.F.);
#5340 = FACE_BOUND('',#5341,.F.);
#5341 = EDGE_LOOP('',(#5342,#5343,#5364,#5365));
#5342 = ORIENTED_EDGE('',*,*,#3958,.F.);
#5343 = ORIENTED_EDGE('',*,*,#5344,.F.);
#5344 = EDGE_CURVE('',#1840,#3959,#5345,.T.);
#5345 = SEAM_CURVE('',#5346,(#5350,#5357),.PCURVE_S1.);
#5346 = LINE('',#5347,#5348);
#5347 = CARTESIAN_POINT('',(213.7,184.,145.9));
#5348 = VECTOR('',#5349,1.);
#5349 = DIRECTION('',(0.,0.,1.));
#5350 = PCURVE('',#1856,#5351);
#5351 = DEFINITIONAL_REPRESENTATION('',(#5352),#5356);
#5352 = LINE('',#5353,#5354);
#5353 = CARTESIAN_POINT('',(6.28318530718,-0.));
#5354 = VECTOR('',#5355,1.);
#5355 = DIRECTION('',(0.,1.));
#5356 = ( GEOMETRIC_REPRESENTATION_CONTEXT(2) 
PARAMETRIC_REPRESENTATION_CONTEXT() REPRESENTATION_CONTEXT('2D SPACE',''
  ) );
#5357 = PCURVE('',#1856,#5358);
#5358 = DEFINITIONAL_REPRESENTATION('',(#5359),#5363);
#5359 = LINE('',#5360,#5361);
#5360 = CARTESIAN_POINT('',(0.,-0.));
#5361 = VECTOR('',#5362,1.);
#5362 = DIRECTION('',(0.,1.));
#5363 = ( GEOMETRIC_REPRESENTATION_CONTEXT(2) 
PARAMETRIC_REPRESENTATION_CONTEXT() REPRESENTATION_CONTEXT('2D SPACE',''
  ) );
#5364 = ORIENTED_EDGE('',*,*,#1839,.T.);
#5365 = ORIENTED_EDGE('',*,*,#5344,.T.);
#5366 = ADVANCED_FACE('',(#5367),#1885,.T.);
#5367 = FACE_BOUND('',#5368,.T.);
#5368 = EDGE_LOOP('',(#5369,#5390,#5391,#5392));
#5369 = ORIENTED_EDGE('',*,*,#5370,.F.);
#5370 = EDGE_CURVE('',#1871,#3854,#5371,.T.);
#5371 = SURFACE_CURVE('',#5372,(#5376,#5383),.PCURVE_S1.);
#5372 = LINE('',#5373,#5374);
#5373 = CARTESIAN_POINT('',(202.6,185.,143.));
#5374 = VECTOR('',#5375,1.);
#5375 = DIRECTION('',(0.,0.,1.));
#5376 = PCURVE('',#1885,#5377);
#5377 = DEFINITIONAL_REPRESENTATION('',(#5378),#5382);
#5378 = LINE('',#5379,#5380);
#5379 = CARTESIAN_POINT('',(0.,11.2));
#5380 = VECTOR('',#5381,1.);
#5381 = DIRECTION('',(1.,0.));
#5382 = ( GEOMETRIC_REPRESENTATION_CONTEXT(2) 
PARAMETRIC_REPRESENTATION_CONTEXT() REPRESENTATION_CONTEXT('2D SPACE',''
  ) );
#5383 = PCURVE('',#1987,#5384);
#5384 = DEFINITIONAL_REPRESENTATION('',(#5385),#5389);
#5385 = LINE('',#5386,#5387);
#5386 = CARTESIAN_POINT('',(0.,0.));
#5387 = VECTOR('',#5388,1.);
#5388 = DIRECTION('',(1.,0.));
#5389 = ( GEOMETRIC_REPRESENTATION_CONTEXT(2) 
PARAMETRIC_REPRESENTATION_CONTEXT() REPRESENTATION_CONTEXT('2D SPACE',''
  ) );
#5390 = ORIENTED_EDGE('',*,*,#1870,.T.);
#5391 = ORIENTED_EDGE('',*,*,#4954,.F.);
#5392 = ORIENTED_EDGE('',*,*,#3853,.F.);
#5393 = ADVANCED_FACE('',(#5394),#1987,.F.);
#5394 = FACE_BOUND('',#5395,.F.);
#5395 = EDGE_LOOP('',(#5396,#5397,#5398,#5419));
#5396 = ORIENTED_EDGE('',*,*,#5370,.F.);
#5397 = ORIENTED_EDGE('',*,*,#1974,.T.);
#5398 = ORIENTED_EDGE('',*,*,#5399,.T.);
#5399 = EDGE_CURVE('',#1949,#3917,#5400,.T.);
#5400 = SURFACE_CURVE('',#5401,(#5405,#5412),.PCURVE_S1.);
#5401 = LINE('',#5402,#5403);
#5402 = CARTESIAN_POINT('',(202.6,188.4,143.));
#5403 = VECTOR('',#5404,1.);
#5404 = DIRECTION('',(0.,0.,1.));
#5405 = PCURVE('',#1987,#5406);
#5406 = DEFINITIONAL_REPRESENTATION('',(#5407),#5411);
#5407 = LINE('',#5408,#5409);
#5408 = CARTESIAN_POINT('',(0.,-3.4));
#5409 = VECTOR('',#5410,1.);
#5410 = DIRECTION('',(1.,0.));
#5411 = ( GEOMETRIC_REPRESENTATION_CONTEXT(2) 
PARAMETRIC_REPRESENTATION_CONTEXT() REPRESENTATION_CONTEXT('2D SPACE',''
  ) );
#5412 = PCURVE('',#1963,#5413);
#5413 = DEFINITIONAL_REPRESENTATION('',(#5414),#5418);
#5414 = LINE('',#5415,#5416);
#5415 = CARTESIAN_POINT('',(0.,11.2));
#5416 = VECTOR('',#5417,1.);
#5417 = DIRECTION('',(1.,0.));
#5418 = ( GEOMETRIC_REPRESENTATION_CONTEXT(2) 
PARAMETRIC_REPRESENTATION_CONTEXT() REPRESENTATION_CONTEXT('2D SPACE',''
  ) );
#5419 = ORIENTED_EDGE('',*,*,#3937,.F.);
#5420 = ADVANCED_FACE('',(#5421),#1963,.F.);
#5421 = FACE_BOUND('',#5422,.F.);
#5422 = EDGE_LOOP('',(#5423,#5424,#5425,#5446));
#5423 = ORIENTED_EDGE('',*,*,#5399,.F.);
#5424 = ORIENTED_EDGE('',*,*,#1948,.T.);
#5425 = ORIENTED_EDGE('',*,*,#5426,.T.);
#5426 = EDGE_CURVE('',#1923,#3896,#5427,.T.);
#5427 = SURFACE_CURVE('',#5428,(#5432,#5439),.PCURVE_S1.);
#5428 = LINE('',#5429,#5430);
#5429 = CARTESIAN_POINT('',(191.4,188.4,143.));
#5430 = VECTOR('',#5431,1.);
#5431 = DIRECTION('',(0.,0.,1.));
#5432 = PCURVE('',#1963,#5433);
#5433 = DEFINITIONAL_REPRESENTATION('',(#5434),#5438);
#5434 = LINE('',#5435,#5436);
#5435 = CARTESIAN_POINT('',(0.,0.));
#5436 = VECTOR('',#5437,1.);
#5437 = DIRECTION('',(1.,0.));
#5438 = ( GEOMETRIC_REPRESENTATION_CONTEXT(2) 
PARAMETRIC_REPRESENTATION_CONTEXT() REPRESENTATION_CONTEXT('2D SPACE',''
  ) );
#5439 = PCURVE('',#1937,#5440);
#5440 = DEFINITIONAL_REPRESENTATION('',(#5441),#5445);
#5441 = LINE('',#5442,#5443);
#5442 = CARTESIAN_POINT('',(0.,-3.4));
#5443 = VECTOR('',#5444,1.);
#5444 = DIRECTION('',(1.,0.));
#5445 = ( GEOMETRIC_REPRESENTATION_CONTEXT(2) 
PARAMETRIC_REPRESENTATION_CONTEXT() REPRESENTATION_CONTEXT('2D SPACE',''
  ) );
#5446 = ORIENTED_EDGE('',*,*,#3916,.F.);
#5447 = ADVANCED_FACE('',(#5448),#1937,.T.);
#5448 = FACE_BOUND('',#5449,.T.);
#5449 = EDGE_LOOP('',(#5450,#5471,#5472,#5473));
#5450 = ORIENTED_EDGE('',*,*,#5451,.F.);
#5451 = EDGE_CURVE('',#1897,#3875,#5452,.T.);
#5452 = SURFACE_CURVE('',#5453,(#5457,#5464),.PCURVE_S1.);
#5453 = LINE('',#5454,#5455);
#5454 = CARTESIAN_POINT('',(191.4,185.,143.));
#5455 = VECTOR('',#5456,1.);
#5456 = DIRECTION('',(0.,0.,1.));
#5457 = PCURVE('',#1937,#5458);
#5458 = DEFINITIONAL_REPRESENTATION('',(#5459),#5463);
#5459 = LINE('',#5460,#5461);
#5460 = CARTESIAN_POINT('',(0.,0.));
#5461 = VECTOR('',#5462,1.);
#5462 = DIRECTION('',(1.,0.));
#5463 = ( GEOMETRIC_REPRESENTATION_CONTEXT(2) 
PARAMETRIC_REPRESENTATION_CONTEXT() REPRESENTATION_CONTEXT('2D SPACE',''
  ) );
#5464 = PCURVE('',#1911,#5465);
#5465 = DEFINITIONAL_REPRESENTATION('',(#5466),#5470);
#5466 = LINE('',#5467,#5468);
#5467 = CARTESIAN_POINT('',(0.,0.));
#5468 = VECTOR('',#5469,1.);
#5469 = DIRECTION('',(1.,0.));
#5470 = ( GEOMETRIC_REPRESENTATION_CONTEXT(2) 
PARAMETRIC_REPRESENTATION_CONTEXT() REPRESENTATION_CONTEXT('2D SPACE',''
  ) );
#5471 = ORIENTED_EDGE('',*,*,#1922,.T.);
#5472 = ORIENTED_EDGE('',*,*,#5426,.T.);
#5473 = ORIENTED_EDGE('',*,*,#3895,.F.);
#5474 = ADVANCED_FACE('',(#5475),#1911,.T.);
#5475 = FACE_BOUND('',#5476,.T.);
#5476 = EDGE_LOOP('',(#5477,#5478,#5479,#5480));
#5477 = ORIENTED_EDGE('',*,*,#1896,.T.);
#5478 = ORIENTED_EDGE('',*,*,#5451,.T.);
#5479 = ORIENTED_EDGE('',*,*,#3874,.F.);
#5480 = ORIENTED_EDGE('',*,*,#4954,.T.);
#5481 = ADVANCED_FACE('',(#5482),#2121,.F.);
#5482 = FACE_BOUND('',#5483,.F.);
#5483 = EDGE_LOOP('',(#5484,#5485,#5486,#5487,#5488));
#5484 = ORIENTED_EDGE('',*,*,#4521,.F.);
#5485 = ORIENTED_EDGE('',*,*,#4692,.T.);
#5486 = ORIENTED_EDGE('',*,*,#3390,.T.);
#5487 = ORIENTED_EDGE('',*,*,#4771,.F.);
#5488 = ORIENTED_EDGE('',*,*,#2023,.F.);
#5489 = ADVANCED_FACE('',(#5490),#2727,.F.);
#5490 = FACE_BOUND('',#5491,.F.);
#5491 = EDGE_LOOP('',(#5492,#5493,#5494,#5495));
#5492 = ORIENTED_EDGE('',*,*,#4276,.F.);
#5493 = ORIENTED_EDGE('',*,*,#2712,.T.);
#5494 = ORIENTED_EDGE('',*,*,#4221,.T.);
#5495 = ORIENTED_EDGE('',*,*,#3132,.F.);
#5496 = ADVANCED_FACE('',(#5497),#2646,.F.);
#5497 = FACE_BOUND('',#5498,.F.);
#5498 = EDGE_LOOP('',(#5499,#5500,#5501,#5502));
#5499 = ORIENTED_EDGE('',*,*,#4173,.F.);
#5500 = ORIENTED_EDGE('',*,*,#2631,.T.);
#5501 = ORIENTED_EDGE('',*,*,#4118,.T.);
#5502 = ORIENTED_EDGE('',*,*,#3046,.F.);
#5503 = ADVANCED_FACE('',(#5504),#2565,.F.);
#5504 = FACE_BOUND('',#5505,.F.);
#5505 = EDGE_LOOP('',(#5506,#5507,#5508,#5509));
#5506 = ORIENTED_EDGE('',*,*,#4070,.F.);
#5507 = ORIENTED_EDGE('',*,*,#2550,.T.);
#5508 = ORIENTED_EDGE('',*,*,#4015,.T.);
#5509 = ORIENTED_EDGE('',*,*,#2934,.F.);
#5510 = ( GEOMETRIC_REPRESENTATION_CONTEXT(3) 
GLOBAL_UNCERTAINTY_ASSIGNED_CONTEXT((#5514)) 
GLOBAL_UNIT_ASSIGNED_CONTEXT((#5511,#5512,#5513)) REPRESENTATION_CONTEXT
('Context #1','3D Context with UNIT and UNCERTAINTY') );
#5511 = ( LENGTH_UNIT() NAMED_UNIT(*) SI_UNIT(.MILLI.,.METRE.) );
#5512 = ( NAMED_UNIT(*) PLANE_ANGLE_UNIT() SI_UNIT($,.RADIAN.) );
#5513 = ( NAMED_UNIT(*) SI_UNIT($,.STERADIAN.) SOLID_ANGLE_UNIT() );
#5514 = UNCERTAINTY_MEASURE_WITH_UNIT(LENGTH_MEASURE(2.E-07),#5511,
  'distance_accuracy_value','confusion accuracy');
#5515 = PRODUCT_RELATED_PRODUCT_CATEGORY('part',$,(#7));
ENDSEC;
END-ISO-10303-21;
