CAD node,ITEM,Group,Source status
OFFICIAL_CHASSIS_0000_Solid,001,02_DRIVE_SYSTEM,MANUFACTURER_CAD
OFFICIAL_CHASSIS_0001_Solid,001,02_DRIVE_SYSTEM,MANUFACTURER_CAD
OFFICIAL_CHASSIS_0002_Solid,001,02_DRIVE_SYSTEM,MANUFACTURER_CAD
OFFICIAL_CHASSIS_0003_Solid,001,02_DRIVE_SYSTEM,MANUFACTURER_CAD
OFFICIAL_CHASSIS_0004_Solid,001,02_DRIVE_SYSTEM,MANUFACTURER_CAD
OFFICIAL_CHASSIS_0005_Solid,001,02_DRIVE_SYSTEM,MANUFACTURER_CAD
OFFICIAL_CHASSIS_0006_Solid,001,02_DRIVE_SYSTEM,MANUFACTURER_CAD
OFFICIAL_CHASSIS_0007_Solid,001,02_DRIVE_SYSTEM,MANUFACTURER_CAD
OFFICIAL_CHASSIS_0008_Solid,001,02_DRIVE_SYSTEM,MANUFACTURER_CAD
OFFICIAL_CHASSIS_0009_Solid,001,02_DRIVE_SYSTEM,MANUFACTURER_CAD
OFFICIAL_CHASSIS_0010_Solid,001,02_DRIVE_SYSTEM,MANUFACTURER_CAD
OFFICIAL_CHASSIS_0011_Solid,001,02_DRIVE_SYSTEM,MANUFACTURER_CAD
OFFICIAL_CHASSIS_0012_Solid,001,02_DRIVE_SYSTEM,MANUFACTURER_CAD
OFFICIAL_CHASSIS_0013_Solid,001,02_DRIVE_SYSTEM,MANUFACTURER_CAD
OFFICIAL_CHASSIS_0014_Solid,001,02_DRIVE_SYSTEM,MANUFACTURER_CAD
OFFICIAL_CHASSIS_0015_Solid,001,02_DRIVE_SYSTEM,MANUFACTURER_CAD
OFFICIAL_CHASSIS_0016_Solid,001,02_DRIVE_SYSTEM,MANUFACTURER_CAD
OFFICIAL_CHASSIS_0017_Solid,001,02_DRIVE_SYSTEM,MANUFACTURER_CAD
OFFICIAL_CHASSIS_0018_Solid,001,02_DRIVE_SYSTEM,MANUFACTURER_CAD
OFFICIAL_CHASSIS_0019_Solid,001,02_DRIVE_SYSTEM,MANUFACTURER_CAD
OFFICIAL_CHASSIS_0020_Solid,001,02_DRIVE_SYSTEM,MANUFACTURER_CAD
OFFICIAL_CHASSIS_0021_Solid,001,02_DRIVE_SYSTEM,MANUFACTURER_CAD
OFFICIAL_CHASSIS_0022_Solid,001,02_DRIVE_SYSTEM,MANUFACTURER_CAD
OFFICIAL_CHASSIS_0023_Solid,001,02_DRIVE_SYSTEM,MANUFACTURER_CAD
OFFICIAL_CHASSIS_0024_Solid,001,02_DRIVE_SYSTEM,MANUFACTURER_CAD
OFFICIAL_CHASSIS_0025_Solid,001,02_DRIVE_SYSTEM,MANUFACTURER_CAD
OFFICIAL_CHASSIS_0026_Solid,001,02_DRIVE_SYSTEM,MANUFACTURER_CAD
OFFICIAL_CHASSIS_0027_Solid,001,02_DRIVE_SYSTEM,MANUFACTURER_CAD
OFFICIAL_CHASSIS_0028_Solid,001,02_DRIVE_SYSTEM,MANUFACTURER_CAD
OFFICIAL_CHASSIS_0029_Solid,001,02_DRIVE_SYSTEM,MANUFACTURER_CAD
OFFICIAL_CHASSIS_0030_Solid,001,02_DRIVE_SYSTEM,MANUFACTURER_CAD
OFFICIAL_CHASSIS_0031_Solid,001,02_DRIVE_SYSTEM,MANUFACTURER_CAD
OFFICIAL_CHASSIS_0032_Solid,001,02_DRIVE_SYSTEM,MANUFACTURER_CAD
OFFICIAL_CHASSIS_0033_Solid,001,02_DRIVE_SYSTEM,MANUFACTURER_CAD
OFFICIAL_CHASSIS_0034_Solid,001,02_DRIVE_SYSTEM,MANUFACTURER_CAD
OFFICIAL_CHASSIS_0035_Solid,001,02_DRIVE_SYSTEM,MANUFACTURER_CAD
OFFICIAL_CHASSIS_0036_Solid,001,02_DRIVE_SYSTEM,MANUFACTURER_CAD
OFFICIAL_CHASSIS_0037_Solid,001,02_DRIVE_SYSTEM,MANUFACTURER_CAD
OFFICIAL_CHASSIS_0038_Solid,001,02_DRIVE_SYSTEM,MANUFACTURER_CAD
OFFICIAL_CHASSIS_0039_Solid,001,02_DRIVE_SYSTEM,MANUFACTURER_CAD
OFFICIAL_CHASSIS_0040_Solid,001,02_DRIVE_SYSTEM,MANUFACTURER_CAD
OFFICIAL_CHASSIS_0041_Solid,001,02_DRIVE_SYSTEM,MANUFACTURER_CAD
OFFICIAL_CHASSIS_0042_Solid,001,02_DRIVE_SYSTEM,MANUFACTURER_CAD
OFFICIAL_CHASSIS_0043_Solid,001,02_DRIVE_SYSTEM,MANUFACTURER_CAD
OFFICIAL_CHASSIS_0044_Solid,001,02_DRIVE_SYSTEM,MANUFACTURER_CAD
OFFICIAL_CHASSIS_0045_Solid,001,02_DRIVE_SYSTEM,MANUFACTURER_CAD
OFFICIAL_CHASSIS_0046_Solid,001,02_DRIVE_SYSTEM,MANUFACTURER_CAD
OFFICIAL_CHASSIS_0047_Solid,001,02_DRIVE_SYSTEM,MANUFACTURER_CAD
OFFICIAL_CHASSIS_0048_Solid,001,02_DRIVE_SYSTEM,MANUFACTURER_CAD
OFFICIAL_CHASSIS_0049_Solid,001,02_DRIVE_SYSTEM,MANUFACTURER_CAD
OFFICIAL_CHASSIS_0050_Solid,001,02_DRIVE_SYSTEM,MANUFACTURER_CAD
OFFICIAL_CHASSIS_0051_Solid,001,02_DRIVE_SYSTEM,MANUFACTURER_CAD
OFFICIAL_CHASSIS_0052_Solid,001,02_DRIVE_SYSTEM,MANUFACTURER_CAD
OFFICIAL_CHASSIS_0053_Solid,001,02_DRIVE_SYSTEM,MANUFACTURER_CAD
OFFICIAL_CHASSIS_0054_Solid,001,02_DRIVE_SYSTEM,MANUFACTURER_CAD
OFFICIAL_CHASSIS_0055_Solid,001,02_DRIVE_SYSTEM,MANUFACTURER_CAD
OFFICIAL_CHASSIS_0056_Solid,001,02_DRIVE_SYSTEM,MANUFACTURER_CAD
OFFICIAL_CHASSIS_0057_Solid,001,02_DRIVE_SYSTEM,MANUFACTURER_CAD
OFFICIAL_CHASSIS_0058_Solid,001,02_DRIVE_SYSTEM,MANUFACTURER_CAD
OFFICIAL_CHASSIS_0059_Solid,001,02_DRIVE_SYSTEM,MANUFACTURER_CAD
OFFICIAL_CHASSIS_0060_Solid,001,02_DRIVE_SYSTEM,MANUFACTURER_CAD
OFFICIAL_CHASSIS_0061_Solid,001,02_DRIVE_SYSTEM,MANUFACTURER_CAD
OFFICIAL_CHASSIS_0062_Solid,001,02_DRIVE_SYSTEM,MANUFACTURER_CAD
OFFICIAL_CHASSIS_0063_Solid,001,02_DRIVE_SYSTEM,MANUFACTURER_CAD
OFFICIAL_CHASSIS_0064_Solid,001,02_DRIVE_SYSTEM,MANUFACTURER_CAD
OFFICIAL_CHASSIS_0065_Solid,001,02_DRIVE_SYSTEM,MANUFACTURER_CAD
OFFICIAL_CHASSIS_0066_Solid,001,02_DRIVE_SYSTEM,MANUFACTURER_CAD
OFFICIAL_CHASSIS_0067_Solid,001,02_DRIVE_SYSTEM,MANUFACTURER_CAD
OFFICIAL_CHASSIS_0068_Solid,001,02_DRIVE_SYSTEM,MANUFACTURER_CAD
OFFICIAL_CHASSIS_0069_Solid,001,02_DRIVE_SYSTEM,MANUFACTURER_CAD
OFFICIAL_CHASSIS_0070_Solid,001,02_DRIVE_SYSTEM,MANUFACTURER_CAD
OFFICIAL_CHASSIS_0071_Solid,001,02_DRIVE_SYSTEM,MANUFACTURER_CAD
OFFICIAL_CHASSIS_0072_Solid,001,02_DRIVE_SYSTEM,MANUFACTURER_CAD
OFFICIAL_CHASSIS_0073_Solid,001,02_DRIVE_SYSTEM,MANUFACTURER_CAD
OFFICIAL_CHASSIS_0074_Solid,001,02_DRIVE_SYSTEM,MANUFACTURER_CAD
OFFICIAL_CHASSIS_0075_Solid,001,02_DRIVE_SYSTEM,MANUFACTURER_CAD
OFFICIAL_CHASSIS_0076_Solid,001,02_DRIVE_SYSTEM,MANUFACTURER_CAD
OFFICIAL_CHASSIS_0077_Solid,001,02_DRIVE_SYSTEM,MANUFACTURER_CAD
OFFICIAL_CHASSIS_0078_Solid,001,02_DRIVE_SYSTEM,MANUFACTURER_CAD
OFFICIAL_CHASSIS_0079_Solid,001,02_DRIVE_SYSTEM,MANUFACTURER_CAD
OFFICIAL_CHASSIS_0080_Solid,001,02_DRIVE_SYSTEM,MANUFACTURER_CAD
OFFICIAL_CHASSIS_0081_Solid,001,02_DRIVE_SYSTEM,MANUFACTURER_CAD
OFFICIAL_CHASSIS_0082_Solid,001,02_DRIVE_SYSTEM,MANUFACTURER_CAD
OFFICIAL_CHASSIS_0083_Solid,001,02_DRIVE_SYSTEM,MANUFACTURER_CAD
OFFICIAL_CHASSIS_0084_Solid,001,02_DRIVE_SYSTEM,MANUFACTURER_CAD
OFFICIAL_CHASSIS_0085_Solid,001,02_DRIVE_SYSTEM,MANUFACTURER_CAD
OFFICIAL_CHASSIS_0086_Solid,001,02_DRIVE_SYSTEM,MANUFACTURER_CAD
OFFICIAL_CHASSIS_0087_Solid,001,02_DRIVE_SYSTEM,MANUFACTURER_CAD
OFFICIAL_CHASSIS_0088_Solid,001,02_DRIVE_SYSTEM,MANUFACTURER_CAD
OFFICIAL_CHASSIS_0089_Solid,001,02_DRIVE_SYSTEM,MANUFACTURER_CAD
OFFICIAL_CHASSIS_0090_Solid,001,02_DRIVE_SYSTEM,MANUFACTURER_CAD
OFFICIAL_CHASSIS_0091_Solid,001,02_DRIVE_SYSTEM,MANUFACTURER_CAD
OFFICIAL_CHASSIS_0092_Solid,001,02_DRIVE_SYSTEM,MANUFACTURER_CAD
OFFICIAL_CHASSIS_0093_Solid,001,02_DRIVE_SYSTEM,MANUFACTURER_CAD
OFFICIAL_CHASSIS_0094_Solid,001,02_DRIVE_SYSTEM,MANUFACTURER_CAD
OFFICIAL_CHASSIS_0095_Solid,001,02_DRIVE_SYSTEM,MANUFACTURER_CAD
OFFICIAL_CHASSIS_0096_Solid,001,02_DRIVE_SYSTEM,MANUFACTURER_CAD
OFFICIAL_CHASSIS_0097_Solid,001,02_DRIVE_SYSTEM,MANUFACTURER_CAD
OFFICIAL_CHASSIS_0098_Solid,001,02_DRIVE_SYSTEM,MANUFACTURER_CAD
OFFICIAL_CHASSIS_0099_Solid,001,02_DRIVE_SYSTEM,MANUFACTURER_CAD
OFFICIAL_CHASSIS_0100_Solid,001,02_DRIVE_SYSTEM,MANUFACTURER_CAD
OFFICIAL_CHASSIS_0101_Solid,001,02_DRIVE_SYSTEM,MANUFACTURER_CAD
OFFICIAL_CHASSIS_0102_Solid,001,02_DRIVE_SYSTEM,MANUFACTURER_CAD
OFFICIAL_CHASSIS_0103_Solid,001,02_DRIVE_SYSTEM,MANUFACTURER_CAD
OFFICIAL_CHASSIS_0104_Solid,001,02_DRIVE_SYSTEM,MANUFACTURER_CAD
OFFICIAL_CHASSIS_0105_Solid,001,02_DRIVE_SYSTEM,MANUFACTURER_CAD
OFFICIAL_CHASSIS_0106_Solid,001,02_DRIVE_SYSTEM,MANUFACTURER_CAD
OFFICIAL_CHASSIS_0107_Solid,001,02_DRIVE_SYSTEM,MANUFACTURER_CAD
OFFICIAL_CHASSIS_0108_Solid,001,02_DRIVE_SYSTEM,MANUFACTURER_CAD
OFFICIAL_CHASSIS_0109_Solid,001,02_DRIVE_SYSTEM,MANUFACTURER_CAD
OFFICIAL_CHASSIS_0110_Solid,001,02_DRIVE_SYSTEM,MANUFACTURER_CAD
OFFICIAL_CHASSIS_0111_Solid,001,02_DRIVE_SYSTEM,MANUFACTURER_CAD
OFFICIAL_CHASSIS_0112_Solid,001,02_DRIVE_SYSTEM,MANUFACTURER_CAD
OFFICIAL_CHASSIS_0113_Solid,001,02_DRIVE_SYSTEM,MANUFACTURER_CAD
OFFICIAL_CHASSIS_0114_Solid,001,02_DRIVE_SYSTEM,MANUFACTURER_CAD
OFFICIAL_CHASSIS_0115_Solid,001,02_DRIVE_SYSTEM,MANUFACTURER_CAD
OFFICIAL_CHASSIS_0116_Solid,001,02_DRIVE_SYSTEM,MANUFACTURER_CAD
OFFICIAL_CHASSIS_0117_Solid,001,02_DRIVE_SYSTEM,MANUFACTURER_CAD
OFFICIAL_CHASSIS_0118_Solid,001,02_DRIVE_SYSTEM,MANUFACTURER_CAD
OFFICIAL_CHASSIS_0119_Solid,001,02_DRIVE_SYSTEM,MANUFACTURER_CAD
OFFICIAL_CHASSIS_0120_Solid,001,02_DRIVE_SYSTEM,MANUFACTURER_CAD
OFFICIAL_CHASSIS_0121_Solid,001,02_DRIVE_SYSTEM,MANUFACTURER_CAD
OFFICIAL_CHASSIS_0122_Solid,001,02_DRIVE_SYSTEM,MANUFACTURER_CAD
OFFICIAL_CHASSIS_0123_Solid,001,02_DRIVE_SYSTEM,MANUFACTURER_CAD
OFFICIAL_CHASSIS_0124_Solid,001,02_DRIVE_SYSTEM,MANUFACTURER_CAD
OFFICIAL_CHASSIS_0125_Solid,001,02_DRIVE_SYSTEM,MANUFACTURER_CAD
OFFICIAL_CHASSIS_0126_Solid,001,02_DRIVE_SYSTEM,MANUFACTURER_CAD
OFFICIAL_CHASSIS_0127_Solid,001,02_DRIVE_SYSTEM,MANUFACTURER_CAD
OFFICIAL_CHASSIS_0128_Solid,001,02_DRIVE_SYSTEM,MANUFACTURER_CAD
OFFICIAL_CHASSIS_0129_Solid,001,02_DRIVE_SYSTEM,MANUFACTURER_CAD
OFFICIAL_CHASSIS_0130_Solid,001,02_DRIVE_SYSTEM,MANUFACTURER_CAD
OFFICIAL_CHASSIS_0131_Solid,001,02_DRIVE_SYSTEM,MANUFACTURER_CAD
OFFICIAL_CHASSIS_0132_Solid,001,02_DRIVE_SYSTEM,MANUFACTURER_CAD
OFFICIAL_CHASSIS_0133_Solid,001,02_DRIVE_SYSTEM,MANUFACTURER_CAD
OFFICIAL_CHASSIS_0134_Solid,001,02_DRIVE_SYSTEM,MANUFACTURER_CAD
OFFICIAL_CHASSIS_0135_Solid,001,02_DRIVE_SYSTEM,MANUFACTURER_CAD
OFFICIAL_CHASSIS_0136_Solid,001,02_DRIVE_SYSTEM,MANUFACTURER_CAD
OFFICIAL_CHASSIS_0137_Solid,001,02_DRIVE_SYSTEM,MANUFACTURER_CAD
OFFICIAL_CHASSIS_0138_Solid,001,02_DRIVE_SYSTEM,MANUFACTURER_CAD
OFFICIAL_CHASSIS_0139_Solid,001,02_DRIVE_SYSTEM,MANUFACTURER_CAD
OFFICIAL_CHASSIS_0140_Solid,001,02_DRIVE_SYSTEM,MANUFACTURER_CAD
OFFICIAL_CHASSIS_0141_Solid,001,02_DRIVE_SYSTEM,REPAIRED_MANUFACTURER_CAD
OFFICIAL_CHASSIS_0142_Solid,001,02_DRIVE_SYSTEM,MANUFACTURER_CAD
OFFICIAL_CHASSIS_0143_Solid,001,02_DRIVE_SYSTEM,MANUFACTURER_CAD
OFFICIAL_CHASSIS_0144_Solid,001,02_DRIVE_SYSTEM,MANUFACTURER_CAD
OFFICIAL_CHASSIS_0145_Solid,001,02_DRIVE_SYSTEM,MANUFACTURER_CAD
OFFICIAL_CHASSIS_0146_Solid,001,02_DRIVE_SYSTEM,REPAIRED_MANUFACTURER_CAD
OFFICIAL_CHASSIS_0147_Solid,001,02_DRIVE_SYSTEM,MANUFACTURER_CAD
OFFICIAL_CHASSIS_0148_Solid,001,02_DRIVE_SYSTEM,MANUFACTURER_CAD
OFFICIAL_CHASSIS_0149_Solid,001,02_DRIVE_SYSTEM,MANUFACTURER_CAD
OFFICIAL_CHASSIS_0150_Solid,001,02_DRIVE_SYSTEM,MANUFACTURER_CAD
OFFICIAL_CHASSIS_0151_Solid,001,02_DRIVE_SYSTEM,MANUFACTURER_CAD
OFFICIAL_CHASSIS_0152_Solid,001,02_DRIVE_SYSTEM,REPAIRED_MANUFACTURER_CAD
OFFICIAL_CHASSIS_0153_Solid,001,02_DRIVE_SYSTEM,MANUFACTURER_CAD
OFFICIAL_CHASSIS_0154_Solid,001,02_DRIVE_SYSTEM,MANUFACTURER_CAD
OFFICIAL_CHASSIS_0155_Solid,001,02_DRIVE_SYSTEM,MANUFACTURER_CAD
OFFICIAL_CHASSIS_0156_Solid,001,02_DRIVE_SYSTEM,MANUFACTURER_CAD
OFFICIAL_CHASSIS_0157_Solid,001,02_DRIVE_SYSTEM,MANUFACTURER_CAD
OFFICIAL_CHASSIS_0158_Solid,001,02_DRIVE_SYSTEM,MANUFACTURER_CAD
OFFICIAL_CHASSIS_0159_Solid,001,02_DRIVE_SYSTEM,MANUFACTURER_CAD
OFFICIAL_CHASSIS_0160_Solid,001,02_DRIVE_SYSTEM,MANUFACTURER_CAD
OFFICIAL_CHASSIS_0161_Solid,001,02_DRIVE_SYSTEM,MANUFACTURER_CAD
OFFICIAL_CHASSIS_0162_Solid,001,02_DRIVE_SYSTEM,MANUFACTURER_CAD
OFFICIAL_CHASSIS_0163_Solid,001,02_DRIVE_SYSTEM,MANUFACTURER_CAD
OFFICIAL_CHASSIS_0164_Solid,001,02_DRIVE_SYSTEM,MANUFACTURER_CAD
OFFICIAL_CHASSIS_0165_Solid,001,02_DRIVE_SYSTEM,MANUFACTURER_CAD
OFFICIAL_CHASSIS_0166_Solid,001,02_DRIVE_SYSTEM,MANUFACTURER_CAD
OFFICIAL_CHASSIS_0167_Solid,001,02_DRIVE_SYSTEM,MANUFACTURER_CAD
OFFICIAL_CHASSIS_0168_Solid,001,02_DRIVE_SYSTEM,MANUFACTURER_CAD
OFFICIAL_CHASSIS_0169_Solid,001,02_DRIVE_SYSTEM,MANUFACTURER_CAD
OFFICIAL_CHASSIS_0170_Solid,001,02_DRIVE_SYSTEM,MANUFACTURER_CAD
OFFICIAL_CHASSIS_0171_Solid,001,02_DRIVE_SYSTEM,MANUFACTURER_CAD
OFFICIAL_CHASSIS_0172_Solid,001,02_DRIVE_SYSTEM,MANUFACTURER_CAD
OFFICIAL_CHASSIS_0173_Solid,001,02_DRIVE_SYSTEM,MANUFACTURER_CAD
OFFICIAL_CHASSIS_0174_Solid,001,02_DRIVE_SYSTEM,MANUFACTURER_CAD
OFFICIAL_CHASSIS_0175_Solid,001,02_DRIVE_SYSTEM,MANUFACTURER_CAD
OFFICIAL_CHASSIS_0176_Solid,001,02_DRIVE_SYSTEM,REPAIRED_MANUFACTURER_CAD
OFFICIAL_CHASSIS_0177_Solid,001,02_DRIVE_SYSTEM,MANUFACTURER_CAD
OFFICIAL_CHASSIS_0178_Solid,001,02_DRIVE_SYSTEM,MANUFACTURER_CAD
OFFICIAL_CHASSIS_0179_Solid,001,02_DRIVE_SYSTEM,MANUFACTURER_CAD
OFFICIAL_CHASSIS_0180_Solid,001,02_DRIVE_SYSTEM,MANUFACTURER_CAD
OFFICIAL_CHASSIS_0181_Solid,001,02_DRIVE_SYSTEM,MANUFACTURER_CAD
OFFICIAL_CHASSIS_0182_Solid,001,02_DRIVE_SYSTEM,MANUFACTURER_CAD
OFFICIAL_CHASSIS_0183_Solid,001,02_DRIVE_SYSTEM,MANUFACTURER_CAD
OFFICIAL_CHASSIS_0184_Solid,001,02_DRIVE_SYSTEM,MANUFACTURER_CAD
OFFICIAL_CHASSIS_0185_Solid,001,02_DRIVE_SYSTEM,MANUFACTURER_CAD
OFFICIAL_CHASSIS_0186_Solid,001,02_DRIVE_SYSTEM,MANUFACTURER_CAD
OFFICIAL_CHASSIS_0187_Solid,001,02_DRIVE_SYSTEM,MANUFACTURER_CAD
OFFICIAL_CHASSIS_0188_Solid,001,02_DRIVE_SYSTEM,MANUFACTURER_CAD
OFFICIAL_CHASSIS_0189_Solid,001,02_DRIVE_SYSTEM,MANUFACTURER_CAD
OFFICIAL_CHASSIS_0190_Solid,001,02_DRIVE_SYSTEM,REPAIRED_MANUFACTURER_CAD
OFFICIAL_CHASSIS_0191_Solid,001,02_DRIVE_SYSTEM,MANUFACTURER_CAD
OFFICIAL_CHASSIS_0192_Solid,001,02_DRIVE_SYSTEM,MANUFACTURER_CAD
OFFICIAL_CHASSIS_0193_Solid,001,02_DRIVE_SYSTEM,MANUFACTURER_CAD
OFFICIAL_CHASSIS_0194_Solid,001,02_DRIVE_SYSTEM,MANUFACTURER_CAD
OFFICIAL_CHASSIS_0195_Solid,001,02_DRIVE_SYSTEM,MANUFACTURER_CAD
OFFICIAL_CHASSIS_0196_Solid,001,02_DRIVE_SYSTEM,MANUFACTURER_CAD
OFFICIAL_CHASSIS_0197_Solid,001,02_DRIVE_SYSTEM,MANUFACTURER_CAD
OFFICIAL_CHASSIS_0198_Solid,001,02_DRIVE_SYSTEM,MANUFACTURER_CAD
OFFICIAL_CHASSIS_0199_Solid,001,02_DRIVE_SYSTEM,MANUFACTURER_CAD
OFFICIAL_CHASSIS_0200_Solid,001,02_DRIVE_SYSTEM,MANUFACTURER_CAD
OFFICIAL_CHASSIS_0201_Solid,001,02_DRIVE_SYSTEM,MANUFACTURER_CAD
OFFICIAL_CHASSIS_0202_Solid,001,02_DRIVE_SYSTEM,MANUFACTURER_CAD
OFFICIAL_CHASSIS_0203_Solid,001,02_DRIVE_SYSTEM,MANUFACTURER_CAD
OFFICIAL_CHASSIS_0204_Solid,001,02_DRIVE_SYSTEM,REPAIRED_MANUFACTURER_CAD
OFFICIAL_CHASSIS_0205_Solid,001,02_DRIVE_SYSTEM,MANUFACTURER_CAD
OFFICIAL_CHASSIS_0206_Solid,001,02_DRIVE_SYSTEM,MANUFACTURER_CAD
OFFICIAL_CHASSIS_0207_Solid,001,02_DRIVE_SYSTEM,MANUFACTURER_CAD
OFFICIAL_CHASSIS_0208_Solid,001,02_DRIVE_SYSTEM,MANUFACTURER_CAD
OFFICIAL_CHASSIS_0209_Solid,001,02_DRIVE_SYSTEM,MANUFACTURER_CAD
OFFICIAL_CHASSIS_0210_Solid,001,02_DRIVE_SYSTEM,MANUFACTURER_CAD
OFFICIAL_CHASSIS_0211_Solid,001,02_DRIVE_SYSTEM,MANUFACTURER_CAD
OFFICIAL_CHASSIS_0212_Solid,001,02_DRIVE_SYSTEM,MANUFACTURER_CAD
OFFICIAL_CHASSIS_0213_Solid,001,02_DRIVE_SYSTEM,MANUFACTURER_CAD
OFFICIAL_CHASSIS_0214_Solid,001,02_DRIVE_SYSTEM,MANUFACTURER_CAD
OFFICIAL_CHASSIS_0215_Solid,001,02_DRIVE_SYSTEM,MANUFACTURER_CAD
OFFICIAL_CHASSIS_0216_Solid,001,02_DRIVE_SYSTEM,MANUFACTURER_CAD
OFFICIAL_CHASSIS_0217_Solid,001,02_DRIVE_SYSTEM,MANUFACTURER_CAD
OFFICIAL_CHASSIS_0218_Solid,001,02_DRIVE_SYSTEM,MANUFACTURER_CAD
OFFICIAL_CHASSIS_0219_Solid,001,02_DRIVE_SYSTEM,MANUFACTURER_CAD
OFFICIAL_CHASSIS_0220_Solid,001,02_DRIVE_SYSTEM,MANUFACTURER_CAD
OFFICIAL_CHASSIS_0221_Solid,001,02_DRIVE_SYSTEM,MANUFACTURER_CAD
OFFICIAL_CHASSIS_0222_Solid,001,02_DRIVE_SYSTEM,MANUFACTURER_CAD
OFFICIAL_CHASSIS_0223_Solid,001,02_DRIVE_SYSTEM,MANUFACTURER_CAD
OFFICIAL_CHASSIS_0224_Solid,001,02_DRIVE_SYSTEM,MANUFACTURER_CAD
OFFICIAL_CHASSIS_0225_Solid,001,02_DRIVE_SYSTEM,MANUFACTURER_CAD
OFFICIAL_CHASSIS_0226_Solid,001,02_DRIVE_SYSTEM,MANUFACTURER_CAD
OFFICIAL_CHASSIS_0227_Solid,001,02_DRIVE_SYSTEM,MANUFACTURER_CAD
OFFICIAL_CHASSIS_0228_Solid,001,02_DRIVE_SYSTEM,MANUFACTURER_CAD
OFFICIAL_CHASSIS_0229_Solid,001,02_DRIVE_SYSTEM,MANUFACTURER_CAD
OFFICIAL_CHASSIS_0230_Solid,001,02_DRIVE_SYSTEM,MANUFACTURER_CAD
OFFICIAL_CHASSIS_0231_Solid,001,02_DRIVE_SYSTEM,MANUFACTURER_CAD
OFFICIAL_CHASSIS_0232_Solid,001,02_DRIVE_SYSTEM,MANUFACTURER_CAD
OFFICIAL_CHASSIS_0233_Solid,001,02_DRIVE_SYSTEM,MANUFACTURER_CAD
OFFICIAL_CHASSIS_0234_Solid,001,02_DRIVE_SYSTEM,MANUFACTURER_CAD
OFFICIAL_CHASSIS_0235_Solid,001,02_DRIVE_SYSTEM,MANUFACTURER_CAD
OFFICIAL_CHASSIS_0236_Solid,001,02_DRIVE_SYSTEM,MANUFACTURER_CAD
OFFICIAL_CHASSIS_0237_Solid,001,02_DRIVE_SYSTEM,MANUFACTURER_CAD
OFFICIAL_CHASSIS_0238_Solid,001,02_DRIVE_SYSTEM,MANUFACTURER_CAD
OFFICIAL_CHASSIS_0239_Solid,001,02_DRIVE_SYSTEM,MANUFACTURER_CAD
OFFICIAL_CHASSIS_0240_Solid,001,02_DRIVE_SYSTEM,MANUFACTURER_CAD
OFFICIAL_CHASSIS_0241_Solid,001,02_DRIVE_SYSTEM,MANUFACTURER_CAD
OFFICIAL_CHASSIS_0242_Solid,001,02_DRIVE_SYSTEM,MANUFACTURER_CAD
OFFICIAL_CHASSIS_0243_Solid,001,02_DRIVE_SYSTEM,MANUFACTURER_CAD
OFFICIAL_CHASSIS_0244_Solid,001,02_DRIVE_SYSTEM,MANUFACTURER_CAD
OFFICIAL_CHASSIS_0245_Solid,001,02_DRIVE_SYSTEM,MANUFACTURER_CAD
OFFICIAL_CHASSIS_0246_Solid,001,02_DRIVE_SYSTEM,MANUFACTURER_CAD
OFFICIAL_CHASSIS_0247_Solid,001,02_DRIVE_SYSTEM,MANUFACTURER_CAD
OFFICIAL_CHASSIS_0248_Solid,001,02_DRIVE_SYSTEM,MANUFACTURER_CAD
OFFICIAL_CHASSIS_0249_Solid,001,02_DRIVE_SYSTEM,MANUFACTURER_CAD
OFFICIAL_CHASSIS_0250_Solid,001,02_DRIVE_SYSTEM,MANUFACTURER_CAD
OFFICIAL_CHASSIS_0251_Solid,001,02_DRIVE_SYSTEM,MANUFACTURER_CAD
OFFICIAL_CHASSIS_0252_Solid,001,02_DRIVE_SYSTEM,MANUFACTURER_CAD
OFFICIAL_CHASSIS_0253_Solid,001,02_DRIVE_SYSTEM,MANUFACTURER_CAD
OFFICIAL_CHASSIS_0254_Solid,001,02_DRIVE_SYSTEM,MANUFACTURER_CAD
OFFICIAL_CHASSIS_0255_Solid,001,02_DRIVE_SYSTEM,MANUFACTURER_CAD
OFFICIAL_CHASSIS_0256_Solid,001,02_DRIVE_SYSTEM,MANUFACTURER_CAD
OFFICIAL_CHASSIS_0257_Solid,001,02_DRIVE_SYSTEM,MANUFACTURER_CAD
OFFICIAL_CHASSIS_0258_Solid,001,02_DRIVE_SYSTEM,MANUFACTURER_CAD
OFFICIAL_CHASSIS_0259_Solid,001,02_DRIVE_SYSTEM,MANUFACTURER_CAD
OFFICIAL_CHASSIS_0260_Solid,001,02_DRIVE_SYSTEM,MANUFACTURER_CAD
OFFICIAL_CHASSIS_0261_Solid,001,02_DRIVE_SYSTEM,MANUFACTURER_CAD
OFFICIAL_CHASSIS_0262_Solid,001,02_DRIVE_SYSTEM,MANUFACTURER_CAD
OFFICIAL_CHASSIS_0263_Solid,001,02_DRIVE_SYSTEM,MANUFACTURER_CAD
OFFICIAL_CHASSIS_0264_Solid,001,02_DRIVE_SYSTEM,MANUFACTURER_CAD
OFFICIAL_CHASSIS_0265_Solid,001,02_DRIVE_SYSTEM,MANUFACTURER_CAD
OFFICIAL_CHASSIS_0266_Solid,001,02_DRIVE_SYSTEM,MANUFACTURER_CAD
OFFICIAL_CHASSIS_0267_Solid,001,02_DRIVE_SYSTEM,MANUFACTURER_CAD
OFFICIAL_CHASSIS_0268_Solid,001,02_DRIVE_SYSTEM,MANUFACTURER_CAD
OFFICIAL_CHASSIS_0269_Solid,001,02_DRIVE_SYSTEM,MANUFACTURER_CAD
OFFICIAL_CHASSIS_0270_Solid,001,02_DRIVE_SYSTEM,MANUFACTURER_CAD
OFFICIAL_CHASSIS_0271_Solid,001,02_DRIVE_SYSTEM,MANUFACTURER_CAD
OFFICIAL_CHASSIS_0272_Solid,001,02_DRIVE_SYSTEM,MANUFACTURER_CAD
OFFICIAL_CHASSIS_0273_Solid,001,02_DRIVE_SYSTEM,MANUFACTURER_CAD
OFFICIAL_CHASSIS_0274_Solid,001,02_DRIVE_SYSTEM,MANUFACTURER_CAD
OFFICIAL_CHASSIS_0275_Solid,001,02_DRIVE_SYSTEM,REPAIRED_MANUFACTURER_CAD
OFFICIAL_CHASSIS_0276_Solid,001,02_DRIVE_SYSTEM,MANUFACTURER_CAD
OFFICIAL_CHASSIS_0277_Solid,001,02_DRIVE_SYSTEM,MANUFACTURER_CAD
OFFICIAL_CHASSIS_0278_Solid,001,02_DRIVE_SYSTEM,MANUFACTURER_CAD
OFFICIAL_CHASSIS_0279_Solid,001,02_DRIVE_SYSTEM,MANUFACTURER_CAD
OFFICIAL_CHASSIS_0280_Solid,001,02_DRIVE_SYSTEM,REPAIRED_MANUFACTURER_CAD
OFFICIAL_CHASSIS_0281_Solid,001,02_DRIVE_SYSTEM,MANUFACTURER_CAD
OFFICIAL_CHASSIS_0282_Solid,001,02_DRIVE_SYSTEM,MANUFACTURER_CAD
OFFICIAL_CHASSIS_0283_Solid,001,02_DRIVE_SYSTEM,MANUFACTURER_CAD
OFFICIAL_CHASSIS_0284_Solid,001,02_DRIVE_SYSTEM,MANUFACTURER_CAD
OFFICIAL_CHASSIS_0285_Solid,001,02_DRIVE_SYSTEM,MANUFACTURER_CAD
OFFICIAL_CHASSIS_0286_Solid,001,02_DRIVE_SYSTEM,REPAIRED_MANUFACTURER_CAD
OFFICIAL_CHASSIS_0287_Solid,001,02_DRIVE_SYSTEM,MANUFACTURER_CAD
OFFICIAL_CHASSIS_0288_Solid,001,02_DRIVE_SYSTEM,MANUFACTURER_CAD
OFFICIAL_CHASSIS_0289_Solid,001,02_DRIVE_SYSTEM,MANUFACTURER_CAD
OFFICIAL_CHASSIS_0290_Solid,001,02_DRIVE_SYSTEM,MANUFACTURER_CAD
OFFICIAL_CHASSIS_0291_Solid,001,02_DRIVE_SYSTEM,MANUFACTURER_CAD
OFFICIAL_CHASSIS_0292_Solid,001,02_DRIVE_SYSTEM,MANUFACTURER_CAD
OFFICIAL_CHASSIS_0293_Solid,001,02_DRIVE_SYSTEM,MANUFACTURER_CAD
OFFICIAL_CHASSIS_0294_Solid,001,02_DRIVE_SYSTEM,MANUFACTURER_CAD
OFFICIAL_CHASSIS_0295_Solid,001,02_DRIVE_SYSTEM,MANUFACTURER_CAD
OFFICIAL_CHASSIS_0296_Solid,001,02_DRIVE_SYSTEM,MANUFACTURER_CAD
OFFICIAL_CHASSIS_0297_Solid,001,02_DRIVE_SYSTEM,MANUFACTURER_CAD
OFFICIAL_CHASSIS_0298_Solid,001,02_DRIVE_SYSTEM,MANUFACTURER_CAD
OFFICIAL_CHASSIS_0299_Solid,001,02_DRIVE_SYSTEM,MANUFACTURER_CAD
OFFICIAL_CHASSIS_0300_Solid,001,02_DRIVE_SYSTEM,MANUFACTURER_CAD
OFFICIAL_CHASSIS_0301_Solid,001,02_DRIVE_SYSTEM,MANUFACTURER_CAD
OFFICIAL_CHASSIS_0302_Solid,001,02_DRIVE_SYSTEM,MANUFACTURER_CAD
OFFICIAL_CHASSIS_0303_Solid,001,02_DRIVE_SYSTEM,MANUFACTURER_CAD
OFFICIAL_CHASSIS_0304_Solid,001,02_DRIVE_SYSTEM,MANUFACTURER_CAD
OFFICIAL_CHASSIS_0305_Solid,001,02_DRIVE_SYSTEM,MANUFACTURER_CAD
OFFICIAL_CHASSIS_0306_Solid,001,02_DRIVE_SYSTEM,MANUFACTURER_CAD
OFFICIAL_CHASSIS_0307_Solid,001,02_DRIVE_SYSTEM,MANUFACTURER_CAD
OFFICIAL_CHASSIS_0308_Solid,001,02_DRIVE_SYSTEM,MANUFACTURER_CAD
OFFICIAL_CHASSIS_0309_Solid,001,02_DRIVE_SYSTEM,MANUFACTURER_CAD
OFFICIAL_CHASSIS_0310_Solid,001,02_DRIVE_SYSTEM,REPAIRED_MANUFACTURER_CAD
OFFICIAL_CHASSIS_0311_Solid,001,02_DRIVE_SYSTEM,MANUFACTURER_CAD
OFFICIAL_CHASSIS_0312_Solid,001,02_DRIVE_SYSTEM,MANUFACTURER_CAD
OFFICIAL_CHASSIS_0313_Solid,001,02_DRIVE_SYSTEM,MANUFACTURER_CAD
OFFICIAL_CHASSIS_0314_Solid,001,02_DRIVE_SYSTEM,MANUFACTURER_CAD
OFFICIAL_CHASSIS_0315_Solid,001,02_DRIVE_SYSTEM,MANUFACTURER_CAD
OFFICIAL_CHASSIS_0316_Solid,001,02_DRIVE_SYSTEM,MANUFACTURER_CAD
OFFICIAL_CHASSIS_0317_Solid,001,02_DRIVE_SYSTEM,MANUFACTURER_CAD
OFFICIAL_CHASSIS_0318_Solid,001,02_DRIVE_SYSTEM,MANUFACTURER_CAD
OFFICIAL_CHASSIS_0319_Solid,001,02_DRIVE_SYSTEM,MANUFACTURER_CAD
OFFICIAL_CHASSIS_0320_Solid,001,02_DRIVE_SYSTEM,MANUFACTURER_CAD
OFFICIAL_CHASSIS_0321_Solid,001,02_DRIVE_SYSTEM,MANUFACTURER_CAD
OFFICIAL_CHASSIS_0322_Solid,001,02_DRIVE_SYSTEM,MANUFACTURER_CAD
OFFICIAL_CHASSIS_0323_Solid,001,02_DRIVE_SYSTEM,MANUFACTURER_CAD
OFFICIAL_CHASSIS_0324_Solid,001,02_DRIVE_SYSTEM,REPAIRED_MANUFACTURER_CAD
OFFICIAL_CHASSIS_0325_Solid,001,02_DRIVE_SYSTEM,MANUFACTURER_CAD
OFFICIAL_CHASSIS_0326_Solid,001,02_DRIVE_SYSTEM,MANUFACTURER_CAD
OFFICIAL_CHASSIS_0327_Solid,001,02_DRIVE_SYSTEM,MANUFACTURER_CAD
OFFICIAL_CHASSIS_0328_Solid,001,02_DRIVE_SYSTEM,MANUFACTURER_CAD
OFFICIAL_CHASSIS_0329_Solid,001,02_DRIVE_SYSTEM,MANUFACTURER_CAD
OFFICIAL_CHASSIS_0330_Solid,001,02_DRIVE_SYSTEM,MANUFACTURER_CAD
OFFICIAL_CHASSIS_0331_Solid,001,02_DRIVE_SYSTEM,MANUFACTURER_CAD
OFFICIAL_CHASSIS_0332_Solid,001,02_DRIVE_SYSTEM,MANUFACTURER_CAD
OFFICIAL_CHASSIS_0333_Solid,001,02_DRIVE_SYSTEM,MANUFACTURER_CAD
OFFICIAL_CHASSIS_0334_Solid,001,02_DRIVE_SYSTEM,MANUFACTURER_CAD
OFFICIAL_CHASSIS_0335_Solid,001,02_DRIVE_SYSTEM,MANUFACTURER_CAD
OFFICIAL_CHASSIS_0336_Solid,001,02_DRIVE_SYSTEM,MANUFACTURER_CAD
OFFICIAL_CHASSIS_0337_Solid,001,02_DRIVE_SYSTEM,MANUFACTURER_CAD
OFFICIAL_CHASSIS_0338_Solid,001,02_DRIVE_SYSTEM,REPAIRED_MANUFACTURER_CAD
OFFICIAL_CHASSIS_0339_Solid,001,02_DRIVE_SYSTEM,MANUFACTURER_CAD
OFFICIAL_CHASSIS_0340_Solid,001,02_DRIVE_SYSTEM,MANUFACTURER_CAD
OFFICIAL_CHASSIS_0341_Solid,001,02_DRIVE_SYSTEM,MANUFACTURER_CAD
OFFICIAL_CHASSIS_0342_Solid,001,02_DRIVE_SYSTEM,MANUFACTURER_CAD
OFFICIAL_CHASSIS_0343_Solid,001,02_DRIVE_SYSTEM,MANUFACTURER_CAD
OFFICIAL_CHASSIS_0344_Solid,001,02_DRIVE_SYSTEM,MANUFACTURER_CAD
OFFICIAL_CHASSIS_0345_Solid,001,02_DRIVE_SYSTEM,MANUFACTURER_CAD
OFFICIAL_CHASSIS_0346_Solid,001,02_DRIVE_SYSTEM,MANUFACTURER_CAD
OFFICIAL_CHASSIS_0347_Solid,001,02_DRIVE_SYSTEM,MANUFACTURER_CAD
OFFICIAL_CHASSIS_0348_Solid,001,02_DRIVE_SYSTEM,MANUFACTURER_CAD
OFFICIAL_CHASSIS_0349_Solid,001,02_DRIVE_SYSTEM,MANUFACTURER_CAD
OFFICIAL_CHASSIS_0350_Solid,001,02_DRIVE_SYSTEM,MANUFACTURER_CAD
OFFICIAL_CHASSIS_0351_Solid,001,02_DRIVE_SYSTEM,MANUFACTURER_CAD
OFFICIAL_CHASSIS_0352_Solid,001,02_DRIVE_SYSTEM,MANUFACTURER_CAD
OFFICIAL_CHASSIS_0353_Solid,001,02_DRIVE_SYSTEM,MANUFACTURER_CAD
OFFICIAL_CHASSIS_0354_Solid,001,02_DRIVE_SYSTEM,MANUFACTURER_CAD
OFFICIAL_CHASSIS_0355_Solid,001,02_DRIVE_SYSTEM,MANUFACTURER_CAD
OFFICIAL_CHASSIS_0356_Solid,001,02_DRIVE_SYSTEM,MANUFACTURER_CAD
OFFICIAL_CHASSIS_0357_Solid,001,02_DRIVE_SYSTEM,MANUFACTURER_CAD
OFFICIAL_CHASSIS_0358_Solid,001,02_DRIVE_SYSTEM,MANUFACTURER_CAD
OFFICIAL_CHASSIS_0359_Solid,001,02_DRIVE_SYSTEM,MANUFACTURER_CAD
OFFICIAL_CHASSIS_0360_Solid,001,02_DRIVE_SYSTEM,MANUFACTURER_CAD
OFFICIAL_CHASSIS_0361_Solid,001,02_DRIVE_SYSTEM,MANUFACTURER_CAD
OFFICIAL_CHASSIS_0362_Solid,001,02_DRIVE_SYSTEM,MANUFACTURER_CAD
OFFICIAL_CHASSIS_0363_Solid,001,02_DRIVE_SYSTEM,MANUFACTURER_CAD
OFFICIAL_CHASSIS_0364_Solid,001,02_DRIVE_SYSTEM,MANUFACTURER_CAD
OFFICIAL_CHASSIS_0365_Solid,001,02_DRIVE_SYSTEM,MANUFACTURER_CAD
OFFICIAL_CHASSIS_0366_Solid,001,02_DRIVE_SYSTEM,MANUFACTURER_CAD
OFFICIAL_CHASSIS_0367_Solid,001,02_DRIVE_SYSTEM,MANUFACTURER_CAD
OFFICIAL_CHASSIS_0368_Solid,001,02_DRIVE_SYSTEM,MANUFACTURER_CAD
OFFICIAL_CHASSIS_0369_Solid,001,02_DRIVE_SYSTEM,MANUFACTURER_CAD
OFFICIAL_CHASSIS_0370_Solid,001,02_DRIVE_SYSTEM,MANUFACTURER_CAD
OFFICIAL_CHASSIS_0371_Solid,001,02_DRIVE_SYSTEM,MANUFACTURER_CAD
OFFICIAL_CHASSIS_0372_Solid,001,02_DRIVE_SYSTEM,MANUFACTURER_CAD
OFFICIAL_CHASSIS_0373_Solid,001,02_DRIVE_SYSTEM,MANUFACTURER_CAD
OFFICIAL_CHASSIS_0374_Solid,001,02_DRIVE_SYSTEM,MANUFACTURER_CAD
OFFICIAL_CHASSIS_0375_Solid,001,02_DRIVE_SYSTEM,MANUFACTURER_CAD
OFFICIAL_CHASSIS_0376_Solid,001,02_DRIVE_SYSTEM,MANUFACTURER_CAD
OFFICIAL_CHASSIS_0377_Solid,001,02_DRIVE_SYSTEM,MANUFACTURER_CAD
OFFICIAL_CHASSIS_0378_Solid,001,02_DRIVE_SYSTEM,MANUFACTURER_CAD
OFFICIAL_CHASSIS_0379_Solid,001,02_DRIVE_SYSTEM,MANUFACTURER_CAD
OFFICIAL_CHASSIS_0380_Solid,001,02_DRIVE_SYSTEM,MANUFACTURER_CAD
OFFICIAL_CHASSIS_0381_Solid,001,02_DRIVE_SYSTEM,MANUFACTURER_CAD
OFFICIAL_CHASSIS_0382_Solid,001,02_DRIVE_SYSTEM,MANUFACTURER_CAD
OFFICIAL_CHASSIS_0383_Solid,001,02_DRIVE_SYSTEM,MANUFACTURER_CAD
OFFICIAL_CHASSIS_0384_Solid,001,02_DRIVE_SYSTEM,MANUFACTURER_CAD
OFFICIAL_CHASSIS_0385_Solid,001,02_DRIVE_SYSTEM,MANUFACTURER_CAD
OFFICIAL_CHASSIS_0386_Solid,001,02_DRIVE_SYSTEM,MANUFACTURER_CAD
OFFICIAL_CHASSIS_0387_Solid,001,02_DRIVE_SYSTEM,MANUFACTURER_CAD
OFFICIAL_CHASSIS_0388_Solid,001,02_DRIVE_SYSTEM,MANUFACTURER_CAD
OFFICIAL_CHASSIS_0389_Solid,001,02_DRIVE_SYSTEM,MANUFACTURER_CAD
OFFICIAL_CHASSIS_0390_Solid,001,02_DRIVE_SYSTEM,MANUFACTURER_CAD
OFFICIAL_CHASSIS_0391_Solid,001,02_DRIVE_SYSTEM,MANUFACTURER_CAD
OFFICIAL_CHASSIS_0392_Solid,001,02_DRIVE_SYSTEM,MANUFACTURER_CAD
OFFICIAL_CHASSIS_0393_Solid,001,02_DRIVE_SYSTEM,MANUFACTURER_CAD
OFFICIAL_CHASSIS_0394_Solid,001,02_DRIVE_SYSTEM,MANUFACTURER_CAD
OFFICIAL_CHASSIS_0395_Solid,001,02_DRIVE_SYSTEM,MANUFACTURER_CAD
OFFICIAL_CHASSIS_0396_Solid,001,02_DRIVE_SYSTEM,MANUFACTURER_CAD
OFFICIAL_CHASSIS_0397_Solid,001,02_DRIVE_SYSTEM,MANUFACTURER_CAD
OFFICIAL_CHASSIS_0398_Solid,001,02_DRIVE_SYSTEM,MANUFACTURER_CAD
OFFICIAL_CHASSIS_0399_Solid,001,02_DRIVE_SYSTEM,MANUFACTURER_CAD
OFFICIAL_CHASSIS_0400_Solid,001,02_DRIVE_SYSTEM,MANUFACTURER_CAD
OFFICIAL_CHASSIS_0401_Solid,001,02_DRIVE_SYSTEM,MANUFACTURER_CAD
OFFICIAL_CHASSIS_0402_Solid,001,02_DRIVE_SYSTEM,MANUFACTURER_CAD
OFFICIAL_CHASSIS_0403_Solid,001,02_DRIVE_SYSTEM,MANUFACTURER_CAD
OFFICIAL_CHASSIS_0404_Solid,001,02_DRIVE_SYSTEM,MANUFACTURER_CAD
OFFICIAL_CHASSIS_0405_Solid,001,02_DRIVE_SYSTEM,MANUFACTURER_CAD
OFFICIAL_CHASSIS_0406_Solid,001,02_DRIVE_SYSTEM,MANUFACTURER_CAD
OFFICIAL_CHASSIS_0407_Solid,001,02_DRIVE_SYSTEM,MANUFACTURER_CAD
OFFICIAL_CHASSIS_0408_Solid,001,02_DRIVE_SYSTEM,MANUFACTURER_CAD
OFFICIAL_CHASSIS_0409_Solid,001,02_DRIVE_SYSTEM,MANUFACTURER_CAD
OFFICIAL_CHASSIS_0410_Shell,001,02_DRIVE_SYSTEM,MANUFACTURER_CAD
OFFICIAL_CHASSIS_0411_Shell,001,02_DRIVE_SYSTEM,MANUFACTURER_CAD
OFFICIAL_JETSON_0000_Solid,002,04_COMPUTE,MANUFACTURER_CAD
OFFICIAL_JETSON_0001_Shell,002,04_COMPUTE,MANUFACTURER_CAD
OFFICIAL_JETSON_0002_Solid,002,04_COMPUTE,MANUFACTURER_CAD
OFFICIAL_JETSON_0003_Shell,002,04_COMPUTE,MANUFACTURER_CAD
OFFICIAL_JETSON_0004_Solid,002,04_COMPUTE,MANUFACTURER_CAD
OFFICIAL_JETSON_0005_Solid,002,04_COMPUTE,MANUFACTURER_CAD
OFFICIAL_JETSON_0006_Solid,002,04_COMPUTE,MANUFACTURER_CAD
OFFICIAL_JETSON_0007_Solid,002,04_COMPUTE,MANUFACTURER_CAD
OFFICIAL_JETSON_0008_Solid,002,04_COMPUTE,MANUFACTURER_CAD
OFFICIAL_JETSON_0009_Solid,002,04_COMPUTE,MANUFACTURER_CAD
OFFICIAL_JETSON_0010_Solid,002,04_COMPUTE,MANUFACTURER_CAD
OFFICIAL_JETSON_0011_Solid,002,04_COMPUTE,MANUFACTURER_CAD
OFFICIAL_JETSON_0012_Solid,002,04_COMPUTE,MANUFACTURER_CAD
OFFICIAL_JETSON_0013_Solid,002,04_COMPUTE,MANUFACTURER_CAD
OFFICIAL_JETSON_0014_Solid,002,04_COMPUTE,MANUFACTURER_CAD
OFFICIAL_JETSON_0015_Solid,002,04_COMPUTE,MANUFACTURER_CAD
OFFICIAL_JETSON_0016_Solid,002,04_COMPUTE,MANUFACTURER_CAD
OFFICIAL_JETSON_0017_Solid,002,04_COMPUTE,MANUFACTURER_CAD
OFFICIAL_JETSON_0018_Solid,002,04_COMPUTE,MANUFACTURER_CAD
OFFICIAL_JETSON_0019_Solid,002,04_COMPUTE,MANUFACTURER_CAD
OFFICIAL_JETSON_0020_Solid,002,04_COMPUTE,MANUFACTURER_CAD
OFFICIAL_JETSON_0021_Solid,002,04_COMPUTE,MANUFACTURER_CAD
OFFICIAL_JETSON_0022_Solid,002,04_COMPUTE,MANUFACTURER_CAD
OFFICIAL_JETSON_0023_Solid,002,04_COMPUTE,MANUFACTURER_CAD
OFFICIAL_JETSON_0024_Solid,002,04_COMPUTE,MANUFACTURER_CAD
OFFICIAL_JETSON_0025_Solid,002,04_COMPUTE,MANUFACTURER_CAD
OFFICIAL_JETSON_0026_Solid,002,04_COMPUTE,MANUFACTURER_CAD
OFFICIAL_JETSON_0027_Solid,002,04_COMPUTE,MANUFACTURER_CAD
OFFICIAL_JETSON_0028_Solid,002,04_COMPUTE,MANUFACTURER_CAD
OFFICIAL_JETSON_0029_Solid,002,04_COMPUTE,MANUFACTURER_CAD
OFFICIAL_JETSON_0030_Solid,002,04_COMPUTE,MANUFACTURER_CAD
OFFICIAL_JETSON_0031_Solid,002,04_COMPUTE,MANUFACTURER_CAD
OFFICIAL_JETSON_0032_Solid,002,04_COMPUTE,MANUFACTURER_CAD
OFFICIAL_JETSON_0033_Solid,002,04_COMPUTE,MANUFACTURER_CAD
OFFICIAL_JETSON_0034_Solid,002,04_COMPUTE,MANUFACTURER_CAD
OFFICIAL_JETSON_0035_Solid,002,04_COMPUTE,MANUFACTURER_CAD
OFFICIAL_JETSON_0036_Solid,002,04_COMPUTE,MANUFACTURER_CAD
OFFICIAL_JETSON_0037_Solid,002,04_COMPUTE,MANUFACTURER_CAD
OFFICIAL_JETSON_0038_Solid,002,04_COMPUTE,MANUFACTURER_CAD
OFFICIAL_JETSON_0039_Solid,002,04_COMPUTE,MANUFACTURER_CAD
OFFICIAL_JETSON_0040_Solid,002,04_COMPUTE,MANUFACTURER_CAD
OFFICIAL_JETSON_0041_Solid,002,04_COMPUTE,MANUFACTURER_CAD
OFFICIAL_JETSON_0042_Solid,002,04_COMPUTE,MANUFACTURER_CAD
OFFICIAL_JETSON_0043_Solid,002,04_COMPUTE,MANUFACTURER_CAD
OFFICIAL_JETSON_0044_Solid,002,04_COMPUTE,MANUFACTURER_CAD
OFFICIAL_JETSON_0045_Solid,002,04_COMPUTE,MANUFACTURER_CAD
OFFICIAL_JETSON_0046_Solid,002,04_COMPUTE,MANUFACTURER_CAD
OFFICIAL_JETSON_0047_Solid,002,04_COMPUTE,MANUFACTURER_CAD
OFFICIAL_JETSON_0048_Solid,002,04_COMPUTE,MANUFACTURER_CAD
OFFICIAL_JETSON_0049_Solid,002,04_COMPUTE,MANUFACTURER_CAD
OFFICIAL_JETSON_0050_Solid,002,04_COMPUTE,MANUFACTURER_CAD
OFFICIAL_JETSON_0051_Solid,002,04_COMPUTE,MANUFACTURER_CAD
OFFICIAL_JETSON_0052_Solid,002,04_COMPUTE,MANUFACTURER_CAD
OFFICIAL_JETSON_0053_Solid,002,04_COMPUTE,MANUFACTURER_CAD
OFFICIAL_JETSON_0054_Solid,002,04_COMPUTE,MANUFACTURER_CAD
OFFICIAL_JETSON_0055_Solid,002,04_COMPUTE,MANUFACTURER_CAD
OFFICIAL_JETSON_0056_Solid,002,04_COMPUTE,MANUFACTURER_CAD
OFFICIAL_JETSON_0057_Solid,002,04_COMPUTE,MANUFACTURER_CAD
OFFICIAL_JETSON_0058_Solid,002,04_COMPUTE,MANUFACTURER_CAD
OFFICIAL_JETSON_0059_Solid,002,04_COMPUTE,MANUFACTURER_CAD
OFFICIAL_JETSON_0060_Solid,002,04_COMPUTE,MANUFACTURER_CAD
OFFICIAL_JETSON_0061_Solid,002,04_COMPUTE,MANUFACTURER_CAD
OFFICIAL_JETSON_0062_Solid,002,04_COMPUTE,MANUFACTURER_CAD
OFFICIAL_JETSON_0063_Solid,002,04_COMPUTE,MANUFACTURER_CAD
OFFICIAL_JETSON_0064_Solid,002,04_COMPUTE,MANUFACTURER_CAD
OFFICIAL_JETSON_0065_Solid,002,04_COMPUTE,MANUFACTURER_CAD
OFFICIAL_JETSON_0066_Solid,002,04_COMPUTE,MANUFACTURER_CAD
OFFICIAL_JETSON_0067_Solid,002,04_COMPUTE,MANUFACTURER_CAD
OFFICIAL_JETSON_0068_Solid,002,04_COMPUTE,MANUFACTURER_CAD
OFFICIAL_JETSON_0069_Solid,002,04_COMPUTE,MANUFACTURER_CAD
OFFICIAL_JETSON_0070_Solid,002,04_COMPUTE,MANUFACTURER_CAD
OFFICIAL_JETSON_0071_Solid,002,04_COMPUTE,MANUFACTURER_CAD
OFFICIAL_JETSON_0072_Solid,002,04_COMPUTE,MANUFACTURER_CAD
OFFICIAL_JETSON_0073_Solid,002,04_COMPUTE,MANUFACTURER_CAD
OFFICIAL_JETSON_0074_Solid,002,04_COMPUTE,MANUFACTURER_CAD
OFFICIAL_JETSON_0075_Solid,002,04_COMPUTE,MANUFACTURER_CAD
OFFICIAL_JETSON_0076_Solid,002,04_COMPUTE,MANUFACTURER_CAD
OFFICIAL_JETSON_0077_Solid,002,04_COMPUTE,MANUFACTURER_CAD
OFFICIAL_JETSON_0078_Solid,002,04_COMPUTE,MANUFACTURER_CAD
OFFICIAL_JETSON_0079_Solid,002,04_COMPUTE,MANUFACTURER_CAD
OFFICIAL_JETSON_0080_Solid,002,04_COMPUTE,MANUFACTURER_CAD
OFFICIAL_JETSON_0081_Solid,002,04_COMPUTE,MANUFACTURER_CAD
OFFICIAL_JETSON_0082_Solid,002,04_COMPUTE,MANUFACTURER_CAD
OFFICIAL_JETSON_0083_Solid,002,04_COMPUTE,MANUFACTURER_CAD
OFFICIAL_JETSON_0084_Solid,002,04_COMPUTE,MANUFACTURER_CAD
OFFICIAL_JETSON_0085_Solid,002,04_COMPUTE,MANUFACTURER_CAD
OFFICIAL_JETSON_0086_Solid,002,04_COMPUTE,MANUFACTURER_CAD
OFFICIAL_JETSON_0087_Solid,002,04_COMPUTE,MANUFACTURER_CAD
OFFICIAL_JETSON_0088_Solid,002,04_COMPUTE,MANUFACTURER_CAD
OFFICIAL_JETSON_0089_Solid,002,04_COMPUTE,MANUFACTURER_CAD
OFFICIAL_JETSON_0090_Solid,002,04_COMPUTE,MANUFACTURER_CAD
OFFICIAL_JETSON_0091_Solid,002,04_COMPUTE,MANUFACTURER_CAD
OFFICIAL_JETSON_0092_Solid,002,04_COMPUTE,MANUFACTURER_CAD
OFFICIAL_JETSON_0093_Solid,002,04_COMPUTE,MANUFACTURER_CAD
OFFICIAL_JETSON_0094_Solid,002,04_COMPUTE,MANUFACTURER_CAD
OFFICIAL_JETSON_0095_Solid,002,04_COMPUTE,MANUFACTURER_CAD
OFFICIAL_JETSON_0096_Solid,002,04_COMPUTE,MANUFACTURER_CAD
OFFICIAL_JETSON_0097_Solid,002,04_COMPUTE,MANUFACTURER_CAD
OFFICIAL_JETSON_0098_Solid,002,04_COMPUTE,MANUFACTURER_CAD
OFFICIAL_JETSON_0099_Solid,002,04_COMPUTE,MANUFACTURER_CAD
OFFICIAL_JETSON_0100_Solid,002,04_COMPUTE,MANUFACTURER_CAD
OFFICIAL_JETSON_0101_Solid,002,04_COMPUTE,MANUFACTURER_CAD
OFFICIAL_JETSON_0102_Solid,002,04_COMPUTE,MANUFACTURER_CAD
OFFICIAL_JETSON_0103_Solid,002,04_COMPUTE,MANUFACTURER_CAD
OFFICIAL_JETSON_0104_Solid,002,04_COMPUTE,MANUFACTURER_CAD
OFFICIAL_JETSON_0105_Solid,002,04_COMPUTE,MANUFACTURER_CAD
OFFICIAL_JETSON_0106_Solid,002,04_COMPUTE,MANUFACTURER_CAD
OFFICIAL_JETSON_0107_Solid,002,04_COMPUTE,MANUFACTURER_CAD
OFFICIAL_JETSON_0108_Solid,002,04_COMPUTE,MANUFACTURER_CAD
OFFICIAL_JETSON_0109_Solid,002,04_COMPUTE,MANUFACTURER_CAD
OFFICIAL_JETSON_0110_Solid,002,04_COMPUTE,MANUFACTURER_CAD
OFFICIAL_JETSON_0111_Solid,002,04_COMPUTE,MANUFACTURER_CAD
OFFICIAL_JETSON_0112_Solid,002,04_COMPUTE,MANUFACTURER_CAD
OFFICIAL_JETSON_0113_Solid,002,04_COMPUTE,MANUFACTURER_CAD
OFFICIAL_JETSON_0114_Solid,002,04_COMPUTE,MANUFACTURER_CAD
OFFICIAL_JETSON_0115_Solid,002,04_COMPUTE,MANUFACTURER_CAD
OFFICIAL_JETSON_0116_Solid,002,04_COMPUTE,MANUFACTURER_CAD
OFFICIAL_JETSON_0117_Solid,002,04_COMPUTE,MANUFACTURER_CAD
OFFICIAL_JETSON_0118_Solid,002,04_COMPUTE,MANUFACTURER_CAD
OFFICIAL_JETSON_0119_Solid,002,04_COMPUTE,MANUFACTURER_CAD
OFFICIAL_JETSON_0120_Solid,002,04_COMPUTE,MANUFACTURER_CAD
OFFICIAL_JETSON_0121_Solid,002,04_COMPUTE,MANUFACTURER_CAD
OFFICIAL_JETSON_0122_Solid,002,04_COMPUTE,MANUFACTURER_CAD
OFFICIAL_JETSON_0123_Solid,002,04_COMPUTE,MANUFACTURER_CAD
OFFICIAL_JETSON_0124_Solid,002,04_COMPUTE,MANUFACTURER_CAD
OFFICIAL_JETSON_0125_Solid,002,04_COMPUTE,MANUFACTURER_CAD
OFFICIAL_JETSON_0126_Solid,002,04_COMPUTE,MANUFACTURER_CAD
OFFICIAL_JETSON_0127_Solid,002,04_COMPUTE,MANUFACTURER_CAD
OFFICIAL_JETSON_0128_Solid,002,04_COMPUTE,MANUFACTURER_CAD
OFFICIAL_JETSON_0129_Solid,002,04_COMPUTE,MANUFACTURER_CAD
OFFICIAL_JETSON_0130_Solid,002,04_COMPUTE,MANUFACTURER_CAD
OFFICIAL_JETSON_0131_Solid,002,04_COMPUTE,MANUFACTURER_CAD
OFFICIAL_JETSON_0132_Solid,002,04_COMPUTE,MANUFACTURER_CAD
OFFICIAL_JETSON_0133_Solid,002,04_COMPUTE,MANUFACTURER_CAD
OFFICIAL_JETSON_0134_Solid,002,04_COMPUTE,MANUFACTURER_CAD
OFFICIAL_JETSON_0135_Solid,002,04_COMPUTE,MANUFACTURER_CAD
OFFICIAL_JETSON_0136_Solid,002,04_COMPUTE,MANUFACTURER_CAD
OFFICIAL_JETSON_0137_Solid,002,04_COMPUTE,MANUFACTURER_CAD
OFFICIAL_JETSON_0138_Solid,002,04_COMPUTE,MANUFACTURER_CAD
OFFICIAL_JETSON_0139_Solid,002,04_COMPUTE,MANUFACTURER_CAD
OFFICIAL_JETSON_0140_Solid,002,04_COMPUTE,MANUFACTURER_CAD
OFFICIAL_JETSON_0141_Solid,002,04_COMPUTE,MANUFACTURER_CAD
OFFICIAL_JETSON_0142_Solid,002,04_COMPUTE,MANUFACTURER_CAD
OFFICIAL_JETSON_0143_Solid,002,04_COMPUTE,MANUFACTURER_CAD
OFFICIAL_JETSON_0144_Solid,002,04_COMPUTE,MANUFACTURER_CAD
OFFICIAL_JETSON_0145_Solid,002,04_COMPUTE,MANUFACTURER_CAD
OFFICIAL_JETSON_0146_Solid,002,04_COMPUTE,MANUFACTURER_CAD
OFFICIAL_JETSON_0147_Solid,002,04_COMPUTE,MANUFACTURER_CAD
OFFICIAL_JETSON_0148_Solid,002,04_COMPUTE,MANUFACTURER_CAD
OFFICIAL_JETSON_0149_Solid,002,04_COMPUTE,MANUFACTURER_CAD
OFFICIAL_JETSON_0150_Solid,002,04_COMPUTE,MANUFACTURER_CAD
OFFICIAL_JETSON_0151_Solid,002,04_COMPUTE,MANUFACTURER_CAD
OFFICIAL_JETSON_0152_Solid,002,04_COMPUTE,MANUFACTURER_CAD
OFFICIAL_JETSON_0153_Solid,002,04_COMPUTE,MANUFACTURER_CAD
OFFICIAL_JETSON_0154_Solid,002,04_COMPUTE,MANUFACTURER_CAD
OFFICIAL_JETSON_0155_Solid,002,04_COMPUTE,MANUFACTURER_CAD
OFFICIAL_JETSON_0156_Solid,002,04_COMPUTE,MANUFACTURER_CAD
OFFICIAL_JETSON_0157_Solid,002,04_COMPUTE,MANUFACTURER_CAD
OFFICIAL_JETSON_0158_Solid,002,04_COMPUTE,MANUFACTURER_CAD
OFFICIAL_JETSON_0159_Solid,002,04_COMPUTE,MANUFACTURER_CAD
OFFICIAL_JETSON_0160_Solid,002,04_COMPUTE,MANUFACTURER_CAD
OFFICIAL_JETSON_0161_Solid,002,04_COMPUTE,MANUFACTURER_CAD
OFFICIAL_JETSON_0162_Solid,002,04_COMPUTE,MANUFACTURER_CAD
OFFICIAL_JETSON_0163_Solid,002,04_COMPUTE,MANUFACTURER_CAD
OFFICIAL_JETSON_0164_Solid,002,04_COMPUTE,MANUFACTURER_CAD
OFFICIAL_JETSON_0165_Solid,002,04_COMPUTE,MANUFACTURER_CAD
OFFICIAL_JETSON_0166_Solid,002,04_COMPUTE,MANUFACTURER_CAD
OFFICIAL_JETSON_0167_Solid,002,04_COMPUTE,MANUFACTURER_CAD
OFFICIAL_JETSON_0168_Solid,002,04_COMPUTE,MANUFACTURER_CAD
OFFICIAL_JETSON_0169_Solid,002,04_COMPUTE,MANUFACTURER_CAD
OFFICIAL_JETSON_0170_Solid,002,04_COMPUTE,MANUFACTURER_CAD
OFFICIAL_JETSON_0171_Solid,002,04_COMPUTE,MANUFACTURER_CAD
OFFICIAL_JETSON_0172_Solid,002,04_COMPUTE,MANUFACTURER_CAD
OFFICIAL_JETSON_0173_Solid,002,04_COMPUTE,MANUFACTURER_CAD
OFFICIAL_JETSON_0174_Solid,002,04_COMPUTE,MANUFACTURER_CAD
OFFICIAL_JETSON_0175_Solid,002,04_COMPUTE,MANUFACTURER_CAD
OFFICIAL_JETSON_0176_Solid,002,04_COMPUTE,MANUFACTURER_CAD
OFFICIAL_JETSON_0177_Solid,002,04_COMPUTE,MANUFACTURER_CAD
OFFICIAL_JETSON_0178_Solid,002,04_COMPUTE,MANUFACTURER_CAD
OFFICIAL_JETSON_0179_Solid,002,04_COMPUTE,MANUFACTURER_CAD
OFFICIAL_JETSON_0180_Solid,002,04_COMPUTE,MANUFACTURER_CAD
OFFICIAL_JETSON_0181_Solid,002,04_COMPUTE,MANUFACTURER_CAD
OFFICIAL_JETSON_0182_Solid,002,04_COMPUTE,MANUFACTURER_CAD
OFFICIAL_JETSON_0183_Solid,002,04_COMPUTE,MANUFACTURER_CAD
OFFICIAL_JETSON_0184_Solid,002,04_COMPUTE,MANUFACTURER_CAD
OFFICIAL_JETSON_0185_Solid,002,04_COMPUTE,MANUFACTURER_CAD
OFFICIAL_JETSON_0186_Solid,002,04_COMPUTE,MANUFACTURER_CAD
OFFICIAL_JETSON_0187_Solid,002,04_COMPUTE,MANUFACTURER_CAD
OFFICIAL_JETSON_0188_Solid,002,04_COMPUTE,MANUFACTURER_CAD
OFFICIAL_JETSON_0189_Solid,002,04_COMPUTE,MANUFACTURER_CAD
OFFICIAL_JETSON_0190_Solid,002,04_COMPUTE,MANUFACTURER_CAD
OFFICIAL_JETSON_0191_Solid,002,04_COMPUTE,MANUFACTURER_CAD
OFFICIAL_JETSON_0192_Solid,002,04_COMPUTE,MANUFACTURER_CAD
OFFICIAL_JETSON_0193_Solid,002,04_COMPUTE,MANUFACTURER_CAD
OFFICIAL_JETSON_0194_Solid,002,04_COMPUTE,MANUFACTURER_CAD
OFFICIAL_JETSON_0195_Solid,002,04_COMPUTE,MANUFACTURER_CAD
OFFICIAL_JETSON_0196_Solid,002,04_COMPUTE,MANUFACTURER_CAD
OFFICIAL_JETSON_0197_Solid,002,04_COMPUTE,MANUFACTURER_CAD
OFFICIAL_JETSON_0198_Solid,002,04_COMPUTE,MANUFACTURER_CAD
OFFICIAL_JETSON_0199_Solid,002,04_COMPUTE,MANUFACTURER_CAD
OFFICIAL_JETSON_0200_Solid,002,04_COMPUTE,MANUFACTURER_CAD
OFFICIAL_JETSON_0201_Solid,002,04_COMPUTE,MANUFACTURER_CAD
OFFICIAL_JETSON_0202_Solid,002,04_COMPUTE,MANUFACTURER_CAD
OFFICIAL_JETSON_0203_Solid,002,04_COMPUTE,MANUFACTURER_CAD
OFFICIAL_JETSON_0204_Solid,002,04_COMPUTE,MANUFACTURER_CAD
OFFICIAL_JETSON_0205_Solid,002,04_COMPUTE,MANUFACTURER_CAD
OFFICIAL_JETSON_0206_Solid,002,04_COMPUTE,MANUFACTURER_CAD
OFFICIAL_JETSON_0207_Solid,002,04_COMPUTE,MANUFACTURER_CAD
OFFICIAL_JETSON_0208_Solid,002,04_COMPUTE,MANUFACTURER_CAD
OFFICIAL_JETSON_0209_Solid,002,04_COMPUTE,MANUFACTURER_CAD
OFFICIAL_JETSON_0210_Solid,002,04_COMPUTE,MANUFACTURER_CAD
OFFICIAL_JETSON_0211_Solid,002,04_COMPUTE,MANUFACTURER_CAD
OFFICIAL_JETSON_0212_Solid,002,04_COMPUTE,MANUFACTURER_CAD
OFFICIAL_JETSON_0213_Solid,002,04_COMPUTE,MANUFACTURER_CAD
OFFICIAL_JETSON_0214_Solid,002,04_COMPUTE,MANUFACTURER_CAD
OFFICIAL_JETSON_0215_Solid,002,04_COMPUTE,MANUFACTURER_CAD
OFFICIAL_JETSON_0216_Solid,002,04_COMPUTE,MANUFACTURER_CAD
OFFICIAL_JETSON_0217_Solid,002,04_COMPUTE,MANUFACTURER_CAD
OFFICIAL_JETSON_0218_Solid,002,04_COMPUTE,MANUFACTURER_CAD
OFFICIAL_JETSON_0219_Solid,002,04_COMPUTE,MANUFACTURER_CAD
OFFICIAL_JETSON_0220_Solid,002,04_COMPUTE,MANUFACTURER_CAD
OFFICIAL_JETSON_0221_Solid,002,04_COMPUTE,MANUFACTURER_CAD
OFFICIAL_JETSON_0222_Solid,002,04_COMPUTE,MANUFACTURER_CAD
OFFICIAL_JETSON_0223_Solid,002,04_COMPUTE,MANUFACTURER_CAD
OFFICIAL_JETSON_0224_Solid,002,04_COMPUTE,MANUFACTURER_CAD
OFFICIAL_JETSON_0225_Solid,002,04_COMPUTE,MANUFACTURER_CAD
OFFICIAL_JETSON_0226_Solid,002,04_COMPUTE,MANUFACTURER_CAD
OFFICIAL_JETSON_0227_Solid,002,04_COMPUTE,MANUFACTURER_CAD
OFFICIAL_JETSON_0228_Solid,002,04_COMPUTE,MANUFACTURER_CAD
OFFICIAL_JETSON_0229_Solid,002,04_COMPUTE,MANUFACTURER_CAD
OFFICIAL_JETSON_0230_Solid,002,04_COMPUTE,MANUFACTURER_CAD
OFFICIAL_JETSON_0231_Solid,002,04_COMPUTE,MANUFACTURER_CAD
OFFICIAL_JETSON_0232_Solid,002,04_COMPUTE,MANUFACTURER_CAD
OFFICIAL_JETSON_0233_Solid,002,04_COMPUTE,MANUFACTURER_CAD
OFFICIAL_JETSON_0234_Solid,002,04_COMPUTE,MANUFACTURER_CAD
OFFICIAL_JETSON_0235_Solid,002,04_COMPUTE,MANUFACTURER_CAD
OFFICIAL_JETSON_0236_Solid,002,04_COMPUTE,MANUFACTURER_CAD
OFFICIAL_JETSON_0237_Solid,002,04_COMPUTE,MANUFACTURER_CAD
OFFICIAL_JETSON_0238_Solid,002,04_COMPUTE,MANUFACTURER_CAD
OFFICIAL_JETSON_0239_Solid,002,04_COMPUTE,MANUFACTURER_CAD
OFFICIAL_JETSON_0240_Solid,002,04_COMPUTE,MANUFACTURER_CAD
OFFICIAL_JETSON_0241_Solid,002,04_COMPUTE,MANUFACTURER_CAD
OFFICIAL_JETSON_0242_Solid,002,04_COMPUTE,MANUFACTURER_CAD
OFFICIAL_JETSON_0243_Solid,002,04_COMPUTE,MANUFACTURER_CAD
OFFICIAL_JETSON_0244_Solid,002,04_COMPUTE,MANUFACTURER_CAD
OFFICIAL_JETSON_0245_Solid,002,04_COMPUTE,MANUFACTURER_CAD
OFFICIAL_JETSON_0246_Solid,002,04_COMPUTE,MANUFACTURER_CAD
OFFICIAL_JETSON_0247_Solid,002,04_COMPUTE,MANUFACTURER_CAD
OFFICIAL_JETSON_0248_Solid,002,04_COMPUTE,MANUFACTURER_CAD
OFFICIAL_JETSON_0249_Solid,002,04_COMPUTE,MANUFACTURER_CAD
OFFICIAL_JETSON_0250_Solid,002,04_COMPUTE,MANUFACTURER_CAD
OFFICIAL_JETSON_0251_Solid,002,04_COMPUTE,MANUFACTURER_CAD
OFFICIAL_JETSON_0252_Solid,002,04_COMPUTE,MANUFACTURER_CAD
OFFICIAL_JETSON_0253_Solid,002,04_COMPUTE,MANUFACTURER_CAD
OFFICIAL_JETSON_0254_Solid,002,04_COMPUTE,MANUFACTURER_CAD
OFFICIAL_JETSON_0255_Solid,002,04_COMPUTE,MANUFACTURER_CAD
OFFICIAL_JETSON_0256_Solid,002,04_COMPUTE,MANUFACTURER_CAD
OFFICIAL_JETSON_0257_Solid,002,04_COMPUTE,MANUFACTURER_CAD
OFFICIAL_JETSON_0258_Solid,002,04_COMPUTE,MANUFACTURER_CAD
OFFICIAL_JETSON_0259_Solid,002,04_COMPUTE,MANUFACTURER_CAD
OFFICIAL_JETSON_0260_Solid,002,04_COMPUTE,MANUFACTURER_CAD
OFFICIAL_JETSON_0261_Solid,002,04_COMPUTE,MANUFACTURER_CAD
OFFICIAL_JETSON_0262_Solid,002,04_COMPUTE,MANUFACTURER_CAD
OFFICIAL_JETSON_0263_Solid,002,04_COMPUTE,MANUFACTURER_CAD
OFFICIAL_JETSON_0264_Solid,002,04_COMPUTE,MANUFACTURER_CAD
OFFICIAL_JETSON_0265_Solid,002,04_COMPUTE,MANUFACTURER_CAD
OFFICIAL_JETSON_0266_Solid,002,04_COMPUTE,MANUFACTURER_CAD
OFFICIAL_JETSON_0267_Solid,002,04_COMPUTE,MANUFACTURER_CAD
OFFICIAL_JETSON_0268_Solid,002,04_COMPUTE,MANUFACTURER_CAD
OFFICIAL_JETSON_0269_Solid,002,04_COMPUTE,MANUFACTURER_CAD
OFFICIAL_JETSON_0270_Solid,002,04_COMPUTE,MANUFACTURER_CAD
OFFICIAL_JETSON_0271_Solid,002,04_COMPUTE,MANUFACTURER_CAD
OFFICIAL_JETSON_0272_Solid,002,04_COMPUTE,MANUFACTURER_CAD
OFFICIAL_JETSON_0273_Solid,002,04_COMPUTE,MANUFACTURER_CAD
OFFICIAL_JETSON_0274_Solid,002,04_COMPUTE,MANUFACTURER_CAD
OFFICIAL_JETSON_0275_Solid,002,04_COMPUTE,MANUFACTURER_CAD
OFFICIAL_JETSON_0276_Shell,002,04_COMPUTE,MANUFACTURER_CAD
OFFICIAL_JETSON_0277_Shell,002,04_COMPUTE,MANUFACTURER_CAD
OFFICIAL_JETSON_0278_Shell,002,04_COMPUTE,MANUFACTURER_CAD
OFFICIAL_JETSON_0279_Shell,002,04_COMPUTE,MANUFACTURER_CAD
OFFICIAL_JETSON_0280_Shell,002,04_COMPUTE,MANUFACTURER_CAD
OFFICIAL_JETSON_0281_Shell,002,04_COMPUTE,MANUFACTURER_CAD
OFFICIAL_JETSON_0282_Shell,002,04_COMPUTE,MANUFACTURER_CAD
OFFICIAL_JETSON_0283_Solid,002,04_COMPUTE,MANUFACTURER_CAD
OFFICIAL_JETSON_0284_Solid,002,04_COMPUTE,MANUFACTURER_CAD
OFFICIAL_JETSON_0285_Shell,002,04_COMPUTE,MANUFACTURER_CAD
OFFICIAL_JETSON_0286_Solid,002,04_COMPUTE,MANUFACTURER_CAD
OFFICIAL_JETSON_0287_Shell,002,04_COMPUTE,MANUFACTURER_CAD
OFFICIAL_JETSON_0288_Shell,002,04_COMPUTE,MANUFACTURER_CAD
OFFICIAL_JETSON_0289_Shell,002,04_COMPUTE,MANUFACTURER_CAD
OFFICIAL_JETSON_0290_Shell,002,04_COMPUTE,MANUFACTURER_CAD
OFFICIAL_JETSON_0291_Shell,002,04_COMPUTE,MANUFACTURER_CAD
OFFICIAL_JETSON_0292_Shell,002,04_COMPUTE,MANUFACTURER_CAD
OFFICIAL_JETSON_0293_Shell,002,04_COMPUTE,MANUFACTURER_CAD
OFFICIAL_JETSON_0294_Shell,002,04_COMPUTE,MANUFACTURER_CAD
OFFICIAL_JETSON_0295_Shell,002,04_COMPUTE,MANUFACTURER_CAD
OFFICIAL_JETSON_0296_Shell,002,04_COMPUTE,MANUFACTURER_CAD
OFFICIAL_JETSON_0297_Shell,002,04_COMPUTE,MANUFACTURER_CAD
OFFICIAL_JETSON_0298_Shell,002,04_COMPUTE,MANUFACTURER_CAD
OFFICIAL_JETSON_0299_Shell,002,04_COMPUTE,MANUFACTURER_CAD
OFFICIAL_JETSON_0300_Shell,002,04_COMPUTE,MANUFACTURER_CAD
OFFICIAL_JETSON_0301_Shell,002,04_COMPUTE,MANUFACTURER_CAD
OFFICIAL_JETSON_0302_Solid,002,04_COMPUTE,MANUFACTURER_CAD
OFFICIAL_JETSON_0303_Shell,002,04_COMPUTE,MANUFACTURER_CAD
OFFICIAL_JETSON_0304_Solid,002,04_COMPUTE,MANUFACTURER_CAD
OFFICIAL_JETSON_0305_Solid,002,04_COMPUTE,MANUFACTURER_CAD
OFFICIAL_JETSON_0306_Solid,002,04_COMPUTE,MANUFACTURER_CAD
OFFICIAL_JETSON_0307_Solid,002,04_COMPUTE,MANUFACTURER_CAD
OFFICIAL_JETSON_0308_Solid,002,04_COMPUTE,MANUFACTURER_CAD
OFFICIAL_JETSON_0309_Solid,002,04_COMPUTE,MANUFACTURER_CAD
OFFICIAL_JETSON_0310_Solid,002,04_COMPUTE,MANUFACTURER_CAD
OFFICIAL_JETSON_0311_Solid,002,04_COMPUTE,MANUFACTURER_CAD
OFFICIAL_JETSON_0312_Solid,002,04_COMPUTE,MANUFACTURER_CAD
OFFICIAL_JETSON_0313_Solid,002,04_COMPUTE,MANUFACTURER_CAD
OFFICIAL_JETSON_0314_Solid,002,04_COMPUTE,MANUFACTURER_CAD
OFFICIAL_JETSON_0315_Solid,002,04_COMPUTE,MANUFACTURER_CAD
OFFICIAL_JETSON_0316_Solid,002,04_COMPUTE,MANUFACTURER_CAD
OFFICIAL_JETSON_0317_Solid,002,04_COMPUTE,MANUFACTURER_CAD
OFFICIAL_JETSON_0318_Solid,002,04_COMPUTE,MANUFACTURER_CAD
OFFICIAL_JETSON_0319_Solid,002,04_COMPUTE,MANUFACTURER_CAD
OFFICIAL_JETSON_0320_Solid,002,04_COMPUTE,MANUFACTURER_CAD
OFFICIAL_JETSON_0321_Solid,002,04_COMPUTE,MANUFACTURER_CAD
OFFICIAL_JETSON_0322_Solid,002,04_COMPUTE,MANUFACTURER_CAD
OFFICIAL_JETSON_0323_Solid,002,04_COMPUTE,MANUFACTURER_CAD
OFFICIAL_JETSON_0324_Solid,002,04_COMPUTE,MANUFACTURER_CAD
OFFICIAL_JETSON_0325_Solid,002,04_COMPUTE,MANUFACTURER_CAD
OFFICIAL_JETSON_0326_Solid,002,04_COMPUTE,MANUFACTURER_CAD
OFFICIAL_JETSON_0327_Solid,002,04_COMPUTE,MANUFACTURER_CAD
OFFICIAL_JETSON_0328_Solid,002,04_COMPUTE,MANUFACTURER_CAD
OFFICIAL_JETSON_0329_Solid,002,04_COMPUTE,MANUFACTURER_CAD
OFFICIAL_JETSON_0330_Solid,002,04_COMPUTE,MANUFACTURER_CAD
OFFICIAL_JETSON_0331_Solid,002,04_COMPUTE,MANUFACTURER_CAD
OFFICIAL_JETSON_0332_Solid,002,04_COMPUTE,MANUFACTURER_CAD
OFFICIAL_JETSON_0333_Solid,002,04_COMPUTE,MANUFACTURER_CAD
OFFICIAL_JETSON_0334_Solid,002,04_COMPUTE,MANUFACTURER_CAD
OFFICIAL_JETSON_0335_Solid,002,04_COMPUTE,MANUFACTURER_CAD
OFFICIAL_JETSON_0336_Solid,002,04_COMPUTE,MANUFACTURER_CAD
OFFICIAL_JETSON_0337_Solid,002,04_COMPUTE,MANUFACTURER_CAD
OFFICIAL_JETSON_0338_Solid,002,04_COMPUTE,MANUFACTURER_CAD
OFFICIAL_JETSON_0339_Solid,002,04_COMPUTE,MANUFACTURER_CAD
OFFICIAL_JETSON_0340_Solid,002,04_COMPUTE,MANUFACTURER_CAD
OFFICIAL_JETSON_0341_Solid,002,04_COMPUTE,MANUFACTURER_CAD
OFFICIAL_JETSON_0342_Solid,002,04_COMPUTE,MANUFACTURER_CAD
OFFICIAL_JETSON_0343_Solid,002,04_COMPUTE,MANUFACTURER_CAD
OFFICIAL_JETSON_0344_Solid,002,04_COMPUTE,MANUFACTURER_CAD
OFFICIAL_JETSON_0345_Solid,002,04_COMPUTE,MANUFACTURER_CAD
OFFICIAL_JETSON_0346_Solid,002,04_COMPUTE,MANUFACTURER_CAD
OFFICIAL_JETSON_0347_Solid,002,04_COMPUTE,MANUFACTURER_CAD
OFFICIAL_JETSON_0348_Solid,002,04_COMPUTE,MANUFACTURER_CAD
OFFICIAL_JETSON_0349_Solid,002,04_COMPUTE,MANUFACTURER_CAD
OFFICIAL_JETSON_0350_Solid,002,04_COMPUTE,MANUFACTURER_CAD
OFFICIAL_JETSON_0351_Solid,002,04_COMPUTE,MANUFACTURER_CAD
OFFICIAL_JETSON_0352_Solid,002,04_COMPUTE,MANUFACTURER_CAD
OFFICIAL_JETSON_0353_Solid,002,04_COMPUTE,MANUFACTURER_CAD
OFFICIAL_JETSON_0354_Solid,002,04_COMPUTE,MANUFACTURER_CAD
OFFICIAL_JETSON_0355_Solid,002,04_COMPUTE,MANUFACTURER_CAD
OFFICIAL_JETSON_0356_Solid,002,04_COMPUTE,MANUFACTURER_CAD
OFFICIAL_JETSON_0357_Solid,002,04_COMPUTE,MANUFACTURER_CAD
OFFICIAL_JETSON_0358_Solid,002,04_COMPUTE,MANUFACTURER_CAD
OFFICIAL_JETSON_0359_Solid,002,04_COMPUTE,MANUFACTURER_CAD
OFFICIAL_JETSON_0360_Solid,002,04_COMPUTE,MANUFACTURER_CAD
OFFICIAL_JETSON_0361_Solid,002,04_COMPUTE,MANUFACTURER_CAD
OFFICIAL_JETSON_0362_Solid,002,04_COMPUTE,MANUFACTURER_CAD
OFFICIAL_JETSON_0363_Solid,002,04_COMPUTE,MANUFACTURER_CAD
OFFICIAL_JETSON_0364_Solid,002,04_COMPUTE,MANUFACTURER_CAD
OFFICIAL_JETSON_0365_Solid,002,04_COMPUTE,MANUFACTURER_CAD
OFFICIAL_JETSON_0366_Solid,002,04_COMPUTE,MANUFACTURER_CAD
OFFICIAL_JETSON_0367_Solid,002,04_COMPUTE,MANUFACTURER_CAD
OFFICIAL_JETSON_0368_Solid,002,04_COMPUTE,MANUFACTURER_CAD
OFFICIAL_JETSON_0369_Solid,002,04_COMPUTE,MANUFACTURER_CAD
OFFICIAL_JETSON_0370_Solid,002,04_COMPUTE,MANUFACTURER_CAD
OFFICIAL_JETSON_0371_Solid,002,04_COMPUTE,MANUFACTURER_CAD
OFFICIAL_JETSON_0372_Solid,002,04_COMPUTE,MANUFACTURER_CAD
OFFICIAL_JETSON_0373_Solid,002,04_COMPUTE,MANUFACTURER_CAD
OFFICIAL_JETSON_0374_Solid,002,04_COMPUTE,MANUFACTURER_CAD
OFFICIAL_JETSON_0375_Solid,002,04_COMPUTE,MANUFACTURER_CAD
OFFICIAL_JETSON_0376_Solid,002,04_COMPUTE,MANUFACTURER_CAD
OFFICIAL_JETSON_0377_Solid,002,04_COMPUTE,MANUFACTURER_CAD
OFFICIAL_JETSON_0378_Solid,002,04_COMPUTE,MANUFACTURER_CAD
OFFICIAL_JETSON_0379_Solid,002,04_COMPUTE,MANUFACTURER_CAD
OFFICIAL_JETSON_0380_Solid,002,04_COMPUTE,MANUFACTURER_CAD
OFFICIAL_JETSON_0381_Solid,002,04_COMPUTE,MANUFACTURER_CAD
OFFICIAL_JETSON_0382_Solid,002,04_COMPUTE,MANUFACTURER_CAD
OFFICIAL_JETSON_0383_Solid,002,04_COMPUTE,MANUFACTURER_CAD
OFFICIAL_JETSON_0384_Solid,002,04_COMPUTE,MANUFACTURER_CAD
OFFICIAL_JETSON_0385_Solid,002,04_COMPUTE,MANUFACTURER_CAD
OFFICIAL_JETSON_0386_Solid,002,04_COMPUTE,MANUFACTURER_CAD
OFFICIAL_JETSON_0387_Solid,002,04_COMPUTE,MANUFACTURER_CAD
OFFICIAL_JETSON_0388_Solid,002,04_COMPUTE,MANUFACTURER_CAD
OFFICIAL_JETSON_0389_Solid,002,04_COMPUTE,MANUFACTURER_CAD
OFFICIAL_JETSON_0390_Solid,002,04_COMPUTE,MANUFACTURER_CAD
OFFICIAL_JETSON_0391_Solid,002,04_COMPUTE,MANUFACTURER_CAD
OFFICIAL_JETSON_0392_Solid,002,04_COMPUTE,MANUFACTURER_CAD
OFFICIAL_JETSON_0393_Solid,002,04_COMPUTE,MANUFACTURER_CAD
OFFICIAL_JETSON_0394_Solid,002,04_COMPUTE,MANUFACTURER_CAD
OFFICIAL_JETSON_0395_Solid,002,04_COMPUTE,MANUFACTURER_CAD
OFFICIAL_JETSON_0396_Solid,002,04_COMPUTE,MANUFACTURER_CAD
OFFICIAL_JETSON_0397_Solid,002,04_COMPUTE,MANUFACTURER_CAD
OFFICIAL_JETSON_0398_Solid,002,04_COMPUTE,MANUFACTURER_CAD
OFFICIAL_JETSON_0399_Solid,002,04_COMPUTE,MANUFACTURER_CAD
OFFICIAL_JETSON_0400_Solid,002,04_COMPUTE,MANUFACTURER_CAD
OFFICIAL_JETSON_0401_Solid,002,04_COMPUTE,MANUFACTURER_CAD
OFFICIAL_JETSON_0402_Solid,002,04_COMPUTE,MANUFACTURER_CAD
OFFICIAL_JETSON_0403_Solid,002,04_COMPUTE,MANUFACTURER_CAD
OFFICIAL_JETSON_0404_Solid,002,04_COMPUTE,MANUFACTURER_CAD
OFFICIAL_JETSON_0405_Solid,002,04_COMPUTE,MANUFACTURER_CAD
OFFICIAL_JETSON_0406_Solid,002,04_COMPUTE,MANUFACTURER_CAD
OFFICIAL_JETSON_0407_Solid,002,04_COMPUTE,MANUFACTURER_CAD
OFFICIAL_JETSON_0408_Solid,002,04_COMPUTE,MANUFACTURER_CAD
OFFICIAL_JETSON_0409_Solid,002,04_COMPUTE,MANUFACTURER_CAD
OFFICIAL_JETSON_0410_Solid,002,04_COMPUTE,MANUFACTURER_CAD
OFFICIAL_JETSON_0411_Solid,002,04_COMPUTE,MANUFACTURER_CAD
OFFICIAL_JETSON_0412_Solid,002,04_COMPUTE,MANUFACTURER_CAD
OFFICIAL_JETSON_0413_Solid,002,04_COMPUTE,MANUFACTURER_CAD
OFFICIAL_JETSON_0414_Solid,002,04_COMPUTE,MANUFACTURER_CAD
OFFICIAL_JETSON_0415_Solid,002,04_COMPUTE,MANUFACTURER_CAD
OFFICIAL_JETSON_0416_Solid,002,04_COMPUTE,MANUFACTURER_CAD
OFFICIAL_JETSON_0417_Solid,002,04_COMPUTE,MANUFACTURER_CAD
OFFICIAL_JETSON_0418_Solid,002,04_COMPUTE,MANUFACTURER_CAD
OFFICIAL_JETSON_0419_Solid,002,04_COMPUTE,MANUFACTURER_CAD
OFFICIAL_JETSON_0420_Solid,002,04_COMPUTE,MANUFACTURER_CAD
OFFICIAL_JETSON_0421_Solid,002,04_COMPUTE,MANUFACTURER_CAD
OFFICIAL_JETSON_0422_Solid,002,04_COMPUTE,MANUFACTURER_CAD
OFFICIAL_JETSON_0423_Solid,002,04_COMPUTE,MANUFACTURER_CAD
OFFICIAL_JETSON_0424_Solid,002,04_COMPUTE,MANUFACTURER_CAD
OFFICIAL_JETSON_0425_Solid,002,04_COMPUTE,MANUFACTURER_CAD
OFFICIAL_JETSON_0426_Solid,002,04_COMPUTE,MANUFACTURER_CAD
OFFICIAL_JETSON_0427_Solid,002,04_COMPUTE,MANUFACTURER_CAD
OFFICIAL_JETSON_0428_Solid,002,04_COMPUTE,MANUFACTURER_CAD
OFFICIAL_JETSON_0429_Solid,002,04_COMPUTE,MANUFACTURER_CAD
OFFICIAL_JETSON_0430_Solid,002,04_COMPUTE,MANUFACTURER_CAD
OFFICIAL_JETSON_0431_Solid,002,04_COMPUTE,MANUFACTURER_CAD
OFFICIAL_JETSON_0432_Solid,002,04_COMPUTE,MANUFACTURER_CAD
OFFICIAL_JETSON_0433_Solid,002,04_COMPUTE,MANUFACTURER_CAD
OFFICIAL_JETSON_0434_Solid,002,04_COMPUTE,MANUFACTURER_CAD
OFFICIAL_JETSON_0435_Solid,002,04_COMPUTE,MANUFACTURER_CAD
OFFICIAL_JETSON_0436_Solid,002,04_COMPUTE,MANUFACTURER_CAD
OFFICIAL_JETSON_0437_Solid,002,04_COMPUTE,MANUFACTURER_CAD
OFFICIAL_JETSON_0438_Solid,002,04_COMPUTE,MANUFACTURER_CAD
OFFICIAL_JETSON_0439_Solid,002,04_COMPUTE,MANUFACTURER_CAD
OFFICIAL_JETSON_0440_Solid,002,04_COMPUTE,MANUFACTURER_CAD
OFFICIAL_JETSON_0441_Solid,002,04_COMPUTE,MANUFACTURER_CAD
OFFICIAL_JETSON_0442_Solid,002,04_COMPUTE,MANUFACTURER_CAD
OFFICIAL_JETSON_0443_Solid,002,04_COMPUTE,MANUFACTURER_CAD
OFFICIAL_JETSON_0444_Solid,002,04_COMPUTE,MANUFACTURER_CAD
OFFICIAL_JETSON_0445_Solid,002,04_COMPUTE,MANUFACTURER_CAD
OFFICIAL_JETSON_0446_Solid,002,04_COMPUTE,MANUFACTURER_CAD
OFFICIAL_JETSON_0447_Solid,002,04_COMPUTE,MANUFACTURER_CAD
OFFICIAL_JETSON_0448_Solid,002,04_COMPUTE,MANUFACTURER_CAD
OFFICIAL_JETSON_0449_Solid,002,04_COMPUTE,MANUFACTURER_CAD
OFFICIAL_JETSON_0450_Solid,002,04_COMPUTE,MANUFACTURER_CAD
OFFICIAL_JETSON_0451_Solid,002,04_COMPUTE,MANUFACTURER_CAD
OFFICIAL_JETSON_0452_Solid,002,04_COMPUTE,MANUFACTURER_CAD
OFFICIAL_JETSON_0453_Solid,002,04_COMPUTE,MANUFACTURER_CAD
OFFICIAL_JETSON_0454_Solid,002,04_COMPUTE,MANUFACTURER_CAD
OFFICIAL_JETSON_0455_Solid,002,04_COMPUTE,MANUFACTURER_CAD
OFFICIAL_JETSON_0456_Solid,002,04_COMPUTE,MANUFACTURER_CAD
OFFICIAL_JETSON_0457_Solid,002,04_COMPUTE,MANUFACTURER_CAD
OFFICIAL_JETSON_0458_Solid,002,04_COMPUTE,MANUFACTURER_CAD
OFFICIAL_JETSON_0459_Solid,002,04_COMPUTE,MANUFACTURER_CAD
OFFICIAL_JETSON_0460_Solid,002,04_COMPUTE,MANUFACTURER_CAD
OFFICIAL_JETSON_0461_Solid,002,04_COMPUTE,MANUFACTURER_CAD
OFFICIAL_JETSON_0462_Solid,002,04_COMPUTE,MANUFACTURER_CAD
OFFICIAL_JETSON_0463_Solid,002,04_COMPUTE,MANUFACTURER_CAD
OFFICIAL_JETSON_0464_Solid,002,04_COMPUTE,MANUFACTURER_CAD
OFFICIAL_JETSON_0465_Solid,002,04_COMPUTE,MANUFACTURER_CAD
OFFICIAL_JETSON_0466_Solid,002,04_COMPUTE,MANUFACTURER_CAD
OFFICIAL_JETSON_0467_Solid,002,04_COMPUTE,MANUFACTURER_CAD
OFFICIAL_JETSON_0468_Solid,002,04_COMPUTE,MANUFACTURER_CAD
OFFICIAL_JETSON_0469_Solid,002,04_COMPUTE,MANUFACTURER_CAD
OFFICIAL_JETSON_0470_Solid,002,04_COMPUTE,MANUFACTURER_CAD
OFFICIAL_JETSON_0471_Solid,002,04_COMPUTE,MANUFACTURER_CAD
OFFICIAL_JETSON_0472_Solid,002,04_COMPUTE,MANUFACTURER_CAD
OFFICIAL_JETSON_0473_Solid,002,04_COMPUTE,MANUFACTURER_CAD
OFFICIAL_JETSON_0474_Solid,002,04_COMPUTE,MANUFACTURER_CAD
OFFICIAL_JETSON_0475_Solid,002,04_COMPUTE,MANUFACTURER_CAD
OFFICIAL_JETSON_0476_Solid,002,04_COMPUTE,MANUFACTURER_CAD
OFFICIAL_JETSON_0477_Solid,002,04_COMPUTE,MANUFACTURER_CAD
OFFICIAL_JETSON_0478_Solid,002,04_COMPUTE,MANUFACTURER_CAD
OFFICIAL_JETSON_0479_Solid,002,04_COMPUTE,MANUFACTURER_CAD
OFFICIAL_JETSON_0480_Solid,002,04_COMPUTE,MANUFACTURER_CAD
OFFICIAL_JETSON_0481_Solid,002,04_COMPUTE,MANUFACTURER_CAD
OFFICIAL_JETSON_0482_Solid,002,04_COMPUTE,MANUFACTURER_CAD
OFFICIAL_JETSON_0483_Solid,002,04_COMPUTE,MANUFACTURER_CAD
OFFICIAL_JETSON_0484_Solid,002,04_COMPUTE,MANUFACTURER_CAD
OFFICIAL_JETSON_0485_Solid,002,04_COMPUTE,MANUFACTURER_CAD
OFFICIAL_JETSON_0486_Solid,002,04_COMPUTE,MANUFACTURER_CAD
OFFICIAL_JETSON_0487_Solid,002,04_COMPUTE,MANUFACTURER_CAD
OFFICIAL_JETSON_0488_Solid,002,04_COMPUTE,MANUFACTURER_CAD
OFFICIAL_JETSON_0489_Solid,002,04_COMPUTE,MANUFACTURER_CAD
OFFICIAL_JETSON_0490_Solid,002,04_COMPUTE,MANUFACTURER_CAD
OFFICIAL_JETSON_0491_Solid,002,04_COMPUTE,MANUFACTURER_CAD
OFFICIAL_JETSON_0492_Solid,002,04_COMPUTE,MANUFACTURER_CAD
OFFICIAL_JETSON_0493_Solid,002,04_COMPUTE,MANUFACTURER_CAD
OFFICIAL_JETSON_0494_Solid,002,04_COMPUTE,MANUFACTURER_CAD
OFFICIAL_JETSON_0495_Solid,002,04_COMPUTE,MANUFACTURER_CAD
OFFICIAL_JETSON_0496_Solid,002,04_COMPUTE,MANUFACTURER_CAD
OFFICIAL_JETSON_0497_Solid,002,04_COMPUTE,MANUFACTURER_CAD
OFFICIAL_JETSON_0498_Solid,002,04_COMPUTE,MANUFACTURER_CAD
OFFICIAL_JETSON_0499_Solid,002,04_COMPUTE,MANUFACTURER_CAD
OFFICIAL_JETSON_0500_Solid,002,04_COMPUTE,MANUFACTURER_CAD
OFFICIAL_JETSON_0501_Solid,002,04_COMPUTE,MANUFACTURER_CAD
OFFICIAL_JETSON_0502_Solid,002,04_COMPUTE,MANUFACTURER_CAD
OFFICIAL_JETSON_0503_Solid,002,04_COMPUTE,MANUFACTURER_CAD
OFFICIAL_JETSON_0504_Solid,002,04_COMPUTE,MANUFACTURER_CAD
OFFICIAL_JETSON_0505_Solid,002,04_COMPUTE,MANUFACTURER_CAD
OFFICIAL_JETSON_0506_Solid,002,04_COMPUTE,MANUFACTURER_CAD
OFFICIAL_JETSON_0507_Solid,002,04_COMPUTE,MANUFACTURER_CAD
OFFICIAL_JETSON_0508_Solid,002,04_COMPUTE,MANUFACTURER_CAD
OFFICIAL_JETSON_0509_Solid,002,04_COMPUTE,MANUFACTURER_CAD
OFFICIAL_JETSON_0510_Solid,002,04_COMPUTE,MANUFACTURER_CAD
OFFICIAL_JETSON_0511_Solid,002,04_COMPUTE,MANUFACTURER_CAD
OFFICIAL_JETSON_0512_Solid,002,04_COMPUTE,MANUFACTURER_CAD
OFFICIAL_JETSON_0513_Solid,002,04_COMPUTE,MANUFACTURER_CAD
OFFICIAL_JETSON_0514_Solid,002,04_COMPUTE,MANUFACTURER_CAD
OFFICIAL_JETSON_0515_Solid,002,04_COMPUTE,MANUFACTURER_CAD
OFFICIAL_JETSON_0516_Solid,002,04_COMPUTE,MANUFACTURER_CAD
OFFICIAL_JETSON_0517_Solid,002,04_COMPUTE,MANUFACTURER_CAD
OFFICIAL_JETSON_0518_Solid,002,04_COMPUTE,MANUFACTURER_CAD
OFFICIAL_JETSON_0519_Solid,002,04_COMPUTE,MANUFACTURER_CAD
OFFICIAL_JETSON_0520_Solid,002,04_COMPUTE,MANUFACTURER_CAD
OFFICIAL_JETSON_0521_Solid,002,04_COMPUTE,MANUFACTURER_CAD
OFFICIAL_JETSON_0522_Solid,002,04_COMPUTE,MANUFACTURER_CAD
OFFICIAL_JETSON_0523_Solid,002,04_COMPUTE,MANUFACTURER_CAD
OFFICIAL_JETSON_0524_Solid,002,04_COMPUTE,MANUFACTURER_CAD
OFFICIAL_JETSON_0525_Solid,002,04_COMPUTE,MANUFACTURER_CAD
OFFICIAL_JETSON_0526_Solid,002,04_COMPUTE,MANUFACTURER_CAD
OFFICIAL_JETSON_0527_Solid,002,04_COMPUTE,MANUFACTURER_CAD
OFFICIAL_JETSON_0528_Solid,002,04_COMPUTE,MANUFACTURER_CAD
OFFICIAL_JETSON_0529_Solid,002,04_COMPUTE,MANUFACTURER_CAD
OFFICIAL_JETSON_0530_Solid,002,04_COMPUTE,MANUFACTURER_CAD
OFFICIAL_JETSON_0531_Solid,002,04_COMPUTE,MANUFACTURER_CAD
OFFICIAL_JETSON_0532_Solid,002,04_COMPUTE,MANUFACTURER_CAD
OFFICIAL_JETSON_0533_Solid,002,04_COMPUTE,MANUFACTURER_CAD
OFFICIAL_JETSON_0534_Solid,002,04_COMPUTE,MANUFACTURER_CAD
OFFICIAL_JETSON_0535_Solid,002,04_COMPUTE,MANUFACTURER_CAD
OFFICIAL_JETSON_0536_Solid,002,04_COMPUTE,MANUFACTURER_CAD
OFFICIAL_JETSON_0537_Solid,002,04_COMPUTE,MANUFACTURER_CAD
OFFICIAL_JETSON_0538_Solid,002,04_COMPUTE,MANUFACTURER_CAD
OFFICIAL_JETSON_0539_Solid,002,04_COMPUTE,MANUFACTURER_CAD
OFFICIAL_JETSON_0540_Solid,002,04_COMPUTE,MANUFACTURER_CAD
OFFICIAL_JETSON_0541_Solid,002,04_COMPUTE,MANUFACTURER_CAD
OFFICIAL_JETSON_0542_Solid,002,04_COMPUTE,MANUFACTURER_CAD
OFFICIAL_JETSON_0543_Solid,002,04_COMPUTE,MANUFACTURER_CAD
OFFICIAL_JETSON_0544_Solid,002,04_COMPUTE,MANUFACTURER_CAD
OFFICIAL_JETSON_0545_Solid,002,04_COMPUTE,MANUFACTURER_CAD
OFFICIAL_JETSON_0546_Solid,002,04_COMPUTE,MANUFACTURER_CAD
OFFICIAL_JETSON_0547_Solid,002,04_COMPUTE,MANUFACTURER_CAD
OFFICIAL_JETSON_0548_Solid,002,04_COMPUTE,MANUFACTURER_CAD
OFFICIAL_JETSON_0549_Shell,002,04_COMPUTE,MANUFACTURER_CAD
OFFICIAL_JETSON_0550_Solid,002,04_COMPUTE,MANUFACTURER_CAD
OFFICIAL_JETSON_0551_Solid,002,04_COMPUTE,MANUFACTURER_CAD
OFFICIAL_JETSON_0552_Solid,002,04_COMPUTE,MANUFACTURER_CAD
OFFICIAL_JETSON_0553_Shell,002,04_COMPUTE,MANUFACTURER_CAD
OFFICIAL_JETSON_0554_Solid,002,04_COMPUTE,MANUFACTURER_CAD
OFFICIAL_JETSON_0555_Solid,002,04_COMPUTE,MANUFACTURER_CAD
OFFICIAL_JETSON_0556_Solid,002,04_COMPUTE,MANUFACTURER_CAD
OFFICIAL_JETSON_0557_Solid,002,04_COMPUTE,MANUFACTURER_CAD
OFFICIAL_JETSON_0558_Solid,002,04_COMPUTE,MANUFACTURER_CAD
OFFICIAL_JETSON_0559_Shell,002,04_COMPUTE,MANUFACTURER_CAD
OFFICIAL_JETSON_0560_Solid,002,04_COMPUTE,MANUFACTURER_CAD
OFFICIAL_JETSON_0561_Shell,002,04_COMPUTE,MANUFACTURER_CAD
OFFICIAL_JETSON_0562_Solid,002,04_COMPUTE,MANUFACTURER_CAD
OFFICIAL_JETSON_0563_Shell,002,04_COMPUTE,MANUFACTURER_CAD
OFFICIAL_JETSON_0564_Solid,002,04_COMPUTE,MANUFACTURER_CAD
OFFICIAL_JETSON_0565_Shell,002,04_COMPUTE,MANUFACTURER_CAD
OFFICIAL_JETSON_0566_Solid,002,04_COMPUTE,MANUFACTURER_CAD
OFFICIAL_JETSON_0567_Shell,002,04_COMPUTE,MANUFACTURER_CAD
OFFICIAL_JETSON_0568_Solid,002,04_COMPUTE,MANUFACTURER_CAD
OFFICIAL_JETSON_0569_Shell,002,04_COMPUTE,MANUFACTURER_CAD
OFFICIAL_JETSON_0570_Solid,002,04_COMPUTE,MANUFACTURER_CAD
OFFICIAL_JETSON_0571_Shell,002,04_COMPUTE,MANUFACTURER_CAD
OFFICIAL_JETSON_0572_Solid,002,04_COMPUTE,MANUFACTURER_CAD
OFFICIAL_JETSON_0573_Shell,002,04_COMPUTE,MANUFACTURER_CAD
OFFICIAL_JETSON_0574_Solid,002,04_COMPUTE,MANUFACTURER_CAD
OFFICIAL_JETSON_0575_Shell,002,04_COMPUTE,MANUFACTURER_CAD
OFFICIAL_JETSON_0576_Solid,002,04_COMPUTE,MANUFACTURER_CAD
OFFICIAL_JETSON_0577_Shell,002,04_COMPUTE,MANUFACTURER_CAD
OFFICIAL_JETSON_0578_Solid,002,04_COMPUTE,MANUFACTURER_CAD
OFFICIAL_JETSON_0579_Shell,002,04_COMPUTE,MANUFACTURER_CAD
OFFICIAL_JETSON_0580_Solid,002,04_COMPUTE,MANUFACTURER_CAD
OFFICIAL_JETSON_0581_Shell,002,04_COMPUTE,MANUFACTURER_CAD
OFFICIAL_JETSON_0582_Solid,002,04_COMPUTE,MANUFACTURER_CAD
OFFICIAL_JETSON_0583_Shell,002,04_COMPUTE,MANUFACTURER_CAD
OFFICIAL_JETSON_0584_Solid,002,04_COMPUTE,MANUFACTURER_CAD
OFFICIAL_JETSON_0585_Shell,002,04_COMPUTE,MANUFACTURER_CAD
OFFICIAL_JETSON_0586_Solid,002,04_COMPUTE,MANUFACTURER_CAD
OFFICIAL_JETSON_0587_Shell,002,04_COMPUTE,MANUFACTURER_CAD
OFFICIAL_JETSON_0588_Solid,002,04_COMPUTE,MANUFACTURER_CAD
OFFICIAL_JETSON_0589_Shell,002,04_COMPUTE,MANUFACTURER_CAD
OFFICIAL_JETSON_0590_Solid,002,04_COMPUTE,MANUFACTURER_CAD
OFFICIAL_JETSON_0591_Shell,002,04_COMPUTE,MANUFACTURER_CAD
OFFICIAL_JETSON_0592_Solid,002,04_COMPUTE,MANUFACTURER_CAD
OFFICIAL_JETSON_0593_Shell,002,04_COMPUTE,MANUFACTURER_CAD
OFFICIAL_JETSON_0594_Solid,002,04_COMPUTE,MANUFACTURER_CAD
OFFICIAL_JETSON_0595_Shell,002,04_COMPUTE,MANUFACTURER_CAD
OFFICIAL_JETSON_0596_Solid,002,04_COMPUTE,MANUFACTURER_CAD
OFFICIAL_JETSON_0597_Shell,002,04_COMPUTE,MANUFACTURER_CAD
OFFICIAL_JETSON_0598_Solid,002,04_COMPUTE,MANUFACTURER_CAD
OFFICIAL_JETSON_0599_Shell,002,04_COMPUTE,MANUFACTURER_CAD
OFFICIAL_JETSON_0600_Solid,002,04_COMPUTE,MANUFACTURER_CAD
OFFICIAL_JETSON_0601_Shell,002,04_COMPUTE,MANUFACTURER_CAD
OFFICIAL_JETSON_0602_Solid,002,04_COMPUTE,MANUFACTURER_CAD
OFFICIAL_JETSON_0603_Shell,002,04_COMPUTE,MANUFACTURER_CAD
OFFICIAL_JETSON_0604_Solid,002,04_COMPUTE,MANUFACTURER_CAD
OFFICIAL_JETSON_0605_Shell,002,04_COMPUTE,MANUFACTURER_CAD
OFFICIAL_JETSON_0606_Solid,002,04_COMPUTE,MANUFACTURER_CAD
OFFICIAL_JETSON_0607_Shell,002,04_COMPUTE,MANUFACTURER_CAD
OFFICIAL_JETSON_0608_Solid,002,04_COMPUTE,MANUFACTURER_CAD
OFFICIAL_JETSON_0609_Shell,002,04_COMPUTE,MANUFACTURER_CAD
OFFICIAL_JETSON_0610_Solid,002,04_COMPUTE,MANUFACTURER_CAD
OFFICIAL_JETSON_0611_Shell,002,04_COMPUTE,MANUFACTURER_CAD
OFFICIAL_JETSON_0612_Solid,002,04_COMPUTE,MANUFACTURER_CAD
OFFICIAL_JETSON_0613_Shell,002,04_COMPUTE,MANUFACTURER_CAD
OFFICIAL_JETSON_0614_Solid,002,04_COMPUTE,MANUFACTURER_CAD
OFFICIAL_JETSON_0615_Shell,002,04_COMPUTE,MANUFACTURER_CAD
OFFICIAL_JETSON_0616_Solid,002,04_COMPUTE,MANUFACTURER_CAD
OFFICIAL_JETSON_0617_Shell,002,04_COMPUTE,MANUFACTURER_CAD
OFFICIAL_JETSON_0618_Solid,002,04_COMPUTE,MANUFACTURER_CAD
OFFICIAL_JETSON_0619_Shell,002,04_COMPUTE,MANUFACTURER_CAD
OFFICIAL_JETSON_0620_Solid,002,04_COMPUTE,MANUFACTURER_CAD
OFFICIAL_JETSON_0621_Shell,002,04_COMPUTE,MANUFACTURER_CAD
OFFICIAL_JETSON_0622_Solid,002,04_COMPUTE,MANUFACTURER_CAD
OFFICIAL_JETSON_0623_Shell,002,04_COMPUTE,MANUFACTURER_CAD
OFFICIAL_JETSON_0624_Solid,002,04_COMPUTE,MANUFACTURER_CAD
OFFICIAL_JETSON_0625_Shell,002,04_COMPUTE,MANUFACTURER_CAD
OFFICIAL_JETSON_0626_Solid,002,04_COMPUTE,MANUFACTURER_CAD
OFFICIAL_JETSON_0627_Solid,002,04_COMPUTE,MANUFACTURER_CAD
OFFICIAL_JETSON_0628_Solid,002,04_COMPUTE,MANUFACTURER_CAD
OFFICIAL_JETSON_0629_Solid,002,04_COMPUTE,MANUFACTURER_CAD
OFFICIAL_JETSON_0630_Solid,002,04_COMPUTE,MANUFACTURER_CAD
OFFICIAL_JETSON_0631_Solid,002,04_COMPUTE,MANUFACTURER_CAD
OFFICIAL_JETSON_0632_Solid,002,04_COMPUTE,MANUFACTURER_CAD
OFFICIAL_JETSON_0633_Solid,002,04_COMPUTE,MANUFACTURER_CAD
OFFICIAL_JETSON_0634_Solid,002,04_COMPUTE,MANUFACTURER_CAD
OFFICIAL_JETSON_0635_Solid,002,04_COMPUTE,MANUFACTURER_CAD
OFFICIAL_JETSON_0636_Solid,002,04_COMPUTE,MANUFACTURER_CAD
OFFICIAL_JETSON_0637_Solid,002,04_COMPUTE,MANUFACTURER_CAD
OFFICIAL_JETSON_0638_Solid,002,04_COMPUTE,MANUFACTURER_CAD
OFFICIAL_JETSON_0639_Solid,002,04_COMPUTE,MANUFACTURER_CAD
OFFICIAL_JETSON_0640_Solid,002,04_COMPUTE,MANUFACTURER_CAD
OFFICIAL_JETSON_0641_Solid,002,04_COMPUTE,MANUFACTURER_CAD
OFFICIAL_JETSON_0642_Solid,002,04_COMPUTE,MANUFACTURER_CAD
OFFICIAL_JETSON_0643_Solid,002,04_COMPUTE,MANUFACTURER_CAD
OFFICIAL_JETSON_0644_Solid,002,04_COMPUTE,MANUFACTURER_CAD
OFFICIAL_JETSON_0645_Solid,002,04_COMPUTE,MANUFACTURER_CAD
OFFICIAL_JETSON_0646_Solid,002,04_COMPUTE,MANUFACTURER_CAD
OFFICIAL_JETSON_0647_Solid,002,04_COMPUTE,MANUFACTURER_CAD
OFFICIAL_JETSON_0648_Solid,002,04_COMPUTE,MANUFACTURER_CAD
OFFICIAL_JETSON_0649_Shell,002,04_COMPUTE,MANUFACTURER_CAD
OFFICIAL_JETSON_0650_Shell,002,04_COMPUTE,MANUFACTURER_CAD
OFFICIAL_JETSON_0651_Shell,002,04_COMPUTE,MANUFACTURER_CAD
OFFICIAL_JETSON_0652_Solid,002,04_COMPUTE,MANUFACTURER_CAD
OFFICIAL_JETSON_0653_Solid,002,04_COMPUTE,MANUFACTURER_CAD
OFFICIAL_JETSON_0654_Solid,002,04_COMPUTE,MANUFACTURER_CAD
OFFICIAL_JETSON_0655_Solid,002,04_COMPUTE,MANUFACTURER_CAD
OFFICIAL_JETSON_0656_Solid,002,04_COMPUTE,MANUFACTURER_CAD
OFFICIAL_JETSON_0657_Solid,002,04_COMPUTE,MANUFACTURER_CAD
OFFICIAL_JETSON_0658_Solid,002,04_COMPUTE,MANUFACTURER_CAD
OFFICIAL_JETSON_0659_Solid,002,04_COMPUTE,MANUFACTURER_CAD
OFFICIAL_JETSON_0660_Solid,002,04_COMPUTE,MANUFACTURER_CAD
OFFICIAL_JETSON_0661_Solid,002,04_COMPUTE,MANUFACTURER_CAD
OFFICIAL_JETSON_0662_Solid,002,04_COMPUTE,MANUFACTURER_CAD
OFFICIAL_JETSON_0663_Solid,002,04_COMPUTE,MANUFACTURER_CAD
OFFICIAL_JETSON_0664_Solid,002,04_COMPUTE,MANUFACTURER_CAD
OFFICIAL_JETSON_0665_Solid,002,04_COMPUTE,MANUFACTURER_CAD
OFFICIAL_JETSON_0666_Solid,002,04_COMPUTE,MANUFACTURER_CAD
OFFICIAL_JETSON_0667_Solid,002,04_COMPUTE,MANUFACTURER_CAD
OFFICIAL_JETSON_0668_Solid,002,04_COMPUTE,MANUFACTURER_CAD
OFFICIAL_JETSON_0669_Solid,002,04_COMPUTE,MANUFACTURER_CAD
OFFICIAL_JETSON_0670_Solid,002,04_COMPUTE,MANUFACTURER_CAD
OFFICIAL_JETSON_0671_Solid,002,04_COMPUTE,MANUFACTURER_CAD
OFFICIAL_JETSON_0672_Solid,002,04_COMPUTE,MANUFACTURER_CAD
OFFICIAL_JETSON_0673_Solid,002,04_COMPUTE,MANUFACTURER_CAD
OFFICIAL_JETSON_0674_Solid,002,04_COMPUTE,MANUFACTURER_CAD
OFFICIAL_JETSON_0675_Shell,002,04_COMPUTE,MANUFACTURER_CAD
OFFICIAL_JETSON_0676_Shell,002,04_COMPUTE,MANUFACTURER_CAD
OFFICIAL_JETSON_0677_Shell,002,04_COMPUTE,MANUFACTURER_CAD
OFFICIAL_JETSON_0678_Solid,002,04_COMPUTE,MANUFACTURER_CAD
OFFICIAL_JETSON_0679_Solid,002,04_COMPUTE,MANUFACTURER_CAD
OFFICIAL_JETSON_0680_Solid,002,04_COMPUTE,MANUFACTURER_CAD
OFFICIAL_JETSON_0681_Solid,002,04_COMPUTE,MANUFACTURER_CAD
OFFICIAL_JETSON_0682_Solid,002,04_COMPUTE,MANUFACTURER_CAD
OFFICIAL_JETSON_0683_Solid,002,04_COMPUTE,MANUFACTURER_CAD
OFFICIAL_JETSON_0684_Solid,002,04_COMPUTE,MANUFACTURER_CAD
OFFICIAL_JETSON_0685_Solid,002,04_COMPUTE,MANUFACTURER_CAD
OFFICIAL_JETSON_0686_Solid,002,04_COMPUTE,MANUFACTURER_CAD
OFFICIAL_JETSON_0687_Solid,002,04_COMPUTE,MANUFACTURER_CAD
OFFICIAL_JETSON_0688_Solid,002,04_COMPUTE,MANUFACTURER_CAD
OFFICIAL_JETSON_0689_Solid,002,04_COMPUTE,MANUFACTURER_CAD
OFFICIAL_JETSON_0690_Solid,002,04_COMPUTE,MANUFACTURER_CAD
OFFICIAL_JETSON_0691_Shell,002,04_COMPUTE,MANUFACTURER_CAD
OFFICIAL_JETSON_0692_Solid,002,04_COMPUTE,MANUFACTURER_CAD
OFFICIAL_JETSON_0693_Solid,002,04_COMPUTE,MANUFACTURER_CAD
OFFICIAL_JETSON_0694_Shell,002,04_COMPUTE,MANUFACTURER_CAD
OFFICIAL_JETSON_0695_Solid,002,04_COMPUTE,MANUFACTURER_CAD
OFFICIAL_JETSON_0696_Solid,002,04_COMPUTE,MANUFACTURER_CAD
OFFICIAL_JETSON_0697_Solid,002,04_COMPUTE,MANUFACTURER_CAD
OFFICIAL_JETSON_0698_Solid,002,04_COMPUTE,MANUFACTURER_CAD
OFFICIAL_JETSON_0699_Solid,002,04_COMPUTE,MANUFACTURER_CAD
OFFICIAL_JETSON_0700_Solid,002,04_COMPUTE,MANUFACTURER_CAD
OFFICIAL_JETSON_0701_Shell,002,04_COMPUTE,MANUFACTURER_CAD
OFFICIAL_JETSON_0702_Solid,002,04_COMPUTE,MANUFACTURER_CAD
OFFICIAL_JETSON_0703_Solid,002,04_COMPUTE,MANUFACTURER_CAD
OFFICIAL_JETSON_0704_Shell,002,04_COMPUTE,MANUFACTURER_CAD
OFFICIAL_JETSON_0705_Solid,002,04_COMPUTE,MANUFACTURER_CAD
OFFICIAL_JETSON_0706_Solid,002,04_COMPUTE,MANUFACTURER_CAD
OFFICIAL_JETSON_0707_Shell,002,04_COMPUTE,MANUFACTURER_CAD
OFFICIAL_JETSON_0708_Solid,002,04_COMPUTE,MANUFACTURER_CAD
OFFICIAL_JETSON_0709_Shell,002,04_COMPUTE,MANUFACTURER_CAD
OFFICIAL_JETSON_0710_Solid,002,04_COMPUTE,MANUFACTURER_CAD
OFFICIAL_JETSON_0711_Shell,002,04_COMPUTE,MANUFACTURER_CAD
OFFICIAL_JETSON_0712_Solid,002,04_COMPUTE,MANUFACTURER_CAD
OFFICIAL_JETSON_0713_Shell,002,04_COMPUTE,MANUFACTURER_CAD
OFFICIAL_JETSON_0714_Solid,002,04_COMPUTE,MANUFACTURER_CAD
OFFICIAL_JETSON_0715_Shell,002,04_COMPUTE,MANUFACTURER_CAD
OFFICIAL_JETSON_0716_Solid,002,04_COMPUTE,MANUFACTURER_CAD
OFFICIAL_JETSON_0717_Shell,002,04_COMPUTE,MANUFACTURER_CAD
OFFICIAL_JETSON_0718_Solid,002,04_COMPUTE,MANUFACTURER_CAD
OFFICIAL_JETSON_0719_Shell,002,04_COMPUTE,MANUFACTURER_CAD
OFFICIAL_JETSON_0720_Solid,002,04_COMPUTE,MANUFACTURER_CAD
OFFICIAL_JETSON_0721_Shell,002,04_COMPUTE,MANUFACTURER_CAD
OFFICIAL_JETSON_0722_Solid,002,04_COMPUTE,MANUFACTURER_CAD
OFFICIAL_JETSON_0723_Solid,002,04_COMPUTE,MANUFACTURER_CAD
OFFICIAL_JETSON_0724_Shell,002,04_COMPUTE,MANUFACTURER_CAD
OFFICIAL_JETSON_0725_Solid,002,04_COMPUTE,MANUFACTURER_CAD
OFFICIAL_JETSON_0726_Shell,002,04_COMPUTE,MANUFACTURER_CAD
OFFICIAL_JETSON_0727_Solid,002,04_COMPUTE,MANUFACTURER_CAD
OFFICIAL_JETSON_0728_Shell,002,04_COMPUTE,MANUFACTURER_CAD
OFFICIAL_JETSON_0729_Solid,002,04_COMPUTE,MANUFACTURER_CAD
OFFICIAL_JETSON_0730_Shell,002,04_COMPUTE,MANUFACTURER_CAD
OFFICIAL_JETSON_0731_Solid,002,04_COMPUTE,MANUFACTURER_CAD
OFFICIAL_JETSON_0732_Shell,002,04_COMPUTE,MANUFACTURER_CAD
OFFICIAL_JETSON_0733_Solid,002,04_COMPUTE,MANUFACTURER_CAD
OFFICIAL_JETSON_0734_Shell,002,04_COMPUTE,MANUFACTURER_CAD
OFFICIAL_JETSON_0735_Solid,002,04_COMPUTE,MANUFACTURER_CAD
OFFICIAL_JETSON_0736_Shell,002,04_COMPUTE,MANUFACTURER_CAD
OFFICIAL_JETSON_0737_Solid,002,04_COMPUTE,MANUFACTURER_CAD
OFFICIAL_JETSON_0738_Shell,002,04_COMPUTE,MANUFACTURER_CAD
OFFICIAL_JETSON_0739_Solid,002,04_COMPUTE,MANUFACTURER_CAD
OFFICIAL_JETSON_0740_Shell,002,04_COMPUTE,MANUFACTURER_CAD
OFFICIAL_JETSON_0741_Solid,002,04_COMPUTE,MANUFACTURER_CAD
OFFICIAL_JETSON_0742_Shell,002,04_COMPUTE,MANUFACTURER_CAD
OFFICIAL_JETSON_0743_Solid,002,04_COMPUTE,MANUFACTURER_CAD
OFFICIAL_JETSON_0744_Shell,002,04_COMPUTE,MANUFACTURER_CAD
OFFICIAL_JETSON_0745_Solid,002,04_COMPUTE,MANUFACTURER_CAD
OFFICIAL_JETSON_0746_Shell,002,04_COMPUTE,MANUFACTURER_CAD
OFFICIAL_JETSON_0747_Solid,002,04_COMPUTE,MANUFACTURER_CAD
OFFICIAL_JETSON_0748_Shell,002,04_COMPUTE,MANUFACTURER_CAD
OFFICIAL_JETSON_0749_Solid,002,04_COMPUTE,MANUFACTURER_CAD
OFFICIAL_JETSON_0750_Shell,002,04_COMPUTE,MANUFACTURER_CAD
OFFICIAL_JETSON_0751_Solid,002,04_COMPUTE,MANUFACTURER_CAD
OFFICIAL_JETSON_0752_Shell,002,04_COMPUTE,MANUFACTURER_CAD
OFFICIAL_JETSON_0753_Solid,002,04_COMPUTE,MANUFACTURER_CAD
OFFICIAL_JETSON_0754_Shell,002,04_COMPUTE,MANUFACTURER_CAD
OFFICIAL_JETSON_0755_Solid,002,04_COMPUTE,MANUFACTURER_CAD
OFFICIAL_JETSON_0756_Shell,002,04_COMPUTE,MANUFACTURER_CAD
OFFICIAL_JETSON_0757_Solid,002,04_COMPUTE,MANUFACTURER_CAD
OFFICIAL_JETSON_0758_Shell,002,04_COMPUTE,MANUFACTURER_CAD
OFFICIAL_JETSON_0759_Solid,002,04_COMPUTE,MANUFACTURER_CAD
OFFICIAL_JETSON_0760_Shell,002,04_COMPUTE,MANUFACTURER_CAD
OFFICIAL_JETSON_0761_Solid,002,04_COMPUTE,MANUFACTURER_CAD
OFFICIAL_JETSON_0762_Shell,002,04_COMPUTE,MANUFACTURER_CAD
OFFICIAL_JETSON_0763_Solid,002,04_COMPUTE,MANUFACTURER_CAD
OFFICIAL_JETSON_0764_Shell,002,04_COMPUTE,MANUFACTURER_CAD
OFFICIAL_JETSON_0765_Solid,002,04_COMPUTE,MANUFACTURER_CAD
OFFICIAL_JETSON_0766_Shell,002,04_COMPUTE,MANUFACTURER_CAD
OFFICIAL_JETSON_0767_Solid,002,04_COMPUTE,MANUFACTURER_CAD
OFFICIAL_JETSON_0768_Shell,002,04_COMPUTE,MANUFACTURER_CAD
OFFICIAL_JETSON_0769_Solid,002,04_COMPUTE,MANUFACTURER_CAD
OFFICIAL_JETSON_0770_Shell,002,04_COMPUTE,MANUFACTURER_CAD
OFFICIAL_JETSON_0771_Solid,002,04_COMPUTE,MANUFACTURER_CAD
OFFICIAL_JETSON_0772_Shell,002,04_COMPUTE,MANUFACTURER_CAD
OFFICIAL_JETSON_0773_Solid,002,04_COMPUTE,MANUFACTURER_CAD
OFFICIAL_JETSON_0774_Shell,002,04_COMPUTE,MANUFACTURER_CAD
OFFICIAL_JETSON_0775_Solid,002,04_COMPUTE,MANUFACTURER_CAD
OFFICIAL_JETSON_0776_Shell,002,04_COMPUTE,MANUFACTURER_CAD
OFFICIAL_JETSON_0777_Solid,002,04_COMPUTE,MANUFACTURER_CAD
OFFICIAL_JETSON_0778_Shell,002,04_COMPUTE,MANUFACTURER_CAD
OFFICIAL_JETSON_0779_Solid,002,04_COMPUTE,MANUFACTURER_CAD
OFFICIAL_JETSON_0780_Shell,002,04_COMPUTE,MANUFACTURER_CAD
OFFICIAL_JETSON_0781_Solid,002,04_COMPUTE,MANUFACTURER_CAD
OFFICIAL_JETSON_0782_Shell,002,04_COMPUTE,MANUFACTURER_CAD
OFFICIAL_JETSON_0783_Solid,002,04_COMPUTE,MANUFACTURER_CAD
OFFICIAL_JETSON_0784_Shell,002,04_COMPUTE,MANUFACTURER_CAD
OFFICIAL_JETSON_0785_Solid,002,04_COMPUTE,MANUFACTURER_CAD
OFFICIAL_JETSON_0786_Shell,002,04_COMPUTE,MANUFACTURER_CAD
OFFICIAL_JETSON_0787_Solid,002,04_COMPUTE,MANUFACTURER_CAD
OFFICIAL_JETSON_0788_Shell,002,04_COMPUTE,MANUFACTURER_CAD
OFFICIAL_JETSON_0789_Solid,002,04_COMPUTE,MANUFACTURER_CAD
OFFICIAL_JETSON_0790_Shell,002,04_COMPUTE,MANUFACTURER_CAD
OFFICIAL_JETSON_0791_Solid,002,04_COMPUTE,MANUFACTURER_CAD
OFFICIAL_JETSON_0792_Shell,002,04_COMPUTE,MANUFACTURER_CAD
OFFICIAL_JETSON_0793_Solid,002,04_COMPUTE,MANUFACTURER_CAD
OFFICIAL_JETSON_0794_Shell,002,04_COMPUTE,MANUFACTURER_CAD
OFFICIAL_JETSON_0795_Solid,002,04_COMPUTE,MANUFACTURER_CAD
OFFICIAL_JETSON_0796_Shell,002,04_COMPUTE,MANUFACTURER_CAD
OFFICIAL_JETSON_0797_Solid,002,04_COMPUTE,MANUFACTURER_CAD
OFFICIAL_JETSON_0798_Shell,002,04_COMPUTE,MANUFACTURER_CAD
OFFICIAL_JETSON_0799_Solid,002,04_COMPUTE,MANUFACTURER_CAD
OFFICIAL_JETSON_0800_Shell,002,04_COMPUTE,MANUFACTURER_CAD
OFFICIAL_JETSON_0801_Solid,002,04_COMPUTE,MANUFACTURER_CAD
OFFICIAL_JETSON_0802_Solid,002,04_COMPUTE,MANUFACTURER_CAD
OFFICIAL_JETSON_0803_Solid,002,04_COMPUTE,MANUFACTURER_CAD
OFFICIAL_JETSON_0804_Solid,002,04_COMPUTE,MANUFACTURER_CAD
OFFICIAL_JETSON_0805_Solid,002,04_COMPUTE,MANUFACTURER_CAD
OFFICIAL_JETSON_0806_Solid,002,04_COMPUTE,MANUFACTURER_CAD
OFFICIAL_JETSON_0807_Solid,002,04_COMPUTE,MANUFACTURER_CAD
OFFICIAL_JETSON_0808_Solid,002,04_COMPUTE,MANUFACTURER_CAD
OFFICIAL_JETSON_0809_Solid,002,04_COMPUTE,MANUFACTURER_CAD
OFFICIAL_JETSON_0810_Solid,002,04_COMPUTE,MANUFACTURER_CAD
OFFICIAL_JETSON_0811_Solid,002,04_COMPUTE,MANUFACTURER_CAD
OFFICIAL_JETSON_0812_Solid,002,04_COMPUTE,MANUFACTURER_CAD
OFFICIAL_JETSON_0813_Solid,002,04_COMPUTE,MANUFACTURER_CAD
OFFICIAL_JETSON_0814_Solid,002,04_COMPUTE,MANUFACTURER_CAD
OFFICIAL_JETSON_0815_Solid,002,04_COMPUTE,MANUFACTURER_CAD
OFFICIAL_JETSON_0816_Solid,002,04_COMPUTE,MANUFACTURER_CAD
OFFICIAL_JETSON_0817_Solid,002,04_COMPUTE,MANUFACTURER_CAD
OFFICIAL_JETSON_0818_Solid,002,04_COMPUTE,MANUFACTURER_CAD
OFFICIAL_JETSON_0819_Solid,002,04_COMPUTE,MANUFACTURER_CAD
OFFICIAL_JETSON_0820_Shell,002,04_COMPUTE,MANUFACTURER_CAD
OFFICIAL_JETSON_0821_Solid,002,04_COMPUTE,MANUFACTURER_CAD
OFFICIAL_JETSON_0822_Solid,002,04_COMPUTE,MANUFACTURER_CAD
OFFICIAL_JETSON_0823_Solid,002,04_COMPUTE,MANUFACTURER_CAD
OFFICIAL_JETSON_0824_Solid,002,04_COMPUTE,MANUFACTURER_CAD
OFFICIAL_JETSON_0825_Solid,002,04_COMPUTE,MANUFACTURER_CAD
OFFICIAL_JETSON_0826_Solid,002,04_COMPUTE,MANUFACTURER_CAD
OFFICIAL_JETSON_0827_Solid,002,04_COMPUTE,MANUFACTURER_CAD
OFFICIAL_JETSON_0828_Solid,002,04_COMPUTE,MANUFACTURER_CAD
OFFICIAL_JETSON_0829_Solid,002,04_COMPUTE,MANUFACTURER_CAD
OFFICIAL_JETSON_0830_Solid,002,04_COMPUTE,MANUFACTURER_CAD
OFFICIAL_JETSON_0831_Solid,002,04_COMPUTE,MANUFACTURER_CAD
OFFICIAL_JETSON_0832_Solid,002,04_COMPUTE,MANUFACTURER_CAD
OFFICIAL_JETSON_0833_Solid,002,04_COMPUTE,MANUFACTURER_CAD
OFFICIAL_JETSON_0834_Solid,002,04_COMPUTE,MANUFACTURER_CAD
OFFICIAL_JETSON_0835_Shell,002,04_COMPUTE,MANUFACTURER_CAD
OFFICIAL_JETSON_0836_Solid,002,04_COMPUTE,MANUFACTURER_CAD
OFFICIAL_JETSON_0837_Shell,002,04_COMPUTE,MANUFACTURER_CAD
OFFICIAL_JETSON_0838_Solid,002,04_COMPUTE,MANUFACTURER_CAD
OFFICIAL_JETSON_0839_Shell,002,04_COMPUTE,MANUFACTURER_CAD
OFFICIAL_JETSON_0840_Solid,002,04_COMPUTE,MANUFACTURER_CAD
OFFICIAL_JETSON_0841_Shell,002,04_COMPUTE,MANUFACTURER_CAD
OFFICIAL_JETSON_0842_Solid,002,04_COMPUTE,MANUFACTURER_CAD
OFFICIAL_JETSON_0843_Solid,002,04_COMPUTE,MANUFACTURER_CAD
OFFICIAL_JETSON_0844_Solid,002,04_COMPUTE,MANUFACTURER_CAD
OFFICIAL_JETSON_0845_Solid,002,04_COMPUTE,MANUFACTURER_CAD
OFFICIAL_JETSON_0846_Solid,002,04_COMPUTE,MANUFACTURER_CAD
OFFICIAL_JETSON_0847_Solid,002,04_COMPUTE,MANUFACTURER_CAD
OFFICIAL_JETSON_0848_Solid,002,04_COMPUTE,MANUFACTURER_CAD
OFFICIAL_JETSON_0849_Solid,002,04_COMPUTE,MANUFACTURER_CAD
OFFICIAL_JETSON_0850_Solid,002,04_COMPUTE,MANUFACTURER_CAD
OFFICIAL_JETSON_0851_Solid,002,04_COMPUTE,MANUFACTURER_CAD
OFFICIAL_JETSON_0852_Solid,002,04_COMPUTE,MANUFACTURER_CAD
OFFICIAL_JETSON_0853_Shell,002,04_COMPUTE,MANUFACTURER_CAD
OFFICIAL_JETSON_0854_Solid,002,04_COMPUTE,MANUFACTURER_CAD
OFFICIAL_JETSON_0855_Shell,002,04_COMPUTE,MANUFACTURER_CAD
OFFICIAL_JETSON_0856_Solid,002,04_COMPUTE,MANUFACTURER_CAD
OFFICIAL_JETSON_0857_Shell,002,04_COMPUTE,MANUFACTURER_CAD
OFFICIAL_JETSON_0858_Solid,002,04_COMPUTE,MANUFACTURER_CAD
OFFICIAL_JETSON_0859_Shell,002,04_COMPUTE,MANUFACTURER_CAD
OFFICIAL_JETSON_0860_Solid,002,04_COMPUTE,MANUFACTURER_CAD
OFFICIAL_JETSON_0861_Solid,002,04_COMPUTE,MANUFACTURER_CAD
OFFICIAL_JETSON_0862_Solid,002,04_COMPUTE,MANUFACTURER_CAD
OFFICIAL_JETSON_0863_Shell,002,04_COMPUTE,MANUFACTURER_CAD
OFFICIAL_JETSON_0864_Solid,002,04_COMPUTE,MANUFACTURER_CAD
OFFICIAL_JETSON_0865_Solid,002,04_COMPUTE,MANUFACTURER_CAD
OFFICIAL_JETSON_0866_Shell,002,04_COMPUTE,MANUFACTURER_CAD
OFFICIAL_JETSON_0867_Solid,002,04_COMPUTE,MANUFACTURER_CAD
OFFICIAL_JETSON_0868_Shell,002,04_COMPUTE,MANUFACTURER_CAD
OFFICIAL_JETSON_0869_Solid,002,04_COMPUTE,MANUFACTURER_CAD
OFFICIAL_JETSON_0870_Shell,002,04_COMPUTE,MANUFACTURER_CAD
OFFICIAL_JETSON_0871_Solid,002,04_COMPUTE,MANUFACTURER_CAD
OFFICIAL_JETSON_0872_Shell,002,04_COMPUTE,MANUFACTURER_CAD
OFFICIAL_JETSON_0873_Solid,002,04_COMPUTE,MANUFACTURER_CAD
OFFICIAL_JETSON_0874_Solid,002,04_COMPUTE,MANUFACTURER_CAD
OFFICIAL_JETSON_0875_Solid,002,04_COMPUTE,MANUFACTURER_CAD
OFFICIAL_JETSON_0876_Solid,002,04_COMPUTE,MANUFACTURER_CAD
OFFICIAL_JETSON_0877_Shell,002,04_COMPUTE,MANUFACTURER_CAD
OFFICIAL_JETSON_0878_Solid,002,04_COMPUTE,MANUFACTURER_CAD
OFFICIAL_JETSON_0879_Shell,002,04_COMPUTE,MANUFACTURER_CAD
OFFICIAL_JETSON_0880_Solid,002,04_COMPUTE,MANUFACTURER_CAD
OFFICIAL_JETSON_0881_Shell,002,04_COMPUTE,MANUFACTURER_CAD
OFFICIAL_JETSON_0882_Solid,002,04_COMPUTE,MANUFACTURER_CAD
OFFICIAL_JETSON_0883_Shell,002,04_COMPUTE,MANUFACTURER_CAD
OFFICIAL_JETSON_0884_Solid,002,04_COMPUTE,MANUFACTURER_CAD
OFFICIAL_JETSON_0885_Shell,002,04_COMPUTE,MANUFACTURER_CAD
OFFICIAL_JETSON_0886_Solid,002,04_COMPUTE,MANUFACTURER_CAD
OFFICIAL_JETSON_0887_Shell,002,04_COMPUTE,MANUFACTURER_CAD
OFFICIAL_JETSON_0888_Solid,002,04_COMPUTE,MANUFACTURER_CAD
OFFICIAL_JETSON_0889_Shell,002,04_COMPUTE,MANUFACTURER_CAD
OFFICIAL_JETSON_0890_Solid,002,04_COMPUTE,MANUFACTURER_CAD
OFFICIAL_JETSON_0891_Shell,002,04_COMPUTE,MANUFACTURER_CAD
OFFICIAL_JETSON_0892_Solid,002,04_COMPUTE,MANUFACTURER_CAD
OFFICIAL_JETSON_0893_Shell,002,04_COMPUTE,MANUFACTURER_CAD
OFFICIAL_JETSON_0894_Solid,002,04_COMPUTE,MANUFACTURER_CAD
OFFICIAL_JETSON_0895_Shell,002,04_COMPUTE,MANUFACTURER_CAD
OFFICIAL_JETSON_0896_Solid,002,04_COMPUTE,MANUFACTURER_CAD
OFFICIAL_JETSON_0897_Shell,002,04_COMPUTE,MANUFACTURER_CAD
OFFICIAL_JETSON_0898_Solid,002,04_COMPUTE,MANUFACTURER_CAD
OFFICIAL_JETSON_0899_Shell,002,04_COMPUTE,MANUFACTURER_CAD
OFFICIAL_JETSON_0900_Solid,002,04_COMPUTE,MANUFACTURER_CAD
OFFICIAL_JETSON_0901_Shell,002,04_COMPUTE,MANUFACTURER_CAD
OFFICIAL_JETSON_0902_Solid,002,04_COMPUTE,MANUFACTURER_CAD
OFFICIAL_JETSON_0903_Shell,002,04_COMPUTE,MANUFACTURER_CAD
OFFICIAL_JETSON_0904_Solid,002,04_COMPUTE,MANUFACTURER_CAD
OFFICIAL_JETSON_0905_Shell,002,04_COMPUTE,MANUFACTURER_CAD
OFFICIAL_JETSON_0906_Solid,002,04_COMPUTE,MANUFACTURER_CAD
OFFICIAL_JETSON_0907_Shell,002,04_COMPUTE,MANUFACTURER_CAD
OFFICIAL_JETSON_0908_Solid,002,04_COMPUTE,MANUFACTURER_CAD
OFFICIAL_JETSON_0909_Shell,002,04_COMPUTE,MANUFACTURER_CAD
OFFICIAL_JETSON_0910_Solid,002,04_COMPUTE,MANUFACTURER_CAD
OFFICIAL_JETSON_0911_Shell,002,04_COMPUTE,MANUFACTURER_CAD
OFFICIAL_JETSON_0912_Solid,002,04_COMPUTE,MANUFACTURER_CAD
OFFICIAL_JETSON_0913_Shell,002,04_COMPUTE,MANUFACTURER_CAD
OFFICIAL_JETSON_0914_Solid,002,04_COMPUTE,MANUFACTURER_CAD
OFFICIAL_JETSON_0915_Shell,002,04_COMPUTE,MANUFACTURER_CAD
OFFICIAL_JETSON_0916_Solid,002,04_COMPUTE,MANUFACTURER_CAD
OFFICIAL_JETSON_0917_Shell,002,04_COMPUTE,MANUFACTURER_CAD
OFFICIAL_JETSON_0918_Solid,002,04_COMPUTE,MANUFACTURER_CAD
OFFICIAL_JETSON_0919_Shell,002,04_COMPUTE,MANUFACTURER_CAD
OFFICIAL_JETSON_0920_Solid,002,04_COMPUTE,MANUFACTURER_CAD
OFFICIAL_JETSON_0921_Shell,002,04_COMPUTE,MANUFACTURER_CAD
OFFICIAL_JETSON_0922_Solid,002,04_COMPUTE,MANUFACTURER_CAD
OFFICIAL_JETSON_0923_Shell,002,04_COMPUTE,MANUFACTURER_CAD
OFFICIAL_JETSON_0924_Solid,002,04_COMPUTE,MANUFACTURER_CAD
OFFICIAL_JETSON_0925_Shell,002,04_COMPUTE,MANUFACTURER_CAD
OFFICIAL_JETSON_0926_Solid,002,04_COMPUTE,MANUFACTURER_CAD
OFFICIAL_JETSON_0927_Shell,002,04_COMPUTE,MANUFACTURER_CAD
OFFICIAL_JETSON_0928_Solid,002,04_COMPUTE,MANUFACTURER_CAD
OFFICIAL_JETSON_0929_Shell,002,04_COMPUTE,MANUFACTURER_CAD
OFFICIAL_JETSON_0930_Solid,002,04_COMPUTE,MANUFACTURER_CAD
OFFICIAL_JETSON_0931_Shell,002,04_COMPUTE,MANUFACTURER_CAD
OFFICIAL_JETSON_0932_Solid,002,04_COMPUTE,MANUFACTURER_CAD
OFFICIAL_JETSON_0933_Shell,002,04_COMPUTE,MANUFACTURER_CAD
OFFICIAL_JETSON_0934_Solid,002,04_COMPUTE,MANUFACTURER_CAD
OFFICIAL_JETSON_0935_Shell,002,04_COMPUTE,MANUFACTURER_CAD
OFFICIAL_JETSON_0936_Solid,002,04_COMPUTE,MANUFACTURER_CAD
OFFICIAL_JETSON_0937_Shell,002,04_COMPUTE,MANUFACTURER_CAD
OFFICIAL_JETSON_0938_Solid,002,04_COMPUTE,MANUFACTURER_CAD
OFFICIAL_JETSON_0939_Shell,002,04_COMPUTE,MANUFACTURER_CAD
OFFICIAL_JETSON_0940_Solid,002,04_COMPUTE,MANUFACTURER_CAD
OFFICIAL_JETSON_0941_Shell,002,04_COMPUTE,MANUFACTURER_CAD
OFFICIAL_JETSON_0942_Solid,002,04_COMPUTE,MANUFACTURER_CAD
OFFICIAL_JETSON_0943_Shell,002,04_COMPUTE,MANUFACTURER_CAD
OFFICIAL_JETSON_0944_Solid,002,04_COMPUTE,MANUFACTURER_CAD
OFFICIAL_JETSON_0945_Shell,002,04_COMPUTE,MANUFACTURER_CAD
OFFICIAL_JETSON_0946_Solid,002,04_COMPUTE,MANUFACTURER_CAD
OFFICIAL_JETSON_0947_Shell,002,04_COMPUTE,MANUFACTURER_CAD
OFFICIAL_JETSON_0948_Solid,002,04_COMPUTE,MANUFACTURER_CAD
OFFICIAL_JETSON_0949_Shell,002,04_COMPUTE,MANUFACTURER_CAD
OFFICIAL_JETSON_0950_Solid,002,04_COMPUTE,MANUFACTURER_CAD
OFFICIAL_JETSON_0951_Shell,002,04_COMPUTE,MANUFACTURER_CAD
OFFICIAL_JETSON_0952_Solid,002,04_COMPUTE,MANUFACTURER_CAD
OFFICIAL_JETSON_0953_Shell,002,04_COMPUTE,MANUFACTURER_CAD
OFFICIAL_JETSON_0954_Solid,002,04_COMPUTE,MANUFACTURER_CAD
OFFICIAL_JETSON_0955_Shell,002,04_COMPUTE,MANUFACTURER_CAD
OFFICIAL_JETSON_0956_Solid,002,04_COMPUTE,MANUFACTURER_CAD
OFFICIAL_JETSON_0957_Shell,002,04_COMPUTE,MANUFACTURER_CAD
OFFICIAL_JETSON_0958_Solid,002,04_COMPUTE,MANUFACTURER_CAD
OFFICIAL_JETSON_0959_Shell,002,04_COMPUTE,MANUFACTURER_CAD
OFFICIAL_JETSON_0960_Solid,002,04_COMPUTE,MANUFACTURER_CAD
OFFICIAL_JETSON_0961_Shell,002,04_COMPUTE,MANUFACTURER_CAD
OFFICIAL_JETSON_0962_Solid,002,04_COMPUTE,MANUFACTURER_CAD
OFFICIAL_JETSON_0963_Shell,002,04_COMPUTE,MANUFACTURER_CAD
OFFICIAL_JETSON_0964_Solid,002,04_COMPUTE,MANUFACTURER_CAD
OFFICIAL_JETSON_0965_Shell,002,04_COMPUTE,MANUFACTURER_CAD
OFFICIAL_JETSON_0966_Solid,002,04_COMPUTE,MANUFACTURER_CAD
OFFICIAL_JETSON_0967_Shell,002,04_COMPUTE,MANUFACTURER_CAD
OFFICIAL_JETSON_0968_Solid,002,04_COMPUTE,MANUFACTURER_CAD
OFFICIAL_JETSON_0969_Shell,002,04_COMPUTE,MANUFACTURER_CAD
OFFICIAL_JETSON_0970_Solid,002,04_COMPUTE,MANUFACTURER_CAD
OFFICIAL_JETSON_0971_Shell,002,04_COMPUTE,MANUFACTURER_CAD
OFFICIAL_JETSON_0972_Solid,002,04_COMPUTE,MANUFACTURER_CAD
OFFICIAL_JETSON_0973_Shell,002,04_COMPUTE,MANUFACTURER_CAD
OFFICIAL_JETSON_0974_Solid,002,04_COMPUTE,MANUFACTURER_CAD
OFFICIAL_JETSON_0975_Shell,002,04_COMPUTE,MANUFACTURER_CAD
OFFICIAL_JETSON_0976_Solid,002,04_COMPUTE,MANUFACTURER_CAD
OFFICIAL_JETSON_0977_Shell,002,04_COMPUTE,MANUFACTURER_CAD
OFFICIAL_JETSON_0978_Solid,002,04_COMPUTE,MANUFACTURER_CAD
OFFICIAL_JETSON_0979_Shell,002,04_COMPUTE,MANUFACTURER_CAD
OFFICIAL_JETSON_0980_Solid,002,04_COMPUTE,MANUFACTURER_CAD
OFFICIAL_JETSON_0981_Shell,002,04_COMPUTE,MANUFACTURER_CAD
OFFICIAL_JETSON_0982_Solid,002,04_COMPUTE,MANUFACTURER_CAD
OFFICIAL_JETSON_0983_Shell,002,04_COMPUTE,MANUFACTURER_CAD
OFFICIAL_JETSON_0984_Solid,002,04_COMPUTE,MANUFACTURER_CAD
OFFICIAL_JETSON_0985_Shell,002,04_COMPUTE,MANUFACTURER_CAD
OFFICIAL_JETSON_0986_Solid,002,04_COMPUTE,MANUFACTURER_CAD
OFFICIAL_JETSON_0987_Shell,002,04_COMPUTE,MANUFACTURER_CAD
OFFICIAL_JETSON_0988_Solid,002,04_COMPUTE,MANUFACTURER_CAD
OFFICIAL_JETSON_0989_Shell,002,04_COMPUTE,MANUFACTURER_CAD
OFFICIAL_JETSON_0990_Solid,002,04_COMPUTE,MANUFACTURER_CAD
OFFICIAL_JETSON_0991_Shell,002,04_COMPUTE,MANUFACTURER_CAD
OFFICIAL_JETSON_0992_Solid,002,04_COMPUTE,MANUFACTURER_CAD
OFFICIAL_JETSON_0993_Shell,002,04_COMPUTE,MANUFACTURER_CAD
OFFICIAL_JETSON_0994_Solid,002,04_COMPUTE,MANUFACTURER_CAD
OFFICIAL_JETSON_0995_Shell,002,04_COMPUTE,MANUFACTURER_CAD
OFFICIAL_JETSON_0996_Solid,002,04_COMPUTE,MANUFACTURER_CAD
OFFICIAL_JETSON_0997_Shell,002,04_COMPUTE,MANUFACTURER_CAD
OFFICIAL_JETSON_0998_Solid,002,04_COMPUTE,MANUFACTURER_CAD
OFFICIAL_JETSON_0999_Shell,002,04_COMPUTE,MANUFACTURER_CAD
OFFICIAL_JETSON_1000_Solid,002,04_COMPUTE,MANUFACTURER_CAD
OFFICIAL_JETSON_1001_Shell,002,04_COMPUTE,MANUFACTURER_CAD
OFFICIAL_JETSON_1002_Solid,002,04_COMPUTE,MANUFACTURER_CAD
OFFICIAL_JETSON_1003_Shell,002,04_COMPUTE,MANUFACTURER_CAD
OFFICIAL_JETSON_1004_Solid,002,04_COMPUTE,MANUFACTURER_CAD
OFFICIAL_JETSON_1005_Shell,002,04_COMPUTE,MANUFACTURER_CAD
OFFICIAL_JETSON_1006_Solid,002,04_COMPUTE,MANUFACTURER_CAD
OFFICIAL_JETSON_1007_Shell,002,04_COMPUTE,MANUFACTURER_CAD
OFFICIAL_JETSON_1008_Solid,002,04_COMPUTE,MANUFACTURER_CAD
OFFICIAL_JETSON_1009_Shell,002,04_COMPUTE,MANUFACTURER_CAD
OFFICIAL_JETSON_1010_Solid,002,04_COMPUTE,MANUFACTURER_CAD
OFFICIAL_JETSON_1011_Shell,002,04_COMPUTE,MANUFACTURER_CAD
OFFICIAL_JETSON_1012_Solid,002,04_COMPUTE,MANUFACTURER_CAD
OFFICIAL_JETSON_1013_Shell,002,04_COMPUTE,MANUFACTURER_CAD
OFFICIAL_JETSON_1014_Solid,002,04_COMPUTE,MANUFACTURER_CAD
OFFICIAL_JETSON_1015_Shell,002,04_COMPUTE,MANUFACTURER_CAD
OFFICIAL_JETSON_1016_Solid,002,04_COMPUTE,MANUFACTURER_CAD
OFFICIAL_JETSON_1017_Shell,002,04_COMPUTE,MANUFACTURER_CAD
OFFICIAL_JETSON_1018_Solid,002,04_COMPUTE,MANUFACTURER_CAD
OFFICIAL_JETSON_1019_Shell,002,04_COMPUTE,MANUFACTURER_CAD
OFFICIAL_JETSON_1020_Solid,002,04_COMPUTE,MANUFACTURER_CAD
OFFICIAL_JETSON_1021_Shell,002,04_COMPUTE,MANUFACTURER_CAD
OFFICIAL_JETSON_1022_Solid,002,04_COMPUTE,MANUFACTURER_CAD
OFFICIAL_JETSON_1023_Shell,002,04_COMPUTE,MANUFACTURER_CAD
OFFICIAL_JETSON_1024_Solid,002,04_COMPUTE,MANUFACTURER_CAD
OFFICIAL_JETSON_1025_Shell,002,04_COMPUTE,MANUFACTURER_CAD
OFFICIAL_JETSON_1026_Solid,002,04_COMPUTE,MANUFACTURER_CAD
OFFICIAL_JETSON_1027_Shell,002,04_COMPUTE,MANUFACTURER_CAD
OFFICIAL_JETSON_1028_Solid,002,04_COMPUTE,MANUFACTURER_CAD
OFFICIAL_JETSON_1029_Shell,002,04_COMPUTE,MANUFACTURER_CAD
OFFICIAL_JETSON_1030_Solid,002,04_COMPUTE,MANUFACTURER_CAD
OFFICIAL_JETSON_1031_Shell,002,04_COMPUTE,MANUFACTURER_CAD
OFFICIAL_JETSON_1032_Solid,002,04_COMPUTE,MANUFACTURER_CAD
OFFICIAL_JETSON_1033_Shell,002,04_COMPUTE,MANUFACTURER_CAD
OFFICIAL_JETSON_1034_Solid,002,04_COMPUTE,MANUFACTURER_CAD
OFFICIAL_JETSON_1035_Shell,002,04_COMPUTE,MANUFACTURER_CAD
OFFICIAL_JETSON_1036_Solid,002,04_COMPUTE,MANUFACTURER_CAD
OFFICIAL_JETSON_1037_Shell,002,04_COMPUTE,MANUFACTURER_CAD
OFFICIAL_JETSON_1038_Solid,002,04_COMPUTE,MANUFACTURER_CAD
OFFICIAL_JETSON_1039_Shell,002,04_COMPUTE,MANUFACTURER_CAD
OFFICIAL_JETSON_1040_Solid,002,04_COMPUTE,MANUFACTURER_CAD
OFFICIAL_JETSON_1041_Shell,002,04_COMPUTE,MANUFACTURER_CAD
OFFICIAL_JETSON_1042_Solid,002,04_COMPUTE,MANUFACTURER_CAD
OFFICIAL_JETSON_1043_Shell,002,04_COMPUTE,MANUFACTURER_CAD
OFFICIAL_JETSON_1044_Solid,002,04_COMPUTE,MANUFACTURER_CAD
OFFICIAL_JETSON_1045_Shell,002,04_COMPUTE,MANUFACTURER_CAD
OFFICIAL_JETSON_1046_Solid,002,04_COMPUTE,MANUFACTURER_CAD
OFFICIAL_JETSON_1047_Shell,002,04_COMPUTE,MANUFACTURER_CAD
OFFICIAL_JETSON_1048_Solid,002,04_COMPUTE,MANUFACTURER_CAD
OFFICIAL_JETSON_1049_Shell,002,04_COMPUTE,MANUFACTURER_CAD
OFFICIAL_JETSON_1050_Solid,002,04_COMPUTE,MANUFACTURER_CAD
OFFICIAL_JETSON_1051_Shell,002,04_COMPUTE,MANUFACTURER_CAD
OFFICIAL_JETSON_1052_Solid,002,04_COMPUTE,MANUFACTURER_CAD
OFFICIAL_JETSON_1053_Shell,002,04_COMPUTE,MANUFACTURER_CAD
OFFICIAL_JETSON_1054_Solid,002,04_COMPUTE,MANUFACTURER_CAD
OFFICIAL_JETSON_1055_Shell,002,04_COMPUTE,MANUFACTURER_CAD
OFFICIAL_JETSON_1056_Solid,002,04_COMPUTE,MANUFACTURER_CAD
OFFICIAL_JETSON_1057_Shell,002,04_COMPUTE,MANUFACTURER_CAD
OFFICIAL_JETSON_1058_Solid,002,04_COMPUTE,MANUFACTURER_CAD
OFFICIAL_JETSON_1059_Shell,002,04_COMPUTE,MANUFACTURER_CAD
OFFICIAL_JETSON_1060_Solid,002,04_COMPUTE,MANUFACTURER_CAD
OFFICIAL_JETSON_1061_Shell,002,04_COMPUTE,MANUFACTURER_CAD
OFFICIAL_JETSON_1062_Solid,002,04_COMPUTE,MANUFACTURER_CAD
OFFICIAL_JETSON_1063_Shell,002,04_COMPUTE,MANUFACTURER_CAD
OFFICIAL_JETSON_1064_Solid,002,04_COMPUTE,MANUFACTURER_CAD
OFFICIAL_JETSON_1065_Shell,002,04_COMPUTE,MANUFACTURER_CAD
OFFICIAL_JETSON_1066_Solid,002,04_COMPUTE,MANUFACTURER_CAD
OFFICIAL_JETSON_1067_Shell,002,04_COMPUTE,MANUFACTURER_CAD
OFFICIAL_JETSON_1068_Solid,002,04_COMPUTE,MANUFACTURER_CAD
OFFICIAL_JETSON_1069_Shell,002,04_COMPUTE,MANUFACTURER_CAD
OFFICIAL_JETSON_1070_Solid,002,04_COMPUTE,MANUFACTURER_CAD
OFFICIAL_JETSON_1071_Shell,002,04_COMPUTE,MANUFACTURER_CAD
OFFICIAL_JETSON_1072_Solid,002,04_COMPUTE,MANUFACTURER_CAD
OFFICIAL_JETSON_1073_Shell,002,04_COMPUTE,MANUFACTURER_CAD
OFFICIAL_JETSON_1074_Solid,002,04_COMPUTE,MANUFACTURER_CAD
OFFICIAL_JETSON_1075_Shell,002,04_COMPUTE,MANUFACTURER_CAD
OFFICIAL_JETSON_1076_Solid,002,04_COMPUTE,MANUFACTURER_CAD
OFFICIAL_JETSON_1077_Shell,002,04_COMPUTE,MANUFACTURER_CAD
OFFICIAL_JETSON_1078_Solid,002,04_COMPUTE,MANUFACTURER_CAD
OFFICIAL_JETSON_1079_Shell,002,04_COMPUTE,MANUFACTURER_CAD
OFFICIAL_JETSON_1080_Solid,002,04_COMPUTE,MANUFACTURER_CAD
OFFICIAL_JETSON_1081_Shell,002,04_COMPUTE,MANUFACTURER_CAD
OFFICIAL_JETSON_1082_Solid,002,04_COMPUTE,MANUFACTURER_CAD
OFFICIAL_JETSON_1083_Shell,002,04_COMPUTE,MANUFACTURER_CAD
OFFICIAL_JETSON_1084_Solid,002,04_COMPUTE,MANUFACTURER_CAD
OFFICIAL_JETSON_1085_Shell,002,04_COMPUTE,MANUFACTURER_CAD
OFFICIAL_JETSON_1086_Solid,002,04_COMPUTE,MANUFACTURER_CAD
OFFICIAL_JETSON_1087_Shell,002,04_COMPUTE,MANUFACTURER_CAD
OFFICIAL_JETSON_1088_Solid,002,04_COMPUTE,MANUFACTURER_CAD
OFFICIAL_JETSON_1089_Shell,002,04_COMPUTE,MANUFACTURER_CAD
OFFICIAL_JETSON_1090_Solid,002,04_COMPUTE,MANUFACTURER_CAD
OFFICIAL_JETSON_1091_Shell,002,04_COMPUTE,MANUFACTURER_CAD
OFFICIAL_JETSON_1092_Solid,002,04_COMPUTE,MANUFACTURER_CAD
OFFICIAL_JETSON_1093_Shell,002,04_COMPUTE,MANUFACTURER_CAD
OFFICIAL_JETSON_1094_Solid,002,04_COMPUTE,MANUFACTURER_CAD
OFFICIAL_JETSON_1095_Shell,002,04_COMPUTE,MANUFACTURER_CAD
OFFICIAL_JETSON_1096_Solid,002,04_COMPUTE,MANUFACTURER_CAD
OFFICIAL_JETSON_1097_Shell,002,04_COMPUTE,MANUFACTURER_CAD
OFFICIAL_JETSON_1098_Solid,002,04_COMPUTE,MANUFACTURER_CAD
OFFICIAL_JETSON_1099_Shell,002,04_COMPUTE,MANUFACTURER_CAD
OFFICIAL_JETSON_1100_Solid,002,04_COMPUTE,MANUFACTURER_CAD
OFFICIAL_JETSON_1101_Shell,002,04_COMPUTE,MANUFACTURER_CAD
OFFICIAL_JETSON_1102_Solid,002,04_COMPUTE,MANUFACTURER_CAD
OFFICIAL_JETSON_1103_Shell,002,04_COMPUTE,MANUFACTURER_CAD
OFFICIAL_JETSON_1104_Solid,002,04_COMPUTE,MANUFACTURER_CAD
OFFICIAL_JETSON_1105_Shell,002,04_COMPUTE,MANUFACTURER_CAD
OFFICIAL_JETSON_1106_Solid,002,04_COMPUTE,MANUFACTURER_CAD
OFFICIAL_JETSON_1107_Shell,002,04_COMPUTE,MANUFACTURER_CAD
OFFICIAL_JETSON_1108_Solid,002,04_COMPUTE,MANUFACTURER_CAD
OFFICIAL_JETSON_1109_Shell,002,04_COMPUTE,MANUFACTURER_CAD
OFFICIAL_JETSON_1110_Solid,002,04_COMPUTE,MANUFACTURER_CAD
OFFICIAL_JETSON_1111_Shell,002,04_COMPUTE,MANUFACTURER_CAD
OFFICIAL_JETSON_1112_Solid,002,04_COMPUTE,MANUFACTURER_CAD
OFFICIAL_JETSON_1113_Shell,002,04_COMPUTE,MANUFACTURER_CAD
OFFICIAL_JETSON_1114_Solid,002,04_COMPUTE,MANUFACTURER_CAD
OFFICIAL_JETSON_1115_Shell,002,04_COMPUTE,MANUFACTURER_CAD
OFFICIAL_JETSON_1116_Solid,002,04_COMPUTE,MANUFACTURER_CAD
OFFICIAL_JETSON_1117_Shell,002,04_COMPUTE,MANUFACTURER_CAD
OFFICIAL_JETSON_1118_Solid,002,04_COMPUTE,MANUFACTURER_CAD
OFFICIAL_JETSON_1119_Shell,002,04_COMPUTE,MANUFACTURER_CAD
OFFICIAL_JETSON_1120_Solid,002,04_COMPUTE,MANUFACTURER_CAD
OFFICIAL_JETSON_1121_Shell,002,04_COMPUTE,MANUFACTURER_CAD
OFFICIAL_JETSON_1122_Solid,002,04_COMPUTE,MANUFACTURER_CAD
OFFICIAL_JETSON_1123_Shell,002,04_COMPUTE,MANUFACTURER_CAD
OFFICIAL_JETSON_1124_Solid,002,04_COMPUTE,MANUFACTURER_CAD
OFFICIAL_JETSON_1125_Shell,002,04_COMPUTE,MANUFACTURER_CAD
OFFICIAL_JETSON_1126_Solid,002,04_COMPUTE,MANUFACTURER_CAD
OFFICIAL_JETSON_1127_Shell,002,04_COMPUTE,MANUFACTURER_CAD
OFFICIAL_JETSON_1128_Solid,002,04_COMPUTE,MANUFACTURER_CAD
OFFICIAL_JETSON_1129_Shell,002,04_COMPUTE,MANUFACTURER_CAD
OFFICIAL_JETSON_1130_Solid,002,04_COMPUTE,MANUFACTURER_CAD
OFFICIAL_JETSON_1131_Shell,002,04_COMPUTE,MANUFACTURER_CAD
OFFICIAL_JETSON_1132_Solid,002,04_COMPUTE,MANUFACTURER_CAD
OFFICIAL_JETSON_1133_Shell,002,04_COMPUTE,MANUFACTURER_CAD
OFFICIAL_JETSON_1134_Solid,002,04_COMPUTE,MANUFACTURER_CAD
OFFICIAL_JETSON_1135_Shell,002,04_COMPUTE,MANUFACTURER_CAD
OFFICIAL_JETSON_1136_Solid,002,04_COMPUTE,MANUFACTURER_CAD
OFFICIAL_JETSON_1137_Shell,002,04_COMPUTE,MANUFACTURER_CAD
OFFICIAL_JETSON_1138_Solid,002,04_COMPUTE,MANUFACTURER_CAD
OFFICIAL_JETSON_1139_Shell,002,04_COMPUTE,MANUFACTURER_CAD
OFFICIAL_JETSON_1140_Solid,002,04_COMPUTE,MANUFACTURER_CAD
OFFICIAL_JETSON_1141_Shell,002,04_COMPUTE,MANUFACTURER_CAD
OFFICIAL_JETSON_1142_Solid,002,04_COMPUTE,MANUFACTURER_CAD
OFFICIAL_JETSON_1143_Shell,002,04_COMPUTE,MANUFACTURER_CAD
OFFICIAL_JETSON_1144_Solid,002,04_COMPUTE,MANUFACTURER_CAD
OFFICIAL_JETSON_1145_Shell,002,04_COMPUTE,MANUFACTURER_CAD
OFFICIAL_JETSON_1146_Solid,002,04_COMPUTE,MANUFACTURER_CAD
OFFICIAL_JETSON_1147_Shell,002,04_COMPUTE,MANUFACTURER_CAD
OFFICIAL_JETSON_1148_Solid,002,04_COMPUTE,MANUFACTURER_CAD
OFFICIAL_JETSON_1149_Shell,002,04_COMPUTE,MANUFACTURER_CAD
OFFICIAL_JETSON_1150_Solid,002,04_COMPUTE,MANUFACTURER_CAD
OFFICIAL_JETSON_1151_Shell,002,04_COMPUTE,MANUFACTURER_CAD
OFFICIAL_JETSON_1152_Solid,002,04_COMPUTE,MANUFACTURER_CAD
OFFICIAL_JETSON_1153_Shell,002,04_COMPUTE,MANUFACTURER_CAD
OFFICIAL_JETSON_1154_Solid,002,04_COMPUTE,MANUFACTURER_CAD
OFFICIAL_JETSON_1155_Shell,002,04_COMPUTE,MANUFACTURER_CAD
OFFICIAL_JETSON_1156_Solid,002,04_COMPUTE,MANUFACTURER_CAD
OFFICIAL_JETSON_1157_Shell,002,04_COMPUTE,MANUFACTURER_CAD
OFFICIAL_JETSON_1158_Solid,002,04_COMPUTE,MANUFACTURER_CAD
OFFICIAL_JETSON_1159_Shell,002,04_COMPUTE,MANUFACTURER_CAD
OFFICIAL_JETSON_1160_Solid,002,04_COMPUTE,MANUFACTURER_CAD
OFFICIAL_JETSON_1161_Shell,002,04_COMPUTE,MANUFACTURER_CAD
OFFICIAL_JETSON_1162_Solid,002,04_COMPUTE,MANUFACTURER_CAD
OFFICIAL_JETSON_1163_Shell,002,04_COMPUTE,MANUFACTURER_CAD
OFFICIAL_JETSON_1164_Solid,002,04_COMPUTE,MANUFACTURER_CAD
OFFICIAL_JETSON_1165_Shell,002,04_COMPUTE,MANUFACTURER_CAD
OFFICIAL_JETSON_1166_Solid,002,04_COMPUTE,MANUFACTURER_CAD
OFFICIAL_JETSON_1167_Shell,002,04_COMPUTE,MANUFACTURER_CAD
OFFICIAL_JETSON_1168_Solid,002,04_COMPUTE,MANUFACTURER_CAD
OFFICIAL_JETSON_1169_Shell,002,04_COMPUTE,MANUFACTURER_CAD
OFFICIAL_JETSON_1170_Solid,002,04_COMPUTE,MANUFACTURER_CAD
OFFICIAL_JETSON_1171_Shell,002,04_COMPUTE,MANUFACTURER_CAD
OFFICIAL_JETSON_1172_Solid,002,04_COMPUTE,MANUFACTURER_CAD
OFFICIAL_JETSON_1173_Shell,002,04_COMPUTE,MANUFACTURER_CAD
OFFICIAL_JETSON_1174_Solid,002,04_COMPUTE,MANUFACTURER_CAD
OFFICIAL_JETSON_1175_Shell,002,04_COMPUTE,MANUFACTURER_CAD
OFFICIAL_JETSON_1176_Solid,002,04_COMPUTE,MANUFACTURER_CAD
OFFICIAL_JETSON_1177_Shell,002,04_COMPUTE,MANUFACTURER_CAD
OFFICIAL_JETSON_1178_Solid,002,04_COMPUTE,MANUFACTURER_CAD
OFFICIAL_JETSON_1179_Shell,002,04_COMPUTE,MANUFACTURER_CAD
OFFICIAL_JETSON_1180_Solid,002,04_COMPUTE,MANUFACTURER_CAD
OFFICIAL_JETSON_1181_Shell,002,04_COMPUTE,MANUFACTURER_CAD
OFFICIAL_JETSON_1182_Solid,002,04_COMPUTE,MANUFACTURER_CAD
OFFICIAL_JETSON_1183_Shell,002,04_COMPUTE,MANUFACTURER_CAD
OFFICIAL_JETSON_1184_Solid,002,04_COMPUTE,MANUFACTURER_CAD
OFFICIAL_JETSON_1185_Shell,002,04_COMPUTE,MANUFACTURER_CAD
OFFICIAL_JETSON_1186_Solid,002,04_COMPUTE,MANUFACTURER_CAD
OFFICIAL_JETSON_1187_Shell,002,04_COMPUTE,MANUFACTURER_CAD
OFFICIAL_JETSON_1188_Solid,002,04_COMPUTE,MANUFACTURER_CAD
OFFICIAL_JETSON_1189_Shell,002,04_COMPUTE,MANUFACTURER_CAD
OFFICIAL_JETSON_1190_Solid,002,04_COMPUTE,MANUFACTURER_CAD
OFFICIAL_JETSON_1191_Shell,002,04_COMPUTE,MANUFACTURER_CAD
OFFICIAL_JETSON_1192_Solid,002,04_COMPUTE,MANUFACTURER_CAD
OFFICIAL_JETSON_1193_Shell,002,04_COMPUTE,MANUFACTURER_CAD
OFFICIAL_JETSON_1194_Solid,002,04_COMPUTE,MANUFACTURER_CAD
OFFICIAL_JETSON_1195_Shell,002,04_COMPUTE,MANUFACTURER_CAD
OFFICIAL_JETSON_1196_Solid,002,04_COMPUTE,MANUFACTURER_CAD
OFFICIAL_JETSON_1197_Shell,002,04_COMPUTE,MANUFACTURER_CAD
OFFICIAL_JETSON_1198_Solid,002,04_COMPUTE,MANUFACTURER_CAD
OFFICIAL_JETSON_1199_Shell,002,04_COMPUTE,MANUFACTURER_CAD
OFFICIAL_JETSON_1200_Solid,002,04_COMPUTE,MANUFACTURER_CAD
OFFICIAL_JETSON_1201_Shell,002,04_COMPUTE,MANUFACTURER_CAD
OFFICIAL_JETSON_1202_Solid,002,04_COMPUTE,MANUFACTURER_CAD
OFFICIAL_JETSON_1203_Shell,002,04_COMPUTE,MANUFACTURER_CAD
OFFICIAL_JETSON_1204_Solid,002,04_COMPUTE,MANUFACTURER_CAD
OFFICIAL_JETSON_1205_Shell,002,04_COMPUTE,MANUFACTURER_CAD
OFFICIAL_JETSON_1206_Solid,002,04_COMPUTE,MANUFACTURER_CAD
OFFICIAL_JETSON_1207_Shell,002,04_COMPUTE,MANUFACTURER_CAD
OFFICIAL_JETSON_1208_Solid,002,04_COMPUTE,MANUFACTURER_CAD
OFFICIAL_JETSON_1209_Shell,002,04_COMPUTE,MANUFACTURER_CAD
OFFICIAL_JETSON_1210_Solid,002,04_COMPUTE,MANUFACTURER_CAD
OFFICIAL_JETSON_1211_Shell,002,04_COMPUTE,MANUFACTURER_CAD
OFFICIAL_JETSON_1212_Solid,002,04_COMPUTE,MANUFACTURER_CAD
OFFICIAL_JETSON_1213_Shell,002,04_COMPUTE,MANUFACTURER_CAD
OFFICIAL_JETSON_1214_Solid,002,04_COMPUTE,MANUFACTURER_CAD
OFFICIAL_JETSON_1215_Shell,002,04_COMPUTE,MANUFACTURER_CAD
OFFICIAL_JETSON_1216_Solid,002,04_COMPUTE,MANUFACTURER_CAD
OFFICIAL_JETSON_1217_Shell,002,04_COMPUTE,MANUFACTURER_CAD
OFFICIAL_JETSON_1218_Solid,002,04_COMPUTE,MANUFACTURER_CAD
OFFICIAL_JETSON_1219_Shell,002,04_COMPUTE,MANUFACTURER_CAD
OFFICIAL_JETSON_1220_Solid,002,04_COMPUTE,MANUFACTURER_CAD
OFFICIAL_JETSON_1221_Shell,002,04_COMPUTE,MANUFACTURER_CAD
OFFICIAL_JETSON_1222_Solid,002,04_COMPUTE,MANUFACTURER_CAD
OFFICIAL_JETSON_1223_Shell,002,04_COMPUTE,MANUFACTURER_CAD
OFFICIAL_JETSON_1224_Solid,002,04_COMPUTE,MANUFACTURER_CAD
OFFICIAL_JETSON_1225_Shell,002,04_COMPUTE,MANUFACTURER_CAD
OFFICIAL_JETSON_1226_Solid,002,04_COMPUTE,MANUFACTURER_CAD
OFFICIAL_JETSON_1227_Shell,002,04_COMPUTE,MANUFACTURER_CAD
OFFICIAL_JETSON_1228_Solid,002,04_COMPUTE,MANUFACTURER_CAD
OFFICIAL_JETSON_1229_Shell,002,04_COMPUTE,MANUFACTURER_CAD
OFFICIAL_JETSON_1230_Solid,002,04_COMPUTE,MANUFACTURER_CAD
OFFICIAL_JETSON_1231_Shell,002,04_COMPUTE,MANUFACTURER_CAD
OFFICIAL_JETSON_1232_Solid,002,04_COMPUTE,MANUFACTURER_CAD
OFFICIAL_JETSON_1233_Shell,002,04_COMPUTE,MANUFACTURER_CAD
OFFICIAL_JETSON_1234_Solid,002,04_COMPUTE,MANUFACTURER_CAD
OFFICIAL_JETSON_1235_Shell,002,04_COMPUTE,MANUFACTURER_CAD
OFFICIAL_JETSON_1236_Solid,002,04_COMPUTE,MANUFACTURER_CAD
OFFICIAL_JETSON_1237_Shell,002,04_COMPUTE,MANUFACTURER_CAD
OFFICIAL_JETSON_1238_Solid,002,04_COMPUTE,MANUFACTURER_CAD
OFFICIAL_JETSON_1239_Shell,002,04_COMPUTE,MANUFACTURER_CAD
OFFICIAL_JETSON_1240_Solid,002,04_COMPUTE,MANUFACTURER_CAD
OFFICIAL_JETSON_1241_Shell,002,04_COMPUTE,MANUFACTURER_CAD
OFFICIAL_JETSON_1242_Solid,002,04_COMPUTE,MANUFACTURER_CAD
OFFICIAL_JETSON_1243_Shell,002,04_COMPUTE,MANUFACTURER_CAD
OFFICIAL_JETSON_1244_Solid,002,04_COMPUTE,MANUFACTURER_CAD
OFFICIAL_JETSON_1245_Shell,002,04_COMPUTE,MANUFACTURER_CAD
OFFICIAL_JETSON_1246_Solid,002,04_COMPUTE,MANUFACTURER_CAD
OFFICIAL_JETSON_1247_Shell,002,04_COMPUTE,MANUFACTURER_CAD
OFFICIAL_JETSON_1248_Solid,002,04_COMPUTE,MANUFACTURER_CAD
OFFICIAL_JETSON_1249_Shell,002,04_COMPUTE,MANUFACTURER_CAD
OFFICIAL_JETSON_1250_Solid,002,04_COMPUTE,MANUFACTURER_CAD
OFFICIAL_JETSON_1251_Shell,002,04_COMPUTE,MANUFACTURER_CAD
OFFICIAL_JETSON_1252_Solid,002,04_COMPUTE,MANUFACTURER_CAD
OFFICIAL_JETSON_1253_Shell,002,04_COMPUTE,MANUFACTURER_CAD
OFFICIAL_JETSON_1254_Solid,002,04_COMPUTE,MANUFACTURER_CAD
OFFICIAL_JETSON_1255_Shell,002,04_COMPUTE,MANUFACTURER_CAD
OFFICIAL_JETSON_1256_Solid,002,04_COMPUTE,MANUFACTURER_CAD
OFFICIAL_JETSON_1257_Shell,002,04_COMPUTE,MANUFACTURER_CAD
OFFICIAL_JETSON_1258_Solid,002,04_COMPUTE,MANUFACTURER_CAD
OFFICIAL_JETSON_1259_Shell,002,04_COMPUTE,MANUFACTURER_CAD
OFFICIAL_JETSON_1260_Solid,002,04_COMPUTE,MANUFACTURER_CAD
OFFICIAL_JETSON_1261_Shell,002,04_COMPUTE,MANUFACTURER_CAD
OFFICIAL_JETSON_1262_Solid,002,04_COMPUTE,MANUFACTURER_CAD
OFFICIAL_JETSON_1263_Shell,002,04_COMPUTE,MANUFACTURER_CAD
OFFICIAL_JETSON_1264_Solid,002,04_COMPUTE,MANUFACTURER_CAD
OFFICIAL_JETSON_1265_Shell,002,04_COMPUTE,MANUFACTURER_CAD
OFFICIAL_JETSON_1266_Solid,002,04_COMPUTE,MANUFACTURER_CAD
OFFICIAL_JETSON_1267_Shell,002,04_COMPUTE,MANUFACTURER_CAD
OFFICIAL_JETSON_1268_Solid,002,04_COMPUTE,MANUFACTURER_CAD
OFFICIAL_JETSON_1269_Shell,002,04_COMPUTE,MANUFACTURER_CAD
OFFICIAL_JETSON_1270_Solid,002,04_COMPUTE,MANUFACTURER_CAD
OFFICIAL_JETSON_1271_Shell,002,04_COMPUTE,MANUFACTURER_CAD
OFFICIAL_JETSON_1272_Solid,002,04_COMPUTE,MANUFACTURER_CAD
OFFICIAL_JETSON_1273_Shell,002,04_COMPUTE,MANUFACTURER_CAD
OFFICIAL_JETSON_1274_Solid,002,04_COMPUTE,MANUFACTURER_CAD
OFFICIAL_JETSON_1275_Shell,002,04_COMPUTE,MANUFACTURER_CAD
OFFICIAL_JETSON_1276_Solid,002,04_COMPUTE,MANUFACTURER_CAD
OFFICIAL_JETSON_1277_Shell,002,04_COMPUTE,MANUFACTURER_CAD
OFFICIAL_JETSON_1278_Solid,002,04_COMPUTE,MANUFACTURER_CAD
OFFICIAL_JETSON_1279_Shell,002,04_COMPUTE,MANUFACTURER_CAD
OFFICIAL_JETSON_1280_Solid,002,04_COMPUTE,MANUFACTURER_CAD
OFFICIAL_JETSON_1281_Shell,002,04_COMPUTE,MANUFACTURER_CAD
OFFICIAL_JETSON_1282_Solid,002,04_COMPUTE,MANUFACTURER_CAD
OFFICIAL_JETSON_1283_Shell,002,04_COMPUTE,MANUFACTURER_CAD
OFFICIAL_JETSON_1284_Solid,002,04_COMPUTE,MANUFACTURER_CAD
OFFICIAL_JETSON_1285_Shell,002,04_COMPUTE,MANUFACTURER_CAD
OFFICIAL_JETSON_1286_Solid,002,04_COMPUTE,MANUFACTURER_CAD
OFFICIAL_JETSON_1287_Shell,002,04_COMPUTE,MANUFACTURER_CAD
OFFICIAL_JETSON_1288_Solid,002,04_COMPUTE,MANUFACTURER_CAD
OFFICIAL_JETSON_1289_Shell,002,04_COMPUTE,MANUFACTURER_CAD
OFFICIAL_JETSON_1290_Solid,002,04_COMPUTE,MANUFACTURER_CAD
OFFICIAL_JETSON_1291_Shell,002,04_COMPUTE,MANUFACTURER_CAD
OFFICIAL_JETSON_1292_Solid,002,04_COMPUTE,MANUFACTURER_CAD
OFFICIAL_JETSON_1293_Shell,002,04_COMPUTE,MANUFACTURER_CAD
OFFICIAL_JETSON_1294_Solid,002,04_COMPUTE,MANUFACTURER_CAD
OFFICIAL_JETSON_1295_Shell,002,04_COMPUTE,MANUFACTURER_CAD
OFFICIAL_JETSON_1296_Solid,002,04_COMPUTE,MANUFACTURER_CAD
OFFICIAL_JETSON_1297_Shell,002,04_COMPUTE,MANUFACTURER_CAD
OFFICIAL_JETSON_1298_Solid,002,04_COMPUTE,MANUFACTURER_CAD
OFFICIAL_JETSON_1299_Shell,002,04_COMPUTE,MANUFACTURER_CAD
OFFICIAL_JETSON_1300_Solid,002,04_COMPUTE,MANUFACTURER_CAD
OFFICIAL_JETSON_1301_Shell,002,04_COMPUTE,MANUFACTURER_CAD
OFFICIAL_JETSON_1302_Solid,002,04_COMPUTE,MANUFACTURER_CAD
OFFICIAL_JETSON_1303_Shell,002,04_COMPUTE,MANUFACTURER_CAD
OFFICIAL_JETSON_1304_Solid,002,04_COMPUTE,MANUFACTURER_CAD
OFFICIAL_JETSON_1305_Shell,002,04_COMPUTE,MANUFACTURER_CAD
OFFICIAL_JETSON_1306_Solid,002,04_COMPUTE,MANUFACTURER_CAD
OFFICIAL_JETSON_1307_Shell,002,04_COMPUTE,MANUFACTURER_CAD
OFFICIAL_JETSON_1308_Solid,002,04_COMPUTE,MANUFACTURER_CAD
OFFICIAL_JETSON_1309_Shell,002,04_COMPUTE,MANUFACTURER_CAD
OFFICIAL_JETSON_1310_Solid,002,04_COMPUTE,MANUFACTURER_CAD
OFFICIAL_JETSON_1311_Shell,002,04_COMPUTE,MANUFACTURER_CAD
OFFICIAL_JETSON_1312_Solid,002,04_COMPUTE,MANUFACTURER_CAD
OFFICIAL_JETSON_1313_Shell,002,04_COMPUTE,MANUFACTURER_CAD
OFFICIAL_JETSON_1314_Solid,002,04_COMPUTE,MANUFACTURER_CAD
OFFICIAL_JETSON_1315_Shell,002,04_COMPUTE,MANUFACTURER_CAD
OFFICIAL_JETSON_1316_Solid,002,04_COMPUTE,MANUFACTURER_CAD
OFFICIAL_JETSON_1317_Shell,002,04_COMPUTE,MANUFACTURER_CAD
OFFICIAL_JETSON_1318_Solid,002,04_COMPUTE,MANUFACTURER_CAD
OFFICIAL_JETSON_1319_Shell,002,04_COMPUTE,MANUFACTURER_CAD
OFFICIAL_JETSON_1320_Solid,002,04_COMPUTE,MANUFACTURER_CAD
OFFICIAL_JETSON_1321_Shell,002,04_COMPUTE,MANUFACTURER_CAD
OFFICIAL_JETSON_1322_Solid,002,04_COMPUTE,MANUFACTURER_CAD
OFFICIAL_JETSON_1323_Shell,002,04_COMPUTE,MANUFACTURER_CAD
OFFICIAL_JETSON_1324_Solid,002,04_COMPUTE,MANUFACTURER_CAD
OFFICIAL_JETSON_1325_Shell,002,04_COMPUTE,MANUFACTURER_CAD
OFFICIAL_JETSON_1326_Solid,002,04_COMPUTE,MANUFACTURER_CAD
OFFICIAL_JETSON_1327_Shell,002,04_COMPUTE,MANUFACTURER_CAD
OFFICIAL_JETSON_1328_Solid,002,04_COMPUTE,MANUFACTURER_CAD
OFFICIAL_JETSON_1329_Shell,002,04_COMPUTE,MANUFACTURER_CAD
OFFICIAL_JETSON_1330_Solid,002,04_COMPUTE,MANUFACTURER_CAD
OFFICIAL_JETSON_1331_Shell,002,04_COMPUTE,MANUFACTURER_CAD
OFFICIAL_JETSON_1332_Solid,002,04_COMPUTE,MANUFACTURER_CAD
OFFICIAL_JETSON_1333_Shell,002,04_COMPUTE,MANUFACTURER_CAD
OFFICIAL_JETSON_1334_Solid,002,04_COMPUTE,MANUFACTURER_CAD
OFFICIAL_JETSON_1335_Shell,002,04_COMPUTE,MANUFACTURER_CAD
OFFICIAL_JETSON_1336_Solid,002,04_COMPUTE,MANUFACTURER_CAD
OFFICIAL_JETSON_1337_Shell,002,04_COMPUTE,MANUFACTURER_CAD
OFFICIAL_JETSON_1338_Solid,002,04_COMPUTE,MANUFACTURER_CAD
OFFICIAL_JETSON_1339_Shell,002,04_COMPUTE,MANUFACTURER_CAD
OFFICIAL_JETSON_1340_Solid,002,04_COMPUTE,MANUFACTURER_CAD
OFFICIAL_JETSON_1341_Shell,002,04_COMPUTE,MANUFACTURER_CAD
OFFICIAL_JETSON_1342_Solid,002,04_COMPUTE,MANUFACTURER_CAD
OFFICIAL_JETSON_1343_Shell,002,04_COMPUTE,MANUFACTURER_CAD
OFFICIAL_JETSON_1344_Solid,002,04_COMPUTE,MANUFACTURER_CAD
OFFICIAL_JETSON_1345_Shell,002,04_COMPUTE,MANUFACTURER_CAD
OFFICIAL_JETSON_1346_Solid,002,04_COMPUTE,MANUFACTURER_CAD
OFFICIAL_JETSON_1347_Shell,002,04_COMPUTE,MANUFACTURER_CAD
OFFICIAL_JETSON_1348_Solid,002,04_COMPUTE,MANUFACTURER_CAD
OFFICIAL_JETSON_1349_Shell,002,04_COMPUTE,MANUFACTURER_CAD
OFFICIAL_JETSON_1350_Solid,002,04_COMPUTE,MANUFACTURER_CAD
OFFICIAL_JETSON_1351_Shell,002,04_COMPUTE,MANUFACTURER_CAD
OFFICIAL_JETSON_1352_Solid,002,04_COMPUTE,MANUFACTURER_CAD
OFFICIAL_JETSON_1353_Shell,002,04_COMPUTE,MANUFACTURER_CAD
OFFICIAL_JETSON_1354_Solid,002,04_COMPUTE,MANUFACTURER_CAD
OFFICIAL_JETSON_1355_Shell,002,04_COMPUTE,MANUFACTURER_CAD
OFFICIAL_JETSON_1356_Solid,002,04_COMPUTE,MANUFACTURER_CAD
OFFICIAL_JETSON_1357_Shell,002,04_COMPUTE,MANUFACTURER_CAD
OFFICIAL_JETSON_1358_Solid,002,04_COMPUTE,MANUFACTURER_CAD
OFFICIAL_JETSON_1359_Shell,002,04_COMPUTE,MANUFACTURER_CAD
OFFICIAL_JETSON_1360_Solid,002,04_COMPUTE,MANUFACTURER_CAD
OFFICIAL_JETSON_1361_Shell,002,04_COMPUTE,MANUFACTURER_CAD
OFFICIAL_JETSON_1362_Solid,002,04_COMPUTE,MANUFACTURER_CAD
OFFICIAL_JETSON_1363_Shell,002,04_COMPUTE,MANUFACTURER_CAD
OFFICIAL_JETSON_1364_Solid,002,04_COMPUTE,MANUFACTURER_CAD
OFFICIAL_JETSON_1365_Shell,002,04_COMPUTE,MANUFACTURER_CAD
OFFICIAL_JETSON_1366_Solid,002,04_COMPUTE,MANUFACTURER_CAD
OFFICIAL_JETSON_1367_Shell,002,04_COMPUTE,MANUFACTURER_CAD
OFFICIAL_JETSON_1368_Solid,002,04_COMPUTE,MANUFACTURER_CAD
OFFICIAL_JETSON_1369_Shell,002,04_COMPUTE,MANUFACTURER_CAD
OFFICIAL_JETSON_1370_Solid,002,04_COMPUTE,MANUFACTURER_CAD
OFFICIAL_JETSON_1371_Shell,002,04_COMPUTE,MANUFACTURER_CAD
OFFICIAL_JETSON_1372_Solid,002,04_COMPUTE,MANUFACTURER_CAD
OFFICIAL_JETSON_1373_Shell,002,04_COMPUTE,MANUFACTURER_CAD
OFFICIAL_JETSON_1374_Solid,002,04_COMPUTE,MANUFACTURER_CAD
OFFICIAL_JETSON_1375_Shell,002,04_COMPUTE,MANUFACTURER_CAD
OFFICIAL_JETSON_1376_Solid,002,04_COMPUTE,MANUFACTURER_CAD
OFFICIAL_JETSON_1377_Shell,002,04_COMPUTE,MANUFACTURER_CAD
OFFICIAL_JETSON_1378_Solid,002,04_COMPUTE,MANUFACTURER_CAD
OFFICIAL_JETSON_1379_Shell,002,04_COMPUTE,MANUFACTURER_CAD
OFFICIAL_JETSON_1380_Solid,002,04_COMPUTE,MANUFACTURER_CAD
OFFICIAL_JETSON_1381_Shell,002,04_COMPUTE,MANUFACTURER_CAD
OFFICIAL_JETSON_1382_Solid,002,04_COMPUTE,MANUFACTURER_CAD
OFFICIAL_JETSON_1383_Shell,002,04_COMPUTE,MANUFACTURER_CAD
OFFICIAL_JETSON_1384_Solid,002,04_COMPUTE,MANUFACTURER_CAD
OFFICIAL_JETSON_1385_Shell,002,04_COMPUTE,MANUFACTURER_CAD
OFFICIAL_JETSON_1386_Solid,002,04_COMPUTE,MANUFACTURER_CAD
OFFICIAL_JETSON_1387_Shell,002,04_COMPUTE,MANUFACTURER_CAD
OFFICIAL_JETSON_1388_Solid,002,04_COMPUTE,MANUFACTURER_CAD
OFFICIAL_JETSON_1389_Shell,002,04_COMPUTE,MANUFACTURER_CAD
OFFICIAL_JETSON_1390_Solid,002,04_COMPUTE,MANUFACTURER_CAD
OFFICIAL_JETSON_1391_Shell,002,04_COMPUTE,MANUFACTURER_CAD
OFFICIAL_JETSON_1392_Solid,002,04_COMPUTE,MANUFACTURER_CAD
OFFICIAL_JETSON_1393_Shell,002,04_COMPUTE,MANUFACTURER_CAD
OFFICIAL_JETSON_1394_Solid,002,04_COMPUTE,MANUFACTURER_CAD
OFFICIAL_JETSON_1395_Shell,002,04_COMPUTE,MANUFACTURER_CAD
OFFICIAL_JETSON_1396_Solid,002,04_COMPUTE,MANUFACTURER_CAD
OFFICIAL_JETSON_1397_Shell,002,04_COMPUTE,MANUFACTURER_CAD
OFFICIAL_JETSON_1398_Solid,002,04_COMPUTE,MANUFACTURER_CAD
OFFICIAL_JETSON_1399_Shell,002,04_COMPUTE,MANUFACTURER_CAD
OFFICIAL_JETSON_1400_Solid,002,04_COMPUTE,MANUFACTURER_CAD
OFFICIAL_JETSON_1401_Shell,002,04_COMPUTE,MANUFACTURER_CAD
OFFICIAL_JETSON_1402_Solid,002,04_COMPUTE,MANUFACTURER_CAD
OFFICIAL_JETSON_1403_Shell,002,04_COMPUTE,MANUFACTURER_CAD
OFFICIAL_JETSON_1404_Solid,002,04_COMPUTE,MANUFACTURER_CAD
OFFICIAL_JETSON_1405_Shell,002,04_COMPUTE,MANUFACTURER_CAD
OFFICIAL_JETSON_1406_Solid,002,04_COMPUTE,MANUFACTURER_CAD
OFFICIAL_JETSON_1407_Shell,002,04_COMPUTE,MANUFACTURER_CAD
OFFICIAL_JETSON_1408_Solid,002,04_COMPUTE,MANUFACTURER_CAD
OFFICIAL_JETSON_1409_Shell,002,04_COMPUTE,MANUFACTURER_CAD
OFFICIAL_JETSON_1410_Solid,002,04_COMPUTE,MANUFACTURER_CAD
OFFICIAL_JETSON_1411_Shell,002,04_COMPUTE,MANUFACTURER_CAD
OFFICIAL_JETSON_1412_Solid,002,04_COMPUTE,MANUFACTURER_CAD
OFFICIAL_JETSON_1413_Shell,002,04_COMPUTE,MANUFACTURER_CAD
OFFICIAL_JETSON_1414_Solid,002,04_COMPUTE,MANUFACTURER_CAD
OFFICIAL_JETSON_1415_Shell,002,04_COMPUTE,MANUFACTURER_CAD
OFFICIAL_JETSON_1416_Solid,002,04_COMPUTE,MANUFACTURER_CAD
OFFICIAL_JETSON_1417_Shell,002,04_COMPUTE,MANUFACTURER_CAD
OFFICIAL_JETSON_1418_Solid,002,04_COMPUTE,MANUFACTURER_CAD
OFFICIAL_JETSON_1419_Shell,002,04_COMPUTE,MANUFACTURER_CAD
OFFICIAL_JETSON_1420_Solid,002,04_COMPUTE,MANUFACTURER_CAD
OFFICIAL_JETSON_1421_Shell,002,04_COMPUTE,MANUFACTURER_CAD
OFFICIAL_JETSON_1422_Solid,002,04_COMPUTE,MANUFACTURER_CAD
OFFICIAL_JETSON_1423_Shell,002,04_COMPUTE,MANUFACTURER_CAD
OFFICIAL_JETSON_1424_Solid,002,04_COMPUTE,MANUFACTURER_CAD
OFFICIAL_JETSON_1425_Shell,002,04_COMPUTE,MANUFACTURER_CAD
OFFICIAL_JETSON_1426_Solid,002,04_COMPUTE,MANUFACTURER_CAD
OFFICIAL_JETSON_1427_Shell,002,04_COMPUTE,MANUFACTURER_CAD
OFFICIAL_JETSON_1428_Solid,002,04_COMPUTE,MANUFACTURER_CAD
OFFICIAL_JETSON_1429_Shell,002,04_COMPUTE,MANUFACTURER_CAD
OFFICIAL_JETSON_1430_Solid,002,04_COMPUTE,MANUFACTURER_CAD
OFFICIAL_JETSON_1431_Shell,002,04_COMPUTE,MANUFACTURER_CAD
OFFICIAL_JETSON_1432_Solid,002,04_COMPUTE,MANUFACTURER_CAD
OFFICIAL_JETSON_1433_Shell,002,04_COMPUTE,MANUFACTURER_CAD
OFFICIAL_JETSON_1434_Solid,002,04_COMPUTE,MANUFACTURER_CAD
OFFICIAL_JETSON_1435_Shell,002,04_COMPUTE,MANUFACTURER_CAD
OFFICIAL_JETSON_1436_Solid,002,04_COMPUTE,MANUFACTURER_CAD
OFFICIAL_JETSON_1437_Shell,002,04_COMPUTE,MANUFACTURER_CAD
OFFICIAL_JETSON_1438_Solid,002,04_COMPUTE,MANUFACTURER_CAD
OFFICIAL_JETSON_1439_Shell,002,04_COMPUTE,MANUFACTURER_CAD
OFFICIAL_JETSON_1440_Solid,002,04_COMPUTE,MANUFACTURER_CAD
OFFICIAL_JETSON_1441_Shell,002,04_COMPUTE,MANUFACTURER_CAD
OFFICIAL_JETSON_1442_Solid,002,04_COMPUTE,MANUFACTURER_CAD
OFFICIAL_JETSON_1443_Shell,002,04_COMPUTE,MANUFACTURER_CAD
OFFICIAL_JETSON_1444_Solid,002,04_COMPUTE,MANUFACTURER_CAD
OFFICIAL_JETSON_1445_Shell,002,04_COMPUTE,MANUFACTURER_CAD
OFFICIAL_JETSON_1446_Solid,002,04_COMPUTE,MANUFACTURER_CAD
OFFICIAL_JETSON_1447_Shell,002,04_COMPUTE,MANUFACTURER_CAD
OFFICIAL_JETSON_1448_Solid,002,04_COMPUTE,MANUFACTURER_CAD
OFFICIAL_JETSON_1449_Shell,002,04_COMPUTE,MANUFACTURER_CAD
OFFICIAL_JETSON_1450_Solid,002,04_COMPUTE,MANUFACTURER_CAD
OFFICIAL_JETSON_1451_Shell,002,04_COMPUTE,MANUFACTURER_CAD
OFFICIAL_JETSON_1452_Solid,002,04_COMPUTE,MANUFACTURER_CAD
OFFICIAL_JETSON_1453_Shell,002,04_COMPUTE,MANUFACTURER_CAD
OFFICIAL_JETSON_1454_Solid,002,04_COMPUTE,MANUFACTURER_CAD
OFFICIAL_JETSON_1455_Shell,002,04_COMPUTE,MANUFACTURER_CAD
OFFICIAL_JETSON_1456_Solid,002,04_COMPUTE,MANUFACTURER_CAD
OFFICIAL_JETSON_1457_Shell,002,04_COMPUTE,MANUFACTURER_CAD
OFFICIAL_JETSON_1458_Solid,002,04_COMPUTE,MANUFACTURER_CAD
OFFICIAL_JETSON_1459_Shell,002,04_COMPUTE,MANUFACTURER_CAD
OFFICIAL_JETSON_1460_Solid,002,04_COMPUTE,MANUFACTURER_CAD
OFFICIAL_JETSON_1461_Shell,002,04_COMPUTE,MANUFACTURER_CAD
OFFICIAL_JETSON_1462_Solid,002,04_COMPUTE,MANUFACTURER_CAD
OFFICIAL_JETSON_1463_Shell,002,04_COMPUTE,MANUFACTURER_CAD
OFFICIAL_JETSON_1464_Solid,002,04_COMPUTE,MANUFACTURER_CAD
OFFICIAL_JETSON_1465_Shell,002,04_COMPUTE,MANUFACTURER_CAD
OFFICIAL_JETSON_1466_Solid,002,04_COMPUTE,MANUFACTURER_CAD
OFFICIAL_JETSON_1467_Shell,002,04_COMPUTE,MANUFACTURER_CAD
OFFICIAL_JETSON_1468_Solid,002,04_COMPUTE,MANUFACTURER_CAD
OFFICIAL_JETSON_1469_Shell,002,04_COMPUTE,MANUFACTURER_CAD
OFFICIAL_JETSON_1470_Solid,002,04_COMPUTE,MANUFACTURER_CAD
OFFICIAL_JETSON_1471_Shell,002,04_COMPUTE,MANUFACTURER_CAD
OFFICIAL_JETSON_1472_Solid,002,04_COMPUTE,MANUFACTURER_CAD
OFFICIAL_JETSON_1473_Shell,002,04_COMPUTE,MANUFACTURER_CAD
OFFICIAL_JETSON_1474_Solid,002,04_COMPUTE,MANUFACTURER_CAD
OFFICIAL_JETSON_1475_Shell,002,04_COMPUTE,MANUFACTURER_CAD
OFFICIAL_JETSON_1476_Solid,002,04_COMPUTE,MANUFACTURER_CAD
OFFICIAL_JETSON_1477_Shell,002,04_COMPUTE,MANUFACTURER_CAD
OFFICIAL_JETSON_1478_Solid,002,04_COMPUTE,MANUFACTURER_CAD
OFFICIAL_JETSON_1479_Shell,002,04_COMPUTE,MANUFACTURER_CAD
OFFICIAL_JETSON_1480_Solid,002,04_COMPUTE,MANUFACTURER_CAD
OFFICIAL_JETSON_1481_Shell,002,04_COMPUTE,MANUFACTURER_CAD
OFFICIAL_JETSON_1482_Solid,002,04_COMPUTE,MANUFACTURER_CAD
OFFICIAL_JETSON_1483_Shell,002,04_COMPUTE,MANUFACTURER_CAD
OFFICIAL_JETSON_1484_Solid,002,04_COMPUTE,MANUFACTURER_CAD
OFFICIAL_JETSON_1485_Shell,002,04_COMPUTE,MANUFACTURER_CAD
OFFICIAL_JETSON_1486_Solid,002,04_COMPUTE,MANUFACTURER_CAD
OFFICIAL_JETSON_1487_Shell,002,04_COMPUTE,MANUFACTURER_CAD
OFFICIAL_JETSON_1488_Solid,002,04_COMPUTE,MANUFACTURER_CAD
OFFICIAL_JETSON_1489_Shell,002,04_COMPUTE,MANUFACTURER_CAD
OFFICIAL_JETSON_1490_Solid,002,04_COMPUTE,MANUFACTURER_CAD
OFFICIAL_JETSON_1491_Shell,002,04_COMPUTE,MANUFACTURER_CAD
OFFICIAL_JETSON_1492_Solid,002,04_COMPUTE,MANUFACTURER_CAD
OFFICIAL_JETSON_1493_Shell,002,04_COMPUTE,MANUFACTURER_CAD
OFFICIAL_JETSON_1494_Solid,002,04_COMPUTE,MANUFACTURER_CAD
OFFICIAL_JETSON_1495_Shell,002,04_COMPUTE,MANUFACTURER_CAD
OFFICIAL_JETSON_1496_Solid,002,04_COMPUTE,MANUFACTURER_CAD
OFFICIAL_JETSON_1497_Shell,002,04_COMPUTE,MANUFACTURER_CAD
OFFICIAL_JETSON_1498_Solid,002,04_COMPUTE,MANUFACTURER_CAD
OFFICIAL_JETSON_1499_Shell,002,04_COMPUTE,MANUFACTURER_CAD
OFFICIAL_JETSON_1500_Solid,002,04_COMPUTE,MANUFACTURER_CAD
OFFICIAL_JETSON_1501_Shell,002,04_COMPUTE,MANUFACTURER_CAD
OFFICIAL_JETSON_1502_Solid,002,04_COMPUTE,MANUFACTURER_CAD
OFFICIAL_JETSON_1503_Shell,002,04_COMPUTE,MANUFACTURER_CAD
OFFICIAL_JETSON_1504_Solid,002,04_COMPUTE,MANUFACTURER_CAD
OFFICIAL_JETSON_1505_Shell,002,04_COMPUTE,MANUFACTURER_CAD
OFFICIAL_JETSON_1506_Solid,002,04_COMPUTE,MANUFACTURER_CAD
OFFICIAL_JETSON_1507_Shell,002,04_COMPUTE,MANUFACTURER_CAD
OFFICIAL_JETSON_1508_Solid,002,04_COMPUTE,MANUFACTURER_CAD
OFFICIAL_JETSON_1509_Shell,002,04_COMPUTE,MANUFACTURER_CAD
OFFICIAL_JETSON_1510_Solid,002,04_COMPUTE,MANUFACTURER_CAD
OFFICIAL_JETSON_1511_Shell,002,04_COMPUTE,MANUFACTURER_CAD
OFFICIAL_JETSON_1512_Solid,002,04_COMPUTE,MANUFACTURER_CAD
OFFICIAL_JETSON_1513_Shell,002,04_COMPUTE,MANUFACTURER_CAD
OFFICIAL_JETSON_1514_Solid,002,04_COMPUTE,MANUFACTURER_CAD
OFFICIAL_JETSON_1515_Shell,002,04_COMPUTE,MANUFACTURER_CAD
OFFICIAL_JETSON_1516_Solid,002,04_COMPUTE,MANUFACTURER_CAD
OFFICIAL_JETSON_1517_Shell,002,04_COMPUTE,MANUFACTURER_CAD
OFFICIAL_JETSON_1518_Solid,002,04_COMPUTE,MANUFACTURER_CAD
OFFICIAL_JETSON_1519_Shell,002,04_COMPUTE,MANUFACTURER_CAD
OFFICIAL_JETSON_1520_Solid,002,04_COMPUTE,MANUFACTURER_CAD
OFFICIAL_JETSON_1521_Shell,002,04_COMPUTE,MANUFACTURER_CAD
OFFICIAL_JETSON_1522_Solid,002,04_COMPUTE,MANUFACTURER_CAD
OFFICIAL_JETSON_1523_Shell,002,04_COMPUTE,MANUFACTURER_CAD
OFFICIAL_JETSON_1524_Solid,002,04_COMPUTE,MANUFACTURER_CAD
OFFICIAL_JETSON_1525_Shell,002,04_COMPUTE,MANUFACTURER_CAD
OFFICIAL_JETSON_1526_Solid,002,04_COMPUTE,MANUFACTURER_CAD
OFFICIAL_JETSON_1527_Shell,002,04_COMPUTE,MANUFACTURER_CAD
OFFICIAL_JETSON_1528_Solid,002,04_COMPUTE,MANUFACTURER_CAD
OFFICIAL_JETSON_1529_Shell,002,04_COMPUTE,MANUFACTURER_CAD
OFFICIAL_JETSON_1530_Solid,002,04_COMPUTE,MANUFACTURER_CAD
OFFICIAL_JETSON_1531_Shell,002,04_COMPUTE,MANUFACTURER_CAD
OFFICIAL_JETSON_1532_Solid,002,04_COMPUTE,MANUFACTURER_CAD
OFFICIAL_JETSON_1533_Shell,002,04_COMPUTE,MANUFACTURER_CAD
OFFICIAL_JETSON_1534_Solid,002,04_COMPUTE,MANUFACTURER_CAD
OFFICIAL_JETSON_1535_Shell,002,04_COMPUTE,MANUFACTURER_CAD
OFFICIAL_JETSON_1536_Solid,002,04_COMPUTE,MANUFACTURER_CAD
OFFICIAL_JETSON_1537_Shell,002,04_COMPUTE,MANUFACTURER_CAD
OFFICIAL_JETSON_1538_Solid,002,04_COMPUTE,MANUFACTURER_CAD
OFFICIAL_JETSON_1539_Shell,002,04_COMPUTE,MANUFACTURER_CAD
OFFICIAL_JETSON_1540_Solid,002,04_COMPUTE,MANUFACTURER_CAD
OFFICIAL_JETSON_1541_Solid,002,04_COMPUTE,MANUFACTURER_CAD
OFFICIAL_JETSON_1542_Solid,002,04_COMPUTE,MANUFACTURER_CAD
OFFICIAL_JETSON_1543_Shell,002,04_COMPUTE,MANUFACTURER_CAD
OFFICIAL_JETSON_1544_Solid,002,04_COMPUTE,MANUFACTURER_CAD
OFFICIAL_JETSON_1545_Solid,002,04_COMPUTE,MANUFACTURER_CAD
OFFICIAL_JETSON_1546_Solid,002,04_COMPUTE,MANUFACTURER_CAD
OFFICIAL_JETSON_1547_Shell,002,04_COMPUTE,MANUFACTURER_CAD
OFFICIAL_JETSON_1548_Solid,002,04_COMPUTE,MANUFACTURER_CAD
OFFICIAL_JETSON_1549_Solid,002,04_COMPUTE,MANUFACTURER_CAD
OFFICIAL_JETSON_1550_Solid,002,04_COMPUTE,MANUFACTURER_CAD
OFFICIAL_JETSON_1551_Shell,002,04_COMPUTE,MANUFACTURER_CAD
OFFICIAL_JETSON_1552_Solid,002,04_COMPUTE,MANUFACTURER_CAD
OFFICIAL_JETSON_1553_Solid,002,04_COMPUTE,MANUFACTURER_CAD
OFFICIAL_JETSON_1554_Solid,002,04_COMPUTE,MANUFACTURER_CAD
OFFICIAL_JETSON_1555_Shell,002,04_COMPUTE,MANUFACTURER_CAD
OFFICIAL_JETSON_1556_Solid,002,04_COMPUTE,MANUFACTURER_CAD
OFFICIAL_JETSON_1557_Solid,002,04_COMPUTE,MANUFACTURER_CAD
OFFICIAL_JETSON_1558_Solid,002,04_COMPUTE,MANUFACTURER_CAD
OFFICIAL_JETSON_1559_Shell,002,04_COMPUTE,MANUFACTURER_CAD
OFFICIAL_JETSON_1560_Solid,002,04_COMPUTE,MANUFACTURER_CAD
OFFICIAL_JETSON_1561_Solid,002,04_COMPUTE,MANUFACTURER_CAD
OFFICIAL_JETSON_1562_Solid,002,04_COMPUTE,MANUFACTURER_CAD
OFFICIAL_JETSON_1563_Shell,002,04_COMPUTE,MANUFACTURER_CAD
OFFICIAL_JETSON_1564_Solid,002,04_COMPUTE,MANUFACTURER_CAD
OFFICIAL_JETSON_1565_Solid,002,04_COMPUTE,MANUFACTURER_CAD
OFFICIAL_JETSON_1566_Shell,002,04_COMPUTE,MANUFACTURER_CAD
OFFICIAL_JETSON_1567_Solid,002,04_COMPUTE,MANUFACTURER_CAD
OFFICIAL_JETSON_1568_Shell,002,04_COMPUTE,MANUFACTURER_CAD
OFFICIAL_JETSON_1569_Solid,002,04_COMPUTE,MANUFACTURER_CAD
OFFICIAL_JETSON_1570_Shell,002,04_COMPUTE,MANUFACTURER_CAD
OFFICIAL_JETSON_1571_Solid,002,04_COMPUTE,MANUFACTURER_CAD
OFFICIAL_JETSON_1572_Shell,002,04_COMPUTE,MANUFACTURER_CAD
OFFICIAL_JETSON_1573_Solid,002,04_COMPUTE,MANUFACTURER_CAD
OFFICIAL_JETSON_1574_Shell,002,04_COMPUTE,MANUFACTURER_CAD
OFFICIAL_JETSON_1575_Solid,002,04_COMPUTE,MANUFACTURER_CAD
OFFICIAL_JETSON_1576_Shell,002,04_COMPUTE,MANUFACTURER_CAD
OFFICIAL_JETSON_1577_Solid,002,04_COMPUTE,MANUFACTURER_CAD
OFFICIAL_JETSON_1578_Shell,002,04_COMPUTE,MANUFACTURER_CAD
OFFICIAL_JETSON_1579_Solid,002,04_COMPUTE,MANUFACTURER_CAD
OFFICIAL_JETSON_1580_Shell,002,04_COMPUTE,MANUFACTURER_CAD
OFFICIAL_JETSON_1581_Solid,002,04_COMPUTE,MANUFACTURER_CAD
OFFICIAL_JETSON_1582_Shell,002,04_COMPUTE,MANUFACTURER_CAD
OFFICIAL_JETSON_1583_Solid,002,04_COMPUTE,MANUFACTURER_CAD
OFFICIAL_JETSON_1584_Shell,002,04_COMPUTE,MANUFACTURER_CAD
OFFICIAL_JETSON_1585_Solid,002,04_COMPUTE,MANUFACTURER_CAD
OFFICIAL_JETSON_1586_Shell,002,04_COMPUTE,MANUFACTURER_CAD
OFFICIAL_JETSON_1587_Solid,002,04_COMPUTE,MANUFACTURER_CAD
OFFICIAL_JETSON_1588_Shell,002,04_COMPUTE,MANUFACTURER_CAD
OFFICIAL_JETSON_1589_Solid,002,04_COMPUTE,MANUFACTURER_CAD
OFFICIAL_JETSON_1590_Shell,002,04_COMPUTE,MANUFACTURER_CAD
OFFICIAL_JETSON_1591_Solid,002,04_COMPUTE,MANUFACTURER_CAD
OFFICIAL_JETSON_1592_Shell,002,04_COMPUTE,MANUFACTURER_CAD
OFFICIAL_JETSON_1593_Solid,002,04_COMPUTE,MANUFACTURER_CAD
OFFICIAL_JETSON_1594_Shell,002,04_COMPUTE,MANUFACTURER_CAD
OFFICIAL_JETSON_1595_Solid,002,04_COMPUTE,MANUFACTURER_CAD
OFFICIAL_JETSON_1596_Shell,002,04_COMPUTE,MANUFACTURER_CAD
OFFICIAL_JETSON_1597_Solid,002,04_COMPUTE,MANUFACTURER_CAD
OFFICIAL_JETSON_1598_Shell,002,04_COMPUTE,MANUFACTURER_CAD
OFFICIAL_JETSON_1599_Solid,002,04_COMPUTE,MANUFACTURER_CAD
OFFICIAL_JETSON_1600_Shell,002,04_COMPUTE,MANUFACTURER_CAD
OFFICIAL_JETSON_1601_Solid,002,04_COMPUTE,MANUFACTURER_CAD
OFFICIAL_JETSON_1602_Shell,002,04_COMPUTE,MANUFACTURER_CAD
OFFICIAL_JETSON_1603_Solid,002,04_COMPUTE,MANUFACTURER_CAD
OFFICIAL_JETSON_1604_Shell,002,04_COMPUTE,MANUFACTURER_CAD
OFFICIAL_JETSON_1605_Solid,002,04_COMPUTE,MANUFACTURER_CAD
OFFICIAL_JETSON_1606_Shell,002,04_COMPUTE,MANUFACTURER_CAD
OFFICIAL_JETSON_1607_Solid,002,04_COMPUTE,MANUFACTURER_CAD
OFFICIAL_JETSON_1608_Shell,002,04_COMPUTE,MANUFACTURER_CAD
OFFICIAL_JETSON_1609_Solid,002,04_COMPUTE,MANUFACTURER_CAD
OFFICIAL_JETSON_1610_Shell,002,04_COMPUTE,MANUFACTURER_CAD
OFFICIAL_JETSON_1611_Solid,002,04_COMPUTE,MANUFACTURER_CAD
OFFICIAL_JETSON_1612_Shell,002,04_COMPUTE,MANUFACTURER_CAD
OFFICIAL_JETSON_1613_Solid,002,04_COMPUTE,MANUFACTURER_CAD
OFFICIAL_JETSON_1614_Shell,002,04_COMPUTE,MANUFACTURER_CAD
OFFICIAL_JETSON_1615_Solid,002,04_COMPUTE,MANUFACTURER_CAD
OFFICIAL_JETSON_1616_Shell,002,04_COMPUTE,MANUFACTURER_CAD
OFFICIAL_JETSON_1617_Solid,002,04_COMPUTE,MANUFACTURER_CAD
OFFICIAL_JETSON_1618_Shell,002,04_COMPUTE,MANUFACTURER_CAD
OFFICIAL_JETSON_1619_Solid,002,04_COMPUTE,MANUFACTURER_CAD
OFFICIAL_JETSON_1620_Shell,002,04_COMPUTE,MANUFACTURER_CAD
OFFICIAL_JETSON_1621_Solid,002,04_COMPUTE,MANUFACTURER_CAD
OFFICIAL_JETSON_1622_Shell,002,04_COMPUTE,MANUFACTURER_CAD
OFFICIAL_JETSON_1623_Solid,002,04_COMPUTE,MANUFACTURER_CAD
OFFICIAL_JETSON_1624_Shell,002,04_COMPUTE,MANUFACTURER_CAD
OFFICIAL_JETSON_1625_Solid,002,04_COMPUTE,MANUFACTURER_CAD
OFFICIAL_JETSON_1626_Shell,002,04_COMPUTE,MANUFACTURER_CAD
OFFICIAL_JETSON_1627_Solid,002,04_COMPUTE,MANUFACTURER_CAD
OFFICIAL_JETSON_1628_Shell,002,04_COMPUTE,MANUFACTURER_CAD
OFFICIAL_JETSON_1629_Solid,002,04_COMPUTE,MANUFACTURER_CAD
OFFICIAL_JETSON_1630_Shell,002,04_COMPUTE,MANUFACTURER_CAD
OFFICIAL_JETSON_1631_Solid,002,04_COMPUTE,MANUFACTURER_CAD
OFFICIAL_JETSON_1632_Shell,002,04_COMPUTE,MANUFACTURER_CAD
OFFICIAL_JETSON_1633_Solid,002,04_COMPUTE,MANUFACTURER_CAD
OFFICIAL_JETSON_1634_Shell,002,04_COMPUTE,MANUFACTURER_CAD
OFFICIAL_JETSON_1635_Solid,002,04_COMPUTE,MANUFACTURER_CAD
OFFICIAL_JETSON_1636_Shell,002,04_COMPUTE,MANUFACTURER_CAD
OFFICIAL_JETSON_1637_Solid,002,04_COMPUTE,MANUFACTURER_CAD
OFFICIAL_JETSON_1638_Shell,002,04_COMPUTE,MANUFACTURER_CAD
OFFICIAL_JETSON_1639_Solid,002,04_COMPUTE,MANUFACTURER_CAD
OFFICIAL_JETSON_1640_Shell,002,04_COMPUTE,MANUFACTURER_CAD
OFFICIAL_JETSON_1641_Solid,002,04_COMPUTE,MANUFACTURER_CAD
OFFICIAL_JETSON_1642_Shell,002,04_COMPUTE,MANUFACTURER_CAD
OFFICIAL_JETSON_1643_Solid,002,04_COMPUTE,MANUFACTURER_CAD
OFFICIAL_JETSON_1644_Shell,002,04_COMPUTE,MANUFACTURER_CAD
OFFICIAL_JETSON_1645_Solid,002,04_COMPUTE,MANUFACTURER_CAD
OFFICIAL_JETSON_1646_Shell,002,04_COMPUTE,MANUFACTURER_CAD
OFFICIAL_JETSON_1647_Solid,002,04_COMPUTE,MANUFACTURER_CAD
OFFICIAL_JETSON_1648_Solid,002,04_COMPUTE,MANUFACTURER_CAD
OFFICIAL_JETSON_1649_Solid,002,04_COMPUTE,MANUFACTURER_CAD
OFFICIAL_JETSON_1650_Solid,002,04_COMPUTE,MANUFACTURER_CAD
OFFICIAL_JETSON_1651_Solid,002,04_COMPUTE,MANUFACTURER_CAD
OFFICIAL_JETSON_1652_Shell,002,04_COMPUTE,MANUFACTURER_CAD
OFFICIAL_JETSON_1653_Solid,002,04_COMPUTE,MANUFACTURER_CAD
OFFICIAL_JETSON_1654_Shell,002,04_COMPUTE,MANUFACTURER_CAD
OFFICIAL_JETSON_1655_Solid,002,04_COMPUTE,MANUFACTURER_CAD
OFFICIAL_JETSON_1656_Shell,002,04_COMPUTE,MANUFACTURER_CAD
OFFICIAL_JETSON_1657_Solid,002,04_COMPUTE,MANUFACTURER_CAD
OFFICIAL_JETSON_1658_Shell,002,04_COMPUTE,MANUFACTURER_CAD
OFFICIAL_JETSON_1659_Solid,002,04_COMPUTE,MANUFACTURER_CAD
OFFICIAL_JETSON_1660_Shell,002,04_COMPUTE,MANUFACTURER_CAD
OFFICIAL_JETSON_1661_Solid,002,04_COMPUTE,MANUFACTURER_CAD
OFFICIAL_JETSON_1662_Shell,002,04_COMPUTE,MANUFACTURER_CAD
OFFICIAL_JETSON_1663_Solid,002,04_COMPUTE,MANUFACTURER_CAD
OFFICIAL_JETSON_1664_Shell,002,04_COMPUTE,MANUFACTURER_CAD
OFFICIAL_JETSON_1665_Solid,002,04_COMPUTE,MANUFACTURER_CAD
OFFICIAL_JETSON_1666_Shell,002,04_COMPUTE,MANUFACTURER_CAD
OFFICIAL_JETSON_1667_Solid,002,04_COMPUTE,MANUFACTURER_CAD
OFFICIAL_JETSON_1668_Solid,002,04_COMPUTE,MANUFACTURER_CAD
OFFICIAL_JETSON_1669_Solid,002,04_COMPUTE,MANUFACTURER_CAD
OFFICIAL_JETSON_1670_Solid,002,04_COMPUTE,MANUFACTURER_CAD
OFFICIAL_JETSON_1671_Solid,002,04_COMPUTE,MANUFACTURER_CAD
OFFICIAL_JETSON_1672_Solid,002,04_COMPUTE,MANUFACTURER_CAD
OFFICIAL_JETSON_1673_Solid,002,04_COMPUTE,MANUFACTURER_CAD
OFFICIAL_JETSON_1674_Solid,002,04_COMPUTE,MANUFACTURER_CAD
OFFICIAL_JETSON_1675_Solid,002,04_COMPUTE,MANUFACTURER_CAD
OFFICIAL_JETSON_1676_Solid,002,04_COMPUTE,MANUFACTURER_CAD
OFFICIAL_JETSON_1677_Solid,002,04_COMPUTE,MANUFACTURER_CAD
OFFICIAL_JETSON_1678_Solid,002,04_COMPUTE,MANUFACTURER_CAD
OFFICIAL_JETSON_1679_Solid,002,04_COMPUTE,MANUFACTURER_CAD
OFFICIAL_JETSON_1680_Solid,002,04_COMPUTE,MANUFACTURER_CAD
OFFICIAL_JETSON_1681_Solid,002,04_COMPUTE,MANUFACTURER_CAD
OFFICIAL_JETSON_1682_Solid,002,04_COMPUTE,MANUFACTURER_CAD
OFFICIAL_JETSON_1683_Solid,002,04_COMPUTE,MANUFACTURER_CAD
OFFICIAL_JETSON_1684_Solid,002,04_COMPUTE,MANUFACTURER_CAD
OFFICIAL_JETSON_1685_Solid,002,04_COMPUTE,MANUFACTURER_CAD
OFFICIAL_JETSON_1686_Solid,002,04_COMPUTE,MANUFACTURER_CAD
OFFICIAL_JETSON_1687_Solid,002,04_COMPUTE,MANUFACTURER_CAD
OFFICIAL_JETSON_1688_Solid,002,04_COMPUTE,MANUFACTURER_CAD
OFFICIAL_JETSON_1689_Solid,002,04_COMPUTE,MANUFACTURER_CAD
OFFICIAL_JETSON_1690_Solid,002,04_COMPUTE,MANUFACTURER_CAD
OFFICIAL_JETSON_1691_Solid,002,04_COMPUTE,MANUFACTURER_CAD
OFFICIAL_JETSON_1692_Solid,002,04_COMPUTE,MANUFACTURER_CAD
OFFICIAL_JETSON_1693_Solid,002,04_COMPUTE,MANUFACTURER_CAD
OFFICIAL_JETSON_1694_Solid,002,04_COMPUTE,MANUFACTURER_CAD
OFFICIAL_JETSON_1695_Solid,002,04_COMPUTE,MANUFACTURER_CAD
OFFICIAL_JETSON_1696_Solid,002,04_COMPUTE,MANUFACTURER_CAD
OFFICIAL_JETSON_1697_Solid,002,04_COMPUTE,MANUFACTURER_CAD
OFFICIAL_JETSON_1698_Solid,002,04_COMPUTE,MANUFACTURER_CAD
OFFICIAL_JETSON_1699_Solid,002,04_COMPUTE,MANUFACTURER_CAD
OFFICIAL_JETSON_1700_Solid,002,04_COMPUTE,MANUFACTURER_CAD
OFFICIAL_JETSON_1701_Solid,002,04_COMPUTE,MANUFACTURER_CAD
OFFICIAL_JETSON_1702_Solid,002,04_COMPUTE,MANUFACTURER_CAD
OFFICIAL_JETSON_1703_Solid,002,04_COMPUTE,MANUFACTURER_CAD
OFFICIAL_JETSON_1704_Solid,002,04_COMPUTE,MANUFACTURER_CAD
OFFICIAL_JETSON_1705_Solid,002,04_COMPUTE,MANUFACTURER_CAD
OFFICIAL_JETSON_1706_Solid,002,04_COMPUTE,MANUFACTURER_CAD
OFFICIAL_JETSON_1707_Solid,002,04_COMPUTE,MANUFACTURER_CAD
OFFICIAL_JETSON_1708_Solid,002,04_COMPUTE,MANUFACTURER_CAD
OFFICIAL_JETSON_1709_Solid,002,04_COMPUTE,MANUFACTURER_CAD
OFFICIAL_JETSON_1710_Solid,002,04_COMPUTE,MANUFACTURER_CAD
OFFICIAL_JETSON_1711_Solid,002,04_COMPUTE,MANUFACTURER_CAD
OFFICIAL_JETSON_1712_Solid,002,04_COMPUTE,MANUFACTURER_CAD
OFFICIAL_JETSON_1713_Solid,002,04_COMPUTE,MANUFACTURER_CAD
OFFICIAL_JETSON_1714_Solid,002,04_COMPUTE,MANUFACTURER_CAD
OFFICIAL_JETSON_1715_Solid,002,04_COMPUTE,MANUFACTURER_CAD
OFFICIAL_JETSON_1716_Solid,002,04_COMPUTE,MANUFACTURER_CAD
OFFICIAL_JETSON_1717_Solid,002,04_COMPUTE,MANUFACTURER_CAD
OFFICIAL_JETSON_1718_Solid,002,04_COMPUTE,MANUFACTURER_CAD
OFFICIAL_JETSON_1719_Solid,002,04_COMPUTE,MANUFACTURER_CAD
OFFICIAL_JETSON_1720_Solid,002,04_COMPUTE,MANUFACTURER_CAD
OFFICIAL_JETSON_1721_Solid,002,04_COMPUTE,MANUFACTURER_CAD
OFFICIAL_JETSON_1722_Solid,002,04_COMPUTE,MANUFACTURER_CAD
OFFICIAL_JETSON_1723_Solid,002,04_COMPUTE,MANUFACTURER_CAD
OFFICIAL_JETSON_1724_Solid,002,04_COMPUTE,MANUFACTURER_CAD
OFFICIAL_JETSON_1725_Solid,002,04_COMPUTE,MANUFACTURER_CAD
OFFICIAL_JETSON_1726_Solid,002,04_COMPUTE,MANUFACTURER_CAD
OFFICIAL_JETSON_1727_Solid,002,04_COMPUTE,MANUFACTURER_CAD
OFFICIAL_JETSON_1728_Solid,002,04_COMPUTE,MANUFACTURER_CAD
OFFICIAL_JETSON_1729_Solid,002,04_COMPUTE,MANUFACTURER_CAD
OFFICIAL_JETSON_1730_Solid,002,04_COMPUTE,MANUFACTURER_CAD
OFFICIAL_JETSON_1731_Solid,002,04_COMPUTE,MANUFACTURER_CAD
OFFICIAL_JETSON_1732_Solid,002,04_COMPUTE,MANUFACTURER_CAD
OFFICIAL_JETSON_1733_Solid,002,04_COMPUTE,MANUFACTURER_CAD
OFFICIAL_JETSON_1734_Solid,002,04_COMPUTE,MANUFACTURER_CAD
OFFICIAL_JETSON_1735_Solid,002,04_COMPUTE,MANUFACTURER_CAD
OFFICIAL_JETSON_1736_Solid,002,04_COMPUTE,MANUFACTURER_CAD
OFFICIAL_JETSON_1737_Solid,002,04_COMPUTE,MANUFACTURER_CAD
OFFICIAL_JETSON_1738_Solid,002,04_COMPUTE,MANUFACTURER_CAD
OFFICIAL_JETSON_1739_Solid,002,04_COMPUTE,MANUFACTURER_CAD
OFFICIAL_JETSON_1740_Solid,002,04_COMPUTE,MANUFACTURER_CAD
OFFICIAL_JETSON_1741_Solid,002,04_COMPUTE,MANUFACTURER_CAD
OFFICIAL_JETSON_1742_Solid,002,04_COMPUTE,MANUFACTURER_CAD
OFFICIAL_JETSON_1743_Solid,002,04_COMPUTE,MANUFACTURER_CAD
OFFICIAL_JETSON_1744_Solid,002,04_COMPUTE,MANUFACTURER_CAD
OFFICIAL_JETSON_1745_Solid,002,04_COMPUTE,MANUFACTURER_CAD
OFFICIAL_JETSON_1746_Solid,002,04_COMPUTE,MANUFACTURER_CAD
OFFICIAL_JETSON_1747_Solid,002,04_COMPUTE,MANUFACTURER_CAD
OFFICIAL_JETSON_1748_Solid,002,04_COMPUTE,MANUFACTURER_CAD
OFFICIAL_JETSON_1749_Solid,002,04_COMPUTE,MANUFACTURER_CAD
OFFICIAL_JETSON_1750_Solid,002,04_COMPUTE,MANUFACTURER_CAD
OFFICIAL_JETSON_1751_Solid,002,04_COMPUTE,MANUFACTURER_CAD
OFFICIAL_JETSON_1752_Solid,002,04_COMPUTE,MANUFACTURER_CAD
OFFICIAL_JETSON_1753_Solid,002,04_COMPUTE,MANUFACTURER_CAD
OFFICIAL_JETSON_1754_Solid,002,04_COMPUTE,MANUFACTURER_CAD
OFFICIAL_JETSON_1755_Solid,002,04_COMPUTE,MANUFACTURER_CAD
OFFICIAL_JETSON_1756_Solid,002,04_COMPUTE,MANUFACTURER_CAD
OFFICIAL_JETSON_1757_Solid,002,04_COMPUTE,MANUFACTURER_CAD
OFFICIAL_JETSON_1758_Solid,002,04_COMPUTE,MANUFACTURER_CAD
OFFICIAL_JETSON_1759_Solid,002,04_COMPUTE,MANUFACTURER_CAD
OFFICIAL_JETSON_1760_Solid,002,04_COMPUTE,MANUFACTURER_CAD
OFFICIAL_JETSON_1761_Solid,002,04_COMPUTE,MANUFACTURER_CAD
OFFICIAL_JETSON_1762_Solid,002,04_COMPUTE,MANUFACTURER_CAD
OFFICIAL_JETSON_1763_Solid,002,04_COMPUTE,MANUFACTURER_CAD
OFFICIAL_JETSON_1764_Solid,002,04_COMPUTE,MANUFACTURER_CAD
OFFICIAL_JETSON_1765_Solid,002,04_COMPUTE,MANUFACTURER_CAD
OFFICIAL_JETSON_1766_Solid,002,04_COMPUTE,MANUFACTURER_CAD
OFFICIAL_JETSON_1767_Solid,002,04_COMPUTE,MANUFACTURER_CAD
OFFICIAL_JETSON_1768_Solid,002,04_COMPUTE,MANUFACTURER_CAD
OFFICIAL_JETSON_1769_Solid,002,04_COMPUTE,MANUFACTURER_CAD
OFFICIAL_JETSON_1770_Solid,002,04_COMPUTE,MANUFACTURER_CAD
OFFICIAL_JETSON_1771_Solid,002,04_COMPUTE,MANUFACTURER_CAD
OFFICIAL_JETSON_1772_Solid,002,04_COMPUTE,MANUFACTURER_CAD
OFFICIAL_JETSON_1773_Solid,002,04_COMPUTE,MANUFACTURER_CAD
OFFICIAL_JETSON_1774_Solid,002,04_COMPUTE,MANUFACTURER_CAD
OFFICIAL_JETSON_1775_Solid,002,04_COMPUTE,MANUFACTURER_CAD
OFFICIAL_JETSON_1776_Solid,002,04_COMPUTE,MANUFACTURER_CAD
OFFICIAL_JETSON_1777_Solid,002,04_COMPUTE,MANUFACTURER_CAD
OFFICIAL_JETSON_1778_Solid,002,04_COMPUTE,MANUFACTURER_CAD
OFFICIAL_JETSON_1779_Solid,002,04_COMPUTE,MANUFACTURER_CAD
OFFICIAL_JETSON_1780_Solid,002,04_COMPUTE,MANUFACTURER_CAD
OFFICIAL_JETSON_1781_Solid,002,04_COMPUTE,MANUFACTURER_CAD
OFFICIAL_JETSON_1782_Solid,002,04_COMPUTE,MANUFACTURER_CAD
OFFICIAL_JETSON_1783_Solid,002,04_COMPUTE,MANUFACTURER_CAD
OFFICIAL_JETSON_1784_Solid,002,04_COMPUTE,MANUFACTURER_CAD
OFFICIAL_JETSON_1785_Solid,002,04_COMPUTE,MANUFACTURER_CAD
OFFICIAL_JETSON_1786_Solid,002,04_COMPUTE,MANUFACTURER_CAD
OFFICIAL_JETSON_1787_Solid,002,04_COMPUTE,MANUFACTURER_CAD
OFFICIAL_JETSON_1788_Solid,002,04_COMPUTE,MANUFACTURER_CAD
OFFICIAL_JETSON_1789_Solid,002,04_COMPUTE,MANUFACTURER_CAD
OFFICIAL_JETSON_1790_Solid,002,04_COMPUTE,MANUFACTURER_CAD
OFFICIAL_JETSON_1791_Solid,002,04_COMPUTE,MANUFACTURER_CAD
OFFICIAL_JETSON_1792_Solid,002,04_COMPUTE,MANUFACTURER_CAD
OFFICIAL_JETSON_1793_Solid,002,04_COMPUTE,MANUFACTURER_CAD
OFFICIAL_JETSON_1794_Solid,002,04_COMPUTE,MANUFACTURER_CAD
OFFICIAL_JETSON_1795_Solid,002,04_COMPUTE,MANUFACTURER_CAD
OFFICIAL_JETSON_1796_Solid,002,04_COMPUTE,MANUFACTURER_CAD
OFFICIAL_JETSON_1797_Solid,002,04_COMPUTE,MANUFACTURER_CAD
OFFICIAL_JETSON_1798_Solid,002,04_COMPUTE,MANUFACTURER_CAD
OFFICIAL_JETSON_1799_Solid,002,04_COMPUTE,MANUFACTURER_CAD
OFFICIAL_JETSON_1800_Solid,002,04_COMPUTE,MANUFACTURER_CAD
OFFICIAL_JETSON_1801_Solid,002,04_COMPUTE,MANUFACTURER_CAD
OFFICIAL_JETSON_1802_Solid,002,04_COMPUTE,MANUFACTURER_CAD
OFFICIAL_JETSON_1803_Solid,002,04_COMPUTE,MANUFACTURER_CAD
OFFICIAL_JETSON_1804_Solid,002,04_COMPUTE,MANUFACTURER_CAD
OFFICIAL_JETSON_1805_Solid,002,04_COMPUTE,MANUFACTURER_CAD
OFFICIAL_JETSON_1806_Solid,002,04_COMPUTE,MANUFACTURER_CAD
OFFICIAL_JETSON_1807_Solid,002,04_COMPUTE,MANUFACTURER_CAD
OFFICIAL_JETSON_1808_Solid,002,04_COMPUTE,MANUFACTURER_CAD
OFFICIAL_JETSON_1809_Solid,002,04_COMPUTE,MANUFACTURER_CAD
OFFICIAL_JETSON_1810_Solid,002,04_COMPUTE,MANUFACTURER_CAD
OFFICIAL_JETSON_1811_Solid,002,04_COMPUTE,MANUFACTURER_CAD
OFFICIAL_JETSON_1812_Solid,002,04_COMPUTE,MANUFACTURER_CAD
OFFICIAL_JETSON_1813_Solid,002,04_COMPUTE,MANUFACTURER_CAD
OFFICIAL_JETSON_1814_Solid,002,04_COMPUTE,MANUFACTURER_CAD
OFFICIAL_JETSON_1815_Solid,002,04_COMPUTE,MANUFACTURER_CAD
OFFICIAL_JETSON_1816_Solid,002,04_COMPUTE,MANUFACTURER_CAD
OFFICIAL_JETSON_1817_Solid,002,04_COMPUTE,MANUFACTURER_CAD
OFFICIAL_JETSON_1818_Solid,002,04_COMPUTE,MANUFACTURER_CAD
OFFICIAL_JETSON_1819_Solid,002,04_COMPUTE,MANUFACTURER_CAD
OFFICIAL_JETSON_1820_Solid,002,04_COMPUTE,MANUFACTURER_CAD
OFFICIAL_JETSON_1821_Solid,002,04_COMPUTE,MANUFACTURER_CAD
OFFICIAL_JETSON_1822_Solid,002,04_COMPUTE,MANUFACTURER_CAD
OFFICIAL_JETSON_1823_Solid,002,04_COMPUTE,MANUFACTURER_CAD
OFFICIAL_JETSON_1824_Solid,002,04_COMPUTE,MANUFACTURER_CAD
OFFICIAL_JETSON_1825_Solid,002,04_COMPUTE,MANUFACTURER_CAD
OFFICIAL_JETSON_1826_Solid,002,04_COMPUTE,MANUFACTURER_CAD
OFFICIAL_JETSON_1827_Solid,002,04_COMPUTE,MANUFACTURER_CAD
OFFICIAL_JETSON_1828_Solid,002,04_COMPUTE,MANUFACTURER_CAD
OFFICIAL_JETSON_1829_Solid,002,04_COMPUTE,MANUFACTURER_CAD
OFFICIAL_JETSON_1830_Solid,002,04_COMPUTE,MANUFACTURER_CAD
OFFICIAL_JETSON_1831_Solid,002,04_COMPUTE,MANUFACTURER_CAD
OFFICIAL_JETSON_1832_Solid,002,04_COMPUTE,MANUFACTURER_CAD
OFFICIAL_JETSON_1833_Solid,002,04_COMPUTE,MANUFACTURER_CAD
OFFICIAL_JETSON_1834_Solid,002,04_COMPUTE,MANUFACTURER_CAD
OFFICIAL_JETSON_1835_Solid,002,04_COMPUTE,MANUFACTURER_CAD
OFFICIAL_JETSON_1836_Solid,002,04_COMPUTE,MANUFACTURER_CAD
OFFICIAL_JETSON_1837_Solid,002,04_COMPUTE,MANUFACTURER_CAD
OFFICIAL_JETSON_1838_Solid,002,04_COMPUTE,MANUFACTURER_CAD
OFFICIAL_JETSON_1839_Solid,002,04_COMPUTE,MANUFACTURER_CAD
OFFICIAL_JETSON_1840_Solid,002,04_COMPUTE,MANUFACTURER_CAD
OFFICIAL_JETSON_1841_Solid,002,04_COMPUTE,MANUFACTURER_CAD
OFFICIAL_JETSON_1842_Solid,002,04_COMPUTE,MANUFACTURER_CAD
OFFICIAL_JETSON_1843_Solid,002,04_COMPUTE,MANUFACTURER_CAD
OFFICIAL_JETSON_1844_Solid,002,04_COMPUTE,MANUFACTURER_CAD
OFFICIAL_JETSON_1845_Solid,002,04_COMPUTE,MANUFACTURER_CAD
OFFICIAL_JETSON_1846_Solid,002,04_COMPUTE,MANUFACTURER_CAD
OFFICIAL_JETSON_1847_Solid,002,04_COMPUTE,MANUFACTURER_CAD
OFFICIAL_JETSON_1848_Solid,002,04_COMPUTE,MANUFACTURER_CAD
OFFICIAL_JETSON_1849_Solid,002,04_COMPUTE,MANUFACTURER_CAD
OFFICIAL_JETSON_1850_Solid,002,04_COMPUTE,MANUFACTURER_CAD
OFFICIAL_JETSON_1851_Solid,002,04_COMPUTE,MANUFACTURER_CAD
OFFICIAL_JETSON_1852_Solid,002,04_COMPUTE,MANUFACTURER_CAD
OFFICIAL_JETSON_1853_Solid,002,04_COMPUTE,MANUFACTURER_CAD
OFFICIAL_JETSON_1854_Solid,002,04_COMPUTE,MANUFACTURER_CAD
OFFICIAL_JETSON_1855_Solid,002,04_COMPUTE,MANUFACTURER_CAD
OFFICIAL_JETSON_1856_Solid,002,04_COMPUTE,MANUFACTURER_CAD
OFFICIAL_JETSON_1857_Solid,002,04_COMPUTE,MANUFACTURER_CAD
OFFICIAL_JETSON_1858_Solid,002,04_COMPUTE,MANUFACTURER_CAD
OFFICIAL_JETSON_1859_Solid,002,04_COMPUTE,MANUFACTURER_CAD
OFFICIAL_JETSON_1860_Solid,002,04_COMPUTE,MANUFACTURER_CAD
OFFICIAL_JETSON_1861_Solid,002,04_COMPUTE,MANUFACTURER_CAD
OFFICIAL_JETSON_1862_Solid,002,04_COMPUTE,MANUFACTURER_CAD
OFFICIAL_JETSON_1863_Solid,002,04_COMPUTE,MANUFACTURER_CAD
OFFICIAL_JETSON_1864_Solid,002,04_COMPUTE,MANUFACTURER_CAD
OFFICIAL_JETSON_1865_Solid,002,04_COMPUTE,MANUFACTURER_CAD
OFFICIAL_JETSON_1866_Solid,002,04_COMPUTE,MANUFACTURER_CAD
OFFICIAL_JETSON_1867_Solid,002,04_COMPUTE,MANUFACTURER_CAD
OFFICIAL_JETSON_1868_Solid,002,04_COMPUTE,MANUFACTURER_CAD
OFFICIAL_JETSON_1869_Solid,002,04_COMPUTE,MANUFACTURER_CAD
OFFICIAL_JETSON_1870_Solid,002,04_COMPUTE,MANUFACTURER_CAD
OFFICIAL_JETSON_1871_Solid,002,04_COMPUTE,MANUFACTURER_CAD
OFFICIAL_JETSON_1872_Solid,002,04_COMPUTE,MANUFACTURER_CAD
OFFICIAL_JETSON_1873_Solid,002,04_COMPUTE,MANUFACTURER_CAD
OFFICIAL_JETSON_1874_Solid,002,04_COMPUTE,MANUFACTURER_CAD
OFFICIAL_JETSON_1875_Solid,002,04_COMPUTE,MANUFACTURER_CAD
OFFICIAL_JETSON_1876_Solid,002,04_COMPUTE,MANUFACTURER_CAD
OFFICIAL_JETSON_1877_Solid,002,04_COMPUTE,MANUFACTURER_CAD
OFFICIAL_JETSON_1878_Solid,002,04_COMPUTE,MANUFACTURER_CAD
OFFICIAL_JETSON_1879_Solid,002,04_COMPUTE,MANUFACTURER_CAD
OFFICIAL_JETSON_1880_Solid,002,04_COMPUTE,MANUFACTURER_CAD
OFFICIAL_JETSON_1881_Solid,002,04_COMPUTE,MANUFACTURER_CAD
OFFICIAL_JETSON_1882_Solid,002,04_COMPUTE,MANUFACTURER_CAD
OFFICIAL_JETSON_1883_Solid,002,04_COMPUTE,MANUFACTURER_CAD
OFFICIAL_JETSON_1884_Solid,002,04_COMPUTE,MANUFACTURER_CAD
OFFICIAL_JETSON_1885_Solid,002,04_COMPUTE,MANUFACTURER_CAD
OFFICIAL_JETSON_1886_Solid,002,04_COMPUTE,MANUFACTURER_CAD
OFFICIAL_JETSON_1887_Solid,002,04_COMPUTE,MANUFACTURER_CAD
OFFICIAL_JETSON_1888_Solid,002,04_COMPUTE,MANUFACTURER_CAD
OFFICIAL_JETSON_1889_Solid,002,04_COMPUTE,MANUFACTURER_CAD
OFFICIAL_JETSON_1890_Solid,002,04_COMPUTE,MANUFACTURER_CAD
OFFICIAL_JETSON_1891_Solid,002,04_COMPUTE,MANUFACTURER_CAD
OFFICIAL_JETSON_1892_Solid,002,04_COMPUTE,MANUFACTURER_CAD
OFFICIAL_JETSON_1893_Solid,002,04_COMPUTE,MANUFACTURER_CAD
OFFICIAL_JETSON_1894_Solid,002,04_COMPUTE,MANUFACTURER_CAD
OFFICIAL_JETSON_1895_Solid,002,04_COMPUTE,MANUFACTURER_CAD
OFFICIAL_JETSON_1896_Solid,002,04_COMPUTE,MANUFACTURER_CAD
OFFICIAL_JETSON_1897_Solid,002,04_COMPUTE,MANUFACTURER_CAD
OFFICIAL_JETSON_1898_Solid,002,04_COMPUTE,MANUFACTURER_CAD
OFFICIAL_JETSON_1899_Solid,002,04_COMPUTE,MANUFACTURER_CAD
OFFICIAL_JETSON_1900_Solid,002,04_COMPUTE,MANUFACTURER_CAD
OFFICIAL_JETSON_1901_Solid,002,04_COMPUTE,MANUFACTURER_CAD
OFFICIAL_JETSON_1902_Shell,002,04_COMPUTE,MANUFACTURER_CAD
OFFICIAL_JETSON_1903_Solid,002,04_COMPUTE,MANUFACTURER_CAD
OFFICIAL_JETSON_1904_Shell,002,04_COMPUTE,MANUFACTURER_CAD
OFFICIAL_JETSON_1905_Solid,002,04_COMPUTE,MANUFACTURER_CAD
OFFICIAL_JETSON_1906_Solid,002,04_COMPUTE,MANUFACTURER_CAD
OFFICIAL_JETSON_1907_Solid,002,04_COMPUTE,MANUFACTURER_CAD
OFFICIAL_JETSON_1908_Shell,002,04_COMPUTE,MANUFACTURER_CAD
OFFICIAL_JETSON_1909_Solid,002,04_COMPUTE,MANUFACTURER_CAD
OFFICIAL_JETSON_1910_Shell,002,04_COMPUTE,MANUFACTURER_CAD
OFFICIAL_JETSON_1911_Solid,002,04_COMPUTE,MANUFACTURER_CAD
OFFICIAL_JETSON_1912_Solid,002,04_COMPUTE,MANUFACTURER_CAD
OFFICIAL_JETSON_1913_Solid,002,04_COMPUTE,MANUFACTURER_CAD
OFFICIAL_JETSON_1914_Solid,002,04_COMPUTE,MANUFACTURER_CAD
OFFICIAL_JETSON_1915_Shell,002,04_COMPUTE,MANUFACTURER_CAD
OFFICIAL_JETSON_1916_Solid,002,04_COMPUTE,MANUFACTURER_CAD
OFFICIAL_JETSON_1917_Shell,002,04_COMPUTE,MANUFACTURER_CAD
OFFICIAL_JETSON_1918_Solid,002,04_COMPUTE,MANUFACTURER_CAD
OFFICIAL_JETSON_1919_Shell,002,04_COMPUTE,MANUFACTURER_CAD
OFFICIAL_MDD10A_0000_Solid,007,05_CONTROL_ELECTRONICS,MANUFACTURER_CAD
OFFICIAL_MDD10A_0001_Solid,007,05_CONTROL_ELECTRONICS,MANUFACTURER_CAD
OFFICIAL_MDD10A_0002_Solid,007,05_CONTROL_ELECTRONICS,MANUFACTURER_CAD
OFFICIAL_MDD10A_0003_Solid,007,05_CONTROL_ELECTRONICS,MANUFACTURER_CAD
OFFICIAL_MDD10A_0004_Solid,007,05_CONTROL_ELECTRONICS,MANUFACTURER_CAD
OFFICIAL_MDD10A_0005_Solid,007,05_CONTROL_ELECTRONICS,MANUFACTURER_CAD
OFFICIAL_MDD10A_0006_Solid,007,05_CONTROL_ELECTRONICS,MANUFACTURER_CAD
OFFICIAL_MDD10A_0007_Solid,007,05_CONTROL_ELECTRONICS,MANUFACTURER_CAD
OFFICIAL_MDD10A_0008_Solid,007,05_CONTROL_ELECTRONICS,MANUFACTURER_CAD
OFFICIAL_MDD10A_0009_Solid,007,05_CONTROL_ELECTRONICS,MANUFACTURER_CAD
OFFICIAL_MDD10A_0010_Solid,007,05_CONTROL_ELECTRONICS,MANUFACTURER_CAD
OFFICIAL_MDD10A_0011_Solid,007,05_CONTROL_ELECTRONICS,MANUFACTURER_CAD
OFFICIAL_MDD10A_0012_Solid,007,05_CONTROL_ELECTRONICS,MANUFACTURER_CAD
OFFICIAL_MDD10A_0013_Solid,007,05_CONTROL_ELECTRONICS,MANUFACTURER_CAD
OFFICIAL_MDD10A_0014_Solid,007,05_CONTROL_ELECTRONICS,MANUFACTURER_CAD
OFFICIAL_MDD10A_0015_Solid,007,05_CONTROL_ELECTRONICS,MANUFACTURER_CAD
OFFICIAL_MDD10A_0016_Solid,007,05_CONTROL_ELECTRONICS,MANUFACTURER_CAD
OFFICIAL_MDD10A_0017_Solid,007,05_CONTROL_ELECTRONICS,MANUFACTURER_CAD
OFFICIAL_MDD10A_0018_Solid,007,05_CONTROL_ELECTRONICS,MANUFACTURER_CAD
OFFICIAL_MDD10A_0019_Solid,007,05_CONTROL_ELECTRONICS,MANUFACTURER_CAD
OFFICIAL_MDD10A_0020_Solid,007,05_CONTROL_ELECTRONICS,MANUFACTURER_CAD
OFFICIAL_MDD10A_0021_Solid,007,05_CONTROL_ELECTRONICS,MANUFACTURER_CAD
OFFICIAL_MDD10A_0022_Solid,007,05_CONTROL_ELECTRONICS,MANUFACTURER_CAD
OFFICIAL_MDD10A_0023_Solid,007,05_CONTROL_ELECTRONICS,MANUFACTURER_CAD
OFFICIAL_MDD10A_0024_Solid,007,05_CONTROL_ELECTRONICS,MANUFACTURER_CAD
OFFICIAL_MDD10A_0025_Solid,007,05_CONTROL_ELECTRONICS,MANUFACTURER_CAD
OFFICIAL_MDD10A_0026_Solid,007,05_CONTROL_ELECTRONICS,MANUFACTURER_CAD
OFFICIAL_MDD10A_0027_Solid,007,05_CONTROL_ELECTRONICS,MANUFACTURER_CAD
OFFICIAL_MDD10A_0028_Solid,007,05_CONTROL_ELECTRONICS,MANUFACTURER_CAD
OFFICIAL_MDD10A_0029_Solid,007,05_CONTROL_ELECTRONICS,MANUFACTURER_CAD
OFFICIAL_MDD10A_0030_Solid,007,05_CONTROL_ELECTRONICS,MANUFACTURER_CAD
OFFICIAL_MDD10A_0031_Solid,007,05_CONTROL_ELECTRONICS,MANUFACTURER_CAD
OFFICIAL_MDD10A_0032_Solid,007,05_CONTROL_ELECTRONICS,MANUFACTURER_CAD
OFFICIAL_MDD10A_0033_Solid,007,05_CONTROL_ELECTRONICS,MANUFACTURER_CAD
OFFICIAL_MDD10A_0034_Solid,007,05_CONTROL_ELECTRONICS,MANUFACTURER_CAD
OFFICIAL_MDD10A_0035_Solid,007,05_CONTROL_ELECTRONICS,MANUFACTURER_CAD
OFFICIAL_MDD10A_0036_Solid,007,05_CONTROL_ELECTRONICS,MANUFACTURER_CAD
OFFICIAL_MDD10A_0037_Solid,007,05_CONTROL_ELECTRONICS,MANUFACTURER_CAD
OFFICIAL_MDD10A_0038_Solid,007,05_CONTROL_ELECTRONICS,MANUFACTURER_CAD
OFFICIAL_MDD10A_0039_Solid,007,05_CONTROL_ELECTRONICS,MANUFACTURER_CAD
OFFICIAL_MDD10A_0040_Solid,007,05_CONTROL_ELECTRONICS,MANUFACTURER_CAD
OFFICIAL_MDD10A_0041_Solid,007,05_CONTROL_ELECTRONICS,MANUFACTURER_CAD
OFFICIAL_MDD10A_0042_Solid,007,05_CONTROL_ELECTRONICS,MANUFACTURER_CAD
OFFICIAL_MDD10A_0043_Solid,007,05_CONTROL_ELECTRONICS,MANUFACTURER_CAD
OFFICIAL_MDD10A_0044_Solid,007,05_CONTROL_ELECTRONICS,MANUFACTURER_CAD
OFFICIAL_MDD10A_0045_Solid,007,05_CONTROL_ELECTRONICS,MANUFACTURER_CAD
OFFICIAL_MDD10A_0046_Solid,007,05_CONTROL_ELECTRONICS,MANUFACTURER_CAD
OFFICIAL_MDD10A_0047_Solid,007,05_CONTROL_ELECTRONICS,MANUFACTURER_CAD
OFFICIAL_MDD10A_0048_Solid,007,05_CONTROL_ELECTRONICS,MANUFACTURER_CAD
OFFICIAL_MDD10A_0049_Solid,007,05_CONTROL_ELECTRONICS,MANUFACTURER_CAD
OFFICIAL_MDD10A_0050_Solid,007,05_CONTROL_ELECTRONICS,MANUFACTURER_CAD
OFFICIAL_MDD10A_0051_Solid,007,05_CONTROL_ELECTRONICS,MANUFACTURER_CAD
OFFICIAL_MDD10A_0052_Solid,007,05_CONTROL_ELECTRONICS,MANUFACTURER_CAD
OFFICIAL_MDD10A_0053_Solid,007,05_CONTROL_ELECTRONICS,MANUFACTURER_CAD
OFFICIAL_MDD10A_0054_Solid,007,05_CONTROL_ELECTRONICS,MANUFACTURER_CAD
OFFICIAL_MDD10A_0055_Solid,007,05_CONTROL_ELECTRONICS,MANUFACTURER_CAD
OFFICIAL_MDD10A_0056_Solid,007,05_CONTROL_ELECTRONICS,MANUFACTURER_CAD
OFFICIAL_MDD10A_0057_Solid,007,05_CONTROL_ELECTRONICS,MANUFACTURER_CAD
OFFICIAL_MDD10A_0058_Solid,007,05_CONTROL_ELECTRONICS,MANUFACTURER_CAD
OFFICIAL_MDD10A_0059_Solid,007,05_CONTROL_ELECTRONICS,MANUFACTURER_CAD
OFFICIAL_MDD10A_0060_Solid,007,05_CONTROL_ELECTRONICS,MANUFACTURER_CAD
OFFICIAL_MDD10A_0061_Solid,007,05_CONTROL_ELECTRONICS,MANUFACTURER_CAD
OFFICIAL_MDD10A_0062_Solid,007,05_CONTROL_ELECTRONICS,MANUFACTURER_CAD
OFFICIAL_MDD10A_0063_Solid,007,05_CONTROL_ELECTRONICS,MANUFACTURER_CAD
OFFICIAL_MDD10A_0064_Solid,007,05_CONTROL_ELECTRONICS,MANUFACTURER_CAD
OFFICIAL_MDD10A_0065_Solid,007,05_CONTROL_ELECTRONICS,MANUFACTURER_CAD
OFFICIAL_MDD10A_0066_Solid,007,05_CONTROL_ELECTRONICS,MANUFACTURER_CAD
OFFICIAL_MDD10A_0067_Solid,007,05_CONTROL_ELECTRONICS,MANUFACTURER_CAD
OFFICIAL_MDD10A_0068_Solid,007,05_CONTROL_ELECTRONICS,MANUFACTURER_CAD
OFFICIAL_MDD10A_0069_Solid,007,05_CONTROL_ELECTRONICS,MANUFACTURER_CAD
OFFICIAL_MDD10A_0070_Solid,007,05_CONTROL_ELECTRONICS,MANUFACTURER_CAD
OFFICIAL_MDD10A_0071_Solid,007,05_CONTROL_ELECTRONICS,MANUFACTURER_CAD
OFFICIAL_MDD10A_0072_Solid,007,05_CONTROL_ELECTRONICS,MANUFACTURER_CAD
OFFICIAL_MDD10A_0073_Solid,007,05_CONTROL_ELECTRONICS,MANUFACTURER_CAD
OFFICIAL_MDD10A_0074_Solid,007,05_CONTROL_ELECTRONICS,MANUFACTURER_CAD
OFFICIAL_MDD10A_0075_Solid,007,05_CONTROL_ELECTRONICS,MANUFACTURER_CAD
OFFICIAL_MDD10A_0076_Solid,007,05_CONTROL_ELECTRONICS,MANUFACTURER_CAD
OFFICIAL_MDD10A_0077_Solid,007,05_CONTROL_ELECTRONICS,MANUFACTURER_CAD
OFFICIAL_MDD10A_0078_Solid,007,05_CONTROL_ELECTRONICS,MANUFACTURER_CAD
OFFICIAL_MDD10A_0079_Solid,007,05_CONTROL_ELECTRONICS,MANUFACTURER_CAD
OFFICIAL_MDD10A_0080_Solid,007,05_CONTROL_ELECTRONICS,MANUFACTURER_CAD
OFFICIAL_MDD10A_0081_Solid,007,05_CONTROL_ELECTRONICS,MANUFACTURER_CAD
OFFICIAL_MDD10A_0082_Solid,007,05_CONTROL_ELECTRONICS,MANUFACTURER_CAD
OFFICIAL_MDD10A_0083_Solid,007,05_CONTROL_ELECTRONICS,MANUFACTURER_CAD
OFFICIAL_MDD10A_0084_Solid,007,05_CONTROL_ELECTRONICS,MANUFACTURER_CAD
OFFICIAL_MDD10A_0085_Solid,007,05_CONTROL_ELECTRONICS,MANUFACTURER_CAD
OFFICIAL_MDD10A_0086_Solid,007,05_CONTROL_ELECTRONICS,MANUFACTURER_CAD
OFFICIAL_MDD10A_0087_Solid,007,05_CONTROL_ELECTRONICS,MANUFACTURER_CAD
OFFICIAL_MDD10A_0088_Solid,007,05_CONTROL_ELECTRONICS,MANUFACTURER_CAD
OFFICIAL_MDD10A_0089_Solid,007,05_CONTROL_ELECTRONICS,MANUFACTURER_CAD
OFFICIAL_MDD10A_0090_Solid,007,05_CONTROL_ELECTRONICS,MANUFACTURER_CAD
OFFICIAL_MDD10A_0091_Solid,007,05_CONTROL_ELECTRONICS,MANUFACTURER_CAD
OFFICIAL_MDD10A_0092_Solid,007,05_CONTROL_ELECTRONICS,MANUFACTURER_CAD
OFFICIAL_MDD10A_0093_Solid,007,05_CONTROL_ELECTRONICS,MANUFACTURER_CAD
OFFICIAL_MDD10A_0094_Solid,007,05_CONTROL_ELECTRONICS,MANUFACTURER_CAD
OFFICIAL_MDD10A_0095_Solid,007,05_CONTROL_ELECTRONICS,MANUFACTURER_CAD
OFFICIAL_MDD10A_0096_Solid,007,05_CONTROL_ELECTRONICS,MANUFACTURER_CAD
OFFICIAL_MDD10A_0097_Solid,007,05_CONTROL_ELECTRONICS,MANUFACTURER_CAD
OFFICIAL_MDD10A_0098_Solid,007,05_CONTROL_ELECTRONICS,MANUFACTURER_CAD
OFFICIAL_MDD10A_0099_Solid,007,05_CONTROL_ELECTRONICS,MANUFACTURER_CAD
OFFICIAL_MDD10A_0100_Solid,007,05_CONTROL_ELECTRONICS,MANUFACTURER_CAD
OFFICIAL_MDD10A_0101_Solid,007,05_CONTROL_ELECTRONICS,MANUFACTURER_CAD
OFFICIAL_MDD10A_0102_Solid,007,05_CONTROL_ELECTRONICS,MANUFACTURER_CAD
OFFICIAL_MDD10A_0103_Solid,007,05_CONTROL_ELECTRONICS,MANUFACTURER_CAD
OFFICIAL_MDD10A_0104_Solid,007,05_CONTROL_ELECTRONICS,MANUFACTURER_CAD
OFFICIAL_MDD10A_0105_Solid,007,05_CONTROL_ELECTRONICS,MANUFACTURER_CAD
OFFICIAL_MDD10A_0106_Solid,007,05_CONTROL_ELECTRONICS,MANUFACTURER_CAD
OFFICIAL_MDD10A_0107_Solid,007,05_CONTROL_ELECTRONICS,MANUFACTURER_CAD
OFFICIAL_MDD10A_0108_Solid,007,05_CONTROL_ELECTRONICS,MANUFACTURER_CAD
OFFICIAL_MDD10A_0109_Solid,007,05_CONTROL_ELECTRONICS,MANUFACTURER_CAD
OFFICIAL_MDD10A_0110_Solid,007,05_CONTROL_ELECTRONICS,MANUFACTURER_CAD
OFFICIAL_MDD10A_0111_Solid,007,05_CONTROL_ELECTRONICS,MANUFACTURER_CAD
OFFICIAL_MDD10A_0112_Solid,007,05_CONTROL_ELECTRONICS,MANUFACTURER_CAD
OFFICIAL_MDD10A_0113_Solid,007,05_CONTROL_ELECTRONICS,MANUFACTURER_CAD
OFFICIAL_MDD10A_0114_Solid,007,05_CONTROL_ELECTRONICS,MANUFACTURER_CAD
OFFICIAL_MDD10A_0115_Solid,007,05_CONTROL_ELECTRONICS,MANUFACTURER_CAD
OFFICIAL_MDD10A_0116_Solid,007,05_CONTROL_ELECTRONICS,MANUFACTURER_CAD
OFFICIAL_MDD10A_0117_Solid,007,05_CONTROL_ELECTRONICS,MANUFACTURER_CAD
OFFICIAL_MDD10A_0118_Solid,007,05_CONTROL_ELECTRONICS,MANUFACTURER_CAD
OFFICIAL_MDD10A_0119_Solid,007,05_CONTROL_ELECTRONICS,MANUFACTURER_CAD
OFFICIAL_MDD10A_0120_Solid,007,05_CONTROL_ELECTRONICS,MANUFACTURER_CAD
OFFICIAL_MDD10A_0121_Solid,007,05_CONTROL_ELECTRONICS,MANUFACTURER_CAD
OFFICIAL_MDD10A_0122_Solid,007,05_CONTROL_ELECTRONICS,MANUFACTURER_CAD
OFFICIAL_MDD10A_0123_Solid,007,05_CONTROL_ELECTRONICS,MANUFACTURER_CAD
OFFICIAL_MDD10A_0124_Solid,007,05_CONTROL_ELECTRONICS,MANUFACTURER_CAD
OFFICIAL_MDD10A_0125_Solid,007,05_CONTROL_ELECTRONICS,MANUFACTURER_CAD
OFFICIAL_MDD10A_0126_Solid,007,05_CONTROL_ELECTRONICS,MANUFACTURER_CAD
OFFICIAL_MDD10A_0127_Solid,007,05_CONTROL_ELECTRONICS,MANUFACTURER_CAD
OFFICIAL_MDD10A_0128_Solid,007,05_CONTROL_ELECTRONICS,MANUFACTURER_CAD
OFFICIAL_MDD10A_0129_Solid,007,05_CONTROL_ELECTRONICS,MANUFACTURER_CAD
OFFICIAL_MDD10A_0130_Solid,007,05_CONTROL_ELECTRONICS,MANUFACTURER_CAD
OFFICIAL_MDD10A_0131_Solid,007,05_CONTROL_ELECTRONICS,MANUFACTURER_CAD
OFFICIAL_MDD10A_0132_Solid,007,05_CONTROL_ELECTRONICS,MANUFACTURER_CAD
OFFICIAL_MDD10A_0133_Solid,007,05_CONTROL_ELECTRONICS,MANUFACTURER_CAD
OFFICIAL_MDD10A_0134_Solid,007,05_CONTROL_ELECTRONICS,MANUFACTURER_CAD
OFFICIAL_MDD10A_0135_Solid,007,05_CONTROL_ELECTRONICS,MANUFACTURER_CAD
OFFICIAL_MDD10A_0136_Solid,007,05_CONTROL_ELECTRONICS,MANUFACTURER_CAD
OFFICIAL_MDD10A_0137_Solid,007,05_CONTROL_ELECTRONICS,MANUFACTURER_CAD
OFFICIAL_MDD10A_0138_Solid,007,05_CONTROL_ELECTRONICS,MANUFACTURER_CAD
OFFICIAL_MDD10A_0139_Solid,007,05_CONTROL_ELECTRONICS,MANUFACTURER_CAD
OFFICIAL_MDD10A_0140_Solid,007,05_CONTROL_ELECTRONICS,MANUFACTURER_CAD
OFFICIAL_MDD10A_0141_Solid,007,05_CONTROL_ELECTRONICS,MANUFACTURER_CAD
OFFICIAL_MDD10A_0142_Solid,007,05_CONTROL_ELECTRONICS,MANUFACTURER_CAD
OFFICIAL_MDD10A_0143_Solid,007,05_CONTROL_ELECTRONICS,MANUFACTURER_CAD
OFFICIAL_MDD10A_0144_Solid,007,05_CONTROL_ELECTRONICS,MANUFACTURER_CAD
OFFICIAL_MDD10A_0145_Solid,007,05_CONTROL_ELECTRONICS,MANUFACTURER_CAD
OFFICIAL_MDD10A_0146_Solid,007,05_CONTROL_ELECTRONICS,MANUFACTURER_CAD
OFFICIAL_MDD10A_0147_Solid,007,05_CONTROL_ELECTRONICS,MANUFACTURER_CAD
OFFICIAL_MDD10A_0148_Solid,007,05_CONTROL_ELECTRONICS,MANUFACTURER_CAD
OFFICIAL_MDD10A_0149_Solid,007,05_CONTROL_ELECTRONICS,MANUFACTURER_CAD
OFFICIAL_MDD10A_0150_Solid,007,05_CONTROL_ELECTRONICS,MANUFACTURER_CAD
OFFICIAL_MDD10A_0151_Solid,007,05_CONTROL_ELECTRONICS,MANUFACTURER_CAD
OFFICIAL_MDD10A_0152_Solid,007,05_CONTROL_ELECTRONICS,MANUFACTURER_CAD
OFFICIAL_MDD10A_0153_Solid,007,05_CONTROL_ELECTRONICS,MANUFACTURER_CAD
OFFICIAL_MDD10A_0154_Solid,007,05_CONTROL_ELECTRONICS,MANUFACTURER_CAD
OFFICIAL_MDD10A_0155_Solid,007,05_CONTROL_ELECTRONICS,MANUFACTURER_CAD
OFFICIAL_MDD10A_0156_Solid,007,05_CONTROL_ELECTRONICS,MANUFACTURER_CAD
OFFICIAL_MDD10A_0157_Solid,007,05_CONTROL_ELECTRONICS,MANUFACTURER_CAD
OFFICIAL_MDD10A_0158_Solid,007,05_CONTROL_ELECTRONICS,MANUFACTURER_CAD
OFFICIAL_MDD10A_0159_Solid,007,05_CONTROL_ELECTRONICS,MANUFACTURER_CAD
OFFICIAL_MDD10A_0160_Solid,007,05_CONTROL_ELECTRONICS,MANUFACTURER_CAD
OFFICIAL_MDD10A_0161_Solid,007,05_CONTROL_ELECTRONICS,MANUFACTURER_CAD
OFFICIAL_MDD10A_0162_Solid,007,05_CONTROL_ELECTRONICS,MANUFACTURER_CAD
OFFICIAL_MDD10A_0163_Solid,007,05_CONTROL_ELECTRONICS,MANUFACTURER_CAD
OFFICIAL_MDD10A_0164_Solid,007,05_CONTROL_ELECTRONICS,MANUFACTURER_CAD
OFFICIAL_MDD10A_0165_Solid,007,05_CONTROL_ELECTRONICS,MANUFACTURER_CAD
OFFICIAL_MDD10A_0166_Solid,007,05_CONTROL_ELECTRONICS,MANUFACTURER_CAD
OFFICIAL_MDD10A_0167_Solid,007,05_CONTROL_ELECTRONICS,MANUFACTURER_CAD
OFFICIAL_BNO085_0000_Solid,008,06_SENSORS,MANUFACTURER_CAD
OFFICIAL_BNO085_0001_Solid,008,06_SENSORS,MANUFACTURER_CAD
OFFICIAL_BNO085_0002_Solid,008,06_SENSORS,MANUFACTURER_CAD
OFFICIAL_BNO085_0003_Solid,008,06_SENSORS,MANUFACTURER_CAD
OFFICIAL_BNO085_0004_Solid,008,06_SENSORS,MANUFACTURER_CAD
OFFICIAL_BNO085_0005_Solid,008,06_SENSORS,MANUFACTURER_CAD
OFFICIAL_BNO085_0006_Solid,008,06_SENSORS,MANUFACTURER_CAD
OFFICIAL_BNO085_0007_Solid,008,06_SENSORS,MANUFACTURER_CAD
OFFICIAL_BNO085_0008_Solid,008,06_SENSORS,MANUFACTURER_CAD
OFFICIAL_BNO085_0009_Solid,008,06_SENSORS,MANUFACTURER_CAD
OFFICIAL_BNO085_0010_Solid,008,06_SENSORS,MANUFACTURER_CAD
OFFICIAL_BNO085_0011_Solid,008,06_SENSORS,MANUFACTURER_CAD
OFFICIAL_BNO085_0012_Solid,008,06_SENSORS,MANUFACTURER_CAD
OFFICIAL_BNO085_0013_Solid,008,06_SENSORS,MANUFACTURER_CAD
OFFICIAL_BNO085_0014_Solid,008,06_SENSORS,MANUFACTURER_CAD
OFFICIAL_BNO085_0015_Solid,008,06_SENSORS,MANUFACTURER_CAD
OFFICIAL_BNO085_0016_Solid,008,06_SENSORS,MANUFACTURER_CAD
OFFICIAL_BNO085_0017_Solid,008,06_SENSORS,MANUFACTURER_CAD
OFFICIAL_BNO085_0018_Solid,008,06_SENSORS,MANUFACTURER_CAD
OFFICIAL_BNO085_0019_Solid,008,06_SENSORS,MANUFACTURER_CAD
OFFICIAL_BNO085_0020_Solid,008,06_SENSORS,MANUFACTURER_CAD
OFFICIAL_BNO085_0021_Solid,008,06_SENSORS,MANUFACTURER_CAD
OFFICIAL_BNO085_0022_Solid,008,06_SENSORS,MANUFACTURER_CAD
OFFICIAL_BNO085_0023_Solid,008,06_SENSORS,MANUFACTURER_CAD
OFFICIAL_BNO085_0024_Solid,008,06_SENSORS,MANUFACTURER_CAD
OFFICIAL_BNO085_0025_Solid,008,06_SENSORS,MANUFACTURER_CAD
OFFICIAL_BNO085_0026_Solid,008,06_SENSORS,MANUFACTURER_CAD
OFFICIAL_BNO085_0027_Solid,008,06_SENSORS,MANUFACTURER_CAD
OFFICIAL_BNO085_0028_Solid,008,06_SENSORS,MANUFACTURER_CAD
OFFICIAL_BNO085_0029_Solid,008,06_SENSORS,MANUFACTURER_CAD
OFFICIAL_BNO085_0030_Solid,008,06_SENSORS,MANUFACTURER_CAD
OFFICIAL_BNO085_0031_Solid,008,06_SENSORS,MANUFACTURER_CAD
OFFICIAL_BNO085_0032_Solid,008,06_SENSORS,MANUFACTURER_CAD
OFFICIAL_BNO085_0033_Solid,008,06_SENSORS,MANUFACTURER_CAD
OFFICIAL_BNO085_0034_Solid,008,06_SENSORS,MANUFACTURER_CAD
OFFICIAL_BNO085_0035_Solid,008,06_SENSORS,MANUFACTURER_CAD
OFFICIAL_BNO085_0036_Solid,008,06_SENSORS,MANUFACTURER_CAD
OFFICIAL_BNO085_0037_Solid,008,06_SENSORS,MANUFACTURER_CAD
OFFICIAL_BNO085_0038_Solid,008,06_SENSORS,MANUFACTURER_CAD
OFFICIAL_BNO085_0039_Solid,008,06_SENSORS,MANUFACTURER_CAD
OFFICIAL_BNO085_0040_Solid,008,06_SENSORS,MANUFACTURER_CAD
OFFICIAL_BNO085_0041_Solid,008,06_SENSORS,MANUFACTURER_CAD
OFFICIAL_BNO085_0042_Solid,008,06_SENSORS,MANUFACTURER_CAD
OFFICIAL_BNO085_0043_Solid,008,06_SENSORS,MANUFACTURER_CAD
OFFICIAL_BNO085_0044_Solid,008,06_SENSORS,MANUFACTURER_CAD
OFFICIAL_BNO085_0045_Solid,008,06_SENSORS,MANUFACTURER_CAD
OFFICIAL_BNO085_0046_Solid,008,06_SENSORS,MANUFACTURER_CAD
OFFICIAL_BNO085_0047_Solid,008,06_SENSORS,MANUFACTURER_CAD
OFFICIAL_BNO085_0048_Solid,008,06_SENSORS,MANUFACTURER_CAD
OFFICIAL_BNO085_0049_Solid,008,06_SENSORS,MANUFACTURER_CAD
OFFICIAL_BNO085_0050_Solid,008,06_SENSORS,MANUFACTURER_CAD
OFFICIAL_BNO085_0051_Solid,008,06_SENSORS,MANUFACTURER_CAD
OFFICIAL_BNO085_0052_Solid,008,06_SENSORS,MANUFACTURER_CAD
OFFICIAL_BNO085_0053_Solid,008,06_SENSORS,MANUFACTURER_CAD
OFFICIAL_BNO085_0054_Solid,008,06_SENSORS,MANUFACTURER_CAD
OFFICIAL_THERMAL_0000_Solid,004,07_CAMERA_SYSTEM,MANUFACTURER_CAD
OFFICIAL_THERMAL_0001_Solid,004,07_CAMERA_SYSTEM,MANUFACTURER_CAD
OFFICIAL_THERMAL_0002_Solid,004,07_CAMERA_SYSTEM,MANUFACTURER_CAD
OFFICIAL_THERMAL_0003_Solid,004,07_CAMERA_SYSTEM,MANUFACTURER_CAD
OFFICIAL_THERMAL_0004_Solid,004,07_CAMERA_SYSTEM,MANUFACTURER_CAD
OFFICIAL_THERMAL_0005_Solid,004,07_CAMERA_SYSTEM,MANUFACTURER_CAD
OFFICIAL_THERMAL_0006_Solid,004,07_CAMERA_SYSTEM,MANUFACTURER_CAD
OFFICIAL_THERMAL_0007_Solid,004,07_CAMERA_SYSTEM,MANUFACTURER_CAD
OFFICIAL_THERMAL_0008_Solid,004,07_CAMERA_SYSTEM,MANUFACTURER_CAD
OFFICIAL_THERMAL_0009_Solid,004,07_CAMERA_SYSTEM,MANUFACTURER_CAD
OFFICIAL_THERMAL_0010_Solid,004,07_CAMERA_SYSTEM,MANUFACTURER_CAD
OFFICIAL_THERMAL_0011_Solid,004,07_CAMERA_SYSTEM,MANUFACTURER_CAD
OFFICIAL_THERMAL_0012_Solid,004,07_CAMERA_SYSTEM,MANUFACTURER_CAD
OFFICIAL_THERMAL_0013_Solid,004,07_CAMERA_SYSTEM,MANUFACTURER_CAD
OFFICIAL_THERMAL_0014_Solid,004,07_CAMERA_SYSTEM,MANUFACTURER_CAD
OFFICIAL_THERMAL_0015_Solid,004,07_CAMERA_SYSTEM,MANUFACTURER_CAD
OFFICIAL_THERMAL_0016_Solid,004,07_CAMERA_SYSTEM,MANUFACTURER_CAD
OFFICIAL_THERMAL_0017_Solid,004,07_CAMERA_SYSTEM,MANUFACTURER_CAD
OFFICIAL_THERMAL_0018_Solid,004,07_CAMERA_SYSTEM,MANUFACTURER_CAD
OFFICIAL_THERMAL_0019_Solid,004,07_CAMERA_SYSTEM,MANUFACTURER_CAD
OFFICIAL_THERMAL_0020_Solid,004,07_CAMERA_SYSTEM,MANUFACTURER_CAD
OFFICIAL_THERMAL_0021_Solid,004,07_CAMERA_SYSTEM,MANUFACTURER_CAD
OFFICIAL_THERMAL_0022_Solid,004,07_CAMERA_SYSTEM,MANUFACTURER_CAD
OFFICIAL_THERMAL_0023_Solid,004,07_CAMERA_SYSTEM,MANUFACTURER_CAD
OFFICIAL_THERMAL_0024_Solid,004,07_CAMERA_SYSTEM,MANUFACTURER_CAD
OFFICIAL_THERMAL_0025_Solid,004,07_CAMERA_SYSTEM,MANUFACTURER_CAD
OFFICIAL_THERMAL_0026_Solid,004,07_CAMERA_SYSTEM,MANUFACTURER_CAD
OFFICIAL_THERMAL_0027_Solid,004,07_CAMERA_SYSTEM,MANUFACTURER_CAD
OFFICIAL_THERMAL_0028_Solid,004,07_CAMERA_SYSTEM,MANUFACTURER_CAD
OFFICIAL_THERMAL_0029_Solid,004,07_CAMERA_SYSTEM,MANUFACTURER_CAD
OFFICIAL_THERMAL_0030_Solid,004,07_CAMERA_SYSTEM,MANUFACTURER_CAD
OFFICIAL_THERMAL_0031_Solid,004,07_CAMERA_SYSTEM,MANUFACTURER_CAD
OFFICIAL_THERMAL_0032_Solid,004,07_CAMERA_SYSTEM,MANUFACTURER_CAD
OFFICIAL_THERMAL_0033_Solid,004,07_CAMERA_SYSTEM,MANUFACTURER_CAD
OFFICIAL_THERMAL_0034_Solid,004,07_CAMERA_SYSTEM,MANUFACTURER_CAD
OFFICIAL_THERMAL_0035_Solid,004,07_CAMERA_SYSTEM,MANUFACTURER_CAD
OFFICIAL_THERMAL_0036_Solid,004,07_CAMERA_SYSTEM,MANUFACTURER_CAD
OFFICIAL_THERMAL_0037_Solid,004,07_CAMERA_SYSTEM,MANUFACTURER_CAD
OFFICIAL_THERMAL_0038_Solid,004,07_CAMERA_SYSTEM,MANUFACTURER_CAD
OFFICIAL_THERMAL_0039_Solid,004,07_CAMERA_SYSTEM,MANUFACTURER_CAD
OFFICIAL_THERMAL_0040_Solid,004,07_CAMERA_SYSTEM,MANUFACTURER_CAD
OFFICIAL_THERMAL_0041_Solid,004,07_CAMERA_SYSTEM,MANUFACTURER_CAD
OFFICIAL_THERMAL_0042_Solid,004,07_CAMERA_SYSTEM,MANUFACTURER_CAD
OFFICIAL_THERMAL_0043_Solid,004,07_CAMERA_SYSTEM,MANUFACTURER_CAD
OFFICIAL_THERMAL_0044_Solid,004,07_CAMERA_SYSTEM,MANUFACTURER_CAD
OFFICIAL_THERMAL_0045_Solid,004,07_CAMERA_SYSTEM,MANUFACTURER_CAD
OFFICIAL_THERMAL_0046_Solid,004,07_CAMERA_SYSTEM,MANUFACTURER_CAD
OFFICIAL_THERMAL_0047_Solid,004,07_CAMERA_SYSTEM,MANUFACTURER_CAD
OFFICIAL_THERMAL_0048_Solid,004,07_CAMERA_SYSTEM,MANUFACTURER_CAD
OFFICIAL_THERMAL_0049_Solid,004,07_CAMERA_SYSTEM,MANUFACTURER_CAD
OFFICIAL_THERMAL_0050_Solid,004,07_CAMERA_SYSTEM,MANUFACTURER_CAD
OFFICIAL_THERMAL_0051_Solid,004,07_CAMERA_SYSTEM,MANUFACTURER_CAD
OFFICIAL_THERMAL_0052_Solid,004,07_CAMERA_SYSTEM,MANUFACTURER_CAD
OFFICIAL_THERMAL_0053_Solid,004,07_CAMERA_SYSTEM,MANUFACTURER_CAD
OFFICIAL_THERMAL_0054_Solid,004,07_CAMERA_SYSTEM,MANUFACTURER_CAD
OFFICIAL_THERMAL_0055_Solid,004,07_CAMERA_SYSTEM,MANUFACTURER_CAD
OFFICIAL_THERMAL_0056_Solid,004,07_CAMERA_SYSTEM,MANUFACTURER_CAD
OFFICIAL_THERMAL_0057_Solid,004,07_CAMERA_SYSTEM,MANUFACTURER_CAD
OFFICIAL_THERMAL_0058_Solid,004,07_CAMERA_SYSTEM,MANUFACTURER_CAD
OFFICIAL_THERMAL_0059_Solid,004,07_CAMERA_SYSTEM,MANUFACTURER_CAD
OFFICIAL_THERMAL_0060_Solid,004,07_CAMERA_SYSTEM,MANUFACTURER_CAD
OFFICIAL_THERMAL_0061_Solid,004,07_CAMERA_SYSTEM,MANUFACTURER_CAD
OFFICIAL_THERMAL_0062_Solid,004,07_CAMERA_SYSTEM,MANUFACTURER_CAD
OFFICIAL_THERMAL_0063_Solid,004,07_CAMERA_SYSTEM,MANUFACTURER_CAD
OFFICIAL_THERMAL_0064_Solid,004,07_CAMERA_SYSTEM,MANUFACTURER_CAD
OFFICIAL_THERMAL_0065_Solid,004,07_CAMERA_SYSTEM,MANUFACTURER_CAD
OFFICIAL_THERMAL_0066_Solid,004,07_CAMERA_SYSTEM,MANUFACTURER_CAD
OFFICIAL_THERMAL_0067_Solid,004,07_CAMERA_SYSTEM,MANUFACTURER_CAD
OFFICIAL_THERMAL_0068_Solid,004,07_CAMERA_SYSTEM,MANUFACTURER_CAD
OFFICIAL_THERMAL_0069_Solid,004,07_CAMERA_SYSTEM,MANUFACTURER_CAD
OFFICIAL_THERMAL_0070_Solid,004,07_CAMERA_SYSTEM,MANUFACTURER_CAD
OFFICIAL_THERMAL_0071_Solid,004,07_CAMERA_SYSTEM,MANUFACTURER_CAD
OFFICIAL_THERMAL_0072_Solid,004,07_CAMERA_SYSTEM,MANUFACTURER_CAD
OFFICIAL_THERMAL_0073_Solid,004,07_CAMERA_SYSTEM,MANUFACTURER_CAD
OFFICIAL_THERMAL_0074_Solid,004,07_CAMERA_SYSTEM,MANUFACTURER_CAD
OFFICIAL_THERMAL_0075_Solid,004,07_CAMERA_SYSTEM,MANUFACTURER_CAD
OFFICIAL_THERMAL_0076_Solid,004,07_CAMERA_SYSTEM,MANUFACTURER_CAD
OFFICIAL_THERMAL_0077_Solid,004,07_CAMERA_SYSTEM,MANUFACTURER_CAD
OFFICIAL_THERMAL_0078_Solid,004,07_CAMERA_SYSTEM,MANUFACTURER_CAD
OFFICIAL_THERMAL_0079_Solid,004,07_CAMERA_SYSTEM,MANUFACTURER_CAD
OFFICIAL_THERMAL_0080_Solid,004,07_CAMERA_SYSTEM,MANUFACTURER_CAD
OFFICIAL_THERMAL_0081_Solid,004,07_CAMERA_SYSTEM,MANUFACTURER_CAD
OFFICIAL_THERMAL_0082_Solid,004,07_CAMERA_SYSTEM,MANUFACTURER_CAD
OFFICIAL_THERMAL_0083_Solid,004,07_CAMERA_SYSTEM,MANUFACTURER_CAD
OFFICIAL_THERMAL_0084_Solid,004,07_CAMERA_SYSTEM,MANUFACTURER_CAD
OFFICIAL_THERMAL_0085_Solid,004,07_CAMERA_SYSTEM,MANUFACTURER_CAD
OFFICIAL_THERMAL_0086_Solid,004,07_CAMERA_SYSTEM,MANUFACTURER_CAD
OFFICIAL_THERMAL_0087_Solid,004,07_CAMERA_SYSTEM,MANUFACTURER_CAD
OFFICIAL_THERMAL_0088_Solid,004,07_CAMERA_SYSTEM,MANUFACTURER_CAD
OFFICIAL_THERMAL_0089_Solid,004,07_CAMERA_SYSTEM,MANUFACTURER_CAD
OFFICIAL_THERMAL_0090_Solid,004,07_CAMERA_SYSTEM,MANUFACTURER_CAD
OFFICIAL_THERMAL_0091_Solid,004,07_CAMERA_SYSTEM,MANUFACTURER_CAD
OFFICIAL_THERMAL_0092_Solid,004,07_CAMERA_SYSTEM,MANUFACTURER_CAD
OFFICIAL_THERMAL_0093_Solid,004,07_CAMERA_SYSTEM,MANUFACTURER_CAD
OFFICIAL_THERMAL_0094_Solid,004,07_CAMERA_SYSTEM,MANUFACTURER_CAD
OFFICIAL_THERMAL_0095_Solid,004,07_CAMERA_SYSTEM,MANUFACTURER_CAD
OFFICIAL_THERMAL_0096_Solid,004,07_CAMERA_SYSTEM,MANUFACTURER_CAD
OFFICIAL_THERMAL_0097_Solid,004,07_CAMERA_SYSTEM,MANUFACTURER_CAD
OFFICIAL_THERMAL_0098_Solid,004,07_CAMERA_SYSTEM,MANUFACTURER_CAD
OFFICIAL_THERMAL_0099_Solid,004,07_CAMERA_SYSTEM,MANUFACTURER_CAD
OFFICIAL_THERMAL_0100_Solid,004,07_CAMERA_SYSTEM,MANUFACTURER_CAD
OFFICIAL_THERMAL_0101_Solid,004,07_CAMERA_SYSTEM,MANUFACTURER_CAD
OFFICIAL_THERMAL_0102_Solid,004,07_CAMERA_SYSTEM,MANUFACTURER_CAD
OFFICIAL_THERMAL_0103_Solid,004,07_CAMERA_SYSTEM,MANUFACTURER_CAD
OFFICIAL_THERMAL_0104_Solid,004,07_CAMERA_SYSTEM,MANUFACTURER_CAD
OFFICIAL_THERMAL_0105_Solid,004,07_CAMERA_SYSTEM,MANUFACTURER_CAD
OFFICIAL_THERMAL_0106_Solid,004,07_CAMERA_SYSTEM,MANUFACTURER_CAD
OFFICIAL_THERMAL_0107_Solid,004,07_CAMERA_SYSTEM,MANUFACTURER_CAD
OFFICIAL_THERMAL_0108_Solid,004,07_CAMERA_SYSTEM,MANUFACTURER_CAD
OFFICIAL_THERMAL_0109_Solid,004,07_CAMERA_SYSTEM,MANUFACTURER_CAD
OFFICIAL_THERMAL_0110_Solid,004,07_CAMERA_SYSTEM,MANUFACTURER_CAD
OFFICIAL_THERMAL_0111_Solid,004,07_CAMERA_SYSTEM,MANUFACTURER_CAD
OFFICIAL_THERMAL_0112_Solid,004,07_CAMERA_SYSTEM,MANUFACTURER_CAD
OFFICIAL_THERMAL_0113_Solid,004,07_CAMERA_SYSTEM,MANUFACTURER_CAD
OFFICIAL_THERMAL_0114_Solid,004,07_CAMERA_SYSTEM,MANUFACTURER_CAD
OFFICIAL_THERMAL_0115_Solid,004,07_CAMERA_SYSTEM,MANUFACTURER_CAD
OFFICIAL_THERMAL_0116_Solid,004,07_CAMERA_SYSTEM,MANUFACTURER_CAD
OFFICIAL_THERMAL_0117_Solid,004,07_CAMERA_SYSTEM,MANUFACTURER_CAD
OFFICIAL_THERMAL_0118_Solid,004,07_CAMERA_SYSTEM,MANUFACTURER_CAD
OFFICIAL_THERMAL_0119_Solid,004,07_CAMERA_SYSTEM,MANUFACTURER_CAD
OFFICIAL_THERMAL_0120_Solid,004,07_CAMERA_SYSTEM,MANUFACTURER_CAD
OFFICIAL_THERMAL_0121_Solid,004,07_CAMERA_SYSTEM,MANUFACTURER_CAD
OFFICIAL_THERMAL_0122_Solid,004,07_CAMERA_SYSTEM,MANUFACTURER_CAD
OFFICIAL_THERMAL_0123_Solid,004,07_CAMERA_SYSTEM,MANUFACTURER_CAD
OFFICIAL_THERMAL_0124_Solid,004,07_CAMERA_SYSTEM,MANUFACTURER_CAD
OFFICIAL_THERMAL_0125_Solid,004,07_CAMERA_SYSTEM,MANUFACTURER_CAD
OFFICIAL_THERMAL_0126_Solid,004,07_CAMERA_SYSTEM,MANUFACTURER_CAD
OFFICIAL_THERMAL_0127_Solid,004,07_CAMERA_SYSTEM,MANUFACTURER_CAD
OFFICIAL_THERMAL_0128_Solid,004,07_CAMERA_SYSTEM,MANUFACTURER_CAD
OFFICIAL_THERMAL_0129_Solid,004,07_CAMERA_SYSTEM,MANUFACTURER_CAD
OFFICIAL_THERMAL_0130_Solid,004,07_CAMERA_SYSTEM,MANUFACTURER_CAD
OFFICIAL_THERMAL_0131_Solid,004,07_CAMERA_SYSTEM,MANUFACTURER_CAD
OFFICIAL_THERMAL_0132_Solid,004,07_CAMERA_SYSTEM,MANUFACTURER_CAD
OFFICIAL_THERMAL_0133_Solid,004,07_CAMERA_SYSTEM,MANUFACTURER_CAD
OFFICIAL_THERMAL_0134_Solid,004,07_CAMERA_SYSTEM,MANUFACTURER_CAD
OFFICIAL_THERMAL_0135_Solid,004,07_CAMERA_SYSTEM,MANUFACTURER_CAD
OFFICIAL_THERMAL_0136_Solid,004,07_CAMERA_SYSTEM,MANUFACTURER_CAD
OFFICIAL_THERMAL_0137_Solid,004,07_CAMERA_SYSTEM,MANUFACTURER_CAD
OFFICIAL_THERMAL_0138_Solid,004,07_CAMERA_SYSTEM,MANUFACTURER_CAD
OFFICIAL_THERMAL_0139_Solid,004,07_CAMERA_SYSTEM,MANUFACTURER_CAD
OFFICIAL_THERMAL_0140_Solid,004,07_CAMERA_SYSTEM,MANUFACTURER_CAD
OFFICIAL_THERMAL_0141_Solid,004,07_CAMERA_SYSTEM,MANUFACTURER_CAD
OFFICIAL_THERMAL_0142_Solid,004,07_CAMERA_SYSTEM,MANUFACTURER_CAD
OFFICIAL_THERMAL_0143_Solid,004,07_CAMERA_SYSTEM,MANUFACTURER_CAD
OFFICIAL_THERMAL_0144_Solid,004,07_CAMERA_SYSTEM,MANUFACTURER_CAD
OFFICIAL_THERMAL_0145_Solid,004,07_CAMERA_SYSTEM,MANUFACTURER_CAD
OFFICIAL_THERMAL_0146_Solid,004,07_CAMERA_SYSTEM,MANUFACTURER_CAD
OFFICIAL_THERMAL_0147_Solid,004,07_CAMERA_SYSTEM,MANUFACTURER_CAD
OFFICIAL_THERMAL_0148_Solid,004,07_CAMERA_SYSTEM,MANUFACTURER_CAD
OFFICIAL_THERMAL_0149_Solid,004,07_CAMERA_SYSTEM,MANUFACTURER_CAD
OFFICIAL_THERMAL_0150_Solid,004,07_CAMERA_SYSTEM,MANUFACTURER_CAD
OFFICIAL_THERMAL_0151_Solid,004,07_CAMERA_SYSTEM,MANUFACTURER_CAD
OFFICIAL_THERMAL_0152_Solid,004,07_CAMERA_SYSTEM,MANUFACTURER_CAD
OFFICIAL_THERMAL_0153_Solid,004,07_CAMERA_SYSTEM,MANUFACTURER_CAD
OFFICIAL_THERMAL_0154_Solid,004,07_CAMERA_SYSTEM,MANUFACTURER_CAD
OFFICIAL_THERMAL_0155_Solid,004,07_CAMERA_SYSTEM,MANUFACTURER_CAD
OFFICIAL_THERMAL_0156_Solid,004,07_CAMERA_SYSTEM,MANUFACTURER_CAD
OFFICIAL_THERMAL_0157_Solid,004,07_CAMERA_SYSTEM,MANUFACTURER_CAD
OFFICIAL_THERMAL_0158_Solid,004,07_CAMERA_SYSTEM,MANUFACTURER_CAD
OFFICIAL_THERMAL_0159_Solid,004,07_CAMERA_SYSTEM,MANUFACTURER_CAD
OFFICIAL_THERMAL_0160_Solid,004,07_CAMERA_SYSTEM,MANUFACTURER_CAD
OFFICIAL_THERMAL_0161_Solid,004,07_CAMERA_SYSTEM,MANUFACTURER_CAD
OFFICIAL_THERMAL_0162_Solid,004,07_CAMERA_SYSTEM,MANUFACTURER_CAD
OFFICIAL_THERMAL_0163_Solid,004,07_CAMERA_SYSTEM,MANUFACTURER_CAD
OFFICIAL_THERMAL_0164_Solid,004,07_CAMERA_SYSTEM,MANUFACTURER_CAD
OFFICIAL_THERMAL_0165_Solid,004,07_CAMERA_SYSTEM,MANUFACTURER_CAD
OFFICIAL_THERMAL_0166_Solid,004,07_CAMERA_SYSTEM,MANUFACTURER_CAD
OFFICIAL_THERMAL_0167_Solid,004,07_CAMERA_SYSTEM,MANUFACTURER_CAD
OFFICIAL_THERMAL_0168_Solid,004,07_CAMERA_SYSTEM,MANUFACTURER_CAD
OFFICIAL_THERMAL_0169_Solid,004,07_CAMERA_SYSTEM,MANUFACTURER_CAD
OFFICIAL_THERMAL_0170_Solid,004,07_CAMERA_SYSTEM,MANUFACTURER_CAD
OFFICIAL_THERMAL_0171_Solid,004,07_CAMERA_SYSTEM,MANUFACTURER_CAD
OFFICIAL_THERMAL_0172_Solid,004,07_CAMERA_SYSTEM,MANUFACTURER_CAD
OFFICIAL_THERMAL_0173_Solid,004,07_CAMERA_SYSTEM,MANUFACTURER_CAD
OFFICIAL_THERMAL_0174_Solid,004,07_CAMERA_SYSTEM,MANUFACTURER_CAD
OFFICIAL_THERMAL_0175_Solid,004,07_CAMERA_SYSTEM,MANUFACTURER_CAD
OFFICIAL_THERMAL_0176_Solid,004,07_CAMERA_SYSTEM,MANUFACTURER_CAD
OFFICIAL_THERMAL_0177_Solid,004,07_CAMERA_SYSTEM,MANUFACTURER_CAD
OFFICIAL_THERMAL_0178_Solid,004,07_CAMERA_SYSTEM,MANUFACTURER_CAD
OFFICIAL_THERMAL_0179_Solid,004,07_CAMERA_SYSTEM,MANUFACTURER_CAD
OFFICIAL_THERMAL_0180_Solid,004,07_CAMERA_SYSTEM,MANUFACTURER_CAD
OFFICIAL_THERMAL_0181_Solid,004,07_CAMERA_SYSTEM,MANUFACTURER_CAD
OFFICIAL_THERMAL_0182_Solid,004,07_CAMERA_SYSTEM,MANUFACTURER_CAD
OFFICIAL_THERMAL_0183_Solid,004,07_CAMERA_SYSTEM,MANUFACTURER_CAD
OFFICIAL_THERMAL_0184_Solid,004,07_CAMERA_SYSTEM,MANUFACTURER_CAD
OFFICIAL_THERMAL_0185_Solid,004,07_CAMERA_SYSTEM,MANUFACTURER_CAD
OFFICIAL_THERMAL_0186_Solid,004,07_CAMERA_SYSTEM,MANUFACTURER_CAD
OFFICIAL_THERMAL_0187_Solid,004,07_CAMERA_SYSTEM,MANUFACTURER_CAD
OFFICIAL_THERMAL_0188_Solid,004,07_CAMERA_SYSTEM,MANUFACTURER_CAD
OFFICIAL_THERMAL_0189_Solid,004,07_CAMERA_SYSTEM,MANUFACTURER_CAD
OFFICIAL_THERMAL_0190_Solid,004,07_CAMERA_SYSTEM,MANUFACTURER_CAD
OFFICIAL_THERMAL_0191_Solid,004,07_CAMERA_SYSTEM,MANUFACTURER_CAD
OFFICIAL_THERMAL_0192_Solid,004,07_CAMERA_SYSTEM,MANUFACTURER_CAD
OFFICIAL_THERMAL_0193_Solid,004,07_CAMERA_SYSTEM,MANUFACTURER_CAD
OFFICIAL_THERMAL_0194_Solid,004,07_CAMERA_SYSTEM,MANUFACTURER_CAD
OFFICIAL_THERMAL_0195_Solid,004,07_CAMERA_SYSTEM,MANUFACTURER_CAD
OFFICIAL_THERMAL_0196_Solid,004,07_CAMERA_SYSTEM,MANUFACTURER_CAD
OFFICIAL_THERMAL_0197_Solid,004,07_CAMERA_SYSTEM,MANUFACTURER_CAD
OFFICIAL_THERMAL_0198_Solid,004,07_CAMERA_SYSTEM,MANUFACTURER_CAD
OFFICIAL_THERMAL_0199_Solid,004,07_CAMERA_SYSTEM,MANUFACTURER_CAD
OFFICIAL_THERMAL_0200_Solid,004,07_CAMERA_SYSTEM,MANUFACTURER_CAD
OFFICIAL_THERMAL_0201_Solid,004,07_CAMERA_SYSTEM,MANUFACTURER_CAD
OFFICIAL_THERMAL_0202_Solid,004,07_CAMERA_SYSTEM,MANUFACTURER_CAD
OFFICIAL_THERMAL_0203_Solid,004,07_CAMERA_SYSTEM,MANUFACTURER_CAD
OFFICIAL_THERMAL_0204_Solid,004,07_CAMERA_SYSTEM,MANUFACTURER_CAD
OFFICIAL_THERMAL_0205_Solid,004,07_CAMERA_SYSTEM,MANUFACTURER_CAD
OFFICIAL_THERMAL_0206_Solid,004,07_CAMERA_SYSTEM,MANUFACTURER_CAD
OFFICIAL_THERMAL_0207_Solid,004,07_CAMERA_SYSTEM,MANUFACTURER_CAD
OFFICIAL_THERMAL_0208_Solid,004,07_CAMERA_SYSTEM,MANUFACTURER_CAD
OFFICIAL_THERMAL_0209_Solid,004,07_CAMERA_SYSTEM,MANUFACTURER_CAD
OFFICIAL_THERMAL_0210_Solid,004,07_CAMERA_SYSTEM,MANUFACTURER_CAD
OFFICIAL_THERMAL_0211_Solid,004,07_CAMERA_SYSTEM,MANUFACTURER_CAD
OFFICIAL_THERMAL_0212_Solid,004,07_CAMERA_SYSTEM,MANUFACTURER_CAD
OFFICIAL_THERMAL_0213_Solid,004,07_CAMERA_SYSTEM,MANUFACTURER_CAD
OFFICIAL_THERMAL_0214_Solid,004,07_CAMERA_SYSTEM,MANUFACTURER_CAD
OFFICIAL_ESTOP_0000_Solid,018,03_POWER_SYSTEM,MANUFACTURER_CAD
OFFICIAL_ESTOP_0001_Solid,018,03_POWER_SYSTEM,MANUFACTURER_CAD
OFFICIAL_ESTOP_0002_Solid,018,03_POWER_SYSTEM,MANUFACTURER_CAD
OFFICIAL_ESTOP_0003_Solid,018,03_POWER_SYSTEM,MANUFACTURER_CAD
OFFICIAL_ESTOP_0004_Solid,018,03_POWER_SYSTEM,MANUFACTURER_CAD
OFFICIAL_ESTOP_0005_Solid,018,03_POWER_SYSTEM,MANUFACTURER_CAD
OFFICIAL_ESTOP_0006_Solid,018,03_POWER_SYSTEM,MANUFACTURER_CAD
OFFICIAL_ESTOP_0007_Solid,018,03_POWER_SYSTEM,MANUFACTURER_CAD
OFFICIAL_ESTOP_0008_Solid,018,03_POWER_SYSTEM,MANUFACTURER_CAD
CUSTOM_BOTTOM_PLATE,101,01_FRAME,CUSTOM
CUSTOM_BATTERY_PLATE,102,01_FRAME,CUSTOM
CUSTOM_CHASSIS_PAD_0_0,103,01_FRAME,CUSTOM
CUSTOM_CHASSIS_PAD_0_1,104,01_FRAME,CUSTOM
M4_CHASSIS_0,526,08_FASTENERS,DATASHEET
M4_CHASSIS_W_0,527,08_FASTENERS,DATASHEET
M4_CHASSIS_N_0,522,08_FASTENERS,DATASHEET
CUSTOM_CHASSIS_PAD_1_0,105,01_FRAME,CUSTOM
CUSTOM_CHASSIS_PAD_1_1,106,01_FRAME,CUSTOM
M4_CHASSIS_1,526,08_FASTENERS,DATASHEET
M4_CHASSIS_W_1,527,08_FASTENERS,DATASHEET
M4_CHASSIS_N_1,522,08_FASTENERS,DATASHEET
CUSTOM_CHASSIS_PAD_2_0,107,01_FRAME,CUSTOM
CUSTOM_CHASSIS_PAD_2_1,108,01_FRAME,CUSTOM
M4_CHASSIS_2,526,08_FASTENERS,DATASHEET
M4_CHASSIS_W_2,527,08_FASTENERS,DATASHEET
M4_CHASSIS_N_2,522,08_FASTENERS,DATASHEET
CUSTOM_CHASSIS_PAD_3_0,109,01_FRAME,CUSTOM
CUSTOM_CHASSIS_PAD_3_1,110,01_FRAME,CUSTOM
M4_CHASSIS_3,526,08_FASTENERS,DATASHEET
M4_CHASSIS_W_3,527,08_FASTENERS,DATASHEET
M4_CHASSIS_N_3,522,08_FASTENERS,DATASHEET
M3_BATTERY_PLATE_0,519,08_FASTENERS,DATASHEET
M3_BATTERY_PLATE_W_0,528,08_FASTENERS,DATASHEET
M3_BATTERY_PLATE_N_0,512,08_FASTENERS,DATASHEET
M3_BATTERY_PLATE_1,519,08_FASTENERS,DATASHEET
M3_BATTERY_PLATE_W_1,528,08_FASTENERS,DATASHEET
M3_BATTERY_PLATE_N_1,512,08_FASTENERS,DATASHEET
M3_BATTERY_PLATE_2,519,08_FASTENERS,DATASHEET
M3_BATTERY_PLATE_W_2,528,08_FASTENERS,DATASHEET
M3_BATTERY_PLATE_N_2,512,08_FASTENERS,DATASHEET
M3_BATTERY_PLATE_3,519,08_FASTENERS,DATASHEET
M3_BATTERY_PLATE_W_3,528,08_FASTENERS,DATASHEET
M3_BATTERY_PLATE_N_3,512,08_FASTENERS,DATASHEET
CUSTOM_ELECTRONICS_PLATE,111,01_FRAME,CUSTOM
CUSTOM_LEFT_PANEL,112,01_FRAME,CUSTOM
CUSTOM_RIGHT_PANEL,113,01_FRAME,CUSTOM
CUSTOM_REAR_PANEL,114,01_FRAME,CUSTOM
CUSTOM_FRONT_PANEL,115,01_FRAME,CUSTOM
DRAWING_BASED_M4_ROD_0,566,01_FRAME,DATASHEET
POST_0_0_LW,527,08_FASTENERS,DATASHEET
POST_0_0_LN,522,08_FASTENERS,DATASHEET
POST_0_0_UW,527,08_FASTENERS,DATASHEET
POST_0_0_UN,522,08_FASTENERS,DATASHEET
POST_0_1_LW,527,08_FASTENERS,DATASHEET
POST_0_1_LN,522,08_FASTENERS,DATASHEET
POST_0_1_UW,527,08_FASTENERS,DATASHEET
POST_0_1_UN,522,08_FASTENERS,DATASHEET
DRAWING_BASED_M4_ROD_1,566,01_FRAME,DATASHEET
POST_1_0_LW,527,08_FASTENERS,DATASHEET
POST_1_0_LN,522,08_FASTENERS,DATASHEET
POST_1_0_UW,527,08_FASTENERS,DATASHEET
POST_1_0_UN,522,08_FASTENERS,DATASHEET
POST_1_1_LW,527,08_FASTENERS,DATASHEET
POST_1_1_LN,522,08_FASTENERS,DATASHEET
POST_1_1_UW,527,08_FASTENERS,DATASHEET
POST_1_1_UN,522,08_FASTENERS,DATASHEET
DRAWING_BASED_M4_ROD_2,566,01_FRAME,DATASHEET
POST_2_0_LW,527,08_FASTENERS,DATASHEET
POST_2_0_LN,522,08_FASTENERS,DATASHEET
POST_2_0_UW,527,08_FASTENERS,DATASHEET
POST_2_0_UN,522,08_FASTENERS,DATASHEET
POST_2_1_LW,527,08_FASTENERS,DATASHEET
POST_2_1_LN,522,08_FASTENERS,DATASHEET
POST_2_1_UW,527,08_FASTENERS,DATASHEET
POST_2_1_UN,522,08_FASTENERS,DATASHEET
POST_2_2_LW,527,08_FASTENERS,DATASHEET
POST_2_2_LN,522,08_FASTENERS,DATASHEET
POST_2_2_UW,527,08_FASTENERS,DATASHEET
POST_2_2_UN,522,08_FASTENERS,DATASHEET
DRAWING_BASED_M4_ROD_3,566,01_FRAME,DATASHEET
POST_3_0_LW,527,08_FASTENERS,DATASHEET
POST_3_0_LN,522,08_FASTENERS,DATASHEET
POST_3_0_UW,527,08_FASTENERS,DATASHEET
POST_3_0_UN,522,08_FASTENERS,DATASHEET
POST_3_1_LW,527,08_FASTENERS,DATASHEET
POST_3_1_LN,522,08_FASTENERS,DATASHEET
POST_3_1_UW,527,08_FASTENERS,DATASHEET
POST_3_1_UN,522,08_FASTENERS,DATASHEET
POST_3_2_LW,527,08_FASTENERS,DATASHEET
POST_3_2_LN,522,08_FASTENERS,DATASHEET
POST_3_2_UW,527,08_FASTENERS,DATASHEET
POST_3_2_UN,522,08_FASTENERS,DATASHEET
DRAWING_BASED_M4_ROD_4,566,01_FRAME,DATASHEET
POST_4_0_LW,527,08_FASTENERS,DATASHEET
POST_4_0_LN,522,08_FASTENERS,DATASHEET
POST_4_0_UW,527,08_FASTENERS,DATASHEET
POST_4_0_UN,522,08_FASTENERS,DATASHEET
POST_4_1_LW,527,08_FASTENERS,DATASHEET
POST_4_1_LN,522,08_FASTENERS,DATASHEET
POST_4_1_UW,527,08_FASTENERS,DATASHEET
POST_4_1_UN,522,08_FASTENERS,DATASHEET
DRAWING_BASED_M4_ROD_5,566,01_FRAME,DATASHEET
POST_5_0_LW,527,08_FASTENERS,DATASHEET
POST_5_0_LN,522,08_FASTENERS,DATASHEET
POST_5_0_UW,527,08_FASTENERS,DATASHEET
POST_5_0_UN,522,08_FASTENERS,DATASHEET
POST_5_1_LW,527,08_FASTENERS,DATASHEET
POST_5_1_LN,522,08_FASTENERS,DATASHEET
POST_5_1_UW,527,08_FASTENERS,DATASHEET
POST_5_1_UN,522,08_FASTENERS,DATASHEET
APPROX_SMALL_L_0_23_LEFT,542,01_FRAME,PHOTO_ESTIMATE
APPROX_SMALL_L_0_23_LEFT_BASE_B0,523,08_FASTENERS,DATASHEET
APPROX_SMALL_L_0_23_LEFT_BASE_N0,522,08_FASTENERS,DATASHEET
APPROX_SMALL_L_0_23_LEFT_SIDE_B0,523,08_FASTENERS,DATASHEET
APPROX_SMALL_L_0_23_LEFT_SIDE_N0,522,08_FASTENERS,DATASHEET
APPROX_SMALL_L_0_23_LEFT_BASE_B1,523,08_FASTENERS,DATASHEET
APPROX_SMALL_L_0_23_LEFT_BASE_N1,522,08_FASTENERS,DATASHEET
APPROX_SMALL_L_0_23_LEFT_SIDE_B1,523,08_FASTENERS,DATASHEET
APPROX_SMALL_L_0_23_LEFT_SIDE_N1,522,08_FASTENERS,DATASHEET
APPROX_SMALL_L_0_23_RIGHT,543,01_FRAME,PHOTO_ESTIMATE
APPROX_SMALL_L_0_23_RIGHT_BASE_B0,523,08_FASTENERS,DATASHEET
APPROX_SMALL_L_0_23_RIGHT_BASE_N0,522,08_FASTENERS,DATASHEET
APPROX_SMALL_L_0_23_RIGHT_SIDE_B0,523,08_FASTENERS,DATASHEET
APPROX_SMALL_L_0_23_RIGHT_SIDE_N0,522,08_FASTENERS,DATASHEET
APPROX_SMALL_L_0_23_RIGHT_BASE_B1,523,08_FASTENERS,DATASHEET
APPROX_SMALL_L_0_23_RIGHT_BASE_N1,522,08_FASTENERS,DATASHEET
APPROX_SMALL_L_0_23_RIGHT_SIDE_B1,523,08_FASTENERS,DATASHEET
APPROX_SMALL_L_0_23_RIGHT_SIDE_N1,522,08_FASTENERS,DATASHEET
APPROX_SMALL_L_0_245_LEFT,544,01_FRAME,PHOTO_ESTIMATE
APPROX_SMALL_L_0_245_LEFT_BASE_B0,523,08_FASTENERS,DATASHEET
APPROX_SMALL_L_0_245_LEFT_BASE_N0,522,08_FASTENERS,DATASHEET
APPROX_SMALL_L_0_245_LEFT_SIDE_B0,523,08_FASTENERS,DATASHEET
APPROX_SMALL_L_0_245_LEFT_SIDE_N0,522,08_FASTENERS,DATASHEET
APPROX_SMALL_L_0_245_LEFT_BASE_B1,523,08_FASTENERS,DATASHEET
APPROX_SMALL_L_0_245_LEFT_BASE_N1,522,08_FASTENERS,DATASHEET
APPROX_SMALL_L_0_245_LEFT_SIDE_B1,523,08_FASTENERS,DATASHEET
APPROX_SMALL_L_0_245_LEFT_SIDE_N1,522,08_FASTENERS,DATASHEET
APPROX_SMALL_L_0_245_RIGHT,545,01_FRAME,PHOTO_ESTIMATE
APPROX_SMALL_L_0_245_RIGHT_BASE_B0,523,08_FASTENERS,DATASHEET
APPROX_SMALL_L_0_245_RIGHT_BASE_N0,522,08_FASTENERS,DATASHEET
APPROX_SMALL_L_0_245_RIGHT_SIDE_B0,523,08_FASTENERS,DATASHEET
APPROX_SMALL_L_0_245_RIGHT_SIDE_N0,522,08_FASTENERS,DATASHEET
APPROX_SMALL_L_0_245_RIGHT_BASE_B1,523,08_FASTENERS,DATASHEET
APPROX_SMALL_L_0_245_RIGHT_BASE_N1,522,08_FASTENERS,DATASHEET
APPROX_SMALL_L_0_245_RIGHT_SIDE_B1,523,08_FASTENERS,DATASHEET
APPROX_SMALL_L_0_245_RIGHT_SIDE_N1,522,08_FASTENERS,DATASHEET
APPROX_SMALL_L_1_23_LEFT,546,01_FRAME,PHOTO_ESTIMATE
APPROX_SMALL_L_1_23_LEFT_BASE_B0,523,08_FASTENERS,DATASHEET
APPROX_SMALL_L_1_23_LEFT_BASE_N0,522,08_FASTENERS,DATASHEET
APPROX_SMALL_L_1_23_LEFT_SIDE_B0,523,08_FASTENERS,DATASHEET
APPROX_SMALL_L_1_23_LEFT_SIDE_N0,522,08_FASTENERS,DATASHEET
APPROX_SMALL_L_1_23_LEFT_BASE_B1,523,08_FASTENERS,DATASHEET
APPROX_SMALL_L_1_23_LEFT_BASE_N1,522,08_FASTENERS,DATASHEET
APPROX_SMALL_L_1_23_LEFT_SIDE_B1,523,08_FASTENERS,DATASHEET
APPROX_SMALL_L_1_23_LEFT_SIDE_N1,522,08_FASTENERS,DATASHEET
APPROX_SMALL_L_1_23_RIGHT,547,01_FRAME,PHOTO_ESTIMATE
APPROX_SMALL_L_1_23_RIGHT_BASE_B0,523,08_FASTENERS,DATASHEET
APPROX_SMALL_L_1_23_RIGHT_BASE_N0,522,08_FASTENERS,DATASHEET
APPROX_SMALL_L_1_23_RIGHT_SIDE_B0,523,08_FASTENERS,DATASHEET
APPROX_SMALL_L_1_23_RIGHT_SIDE_N0,522,08_FASTENERS,DATASHEET
APPROX_SMALL_L_1_23_RIGHT_BASE_B1,523,08_FASTENERS,DATASHEET
APPROX_SMALL_L_1_23_RIGHT_BASE_N1,522,08_FASTENERS,DATASHEET
APPROX_SMALL_L_1_23_RIGHT_SIDE_B1,523,08_FASTENERS,DATASHEET
APPROX_SMALL_L_1_23_RIGHT_SIDE_N1,522,08_FASTENERS,DATASHEET
APPROX_SMALL_L_1_245_LEFT,548,01_FRAME,PHOTO_ESTIMATE
APPROX_SMALL_L_1_245_LEFT_BASE_B0,523,08_FASTENERS,DATASHEET
APPROX_SMALL_L_1_245_LEFT_BASE_N0,522,08_FASTENERS,DATASHEET
APPROX_SMALL_L_1_245_LEFT_SIDE_B0,523,08_FASTENERS,DATASHEET
APPROX_SMALL_L_1_245_LEFT_SIDE_N0,522,08_FASTENERS,DATASHEET
APPROX_SMALL_L_1_245_LEFT_BASE_B1,523,08_FASTENERS,DATASHEET
APPROX_SMALL_L_1_245_LEFT_BASE_N1,522,08_FASTENERS,DATASHEET
APPROX_SMALL_L_1_245_LEFT_SIDE_B1,523,08_FASTENERS,DATASHEET
APPROX_SMALL_L_1_245_LEFT_SIDE_N1,522,08_FASTENERS,DATASHEET
APPROX_SMALL_L_1_245_RIGHT,549,01_FRAME,PHOTO_ESTIMATE
APPROX_SMALL_L_1_245_RIGHT_BASE_B0,523,08_FASTENERS,DATASHEET
APPROX_SMALL_L_1_245_RIGHT_BASE_N0,522,08_FASTENERS,DATASHEET
APPROX_SMALL_L_1_245_RIGHT_SIDE_B0,523,08_FASTENERS,DATASHEET
APPROX_SMALL_L_1_245_RIGHT_SIDE_N0,522,08_FASTENERS,DATASHEET
APPROX_SMALL_L_1_245_RIGHT_BASE_B1,523,08_FASTENERS,DATASHEET
APPROX_SMALL_L_1_245_RIGHT_BASE_N1,522,08_FASTENERS,DATASHEET
APPROX_SMALL_L_1_245_RIGHT_SIDE_B1,523,08_FASTENERS,DATASHEET
APPROX_SMALL_L_1_245_RIGHT_SIDE_N1,522,08_FASTENERS,DATASHEET
APPROX_MEDIUM_L_0,539,01_FRAME,PHOTO_ESTIMATE
MEDIUM_0_0,523,08_FASTENERS,DATASHEET
MEDIUM_0_0_N,522,08_FASTENERS,DATASHEET
MEDIUM_0_1,523,08_FASTENERS,DATASHEET
MEDIUM_0_1_N,522,08_FASTENERS,DATASHEET
MEDIUM_0_2,523,08_FASTENERS,DATASHEET
MEDIUM_0_2_N,522,08_FASTENERS,DATASHEET
MEDIUM_0_3,523,08_FASTENERS,DATASHEET
MEDIUM_0_3_N,522,08_FASTENERS,DATASHEET
APPROX_MEDIUM_L_1,539,01_FRAME,PHOTO_ESTIMATE
MEDIUM_1_0,523,08_FASTENERS,DATASHEET
MEDIUM_1_0_N,522,08_FASTENERS,DATASHEET
MEDIUM_1_1,523,08_FASTENERS,DATASHEET
MEDIUM_1_1_N,522,08_FASTENERS,DATASHEET
MEDIUM_1_2,523,08_FASTENERS,DATASHEET
MEDIUM_1_2_N,522,08_FASTENERS,DATASHEET
MEDIUM_1_3,523,08_FASTENERS,DATASHEET
MEDIUM_1_3_N,522,08_FASTENERS,DATASHEET
APPROX_MEDIUM_L_2,539,01_FRAME,PHOTO_ESTIMATE
MEDIUM_2_0,523,08_FASTENERS,DATASHEET
MEDIUM_2_0_N,522,08_FASTENERS,DATASHEET
MEDIUM_2_1,523,08_FASTENERS,DATASHEET
MEDIUM_2_1_N,522,08_FASTENERS,DATASHEET
MEDIUM_2_2,523,08_FASTENERS,DATASHEET
MEDIUM_2_2_N,522,08_FASTENERS,DATASHEET
MEDIUM_2_3,523,08_FASTENERS,DATASHEET
MEDIUM_2_3_N,522,08_FASTENERS,DATASHEET
APPROX_MEDIUM_L_3,539,01_FRAME,PHOTO_ESTIMATE
MEDIUM_3_0,523,08_FASTENERS,DATASHEET
MEDIUM_3_0_N,522,08_FASTENERS,DATASHEET
MEDIUM_3_1,523,08_FASTENERS,DATASHEET
MEDIUM_3_1_N,522,08_FASTENERS,DATASHEET
MEDIUM_3_2,523,08_FASTENERS,DATASHEET
MEDIUM_3_2_N,522,08_FASTENERS,DATASHEET
MEDIUM_3_3,523,08_FASTENERS,DATASHEET
MEDIUM_3_3_N,522,08_FASTENERS,DATASHEET
CUSTOM_LIDAR_BRIDGE,116,01_FRAME,CUSTOM
CUSTOM_LIDAR_PLATE,117,01_FRAME,CUSTOM
LIDAR_BRIDGE_B0,518,08_FASTENERS,DATASHEET
LIDAR_BRIDGE_W0,528,08_FASTENERS,DATASHEET
LIDAR_BRIDGE_N0,512,08_FASTENERS,DATASHEET
LIDAR_BRIDGE_B1,518,08_FASTENERS,DATASHEET
LIDAR_BRIDGE_W1,528,08_FASTENERS,DATASHEET
LIDAR_BRIDGE_N1,512,08_FASTENERS,DATASHEET
LIDAR_BRIDGE_B2,518,08_FASTENERS,DATASHEET
LIDAR_BRIDGE_W2,528,08_FASTENERS,DATASHEET
LIDAR_BRIDGE_N2,512,08_FASTENERS,DATASHEET
LIDAR_BRIDGE_B3,518,08_FASTENERS,DATASHEET
LIDAR_BRIDGE_W3,528,08_FASTENERS,DATASHEET
LIDAR_BRIDGE_N3,512,08_FASTENERS,DATASHEET
M3_MDD_SPACER_0,513,08_FASTENERS,ASSUMED
M3_MDD_TOP_0,521,08_FASTENERS,DATASHEET
M3_MDD_BOTTOM_0,516,08_FASTENERS,DATASHEET
M3_MDD_SPACER_1,513,08_FASTENERS,ASSUMED
M3_MDD_TOP_1,521,08_FASTENERS,DATASHEET
M3_MDD_BOTTOM_1,516,08_FASTENERS,DATASHEET
M3_MDD_SPACER_2,513,08_FASTENERS,ASSUMED
M3_MDD_TOP_2,521,08_FASTENERS,DATASHEET
M3_MDD_BOTTOM_2,516,08_FASTENERS,DATASHEET
M3_MDD_SPACER_3,513,08_FASTENERS,ASSUMED
M3_MDD_TOP_3,521,08_FASTENERS,DATASHEET
M3_MDD_BOTTOM_3,516,08_FASTENERS,DATASHEET
APPROX_M2p5_BNO_SPACER_0,505,08_FASTENERS,ASSUMED
ADD_REQUIRED_BNO_M2p5_0,508,08_FASTENERS,DATASHEET
ADD_REQUIRED_BNO_LOWER_0,506,08_FASTENERS,DATASHEET
APPROX_M2p5_BNO_SPACER_1,505,08_FASTENERS,ASSUMED
ADD_REQUIRED_BNO_M2p5_1,508,08_FASTENERS,DATASHEET
ADD_REQUIRED_BNO_LOWER_1,506,08_FASTENERS,DATASHEET
APPROX_M2p5_BNO_SPACER_2,505,08_FASTENERS,ASSUMED
ADD_REQUIRED_BNO_M2p5_2,508,08_FASTENERS,DATASHEET
ADD_REQUIRED_BNO_LOWER_2,506,08_FASTENERS,DATASHEET
APPROX_M2p5_BNO_SPACER_3,505,08_FASTENERS,ASSUMED
ADD_REQUIRED_BNO_M2p5_3,508,08_FASTENERS,DATASHEET
ADD_REQUIRED_BNO_LOWER_3,506,08_FASTENERS,DATASHEET
CUSTOM_JETSON_CRADLE,118,01_FRAME,CUSTOM
M3_JETSON_SPACER_0,515,08_FASTENERS,ASSUMED
M3_JETSON_TOP_0,516,08_FASTENERS,DATASHEET
M3_JETSON_BOTTOM_0,516,08_FASTENERS,DATASHEET
M3_JETSON_SPACER_1,515,08_FASTENERS,ASSUMED
M3_JETSON_TOP_1,516,08_FASTENERS,DATASHEET
M3_JETSON_BOTTOM_1,516,08_FASTENERS,DATASHEET
M3_JETSON_SPACER_2,515,08_FASTENERS,ASSUMED
M3_JETSON_TOP_2,516,08_FASTENERS,DATASHEET
M3_JETSON_BOTTOM_2,516,08_FASTENERS,DATASHEET
M3_JETSON_SPACER_3,515,08_FASTENERS,ASSUMED
M3_JETSON_TOP_3,516,08_FASTENERS,DATASHEET
M3_JETSON_BOTTOM_3,516,08_FASTENERS,DATASHEET
DRAWING_BASED_ES7_12_BATTERY,009,03_POWER_SYSTEM,DATASHEET
PHOTO_BASED_ES7_12_LID,009,03_POWER_SYSTEM,PHOTO_ESTIMATE
DRAWING_BASED_BATTERY_F2_POS,009,03_POWER_SYSTEM,DATASHEET
APPROX_FDFD_5p5_250,536,03_POWER_SYSTEM,PHOTO_ESTIMATE
DRAWING_BASED_BATTERY_F2_NEG,009,03_POWER_SYSTEM,DATASHEET
APPROX_FDFD_2_250,535,03_POWER_SYSTEM,PHOTO_ESTIMATE
CUSTOM_BATTERY_STRAP_0,550,03_POWER_SYSTEM,CUSTOM
PHOTO_BASED_STRAP_BUCKLE_0,575,03_POWER_SYSTEM,PHOTO_ESTIMATE
CUSTOM_BATTERY_STRAP_1,550,03_POWER_SYSTEM,CUSTOM
PHOTO_BASED_STRAP_BUCKLE_1,575,03_POWER_SYSTEM,PHOTO_ESTIMATE
CUSTOM_BATTERY_STOP_FRONT,119,01_FRAME,CUSTOM
BAT_STOP_FRONT0,517,08_FASTENERS,DATASHEET
BAT_STOP_FRONT1,517,08_FASTENERS,DATASHEET
CUSTOM_BATTERY_STOP_REAR,120,01_FRAME,CUSTOM
BAT_STOP_REAR0,517,08_FASTENERS,DATASHEET
BAT_STOP_REAR1,517,08_FASTENERS,DATASHEET
CUSTOM_BATTERY_STOP_LEFT,121,01_FRAME,CUSTOM
BAT_STOP_LEFT0,517,08_FASTENERS,DATASHEET
BAT_STOP_LEFT1,517,08_FASTENERS,DATASHEET
CUSTOM_BATTERY_STOP_RIGHT,122,01_FRAME,CUSTOM
BAT_STOP_RIGHT0,517,08_FASTENERS,DATASHEET
BAT_STOP_RIGHT1,517,08_FASTENERS,DATASHEET
PHOTO_BASED_SZH_EK366_BUCK,016,05_CONTROL_ELECTRONICS,SELLER_DIMENSION
M3_BUCK_STANDOFF_0,513,08_FASTENERS,ASSUMED
M3_BUCK_TOP_0,521,08_FASTENERS,DATASHEET
M3_BUCK_LOWER_0,516,08_FASTENERS,DATASHEET
M3_BUCK_STANDOFF_1,513,08_FASTENERS,ASSUMED
M3_BUCK_TOP_1,521,08_FASTENERS,DATASHEET
M3_BUCK_LOWER_1,516,08_FASTENERS,DATASHEET
M3_BUCK_STANDOFF_2,513,08_FASTENERS,ASSUMED
M3_BUCK_TOP_2,521,08_FASTENERS,DATASHEET
M3_BUCK_LOWER_2,516,08_FASTENERS,DATASHEET
M3_BUCK_STANDOFF_3,513,08_FASTENERS,ASSUMED
M3_BUCK_TOP_3,521,08_FASTENERS,DATASHEET
M3_BUCK_LOWER_3,516,08_FASTENERS,DATASHEET
PHOTO_BASED_BUCK_CAP_200,016,05_CONTROL_ELECTRONICS,PHOTO_ESTIMATE
PHOTO_BASED_BUCK_CAP_244,016,05_CONTROL_ELECTRONICS,PHOTO_ESTIMATE
BUCK_IN_SCREW_0,016,05_CONTROL_ELECTRONICS,ASSUMED
BUCK_IN_SCREW_1,016,05_CONTROL_ELECTRONICS,ASSUMED
BUCK_IN,016,05_CONTROL_ELECTRONICS,ASSUMED
BUCK_OUT_SCREW_0,016,05_CONTROL_ELECTRONICS,ASSUMED
BUCK_OUT_SCREW_1,016,05_CONTROL_ELECTRONICS,ASSUMED
BUCK_OUT,016,05_CONTROL_ELECTRONICS,ASSUMED
PHOTO_BASED_NEXT505UHP,022,04_COMPUTE,DATASHEET
APPROX_HUB_USB_A_0,022,04_COMPUTE,PHOTO_ESTIMATE
APPROX_HUB_USB_A_1,022,04_COMPUTE,PHOTO_ESTIMATE
APPROX_HUB_USB_A_2,022,04_COMPUTE,PHOTO_ESTIMATE
APPROX_HUB_USB_A_3,022,04_COMPUTE,PHOTO_ESTIMATE
CUSTOM_HUB_TRAY,123,01_FRAME,CUSTOM
CUSTOM_HUB_STRAP_0,558,04_COMPUTE,CUSTOM
CUSTOM_HUB_STRAP_1,558,04_COMPUTE,CUSTOM
APPROX_BATTERY_VOLTAGE_DIVIDER,021,05_CONTROL_ELECTRONICS,ASSUMED
M3_DIVIDER_STANDOFF_0,513,08_FASTENERS,ASSUMED
M3_DIVIDER_TOP_0,521,08_FASTENERS,DATASHEET
M3_DIVIDER_LOWER_0,516,08_FASTENERS,DATASHEET
M3_DIVIDER_STANDOFF_1,513,08_FASTENERS,ASSUMED
M3_DIVIDER_TOP_1,521,08_FASTENERS,DATASHEET
M3_DIVIDER_LOWER_1,516,08_FASTENERS,DATASHEET
M3_DIVIDER_STANDOFF_2,513,08_FASTENERS,ASSUMED
M3_DIVIDER_TOP_2,521,08_FASTENERS,DATASHEET
M3_DIVIDER_LOWER_2,516,08_FASTENERS,DATASHEET
M3_DIVIDER_STANDOFF_3,513,08_FASTENERS,ASSUMED
M3_DIVIDER_TOP_3,521,08_FASTENERS,DATASHEET
M3_DIVIDER_LOWER_3,516,08_FASTENERS,DATASHEET
DIVIDER_IN_SCREW_0,021,05_CONTROL_ELECTRONICS,ASSUMED
DIVIDER_IN_SCREW_1,021,05_CONTROL_ELECTRONICS,ASSUMED
DIVIDER_IN,021,05_CONTROL_ELECTRONICS,ASSUMED
DRAWING_BASED_SN530_M2_2242,031,04_COMPUTE,DATASHEET
PHOTO_BASED_SN530_NAND,031,04_COMPUTE,PHOTO_ESTIMATE
CUSTOM_POWER_BACKPLANE,124,01_FRAME,CUSTOM
CUSTOM_FUSE_SHELF,125,01_FRAME,CUSTOM
APPROX_BUS_POS,014,03_POWER_SYSTEM,ASSUMED
APPROX_BUS_POS_SCREW_0,014,03_POWER_SYSTEM,ASSUMED
APPROX_BUS_POS_SCREW_1,014,03_POWER_SYSTEM,ASSUMED
APPROX_BUS_POS_SCREW_2,014,03_POWER_SYSTEM,ASSUMED
APPROX_BUS_POS_SCREW_3,014,03_POWER_SYSTEM,ASSUMED
APPROX_BUS_POS_SCREW_4,014,03_POWER_SYSTEM,ASSUMED
APPROX_BUS_POS_SCREW_5,014,03_POWER_SYSTEM,ASSUMED
APPROX_BUS_POS_SCREW_6,014,03_POWER_SYSTEM,ASSUMED
APPROX_BUS_NEG,015,03_POWER_SYSTEM,ASSUMED
APPROX_BUS_NEG_SCREW_0,015,03_POWER_SYSTEM,ASSUMED
APPROX_BUS_NEG_SCREW_1,015,03_POWER_SYSTEM,ASSUMED
APPROX_BUS_NEG_SCREW_2,015,03_POWER_SYSTEM,ASSUMED
APPROX_BUS_NEG_SCREW_3,015,03_POWER_SYSTEM,ASSUMED
APPROX_BUS_NEG_SCREW_4,015,03_POWER_SYSTEM,ASSUMED
APPROX_BUS_NEG_SCREW_5,015,03_POWER_SYSTEM,ASSUMED
APPROX_BUS_NEG_SCREW_6,015,03_POWER_SYSTEM,ASSUMED
CUSTOM_FUSE_TIE_0_0,556,03_POWER_SYSTEM,CUSTOM
CUSTOM_FUSE_TIE_0_1,556,03_POWER_SYSTEM,CUSTOM
CUSTOM_FUSE_TIE_1_0,556,03_POWER_SYSTEM,CUSTOM
CUSTOM_FUSE_TIE_1_1,556,03_POWER_SYSTEM,CUSTOM
PHOTO_BASED_BOOST_190W,017,03_POWER_SYSTEM,SELLER_DIMENSION
BOOST_GROMMET_IN_POS,017,03_POWER_SYSTEM,PHOTO_ESTIMATE
BOOST_GROMMET_IN_NEG,017,03_POWER_SYSTEM,PHOTO_ESTIMATE
BOOST_GROMMET_OUT_POS,017,03_POWER_SYSTEM,PHOTO_ESTIMATE
BOOST_GROMMET_OUT_NEG,017,03_POWER_SYSTEM,PHOTO_ESTIMATE
CUSTOM_BOOST_BASE,126,01_FRAME,CUSTOM
CUSTOM_BOOST_STRAP_0,551,03_POWER_SYSTEM,CUSTOM
CUSTOM_BOOST_STRAP_1,551,03_POWER_SYSTEM,CUSTOM
PHOTO_BASED_SZH_JA020_BASE,010,03_POWER_SYSTEM,SELLER_DIMENSION
PHOTO_BASED_FUSEBLOCK_COVER,010,03_POWER_SYSTEM,PHOTO_ESTIMATE
DRAWING_BASED_ATO_FUSE_0,010,03_POWER_SYSTEM,DATASHEET
DRAWING_BASED_ATO_FUSE_1,010,03_POWER_SYSTEM,DATASHEET
DRAWING_BASED_ATO_FUSE_2,010,03_POWER_SYSTEM,DATASHEET
DRAWING_BASED_ATO_FUSE_3,010,03_POWER_SYSTEM,DATASHEET
CUSTOM_FUSEBLOCK_TRAY,127,01_FRAME,CUSTOM
PHOTO_BASED_RELAY_12V40A,013,03_POWER_SYSTEM,PHOTO_ESTIMATE
PHOTO_BASED_RELAY_SOCKET,013,03_POWER_SYSTEM,PHOTO_ESTIMATE
DRAWING_BASED_1N4007,013,03_POWER_SYSTEM,DATASHEET
PHOTO_BASED_MAIN_ROCKER,019,03_POWER_SYSTEM,PHOTO_ESTIMATE
DRAWING_BASED_760K_BARREL,561,03_POWER_SYSTEM,DATASHEET
DRAWING_BASED_760K_HANDLE,562,03_POWER_SYSTEM,DATASHEET
PHOTO_BASED_760K_RING,574,03_POWER_SYSTEM,PHOTO_ESTIMATE
CUSTOM_BOOST_M3_POST_0,501,08_FASTENERS,ASSUMED
BOOST_POST_TOP_0,516,08_FASTENERS,DATASHEET
BOOST_POST_LOW_0,516,08_FASTENERS,DATASHEET
CUSTOM_BOOST_M3_POST_1,501,08_FASTENERS,ASSUMED
BOOST_POST_TOP_1,516,08_FASTENERS,DATASHEET
BOOST_POST_LOW_1,516,08_FASTENERS,DATASHEET
CUSTOM_BOOST_M3_POST_2,501,08_FASTENERS,ASSUMED
BOOST_POST_TOP_2,516,08_FASTENERS,DATASHEET
BOOST_POST_LOW_2,516,08_FASTENERS,DATASHEET
CUSTOM_BOOST_M3_POST_3,501,08_FASTENERS,ASSUMED
BOOST_POST_TOP_3,516,08_FASTENERS,DATASHEET
BOOST_POST_LOW_3,516,08_FASTENERS,DATASHEET
CUSTOM_FUSEBLOCK_M3_POST_0,502,08_FASTENERS,ASSUMED
FUSEBLOCK_POST_TOP_0,516,08_FASTENERS,DATASHEET
FUSEBLOCK_POST_LOW_0,516,08_FASTENERS,DATASHEET
CUSTOM_FUSEBLOCK_M3_POST_1,502,08_FASTENERS,ASSUMED
FUSEBLOCK_POST_TOP_1,516,08_FASTENERS,DATASHEET
FUSEBLOCK_POST_LOW_1,516,08_FASTENERS,DATASHEET
CUSTOM_FUSEBLOCK_M3_POST_2,502,08_FASTENERS,ASSUMED
FUSEBLOCK_POST_TOP_2,516,08_FASTENERS,DATASHEET
FUSEBLOCK_POST_LOW_2,516,08_FASTENERS,DATASHEET
CUSTOM_FUSEBLOCK_M3_POST_3,502,08_FASTENERS,ASSUMED
FUSEBLOCK_POST_TOP_3,516,08_FASTENERS,DATASHEET
FUSEBLOCK_POST_LOW_3,516,08_FASTENERS,DATASHEET
CUSTOM_JETSON_BASE_RETAINER_LEFT,128,04_COMPUTE,CUSTOM
CUSTOM_JETSON_BASE_RETAINER_RIGHT,129,04_COMPUTE,CUSTOM
MEDIUM_SIDE_0_0,523,08_FASTENERS,DATASHEET
MEDIUM_SIDE_N_0_0,522,08_FASTENERS,DATASHEET
MEDIUM_SIDE_0_1,523,08_FASTENERS,DATASHEET
MEDIUM_SIDE_N_0_1,522,08_FASTENERS,DATASHEET
MEDIUM_SIDE_0_2,523,08_FASTENERS,DATASHEET
MEDIUM_SIDE_N_0_2,522,08_FASTENERS,DATASHEET
MEDIUM_SIDE_0_3,523,08_FASTENERS,DATASHEET
MEDIUM_SIDE_N_0_3,522,08_FASTENERS,DATASHEET
MEDIUM_SIDE_1_0,523,08_FASTENERS,DATASHEET
MEDIUM_SIDE_N_1_0,522,08_FASTENERS,DATASHEET
MEDIUM_SIDE_1_1,523,08_FASTENERS,DATASHEET
MEDIUM_SIDE_N_1_1,522,08_FASTENERS,DATASHEET
MEDIUM_SIDE_1_2,523,08_FASTENERS,DATASHEET
MEDIUM_SIDE_N_1_2,522,08_FASTENERS,DATASHEET
MEDIUM_SIDE_1_3,523,08_FASTENERS,DATASHEET
MEDIUM_SIDE_N_1_3,522,08_FASTENERS,DATASHEET
MEDIUM_SIDE_2_0,523,08_FASTENERS,DATASHEET
MEDIUM_SIDE_N_2_0,522,08_FASTENERS,DATASHEET
MEDIUM_SIDE_2_1,523,08_FASTENERS,DATASHEET
MEDIUM_SIDE_N_2_1,522,08_FASTENERS,DATASHEET
MEDIUM_SIDE_2_2,523,08_FASTENERS,DATASHEET
MEDIUM_SIDE_N_2_2,522,08_FASTENERS,DATASHEET
MEDIUM_SIDE_2_3,523,08_FASTENERS,DATASHEET
MEDIUM_SIDE_N_2_3,522,08_FASTENERS,DATASHEET
MEDIUM_SIDE_3_0,523,08_FASTENERS,DATASHEET
MEDIUM_SIDE_N_3_0,522,08_FASTENERS,DATASHEET
MEDIUM_SIDE_3_1,523,08_FASTENERS,DATASHEET
MEDIUM_SIDE_N_3_1,522,08_FASTENERS,DATASHEET
MEDIUM_SIDE_3_2,523,08_FASTENERS,DATASHEET
MEDIUM_SIDE_N_3_2,522,08_FASTENERS,DATASHEET
MEDIUM_SIDE_3_3,523,08_FASTENERS,DATASHEET
MEDIUM_SIDE_N_3_3,522,08_FASTENERS,DATASHEET
APPROX_BACKPLANE_L_0,534,01_FRAME,PHOTO_ESTIMATE
BP_FLOOR_0_0,523,08_FASTENERS,DATASHEET
BP_FLOOR_N_0_0,522,08_FASTENERS,DATASHEET
BP_WALL_0_0,523,08_FASTENERS,DATASHEET
BP_WALL_N_0_0,522,08_FASTENERS,DATASHEET
BP_FLOOR_0_1,523,08_FASTENERS,DATASHEET
BP_FLOOR_N_0_1,522,08_FASTENERS,DATASHEET
BP_WALL_0_1,523,08_FASTENERS,DATASHEET
BP_WALL_N_0_1,522,08_FASTENERS,DATASHEET
APPROX_BACKPLANE_L_1,534,01_FRAME,PHOTO_ESTIMATE
BP_FLOOR_1_0,523,08_FASTENERS,DATASHEET
BP_FLOOR_N_1_0,522,08_FASTENERS,DATASHEET
BP_WALL_1_0,523,08_FASTENERS,DATASHEET
BP_WALL_N_1_0,522,08_FASTENERS,DATASHEET
BP_FLOOR_1_1,523,08_FASTENERS,DATASHEET
BP_FLOOR_N_1_1,522,08_FASTENERS,DATASHEET
BP_WALL_1_1,523,08_FASTENERS,DATASHEET
BP_WALL_N_1_1,522,08_FASTENERS,DATASHEET
FUSE_SHELF_0_SPACER,533,08_FASTENERS,ASSUMED
FUSE_SHELF_0_TOP,516,08_FASTENERS,DATASHEET
FUSE_SHELF_0_LOWER,516,08_FASTENERS,DATASHEET
FUSE_SHELF_1_SPACER,533,08_FASTENERS,ASSUMED
FUSE_SHELF_1_TOP,516,08_FASTENERS,DATASHEET
FUSE_SHELF_1_LOWER,516,08_FASTENERS,DATASHEET
FUSE_SHELF_2_SPACER,533,08_FASTENERS,ASSUMED
FUSE_SHELF_2_TOP,516,08_FASTENERS,DATASHEET
FUSE_SHELF_2_LOWER,516,08_FASTENERS,DATASHEET
FUSE_SHELF_3_SPACER,533,08_FASTENERS,ASSUMED
FUSE_SHELF_3_TOP,516,08_FASTENERS,DATASHEET
FUSE_SHELF_3_LOWER,516,08_FASTENERS,DATASHEET
BUS_FIX_POS_0,519,08_FASTENERS,DATASHEET
BUS_FIX_N_POS_0,512,08_FASTENERS,DATASHEET
BUS_FIX_POS_1,519,08_FASTENERS,DATASHEET
BUS_FIX_N_POS_1,512,08_FASTENERS,DATASHEET
BUS_FIX_NEG_0,519,08_FASTENERS,DATASHEET
BUS_FIX_N_NEG_0,512,08_FASTENERS,DATASHEET
BUS_FIX_NEG_1,519,08_FASTENERS,DATASHEET
BUS_FIX_N_NEG_1,512,08_FASTENERS,DATASHEET
CUSTOM_HUB_PAD,557,04_COMPUTE,CUSTOM
HUB_TRAY_0,519,08_FASTENERS,DATASHEET
HUB_TRAY_N0,512,08_FASTENERS,DATASHEET
HUB_TRAY_1,519,08_FASTENERS,DATASHEET
HUB_TRAY_N1,512,08_FASTENERS,DATASHEET
HUB_TRAY_2,519,08_FASTENERS,DATASHEET
HUB_TRAY_N2,512,08_FASTENERS,DATASHEET
HUB_TRAY_3,519,08_FASTENERS,DATASHEET
HUB_TRAY_N3,512,08_FASTENERS,DATASHEET
CUSTOM_RELAY_TRAY,130,01_FRAME,CUSTOM
RELAY_TRAY_0_SPACER,532,08_FASTENERS,ASSUMED
RELAY_TRAY_0_TOP,516,08_FASTENERS,DATASHEET
RELAY_TRAY_0_LOWER,516,08_FASTENERS,DATASHEET
RELAY_TRAY_1_SPACER,532,08_FASTENERS,ASSUMED
RELAY_TRAY_1_TOP,516,08_FASTENERS,DATASHEET
RELAY_TRAY_1_LOWER,516,08_FASTENERS,DATASHEET
RELAY_TRAY_2_SPACER,532,08_FASTENERS,ASSUMED
RELAY_TRAY_2_TOP,516,08_FASTENERS,DATASHEET
RELAY_TRAY_2_LOWER,516,08_FASTENERS,DATASHEET
RELAY_TRAY_3_SPACER,532,08_FASTENERS,ASSUMED
RELAY_TRAY_3_TOP,516,08_FASTENERS,DATASHEET
RELAY_TRAY_3_LOWER,516,08_FASTENERS,DATASHEET
CUSTOM_RELAY_STRAP_0,560,03_POWER_SYSTEM,CUSTOM
CUSTOM_RELAY_STRAP_1,560,03_POWER_SYSTEM,CUSTOM
CUSTOM_FUSEBLOCK_STRAP_0,555,03_POWER_SYSTEM,CUSTOM
CUSTOM_FUSEBLOCK_STRAP_1,555,03_POWER_SYSTEM,CUSTOM
JETSON_CLAMP_LEFT0,510,08_FASTENERS,DATASHEET
JETSON_CLAMP_LEFT1,510,08_FASTENERS,DATASHEET
JETSON_CLAMP_RIGHT0,510,08_FASTENERS,DATASHEET
JETSON_CLAMP_RIGHT1,510,08_FASTENERS,DATASHEET
CUSTOM_CAMERA_BASE,131,01_FRAME,CUSTOM
CAM_BASE_0,518,08_FASTENERS,DATASHEET
CAM_BASE_N0,512,08_FASTENERS,DATASHEET
CAM_BASE_1,518,08_FASTENERS,DATASHEET
CAM_BASE_N1,512,08_FASTENERS,DATASHEET
CAM_BASE_2,518,08_FASTENERS,DATASHEET
CAM_BASE_N2,512,08_FASTENERS,DATASHEET
CAM_BASE_3,518,08_FASTENERS,DATASHEET
CAM_BASE_N3,512,08_FASTENERS,DATASHEET
CUSTOM_PAN_SERVO_MOUNT,132,01_FRAME,CUSTOM
PAN_SUPPORT_0_SPACER,531,08_FASTENERS,ASSUMED
PAN_SUPPORT_0_TOP,516,08_FASTENERS,DATASHEET
PAN_SUPPORT_0_LOWER,516,08_FASTENERS,DATASHEET
PAN_SUPPORT_1_SPACER,531,08_FASTENERS,ASSUMED
PAN_SUPPORT_1_TOP,516,08_FASTENERS,DATASHEET
PAN_SUPPORT_1_LOWER,516,08_FASTENERS,DATASHEET
PAN_SUPPORT_2_SPACER,531,08_FASTENERS,ASSUMED
PAN_SUPPORT_2_TOP,516,08_FASTENERS,DATASHEET
PAN_SUPPORT_2_LOWER,516,08_FASTENERS,DATASHEET
PAN_SUPPORT_3_SPACER,531,08_FASTENERS,ASSUMED
PAN_SUPPORT_3_TOP,516,08_FASTENERS,DATASHEET
PAN_SUPPORT_3_LOWER,516,08_FASTENERS,DATASHEET
PHOTO_BASED_MG90S_PAN_HORN,025,07_CAMERA_SYSTEM,PHOTO_ESTIMATE
CUSTOM_PAN_YOKE,133,07_CAMERA_SYSTEM,CUSTOM
CUSTOM_PAN_ARM_LEFT,134,07_CAMERA_SYSTEM,CUSTOM
APPROX_CAM_L_LEFT,135,01_FRAME,MODIFIED_STOCK_BRACKET
CAM_L_LEFT_F0,523,08_FASTENERS,DATASHEET
CAM_L_LEFT_FN0,522,08_FASTENERS,DATASHEET
CAM_L_LEFT_V0,523,08_FASTENERS,DATASHEET
CAM_L_LEFT_VN0,522,08_FASTENERS,DATASHEET
CAM_L_LEFT_F1,523,08_FASTENERS,DATASHEET
CAM_L_LEFT_FN1,522,08_FASTENERS,DATASHEET
CAM_L_LEFT_V1,523,08_FASTENERS,DATASHEET
CAM_L_LEFT_VN1,522,08_FASTENERS,DATASHEET
CUSTOM_PAN_ARM_RIGHT,136,07_CAMERA_SYSTEM,CUSTOM
APPROX_CAM_L_RIGHT,137,01_FRAME,MODIFIED_STOCK_BRACKET
CAM_L_RIGHT_F0,523,08_FASTENERS,DATASHEET
CAM_L_RIGHT_FN0,522,08_FASTENERS,DATASHEET
CAM_L_RIGHT_V0,523,08_FASTENERS,DATASHEET
CAM_L_RIGHT_VN0,522,08_FASTENERS,DATASHEET
CAM_L_RIGHT_F1,523,08_FASTENERS,DATASHEET
CAM_L_RIGHT_FN1,522,08_FASTENERS,DATASHEET
CAM_L_RIGHT_V1,523,08_FASTENERS,DATASHEET
CAM_L_RIGHT_VN1,522,08_FASTENERS,DATASHEET
PHOTO_BASED_MG90S_TILT_HORN,026,07_CAMERA_SYSTEM,PHOTO_ESTIMATE
CUSTOM_TILT_SERVO_MOUNT,138,07_CAMERA_SYSTEM,CUSTOM
TILT_MOUNT_SP_0_0,529,08_FASTENERS,CUSTOM
TILT_MOUNT_N_0_0,512,08_FASTENERS,DATASHEET
TILT_MOUNT_SP_0_1,529,08_FASTENERS,CUSTOM
TILT_MOUNT_N_0_1,512,08_FASTENERS,DATASHEET
TILT_MOUNT_SP_1_0,529,08_FASTENERS,CUSTOM
TILT_MOUNT_N_1_0,512,08_FASTENERS,DATASHEET
TILT_MOUNT_SP_1_1,529,08_FASTENERS,CUSTOM
TILT_MOUNT_N_1_1,512,08_FASTENERS,DATASHEET
CUSTOM_TILT_CHEEK_LEFT,139,07_CAMERA_SYSTEM,CUSTOM
CUSTOM_TILT_CHEEK_RIGHT,140,07_CAMERA_SYSTEM,CUSTOM
CUSTOM_C920_SADDLE,141,07_CAMERA_SYSTEM,CUSTOM
CUSTOM_TILT_CORNER_LEFT0,142,10_CUSTOM_PARTS,CUSTOM
CUSTOM_TILT_CORNER_LEFT0_F,519,08_FASTENERS,DATASHEET
CUSTOM_TILT_CORNER_LEFT0_V,519,08_FASTENERS,DATASHEET
CUSTOM_TILT_CORNER_LEFT1,143,10_CUSTOM_PARTS,CUSTOM
CUSTOM_TILT_CORNER_LEFT1_F,519,08_FASTENERS,DATASHEET
CUSTOM_TILT_CORNER_LEFT1_V,519,08_FASTENERS,DATASHEET
CUSTOM_TILT_CORNER_RIGHT0,144,10_CUSTOM_PARTS,CUSTOM
CUSTOM_TILT_CORNER_RIGHT0_F,519,08_FASTENERS,DATASHEET
CUSTOM_TILT_CORNER_RIGHT0_V,519,08_FASTENERS,DATASHEET
CUSTOM_TILT_CORNER_RIGHT1,145,10_CUSTOM_PARTS,CUSTOM
CUSTOM_TILT_CORNER_RIGHT1_F,519,08_FASTENERS,DATASHEET
CUSTOM_TILT_CORNER_RIGHT1_V,519,08_FASTENERS,DATASHEET
CUSTOM_C920_PAD,552,07_CAMERA_SYSTEM,CUSTOM
CUSTOM_C920_STRAP_0,553,07_CAMERA_SYSTEM,CUSTOM
CUSTOM_C920_STRAP_1,553,07_CAMERA_SYSTEM,CUSTOM
CUSTOM_TILT_BUSH_LEFT,146,10_CUSTOM_PARTS,CUSTOM
TILT_AXIS_LEFT,524,08_FASTENERS,DATASHEET
CUSTOM_THERMAL_MOUNT,147,07_CAMERA_SYSTEM,CUSTOM
CUSTOM_THERMAL_ANGLE_0,148,10_CUSTOM_PARTS,CUSTOM
CUSTOM_THERMAL_ANGLE_1,149,10_CUSTOM_PARTS,CUSTOM
CUSTOM_THERMAL_EDGE_0,150,10_CUSTOM_PARTS,CUSTOM
CUSTOM_THERMAL_EDGE_1,151,10_CUSTOM_PARTS,CUSTOM
LIDAR_SP_45,514,08_FASTENERS,ASSUMED
LIDAR_B_45,517,08_FASTENERS,DATASHEET
LIDAR_SP_135,514,08_FASTENERS,ASSUMED
LIDAR_B_135,517,08_FASTENERS,DATASHEET
LIDAR_SP_225,514,08_FASTENERS,ASSUMED
LIDAR_B_225,517,08_FASTENERS,DATASHEET
LIDAR_SP_315,514,08_FASTENERS,ASSUMED
LIDAR_B_315,517,08_FASTENERS,DATASHEET
DRAWING_BASED_A2M12_BASE,005,06_SENSORS,MANUFACTURER_DRAWING
DRAWING_BASED_A2M12_TURRET,005,06_SENSORS,MANUFACTURER_DRAWING
PHOTO_BASED_A2M12_WINDOW,005,06_SENSORS,PHOTO_ESTIMATE
CUSTOM_FRONT_BUMPER,152,10_CUSTOM_PARTS,CUSTOM
CUSTOM_FRONT_STRIKER,153,10_CUSTOM_PARTS,CUSTOM
FRONT_FOOT_0_-62.16043171125121,525,08_FASTENERS,DATASHEET
FRONT_FOOT_W_0_-62.16043171125121,527,08_FASTENERS,DATASHEET
FRONT_FOOT_N_0_-62.16043171125121,522,08_FASTENERS,DATASHEET
FRONT_FOOT_0_-46.16043171125121,525,08_FASTENERS,DATASHEET
FRONT_FOOT_W_0_-46.16043171125121,527,08_FASTENERS,DATASHEET
FRONT_FOOT_N_0_-46.16043171125121,522,08_FASTENERS,DATASHEET
CUSTOM_FRONT_GUIDE_FOOT_0,154,10_CUSTOM_PARTS,CUSTOM
CUSTOM_FRONT_GUIDE_HANGER_0,155,10_CUSTOM_PARTS,CUSTOM
CUSTOM_FRONT_GUIDE_ANGLE_0,156,10_CUSTOM_PARTS,CUSTOM
FRONT_A_F_0_0,517,08_FASTENERS,DATASHEET
FRONT_A_FN_0_0,512,08_FASTENERS,DATASHEET
FRONT_A_V_0_0,517,08_FASTENERS,DATASHEET
FRONT_A_VN_0_0,512,08_FASTENERS,DATASHEET
FRONT_A_F_0_1,517,08_FASTENERS,DATASHEET
FRONT_A_FN_0_1,512,08_FASTENERS,DATASHEET
FRONT_A_V_0_1,517,08_FASTENERS,DATASHEET
FRONT_A_VN_0_1,512,08_FASTENERS,DATASHEET
DRAWING_BASED_FRONT_GUIDE_ROD_0,564,06_SENSORS,ASSUMED
CUSTOM_FRONT_GUIDE_BUSH_0,157,10_CUSTOM_PARTS,CUSTOM
CUSTOM_FRONT_STOPPER_0,158,10_CUSTOM_PARTS,CUSTOM
APPROX_FRONT_RETURN_SPRING_0,537,06_SENSORS,ASSUMED
FRONT_FOOT_1_46.16043171125121,525,08_FASTENERS,DATASHEET
FRONT_FOOT_W_1_46.16043171125121,527,08_FASTENERS,DATASHEET
FRONT_FOOT_N_1_46.16043171125121,522,08_FASTENERS,DATASHEET
FRONT_FOOT_1_62.16043171125121,525,08_FASTENERS,DATASHEET
FRONT_FOOT_W_1_62.16043171125121,527,08_FASTENERS,DATASHEET
FRONT_FOOT_N_1_62.16043171125121,522,08_FASTENERS,DATASHEET
CUSTOM_FRONT_GUIDE_FOOT_1,159,10_CUSTOM_PARTS,CUSTOM
CUSTOM_FRONT_GUIDE_HANGER_1,160,10_CUSTOM_PARTS,CUSTOM
CUSTOM_FRONT_GUIDE_ANGLE_1,161,10_CUSTOM_PARTS,CUSTOM
FRONT_A_F_1_0,517,08_FASTENERS,DATASHEET
FRONT_A_FN_1_0,512,08_FASTENERS,DATASHEET
FRONT_A_V_1_0,517,08_FASTENERS,DATASHEET
FRONT_A_VN_1_0,512,08_FASTENERS,DATASHEET
FRONT_A_F_1_1,517,08_FASTENERS,DATASHEET
FRONT_A_FN_1_1,512,08_FASTENERS,DATASHEET
FRONT_A_V_1_1,517,08_FASTENERS,DATASHEET
FRONT_A_VN_1_1,512,08_FASTENERS,DATASHEET
DRAWING_BASED_FRONT_GUIDE_ROD_1,564,06_SENSORS,ASSUMED
CUSTOM_FRONT_GUIDE_BUSH_1,162,10_CUSTOM_PARTS,CUSTOM
CUSTOM_FRONT_STOPPER_1,163,10_CUSTOM_PARTS,CUSTOM
APPROX_FRONT_RETURN_SPRING_1,537,06_SENSORS,ASSUMED
CUSTOM_FRONT_SWITCH_BRACKET,164,10_CUSTOM_PARTS,CUSTOM
FRONT_SW_FOOT-14,519,08_FASTENERS,DATASHEET
FRONT_SW_FOOTN-14,512,08_FASTENERS,DATASHEET
FRONT_SW_FOOT14,519,08_FASTENERS,DATASHEET
FRONT_SW_FOOTN14,512,08_FASTENERS,DATASHEET
CUSTOM_FRONT_SWITCH_FOOT,165,10_CUSTOM_PARTS,CUSTOM
CUSTOM_FRONT_SWITCH_ANGLE,166,10_CUSTOM_PARTS,CUSTOM
FRONT_SW_B-11,507,08_FASTENERS,DATASHEET
FRONT_SW_N-11,504,08_FASTENERS,DATASHEET
FRONT_SW_B11,507,08_FASTENERS,DATASHEET
FRONT_SW_N11,504,08_FASTENERS,DATASHEET
APPROX_FRONT_V_J166_BODY,027,06_SENSORS,ASSUMED
PHOTO_BASED_FRONT_V_J166_LEVER,027,06_SENSORS,PHOTO_ESTIMATE
PHOTO_BASED_FRONT_V_J166_ROLLER,027,06_SENSORS,PHOTO_ESTIMATE
DRAWING_BASED_FRONT_SWITCH_TAB_0,027,06_SENSORS,DATASHEET
OFFICIAL_TE187_FRONT_0,570,06_SENSORS,MANUFACTURER_CAD
DRAWING_BASED_FRONT_SWITCH_TAB_1,027,06_SENSORS,DATASHEET
OFFICIAL_TE187_FRONT_1,570,06_SENSORS,MANUFACTURER_CAD
CUSTOM_FRONT_CORNER_NOSE_-1,167,10_CUSTOM_PARTS,CUSTOM
CUSTOM_FRONT_CORNER_NOSE_1,168,10_CUSTOM_PARTS,CUSTOM
CUSTOM_REAR_BUMPER,169,10_CUSTOM_PARTS,CUSTOM
CUSTOM_REAR_STRIKER,170,10_CUSTOM_PARTS,CUSTOM
REAR_FOOT_0_-62.16043171125121,525,08_FASTENERS,DATASHEET
REAR_FOOT_W_0_-62.16043171125121,527,08_FASTENERS,DATASHEET
REAR_FOOT_N_0_-62.16043171125121,522,08_FASTENERS,DATASHEET
REAR_FOOT_0_-46.16043171125121,525,08_FASTENERS,DATASHEET
REAR_FOOT_W_0_-46.16043171125121,527,08_FASTENERS,DATASHEET
REAR_FOOT_N_0_-46.16043171125121,522,08_FASTENERS,DATASHEET
CUSTOM_REAR_GUIDE_FOOT_0,171,10_CUSTOM_PARTS,CUSTOM
CUSTOM_REAR_GUIDE_HANGER_0,172,10_CUSTOM_PARTS,CUSTOM
CUSTOM_REAR_GUIDE_ANGLE_0,173,10_CUSTOM_PARTS,CUSTOM
REAR_A_F_0_0,517,08_FASTENERS,DATASHEET
REAR_A_FN_0_0,512,08_FASTENERS,DATASHEET
REAR_A_V_0_0,517,08_FASTENERS,DATASHEET
REAR_A_VN_0_0,512,08_FASTENERS,DATASHEET
REAR_A_F_0_1,517,08_FASTENERS,DATASHEET
REAR_A_FN_0_1,512,08_FASTENERS,DATASHEET
REAR_A_V_0_1,517,08_FASTENERS,DATASHEET
REAR_A_VN_0_1,512,08_FASTENERS,DATASHEET
DRAWING_BASED_REAR_GUIDE_ROD_0,567,06_SENSORS,ASSUMED
CUSTOM_REAR_GUIDE_BUSH_0,174,10_CUSTOM_PARTS,CUSTOM
CUSTOM_REAR_STOPPER_0,175,10_CUSTOM_PARTS,CUSTOM
APPROX_REAR_RETURN_SPRING_0,540,06_SENSORS,ASSUMED
REAR_FOOT_1_46.16043171125121,525,08_FASTENERS,DATASHEET
REAR_FOOT_W_1_46.16043171125121,527,08_FASTENERS,DATASHEET
REAR_FOOT_N_1_46.16043171125121,522,08_FASTENERS,DATASHEET
REAR_FOOT_1_62.16043171125121,525,08_FASTENERS,DATASHEET
REAR_FOOT_W_1_62.16043171125121,527,08_FASTENERS,DATASHEET
REAR_FOOT_N_1_62.16043171125121,522,08_FASTENERS,DATASHEET
CUSTOM_REAR_GUIDE_FOOT_1,176,10_CUSTOM_PARTS,CUSTOM
CUSTOM_REAR_GUIDE_HANGER_1,177,10_CUSTOM_PARTS,CUSTOM
CUSTOM_REAR_GUIDE_ANGLE_1,178,10_CUSTOM_PARTS,CUSTOM
REAR_A_F_1_0,517,08_FASTENERS,DATASHEET
REAR_A_FN_1_0,512,08_FASTENERS,DATASHEET
REAR_A_V_1_0,517,08_FASTENERS,DATASHEET
REAR_A_VN_1_0,512,08_FASTENERS,DATASHEET
REAR_A_F_1_1,517,08_FASTENERS,DATASHEET
REAR_A_FN_1_1,512,08_FASTENERS,DATASHEET
REAR_A_V_1_1,517,08_FASTENERS,DATASHEET
REAR_A_VN_1_1,512,08_FASTENERS,DATASHEET
DRAWING_BASED_REAR_GUIDE_ROD_1,567,06_SENSORS,ASSUMED
CUSTOM_REAR_GUIDE_BUSH_1,179,10_CUSTOM_PARTS,CUSTOM
CUSTOM_REAR_STOPPER_1,180,10_CUSTOM_PARTS,CUSTOM
APPROX_REAR_RETURN_SPRING_1,540,06_SENSORS,ASSUMED
CUSTOM_REAR_SWITCH_BRACKET,181,10_CUSTOM_PARTS,CUSTOM
REAR_SW_FOOT-14,519,08_FASTENERS,DATASHEET
REAR_SW_FOOTN-14,512,08_FASTENERS,DATASHEET
REAR_SW_FOOT14,519,08_FASTENERS,DATASHEET
REAR_SW_FOOTN14,512,08_FASTENERS,DATASHEET
CUSTOM_REAR_SWITCH_FOOT,182,10_CUSTOM_PARTS,CUSTOM
CUSTOM_REAR_SWITCH_ANGLE,183,10_CUSTOM_PARTS,CUSTOM
REAR_SW_B-11,507,08_FASTENERS,DATASHEET
REAR_SW_N-11,504,08_FASTENERS,DATASHEET
REAR_SW_B11,507,08_FASTENERS,DATASHEET
REAR_SW_N11,504,08_FASTENERS,DATASHEET
APPROX_REAR_V_J166_BODY,028,06_SENSORS,ASSUMED
PHOTO_BASED_REAR_V_J166_LEVER,028,06_SENSORS,PHOTO_ESTIMATE
PHOTO_BASED_REAR_V_J166_ROLLER,028,06_SENSORS,PHOTO_ESTIMATE
DRAWING_BASED_REAR_SWITCH_TAB_0,028,06_SENSORS,DATASHEET
OFFICIAL_TE187_REAR_0,572,06_SENSORS,MANUFACTURER_CAD
DRAWING_BASED_REAR_SWITCH_TAB_1,028,06_SENSORS,DATASHEET
OFFICIAL_TE187_REAR_1,572,06_SENSORS,MANUFACTURER_CAD
CUSTOM_REAR_CORNER_NOSE_-1,184,10_CUSTOM_PARTS,CUSTOM
CUSTOM_REAR_CORNER_NOSE_1,185,10_CUSTOM_PARTS,CUSTOM
CUSTOM_LEFT_BUMPER,186,10_CUSTOM_PARTS,CUSTOM
CUSTOM_LEFT_STRIKER,187,10_CUSTOM_PARTS,CUSTOM
LEFT_FOOT_0_-86.38295281832514,525,08_FASTENERS,DATASHEET
LEFT_FOOT_W_0_-86.38295281832514,527,08_FASTENERS,DATASHEET
LEFT_FOOT_N_0_-86.38295281832514,522,08_FASTENERS,DATASHEET
LEFT_FOOT_0_-70.38295281832514,525,08_FASTENERS,DATASHEET
LEFT_FOOT_W_0_-70.38295281832514,527,08_FASTENERS,DATASHEET
LEFT_FOOT_N_0_-70.38295281832514,522,08_FASTENERS,DATASHEET
CUSTOM_LEFT_GUIDE_FOOT_0,188,10_CUSTOM_PARTS,CUSTOM
CUSTOM_LEFT_GUIDE_HANGER_0,189,10_CUSTOM_PARTS,CUSTOM
CUSTOM_LEFT_GUIDE_ANGLE_0,190,10_CUSTOM_PARTS,CUSTOM
LEFT_A_F_0_0,517,08_FASTENERS,DATASHEET
LEFT_A_FN_0_0,512,08_FASTENERS,DATASHEET
LEFT_A_V_0_0,517,08_FASTENERS,DATASHEET
LEFT_A_VN_0_0,512,08_FASTENERS,DATASHEET
LEFT_A_F_0_1,517,08_FASTENERS,DATASHEET
LEFT_A_FN_0_1,512,08_FASTENERS,DATASHEET
LEFT_A_V_0_1,517,08_FASTENERS,DATASHEET
LEFT_A_VN_0_1,512,08_FASTENERS,DATASHEET
DRAWING_BASED_LEFT_GUIDE_ROD_0,565,06_SENSORS,ASSUMED
CUSTOM_LEFT_GUIDE_BUSH_0,191,10_CUSTOM_PARTS,CUSTOM
CUSTOM_LEFT_STOPPER_0,192,10_CUSTOM_PARTS,CUSTOM
APPROX_LEFT_RETURN_SPRING_0,538,06_SENSORS,ASSUMED
LEFT_FOOT_1_70.38295281832514,525,08_FASTENERS,DATASHEET
LEFT_FOOT_W_1_70.38295281832514,527,08_FASTENERS,DATASHEET
LEFT_FOOT_N_1_70.38295281832514,522,08_FASTENERS,DATASHEET
LEFT_FOOT_1_86.38295281832514,525,08_FASTENERS,DATASHEET
LEFT_FOOT_W_1_86.38295281832514,527,08_FASTENERS,DATASHEET
LEFT_FOOT_N_1_86.38295281832514,522,08_FASTENERS,DATASHEET
CUSTOM_LEFT_GUIDE_FOOT_1,193,10_CUSTOM_PARTS,CUSTOM
CUSTOM_LEFT_GUIDE_HANGER_1,194,10_CUSTOM_PARTS,CUSTOM
CUSTOM_LEFT_GUIDE_ANGLE_1,195,10_CUSTOM_PARTS,CUSTOM
LEFT_A_F_1_0,517,08_FASTENERS,DATASHEET
LEFT_A_FN_1_0,512,08_FASTENERS,DATASHEET
LEFT_A_V_1_0,517,08_FASTENERS,DATASHEET
LEFT_A_VN_1_0,512,08_FASTENERS,DATASHEET
LEFT_A_F_1_1,517,08_FASTENERS,DATASHEET
LEFT_A_FN_1_1,512,08_FASTENERS,DATASHEET
LEFT_A_V_1_1,517,08_FASTENERS,DATASHEET
LEFT_A_VN_1_1,512,08_FASTENERS,DATASHEET
DRAWING_BASED_LEFT_GUIDE_ROD_1,565,06_SENSORS,ASSUMED
CUSTOM_LEFT_GUIDE_BUSH_1,196,10_CUSTOM_PARTS,CUSTOM
CUSTOM_LEFT_STOPPER_1,197,10_CUSTOM_PARTS,CUSTOM
APPROX_LEFT_RETURN_SPRING_1,538,06_SENSORS,ASSUMED
CUSTOM_LEFT_SWITCH_BRACKET,198,10_CUSTOM_PARTS,CUSTOM
LEFT_SW_FOOT-14,519,08_FASTENERS,DATASHEET
LEFT_SW_FOOTN-14,512,08_FASTENERS,DATASHEET
LEFT_SW_FOOT14,519,08_FASTENERS,DATASHEET
LEFT_SW_FOOTN14,512,08_FASTENERS,DATASHEET
CUSTOM_LEFT_SWITCH_FOOT,199,10_CUSTOM_PARTS,CUSTOM
CUSTOM_LEFT_SWITCH_ANGLE,200,10_CUSTOM_PARTS,CUSTOM
LEFT_SW_B-11,507,08_FASTENERS,DATASHEET
LEFT_SW_N-11,504,08_FASTENERS,DATASHEET
LEFT_SW_B11,507,08_FASTENERS,DATASHEET
LEFT_SW_N11,504,08_FASTENERS,DATASHEET
APPROX_LEFT_V_J166_BODY,029,06_SENSORS,ASSUMED
PHOTO_BASED_LEFT_V_J166_LEVER,029,06_SENSORS,PHOTO_ESTIMATE
PHOTO_BASED_LEFT_V_J166_ROLLER,029,06_SENSORS,PHOTO_ESTIMATE
DRAWING_BASED_LEFT_SWITCH_TAB_0,029,06_SENSORS,DATASHEET
OFFICIAL_TE187_LEFT_0,571,06_SENSORS,MANUFACTURER_CAD
DRAWING_BASED_LEFT_SWITCH_TAB_1,029,06_SENSORS,DATASHEET
OFFICIAL_TE187_LEFT_1,571,06_SENSORS,MANUFACTURER_CAD
CUSTOM_RIGHT_BUMPER,201,10_CUSTOM_PARTS,CUSTOM
CUSTOM_RIGHT_STRIKER,202,10_CUSTOM_PARTS,CUSTOM
RIGHT_FOOT_0_-86.38295281832514,525,08_FASTENERS,DATASHEET
RIGHT_FOOT_W_0_-86.38295281832514,527,08_FASTENERS,DATASHEET
RIGHT_FOOT_N_0_-86.38295281832514,522,08_FASTENERS,DATASHEET
RIGHT_FOOT_0_-70.38295281832514,525,08_FASTENERS,DATASHEET
RIGHT_FOOT_W_0_-70.38295281832514,527,08_FASTENERS,DATASHEET
RIGHT_FOOT_N_0_-70.38295281832514,522,08_FASTENERS,DATASHEET
CUSTOM_RIGHT_GUIDE_FOOT_0,203,10_CUSTOM_PARTS,CUSTOM
CUSTOM_RIGHT_GUIDE_HANGER_0,204,10_CUSTOM_PARTS,CUSTOM
CUSTOM_RIGHT_GUIDE_ANGLE_0,205,10_CUSTOM_PARTS,CUSTOM
RIGHT_A_F_0_0,517,08_FASTENERS,DATASHEET
RIGHT_A_FN_0_0,512,08_FASTENERS,DATASHEET
RIGHT_A_V_0_0,517,08_FASTENERS,DATASHEET
RIGHT_A_VN_0_0,512,08_FASTENERS,DATASHEET
RIGHT_A_F_0_1,517,08_FASTENERS,DATASHEET
RIGHT_A_FN_0_1,512,08_FASTENERS,DATASHEET
RIGHT_A_V_0_1,517,08_FASTENERS,DATASHEET
RIGHT_A_VN_0_1,512,08_FASTENERS,DATASHEET
DRAWING_BASED_RIGHT_GUIDE_ROD_0,568,06_SENSORS,ASSUMED
CUSTOM_RIGHT_GUIDE_BUSH_0,206,10_CUSTOM_PARTS,CUSTOM
CUSTOM_RIGHT_STOPPER_0,207,10_CUSTOM_PARTS,CUSTOM
APPROX_RIGHT_RETURN_SPRING_0,541,06_SENSORS,ASSUMED
RIGHT_FOOT_1_70.38295281832514,525,08_FASTENERS,DATASHEET
RIGHT_FOOT_W_1_70.38295281832514,527,08_FASTENERS,DATASHEET
RIGHT_FOOT_N_1_70.38295281832514,522,08_FASTENERS,DATASHEET
RIGHT_FOOT_1_86.38295281832514,525,08_FASTENERS,DATASHEET
RIGHT_FOOT_W_1_86.38295281832514,527,08_FASTENERS,DATASHEET
RIGHT_FOOT_N_1_86.38295281832514,522,08_FASTENERS,DATASHEET
CUSTOM_RIGHT_GUIDE_FOOT_1,208,10_CUSTOM_PARTS,CUSTOM
CUSTOM_RIGHT_GUIDE_HANGER_1,209,10_CUSTOM_PARTS,CUSTOM
CUSTOM_RIGHT_GUIDE_ANGLE_1,210,10_CUSTOM_PARTS,CUSTOM
RIGHT_A_F_1_0,517,08_FASTENERS,DATASHEET
RIGHT_A_FN_1_0,512,08_FASTENERS,DATASHEET
RIGHT_A_V_1_0,517,08_FASTENERS,DATASHEET
RIGHT_A_VN_1_0,512,08_FASTENERS,DATASHEET
RIGHT_A_F_1_1,517,08_FASTENERS,DATASHEET
RIGHT_A_FN_1_1,512,08_FASTENERS,DATASHEET
RIGHT_A_V_1_1,517,08_FASTENERS,DATASHEET
RIGHT_A_VN_1_1,512,08_FASTENERS,DATASHEET
DRAWING_BASED_RIGHT_GUIDE_ROD_1,568,06_SENSORS,ASSUMED
CUSTOM_RIGHT_GUIDE_BUSH_1,211,10_CUSTOM_PARTS,CUSTOM
CUSTOM_RIGHT_STOPPER_1,212,10_CUSTOM_PARTS,CUSTOM
APPROX_RIGHT_RETURN_SPRING_1,541,06_SENSORS,ASSUMED
CUSTOM_RIGHT_SWITCH_BRACKET,213,10_CUSTOM_PARTS,CUSTOM
RIGHT_SW_FOOT-14,519,08_FASTENERS,DATASHEET
RIGHT_SW_FOOTN-14,512,08_FASTENERS,DATASHEET
RIGHT_SW_FOOT14,519,08_FASTENERS,DATASHEET
RIGHT_SW_FOOTN14,512,08_FASTENERS,DATASHEET
CUSTOM_RIGHT_SWITCH_FOOT,214,10_CUSTOM_PARTS,CUSTOM
CUSTOM_RIGHT_SWITCH_ANGLE,215,10_CUSTOM_PARTS,CUSTOM
RIGHT_SW_B-11,507,08_FASTENERS,DATASHEET
RIGHT_SW_N-11,504,08_FASTENERS,DATASHEET
RIGHT_SW_B11,507,08_FASTENERS,DATASHEET
RIGHT_SW_N11,504,08_FASTENERS,DATASHEET
APPROX_RIGHT_V_J166_BODY,030,06_SENSORS,ASSUMED
PHOTO_BASED_RIGHT_V_J166_LEVER,030,06_SENSORS,PHOTO_ESTIMATE
PHOTO_BASED_RIGHT_V_J166_ROLLER,030,06_SENSORS,PHOTO_ESTIMATE
DRAWING_BASED_RIGHT_SWITCH_TAB_0,030,06_SENSORS,DATASHEET
OFFICIAL_TE187_RIGHT_0,573,06_SENSORS,MANUFACTURER_CAD
DRAWING_BASED_RIGHT_SWITCH_TAB_1,030,06_SENSORS,DATASHEET
OFFICIAL_TE187_RIGHT_1,573,06_SENSORS,MANUFACTURER_CAD
COMMUNITY_C920_0,003,07_CAMERA_SYSTEM,COMMUNITY_CAD
COMMUNITY_C920_1,003,07_CAMERA_SYSTEM,COMMUNITY_CAD
COMMUNITY_C920_2,003,07_CAMERA_SYSTEM,COMMUNITY_CAD
COMMUNITY_C920_3,003,07_CAMERA_SYSTEM,COMMUNITY_CAD
COMMUNITY_C920_4,003,07_CAMERA_SYSTEM,COMMUNITY_CAD
COMMUNITY_C920_5,003,07_CAMERA_SYSTEM,COMMUNITY_CAD
COMMUNITY_C920_6,003,07_CAMERA_SYSTEM,COMMUNITY_CAD
COMMUNITY_MG90S_PAN_0,023,07_CAMERA_SYSTEM,COMMUNITY_CAD
COMMUNITY_MG90S_TILT_0,024,07_CAMERA_SYSTEM,COMMUNITY_CAD
ADAPTED_ESP32_38PIN_0,006,05_CONTROL_ELECTRONICS,ADAPTED_COMMUNITY_CAD
ADAPTED_ESP32_38PIN_1,006,05_CONTROL_ELECTRONICS,ADAPTED_COMMUNITY_CAD
ADAPTED_ESP32_38PIN_2,006,05_CONTROL_ELECTRONICS,ADAPTED_COMMUNITY_CAD
ADAPTED_ESP32_38PIN_4,006,05_CONTROL_ELECTRONICS,ADAPTED_COMMUNITY_CAD
ADAPTED_ESP32_38PIN_5,006,05_CONTROL_ELECTRONICS,ADAPTED_COMMUNITY_CAD
STANDARD_ESP32_USB_C_SHELL,006,05_CONTROL_ELECTRONICS,STANDARD_RECONSTRUCTION
STANDARD_ESP32_USB_C_TONGUE,006,05_CONTROL_ELECTRONICS,STANDARD_RECONSTRUCTION
STANDARD_USB_C_CONTACT_0_272.9,006,05_CONTROL_ELECTRONICS,STANDARD_RECONSTRUCTION
STANDARD_USB_C_CONTACT_0_273.5,006,05_CONTROL_ELECTRONICS,STANDARD_RECONSTRUCTION
STANDARD_USB_C_CONTACT_1_272.9,006,05_CONTROL_ELECTRONICS,STANDARD_RECONSTRUCTION
STANDARD_USB_C_CONTACT_1_273.5,006,05_CONTROL_ELECTRONICS,STANDARD_RECONSTRUCTION
STANDARD_USB_C_CONTACT_2_272.9,006,05_CONTROL_ELECTRONICS,STANDARD_RECONSTRUCTION
STANDARD_USB_C_CONTACT_2_273.5,006,05_CONTROL_ELECTRONICS,STANDARD_RECONSTRUCTION
STANDARD_USB_C_CONTACT_3_272.9,006,05_CONTROL_ELECTRONICS,STANDARD_RECONSTRUCTION
STANDARD_USB_C_CONTACT_3_273.5,006,05_CONTROL_ELECTRONICS,STANDARD_RECONSTRUCTION
STANDARD_USB_C_CONTACT_4_272.9,006,05_CONTROL_ELECTRONICS,STANDARD_RECONSTRUCTION
STANDARD_USB_C_CONTACT_4_273.5,006,05_CONTROL_ELECTRONICS,STANDARD_RECONSTRUCTION
STANDARD_USB_C_CONTACT_5_272.9,006,05_CONTROL_ELECTRONICS,STANDARD_RECONSTRUCTION
STANDARD_USB_C_CONTACT_5_273.5,006,05_CONTROL_ELECTRONICS,STANDARD_RECONSTRUCTION
STANDARD_USB_C_CONTACT_6_272.9,006,05_CONTROL_ELECTRONICS,STANDARD_RECONSTRUCTION
STANDARD_USB_C_CONTACT_6_273.5,006,05_CONTROL_ELECTRONICS,STANDARD_RECONSTRUCTION
STANDARD_USB_C_CONTACT_7_272.9,006,05_CONTROL_ELECTRONICS,STANDARD_RECONSTRUCTION
STANDARD_USB_C_CONTACT_7_273.5,006,05_CONTROL_ELECTRONICS,STANDARD_RECONSTRUCTION
STANDARD_USB_C_CONTACT_8_272.9,006,05_CONTROL_ELECTRONICS,STANDARD_RECONSTRUCTION
STANDARD_USB_C_CONTACT_8_273.5,006,05_CONTROL_ELECTRONICS,STANDARD_RECONSTRUCTION
STANDARD_USB_C_CONTACT_9_272.9,006,05_CONTROL_ELECTRONICS,STANDARD_RECONSTRUCTION
STANDARD_USB_C_CONTACT_9_273.5,006,05_CONTROL_ELECTRONICS,STANDARD_RECONSTRUCTION
STANDARD_USB_C_CONTACT_10_272.9,006,05_CONTROL_ELECTRONICS,STANDARD_RECONSTRUCTION
STANDARD_USB_C_CONTACT_10_273.5,006,05_CONTROL_ELECTRONICS,STANDARD_RECONSTRUCTION
STANDARD_USB_C_CONTACT_11_272.9,006,05_CONTROL_ELECTRONICS,STANDARD_RECONSTRUCTION
STANDARD_USB_C_CONTACT_11_273.5,006,05_CONTROL_ELECTRONICS,STANDARD_RECONSTRUCTION
CUSTOM_ESP32_SOCKET_RAIL_0,554,05_CONTROL_ELECTRONICS,CUSTOM
CUSTOM_ESP32_SOCKET_RAIL_1,554,05_CONTROL_ELECTRONICS,CUSTOM
CUSTOM_ESP32_CARRIER,216,05_CONTROL_ELECTRONICS,CUSTOM
ESP32_CARRIER_126_121,516,08_FASTENERS,DATASHEET
ESP32_CARRIER_180_121,516,08_FASTENERS,DATASHEET
ESP32_CARRIER_126_151,516,08_FASTENERS,DATASHEET
ESP32_CARRIER_180_151,516,08_FASTENERS,DATASHEET
DRAWING_BASED_FHAC_BODY_0,011,03_POWER_SYSTEM,MANUFACTURER_DRAWING
STANDARD_FHAC_CONTACT_0_19,011,03_POWER_SYSTEM,STANDARD_RECONSTRUCTION
STANDARD_FHAC_CONTACT_0_29,011,03_POWER_SYSTEM,STANDARD_RECONSTRUCTION
DRAWING_BASED_FHAC_CAP_0,011,03_POWER_SYSTEM,MANUFACTURER_DRAWING
DRAWING_BASED_FHAC_RELIEF_0_0,011,03_POWER_SYSTEM,MANUFACTURER_DRAWING
PHOTO_BASED_FHAC_RIB_0_0_0,011,03_POWER_SYSTEM,PHOTO_ESTIMATE
PHOTO_BASED_FHAC_RIB_0_0_1,011,03_POWER_SYSTEM,PHOTO_ESTIMATE
PHOTO_BASED_FHAC_RIB_0_0_2,011,03_POWER_SYSTEM,PHOTO_ESTIMATE
PHOTO_BASED_FHAC_RIB_0_0_3,011,03_POWER_SYSTEM,PHOTO_ESTIMATE
DRAWING_BASED_FHAC_RELIEF_0_37,011,03_POWER_SYSTEM,MANUFACTURER_DRAWING
PHOTO_BASED_FHAC_RIB_0_37_0,011,03_POWER_SYSTEM,PHOTO_ESTIMATE
PHOTO_BASED_FHAC_RIB_0_37_1,011,03_POWER_SYSTEM,PHOTO_ESTIMATE
PHOTO_BASED_FHAC_RIB_0_37_2,011,03_POWER_SYSTEM,PHOTO_ESTIMATE
PHOTO_BASED_FHAC_RIB_0_37_3,011,03_POWER_SYSTEM,PHOTO_ESTIMATE
DRAWING_BASED_FHAC_BODY_1,012,03_POWER_SYSTEM,MANUFACTURER_DRAWING
STANDARD_FHAC_CONTACT_1_19,012,03_POWER_SYSTEM,STANDARD_RECONSTRUCTION
STANDARD_FHAC_CONTACT_1_29,012,03_POWER_SYSTEM,STANDARD_RECONSTRUCTION
DRAWING_BASED_FHAC_CAP_1,012,03_POWER_SYSTEM,MANUFACTURER_DRAWING
DRAWING_BASED_FHAC_RELIEF_1_0,012,03_POWER_SYSTEM,MANUFACTURER_DRAWING
PHOTO_BASED_FHAC_RIB_1_0_0,012,03_POWER_SYSTEM,PHOTO_ESTIMATE
PHOTO_BASED_FHAC_RIB_1_0_1,012,03_POWER_SYSTEM,PHOTO_ESTIMATE
PHOTO_BASED_FHAC_RIB_1_0_2,012,03_POWER_SYSTEM,PHOTO_ESTIMATE
PHOTO_BASED_FHAC_RIB_1_0_3,012,03_POWER_SYSTEM,PHOTO_ESTIMATE
DRAWING_BASED_FHAC_RELIEF_1_37,012,03_POWER_SYSTEM,MANUFACTURER_DRAWING
PHOTO_BASED_FHAC_RIB_1_37_0,012,03_POWER_SYSTEM,PHOTO_ESTIMATE
PHOTO_BASED_FHAC_RIB_1_37_1,012,03_POWER_SYSTEM,PHOTO_ESTIMATE
PHOTO_BASED_FHAC_RIB_1_37_2,012,03_POWER_SYSTEM,PHOTO_ESTIMATE
PHOTO_BASED_FHAC_RIB_1_37_3,012,03_POWER_SYSTEM,PHOTO_ESTIMATE
DRAWING_BASED_760K_NECK,563,03_POWER_SYSTEM,MANUFACTURER_DRAWING
CUSTOM_ESTOP_ADAPTER_RING,217,10_CUSTOM_PARTS,CUSTOM
PAN_FLANGE_M2p5_0,506,08_FASTENERS,DATASHEET
PAN_FLANGE_N_0,504,08_FASTENERS,DATASHEET
PAN_FLANGE_M2p5_1,506,08_FASTENERS,DATASHEET
PAN_FLANGE_N_1,504,08_FASTENERS,DATASHEET
PHOTO_BASED_SPEAKER_CONE_138,020,05_CONTROL_ELECTRONICS,PHOTO_ESTIMATE
STANDARD_SPEAKER_GRILLE_138,020,05_CONTROL_ELECTRONICS,STANDARD_RECONSTRUCTION
PHOTO_BASED_SPEAKER_CONE_182,020,05_CONTROL_ELECTRONICS,PHOTO_ESTIMATE
STANDARD_SPEAKER_GRILLE_182,020,05_CONTROL_ELECTRONICS,STANDARD_RECONSTRUCTION
PHOTO_BASED_USB_SPEAKER_HOUSING,020,05_CONTROL_ELECTRONICS,ASSUMED
CUSTOM_SPEAKER_MOUNT_0,218,10_CUSTOM_PARTS,CUSTOM
CUSTOM_SPEAKER_MOUNT_1,219,10_CUSTOM_PARTS,CUSTOM
PHOTO_BASED_EK366_SHIELDED_INDUCTOR,016,05_CONTROL_ELECTRONICS,PHOTO_ESTIMATE
STANDARD_EK366_USB_A_SHELL,016,05_CONTROL_ELECTRONICS,STANDARD_RECONSTRUCTION
STANDARD_EK366_USB_A_TONGUE,016,05_CONTROL_ELECTRONICS,STANDARD_RECONSTRUCTION
STANDARD_EK366_USB_A_CONTACT_0,016,05_CONTROL_ELECTRONICS,STANDARD_RECONSTRUCTION
STANDARD_EK366_USB_A_CONTACT_1,016,05_CONTROL_ELECTRONICS,STANDARD_RECONSTRUCTION
STANDARD_EK366_USB_A_CONTACT_2,016,05_CONTROL_ELECTRONICS,STANDARD_RECONSTRUCTION
STANDARD_EK366_USB_A_CONTACT_3,016,05_CONTROL_ELECTRONICS,STANDARD_RECONSTRUCTION
PHOTO_BASED_EK366_DC_JACK,016,05_CONTROL_ELECTRONICS,PHOTO_ESTIMATE
PHOTO_BASED_SN530_IC_0,031,04_COMPUTE,PHOTO_ESTIMATE
PHOTO_BASED_SN530_IC_1,031,04_COMPUTE,PHOTO_ESTIMATE
PHOTO_BASED_SN530_IC_2,031,04_COMPUTE,PHOTO_ESTIMATE
PHOTO_BASED_SN530_IC_3,031,04_COMPUTE,PHOTO_ESTIMATE
CUSTOM_ENCODER_LEVEL_INTERFACE,033,05_CONTROL_ELECTRONICS,ASSUMED
ENC_LEVEL_STANDOFF_0,513,08_FASTENERS,ASSUMED
ENC_LEVEL_TOP_0,521,08_FASTENERS,DATASHEET
ENC_LEVEL_LOWER_0,516,08_FASTENERS,DATASHEET
ENC_LEVEL_STANDOFF_1,513,08_FASTENERS,ASSUMED
ENC_LEVEL_TOP_1,521,08_FASTENERS,DATASHEET
ENC_LEVEL_LOWER_1,516,08_FASTENERS,DATASHEET
ENC_LEVEL_STANDOFF_2,513,08_FASTENERS,ASSUMED
ENC_LEVEL_TOP_2,521,08_FASTENERS,DATASHEET
ENC_LEVEL_LOWER_2,516,08_FASTENERS,DATASHEET
ENC_LEVEL_STANDOFF_3,513,08_FASTENERS,ASSUMED
ENC_LEVEL_TOP_3,521,08_FASTENERS,DATASHEET
ENC_LEVEL_LOWER_3,516,08_FASTENERS,DATASHEET
DRAWING_BASED_ENCODER_DIVIDER_R0,033,05_CONTROL_ELECTRONICS,DATASHEET
DRAWING_BASED_ENCODER_DIVIDER_R1,033,05_CONTROL_ELECTRONICS,DATASHEET
DRAWING_BASED_ENCODER_DIVIDER_R2,033,05_CONTROL_ELECTRONICS,DATASHEET
DRAWING_BASED_ENCODER_DIVIDER_R3,033,05_CONTROL_ELECTRONICS,DATASHEET
DRAWING_BASED_MOTOR_PH6_L,001,02_DRIVE_SYSTEM,MANUFACTURER_DRAWING
DRAWING_BASED_MOTOR_PH6_R,001,02_DRIVE_SYSTEM,MANUFACTURER_DRAWING
CUSTOM_5V_DISTRIBUTOR,220,01_FRAME,CUSTOM
D5_SP0,513,08_FASTENERS,ASSUMED
D5_B0,521,08_FASTENERS,DATASHEET
D5_LOW0,516,08_FASTENERS,DATASHEET
D5_SP1,513,08_FASTENERS,ASSUMED
D5_B1,521,08_FASTENERS,DATASHEET
D5_LOW1,516,08_FASTENERS,DATASHEET
D5_SP2,513,08_FASTENERS,ASSUMED
D5_B2,521,08_FASTENERS,DATASHEET
D5_LOW2,516,08_FASTENERS,DATASHEET
D5_SP3,513,08_FASTENERS,ASSUMED
D5_B3,521,08_FASTENERS,DATASHEET
D5_LOW3,516,08_FASTENERS,DATASHEET
STANDARD_PLUG_ESP32_USB_SHELL,HARNESS_REFERENCE,09_WIRING,STANDARD_RECONSTRUCTION
STANDARD_PLUG_ESP32_USB_TONGUE,HARNESS_REFERENCE,09_WIRING,STANDARD_RECONSTRUCTION
STANDARD_PLUG_ESP32_USB_CONTACT_0,HARNESS_REFERENCE,09_WIRING,STANDARD_RECONSTRUCTION
STANDARD_PLUG_ESP32_USB_CONTACT_1,HARNESS_REFERENCE,09_WIRING,STANDARD_RECONSTRUCTION
STANDARD_PLUG_ESP32_USB_CONTACT_2,HARNESS_REFERENCE,09_WIRING,STANDARD_RECONSTRUCTION
STANDARD_PLUG_ESP32_USB_CONTACT_3,HARNESS_REFERENCE,09_WIRING,STANDARD_RECONSTRUCTION
STANDARD_PLUG_ESP32_USB_CONTACT_4,HARNESS_REFERENCE,09_WIRING,STANDARD_RECONSTRUCTION
STANDARD_PLUG_ESP32_USB_CONTACT_5,HARNESS_REFERENCE,09_WIRING,STANDARD_RECONSTRUCTION
STANDARD_PLUG_ESP32_USB_CONTACT_6,HARNESS_REFERENCE,09_WIRING,STANDARD_RECONSTRUCTION
STANDARD_PLUG_ESP32_USB_CONTACT_7,HARNESS_REFERENCE,09_WIRING,STANDARD_RECONSTRUCTION
STANDARD_PLUG_ESP32_USB_MOULD,HARNESS_REFERENCE,09_WIRING,STANDARD_RECONSTRUCTION
STANDARD_PLUG_ESP32_USB_RELIEF,HARNESS_REFERENCE,09_WIRING,STANDARD_RECONSTRUCTION
STANDARD_PLUG_ESP32_USB_RIB_0,HARNESS_REFERENCE,09_WIRING,STANDARD_RECONSTRUCTION
STANDARD_PLUG_ESP32_USB_RIB_1,HARNESS_REFERENCE,09_WIRING,STANDARD_RECONSTRUCTION
STANDARD_PLUG_ESP32_USB_RIB_2,HARNESS_REFERENCE,09_WIRING,STANDARD_RECONSTRUCTION
STANDARD_PLUG_ESP32_USB_RIB_3,HARNESS_REFERENCE,09_WIRING,STANDARD_RECONSTRUCTION
STANDARD_PLUG_HUB_USB0_SHELL,HARNESS_REFERENCE,09_WIRING,STANDARD_RECONSTRUCTION
STANDARD_PLUG_HUB_USB0_TONGUE,HARNESS_REFERENCE,09_WIRING,STANDARD_RECONSTRUCTION
STANDARD_PLUG_HUB_USB0_CONTACT_0,HARNESS_REFERENCE,09_WIRING,STANDARD_RECONSTRUCTION
STANDARD_PLUG_HUB_USB0_CONTACT_1,HARNESS_REFERENCE,09_WIRING,STANDARD_RECONSTRUCTION
STANDARD_PLUG_HUB_USB0_CONTACT_2,HARNESS_REFERENCE,09_WIRING,STANDARD_RECONSTRUCTION
STANDARD_PLUG_HUB_USB0_CONTACT_3,HARNESS_REFERENCE,09_WIRING,STANDARD_RECONSTRUCTION
STANDARD_PLUG_HUB_USB0_MOULD,HARNESS_REFERENCE,09_WIRING,STANDARD_RECONSTRUCTION
STANDARD_PLUG_HUB_USB0_RELIEF,HARNESS_REFERENCE,09_WIRING,STANDARD_RECONSTRUCTION
STANDARD_PLUG_HUB_USB0_RIB_0,HARNESS_REFERENCE,09_WIRING,STANDARD_RECONSTRUCTION
STANDARD_PLUG_HUB_USB0_RIB_1,HARNESS_REFERENCE,09_WIRING,STANDARD_RECONSTRUCTION
STANDARD_PLUG_HUB_USB0_RIB_2,HARNESS_REFERENCE,09_WIRING,STANDARD_RECONSTRUCTION
STANDARD_PLUG_HUB_USB0_RIB_3,HARNESS_REFERENCE,09_WIRING,STANDARD_RECONSTRUCTION
STANDARD_PLUG_HUB_USB1_SHELL,HARNESS_REFERENCE,09_WIRING,STANDARD_RECONSTRUCTION
STANDARD_PLUG_HUB_USB1_TONGUE,HARNESS_REFERENCE,09_WIRING,STANDARD_RECONSTRUCTION
STANDARD_PLUG_HUB_USB1_CONTACT_0,HARNESS_REFERENCE,09_WIRING,STANDARD_RECONSTRUCTION
STANDARD_PLUG_HUB_USB1_CONTACT_1,HARNESS_REFERENCE,09_WIRING,STANDARD_RECONSTRUCTION
STANDARD_PLUG_HUB_USB1_CONTACT_2,HARNESS_REFERENCE,09_WIRING,STANDARD_RECONSTRUCTION
STANDARD_PLUG_HUB_USB1_CONTACT_3,HARNESS_REFERENCE,09_WIRING,STANDARD_RECONSTRUCTION
STANDARD_PLUG_HUB_USB1_MOULD,HARNESS_REFERENCE,09_WIRING,STANDARD_RECONSTRUCTION
STANDARD_PLUG_HUB_USB1_RELIEF,HARNESS_REFERENCE,09_WIRING,STANDARD_RECONSTRUCTION
STANDARD_PLUG_HUB_USB1_RIB_0,HARNESS_REFERENCE,09_WIRING,STANDARD_RECONSTRUCTION
STANDARD_PLUG_HUB_USB1_RIB_1,HARNESS_REFERENCE,09_WIRING,STANDARD_RECONSTRUCTION
STANDARD_PLUG_HUB_USB1_RIB_2,HARNESS_REFERENCE,09_WIRING,STANDARD_RECONSTRUCTION
STANDARD_PLUG_HUB_USB1_RIB_3,HARNESS_REFERENCE,09_WIRING,STANDARD_RECONSTRUCTION
STANDARD_PLUG_HUB_USB2_SHELL,HARNESS_REFERENCE,09_WIRING,STANDARD_RECONSTRUCTION
STANDARD_PLUG_HUB_USB2_TONGUE,HARNESS_REFERENCE,09_WIRING,STANDARD_RECONSTRUCTION
STANDARD_PLUG_HUB_USB2_CONTACT_0,HARNESS_REFERENCE,09_WIRING,STANDARD_RECONSTRUCTION
STANDARD_PLUG_HUB_USB2_CONTACT_1,HARNESS_REFERENCE,09_WIRING,STANDARD_RECONSTRUCTION
STANDARD_PLUG_HUB_USB2_CONTACT_2,HARNESS_REFERENCE,09_WIRING,STANDARD_RECONSTRUCTION
STANDARD_PLUG_HUB_USB2_CONTACT_3,HARNESS_REFERENCE,09_WIRING,STANDARD_RECONSTRUCTION
STANDARD_PLUG_HUB_USB2_MOULD,HARNESS_REFERENCE,09_WIRING,STANDARD_RECONSTRUCTION
STANDARD_PLUG_HUB_USB2_RELIEF,HARNESS_REFERENCE,09_WIRING,STANDARD_RECONSTRUCTION
STANDARD_PLUG_HUB_USB2_RIB_0,HARNESS_REFERENCE,09_WIRING,STANDARD_RECONSTRUCTION
STANDARD_PLUG_HUB_USB2_RIB_1,HARNESS_REFERENCE,09_WIRING,STANDARD_RECONSTRUCTION
STANDARD_PLUG_HUB_USB2_RIB_2,HARNESS_REFERENCE,09_WIRING,STANDARD_RECONSTRUCTION
STANDARD_PLUG_HUB_USB2_RIB_3,HARNESS_REFERENCE,09_WIRING,STANDARD_RECONSTRUCTION
STANDARD_PLUG_HUB_USB3_SHELL,HARNESS_REFERENCE,09_WIRING,STANDARD_RECONSTRUCTION
STANDARD_PLUG_HUB_USB3_TONGUE,HARNESS_REFERENCE,09_WIRING,STANDARD_RECONSTRUCTION
STANDARD_PLUG_HUB_USB3_CONTACT_0,HARNESS_REFERENCE,09_WIRING,STANDARD_RECONSTRUCTION
STANDARD_PLUG_HUB_USB3_CONTACT_1,HARNESS_REFERENCE,09_WIRING,STANDARD_RECONSTRUCTION
STANDARD_PLUG_HUB_USB3_CONTACT_2,HARNESS_REFERENCE,09_WIRING,STANDARD_RECONSTRUCTION
STANDARD_PLUG_HUB_USB3_CONTACT_3,HARNESS_REFERENCE,09_WIRING,STANDARD_RECONSTRUCTION
STANDARD_PLUG_HUB_USB3_MOULD,HARNESS_REFERENCE,09_WIRING,STANDARD_RECONSTRUCTION
STANDARD_PLUG_HUB_USB3_RELIEF,HARNESS_REFERENCE,09_WIRING,STANDARD_RECONSTRUCTION
STANDARD_PLUG_HUB_USB3_RIB_0,HARNESS_REFERENCE,09_WIRING,STANDARD_RECONSTRUCTION
STANDARD_PLUG_HUB_USB3_RIB_1,HARNESS_REFERENCE,09_WIRING,STANDARD_RECONSTRUCTION
STANDARD_PLUG_HUB_USB3_RIB_2,HARNESS_REFERENCE,09_WIRING,STANDARD_RECONSTRUCTION
STANDARD_PLUG_HUB_USB3_RIB_3,HARNESS_REFERENCE,09_WIRING,STANDARD_RECONSTRUCTION
STANDARD_PLUG_JETSON_USB0_SHELL,HARNESS_REFERENCE,09_WIRING,STANDARD_RECONSTRUCTION
STANDARD_PLUG_JETSON_USB0_TONGUE,HARNESS_REFERENCE,09_WIRING,STANDARD_RECONSTRUCTION
STANDARD_PLUG_JETSON_USB0_CONTACT_0,HARNESS_REFERENCE,09_WIRING,STANDARD_RECONSTRUCTION
STANDARD_PLUG_JETSON_USB0_CONTACT_1,HARNESS_REFERENCE,09_WIRING,STANDARD_RECONSTRUCTION
STANDARD_PLUG_JETSON_USB0_CONTACT_2,HARNESS_REFERENCE,09_WIRING,STANDARD_RECONSTRUCTION
STANDARD_PLUG_JETSON_USB0_CONTACT_3,HARNESS_REFERENCE,09_WIRING,STANDARD_RECONSTRUCTION
STANDARD_PLUG_JETSON_USB0_MOULD,HARNESS_REFERENCE,09_WIRING,STANDARD_RECONSTRUCTION
STANDARD_PLUG_JETSON_USB0_RELIEF,HARNESS_REFERENCE,09_WIRING,STANDARD_RECONSTRUCTION
STANDARD_PLUG_JETSON_USB0_RIB_0,HARNESS_REFERENCE,09_WIRING,STANDARD_RECONSTRUCTION
STANDARD_PLUG_JETSON_USB0_RIB_1,HARNESS_REFERENCE,09_WIRING,STANDARD_RECONSTRUCTION
STANDARD_PLUG_JETSON_USB0_RIB_2,HARNESS_REFERENCE,09_WIRING,STANDARD_RECONSTRUCTION
STANDARD_PLUG_JETSON_USB0_RIB_3,HARNESS_REFERENCE,09_WIRING,STANDARD_RECONSTRUCTION
STANDARD_PLUG_JETSON_USB1_SHELL,HARNESS_REFERENCE,09_WIRING,STANDARD_RECONSTRUCTION
STANDARD_PLUG_JETSON_USB1_TONGUE,HARNESS_REFERENCE,09_WIRING,STANDARD_RECONSTRUCTION
STANDARD_PLUG_JETSON_USB1_CONTACT_0,HARNESS_REFERENCE,09_WIRING,STANDARD_RECONSTRUCTION
STANDARD_PLUG_JETSON_USB1_CONTACT_1,HARNESS_REFERENCE,09_WIRING,STANDARD_RECONSTRUCTION
STANDARD_PLUG_JETSON_USB1_CONTACT_2,HARNESS_REFERENCE,09_WIRING,STANDARD_RECONSTRUCTION
STANDARD_PLUG_JETSON_USB1_CONTACT_3,HARNESS_REFERENCE,09_WIRING,STANDARD_RECONSTRUCTION
STANDARD_PLUG_JETSON_USB1_MOULD,HARNESS_REFERENCE,09_WIRING,STANDARD_RECONSTRUCTION
STANDARD_PLUG_JETSON_USB1_RELIEF,HARNESS_REFERENCE,09_WIRING,STANDARD_RECONSTRUCTION
STANDARD_PLUG_JETSON_USB1_RIB_0,HARNESS_REFERENCE,09_WIRING,STANDARD_RECONSTRUCTION
STANDARD_PLUG_JETSON_USB1_RIB_1,HARNESS_REFERENCE,09_WIRING,STANDARD_RECONSTRUCTION
STANDARD_PLUG_JETSON_USB1_RIB_2,HARNESS_REFERENCE,09_WIRING,STANDARD_RECONSTRUCTION
STANDARD_PLUG_JETSON_USB1_RIB_3,HARNESS_REFERENCE,09_WIRING,STANDARD_RECONSTRUCTION
STANDARD_PLUG_JETSON_USB2_SHELL,HARNESS_REFERENCE,09_WIRING,STANDARD_RECONSTRUCTION
STANDARD_PLUG_JETSON_USB2_TONGUE,HARNESS_REFERENCE,09_WIRING,STANDARD_RECONSTRUCTION
STANDARD_PLUG_JETSON_USB2_CONTACT_0,HARNESS_REFERENCE,09_WIRING,STANDARD_RECONSTRUCTION
STANDARD_PLUG_JETSON_USB2_CONTACT_1,HARNESS_REFERENCE,09_WIRING,STANDARD_RECONSTRUCTION
STANDARD_PLUG_JETSON_USB2_CONTACT_2,HARNESS_REFERENCE,09_WIRING,STANDARD_RECONSTRUCTION
STANDARD_PLUG_JETSON_USB2_CONTACT_3,HARNESS_REFERENCE,09_WIRING,STANDARD_RECONSTRUCTION
STANDARD_PLUG_JETSON_USB2_MOULD,HARNESS_REFERENCE,09_WIRING,STANDARD_RECONSTRUCTION
STANDARD_PLUG_JETSON_USB2_RELIEF,HARNESS_REFERENCE,09_WIRING,STANDARD_RECONSTRUCTION
STANDARD_PLUG_JETSON_USB2_RIB_0,HARNESS_REFERENCE,09_WIRING,STANDARD_RECONSTRUCTION
STANDARD_PLUG_JETSON_USB2_RIB_1,HARNESS_REFERENCE,09_WIRING,STANDARD_RECONSTRUCTION
STANDARD_PLUG_JETSON_USB2_RIB_2,HARNESS_REFERENCE,09_WIRING,STANDARD_RECONSTRUCTION
STANDARD_PLUG_JETSON_USB2_RIB_3,HARNESS_REFERENCE,09_WIRING,STANDARD_RECONSTRUCTION
STANDARD_PLUG_JETSON_USB3_SHELL,HARNESS_REFERENCE,09_WIRING,STANDARD_RECONSTRUCTION
STANDARD_PLUG_JETSON_USB3_TONGUE,HARNESS_REFERENCE,09_WIRING,STANDARD_RECONSTRUCTION
STANDARD_PLUG_JETSON_USB3_CONTACT_0,HARNESS_REFERENCE,09_WIRING,STANDARD_RECONSTRUCTION
STANDARD_PLUG_JETSON_USB3_CONTACT_1,HARNESS_REFERENCE,09_WIRING,STANDARD_RECONSTRUCTION
STANDARD_PLUG_JETSON_USB3_CONTACT_2,HARNESS_REFERENCE,09_WIRING,STANDARD_RECONSTRUCTION
STANDARD_PLUG_JETSON_USB3_CONTACT_3,HARNESS_REFERENCE,09_WIRING,STANDARD_RECONSTRUCTION
STANDARD_PLUG_JETSON_USB3_MOULD,HARNESS_REFERENCE,09_WIRING,STANDARD_RECONSTRUCTION
STANDARD_PLUG_JETSON_USB3_RELIEF,HARNESS_REFERENCE,09_WIRING,STANDARD_RECONSTRUCTION
STANDARD_PLUG_JETSON_USB3_RIB_0,HARNESS_REFERENCE,09_WIRING,STANDARD_RECONSTRUCTION
STANDARD_PLUG_JETSON_USB3_RIB_1,HARNESS_REFERENCE,09_WIRING,STANDARD_RECONSTRUCTION
STANDARD_PLUG_JETSON_USB3_RIB_2,HARNESS_REFERENCE,09_WIRING,STANDARD_RECONSTRUCTION
STANDARD_PLUG_JETSON_USB3_RIB_3,HARNESS_REFERENCE,09_WIRING,STANDARD_RECONSTRUCTION
STANDARD_PLUG_MDD_PWM_L_HOUSING,HARNESS_REFERENCE,09_WIRING,STANDARD_RECONSTRUCTION
STANDARD_PLUG_MDD_PWM_L_CONTACT,HARNESS_REFERENCE,09_WIRING,STANDARD_RECONSTRUCTION
STANDARD_PLUG_MDD_DIR_L_HOUSING,HARNESS_REFERENCE,09_WIRING,STANDARD_RECONSTRUCTION
STANDARD_PLUG_MDD_DIR_L_CONTACT,HARNESS_REFERENCE,09_WIRING,STANDARD_RECONSTRUCTION
STANDARD_PLUG_MDD_GND_HOUSING,HARNESS_REFERENCE,09_WIRING,STANDARD_RECONSTRUCTION
STANDARD_PLUG_MDD_GND_CONTACT,HARNESS_REFERENCE,09_WIRING,STANDARD_RECONSTRUCTION
STANDARD_PLUG_MDD_PWM_R_HOUSING,HARNESS_REFERENCE,09_WIRING,STANDARD_RECONSTRUCTION
STANDARD_PLUG_MDD_PWM_R_CONTACT,HARNESS_REFERENCE,09_WIRING,STANDARD_RECONSTRUCTION
STANDARD_PLUG_MDD_DIR_R_HOUSING,HARNESS_REFERENCE,09_WIRING,STANDARD_RECONSTRUCTION
STANDARD_PLUG_MDD_DIR_R_CONTACT,HARNESS_REFERENCE,09_WIRING,STANDARD_RECONSTRUCTION
STANDARD_PLUG_MG90S_PAN_CABLE_HOUSING,HARNESS_REFERENCE,09_WIRING,STANDARD_RECONSTRUCTION
STANDARD_PLUG_MG90S_PAN_CABLE_CONTACT,HARNESS_REFERENCE,09_WIRING,STANDARD_RECONSTRUCTION
STANDARD_PLUG_MG90S_TILT_CABLE_HOUSING,HARNESS_REFERENCE,09_WIRING,STANDARD_RECONSTRUCTION
STANDARD_PLUG_MG90S_TILT_CABLE_CONTACT,HARNESS_REFERENCE,09_WIRING,STANDARD_RECONSTRUCTION
STANDARD_PLUG_THERMAL_I2C_HOUSING,HARNESS_REFERENCE,09_WIRING,STANDARD_RECONSTRUCTION
STANDARD_PLUG_THERMAL_I2C_CONTACT,HARNESS_REFERENCE,09_WIRING,STANDARD_RECONSTRUCTION
STANDARD_PLUG_BNO_SPI_3V3_HOUSING,HARNESS_REFERENCE,09_WIRING,STANDARD_RECONSTRUCTION
STANDARD_PLUG_BNO_SPI_3V3_CONTACT,HARNESS_REFERENCE,09_WIRING,STANDARD_RECONSTRUCTION
STANDARD_PLUG_BNO_SPI_GND_HOUSING,HARNESS_REFERENCE,09_WIRING,STANDARD_RECONSTRUCTION
STANDARD_PLUG_BNO_SPI_GND_CONTACT,HARNESS_REFERENCE,09_WIRING,STANDARD_RECONSTRUCTION
STANDARD_PLUG_BNO_SPI_SCK_HOUSING,HARNESS_REFERENCE,09_WIRING,STANDARD_RECONSTRUCTION
STANDARD_PLUG_BNO_SPI_SCK_CONTACT,HARNESS_REFERENCE,09_WIRING,STANDARD_RECONSTRUCTION
STANDARD_PLUG_BNO_SPI_MISO_HOUSING,HARNESS_REFERENCE,09_WIRING,STANDARD_RECONSTRUCTION
STANDARD_PLUG_BNO_SPI_MISO_CONTACT,HARNESS_REFERENCE,09_WIRING,STANDARD_RECONSTRUCTION
STANDARD_PLUG_BNO_SPI_MOSI_HOUSING,HARNESS_REFERENCE,09_WIRING,STANDARD_RECONSTRUCTION
STANDARD_PLUG_BNO_SPI_MOSI_CONTACT,HARNESS_REFERENCE,09_WIRING,STANDARD_RECONSTRUCTION
STANDARD_PLUG_BNO_SPI_CS_HOUSING,HARNESS_REFERENCE,09_WIRING,STANDARD_RECONSTRUCTION
STANDARD_PLUG_BNO_SPI_CS_CONTACT,HARNESS_REFERENCE,09_WIRING,STANDARD_RECONSTRUCTION
STANDARD_PLUG_BNO_SPI_INT_HOUSING,HARNESS_REFERENCE,09_WIRING,STANDARD_RECONSTRUCTION
STANDARD_PLUG_BNO_SPI_INT_CONTACT,HARNESS_REFERENCE,09_WIRING,STANDARD_RECONSTRUCTION
STANDARD_PLUG_ENCODER_IN_HOUSING,HARNESS_REFERENCE,09_WIRING,STANDARD_RECONSTRUCTION
STANDARD_PLUG_ENCODER_IN_CONTACT,HARNESS_REFERENCE,09_WIRING,STANDARD_RECONSTRUCTION
STANDARD_PLUG_ENCODER_OUT_HOUSING,HARNESS_REFERENCE,09_WIRING,STANDARD_RECONSTRUCTION
STANDARD_PLUG_ENCODER_OUT_CONTACT,HARNESS_REFERENCE,09_WIRING,STANDARD_RECONSTRUCTION
STANDARD_PLUG_ADC_ANALOG_HOUSING,HARNESS_REFERENCE,09_WIRING,STANDARD_RECONSTRUCTION
STANDARD_PLUG_ADC_ANALOG_CONTACT,HARNESS_REFERENCE,09_WIRING,STANDARD_RECONSTRUCTION
STANDARD_PLUG_ADC_I2C_HOUSING,HARNESS_REFERENCE,09_WIRING,STANDARD_RECONSTRUCTION
STANDARD_PLUG_ADC_I2C_CONTACT,HARNESS_REFERENCE,09_WIRING,STANDARD_RECONSTRUCTION
STANDARD_PLUG_D5_IN_HOUSING,HARNESS_REFERENCE,09_WIRING,STANDARD_RECONSTRUCTION
STANDARD_PLUG_D5_IN_CONTACT,HARNESS_REFERENCE,09_WIRING,STANDARD_RECONSTRUCTION
STANDARD_PLUG_D5_HUB_HOUSING,HARNESS_REFERENCE,09_WIRING,STANDARD_RECONSTRUCTION
STANDARD_PLUG_D5_HUB_CONTACT,HARNESS_REFERENCE,09_WIRING,STANDARD_RECONSTRUCTION
STANDARD_PLUG_D5_PAN_HOUSING,HARNESS_REFERENCE,09_WIRING,STANDARD_RECONSTRUCTION
STANDARD_PLUG_D5_PAN_CONTACT,HARNESS_REFERENCE,09_WIRING,STANDARD_RECONSTRUCTION
STANDARD_PLUG_D5_TILT_HOUSING,HARNESS_REFERENCE,09_WIRING,STANDARD_RECONSTRUCTION
STANDARD_PLUG_D5_TILT_CONTACT,HARNESS_REFERENCE,09_WIRING,STANDARD_RECONSTRUCTION
STANDARD_PLUG_D5_ENC_HOUSING,HARNESS_REFERENCE,09_WIRING,STANDARD_RECONSTRUCTION
STANDARD_PLUG_D5_ENC_CONTACT,HARNESS_REFERENCE,09_WIRING,STANDARD_RECONSTRUCTION
OFFICIAL_ADS1115_ADDED_0,569,05_CONTROL_ELECTRONICS,MANUFACTURER_CAD
OFFICIAL_ADS1115_ADDED_1,569,05_CONTROL_ELECTRONICS,MANUFACTURER_CAD
OFFICIAL_ADS1115_ADDED_2,569,05_CONTROL_ELECTRONICS,MANUFACTURER_CAD
OFFICIAL_ADS1115_ADDED_3,569,05_CONTROL_ELECTRONICS,MANUFACTURER_CAD
OFFICIAL_ADS1115_ADDED_4,569,05_CONTROL_ELECTRONICS,MANUFACTURER_CAD
OFFICIAL_ADS1115_ADDED_5,569,05_CONTROL_ELECTRONICS,MANUFACTURER_CAD
OFFICIAL_ADS1115_ADDED_6,569,05_CONTROL_ELECTRONICS,MANUFACTURER_CAD
OFFICIAL_ADS1115_ADDED_7,569,05_CONTROL_ELECTRONICS,MANUFACTURER_CAD
OFFICIAL_ADS1115_ADDED_8,569,05_CONTROL_ELECTRONICS,MANUFACTURER_CAD
OFFICIAL_ADS1115_ADDED_9,569,05_CONTROL_ELECTRONICS,MANUFACTURER_CAD
OFFICIAL_ADS1115_ADDED_10,569,05_CONTROL_ELECTRONICS,MANUFACTURER_CAD
OFFICIAL_ADS1115_ADDED_11,569,05_CONTROL_ELECTRONICS,MANUFACTURER_CAD
OFFICIAL_ADS1115_ADDED_12,569,05_CONTROL_ELECTRONICS,MANUFACTURER_CAD
OFFICIAL_ADS1115_ADDED_13,569,05_CONTROL_ELECTRONICS,MANUFACTURER_CAD
OFFICIAL_ADS1115_ADDED_14,569,05_CONTROL_ELECTRONICS,MANUFACTURER_CAD
OFFICIAL_ADS1115_ADDED_15,569,05_CONTROL_ELECTRONICS,MANUFACTURER_CAD
OFFICIAL_ADS1115_ADDED_16,569,05_CONTROL_ELECTRONICS,MANUFACTURER_CAD
OFFICIAL_ADS1115_ADDED_17,569,05_CONTROL_ELECTRONICS,MANUFACTURER_CAD
OFFICIAL_ADS1115_ADDED_18,569,05_CONTROL_ELECTRONICS,MANUFACTURER_CAD
OFFICIAL_ADS1115_ADDED_19,569,05_CONTROL_ELECTRONICS,MANUFACTURER_CAD
OFFICIAL_ADS1115_ADDED_20,569,05_CONTROL_ELECTRONICS,MANUFACTURER_CAD
OFFICIAL_ADS1115_ADDED_21,569,05_CONTROL_ELECTRONICS,MANUFACTURER_CAD
OFFICIAL_ADS1115_ADDED_22,569,05_CONTROL_ELECTRONICS,MANUFACTURER_CAD
OFFICIAL_ADS1115_ADDED_23,569,05_CONTROL_ELECTRONICS,MANUFACTURER_CAD
OFFICIAL_ADS1115_ADDED_24,569,05_CONTROL_ELECTRONICS,MANUFACTURER_CAD
OFFICIAL_ADS1115_ADDED_25,569,05_CONTROL_ELECTRONICS,MANUFACTURER_CAD
OFFICIAL_ADS1115_ADDED_26,569,05_CONTROL_ELECTRONICS,MANUFACTURER_CAD
CUSTOM_ADC_CARRIER,032,05_CONTROL_ELECTRONICS,CUSTOM
STANDARD_PLUG_MCU_PWM_L_HOUSING,HARNESS_REFERENCE,09_WIRING,STANDARD_RECONSTRUCTION
STANDARD_PLUG_MCU_PWM_L_CONTACT,HARNESS_REFERENCE,09_WIRING,STANDARD_RECONSTRUCTION
STANDARD_PLUG_MCU_DIR_L_HOUSING,HARNESS_REFERENCE,09_WIRING,STANDARD_RECONSTRUCTION
STANDARD_PLUG_MCU_DIR_L_CONTACT,HARNESS_REFERENCE,09_WIRING,STANDARD_RECONSTRUCTION
STANDARD_PLUG_MCU_PWM_R_HOUSING,HARNESS_REFERENCE,09_WIRING,STANDARD_RECONSTRUCTION
STANDARD_PLUG_MCU_PWM_R_CONTACT,HARNESS_REFERENCE,09_WIRING,STANDARD_RECONSTRUCTION
STANDARD_PLUG_MCU_DIR_R_HOUSING,HARNESS_REFERENCE,09_WIRING,STANDARD_RECONSTRUCTION
STANDARD_PLUG_MCU_DIR_R_CONTACT,HARNESS_REFERENCE,09_WIRING,STANDARD_RECONSTRUCTION
STANDARD_PLUG_MCU_PAN_PWM_HOUSING,HARNESS_REFERENCE,09_WIRING,STANDARD_RECONSTRUCTION
STANDARD_PLUG_MCU_PAN_PWM_CONTACT,HARNESS_REFERENCE,09_WIRING,STANDARD_RECONSTRUCTION
STANDARD_PLUG_MCU_TILT_PWM_HOUSING,HARNESS_REFERENCE,09_WIRING,STANDARD_RECONSTRUCTION
STANDARD_PLUG_MCU_TILT_PWM_CONTACT,HARNESS_REFERENCE,09_WIRING,STANDARD_RECONSTRUCTION
STANDARD_PLUG_MCU_SDA_HOUSING,HARNESS_REFERENCE,09_WIRING,STANDARD_RECONSTRUCTION
STANDARD_PLUG_MCU_SDA_CONTACT,HARNESS_REFERENCE,09_WIRING,STANDARD_RECONSTRUCTION
STANDARD_PLUG_MCU_SCL_HOUSING,HARNESS_REFERENCE,09_WIRING,STANDARD_RECONSTRUCTION
STANDARD_PLUG_MCU_SCL_CONTACT,HARNESS_REFERENCE,09_WIRING,STANDARD_RECONSTRUCTION
STANDARD_PLUG_MCU_BUMP_F_HOUSING,HARNESS_REFERENCE,09_WIRING,STANDARD_RECONSTRUCTION
STANDARD_PLUG_MCU_BUMP_F_CONTACT,HARNESS_REFERENCE,09_WIRING,STANDARD_RECONSTRUCTION
STANDARD_PLUG_MCU_BUMP_REAR_HOUSING,HARNESS_REFERENCE,09_WIRING,STANDARD_RECONSTRUCTION
STANDARD_PLUG_MCU_BUMP_REAR_CONTACT,HARNESS_REFERENCE,09_WIRING,STANDARD_RECONSTRUCTION
STANDARD_PLUG_MCU_BUMP_LEFT_HOUSING,HARNESS_REFERENCE,09_WIRING,STANDARD_RECONSTRUCTION
STANDARD_PLUG_MCU_BUMP_LEFT_CONTACT,HARNESS_REFERENCE,09_WIRING,STANDARD_RECONSTRUCTION
STANDARD_PLUG_MCU_BUMP_RIGHT_HOUSING,HARNESS_REFERENCE,09_WIRING,STANDARD_RECONSTRUCTION
STANDARD_PLUG_MCU_BUMP_RIGHT_CONTACT,HARNESS_REFERENCE,09_WIRING,STANDARD_RECONSTRUCTION
STANDARD_PLUG_MCU_ENC_L_HOUSING,HARNESS_REFERENCE,09_WIRING,STANDARD_RECONSTRUCTION
STANDARD_PLUG_MCU_ENC_L_CONTACT,HARNESS_REFERENCE,09_WIRING,STANDARD_RECONSTRUCTION
STANDARD_PLUG_MCU_ENC_R_HOUSING,HARNESS_REFERENCE,09_WIRING,STANDARD_RECONSTRUCTION
STANDARD_PLUG_MCU_ENC_R_CONTACT,HARNESS_REFERENCE,09_WIRING,STANDARD_RECONSTRUCTION
STANDARD_PLUG_MCU_V_SENSE_HOUSING,HARNESS_REFERENCE,09_WIRING,STANDARD_RECONSTRUCTION
STANDARD_PLUG_MCU_V_SENSE_CONTACT,HARNESS_REFERENCE,09_WIRING,STANDARD_RECONSTRUCTION
STANDARD_PLUG_MCU_GND_HOUSING,HARNESS_REFERENCE,09_WIRING,STANDARD_RECONSTRUCTION
STANDARD_PLUG_MCU_GND_CONTACT,HARNESS_REFERENCE,09_WIRING,STANDARD_RECONSTRUCTION
STANDARD_PLUG_MCU_3V3_HOUSING,HARNESS_REFERENCE,09_WIRING,STANDARD_RECONSTRUCTION
STANDARD_PLUG_MCU_3V3_CONTACT,HARNESS_REFERENCE,09_WIRING,STANDARD_RECONSTRUCTION
STANDARD_PLUG_MCU_5V_HOUSING,HARNESS_REFERENCE,09_WIRING,STANDARD_RECONSTRUCTION
STANDARD_PLUG_MCU_5V_CONTACT,HARNESS_REFERENCE,09_WIRING,STANDARD_RECONSTRUCTION
STANDARD_PLUG_MCU_SPI_SCK_HOUSING,HARNESS_REFERENCE,09_WIRING,STANDARD_RECONSTRUCTION
STANDARD_PLUG_MCU_SPI_SCK_CONTACT,HARNESS_REFERENCE,09_WIRING,STANDARD_RECONSTRUCTION
STANDARD_PLUG_MCU_SPI_MISO_HOUSING,HARNESS_REFERENCE,09_WIRING,STANDARD_RECONSTRUCTION
STANDARD_PLUG_MCU_SPI_MISO_CONTACT,HARNESS_REFERENCE,09_WIRING,STANDARD_RECONSTRUCTION
STANDARD_PLUG_MCU_SPI_MOSI_HOUSING,HARNESS_REFERENCE,09_WIRING,STANDARD_RECONSTRUCTION
STANDARD_PLUG_MCU_SPI_MOSI_CONTACT,HARNESS_REFERENCE,09_WIRING,STANDARD_RECONSTRUCTION
STANDARD_PLUG_MCU_SPI_CS_HOUSING,HARNESS_REFERENCE,09_WIRING,STANDARD_RECONSTRUCTION
STANDARD_PLUG_MCU_SPI_CS_CONTACT,HARNESS_REFERENCE,09_WIRING,STANDARD_RECONSTRUCTION
STANDARD_PLUG_MCU_SPI_INT_HOUSING,HARNESS_REFERENCE,09_WIRING,STANDARD_RECONSTRUCTION
STANDARD_PLUG_MCU_SPI_INT_CONTACT,HARNESS_REFERENCE,09_WIRING,STANDARD_RECONSTRUCTION
CUSTOM_CABLE_BAT_MAIN,HARNESS_REFERENCE,09_WIRING,CUSTOM
CUSTOM_CABLE_BAT_RETURN,HARNESS_REFERENCE,09_WIRING,CUSTOM
CUSTOM_CABLE_MAIN_SWITCH,HARNESS_REFERENCE,09_WIRING,CUSTOM
CUSTOM_CABLE_MAIN_BUS,HARNESS_REFERENCE,09_WIRING,CUSTOM
CUSTOM_CABLE_MAIN_LED_RETURN,HARNESS_REFERENCE,09_WIRING,CUSTOM
CUSTOM_CABLE_MOTOR_BRANCH_FUSE,HARNESS_REFERENCE,09_WIRING,CUSTOM
CUSTOM_CABLE_MOTOR_RELAY30,HARNESS_REFERENCE,09_WIRING,CUSTOM
CUSTOM_CABLE_MOTOR_RELAY87,HARNESS_REFERENCE,09_WIRING,CUSTOM
CUSTOM_CABLE_MOTOR_RETURN,HARNESS_REFERENCE,09_WIRING,CUSTOM
CUSTOM_CABLE_COIL_FEED,HARNESS_REFERENCE,09_WIRING,CUSTOM
CUSTOM_CABLE_COIL_NC,HARNESS_REFERENCE,09_WIRING,CUSTOM
CUSTOM_CABLE_COIL_RETURN,HARNESS_REFERENCE,09_WIRING,CUSTOM
CUSTOM_CABLE_FUSE_INPUT_BOOST,HARNESS_REFERENCE,09_WIRING,CUSTOM
CUSTOM_CABLE_FUSE_INPUT_BUCK,HARNESS_REFERENCE,09_WIRING,CUSTOM
CUSTOM_CABLE_FUSE_INPUT_AUX,HARNESS_REFERENCE,09_WIRING,CUSTOM
CUSTOM_CABLE_FUSE_INPUT_SPARE,HARNESS_REFERENCE,09_WIRING,CUSTOM
CUSTOM_CABLE_BOOST_INPUT,HARNESS_REFERENCE,09_WIRING,CUSTOM
CUSTOM_CABLE_BOOST_RETURN,HARNESS_REFERENCE,09_WIRING,CUSTOM
CUSTOM_CABLE_JETSON_19V_PAIR,HARNESS_REFERENCE,09_WIRING,CUSTOM
CUSTOM_CABLE_BUCK_INPUT,HARNESS_REFERENCE,09_WIRING,CUSTOM
CUSTOM_CABLE_BUCK_RETURN,HARNESS_REFERENCE,09_WIRING,CUSTOM
CUSTOM_CABLE_5V_STAR,HARNESS_REFERENCE,09_WIRING,CUSTOM
CUSTOM_CABLE_5V_HUB,HARNESS_REFERENCE,09_WIRING,CUSTOM
CUSTOM_CABLE_HUB_UPSTREAM,HARNESS_REFERENCE,09_WIRING,CUSTOM
CUSTOM_CABLE_C920_USB,HARNESS_REFERENCE,09_WIRING,CUSTOM
CUSTOM_CABLE_ESP32_USB,HARNESS_REFERENCE,09_WIRING,CUSTOM
CUSTOM_CABLE_SPEAKER_USB,HARNESS_REFERENCE,09_WIRING,CUSTOM
CUSTOM_CABLE_BNO_SPI_BUNDLE,HARNESS_REFERENCE,09_WIRING,CUSTOM
CUSTOM_CABLE_THERMAL_I2C,HARNESS_REFERENCE,09_WIRING,CUSTOM
CUSTOM_CABLE_PAN_PWM_POWER,HARNESS_REFERENCE,09_WIRING,CUSTOM
CUSTOM_CABLE_TILT_PWM_POWER,HARNESS_REFERENCE,09_WIRING,CUSTOM
CUSTOM_CABLE_MDD_CONTROL,HARNESS_REFERENCE,09_WIRING,CUSTOM
CUSTOM_CABLE_BUMPER_FRONT,HARNESS_REFERENCE,09_WIRING,CUSTOM
CUSTOM_CABLE_BUMPER_REAR,HARNESS_REFERENCE,09_WIRING,CUSTOM
CUSTOM_CABLE_BUMPER_LEFT,HARNESS_REFERENCE,09_WIRING,CUSTOM
CUSTOM_CABLE_BUMPER_RIGHT,HARNESS_REFERENCE,09_WIRING,CUSTOM
CUSTOM_CABLE_MOTOR_L_M1,HARNESS_REFERENCE,09_WIRING,CUSTOM
CUSTOM_CABLE_MOTOR_L_M2,HARNESS_REFERENCE,09_WIRING,CUSTOM
CUSTOM_CABLE_ENCODER_L,HARNESS_REFERENCE,09_WIRING,CUSTOM
CUSTOM_CABLE_MOTOR_R_M1,HARNESS_REFERENCE,09_WIRING,CUSTOM
CUSTOM_CABLE_MOTOR_R_M2,HARNESS_REFERENCE,09_WIRING,CUSTOM
CUSTOM_CABLE_ENCODER_R,HARNESS_REFERENCE,09_WIRING,CUSTOM
CUSTOM_CABLE_ENCODER_MCU,HARNESS_REFERENCE,09_WIRING,CUSTOM
CUSTOM_CABLE_VOLTAGE_SENSE,HARNESS_REFERENCE,09_WIRING,CUSTOM
CUSTOM_CABLE_ADC_I2C,HARNESS_REFERENCE,09_WIRING,CUSTOM
CUSTOM_CABLE_VOLTAGE_POS,HARNESS_REFERENCE,09_WIRING,CUSTOM
CUSTOM_CABLE_VOLTAGE_NEG,HARNESS_REFERENCE,09_WIRING,CUSTOM
CUSTOM_HARNESS_CLAMP_0,222,10_CUSTOM_PARTS,CUSTOM
CUSTOM_HARNESS_CLAMP_1,223,10_CUSTOM_PARTS,CUSTOM
CUSTOM_HARNESS_CLAMP_2,224,10_CUSTOM_PARTS,CUSTOM
CUSTOM_HARNESS_CLAMP_3,225,10_CUSTOM_PARTS,CUSTOM
CUSTOM_HARNESS_CLAMP_4,226,10_CUSTOM_PARTS,CUSTOM
CUSTOM_HARNESS_CLAMP_5,227,10_CUSTOM_PARTS,CUSTOM
CUSTOM_HARNESS_CLAMP_6,228,10_CUSTOM_PARTS,CUSTOM
CUSTOM_HARNESS_CLAMP_7,229,10_CUSTOM_PARTS,CUSTOM
HARNESS_CLIP_B_0_0,510,08_FASTENERS,DATASHEET
HARNESS_CLIP_B_0_1,510,08_FASTENERS,DATASHEET
HARNESS_CLIP_B_1_0,510,08_FASTENERS,DATASHEET
HARNESS_CLIP_B_1_1,510,08_FASTENERS,DATASHEET
HARNESS_CLIP_B_2_0,510,08_FASTENERS,DATASHEET
HARNESS_CLIP_B_2_1,510,08_FASTENERS,DATASHEET
HARNESS_CLIP_B_3_0,510,08_FASTENERS,DATASHEET
HARNESS_CLIP_B_3_1,510,08_FASTENERS,DATASHEET
HARNESS_CLIP_B_4_0,510,08_FASTENERS,DATASHEET
HARNESS_CLIP_B_4_1,510,08_FASTENERS,DATASHEET
HARNESS_CLIP_B_5_0,510,08_FASTENERS,DATASHEET
HARNESS_CLIP_B_5_1,510,08_FASTENERS,DATASHEET
HARNESS_CLIP_B_6_0,510,08_FASTENERS,DATASHEET
HARNESS_CLIP_B_6_1,510,08_FASTENERS,DATASHEET
HARNESS_CLIP_B_7_0,510,08_FASTENERS,DATASHEET
HARNESS_CLIP_B_7_1,510,08_FASTENERS,DATASHEET
SPEAKER_FIX_0_0,517,08_FASTENERS,DATASHEET
SPEAKER_FIX_0_1,517,08_FASTENERS,DATASHEET
SPEAKER_FIX_1_0,517,08_FASTENERS,DATASHEET
SPEAKER_FIX_1_1,517,08_FASTENERS,DATASHEET
ADC_CARRIER_FIX_223.5_119.5,519,08_FASTENERS,DATASHEET
ADC_CARRIER_N_223.5_119.5,512,08_FASTENERS,DATASHEET
ADC_CARRIER_FIX_259_119.5,519,08_FASTENERS,DATASHEET
ADC_CARRIER_N_259_119.5,512,08_FASTENERS,DATASHEET
ADC_CARRIER_FIX_223.5_139.5,519,08_FASTENERS,DATASHEET
ADC_CARRIER_N_223.5_139.5,512,08_FASTENERS,DATASHEET
ADC_CARRIER_FIX_259_139.5,519,08_FASTENERS,DATASHEET
ADC_CARRIER_N_259_139.5,512,08_FASTENERS,DATASHEET
CUSTOM_ADC_M2_SPACER_0,530,08_FASTENERS,CUSTOM
ADC_M2_B_0,509,08_FASTENERS,DATASHEET
ADC_M2_N_0,503,08_FASTENERS,DATASHEET
CUSTOM_ADC_M2_SPACER_1,530,08_FASTENERS,CUSTOM
ADC_M2_B_1,509,08_FASTENERS,DATASHEET
ADC_M2_N_1,503,08_FASTENERS,DATASHEET
CUSTOM_ADC_M2_SPACER_2,530,08_FASTENERS,CUSTOM
ADC_M2_B_2,509,08_FASTENERS,DATASHEET
ADC_M2_N_2,503,08_FASTENERS,DATASHEET
CUSTOM_ADC_M2_SPACER_3,530,08_FASTENERS,CUSTOM
ADC_M2_B_3,509,08_FASTENERS,DATASHEET
ADC_M2_N_3,503,08_FASTENERS,DATASHEET
TILT_MOUNT_B_0_0,520,08_FASTENERS,DATASHEET
TILT_MOUNT_B_0_1,520,08_FASTENERS,DATASHEET
TILT_MOUNT_B_1_0,520,08_FASTENERS,DATASHEET
TILT_MOUNT_B_1_1,520,08_FASTENERS,DATASHEET
TILT_FLANGE_M2p5_0,506,08_FASTENERS,DATASHEET
TILT_FLANGE_N_0,504,08_FASTENERS,DATASHEET
TILT_FLANGE_M2p5_1,506,08_FASTENERS,DATASHEET
TILT_FLANGE_N_1,504,08_FASTENERS,DATASHEET
TILT_COUPLER_FIX_-8,509,08_FASTENERS,DATASHEET
TILT_COUPLER_FIX_8,509,08_FASTENERS,DATASHEET
TILT_HORN_LINK_-4,511,08_FASTENERS,DATASHEET
TILT_HORN_LINK_4,511,08_FASTENERS,DATASHEET
CUSTOM_TILT_HORN_COUPLER,230,10_CUSTOM_PARTS,CUSTOM
THERMAL_WALL_FIX_0_0,519,08_FASTENERS,DATASHEET
THERMAL_WALL_FIX_0_1,519,08_FASTENERS,DATASHEET
THERMAL_WALL_FIX_1_0,519,08_FASTENERS,DATASHEET
THERMAL_WALL_FIX_1_1,519,08_FASTENERS,DATASHEET
CUSTOM_LIDAR_RISER_0,559,01_FRAME,CUSTOM
CUSTOM_LIDAR_RISER_1,559,01_FRAME,CUSTOM
CUSTOM_LIDAR_RISER_2,559,01_FRAME,CUSTOM
CUSTOM_LIDAR_RISER_3,559,01_FRAME,CUSTOM
